ISO-10303-21;
HEADER;
FILE_DESCRIPTION (( 'STEP AP214' ),
    '1' );
FILE_NAME ('32-Lead (5mm × 5mm) Plastic QFN_qfn_32_05-08-1693.pdf.STEP',
    '2023-12-07T05:16:35',
    ( '' ),
    ( '' ),
    'SwSTEP 2.0',
    'SolidWorks 2021',
    '' );
FILE_SCHEMA (( 'AUTOMOTIVE_DESIGN' ));
ENDSEC;

DATA;
#1 = ADVANCED_FACE ( 'NONE', ( #1485 ), #1543, .T. ) ;
#2 = CARTESIAN_POINT ( 'NONE',  ( 2.500000000000000000, 0.8000000000000003775, 2.499999999999999556 ) ) ;
#3 = CIRCLE ( 'NONE', #2499, 0.1250000000000001110 ) ;
#4 = DIRECTION ( 'NONE',  ( 1.000000000000000000, -0.000000000000000000, -7.885106708985485090E-16 ) ) ;
#5 = ORIENTED_EDGE ( 'NONE', *, *, #9601, .F. ) ;
#6 = DIRECTION ( 'NONE',  ( 0.000000000000000000, 0.000000000000000000, -1.000000000000000000 ) ) ;
#7 = DIRECTION ( 'NONE',  ( -0.000000000000000000, -1.000000000000000000, -0.000000000000000000 ) ) ;
#8 = EDGE_CURVE ( 'NONE', #2057, #6598, #5839, .T. ) ;
#9 = ORIENTED_EDGE ( 'NONE', *, *, #2223, .F. ) ;
#10 = DIRECTION ( 'NONE',  ( 0.000000000000000000, -0.000000000000000000, 1.000000000000000000 ) ) ;
#11 = VECTOR ( 'NONE', #3163, 1000.000000000000000 ) ;
#12 = DIRECTION ( 'NONE',  ( 0.000000000000000000, 0.000000000000000000, -1.000000000000000000 ) ) ;
#13 = ORIENTED_EDGE ( 'NONE', *, *, #4388, .F. ) ;
#14 = AXIS2_PLACEMENT_3D ( 'NONE', #6589, #1337, #2407 ) ;
#15 = LINE ( 'NONE', #2640, #7975 ) ;
#16 = VECTOR ( 'NONE', #2180, 1000.000000000000000 ) ;
#17 = ORIENTED_EDGE ( 'NONE', *, *, #9940, .F. ) ;
#18 = FILL_AREA_STYLE_COLOUR ( '', #8368 ) ;
#19 = DIRECTION ( 'NONE',  ( 0.000000000000000000, 0.000000000000000000, 1.000000000000000000 ) ) ;
#20 = CARTESIAN_POINT ( 'NONE',  ( 2.500000000000000444, 0.1999999999999999833, 1.625000000000001110 ) ) ;
#21 = ORIENTED_EDGE ( 'NONE', *, *, #7514, .T. ) ;
#22 = VERTEX_POINT ( 'NONE', #6739 ) ;
#23 = CIRCLE ( 'NONE', #5605, 0.1250000000000001110 ) ;
#24 = DIRECTION ( 'NONE',  ( 0.000000000000000000, -1.000000000000000000, 0.000000000000000000 ) ) ;
#25 = VECTOR ( 'NONE', #1085, 1000.000000000000000 ) ;
#26 = DIRECTION ( 'NONE',  ( 0.000000000000000000, 0.000000000000000000, 1.000000000000000000 ) ) ;
#27 = EDGE_CURVE ( 'NONE', #10032, #5302, #10221, .T. ) ;
#28 = EDGE_LOOP ( 'NONE', ( #10934, #8655, #10729, #10182 ) ) ;
#29 = VERTEX_POINT ( 'NONE', #7659 ) ;
#30 = DIRECTION ( 'NONE',  ( 1.000000000000000000, 0.000000000000000000, -7.885106708985485090E-16 ) ) ;
#31 = DIRECTION ( 'NONE',  ( -0.000000000000000000, -0.000000000000000000, 1.000000000000000000 ) ) ;
#32 = VECTOR ( 'NONE', #8389, 1000.000000000000000 ) ;
#33 = PLANE ( 'NONE',  #3568 ) ;
#34 = VERTEX_POINT ( 'NONE', #4083 ) ;
#35 = PLANE ( 'NONE',  #3881 ) ;
#36 = AXIS2_PLACEMENT_3D ( 'NONE', #6591, #4904, #3314 ) ;
#37 = FACE_OUTER_BOUND ( 'NONE', #4725, .T. ) ;
#38 = CARTESIAN_POINT ( 'NONE',  ( 0.1250000000000001110, 0.2000000000000000111, 2.500000000000000444 ) ) ;
#39 = DIRECTION ( 'NONE',  ( 0.000000000000000000, 0.000000000000000000, 1.000000000000000000 ) ) ;
#40 = CIRCLE ( 'NONE', #6330, 0.1250000000000001110 ) ;
#41 = PLANE ( 'NONE',  #3424 ) ;
#42 = DIRECTION ( 'NONE',  ( 0.000000000000000000, 0.000000000000000000, -1.000000000000000000 ) ) ;
#43 = DIRECTION ( 'NONE',  ( 0.000000000000000000, -0.000000000000000000, 1.000000000000000000 ) ) ;
#44 = LINE ( 'NONE', #8559, #2769 ) ;
#45 = AXIS2_PLACEMENT_3D ( 'NONE', #2004, #1209, #5459 ) ;
#46 = VERTEX_POINT ( 'NONE', #11022 ) ;
#47 = SURFACE_SIDE_STYLE ('',( #9340 ) ) ;
#48 = EDGE_CURVE ( 'NONE', #8752, #8889, #2549, .T. ) ;
#49 = ADVANCED_FACE ( 'NONE', ( #3294 ), #764, .F. ) ;
#50 = CARTESIAN_POINT ( 'NONE',  ( -1.875000000000000000, 0.2000000000000000111, -2.500000000000000444 ) ) ;
#51 = VECTOR ( 'NONE', #4036, 1000.000000000000000 ) ;
#52 = DIRECTION ( 'NONE',  ( -0.000000000000000000, -1.000000000000000000, -0.000000000000000000 ) ) ;
#53 = ADVANCED_FACE ( 'NONE', ( #5943 ), #824, .T. ) ;
#54 = CARTESIAN_POINT ( 'NONE',  ( -0.1250000000000001110, 0.000000000000000000, 2.500000000000000444 ) ) ;
#55 = ORIENTED_EDGE ( 'NONE', *, *, #1106, .T. ) ;
#56 = FACE_OUTER_BOUND ( 'NONE', #8194, .T. ) ;
#57 = AXIS2_PLACEMENT_3D ( 'NONE', #4496, #8108, #1160 ) ;
#58 = ADVANCED_FACE ( 'NONE', ( #3455 ), #35, .T. ) ;
#59 = CARTESIAN_POINT ( 'NONE',  ( -2.225000000000000977, 0.6716990566028304688, 0.3750000000000005551 ) ) ;
#60 = ORIENTED_EDGE ( 'NONE', *, *, #9261, .T. ) ;
#61 = VERTEX_POINT ( 'NONE', #5268 ) ;
#62 = DIRECTION ( 'NONE',  ( 0.000000000000000000, -1.000000000000000000, 0.000000000000000000 ) ) ;
#63 = EDGE_CURVE ( 'NONE', #2036, #4186, #2609, .T. ) ;
#64 = DIRECTION ( 'NONE',  ( -0.000000000000000000, -1.000000000000000000, -0.000000000000000000 ) ) ;
#65 = DIRECTION ( 'NONE',  ( 0.000000000000000000, 0.000000000000000000, -1.000000000000000000 ) ) ;
#66 = EDGE_CURVE ( 'NONE', #10171, #7280, #10499, .T. ) ;
#67 = VECTOR ( 'NONE', #11035, 1000.000000000000000 ) ;
#68 = LINE ( 'NONE', #4405, #1278 ) ;
#69 = ORIENTED_EDGE ( 'NONE', *, *, #1141, .T. ) ;
#70 =( NAMED_UNIT ( * ) PLANE_ANGLE_UNIT ( ) SI_UNIT ( $, .RADIAN. ) );
#71 = ORIENTED_EDGE ( 'NONE', *, *, #9219, .F. ) ;
#72 = DIRECTION ( 'NONE',  ( -0.000000000000000000, -0.000000000000000000, 1.000000000000000000 ) ) ;
#73 = DIRECTION ( 'NONE',  ( 1.000000000000000000, -0.000000000000000000, 7.885106708985485090E-16 ) ) ;
#74 = EDGE_CURVE ( 'NONE', #7120, #4782, #5339, .T. ) ;
#75 = CARTESIAN_POINT ( 'NONE',  ( -2.225000000000000977, 0.1999999999999999833, 1.625000000000000666 ) ) ;
#76 = ORIENTED_EDGE ( 'NONE', *, *, #7011, .T. ) ;
#77 = EDGE_LOOP ( 'NONE', ( #1865, #426, #1228, #9987, #816, #7739, #8450, #3802 ) ) ;
#78 = AXIS2_PLACEMENT_3D ( 'NONE', #3783, #2034, #3614 ) ;
#79 = SURFACE_STYLE_FILL_AREA ( #9533 ) ;
#80 = DIRECTION ( 'NONE',  ( -7.885106708985485090E-16, 0.000000000000000000, -1.000000000000000000 ) ) ;
#81 = EDGE_LOOP ( 'NONE', ( #4646, #6099, #9655, #146 ) ) ;
#82 = ORIENTED_EDGE ( 'NONE', *, *, #796, .T. ) ;
#83 = DIRECTION ( 'NONE',  ( -3.154042683594199163E-15, 0.000000000000000000, 1.000000000000000000 ) ) ;
#84 = CARTESIAN_POINT ( 'NONE',  ( 2.500000000000000888, 0.6716990566028304688, -0.6249999999999992228 ) ) ;
#85 = DIRECTION ( 'NONE',  ( -0.000000000000000000, -0.000000000000000000, 1.000000000000000000 ) ) ;
#86 = ORIENTED_EDGE ( 'NONE', *, *, #6775, .F. ) ;
#87 = CARTESIAN_POINT ( 'NONE',  ( 1.674999999999999822, 0.04999999999999969746, 1.675000000000000933 ) ) ;
#88 = DIRECTION ( 'NONE',  ( 0.000000000000000000, 0.000000000000000000, 1.000000000000000000 ) ) ;
#89 = ADVANCED_FACE ( 'NONE', ( #6902 ), #5214, .F. ) ;
#90 = CARTESIAN_POINT ( 'NONE',  ( 1.875000000000000000, 0.6716990566028303578, 2.225000000000000533 ) ) ;
#91 = AXIS2_PLACEMENT_3D ( 'NONE', #881, #7775, #665 ) ;
#92 = FACE_OUTER_BOUND ( 'NONE', #4661, .T. ) ;
#93 =( LENGTH_UNIT ( ) NAMED_UNIT ( * ) SI_UNIT ( .MILLI., .METRE. ) );
#94 = DIRECTION ( 'NONE',  ( 0.000000000000000000, 0.000000000000000000, 1.000000000000000000 ) ) ;
#95 = EDGE_CURVE ( 'NONE', #10436, #10940, #8656, .T. ) ;
#96 = VERTEX_POINT ( 'NONE', #10341 ) ;
#97 = AXIS2_PLACEMENT_3D ( 'NONE', #9107, #4692, #1240 ) ;
#98 = EDGE_CURVE ( 'NONE', #10115, #562, #10553, .T. ) ;
#99 = DIRECTION ( 'NONE',  ( 0.000000000000000000, 1.000000000000000000, -0.000000000000000000 ) ) ;
#100 = PLANE ( 'NONE',  #1150 ) ;
#101 = EDGE_CURVE ( 'NONE', #3785, #34, #8767, .T. ) ;
#102 = ORIENTED_EDGE ( 'NONE', *, *, #9034, .T. ) ;
#103 = SURFACE_STYLE_FILL_AREA ( #4330 ) ;
#104 = CARTESIAN_POINT ( 'NONE',  ( 2.500000000000000444, 0.1999999999999999833, -0.3749999999999990563 ) ) ;
#105 = FILL_AREA_STYLE ('',( #4334 ) ) ;
#106 = DIRECTION ( 'NONE',  ( 0.000000000000000000, -1.000000000000000000, 0.000000000000000000 ) ) ;
#107 = DIRECTION ( 'NONE',  ( -0.000000000000000000, -1.000000000000000000, -0.000000000000000000 ) ) ;
#108 = ORIENTED_EDGE ( 'NONE', *, *, #1640, .T. ) ;
#109 = CLOSED_SHELL ( 'NONE', ( #11158, #2985, #7228, #9120, #8289, #10673 ) ) ;
#110 = FACE_OUTER_BOUND ( 'NONE', #1023, .T. ) ;
#111 = DIRECTION ( 'NONE',  ( -1.000000000000000000, 0.000000000000000000, 7.885106708985485090E-16 ) ) ;
#112 = ORIENTED_EDGE ( 'NONE', *, *, #10905, .T. ) ;
#113 = FACE_OUTER_BOUND ( 'NONE', #4413, .T. ) ;
#114 = LINE ( 'NONE', #3593, #1236 ) ;
#115 = CARTESIAN_POINT ( 'NONE',  ( 1.125000000000000222, 0.6716990566028303578, -2.500000000000000444 ) ) ;
#116 = CARTESIAN_POINT ( 'NONE',  ( -0.8749999999999998890, 0.6716990566028303578, 2.500000000000000444 ) ) ;
#117 = ORIENTED_EDGE ( 'NONE', *, *, #2224, .F. ) ;
#118 =( NAMED_UNIT ( * ) PLANE_ANGLE_UNIT ( ) SI_UNIT ( $, .RADIAN. ) );
#119 = VERTEX_POINT ( 'NONE', #6225 ) ;
#120 =( NAMED_UNIT ( * ) PLANE_ANGLE_UNIT ( ) SI_UNIT ( $, .RADIAN. ) );
#121 = EDGE_CURVE ( 'NONE', #2968, #9200, #3676, .T. ) ;
#122 = LINE ( 'NONE', #171, #7653 ) ;
#123 = DIRECTION ( 'NONE',  ( -0.000000000000000000, -1.000000000000000000, -0.000000000000000000 ) ) ;
#124 = EDGE_CURVE ( 'NONE', #2891, #5813, #5698, .T. ) ;
#125 = VERTEX_POINT ( 'NONE', #134 ) ;
#126 = VERTEX_POINT ( 'NONE', #3513 ) ;
#127 = LINE ( 'NONE', #859, #4936 ) ;
#128 = DIRECTION ( 'NONE',  ( 0.000000000000000000, 0.000000000000000000, -1.000000000000000000 ) ) ;
#129 = ORIENTED_EDGE ( 'NONE', *, *, #5077, .F. ) ;
#130 = VERTEX_POINT ( 'NONE', #8817 ) ;
#131 = CARTESIAN_POINT ( 'NONE',  ( -1.875000000000000000, 0.1999999999999999833, 2.225000000000000533 ) ) ;
#132 = CARTESIAN_POINT ( 'NONE',  ( -1.375000000000000000, 0.04999999999999969746, 2.500000000000000444 ) ) ;
#133 = ORIENTED_EDGE ( 'NONE', *, *, #3117, .T. ) ;
#134 = CARTESIAN_POINT ( 'NONE',  ( 2.225000000000000977, 0.05000000000000002359, 1.375000000000000666 ) ) ;
#135 = CARTESIAN_POINT ( 'NONE',  ( 2.500000000000000888, 0.1999999999999999833, 0.8750000000000007772 ) ) ;
#136 = PLANE ( 'NONE',  #2660 ) ;
#137 = DIRECTION ( 'NONE',  ( 1.000000000000000000, 0.000000000000000000, -7.885106708985485090E-16 ) ) ;
#138 = EDGE_CURVE ( 'NONE', #1182, #2810, #8578, .T. ) ;
#139 = FILL_AREA_STYLE ('',( #5332 ) ) ;
#140 = DIRECTION ( 'NONE',  ( 0.000000000000000000, -1.000000000000000000, 0.000000000000000000 ) ) ;
#141 = ORIENTED_EDGE ( 'NONE', *, *, #150, .T. ) ;
#142 = VERTEX_POINT ( 'NONE', #9542 ) ;
#143 = DIRECTION ( 'NONE',  ( 1.000000000000000000, 0.000000000000000000, 0.000000000000000000 ) ) ;
#144 = DIRECTION ( 'NONE',  ( 0.000000000000000000, 0.000000000000000000, -1.000000000000000000 ) ) ;
#145 = CARTESIAN_POINT ( 'NONE',  ( -2.500000000000000888, 0.1999999999999999833, -1.624999999999999334 ) ) ;
#146 = ORIENTED_EDGE ( 'NONE', *, *, #1628, .T. ) ;
#147 = ORIENTED_EDGE ( 'NONE', *, *, #3291, .F. ) ;
#148 = DIRECTION ( 'NONE',  ( 0.000000000000000000, -1.000000000000000000, 0.000000000000000000 ) ) ;
#149 = PLANE ( 'NONE',  #2154 ) ;
#150 = EDGE_CURVE ( 'NONE', #7280, #61, #2621, .T. ) ;
#151 = CARTESIAN_POINT ( 'NONE',  ( -1.725000000000000533, 5.079036790187180017, 1.675000000000000711 ) ) ;
#152 = DIRECTION ( 'NONE',  ( -0.000000000000000000, -1.000000000000000000, -0.000000000000000000 ) ) ;
#153 = CARTESIAN_POINT ( 'NONE',  ( -2.500000000000000444, 0.6716990566028304688, 1.125000000000000888 ) ) ;
#154 = ORIENTED_EDGE ( 'NONE', *, *, #9763, .T. ) ;
#155 = CIRCLE ( 'NONE', #7177, 0.1250000000000001110 ) ;
#156 = CARTESIAN_POINT ( 'NONE',  ( -2.500000000000000888, 0.6716990566028304688, -1.624999999999999334 ) ) ;
#157 = VECTOR ( 'NONE', #10502, 1000.000000000000000 ) ;
#158 = LINE ( 'NONE', #6028, #2623 ) ;
#159 = VERTEX_POINT ( 'NONE', #186 ) ;
#160 = FACE_OUTER_BOUND ( 'NONE', #5502, .T. ) ;
#161 = EDGE_LOOP ( 'NONE', ( #4703, #3094, #1727, #6673 ) ) ;
#162 = FACE_OUTER_BOUND ( 'NONE', #4911, .T. ) ;
#163 = VECTOR ( 'NONE', #2784, 1000.000000000000000 ) ;
#164 = CARTESIAN_POINT ( 'NONE',  ( 0.8749999999999998890, 0.000000000000000000, 2.500000000000000444 ) ) ;
#165 = DIRECTION ( 'NONE',  ( -0.000000000000000000, -1.000000000000000000, 0.000000000000000000 ) ) ;
#166 = VERTEX_POINT ( 'NONE', #10440 ) ;
#167 = DIRECTION ( 'NONE',  ( 0.000000000000000000, 0.000000000000000000, -1.000000000000000000 ) ) ;
#168 = ORIENTED_EDGE ( 'NONE', *, *, #2791, .T. ) ;
#169 = CARTESIAN_POINT ( 'NONE',  ( -1.725000000000000311, 0.2000000000000000111, -1.375000000000000222 ) ) ;
#170 = VECTOR ( 'NONE', #8632, 1000.000000000000000 ) ;
#171 = CARTESIAN_POINT ( 'NONE',  ( -0.1250000000000001110, 0.2000000000000000111, -2.225000000000000533 ) ) ;
#172 = CARTESIAN_POINT ( 'NONE',  ( -2.225000000000000977, 0.6716990566028304688, -0.1249999999999994588 ) ) ;
#173 = EDGE_LOOP ( 'NONE', ( #2457, #5518, #1188, #71 ) ) ;
#174 = ORIENTED_EDGE ( 'NONE', *, *, #8331, .F. ) ;
#175 =( LENGTH_UNIT ( ) NAMED_UNIT ( * ) SI_UNIT ( .MILLI., .METRE. ) );
#176 = CARTESIAN_POINT ( 'NONE',  ( -2.225000000000000977, 0.6716990566028304688, 1.875000000000000666 ) ) ;
#177 = VECTOR ( 'NONE', #8162, 1000.000000000000000 ) ;
#178 = ORIENTED_EDGE ( 'NONE', *, *, #196, .F. ) ;
#179 = VECTOR ( 'NONE', #5697, 1000.000000000000000 ) ;
#180 = ORIENTED_EDGE ( 'NONE', *, *, #2045, .T. ) ;
#181 = EDGE_CURVE ( 'NONE', #3963, #7115, #8604, .T. ) ;
#182 = DIRECTION ( 'NONE',  ( -1.000000000000000000, 0.000000000000000000, 8.673617379884035472E-17 ) ) ;
#183 = MANIFOLD_SOLID_BREP ( 'LPattern4[5]', #827 ) ;
#184 = DIRECTION ( 'NONE',  ( 0.000000000000000000, 0.000000000000000000, -1.000000000000000000 ) ) ;
#185 = ORIENTED_EDGE ( 'NONE', *, *, #5219, .F. ) ;
#186 = CARTESIAN_POINT ( 'NONE',  ( -0.8749999999999998890, 0.000000000000000000, 2.500000000000000444 ) ) ;
#187 = DIRECTION ( 'NONE',  ( 0.000000000000000000, -1.000000000000000000, 0.000000000000000000 ) ) ;
#188 = AXIS2_PLACEMENT_3D ( 'NONE', #9311, #10833, #4861 ) ;
#189 = VECTOR ( 'NONE', #3461, 1000.000000000000000 ) ;
#190 = LINE ( 'NONE', #5436, #157 ) ;
#191 = CIRCLE ( 'NONE', #5599, 0.1250000000000001110 ) ;
#192 = DIRECTION ( 'NONE',  ( 0.000000000000000000, 1.000000000000000000, -0.000000000000000000 ) ) ;
#193 = COLOUR_RGB ( '',0.7921568627450980005, 0.8196078431372548767, 0.9333333333333333481 ) ;
#194 = VECTOR ( 'NONE', #10588, 1000.000000000000000 ) ;
#195 = SURFACE_STYLE_FILL_AREA ( #139 ) ;
#196 = EDGE_CURVE ( 'NONE', #10493, #1804, #4474, .T. ) ;
#197 = DIRECTION ( 'NONE',  ( 0.000000000000000000, 0.000000000000000000, -1.000000000000000000 ) ) ;
#198 = ORIENTED_EDGE ( 'NONE', *, *, #6260, .T. ) ;
#199 = ORIENTED_EDGE ( 'NONE', *, *, #11074, .F. ) ;
#200 = LINE ( 'NONE', #8778, #6183 ) ;
#201 = FACE_OUTER_BOUND ( 'NONE', #1799, .T. ) ;
#202 = MANIFOLD_SOLID_BREP ( 'LPattern3[13]', #1718 ) ;
#203 = ORIENTED_EDGE ( 'NONE', *, *, #9341, .T. ) ;
#204 = MECHANICAL_DESIGN_GEOMETRIC_PRESENTATION_REPRESENTATION (  '', ( #1996 ), #9922 ) ;
#205 = ADVANCED_FACE ( 'NONE', ( #3731 ), #1189, .T. ) ;
#206 = AXIS2_PLACEMENT_3D ( 'NONE', #4550, #7995, #10689 ) ;
#207 = VERTEX_POINT ( 'NONE', #2037 ) ;
#208 = DIRECTION ( 'NONE',  ( 1.000000000000000000, -0.000000000000000000, -0.000000000000000000 ) ) ;
#209 = CARTESIAN_POINT ( 'NONE',  ( 2.500000000000000000, 0.05000000000000000278, 2.499999999999999556 ) ) ;
#210 = LINE ( 'NONE', #7197, #10817 ) ;
#211 = DIRECTION ( 'NONE',  ( 1.000000000000000000, -0.000000000000000000, 7.885106708985485090E-16 ) ) ;
#212 = PLANE ( 'NONE',  #10845 ) ;
#213 = VERTEX_POINT ( 'NONE', #3953 ) ;
#214 = DIRECTION ( 'NONE',  ( 0.000000000000000000, -1.000000000000000000, 0.000000000000000000 ) ) ;
#215 = CYLINDRICAL_SURFACE ( 'NONE', #7130, 0.1250000000000002220 ) ;
#216 = ADVANCED_FACE ( 'NONE', ( #4635 ), #353, .F. ) ;
#217 = CARTESIAN_POINT ( 'NONE',  ( -2.500000000000000444, 0.6716990566028304688, 1.125000000000000888 ) ) ;
#218 = ORIENTED_EDGE ( 'NONE', *, *, #74, .F. ) ;
#219 = VECTOR ( 'NONE', #7388, 1000.000000000000000 ) ;
#220 = DIRECTION ( 'NONE',  ( 1.000000000000000000, 0.000000000000000000, -7.885106708985485090E-16 ) ) ;
#221 = DIRECTION ( 'NONE',  ( 0.000000000000000000, 0.000000000000000000, -1.000000000000000000 ) ) ;
#222 = LINE ( 'NONE', #6429, #4170 ) ;
#223 = ORIENTED_EDGE ( 'NONE', *, *, #7787, .F. ) ;
#224 = VECTOR ( 'NONE', #7620, 1000.000000000000000 ) ;
#225 = MECHANICAL_DESIGN_GEOMETRIC_PRESENTATION_REPRESENTATION (  '', ( #9946 ), #5996 ) ;
#226 = FILL_AREA_STYLE_COLOUR ( '', #10668 ) ;
#227 = VECTOR ( 'NONE', #4208, 1000.000000000000000 ) ;
#228 = EDGE_CURVE ( 'NONE', #9200, #1697, #3112, .T. ) ;
#229 = ADVANCED_FACE ( 'NONE', ( #9043 ), #6395, .F. ) ;
#230 = CARTESIAN_POINT ( 'NONE',  ( -2.225000000000000977, 0.05000000000000002359, -0.6249999999999994449 ) ) ;
#231 = EDGE_CURVE ( 'NONE', #9815, #5050, #8141, .T. ) ;
#232 = CARTESIAN_POINT ( 'NONE',  ( -0.8749999999999998890, 0.2000000000000000111, 2.500000000000000444 ) ) ;
#233 = ORIENTED_EDGE ( 'NONE', *, *, #5635, .F. ) ;
#234 = DIRECTION ( 'NONE',  ( 0.000000000000000000, -1.000000000000000000, 0.000000000000000000 ) ) ;
#235 = PRESENTATION_LAYER_ASSIGNMENT (  '', '', ( #7071 ) ) ;
#236 = CARTESIAN_POINT ( 'NONE',  ( -0.3749999999999996669, 0.04999999999999999584, -2.225000000000000533 ) ) ;
#237 = VECTOR ( 'NONE', #583, 1000.000000000000000 ) ;
#238 = EDGE_LOOP ( 'NONE', ( #1593, #3956, #9024, #3911 ) ) ;
#239 = VERTEX_POINT ( 'NONE', #5603 ) ;
#240 = DIRECTION ( 'NONE',  ( -0.000000000000000000, -0.000000000000000000, 1.000000000000000000 ) ) ;
#241 = MANIFOLD_SOLID_BREP ( 'Boss-Extrude2[2]', #10362 ) ;
#242 = FACE_OUTER_BOUND ( 'NONE', #2023, .T. ) ;
#243 = VERTEX_POINT ( 'NONE', #7470 ) ;
#244 = CARTESIAN_POINT ( 'NONE',  ( 1.875000000000000000, 0.2000000000000000111, 2.225000000000000533 ) ) ;
#245 = EDGE_CURVE ( 'NONE', #9378, #1571, #4758, .T. ) ;
#246 = DIRECTION ( 'NONE',  ( 0.000000000000000000, 1.000000000000000000, -0.000000000000000000 ) ) ;
#247 = VECTOR ( 'NONE', #4027, 1000.000000000000000 ) ;
#248 = ADVANCED_FACE ( 'NONE', ( #8476 ), #5722, .F. ) ;
#249 = LINE ( 'NONE', #3678, #4114 ) ;
#250 = LINE ( 'NONE', #5438, #1793 ) ;
#251 = ADVANCED_FACE ( 'NONE', ( #3170 ), #2374, .F. ) ;
#252 = CIRCLE ( 'NONE', #4030, 0.1250000000000001110 ) ;
#253 = CARTESIAN_POINT ( 'NONE',  ( -1.874999999999999778, 0.000000000000000000, -2.225000000000000533 ) ) ;
#254 = PLANE ( 'NONE',  #2183 ) ;
#255 = LINE ( 'NONE', #6405, #9874 ) ;
#256 = ORIENTED_EDGE ( 'NONE', *, *, #7807, .F. ) ;
#257 = ORIENTED_EDGE ( 'NONE', *, *, #4521, .T. ) ;
#258 = LINE ( 'NONE', #3688, #5658 ) ;
#259 = DIRECTION ( 'NONE',  ( -0.000000000000000000, -1.000000000000000000, -0.000000000000000000 ) ) ;
#260 = AXIS2_PLACEMENT_3D ( 'NONE', #3850, #5772, #1191 ) ;
#261 = VECTOR ( 'NONE', #7603, 1000.000000000000000 ) ;
#262 = EDGE_LOOP ( 'NONE', ( #7511, #341, #1932, #5389 ) ) ;
#263 = ORIENTED_EDGE ( 'NONE', *, *, #916, .F. ) ;
#264 = ADVANCED_FACE ( 'NONE', ( #7519 ), #7696, .F. ) ;
#265 = EDGE_CURVE ( 'NONE', #10037, #5962, #10899, .T. ) ;
#266 = LINE ( 'NONE', #6411, #163 ) ;
#267 = DIRECTION ( 'NONE',  ( 0.000000000000000000, 0.000000000000000000, -1.000000000000000000 ) ) ;
#268 = AXIS2_PLACEMENT_3D ( 'NONE', #6797, #4317, #1489 ) ;
#269 = CARTESIAN_POINT ( 'NONE',  ( -2.225000000000000977, 0.1999999999999999833, 0.3750000000000005551 ) ) ;
#270 = CARTESIAN_POINT ( 'NONE',  ( 0.6250000000000003331, 0.04999999999999999584, -2.225000000000000533 ) ) ;
#271 = LINE ( 'NONE', #153, #7433 ) ;
#272 = ORIENTED_EDGE ( 'NONE', *, *, #7462, .F. ) ;
#273 = LINE ( 'NONE', #7149, #6895 ) ;
#274 = DIRECTION ( 'NONE',  ( -0.000000000000000000, -1.000000000000000000, -0.000000000000000000 ) ) ;
#275 = DIRECTION ( 'NONE',  ( 0.000000000000000000, 0.000000000000000000, -1.000000000000000000 ) ) ;
#276 = VERTEX_POINT ( 'NONE', #6722 ) ;
#277 = CARTESIAN_POINT ( 'NONE',  ( -1.625000000000000222, 0.000000000000000000, 2.500000000000000444 ) ) ;
#278 = CARTESIAN_POINT ( 'NONE',  ( 0.8749999999999998890, 0.1999999999999999833, -2.500000000000000444 ) ) ;
#279 = MANIFOLD_SOLID_BREP ( 'LPattern4[10]', #1540 ) ;
#280 = CLOSED_SHELL ( 'NONE', ( #5644, #10284, #749, #7712 ) ) ;
#281 = FACE_OUTER_BOUND ( 'NONE', #3377, .T. ) ;
#282 = DIRECTION ( 'NONE',  ( -0.000000000000000000, -1.000000000000000000, -0.000000000000000000 ) ) ;
#283 = AXIS2_PLACEMENT_3D ( 'NONE', #4054, #10993, #4282 ) ;
#284 = DIRECTION ( 'NONE',  ( 0.000000000000000000, -1.000000000000000000, 0.000000000000000000 ) ) ;
#285 = EDGE_CURVE ( 'NONE', #7930, #1159, #4068, .T. ) ;
#286 = ORIENTED_EDGE ( 'NONE', *, *, #8820, .T. ) ;
#287 = SURFACE_STYLE_USAGE ( .BOTH. , #5475 ) ;
#288 = CARTESIAN_POINT ( 'NONE',  ( 0.1250000000000001110, 0.2000000000000000111, 2.500000000000000444 ) ) ;
#289 = EDGE_LOOP ( 'NONE', ( #2834, #6914, #9383, #2360 ) ) ;
#290 = AXIS2_PLACEMENT_3D ( 'NONE', #1413, #9316, #4867 ) ;
#291 = CYLINDRICAL_SURFACE ( 'NONE', #2421, 0.1250000000000002220 ) ;
#292 = ORIENTED_EDGE ( 'NONE', *, *, #10269, .F. ) ;
#293 = ORIENTED_EDGE ( 'NONE', *, *, #2723, .F. ) ;
#294 = FACE_OUTER_BOUND ( 'NONE', #835, .T. ) ;
#295 = FACE_OUTER_BOUND ( 'NONE', #9295, .T. ) ;
#296 = EDGE_CURVE ( 'NONE', #6488, #7811, #3278, .T. ) ;
#297 = EDGE_LOOP ( 'NONE', ( #2522, #4062, #1625, #5139 ) ) ;
#298 = ORIENTED_EDGE ( 'NONE', *, *, #2944, .F. ) ;
#299 = UNCERTAINTY_MEASURE_WITH_UNIT (LENGTH_MEASURE( 1.000000000000000082E-05 ), #6933, 'distance_accuracy_value', 'NONE');
#300 = EDGE_CURVE ( 'NONE', #4834, #8624, #2984, .T. ) ;
#301 = CARTESIAN_POINT ( 'NONE',  ( 2.500000000000000444, 0.000000000000000000, -1.874999999999999112 ) ) ;
#302 = MANIFOLD_SOLID_BREP ( 'LPattern4[6]', #9822 ) ;
#303 = CARTESIAN_POINT ( 'NONE',  ( -1.375000000000000000, 0.2000000000000000111, 2.500000000000000444 ) ) ;
#304 = ORIENTED_EDGE ( 'NONE', *, *, #2045, .F. ) ;
#305 =( NAMED_UNIT ( * ) SI_UNIT ( $, .STERADIAN. ) SOLID_ANGLE_UNIT ( ) );
#306 = LINE ( 'NONE', #6226, #8207 ) ;
#307 = FACE_OUTER_BOUND ( 'NONE', #297, .T. ) ;
#308 = ORIENTED_EDGE ( 'NONE', *, *, #9138, .T. ) ;
#309 = CARTESIAN_POINT ( 'NONE',  ( -0.8749999999999998890, 0.2000000000000000111, 2.500000000000000444 ) ) ;
#310 = EDGE_CURVE ( 'NONE', #4615, #346, #9995, .T. ) ;
#311 = CARTESIAN_POINT ( 'NONE',  ( -0.6250000000000001110, 0.6716990566028303578, 2.500000000000000444 ) ) ;
#312 = PRESENTATION_STYLE_ASSIGNMENT (( #1029 ) ) ;
#313 = CARTESIAN_POINT ( 'NONE',  ( -2.225000000000000977, 0.6716990566028304688, 0.8750000000000005551 ) ) ;
#314 = VERTEX_POINT ( 'NONE', #4356 ) ;
#315 = ORIENTED_EDGE ( 'NONE', *, *, #7259, .T. ) ;
#316 = DIRECTION ( 'NONE',  ( 1.000000000000000000, 0.000000000000000000, 7.885106708985485090E-16 ) ) ;
#317 = CARTESIAN_POINT ( 'NONE',  ( 2.500000000000000888, 0.6716990566028304688, -1.624999999999999334 ) ) ;
#318 = VERTEX_POINT ( 'NONE', #169 ) ;
#319 = CYLINDRICAL_SURFACE ( 'NONE', #10969, 0.1250000000000001110 ) ;
#320 = EDGE_CURVE ( 'NONE', #334, #9884, #3602, .T. ) ;
#321 = CARTESIAN_POINT ( 'NONE',  ( 0.2500000000000002220, 0.2000000000000000111, -2.225000000000000533 ) ) ;
#322 = LINE ( 'NONE', #9728, #9912 ) ;
#323 = PLANE ( 'NONE',  #9739 ) ;
#324 = AXIS2_PLACEMENT_3D ( 'NONE', #1125, #8072, #8020 ) ;
#325 = ADVANCED_FACE ( 'NONE', ( #1747 ), #5149, .T. ) ;
#326 = CARTESIAN_POINT ( 'NONE',  ( -1.625000000000000222, 0.2000000000000000111, -2.500000000000000444 ) ) ;
#327 = EDGE_LOOP ( 'NONE', ( #7416, #6828, #808, #8227, #3263 ) ) ;
#328 = EDGE_CURVE ( 'NONE', #2588, #6181, #6941, .T. ) ;
#329 = DIRECTION ( 'NONE',  ( 0.000000000000000000, -1.000000000000000000, 0.000000000000000000 ) ) ;
#330 = EDGE_CURVE ( 'NONE', #8512, #6667, #7800, .T. ) ;
#331 = DIRECTION ( 'NONE',  ( 0.000000000000000000, 0.000000000000000000, -1.000000000000000000 ) ) ;
#332 = VERTEX_POINT ( 'NONE', #3497 ) ;
#333 = DIRECTION ( 'NONE',  ( 0.000000000000000000, -0.000000000000000000, 1.000000000000000000 ) ) ;
#334 = VERTEX_POINT ( 'NONE', #8588 ) ;
#335 = DIRECTION ( 'NONE',  ( 0.000000000000000000, -1.000000000000000000, 0.000000000000000000 ) ) ;
#336 = CIRCLE ( 'NONE', #3396, 0.1250000000000001110 ) ;
#337 = DIRECTION ( 'NONE',  ( 0.000000000000000000, 0.000000000000000000, 1.000000000000000000 ) ) ;
#338 = DIRECTION ( 'NONE',  ( 3.154042683594199163E-15, 0.000000000000000000, 1.000000000000000000 ) ) ;
#339 = EDGE_LOOP ( 'NONE', ( #1519, #9319, #2839, #1809 ) ) ;
#340 = PLANE ( 'NONE',  #6166 ) ;
#341 = ORIENTED_EDGE ( 'NONE', *, *, #4533, .T. ) ;
#342 = CARTESIAN_POINT ( 'NONE',  ( -1.250000000000000222, 0.2000000000000000111, 2.225000000000000533 ) ) ;
#343 = ORIENTED_EDGE ( 'NONE', *, *, #657, .F. ) ;
#344 = EDGE_CURVE ( 'NONE', #973, #6379, #252, .T. ) ;
#345 = CARTESIAN_POINT ( 'NONE',  ( -0.3749999999999996669, 0.2000000000000000111, -2.225000000000000533 ) ) ;
#346 = VERTEX_POINT ( 'NONE', #9527 ) ;
#347 = ORIENTED_EDGE ( 'NONE', *, *, #7978, .T. ) ;
#348 = AXIS2_PLACEMENT_3D ( 'NONE', #9520, #64, #3490 ) ;
#349 = CARTESIAN_POINT ( 'NONE',  ( 2.500000000000000444, 0.1999999999999999833, -1.874999999999999112 ) ) ;
#350 = MANIFOLD_SOLID_BREP ( 'LPattern4[8]', #10740 ) ;
#351 = CYLINDRICAL_SURFACE ( 'NONE', #4380, 0.1250000000000001110 ) ;
#352 = ORIENTED_EDGE ( 'NONE', *, *, #8728, .T. ) ;
#353 = PLANE ( 'NONE',  #6779 ) ;
#354 = DIRECTION ( 'NONE',  ( 0.000000000000000000, 0.000000000000000000, 1.000000000000000000 ) ) ;
#355 = CARTESIAN_POINT ( 'NONE',  ( 1.125000000000000222, 0.1999999999999999833, 2.500000000000000444 ) ) ;
#356 = PLANE ( 'NONE',  #1069 ) ;
#357 = EDGE_CURVE ( 'NONE', #6193, #4456, #3128, .T. ) ;
#358 = VECTOR ( 'NONE', #7609, 1000.000000000000000 ) ;
#359 = CARTESIAN_POINT ( 'NONE',  ( -0.3749999999999998890, 0.1999999999999999833, 2.500000000000000444 ) ) ;
#360 = AXIS2_PLACEMENT_3D ( 'NONE', #11118, #5088, #4403 ) ;
#361 = DIRECTION ( 'NONE',  ( -1.000000000000000000, 0.000000000000000000, 7.885106708985485090E-16 ) ) ;
#362 = ORIENTED_EDGE ( 'NONE', *, *, #883, .F. ) ;
#363 = ORIENTED_EDGE ( 'NONE', *, *, #9220, .F. ) ;
#364 = VECTOR ( 'NONE', #5441, 1000.000000000000000 ) ;
#365 = CYLINDRICAL_SURFACE ( 'NONE', #3839, 0.04999999999999991257 ) ;
#366 = CARTESIAN_POINT ( 'NONE',  ( 0.3749999999999998890, 0.2000000000000000111, -2.500000000000000444 ) ) ;
#367 = AXIS2_PLACEMENT_3D ( 'NONE', #10163, #5934, #10105 ) ;
#368 = ADVANCED_FACE ( 'NONE', ( #6147 ), #9588, .T. ) ;
#369 = EDGE_CURVE ( 'NONE', #1656, #9821, #8751, .T. ) ;
#370 = ORIENTED_EDGE ( 'NONE', *, *, #781, .T. ) ;
#371 = CARTESIAN_POINT ( 'NONE',  ( -1.125000000000000222, 0.1999999999999999833, 2.500000000000000444 ) ) ;
#372 = VECTOR ( 'NONE', #8009, 1000.000000000000000 ) ;
#373 = PLANE ( 'NONE',  #1971 ) ;
#374 = DIRECTION ( 'NONE',  ( 0.000000000000000000, 0.000000000000000000, -1.000000000000000000 ) ) ;
#375 = PLANE ( 'NONE',  #7597 ) ;
#376 = CARTESIAN_POINT ( 'NONE',  ( -1.750000000000000222, 0.2000000000000000111, 2.100000000000000089 ) ) ;
#377 = ORIENTED_EDGE ( 'NONE', *, *, #1606, .F. ) ;
#378 = CARTESIAN_POINT ( 'NONE',  ( 2.225000000000000977, 0.6716990566028304688, -0.7499999999999993339 ) ) ;
#379 = EDGE_LOOP ( 'NONE', ( #7109, #1682, #1850, #11160 ) ) ;
#380 = SURFACE_STYLE_USAGE ( .BOTH. , #6886 ) ;
#381 = AXIS2_PLACEMENT_3D ( 'NONE', #2229, #3463, #5954 ) ;
#382 = CIRCLE ( 'NONE', #3078, 0.1250000000000001110 ) ;
#383 = DIRECTION ( 'NONE',  ( 0.000000000000000000, 1.000000000000000000, 0.000000000000000000 ) ) ;
#384 = ORIENTED_EDGE ( 'NONE', *, *, #2085, .F. ) ;
#385 = EDGE_LOOP ( 'NONE', ( #1177, #6666, #2603, #755 ) ) ;
#386 = EDGE_CURVE ( 'NONE', #8698, #10266, #2120, .T. ) ;
#387 = CARTESIAN_POINT ( 'NONE',  ( 0.7499999999999997780, 0.1999999999999999833, 2.225000000000000533 ) ) ;
#388 = EDGE_LOOP ( 'NONE', ( #2361, #8151, #3651, #1827, #11111 ) ) ;
#389 = EDGE_CURVE ( 'NONE', #1210, #7881, #2966, .T. ) ;
#390 =( NAMED_UNIT ( * ) PLANE_ANGLE_UNIT ( ) SI_UNIT ( $, .RADIAN. ) );
#391 = EDGE_CURVE ( 'NONE', #10843, #9981, #5631, .T. ) ;
#392 = DIRECTION ( 'NONE',  ( 0.000000000000000000, 0.000000000000000000, -1.000000000000000000 ) ) ;
#393 = AXIS2_PLACEMENT_3D ( 'NONE', #9665, #3683, #8885 ) ;
#394 = FACE_OUTER_BOUND ( 'NONE', #7345, .T. ) ;
#395 = LINE ( 'NONE', #5642, #9915 ) ;
#396 = DIRECTION ( 'NONE',  ( -0.000000000000000000, -1.000000000000000000, -0.000000000000000000 ) ) ;
#397 = ORIENTED_EDGE ( 'NONE', *, *, #8331, .T. ) ;
#398 = DIRECTION ( 'NONE',  ( -0.7071067811865469066, 0.000000000000000000, 0.7071067811865482389 ) ) ;
#399 = AXIS2_PLACEMENT_3D ( 'NONE', #561, #511, #10136 ) ;
#400 = VERTEX_POINT ( 'NONE', #10066 ) ;
#401 = EDGE_CURVE ( 'NONE', #1462, #1218, #2044, .T. ) ;
#402 = LINE ( 'NONE', #5708, #1342 ) ;
#403 = EDGE_LOOP ( 'NONE', ( #10723, #1890, #969, #4982 ) ) ;
#404 = EDGE_LOOP ( 'NONE', ( #8973, #7365, #2306, #6625 ) ) ;
#405 = CARTESIAN_POINT ( 'NONE',  ( -2.225000000000000977, 0.000000000000000000, 1.250000000000000666 ) ) ;
#406 = ORIENTED_EDGE ( 'NONE', *, *, #9416, .T. ) ;
#407 = EDGE_CURVE ( 'NONE', #5474, #7230, #9180, .T. ) ;
#408 = CARTESIAN_POINT ( 'NONE',  ( -1.375000000000000000, 0.1999999999999999833, -2.500000000000000444 ) ) ;
#409 = ORIENTED_EDGE ( 'NONE', *, *, #4111, .T. ) ;
#410 = EDGE_LOOP ( 'NONE', ( #8356, #5107, #1755, #9605 ) ) ;
#411 = UNCERTAINTY_MEASURE_WITH_UNIT (LENGTH_MEASURE( 1.000000000000000082E-05 ), #2689, 'distance_accuracy_value', 'NONE');
#412 = AXIS2_PLACEMENT_3D ( 'NONE', #5119, #3303, #2451 ) ;
#413 = DIRECTION ( 'NONE',  ( 0.000000000000000000, 0.000000000000000000, -1.000000000000000000 ) ) ;
#414 = LINE ( 'NONE', #10776, #3649 ) ;
#415 = ORIENTED_EDGE ( 'NONE', *, *, #3851, .T. ) ;
#416 = LINE ( 'NONE', #10608, #3144 ) ;
#417 = DIRECTION ( 'NONE',  ( 0.000000000000000000, 0.000000000000000000, -1.000000000000000000 ) ) ;
#418 =( GEOMETRIC_REPRESENTATION_CONTEXT ( 3 ) GLOBAL_UNCERTAINTY_ASSIGNED_CONTEXT ( ( #8581 ) ) GLOBAL_UNIT_ASSIGNED_CONTEXT ( ( #5091, #118, #2587 ) ) REPRESENTATION_CONTEXT ( 'NONE', 'WORKASPACE' ) );
#419 = ORIENTED_EDGE ( 'NONE', *, *, #4233, .F. ) ;
#420 = AXIS2_PLACEMENT_3D ( 'NONE', #526, #3950, #6555 ) ;
#421 = CYLINDRICAL_SURFACE ( 'NONE', #1094, 0.1250000000000001110 ) ;
#422 = CARTESIAN_POINT ( 'NONE',  ( -2.225000000000000977, 0.6716990566028304688, 1.375000000000000666 ) ) ;
#423 = COLOUR_RGB ( '',0.7921568627450980005, 0.8196078431372548767, 0.9333333333333333481 ) ;
#424 = VECTOR ( 'NONE', #4893, 1000.000000000000000 ) ;
#425 = CARTESIAN_POINT ( 'NONE',  ( -2.225000000000000977, 0.6716990566028304688, 1.875000000000000666 ) ) ;
#426 = ORIENTED_EDGE ( 'NONE', *, *, #6744, .T. ) ;
#427 = ADVANCED_FACE ( 'NONE', ( #4720 ), #9010, .T. ) ;
#428 = ORIENTED_EDGE ( 'NONE', *, *, #9432, .T. ) ;
#429 = LINE ( 'NONE', #1936, #2741 ) ;
#430 = VECTOR ( 'NONE', #5043, 1000.000000000000000 ) ;
#431 = LINE ( 'NONE', #7312, #9979 ) ;
#432 = VECTOR ( 'NONE', #4125, 1000.000000000000000 ) ;
#433 = VECTOR ( 'NONE', #3114, 1000.000000000000000 ) ;
#434 = AXIS2_PLACEMENT_3D ( 'NONE', #7763, #4200, #4371 ) ;
#435 = CARTESIAN_POINT ( 'NONE',  ( -2.500000000000000444, 0.000000000000000000, -1.874999999999999112 ) ) ;
#436 = ORIENTED_EDGE ( 'NONE', *, *, #7045, .F. ) ;
#437 = DIRECTION ( 'NONE',  ( -0.000000000000000000, -0.000000000000000000, -1.000000000000000000 ) ) ;
#438 = EDGE_CURVE ( 'NONE', #6175, #10384, #2748, .T. ) ;
#439 = CARTESIAN_POINT ( 'NONE',  ( 1.625000000000000222, 0.2000000000000000111, -2.500000000000000444 ) ) ;
#440 = CARTESIAN_POINT ( 'NONE',  ( -0.1250000000000003331, 0.2000000000000000111, 2.225000000000000533 ) ) ;
#441 = EDGE_CURVE ( 'NONE', #4107, #2474, #9127, .T. ) ;
#442 = DIRECTION ( 'NONE',  ( -1.000000000000000000, 0.000000000000000000, -7.885106708985485090E-16 ) ) ;
#443 = AXIS2_PLACEMENT_3D ( 'NONE', #6889, #3335, #2432 ) ;
#444 = ORIENTED_EDGE ( 'NONE', *, *, #10156, .F. ) ;
#445 = ADVANCED_FACE ( 'NONE', ( #7490 ), #3871, .F. ) ;
#446 = CARTESIAN_POINT ( 'NONE',  ( -1.125000000000000222, 0.2000000000000000111, -2.500000000000000444 ) ) ;
#447 = ORIENTED_EDGE ( 'NONE', *, *, #7209, .F. ) ;
#448 = DIRECTION ( 'NONE',  ( -0.000000000000000000, -1.000000000000000000, -0.000000000000000000 ) ) ;
#449 = PLANE ( 'NONE',  #8771 ) ;
#450 = EDGE_LOOP ( 'NONE', ( #8245, #3372, #6924, #1903 ) ) ;
#451 = VERTEX_POINT ( 'NONE', #3017 ) ;
#452 = CARTESIAN_POINT ( 'NONE',  ( 2.225000000000000977, 0.6716990566028304688, -0.8749999999999994449 ) ) ;
#453 = EDGE_LOOP ( 'NONE', ( #2790, #5852, #5453, #1453 ) ) ;
#454 = AXIS2_PLACEMENT_3D ( 'NONE', #172, #8805, #6265 ) ;
#455 = CARTESIAN_POINT ( 'NONE',  ( 0.2499999999999997780, 0.04999999999999999584, 2.225000000000000533 ) ) ;
#456 = AXIS2_PLACEMENT_3D ( 'NONE', #38, #5114, #2551 ) ;
#457 = LINE ( 'NONE', #9737, #2146 ) ;
#458 = ADVANCED_FACE ( 'NONE', ( #9899 ), #2285, .F. ) ;
#459 = PRESENTATION_STYLE_ASSIGNMENT (( #2291 ) ) ;
#460 = DIRECTION ( 'NONE',  ( 0.000000000000000000, -1.000000000000000000, 0.000000000000000000 ) ) ;
#461 = DIRECTION ( 'NONE',  ( -1.000000000000000000, 0.000000000000000000, 0.000000000000000000 ) ) ;
#462 = ORIENTED_EDGE ( 'NONE', *, *, #6564, .T. ) ;
#463 = EDGE_CURVE ( 'NONE', #1603, #7261, #1140, .T. ) ;
#464 = CARTESIAN_POINT ( 'NONE',  ( -0.1250000000000001110, 0.1999999999999999833, 2.500000000000000444 ) ) ;
#465 = AXIS2_PLACEMENT_3D ( 'NONE', #3113, #2878, #6334 ) ;
#466 = LINE ( 'NONE', #9810, #10851 ) ;
#467 = ORIENTED_EDGE ( 'NONE', *, *, #10655, .F. ) ;
#468 = CARTESIAN_POINT ( 'NONE',  ( 2.500000000000000888, 0.6716990566028304688, 0.3750000000000007772 ) ) ;
#469 = EDGE_LOOP ( 'NONE', ( #6771, #568, #6381, #9217 ) ) ;
#470 = ORIENTED_EDGE ( 'NONE', *, *, #10387, .F. ) ;
#471 = FILL_AREA_STYLE ('',( #9865 ) ) ;
#472 = CARTESIAN_POINT ( 'NONE',  ( -1.724999999999999867, 0.000000000000000000, -1.375000000000000000 ) ) ;
#473 = VECTOR ( 'NONE', #4678, 1000.000000000000000 ) ;
#474 = ORIENTED_EDGE ( 'NONE', *, *, #4401, .T. ) ;
#475 = EDGE_LOOP ( 'NONE', ( #2179, #2780, #8291, #8974 ) ) ;
#476 = CARTESIAN_POINT ( 'NONE',  ( 1.375000000000000000, 0.2000000000000000111, 2.500000000000000444 ) ) ;
#477 = CARTESIAN_POINT ( 'NONE',  ( -1.250000000000000222, 0.000000000000000000, 2.100000000000000089 ) ) ;
#478 = ORIENTED_EDGE ( 'NONE', *, *, #4981, .T. ) ;
#479 = CLOSED_SHELL ( 'NONE', ( #7920, #8491, #4392, #1388, #3360, #3969 ) ) ;
#480 = SURFACE_STYLE_USAGE ( .BOTH. , #8200 ) ;
#481 = EDGE_CURVE ( 'NONE', #9815, #2057, #9068, .T. ) ;
#482 = FACE_OUTER_BOUND ( 'NONE', #8131, .T. ) ;
#483 = EDGE_CURVE ( 'NONE', #3997, #2050, #6581, .T. ) ;
#484 = CARTESIAN_POINT ( 'NONE',  ( 2.759787348144946159E-15, 0.05000000000000000278, -0.8750000000000069944 ) ) ;
#485 = ORIENTED_EDGE ( 'NONE', *, *, #5117, .F. ) ;
#486 = CARTESIAN_POINT ( 'NONE',  ( -2.225000000000000977, 0.000000000000000000, -0.7499999999999993339 ) ) ;
#487 = COLOUR_RGB ( '',0.7921568627450980005, 0.8196078431372548767, 0.9333333333333333481 ) ;
#488 = EDGE_CURVE ( 'NONE', #1460, #10578, #7380, .T. ) ;
#489 = DIRECTION ( 'NONE',  ( -0.000000000000000000, -1.000000000000000000, -0.000000000000000000 ) ) ;
#490 = DIRECTION ( 'NONE',  ( 0.000000000000000000, -1.000000000000000000, 0.000000000000000000 ) ) ;
#491 = EDGE_LOOP ( 'NONE', ( #10964, #10149, #9690, #2240 ) ) ;
#492 = VERTEX_POINT ( 'NONE', #8224 ) ;
#493 = DIRECTION ( 'NONE',  ( -0.000000000000000000, -1.000000000000000000, -0.000000000000000000 ) ) ;
#494 = LINE ( 'NONE', #9837, #5311 ) ;
#495 = EDGE_CURVE ( 'NONE', #8212, #5984, #502, .T. ) ;
#496 = PLANE ( 'NONE',  #5948 ) ;
#497 = DIRECTION ( 'NONE',  ( 0.000000000000000000, 0.000000000000000000, -1.000000000000000000 ) ) ;
#498 = LINE ( 'NONE', #6522, #7041 ) ;
#499 = CARTESIAN_POINT ( 'NONE',  ( -2.500000000000000444, 0.6716990566028304688, -0.8749999999999990008 ) ) ;
#500 = DIRECTION ( 'NONE',  ( -0.000000000000000000, -0.000000000000000000, 1.000000000000000000 ) ) ;
#501 = ORIENTED_EDGE ( 'NONE', *, *, #9973, .F. ) ;
#502 = LINE ( 'NONE', #3076, #1698 ) ;
#503 = CARTESIAN_POINT ( 'NONE',  ( -0.7500000000000002220, 0.2000000000000000111, 2.225000000000000533 ) ) ;
#504 = ORIENTED_EDGE ( 'NONE', *, *, #5901, .F. ) ;
#505 = ORIENTED_EDGE ( 'NONE', *, *, #9124, .T. ) ;
#506 = CARTESIAN_POINT ( 'NONE',  ( -2.500000000000000444, 0.000000000000000000, 0.6250000000000009992 ) ) ;
#507 = EDGE_CURVE ( 'NONE', #10767, #2932, #1499, .T. ) ;
#508 = CARTESIAN_POINT ( 'NONE',  ( -2.500000000000000444, 0.6716990566028304688, 0.6250000000000009992 ) ) ;
#509 = DIRECTION ( 'NONE',  ( 0.000000000000000000, 0.000000000000000000, 1.000000000000000000 ) ) ;
#510 = PLANE ( 'NONE',  #7592 ) ;
#511 = DIRECTION ( 'NONE',  ( 0.000000000000000000, 1.000000000000000000, 0.000000000000000000 ) ) ;
#512 = ORIENTED_EDGE ( 'NONE', *, *, #5117, .T. ) ;
#513 = DIRECTION ( 'NONE',  ( -1.000000000000000000, 0.000000000000000000, -3.154042683594199163E-15 ) ) ;
#514 = DIRECTION ( 'NONE',  ( 0.000000000000000000, 0.000000000000000000, 1.000000000000000000 ) ) ;
#515 = ORIENTED_EDGE ( 'NONE', *, *, #483, .T. ) ;
#516 = EDGE_CURVE ( 'NONE', #6439, #4306, #3193, .T. ) ;
#517 = FACE_OUTER_BOUND ( 'NONE', #10416, .T. ) ;
#518 = ORIENTED_EDGE ( 'NONE', *, *, #7980, .F. ) ;
#519 = PRESENTATION_STYLE_ASSIGNMENT (( #4109 ) ) ;
#520 = DIRECTION ( 'NONE',  ( -0.000000000000000000, -1.000000000000000000, -0.000000000000000000 ) ) ;
#521 = VERTEX_POINT ( 'NONE', #10694 ) ;
#522 = ORIENTED_EDGE ( 'NONE', *, *, #5520, .T. ) ;
#523 = CARTESIAN_POINT ( 'NONE',  ( 1.249999999999999778, 0.2000000000000000111, 2.100000000000000089 ) ) ;
#524 = CARTESIAN_POINT ( 'NONE',  ( 0.8749999999999998890, 0.2000000000000000111, -2.500000000000000444 ) ) ;
#525 = PLANE ( 'NONE',  #3638 ) ;
#526 = CARTESIAN_POINT ( 'NONE',  ( 0.2499999999999997780, 0.2000000000000000111, 2.225000000000000533 ) ) ;
#527 = ORIENTED_EDGE ( 'NONE', *, *, #3184, .T. ) ;
#528 = AXIS2_PLACEMENT_3D ( 'NONE', #1312, #5784, #4822 ) ;
#529 = DIRECTION ( 'NONE',  ( 0.000000000000000000, 0.000000000000000000, 1.000000000000000000 ) ) ;
#530 = LINE ( 'NONE', #2998, #8903 ) ;
#531 = ORIENTED_EDGE ( 'NONE', *, *, #1078, .F. ) ;
#532 = EDGE_CURVE ( 'NONE', #9276, #1866, #9961, .T. ) ;
#533 = VECTOR ( 'NONE', #2809, 1000.000000000000000 ) ;
#534 = ADVANCED_FACE ( 'NONE', ( #833 ), #2562, .F. ) ;
#535 = FACE_OUTER_BOUND ( 'NONE', #9748, .T. ) ;
#536 = DIRECTION ( 'NONE',  ( -1.000000000000000000, 0.000000000000000000, 3.154042683594199163E-15 ) ) ;
#537 = ORIENTED_EDGE ( 'NONE', *, *, #10015, .T. ) ;
#538 = EDGE_LOOP ( 'NONE', ( #10422, #7680, #474, #8156 ) ) ;
#539 = LINE ( 'NONE', #1544, #3121 ) ;
#540 = CARTESIAN_POINT ( 'NONE',  ( 1.374999999999999778, 0.000000000000000000, 2.225000000000000533 ) ) ;
#541 = AXIS2_PLACEMENT_3D ( 'NONE', #6427, #8116, #8912 ) ;
#542 = ADVANCED_FACE ( 'NONE', ( #1669 ), #10976, .F. ) ;
#543 = DIRECTION ( 'NONE',  ( 0.000000000000000000, -0.000000000000000000, 1.000000000000000000 ) ) ;
#544 = AXIS2_PLACEMENT_3D ( 'NONE', #4808, #4117, #4984 ) ;
#545 = ORIENTED_EDGE ( 'NONE', *, *, #8820, .F. ) ;
#546 = CIRCLE ( 'NONE', #4331, 0.1250000000000001110 ) ;
#547 = SURFACE_STYLE_FILL_AREA ( #10012 ) ;
#548 = CARTESIAN_POINT ( 'NONE',  ( -2.500000000000000444, 0.04999999999999969746, -1.374999999999999112 ) ) ;
#549 = LINE ( 'NONE', #10972, #10660 ) ;
#550 = PLANE ( 'NONE',  #2565 ) ;
#551 = CARTESIAN_POINT ( 'NONE',  ( 0.3749999999999998890, 0.2000000000000000111, -2.225000000000000533 ) ) ;
#552 = EDGE_CURVE ( 'NONE', #1603, #6332, #10125, .T. ) ;
#553 = CARTESIAN_POINT ( 'NONE',  ( 2.500000000000000888, 0.1999999999999999833, 1.375000000000000888 ) ) ;
#554 = AXIS2_PLACEMENT_3D ( 'NONE', #6128, #2901, #9789 ) ;
#555 = CIRCLE ( 'NONE', #5597, 0.2500000000000008882 ) ;
#556 = VERTEX_POINT ( 'NONE', #7542 ) ;
#557 = ORIENTED_EDGE ( 'NONE', *, *, #8344, .T. ) ;
#558 = CYLINDRICAL_SURFACE ( 'NONE', #10296, 0.1250000000000002220 ) ;
#559 = CARTESIAN_POINT ( 'NONE',  ( 2.500000000000000888, 0.000000000000000000, 1.875000000000000888 ) ) ;
#560 = CARTESIAN_POINT ( 'NONE',  ( 1.084202172485503251E-15, 0.05000000000000000278, 1.374999999999998890 ) ) ;
#561 = CARTESIAN_POINT ( 'NONE',  ( -1.749999999999999778, 0.2000000000000000111, -2.225000000000000533 ) ) ;
#562 = VERTEX_POINT ( 'NONE', #1555 ) ;
#563 = CIRCLE ( 'NONE', #36, 0.1250000000000001110 ) ;
#564 = CARTESIAN_POINT ( 'NONE',  ( 2.500000000000000888, 0.04999999999999969746, -1.124999999999999334 ) ) ;
#565 = EDGE_CURVE ( 'NONE', #6519, #6833, #4268, .T. ) ;
#566 = EDGE_CURVE ( 'NONE', #2049, #8959, #8503, .T. ) ;
#567 = CARTESIAN_POINT ( 'NONE',  ( 1.375000000000000000, 0.000000000000000000, -2.225000000000000533 ) ) ;
#568 = ORIENTED_EDGE ( 'NONE', *, *, #9547, .F. ) ;
#569 = DIRECTION ( 'NONE',  ( 0.000000000000000000, 0.000000000000000000, -1.000000000000000000 ) ) ;
#570 = ORIENTED_EDGE ( 'NONE', *, *, #10720, .T. ) ;
#571 = ORIENTED_EDGE ( 'NONE', *, *, #5558, .T. ) ;
#572 = DIRECTION ( 'NONE',  ( 0.000000000000000000, 0.000000000000000000, -1.000000000000000000 ) ) ;
#573 = AXIS2_PLACEMENT_3D ( 'NONE', #309, #8032, #5675 ) ;
#574 = DIRECTION ( 'NONE',  ( 0.000000000000000000, 0.000000000000000000, 1.000000000000000000 ) ) ;
#575 = ORIENTED_EDGE ( 'NONE', *, *, #8572, .T. ) ;
#576 = VERTEX_POINT ( 'NONE', #9456 ) ;
#577 = LINE ( 'NONE', #7513, #1248 ) ;
#578 = LINE ( 'NONE', #5925, #6517 ) ;
#579 = EDGE_CURVE ( 'NONE', #61, #4447, #44, .T. ) ;
#580 = ADVANCED_FACE ( 'NONE', ( #5903 ), #2454, .F. ) ;
#581 = CARTESIAN_POINT ( 'NONE',  ( -1.950000000000000844, 0.7500000000000000000, -1.950000000000000400 ) ) ;
#582 = STYLED_ITEM ( 'NONE', ( #7827 ), #7802 ) ;
#583 = DIRECTION ( 'NONE',  ( 0.000000000000000000, 0.000000000000000000, 1.000000000000000000 ) ) ;
#584 = EDGE_LOOP ( 'NONE', ( #3899, #8016, #8416, #8492 ) ) ;
#585 = AXIS2_PLACEMENT_3D ( 'NONE', #3196, #3987, #3143 ) ;
#586 = DIRECTION ( 'NONE',  ( 0.000000000000000000, 1.000000000000000000, 0.000000000000000000 ) ) ;
#587 = CARTESIAN_POINT ( 'NONE',  ( 1.125000000000000222, 0.2000000000000000111, 2.500000000000000444 ) ) ;
#588 = ORIENTED_EDGE ( 'NONE', *, *, #9387, .F. ) ;
#589 = ORIENTED_EDGE ( 'NONE', *, *, #4729, .T. ) ;
#590 = LINE ( 'NONE', #9163, #902 ) ;
#591 = AXIS2_PLACEMENT_3D ( 'NONE', #10985, #9974, #4795 ) ;
#592 = LINE ( 'NONE', #865, #1261 ) ;
#593 = ORIENTED_EDGE ( 'NONE', *, *, #4707, .F. ) ;
#594 = LINE ( 'NONE', #7307, #1767 ) ;
#595 = ORIENTED_EDGE ( 'NONE', *, *, #943, .F. ) ;
#596 = ORIENTED_EDGE ( 'NONE', *, *, #709, .F. ) ;
#597 = VECTOR ( 'NONE', #6554, 1000.000000000000000 ) ;
#598 = CARTESIAN_POINT ( 'NONE',  ( 2.500000000000000000, 0.8000000000000003775, -2.500000000000000444 ) ) ;
#599 = CARTESIAN_POINT ( 'NONE',  ( 1.875000000000000000, 0.000000000000000000, 2.225000000000000533 ) ) ;
#600 = AXIS2_PLACEMENT_3D ( 'NONE', #9760, #6959, #8709 ) ;
#601 = ADVANCED_FACE ( 'NONE', ( #9337 ), #5850, .F. ) ;
#602 = EDGE_LOOP ( 'NONE', ( #9353, #2714, #1810, #5774 ) ) ;
#603 = LINE ( 'NONE', #5736, #1434 ) ;
#604 = VECTOR ( 'NONE', #5226, 1000.000000000000000 ) ;
#605 = PLANE ( 'NONE',  #752 ) ;
#606 = DIRECTION ( 'NONE',  ( 1.000000000000000000, 0.000000000000000000, -3.154042683594199163E-15 ) ) ;
#607 = ADVANCED_FACE ( 'NONE', ( #5176 ), #5065, .F. ) ;
#608 = DIRECTION ( 'NONE',  ( -1.000000000000000000, 0.000000000000000000, 1.734723475976808475E-15 ) ) ;
#609 = CARTESIAN_POINT ( 'NONE',  ( 1.750000000000000222, 0.000000000000000000, -2.225000000000000533 ) ) ;
#610 = EDGE_CURVE ( 'NONE', #4680, #7267, #8616, .T. ) ;
#611 = DIRECTION ( 'NONE',  ( 0.000000000000000000, -1.000000000000000000, 0.000000000000000000 ) ) ;
#612 = CIRCLE ( 'NONE', #1867, 0.1250000000000001110 ) ;
#613 = EDGE_CURVE ( 'NONE', #34, #1656, #5130, .T. ) ;
#614 = ORIENTED_EDGE ( 'NONE', *, *, #2553, .T. ) ;
#615 = LINE ( 'NONE', #4963, #8323 ) ;
#616 = PLANE ( 'NONE',  #9194 ) ;
#617 =( LENGTH_UNIT ( ) NAMED_UNIT ( * ) SI_UNIT ( .MILLI., .METRE. ) );
#618 = DIRECTION ( 'NONE',  ( 0.000000000000000000, 0.000000000000000000, 1.000000000000000000 ) ) ;
#619 = DIRECTION ( 'NONE',  ( -0.000000000000000000, -1.000000000000000000, -0.000000000000000000 ) ) ;
#620 = ORIENTED_EDGE ( 'NONE', *, *, #782, .F. ) ;
#621 = DIRECTION ( 'NONE',  ( -1.000000000000000000, 0.000000000000000000, -7.885106708985485090E-16 ) ) ;
#622 = ORIENTED_EDGE ( 'NONE', *, *, #9231, .F. ) ;
#623 = AXIS2_PLACEMENT_3D ( 'NONE', #3357, #4150, #6802 ) ;
#624 = DIRECTION ( 'NONE',  ( 0.000000000000000000, -1.000000000000000000, 0.000000000000000000 ) ) ;
#625 = ORIENTED_EDGE ( 'NONE', *, *, #2429, .T. ) ;
#626 = EDGE_LOOP ( 'NONE', ( #5343, #10304, #10453, #10714 ) ) ;
#627 = CARTESIAN_POINT ( 'NONE',  ( 1.375000000000000000, 0.05000000000000000278, 0.000000000000000000 ) ) ;
#628 = ORIENTED_EDGE ( 'NONE', *, *, #7755, .T. ) ;
#629 = DIRECTION ( 'NONE',  ( 0.000000000000000000, 0.000000000000000000, -1.000000000000000000 ) ) ;
#630 = ADVANCED_FACE ( 'NONE', ( #716 ), #3469, .T. ) ;
#631 = ORIENTED_EDGE ( 'NONE', *, *, #8274, .F. ) ;
#632 = PLANE ( 'NONE',  #188 ) ;
#633 = CARTESIAN_POINT ( 'NONE',  ( 2.500000000000000888, 0.000000000000000000, -0.6249999999999992228 ) ) ;
#634 = VECTOR ( 'NONE', #9330, 1000.000000000000000 ) ;
#635 = PLANE ( 'NONE',  #9595 ) ;
#636 = DIRECTION ( 'NONE',  ( 0.000000000000000000, 0.000000000000000000, -1.000000000000000000 ) ) ;
#637 = ORIENTED_EDGE ( 'NONE', *, *, #6388, .T. ) ;
#638 = DIRECTION ( 'NONE',  ( -0.000000000000000000, -1.000000000000000000, -0.000000000000000000 ) ) ;
#639 = DIRECTION ( 'NONE',  ( -0.000000000000000000, -1.000000000000000000, 0.000000000000000000 ) ) ;
#640 = FACE_OUTER_BOUND ( 'NONE', #81, .T. ) ;
#641 = EDGE_LOOP ( 'NONE', ( #691, #1481, #8045, #7056 ) ) ;
#642 = VERTEX_POINT ( 'NONE', #3305 ) ;
#643 = CARTESIAN_POINT ( 'NONE',  ( -2.500000000000000444, 0.6716990566028304688, -1.374999999999999112 ) ) ;
#644 = CARTESIAN_POINT ( 'NONE',  ( -1.750000000000000222, 0.2000000000000000111, 2.225000000000000533 ) ) ;
#645 = ADVANCED_FACE ( 'NONE', ( #6750 ), #6916, .F. ) ;
#646 = EDGE_LOOP ( 'NONE', ( #3371, #7586, #2756, #1398 ) ) ;
#647 = ORIENTED_EDGE ( 'NONE', *, *, #6017, .T. ) ;
#648 = CARTESIAN_POINT ( 'NONE',  ( -0.6250000000000001110, 0.2000000000000000111, 2.225000000000000533 ) ) ;
#649 = CLOSED_SHELL ( 'NONE', ( #1881, #7786, #4264, #1695, #4325, #5257 ) ) ;
#650 = DIRECTION ( 'NONE',  ( -0.000000000000000000, -1.000000000000000000, -0.000000000000000000 ) ) ;
#651 = AXIS2_PLACEMENT_3D ( 'NONE', #3262, #624, #9304 ) ;
#652 = VERTEX_POINT ( 'NONE', #2501 ) ;
#653 = DIRECTION ( 'NONE',  ( -0.000000000000000000, 0.000000000000000000, -1.000000000000000000 ) ) ;
#654 = DIRECTION ( 'NONE',  ( 0.000000000000000000, 1.000000000000000000, 0.000000000000000000 ) ) ;
#655 = DIRECTION ( 'NONE',  ( 0.000000000000000000, 0.000000000000000000, -1.000000000000000000 ) ) ;
#657 = EDGE_CURVE ( 'NONE', #8756, #1218, #9395, .T. ) ;
#656 = STYLED_ITEM ( 'NONE', ( #10779 ), #241 ) ;
#658 = EDGE_CURVE ( 'NONE', #8512, #1941, #9506, .T. ) ;
#659 = MECHANICAL_DESIGN_GEOMETRIC_PRESENTATION_REPRESENTATION (  '', ( #2086 ), #8405 ) ;
#660 = AXIS2_PLACEMENT_3D ( 'NONE', #1331, #7265, #8055 ) ;
#661 = CARTESIAN_POINT ( 'NONE',  ( 2.500000000000000000, 0.05000000000000000278, 2.499999999999999556 ) ) ;
#662 = ORIENTED_EDGE ( 'NONE', *, *, #4896, .T. ) ;
#663 = DIRECTION ( 'NONE',  ( -0.000000000000000000, -1.000000000000000000, -0.000000000000000000 ) ) ;
#664 = CARTESIAN_POINT ( 'NONE',  ( -0.7500000000000002220, 0.000000000000000000, 2.225000000000000533 ) ) ;
#665 = DIRECTION ( 'NONE',  ( 0.000000000000000000, 0.000000000000000000, -1.000000000000000000 ) ) ;
#666 = PLANE ( 'NONE',  #8618 ) ;
#667 = ORIENTED_EDGE ( 'NONE', *, *, #1073, .F. ) ;
#668 = CARTESIAN_POINT ( 'NONE',  ( -2.500000000000000888, 0.6716990566028304688, 1.875000000000000888 ) ) ;
#669 = DIRECTION ( 'NONE',  ( -0.000000000000000000, 1.000000000000000000, -0.000000000000000000 ) ) ;
#670 = UNCERTAINTY_MEASURE_WITH_UNIT (LENGTH_MEASURE( 1.000000000000000082E-05 ), #10406, 'distance_accuracy_value', 'NONE');
#671 = LINE ( 'NONE', #8509, #9722 ) ;
#672 = DIRECTION ( 'NONE',  ( 0.000000000000000000, -0.000000000000000000, 1.000000000000000000 ) ) ;
#673 = ADVANCED_FACE ( 'NONE', ( #6123 ), #9559, .F. ) ;
#674 = CYLINDRICAL_SURFACE ( 'NONE', #6339, 0.1250000000000001110 ) ;
#675 = EDGE_LOOP ( 'NONE', ( #3862, #889, #6995, #9761 ) ) ;
#676 =( LENGTH_UNIT ( ) NAMED_UNIT ( * ) SI_UNIT ( .MILLI., .METRE. ) );
#677 = LINE ( 'NONE', #11110, #5452 ) ;
#678 = VERTEX_POINT ( 'NONE', #5386 ) ;
#679 = DIRECTION ( 'NONE',  ( -1.000000000000000000, 0.000000000000000000, 0.000000000000000000 ) ) ;
#680 = VERTEX_POINT ( 'NONE', #7190 ) ;
#681 = EDGE_LOOP ( 'NONE', ( #4042, #8547, #9731, #3511 ) ) ;
#682 = CARTESIAN_POINT ( 'NONE',  ( -2.225000000000000977, 0.6716990566028304688, 0.2500000000000006661 ) ) ;
#683 = DIRECTION ( 'NONE',  ( -0.000000000000000000, -1.000000000000000000, -0.000000000000000000 ) ) ;
#684 = UNCERTAINTY_MEASURE_WITH_UNIT (LENGTH_MEASURE( 1.000000000000000082E-05 ), #3599, 'distance_accuracy_value', 'NONE');
#685 = VERTEX_POINT ( 'NONE', #1889 ) ;
#686 = ORIENTED_EDGE ( 'NONE', *, *, #872, .T. ) ;
#687 = CARTESIAN_POINT ( 'NONE',  ( -0.2500000000000002220, 0.6716990566028303578, 2.100000000000000089 ) ) ;
#688 = CARTESIAN_POINT ( 'NONE',  ( -0.1250000000000001110, 0.000000000000000000, -2.225000000000000533 ) ) ;
#689 = DIRECTION ( 'NONE',  ( 0.000000000000000000, 0.000000000000000000, -1.000000000000000000 ) ) ;
#690 = CARTESIAN_POINT ( 'NONE',  ( -1.875000000000000000, 0.2000000000000000111, 2.225000000000000533 ) ) ;
#691 = ORIENTED_EDGE ( 'NONE', *, *, #1502, .F. ) ;
#692 =( LENGTH_UNIT ( ) NAMED_UNIT ( * ) SI_UNIT ( .MILLI., .METRE. ) );
#693 = CARTESIAN_POINT ( 'NONE',  ( -1.725000000000000311, -0.4449747468305830789, -1.375000000000000222 ) ) ;
#694 = EDGE_CURVE ( 'NONE', #7689, #8756, #10345, .T. ) ;
#695 = CARTESIAN_POINT ( 'NONE',  ( -2.500000000000000888, 0.1999999999999999833, -0.6249999999999992228 ) ) ;
#696 = ORIENTED_EDGE ( 'NONE', *, *, #7964, .T. ) ;
#697 = ORIENTED_EDGE ( 'NONE', *, *, #1409, .T. ) ;
#698 = VECTOR ( 'NONE', #5218, 1000.000000000000000 ) ;
#699 = CARTESIAN_POINT ( 'NONE',  ( -0.1250000000000001110, 0.04999999999999999584, -2.225000000000000533 ) ) ;
#700 = FACE_OUTER_BOUND ( 'NONE', #2702, .T. ) ;
#701 = ORIENTED_EDGE ( 'NONE', *, *, #3939, .T. ) ;
#702 = LINE ( 'NONE', #4134, #5238 ) ;
#703 = VECTOR ( 'NONE', #4313, 1000.000000000000000 ) ;
#704 = DIRECTION ( 'NONE',  ( -1.000000000000000000, 0.000000000000000000, 0.000000000000000000 ) ) ;
#705 = ORIENTED_EDGE ( 'NONE', *, *, #2651, .F. ) ;
#706 = CARTESIAN_POINT ( 'NONE',  ( -1.125000000000000222, 0.05000000000000000278, 0.000000000000000000 ) ) ;
#707 = DIRECTION ( 'NONE',  ( -0.000000000000000000, -1.000000000000000000, -0.000000000000000000 ) ) ;
#708 = CARTESIAN_POINT ( 'NONE',  ( -2.225000000000000977, 0.6716990566028304688, -0.8749999999999994449 ) ) ;
#709 = EDGE_CURVE ( 'NONE', #4814, #8136, #2665, .T. ) ;
#710 = VECTOR ( 'NONE', #2647, 1000.000000000000000 ) ;
#711 = CARTESIAN_POINT ( 'NONE',  ( 2.500000000000000000, 0.05000000000000000278, -2.500000000000000444 ) ) ;
#712 = LINE ( 'NONE', #6747, #6704 ) ;
#713 = EDGE_CURVE ( 'NONE', #207, #2757, #4436, .T. ) ;
#714 = VECTOR ( 'NONE', #335, 1000.000000000000000 ) ;
#715 = CARTESIAN_POINT ( 'NONE',  ( 1.375000000000000000, 0.1999999999999999833, -2.500000000000000444 ) ) ;
#716 = FACE_OUTER_BOUND ( 'NONE', #5293, .T. ) ;
#717 = DIRECTION ( 'NONE',  ( -0.000000000000000000, -1.000000000000000000, -0.000000000000000000 ) ) ;
#718 = ORIENTED_EDGE ( 'NONE', *, *, #8400, .F. ) ;
#719 = DIRECTION ( 'NONE',  ( 0.000000000000000000, 0.000000000000000000, 1.000000000000000000 ) ) ;
#720 = VECTOR ( 'NONE', #9296, 1000.000000000000000 ) ;
#721 = LINE ( 'NONE', #10814, #358 ) ;
#722 = CARTESIAN_POINT ( 'NONE',  ( -0.7500000000000002220, 0.000000000000000000, 2.225000000000000533 ) ) ;
#723 = FACE_OUTER_BOUND ( 'NONE', #8541, .T. ) ;
#724 = ORIENTED_EDGE ( 'NONE', *, *, #7980, .T. ) ;
#725 = CARTESIAN_POINT ( 'NONE',  ( 0.1250000000000001110, 0.1999999999999999833, -2.500000000000000444 ) ) ;
#726 = VERTEX_POINT ( 'NONE', #6970 ) ;
#727 = COLOUR_RGB ( '',0.7921568627450980005, 0.8196078431372548767, 0.9333333333333333481 ) ;
#728 = VECTOR ( 'NONE', #6234, 1000.000000000000000 ) ;
#729 = EDGE_CURVE ( 'NONE', #8742, #6206, #7076, .T. ) ;
#730 = EDGE_CURVE ( 'NONE', #6760, #5732, #6566, .T. ) ;
#731 = DIRECTION ( 'NONE',  ( 0.000000000000000000, -1.000000000000000000, 0.000000000000000000 ) ) ;
#732 = ORIENTED_EDGE ( 'NONE', *, *, #8251, .F. ) ;
#733 = AXIS2_PLACEMENT_3D ( 'NONE', #2912, #6366, #4788 ) ;
#734 = LINE ( 'NONE', #11055, #4247 ) ;
#735 = EDGE_CURVE ( 'NONE', #4133, #3040, #4384, .T. ) ;
#736 = ORIENTED_EDGE ( 'NONE', *, *, #1947, .F. ) ;
#737 = CARTESIAN_POINT ( 'NONE',  ( -0.3749999999999996669, 0.000000000000000000, -2.225000000000000533 ) ) ;
#738 = EDGE_LOOP ( 'NONE', ( #9914, #11005, #10870, #2136 ) ) ;
#739 = DIRECTION ( 'NONE',  ( 0.000000000000000000, 0.000000000000000000, -1.000000000000000000 ) ) ;
#740 = VECTOR ( 'NONE', #993, 1000.000000000000000 ) ;
#741 = ORIENTED_EDGE ( 'NONE', *, *, #2773, .T. ) ;
#742 = VECTOR ( 'NONE', #460, 1000.000000000000000 ) ;
#743 = LINE ( 'NONE', #4174, #8283 ) ;
#744 = CARTESIAN_POINT ( 'NONE',  ( -1.950000000000000844, 0.7500000000000000000, -2.200000000000001066 ) ) ;
#745 = CARTESIAN_POINT ( 'NONE',  ( -2.225000000000000977, 0.6716990566028304688, -1.249999999999999334 ) ) ;
#746 = DIRECTION ( 'NONE',  ( 1.734723475976808475E-15, 0.000000000000000000, -1.000000000000000000 ) ) ;
#747 = ORIENTED_EDGE ( 'NONE', *, *, #7787, .T. ) ;
#748 = CARTESIAN_POINT ( 'NONE',  ( -2.225000000000000977, 0.05000000000000002359, 0.2500000000000006661 ) ) ;
#749 = ADVANCED_FACE ( 'NONE', ( #8832 ), #10515, .T. ) ;
#750 = CARTESIAN_POINT ( 'NONE',  ( -0.1250000000000001110, 0.2000000000000000111, 2.225000000000000533 ) ) ;
#751 = PRESENTATION_LAYER_ASSIGNMENT (  '', '', ( #6322 ) ) ;
#752 = AXIS2_PLACEMENT_3D ( 'NONE', #3976, #2280, #1435 ) ;
#753 = DIRECTION ( 'NONE',  ( -0.000000000000000000, -1.000000000000000000, -0.000000000000000000 ) ) ;
#754 = VERTEX_POINT ( 'NONE', #2718 ) ;
#755 = ORIENTED_EDGE ( 'NONE', *, *, #8232, .T. ) ;
#756 = FILL_AREA_STYLE ('',( #5832 ) ) ;
#757 = FACE_OUTER_BOUND ( 'NONE', #3814, .T. ) ;
#758 = ORIENTED_EDGE ( 'NONE', *, *, #488, .T. ) ;
#759 = ORIENTED_EDGE ( 'NONE', *, *, #6706, .T. ) ;
#760 = DIRECTION ( 'NONE',  ( -1.000000000000000000, 0.000000000000000000, -6.377659838150024995E-17 ) ) ;
#761 = AXIS2_PLACEMENT_3D ( 'NONE', #11002, #5765, #3218 ) ;
#762 = CARTESIAN_POINT ( 'NONE',  ( 2.225000000000000977, 0.000000000000000000, 0.7500000000000006661 ) ) ;
#763 = ORIENTED_EDGE ( 'NONE', *, *, #4797, .F. ) ;
#764 = PLANE ( 'NONE',  #4426 ) ;
#765 = CARTESIAN_POINT ( 'NONE',  ( -2.225000000000000977, 0.6716990566028304688, -1.624999999999999556 ) ) ;
#766 = CARTESIAN_POINT ( 'NONE',  ( 2.500000000000000000, 0.05000000000000000278, 2.499999999999999556 ) ) ;
#767 = VECTOR ( 'NONE', #10403, 1000.000000000000000 ) ;
#768 = VECTOR ( 'NONE', #8406, 1000.000000000000000 ) ;
#769 = DIRECTION ( 'NONE',  ( 1.000000000000000000, 0.000000000000000000, -7.885106708985485090E-16 ) ) ;
#770 = EDGE_CURVE ( 'NONE', #5830, #1129, #3525, .T. ) ;
#771 = AXIS2_PLACEMENT_3D ( 'NONE', #7163, #9746, #3718 ) ;
#772 = CYLINDRICAL_SURFACE ( 'NONE', #4524, 0.04999999999999991257 ) ;
#773 = AXIS2_PLACEMENT_3D ( 'NONE', #3134, #6579, #1437 ) ;
#774 = DIRECTION ( 'NONE',  ( 1.000000000000000000, 0.000000000000000000, -7.885106708985485090E-16 ) ) ;
#775 = CARTESIAN_POINT ( 'NONE',  ( 0.3749999999999998890, 0.6716990566028303578, -2.225000000000000533 ) ) ;
#776 = DIRECTION ( 'NONE',  ( 0.000000000000000000, -0.000000000000000000, 1.000000000000000000 ) ) ;
#777 = PRESENTATION_LAYER_ASSIGNMENT (  '', '', ( #4930 ) ) ;
#778 = ORIENTED_EDGE ( 'NONE', *, *, #1825, .F. ) ;
#779 = AXIS2_PLACEMENT_3D ( 'NONE', #3898, #8198, #5665 ) ;
#780 = CARTESIAN_POINT ( 'NONE',  ( -2.500000000000000888, 0.6716990566028304688, -1.624999999999999334 ) ) ;
#781 = EDGE_CURVE ( 'NONE', #754, #3779, #2894, .T. ) ;
#782 = EDGE_CURVE ( 'NONE', #4187, #9356, #1091, .T. ) ;
#783 = DIRECTION ( 'NONE',  ( 0.000000000000000000, -1.000000000000000000, 0.000000000000000000 ) ) ;
#784 = EDGE_CURVE ( 'NONE', #9531, #9814, #1994, .T. ) ;
#785 = DIRECTION ( 'NONE',  ( 0.000000000000000000, 1.000000000000000000, -0.000000000000000000 ) ) ;
#786 = FACE_OUTER_BOUND ( 'NONE', #1060, .T. ) ;
#787 = CARTESIAN_POINT ( 'NONE',  ( -0.6250000000000001110, 0.1999999999999999833, 2.225000000000000533 ) ) ;
#788 = ORIENTED_EDGE ( 'NONE', *, *, #10633, .F. ) ;
#789 = DIRECTION ( 'NONE',  ( 7.885106708985485090E-16, 0.000000000000000000, -1.000000000000000000 ) ) ;
#790 = ORIENTED_EDGE ( 'NONE', *, *, #1471, .F. ) ;
#791 = LINE ( 'NONE', #2299, #8029 ) ;
#792 = VERTEX_POINT ( 'NONE', #9717 ) ;
#793 = ORIENTED_EDGE ( 'NONE', *, *, #2793, .T. ) ;
#794 = VECTOR ( 'NONE', #2266, 1000.000000000000000 ) ;
#795 = CARTESIAN_POINT ( 'NONE',  ( -1.749999999999999778, 0.2000000000000000111, -2.225000000000000533 ) ) ;
#796 = EDGE_CURVE ( 'NONE', #5984, #3785, #5447, .T. ) ;
#797 = ORIENTED_EDGE ( 'NONE', *, *, #6685, .T. ) ;
#798 = VECTOR ( 'NONE', #2339, 1000.000000000000000 ) ;
#799 = CARTESIAN_POINT ( 'NONE',  ( 1.875000000000000000, 0.2000000000000000111, -2.225000000000000533 ) ) ;
#800 = AXIS2_PLACEMENT_3D ( 'NONE', #3349, #9496, #2494 ) ;
#801 = UNCERTAINTY_MEASURE_WITH_UNIT (LENGTH_MEASURE( 1.000000000000000082E-05 ), #7665, 'distance_accuracy_value', 'NONE');
#802 = ORIENTED_EDGE ( 'NONE', *, *, #4706, .F. ) ;
#804 = ADVANCED_FACE ( 'NONE', ( #5338 ), #100, .T. ) ;
#803 = CYLINDRICAL_SURFACE ( 'NONE', #6124, 0.1250000000000001110 ) ;
#805 = DIRECTION ( 'NONE',  ( -1.000000000000000000, 0.000000000000000000, -7.885106708985485090E-16 ) ) ;
#806 = CARTESIAN_POINT ( 'NONE',  ( 0.7499999999999997780, 0.2000000000000000111, 2.225000000000000533 ) ) ;
#807 = LINE ( 'NONE', #10154, #3829 ) ;
#808 = ORIENTED_EDGE ( 'NONE', *, *, #5520, .F. ) ;
#809 = FILL_AREA_STYLE ('',( #4122 ) ) ;
#810 = DIRECTION ( 'NONE',  ( -0.000000000000000000, -1.000000000000000000, -0.000000000000000000 ) ) ;
#811 = DIRECTION ( 'NONE',  ( -1.734723475976808475E-15, 0.000000000000000000, 1.000000000000000000 ) ) ;
#812 = ORIENTED_EDGE ( 'NONE', *, *, #8595, .F. ) ;
#813 = ORIENTED_EDGE ( 'NONE', *, *, #5886, .T. ) ;
#814 = FACE_OUTER_BOUND ( 'NONE', #6086, .T. ) ;
#815 = CARTESIAN_POINT ( 'NONE',  ( -0.2499999999999997780, 0.2000000000000000111, -2.225000000000000533 ) ) ;
#816 = ORIENTED_EDGE ( 'NONE', *, *, #74, .T. ) ;
#817 = VECTOR ( 'NONE', #8818, 1000.000000000000000 ) ;
#818 = EDGE_LOOP ( 'NONE', ( #2892, #1296, #9843, #3341 ) ) ;
#819 = LINE ( 'NONE', #7704, #7227 ) ;
#820 = ADVANCED_FACE ( 'NONE', ( #201 ), #3631, .T. ) ;
#821 = DIRECTION ( 'NONE',  ( 0.000000000000000000, 1.000000000000000000, 0.000000000000000000 ) ) ;
#822 = CARTESIAN_POINT ( 'NONE',  ( 1.674999999999999822, 0.000000000000000000, 1.725000000000000755 ) ) ;
#823 = ORIENTED_EDGE ( 'NONE', *, *, #552, .F. ) ;
#824 = PLANE ( 'NONE',  #9113 ) ;
#825 = LINE ( 'NONE', #8549, #965 ) ;
#826 = CARTESIAN_POINT ( 'NONE',  ( 1.182766006347846380E-15, 0.05000000000000000278, -0.3750000000000068834 ) ) ;
#827 = CLOSED_SHELL ( 'NONE', ( #4038, #7771, #8390, #3952, #8529, #9938 ) ) ;
#828 = DIRECTION ( 'NONE',  ( 0.000000000000000000, 0.000000000000000000, -1.000000000000000000 ) ) ;
#829 = SURFACE_STYLE_USAGE ( .BOTH. , #8555 ) ;
#830 = EDGE_CURVE ( 'NONE', #3004, #1706, #2415, .T. ) ;
#831 = CARTESIAN_POINT ( 'NONE',  ( -0.3749999999999998890, 0.000000000000000000, 2.500000000000000444 ) ) ;
#832 = DIRECTION ( 'NONE',  ( 0.000000000000000000, 1.000000000000000000, 0.000000000000000000 ) ) ;
#833 = FACE_OUTER_BOUND ( 'NONE', #9098, .T. ) ;
#834 = ADVANCED_FACE ( 'NONE', ( #7136 ), #7426, .F. ) ;
#835 = EDGE_LOOP ( 'NONE', ( #4017, #5259, #9384, #5596, #8813, #9168, #4269, #9592, #5183, #4502, #4473, #10886, #9037, #1053, #7097, #82, #4464, #7073, #10582, #3245, #4288, #7139, #1011, #10494, #7396, #4789, #8979, #7805, #7531, #931, #10950, #1172, #8864, #6386, #10354, #3051 ) ) ;
#836 = CARTESIAN_POINT ( 'NONE',  ( -2.500000000000000888, 0.1999999999999999833, 1.375000000000000888 ) ) ;
#837 = CARTESIAN_POINT ( 'NONE',  ( 0.8749999999999998890, 0.2000000000000000111, 2.225000000000000533 ) ) ;
#838 = CARTESIAN_POINT ( 'NONE',  ( 2.500000000000000000, 0.2000000000000005107, 0.1250000000000005551 ) ) ;
#839 = DIRECTION ( 'NONE',  ( -0.000000000000000000, -1.000000000000000000, 0.000000000000000000 ) ) ;
#840 = ORIENTED_EDGE ( 'NONE', *, *, #9341, .F. ) ;
#841 = DIRECTION ( 'NONE',  ( 0.000000000000000000, 0.000000000000000000, 1.000000000000000000 ) ) ;
#842 = VERTEX_POINT ( 'NONE', #5681 ) ;
#843 = EDGE_CURVE ( 'NONE', #9999, #1779, #431, .T. ) ;
#844 = DIRECTION ( 'NONE',  ( 0.000000000000000000, 0.000000000000000000, 1.000000000000000000 ) ) ;
#845 = VERTEX_POINT ( 'NONE', #4649 ) ;
#846 = PLANE ( 'NONE',  #10216 ) ;
#847 = CARTESIAN_POINT ( 'NONE',  ( -2.225000000000000977, 0.1999999999999999833, 0.6250000000000004441 ) ) ;
#848 = ORIENTED_EDGE ( 'NONE', *, *, #10905, .F. ) ;
#849 = DIRECTION ( 'NONE',  ( -1.734723475976808475E-15, 0.000000000000000000, 1.000000000000000000 ) ) ;
#850 = CARTESIAN_POINT ( 'NONE',  ( 1.749999999999999778, 0.000000000000000000, 2.100000000000000089 ) ) ;
#851 = ORIENTED_EDGE ( 'NONE', *, *, #101, .F. ) ;
#852 = LINE ( 'NONE', #6041, #6171 ) ;
#853 = VERTEX_POINT ( 'NONE', #3800 ) ;
#854 = EDGE_CURVE ( 'NONE', #4993, #9324, #2163, .T. ) ;
#855 = DIRECTION ( 'NONE',  ( 0.000000000000000000, 1.000000000000000000, 0.000000000000000000 ) ) ;
#856 = DIRECTION ( 'NONE',  ( -0.000000000000000000, -1.000000000000000000, 0.000000000000000000 ) ) ;
#857 = ORIENTED_EDGE ( 'NONE', *, *, #6300, .F. ) ;
#858 = VERTEX_POINT ( 'NONE', #540 ) ;
#859 = CARTESIAN_POINT ( 'NONE',  ( -2.500000000000000444, 0.6716990566028304688, 0.6250000000000009992 ) ) ;
#860 = VERTEX_POINT ( 'NONE', #9118 ) ;
#861 = DIRECTION ( 'NONE',  ( 0.000000000000000000, -1.000000000000000000, 0.000000000000000000 ) ) ;
#862 = ORIENTED_EDGE ( 'NONE', *, *, #7476, .F. ) ;
#863 = ORIENTED_EDGE ( 'NONE', *, *, #11054, .T. ) ;
#864 = AXIS2_PLACEMENT_3D ( 'NONE', #2633, #3429, #6 ) ;
#865 = CARTESIAN_POINT ( 'NONE',  ( 2.500000000000000444, 0.6716990566028304688, -0.3749999999999990563 ) ) ;
#866 = CARTESIAN_POINT ( 'NONE',  ( -0.8749999999999998890, 0.2000000000000000111, 2.500000000000000444 ) ) ;
#867 = CARTESIAN_POINT ( 'NONE',  ( -2.500000000000000444, 0.6716990566028304688, 1.125000000000000888 ) ) ;
#868 = ORIENTED_EDGE ( 'NONE', *, *, #357, .F. ) ;
#869 = CARTESIAN_POINT ( 'NONE',  ( 0.2499999999999997780, 0.6716990566028303578, 2.100000000000000089 ) ) ;
#870 = PLANE ( 'NONE',  #4213 ) ;
#871 = DIRECTION ( 'NONE',  ( 0.000000000000000000, 0.000000000000000000, 1.000000000000000000 ) ) ;
#872 = EDGE_CURVE ( 'NONE', #4615, #8857, #8264, .T. ) ;
#873 = ADVANCED_FACE ( 'NONE', ( #4770 ), #1201, .T. ) ;
#874 = EDGE_CURVE ( 'NONE', #11012, #4246, #10007, .T. ) ;
#875 = AXIS2_PLACEMENT_3D ( 'NONE', #4480, #7983, #197 ) ;
#876 = CARTESIAN_POINT ( 'NONE',  ( 2.500000000000000000, 0.05000000000000000278, 2.499999999999999556 ) ) ;
#877 = FACE_OUTER_BOUND ( 'NONE', #3152, .T. ) ;
#878 = CYLINDRICAL_SURFACE ( 'NONE', #1838, 0.1250000000000001110 ) ;
#879 = ORIENTED_EDGE ( 'NONE', *, *, #2563, .F. ) ;
#880 = CARTESIAN_POINT ( 'NONE',  ( 1.674999999999999822, 0.1999999999999996503, -1.674999999999999600 ) ) ;
#881 = CARTESIAN_POINT ( 'NONE',  ( 1.749999999999999778, 0.2000000000000000111, 2.225000000000000533 ) ) ;
#882 = AXIS2_PLACEMENT_3D ( 'NONE', #4250, #5564, #9321 ) ;
#883 = EDGE_CURVE ( 'NONE', #4302, #3773, #6572, .T. ) ;
#884 = LINE ( 'NONE', #7780, #7196 ) ;
#885 = AXIS2_PLACEMENT_3D ( 'NONE', #7510, #5762, #629 ) ;
#886 = DIRECTION ( 'NONE',  ( 0.000000000000000000, 0.000000000000000000, 1.000000000000000000 ) ) ;
#887 = DIRECTION ( 'NONE',  ( 0.000000000000000000, 0.000000000000000000, -1.000000000000000000 ) ) ;
#888 = EDGE_CURVE ( 'NONE', #7903, #4599, #3498, .T. ) ;
#889 = ORIENTED_EDGE ( 'NONE', *, *, #9261, .F. ) ;
#890 = CARTESIAN_POINT ( 'NONE',  ( 0.2500000000000002220, 0.2000000000000000111, -2.225000000000000533 ) ) ;
#891 = CIRCLE ( 'NONE', #3771, 0.1250000000000002220 ) ;
#892 = CARTESIAN_POINT ( 'NONE',  ( 2.500000000000000444, 0.6716990566028304688, 0.1250000000000009714 ) ) ;
#893 = ORIENTED_EDGE ( 'NONE', *, *, #2708, .T. ) ;
#894 = PLANE ( 'NONE',  #8614 ) ;
#895 = DIRECTION ( 'NONE',  ( 1.000000000000000000, -0.000000000000000000, 7.885106708985485090E-16 ) ) ;
#896 = CARTESIAN_POINT ( 'NONE',  ( 2.500000000000000888, 0.1999999999999999833, 1.875000000000000888 ) ) ;
#897 = VECTOR ( 'NONE', #5145, 1000.000000000000000 ) ;
#898 = CARTESIAN_POINT ( 'NONE',  ( 2.956915015869547911E-16, 0.05000000000000000278, 0.3749999999999988343 ) ) ;
#899 = ADVANCED_FACE ( 'NONE', ( #10680 ), #2275, .F. ) ;
#900 = EDGE_LOOP ( 'NONE', ( #1417, #9878, #625, #5391 ) ) ;
#901 = AXIS2_PLACEMENT_3D ( 'NONE', #5897, #10395, #828 ) ;
#902 = VECTOR ( 'NONE', #2321, 1000.000000000000000 ) ;
#903 = ORIENTED_EDGE ( 'NONE', *, *, #1122, .F. ) ;
#904 = DIRECTION ( 'NONE',  ( -0.000000000000000000, -1.000000000000000000, -0.000000000000000000 ) ) ;
#905 = DIRECTION ( 'NONE',  ( 0.000000000000000000, 0.000000000000000000, -1.000000000000000000 ) ) ;
#906 = CYLINDRICAL_SURFACE ( 'NONE', #2600, 0.1250000000000002220 ) ;
#907 = ORIENTED_EDGE ( 'NONE', *, *, #4432, .T. ) ;
#908 = ORIENTED_EDGE ( 'NONE', *, *, #3589, .F. ) ;
#909 = VECTOR ( 'NONE', #10523, 1000.000000000000000 ) ;
#910 = DIRECTION ( 'NONE',  ( -0.000000000000000000, -1.000000000000000000, -0.000000000000000000 ) ) ;
#911 = CIRCLE ( 'NONE', #7217, 0.1250000000000001110 ) ;
#912 = CYLINDRICAL_SURFACE ( 'NONE', #4123, 0.1250000000000001110 ) ;
#913 = EDGE_CURVE ( 'NONE', #2248, #2841, #2232, .T. ) ;
#914 = VERTEX_POINT ( 'NONE', #1317 ) ;
#915 = ORIENTED_EDGE ( 'NONE', *, *, #7500, .F. ) ;
#916 = EDGE_CURVE ( 'NONE', #5755, #2486, #5734, .T. ) ;
#917 = DIRECTION ( 'NONE',  ( 1.000000000000000000, -0.000000000000000000, -0.000000000000000000 ) ) ;
#918 = ADVANCED_FACE ( 'NONE', ( #7484 ), #3967, .T. ) ;
#919 = CARTESIAN_POINT ( 'NONE',  ( 1.375000000000000000, 0.2000000000000000111, -2.225000000000000533 ) ) ;
#920 = CARTESIAN_POINT ( 'NONE',  ( -1.749999999999999778, 0.2000000000000000111, -2.225000000000000533 ) ) ;
#921 = EDGE_LOOP ( 'NONE', ( #2139, #263, #7899, #8243 ) ) ;
#922 = DIRECTION ( 'NONE',  ( -0.000000000000000000, -1.000000000000000000, -0.000000000000000000 ) ) ;
#923 = AXIS2_PLACEMENT_3D ( 'NONE', #4877, #4939, #2270 ) ;
#924 = CARTESIAN_POINT ( 'NONE',  ( 0.2499999999999997780, 0.2000000000000000111, 2.225000000000000533 ) ) ;
#925 = CARTESIAN_POINT ( 'NONE',  ( -1.875000000000000000, 0.1999999999999999833, -2.500000000000000444 ) ) ;
#926 = CARTESIAN_POINT ( 'NONE',  ( -0.8749999999999998890, 0.2000000000000000111, -2.500000000000000444 ) ) ;
#927 = CIRCLE ( 'NONE', #8313, 0.1250000000000001110 ) ;
#928 = FACE_OUTER_BOUND ( 'NONE', #1183, .T. ) ;
#929 = FACE_OUTER_BOUND ( 'NONE', #10430, .T. ) ;
#930 = CYLINDRICAL_SURFACE ( 'NONE', #6533, 0.1250000000000001110 ) ;
#931 = ORIENTED_EDGE ( 'NONE', *, *, #1063, .T. ) ;
#932 = EDGE_CURVE ( 'NONE', #5185, #2503, #8319, .T. ) ;
#933 = CARTESIAN_POINT ( 'NONE',  ( -1.750000000000000222, 0.2000000000000000111, 2.225000000000000533 ) ) ;
#934 = DIRECTION ( 'NONE',  ( 0.000000000000000000, -1.000000000000000000, 0.000000000000000000 ) ) ;
#935 = AXIS2_PLACEMENT_3D ( 'NONE', #8735, #839, #4446 ) ;
#936 = FILL_AREA_STYLE_COLOUR ( '', #10276 ) ;
#937 = DIRECTION ( 'NONE',  ( 0.000000000000000000, 0.000000000000000000, 1.000000000000000000 ) ) ;
#938 = VECTOR ( 'NONE', #774, 1000.000000000000000 ) ;
#939 =( NAMED_UNIT ( * ) SI_UNIT ( $, .STERADIAN. ) SOLID_ANGLE_UNIT ( ) );
#940 = DIRECTION ( 'NONE',  ( 0.000000000000000000, 1.000000000000000000, -0.000000000000000000 ) ) ;
#941 = DIRECTION ( 'NONE',  ( 0.000000000000000000, 0.000000000000000000, 1.000000000000000000 ) ) ;
#942 = ORIENTED_EDGE ( 'NONE', *, *, #5317, .T. ) ;
#943 = EDGE_CURVE ( 'NONE', #10750, #4515, #8215, .T. ) ;
#944 = EDGE_CURVE ( 'NONE', #10923, #2268, #494, .T. ) ;
#945 = VECTOR ( 'NONE', #10140, 1000.000000000000000 ) ;
#946 = LINE ( 'NONE', #5298, #5880 ) ;
#947 = VECTOR ( 'NONE', #329, 1000.000000000000000 ) ;
#948 = FACE_OUTER_BOUND ( 'NONE', #9852, .T. ) ;
#949 = ORIENTED_EDGE ( 'NONE', *, *, #4227, .F. ) ;
#950 = CARTESIAN_POINT ( 'NONE',  ( 2.225000000000000977, 0.1999999999999999833, 0.8750000000000005551 ) ) ;
#951 = EDGE_CURVE ( 'NONE', #6367, #3111, #3860, .T. ) ;
#952 = CARTESIAN_POINT ( 'NONE',  ( 2.500000000000000000, 0.05000000000000000278, 2.499999999999999556 ) ) ;
#953 = CARTESIAN_POINT ( 'NONE',  ( 0.7499999999999997780, 0.6716990566028303578, 2.225000000000000533 ) ) ;
#954 = AXIS2_PLACEMENT_3D ( 'NONE', #2453, #2561, #6856 ) ;
#955 = CARTESIAN_POINT ( 'NONE',  ( -1.749999999999999778, 0.04999999999999999584, -2.225000000000000533 ) ) ;
#956 = EDGE_LOOP ( 'NONE', ( #5047, #667, #4096, #6187 ) ) ;
#957 = COLOUR_RGB ( '',0.7921568627450980005, 0.8196078431372548767, 0.9333333333333333481 ) ;
#958 = VERTEX_POINT ( 'NONE', #9948 ) ;
#959 = DIRECTION ( 'NONE',  ( 0.000000000000000000, -1.000000000000000000, 0.000000000000000000 ) ) ;
#960 = CARTESIAN_POINT ( 'NONE',  ( -2.225000000000000977, 0.1999999999999999833, 0.3750000000000005551 ) ) ;
#961 = AXIS2_PLACEMENT_3D ( 'NONE', #3402, #6010, #2495 ) ;
#962 = DIRECTION ( 'NONE',  ( 1.734723475976808475E-15, 0.000000000000000000, -1.000000000000000000 ) ) ;
#963 = ORIENTED_EDGE ( 'NONE', *, *, #8184, .F. ) ;
#964 = ORIENTED_EDGE ( 'NONE', *, *, #735, .T. ) ;
#965 = VECTOR ( 'NONE', #8605, 1000.000000000000000 ) ;
#966 = ADVANCED_FACE ( 'NONE', ( #10911 ), #3183, .T. ) ;
#967 = FACE_OUTER_BOUND ( 'NONE', #1886, .T. ) ;
#968 = ORIENTED_EDGE ( 'NONE', *, *, #4959, .F. ) ;
#969 = ORIENTED_EDGE ( 'NONE', *, *, #10560, .T. ) ;
#970 = CARTESIAN_POINT ( 'NONE',  ( -0.7499999999999997780, 0.04999999999999999584, -2.225000000000000533 ) ) ;
#971 = LINE ( 'NONE', #84, #8359 ) ;
#972 = CARTESIAN_POINT ( 'NONE',  ( 1.625000000000000222, 0.1999999999999999833, 2.500000000000000444 ) ) ;
#973 = VERTEX_POINT ( 'NONE', #8437 ) ;
#974 = DIRECTION ( 'NONE',  ( 0.000000000000000000, 1.000000000000000000, -0.000000000000000000 ) ) ;
#975 = CARTESIAN_POINT ( 'NONE',  ( 1.125000000000000222, 0.6716990566028303578, 2.500000000000000444 ) ) ;
#976 = FACE_OUTER_BOUND ( 'NONE', #9467, .T. ) ;
#977 = CIRCLE ( 'NONE', #1873, 0.1250000000000001110 ) ;
#978 = ADVANCED_FACE ( 'NONE', ( #4261 ), #5053, .T. ) ;
#979 = AXIS2_PLACEMENT_3D ( 'NONE', #8944, #4705, #7248 ) ;
#980 = CARTESIAN_POINT ( 'NONE',  ( 0.2499999999999997780, 0.000000000000000000, 2.225000000000000533 ) ) ;
#981 = CARTESIAN_POINT ( 'NONE',  ( -1.625000000000000222, 0.6716990566028303578, -2.500000000000000444 ) ) ;
#982 = DIRECTION ( 'NONE',  ( 0.000000000000000000, -0.000000000000000000, -1.000000000000000000 ) ) ;
#983 = ORIENTED_EDGE ( 'NONE', *, *, #2283, .T. ) ;
#984 = VECTOR ( 'NONE', #8255, 1000.000000000000000 ) ;
#985 = CARTESIAN_POINT ( 'NONE',  ( 1.249999999999999778, 0.1999999999999999833, 2.225000000000000533 ) ) ;
#986 = DIRECTION ( 'NONE',  ( 1.000000000000000000, -0.000000000000000000, -0.000000000000000000 ) ) ;
#987 = EDGE_CURVE ( 'NONE', #9274, #3004, #9228, .T. ) ;
#988 = ADVANCED_FACE ( 'NONE', ( #9386 ), #11025, .T. ) ;
#989 = EDGE_LOOP ( 'NONE', ( #2433, #736, #512, #697 ) ) ;
#990 = VERTEX_POINT ( 'NONE', #10283 ) ;
#991 =( LENGTH_UNIT ( ) NAMED_UNIT ( * ) SI_UNIT ( .MILLI., .METRE. ) );
#992 = LINE ( 'NONE', #2669, #6848 ) ;
#993 = DIRECTION ( 'NONE',  ( -0.000000000000000000, -1.000000000000000000, -0.000000000000000000 ) ) ;
#994 = CARTESIAN_POINT ( 'NONE',  ( -1.125000000000000222, 0.04999999999999999584, -2.225000000000000533 ) ) ;
#995 = CARTESIAN_POINT ( 'NONE',  ( 2.500000000000000444, 0.6716990566028304688, 0.6250000000000009992 ) ) ;
#996 = ORIENTED_EDGE ( 'NONE', *, *, #9458, .T. ) ;
#997 = CLOSED_SHELL ( 'NONE', ( #3471, #10865, #3936, #10973, #4199, #4811 ) ) ;
#998 = FACE_OUTER_BOUND ( 'NONE', #1477, .T. ) ;
#999 = DIRECTION ( 'NONE',  ( 0.000000000000000000, -0.000000000000000000, 1.000000000000000000 ) ) ;
#1000 = DIRECTION ( 'NONE',  ( -1.000000000000000000, 0.000000000000000000, -3.154042683594199163E-15 ) ) ;
#1001 = VERTEX_POINT ( 'NONE', #2393 ) ;
#1002 = VERTEX_POINT ( 'NONE', #4140 ) ;
#1003 = EDGE_CURVE ( 'NONE', #5111, #5507, #11141, .T. ) ;
#1004 = PRESENTATION_LAYER_ASSIGNMENT (  '', '', ( #5337 ) ) ;
#1005 = CARTESIAN_POINT ( 'NONE',  ( 1.875000000000000000, 0.2000000000000005107, 2.499999999999999556 ) ) ;
#1006 = EDGE_CURVE ( 'NONE', #9712, #9884, #5170, .T. ) ;
#1007 = DIRECTION ( 'NONE',  ( -1.000000000000000000, 0.000000000000000000, -3.154042683594198769E-15 ) ) ;
#1008 = VECTOR ( 'NONE', #4721, 1000.000000000000000 ) ;
#1009 = CARTESIAN_POINT ( 'NONE',  ( -0.8749999999999998890, 0.000000000000000000, -2.500000000000000444 ) ) ;
#1010 = FACE_OUTER_BOUND ( 'NONE', #1225, .T. ) ;
#1011 = ORIENTED_EDGE ( 'NONE', *, *, #4328, .F. ) ;
#1012 = ORIENTED_EDGE ( 'NONE', *, *, #2625, .T. ) ;
#1013 = DIRECTION ( 'NONE',  ( 0.000000000000000000, -1.000000000000000000, 0.000000000000000000 ) ) ;
#1014 = PLANE ( 'NONE',  #454 ) ;
#1015 = ORIENTED_EDGE ( 'NONE', *, *, #4601, .T. ) ;
#1016 = ORIENTED_EDGE ( 'NONE', *, *, #2000, .T. ) ;
#1017 = EDGE_CURVE ( 'NONE', #9751, #22, #8557, .T. ) ;
#1018 = CARTESIAN_POINT ( 'NONE',  ( 2.500000000000000888, 0.000000000000000000, 1.375000000000000888 ) ) ;
#1019 = VERTEX_POINT ( 'NONE', #5005 ) ;
#1020 = VERTEX_POINT ( 'NONE', #10223 ) ;
#1021 = DIRECTION ( 'NONE',  ( -1.000000000000000000, 0.000000000000000000, 1.734723475976808475E-15 ) ) ;
#1022 = DIRECTION ( 'NONE',  ( 0.000000000000000000, 0.000000000000000000, 1.000000000000000000 ) ) ;
#1023 = EDGE_LOOP ( 'NONE', ( #7091, #9619, #3316, #8164 ) ) ;
#1024 = EDGE_CURVE ( 'NONE', #400, #7685, #3457, .T. ) ;
#1025 = DIRECTION ( 'NONE',  ( 0.000000000000000000, 0.000000000000000000, 1.000000000000000000 ) ) ;
#1026 = DIRECTION ( 'NONE',  ( 0.000000000000000000, 0.000000000000000000, -1.000000000000000000 ) ) ;
#1027 = DIRECTION ( 'NONE',  ( 0.000000000000000000, 1.000000000000000000, -0.000000000000000000 ) ) ;
#1028 = CARTESIAN_POINT ( 'NONE',  ( 0.7499999999999997780, 0.04999999999999999584, 2.100000000000000089 ) ) ;
#1029 = SURFACE_STYLE_USAGE ( .BOTH. , #1824 ) ;
#1030 = FACE_OUTER_BOUND ( 'NONE', #8894, .T. ) ;
#1031 = ORIENTED_EDGE ( 'NONE', *, *, #1304, .F. ) ;
#1032 = EDGE_CURVE ( 'NONE', #5962, #4259, #7305, .T. ) ;
#1033 = ORIENTED_EDGE ( 'NONE', *, *, #10031, .F. ) ;
#1034 = FILL_AREA_STYLE ('',( #7877 ) ) ;
#1035 = PLANE ( 'NONE',  #1855 ) ;
#1036 = CARTESIAN_POINT ( 'NONE',  ( 2.500000000000000000, 0.05000000000000000278, 2.499999999999999556 ) ) ;
#1037 = VERTEX_POINT ( 'NONE', #9448 ) ;
#1038 = ORIENTED_EDGE ( 'NONE', *, *, #4034, .F. ) ;
#1039 = CARTESIAN_POINT ( 'NONE',  ( 2.225000000000000977, 0.1999999999999999833, 1.250000000000000666 ) ) ;
#1040 = CARTESIAN_POINT ( 'NONE',  ( -1.750000000000000222, 0.2000000000000000111, 2.225000000000000533 ) ) ;
#1041 = ADVANCED_FACE ( 'NONE', ( #7764 ), #10174, .F. ) ;
#1042 = DIRECTION ( 'NONE',  ( 0.000000000000000000, 0.000000000000000000, -1.000000000000000000 ) ) ;
#1043 = CARTESIAN_POINT ( 'NONE',  ( -1.625000000000000222, 0.1999999999999999833, 2.225000000000000533 ) ) ;
#1044 = LINE ( 'NONE', #9630, #5092 ) ;
#1045 = ORIENTED_EDGE ( 'NONE', *, *, #1347, .T. ) ;
#1046 = EDGE_CURVE ( 'NONE', #6131, #2743, #4774, .T. ) ;
#1047 = VECTOR ( 'NONE', #3003, 1000.000000000000000 ) ;
#1048 = DIRECTION ( 'NONE',  ( 0.000000000000000000, 0.000000000000000000, -1.000000000000000000 ) ) ;
#1049 = VECTOR ( 'NONE', #6113, 1000.000000000000000 ) ;
#1050 = CARTESIAN_POINT ( 'NONE',  ( 2.225000000000000977, 0.000000000000000000, -0.2499999999999993616 ) ) ;
#1051 = EDGE_LOOP ( 'NONE', ( #6431, #8850, #8925, #7590 ) ) ;
#1052 = LINE ( 'NONE', #1107, #9548 ) ;
#1053 = ORIENTED_EDGE ( 'NONE', *, *, #5090, .T. ) ;
#1054 = ORIENTED_EDGE ( 'NONE', *, *, #4095, .F. ) ;
#1055 = DIRECTION ( 'NONE',  ( 0.000000000000000000, 0.000000000000000000, -1.000000000000000000 ) ) ;
#1056 = AXIS2_PLACEMENT_3D ( 'NONE', #7024, #7991, #3749 ) ;
#1057 = CARTESIAN_POINT ( 'NONE',  ( 2.500000000000000444, 0.6716990566028304688, 1.625000000000001110 ) ) ;
#1058 = PRESENTATION_STYLE_ASSIGNMENT (( #2129 ) ) ;
#1059 = CARTESIAN_POINT ( 'NONE',  ( 1.875000000000000000, 0.000000000000000000, -2.500000000000000444 ) ) ;
#1060 = EDGE_LOOP ( 'NONE', ( #428, #3993, #7166, #6616 ) ) ;
#1061 = ADVANCED_FACE ( 'NONE', ( #2329 ), #4085, .F. ) ;
#1062 = VECTOR ( 'NONE', #5144, 1000.000000000000000 ) ;
#1063 = EDGE_CURVE ( 'NONE', #6036, #6455, #3240, .T. ) ;
#1064 = DIRECTION ( 'NONE',  ( 0.000000000000000000, -1.000000000000000000, 0.000000000000000000 ) ) ;
#1065 = DIRECTION ( 'NONE',  ( 0.000000000000000000, 0.000000000000000000, 1.000000000000000000 ) ) ;
#1066 = EDGE_LOOP ( 'NONE', ( #6938, #9085, #1608, #6312 ) ) ;
#1067 = EDGE_LOOP ( 'NONE', ( #4049, #8145, #1089, #1970, #4962, #8480, #7761, #2517 ) ) ;
#1068 = CARTESIAN_POINT ( 'NONE',  ( 2.500000000000000888, 0.1999999999999999833, -1.624999999999999334 ) ) ;
#1069 = AXIS2_PLACEMENT_3D ( 'NONE', #486, #3792, #6451 ) ;
#1070 = ORIENTED_EDGE ( 'NONE', *, *, #5949, .F. ) ;
#1071 = AXIS2_PLACEMENT_3D ( 'NONE', #8564, #6021, #1674 ) ;
#1072 = ORIENTED_EDGE ( 'NONE', *, *, #5901, .T. ) ;
#1073 = EDGE_CURVE ( 'NONE', #9725, #6175, #6741, .T. ) ;
#1074 = CARTESIAN_POINT ( 'NONE',  ( -1.750000000000000222, 0.2000000000000000111, 2.225000000000000533 ) ) ;
#1075 = CARTESIAN_POINT ( 'NONE',  ( -2.225000000000000977, 0.1999999999999999833, -1.124999999999999556 ) ) ;
#1076 = ORIENTED_EDGE ( 'NONE', *, *, #407, .F. ) ;
#1077 = FILL_AREA_STYLE ('',( #7972 ) ) ;
#1078 = EDGE_CURVE ( 'NONE', #10214, #8246, #5895, .T. ) ;
#1079 = CARTESIAN_POINT ( 'NONE',  ( 0.3749999999999998890, 0.000000000000000000, 2.500000000000000444 ) ) ;
#1080 = EDGE_CURVE ( 'NONE', #9356, #8971, #8495, .T. ) ;
#1081 =( GEOMETRIC_REPRESENTATION_CONTEXT ( 3 ) GLOBAL_UNCERTAINTY_ASSIGNED_CONTEXT ( ( #10236 ) ) GLOBAL_UNIT_ASSIGNED_CONTEXT ( ( #2800, #7156, #9688 ) ) REPRESENTATION_CONTEXT ( 'NONE', 'WORKASPACE' ) );
#1082 = AXIS2_PLACEMENT_3D ( 'NONE', #2277, #6518, #543 ) ;
#1083 = CARTESIAN_POINT ( 'NONE',  ( 2.225000000000000977, 0.6716990566028304688, -1.374999999999999556 ) ) ;
#1084 = VECTOR ( 'NONE', #6426, 1000.000000000000000 ) ;
#1085 = DIRECTION ( 'NONE',  ( -0.000000000000000000, -1.000000000000000000, -0.000000000000000000 ) ) ;
#1086 = AXIS2_PLACEMENT_3D ( 'NONE', #6510, #10906, #4821 ) ;
#1087 = DIRECTION ( 'NONE',  ( 0.000000000000000000, 0.000000000000000000, -1.000000000000000000 ) ) ;
#1088 = VERTEX_POINT ( 'NONE', #3350 ) ;
#1089 = ORIENTED_EDGE ( 'NONE', *, *, #8217, .T. ) ;
#1090 = CARTESIAN_POINT ( 'NONE',  ( 2.225000000000000977, 0.000000000000000000, -1.249999999999999334 ) ) ;
#1091 = LINE ( 'NONE', #7879, #1882 ) ;
#1092 = VERTEX_POINT ( 'NONE', #9706 ) ;
#1093 = CIRCLE ( 'NONE', #5428, 0.1250000000000001110 ) ;
#1094 = AXIS2_PLACEMENT_3D ( 'NONE', #5494, #10671, #2883 ) ;
#1095 = ORIENTED_EDGE ( 'NONE', *, *, #7182, .F. ) ;
#1096 = EDGE_CURVE ( 'NONE', #9398, #10617, #306, .T. ) ;
#1097 = DIRECTION ( 'NONE',  ( 0.000000000000000000, 0.000000000000000000, -1.000000000000000000 ) ) ;
#1098 = CARTESIAN_POINT ( 'NONE',  ( -2.500000000000000444, 0.6716990566028304688, -0.3749999999999990563 ) ) ;
#1099 = FACE_OUTER_BOUND ( 'NONE', #4289, .T. ) ;
#1100 = AXIS2_PLACEMENT_3D ( 'NONE', #981, #7872, #1144 ) ;
#1101 = LINE ( 'NONE', #10577, #2371 ) ;
#1102 = VERTEX_POINT ( 'NONE', #4372 ) ;
#1103 = CYLINDRICAL_SURFACE ( 'NONE', #7634, 0.1250000000000002220 ) ;
#1104 = DIRECTION ( 'NONE',  ( 0.000000000000000000, -1.000000000000000000, 0.000000000000000000 ) ) ;
#1105 = EDGE_CURVE ( 'NONE', #2513, #9999, #10441, .T. ) ;
#1106 = EDGE_CURVE ( 'NONE', #7138, #3942, #4528, .T. ) ;
#1107 = CARTESIAN_POINT ( 'NONE',  ( -2.225000000000000977, 0.000000000000000000, 1.875000000000000666 ) ) ;
#1108 = EDGE_LOOP ( 'NONE', ( #272, #4225, #9354, #5083 ) ) ;
#1109 = VECTOR ( 'NONE', #3645, 1000.000000000000000 ) ;
#1110 = PRESENTATION_STYLE_ASSIGNMENT (( #8851 ) ) ;
#1111 = EDGE_CURVE ( 'NONE', #1866, #1002, #7868, .T. ) ;
#1112 = CARTESIAN_POINT ( 'NONE',  ( -2.225000000000000977, 0.1999999999999999833, 1.875000000000000666 ) ) ;
#1113 = FACE_OUTER_BOUND ( 'NONE', #1817, .T. ) ;
#1114 = CARTESIAN_POINT ( 'NONE',  ( -1.725000000000000533, 0.1999999999999996503, -1.724999999999999867 ) ) ;
#1115 = ORIENTED_EDGE ( 'NONE', *, *, #4922, .F. ) ;
#1116 = AXIS2_PLACEMENT_3D ( 'NONE', #2465, #731, #5807 ) ;
#1117 = DIRECTION ( 'NONE',  ( -0.000000000000000000, -1.000000000000000000, 0.000000000000000000 ) ) ;
#1118 = AXIS2_PLACEMENT_3D ( 'NONE', #2701, #9702, #1187 ) ;
#1119 = VECTOR ( 'NONE', #8106, 1000.000000000000000 ) ;
#1120 = CARTESIAN_POINT ( 'NONE',  ( -3.225000000000000533, 0.000000000000000000, 0.1250000000000035805 ) ) ;
#1121 = ORIENTED_EDGE ( 'NONE', *, *, #9971, .T. ) ;
#1122 = EDGE_CURVE ( 'NONE', #3613, #4498, #3564, .T. ) ;
#1123 = CARTESIAN_POINT ( 'NONE',  ( 2.225000000000000977, 0.05000000000000002359, 0.7500000000000006661 ) ) ;
#1124 = ORIENTED_EDGE ( 'NONE', *, *, #7128, .T. ) ;
#1125 = CARTESIAN_POINT ( 'NONE',  ( 0.7499999999999997780, 0.2000000000000000111, 2.225000000000000533 ) ) ;
#1126 = DIRECTION ( 'NONE',  ( 0.000000000000000000, 1.000000000000000000, 0.000000000000000000 ) ) ;
#1127 = CIRCLE ( 'NONE', #5463, 0.1250000000000002220 ) ;
#1128 = ORIENTED_EDGE ( 'NONE', *, *, #4075, .T. ) ;
#1129 = VERTEX_POINT ( 'NONE', #3732 ) ;
#1130 = CARTESIAN_POINT ( 'NONE',  ( -0.3749999999999998890, 0.1999999999999999833, 2.500000000000000444 ) ) ;
#1131 = CARTESIAN_POINT ( 'NONE',  ( 2.500000000000000000, 0.05000000000000000278, 2.499999999999999556 ) ) ;
#1132 = ORIENTED_EDGE ( 'NONE', *, *, #6115, .T. ) ;
#1133 = FILL_AREA_STYLE ('',( #10840 ) ) ;
#1134 = LINE ( 'NONE', #6165, #5321 ) ;
#1135 = AXIS2_PLACEMENT_3D ( 'NONE', #6796, #1595, #10222 ) ;
#1136 = DIRECTION ( 'NONE',  ( -1.734723475976808475E-15, 0.000000000000000000, -1.000000000000000000 ) ) ;
#1137 = ORIENTED_EDGE ( 'NONE', *, *, #10177, .T. ) ;
#1138 = LINE ( 'NONE', #2101, #1643 ) ;
#1139 = EDGE_CURVE ( 'NONE', #2743, #10334, #6928, .T. ) ;
#1140 = CIRCLE ( 'NONE', #9793, 0.1250000000000001110 ) ;
#1141 = EDGE_CURVE ( 'NONE', #6472, #2234, #6962, .T. ) ;
#1142 = DIRECTION ( 'NONE',  ( 0.000000000000000000, 0.000000000000000000, -1.000000000000000000 ) ) ;
#1143 = EDGE_CURVE ( 'NONE', #6545, #6787, #9608, .T. ) ;
#1144 = DIRECTION ( 'NONE',  ( 1.000000000000000000, 0.000000000000000000, -0.000000000000000000 ) ) ;
#1145 = LINE ( 'NONE', #5333, #9165 ) ;
#1146 = ORIENTED_EDGE ( 'NONE', *, *, #2706, .F. ) ;
#1147 = EDGE_LOOP ( 'NONE', ( #185, #8281, #4779, #10434 ) ) ;
#1148 = FACE_OUTER_BOUND ( 'NONE', #7464, .T. ) ;
#1149 = CARTESIAN_POINT ( 'NONE',  ( -1.950000000000000844, 0.8000000000000000444, -1.950000000000000400 ) ) ;
#1150 = AXIS2_PLACEMENT_3D ( 'NONE', #4484, #7934, #8043 ) ;
#1151 = ORIENTED_EDGE ( 'NONE', *, *, #389, .T. ) ;
#1152 = EDGE_LOOP ( 'NONE', ( #5883, #5920, #5019, #8694 ) ) ;
#1153 = EDGE_CURVE ( 'NONE', #4932, #5660, #5137, .T. ) ;
#1154 = DIRECTION ( 'NONE',  ( -1.000000000000000000, 0.000000000000000000, 3.154042683594199163E-15 ) ) ;
#1155 = AXIS2_PLACEMENT_3D ( 'NONE', #6558, #1190, #529 ) ;
#1156 = FACE_OUTER_BOUND ( 'NONE', #5467, .T. ) ;
#1157 = LINE ( 'NONE', #4607, #1272 ) ;
#1158 = FACE_OUTER_BOUND ( 'NONE', #9301, .T. ) ;
#1159 = VERTEX_POINT ( 'NONE', #6112 ) ;
#1160 = DIRECTION ( 'NONE',  ( 0.000000000000000000, -0.000000000000000000, 1.000000000000000000 ) ) ;
#1161 = ADVANCED_FACE ( 'NONE', ( #7820 ), #9543, .F. ) ;
#1162 = CARTESIAN_POINT ( 'NONE',  ( -0.7500000000000002220, 0.2000000000000000111, 2.100000000000000089 ) ) ;
#1163 = ORIENTED_EDGE ( 'NONE', *, *, #1962, .T. ) ;
#1164 = DIRECTION ( 'NONE',  ( -0.000000000000000000, -1.000000000000000000, -0.000000000000000000 ) ) ;
#1165 = EDGE_LOOP ( 'NONE', ( #5551, #3268, #10103, #1860 ) ) ;
#1166 = CARTESIAN_POINT ( 'NONE',  ( -2.225000000000000977, 0.1999999999999999833, 0.8750000000000005551 ) ) ;
#1167 = ORIENTED_EDGE ( 'NONE', *, *, #5228, .T. ) ;
#1168 = DIRECTION ( 'NONE',  ( -3.154042683594199163E-15, 0.000000000000000000, 1.000000000000000000 ) ) ;
#1169 = SURFACE_SIDE_STYLE ('',( #6204 ) ) ;
#1170 = DIRECTION ( 'NONE',  ( 0.000000000000000000, 1.000000000000000000, 0.000000000000000000 ) ) ;
#1171 = DIRECTION ( 'NONE',  ( -1.734723475976808475E-15, 0.000000000000000000, -1.000000000000000000 ) ) ;
#1172 = ORIENTED_EDGE ( 'NONE', *, *, #9393, .T. ) ;
#1173 = DIRECTION ( 'NONE',  ( 0.000000000000000000, -1.000000000000000000, 0.000000000000000000 ) ) ;
#1174 = DIRECTION ( 'NONE',  ( 1.000000000000000000, 0.000000000000000000, -0.000000000000000000 ) ) ;
#1175 = ORIENTED_EDGE ( 'NONE', *, *, #10026, .T. ) ;
#1176 = LINE ( 'NONE', #2022, #473 ) ;
#1177 = ORIENTED_EDGE ( 'NONE', *, *, #2032, .F. ) ;
#1178 = ORIENTED_EDGE ( 'NONE', *, *, #9230, .T. ) ;
#1179 = AXIS2_PLACEMENT_3D ( 'NONE', #890, #2516, #2574 ) ;
#1180 = CARTESIAN_POINT ( 'NONE',  ( 1.875000000000000000, 0.2000000000000000111, 2.225000000000000533 ) ) ;
#1181 = DIRECTION ( 'NONE',  ( -1.000000000000000000, 0.000000000000000000, -3.154042683594199163E-15 ) ) ;
#1182 = VERTEX_POINT ( 'NONE', #5269 ) ;
#1183 = EDGE_LOOP ( 'NONE', ( #2648, #3394, #1920, #9618 ) ) ;
#1184 = EDGE_CURVE ( 'NONE', #860, #7373, #8712, .T. ) ;
#1185 = EDGE_CURVE ( 'NONE', #3889, #3309, #1134, .T. ) ;
#1186 = DIRECTION ( 'NONE',  ( 0.000000000000000000, 0.000000000000000000, 1.000000000000000000 ) ) ;
#1187 = DIRECTION ( 'NONE',  ( 0.000000000000000000, 0.000000000000000000, 1.000000000000000000 ) ) ;
#1188 = ORIENTED_EDGE ( 'NONE', *, *, #8274, .T. ) ;
#1189 = CYLINDRICAL_SURFACE ( 'NONE', #10914, 0.1250000000000001110 ) ;
#1190 = DIRECTION ( 'NONE',  ( 0.000000000000000000, 1.000000000000000000, 0.000000000000000000 ) ) ;
#1191 = DIRECTION ( 'NONE',  ( 0.000000000000000000, 0.000000000000000000, -1.000000000000000000 ) ) ;
#1192 = VERTEX_POINT ( 'NONE', #9661 ) ;
#1193 = CARTESIAN_POINT ( 'NONE',  ( -0.1250000000000001110, 0.2000000000000000111, -2.500000000000000444 ) ) ;
#1194 = DIRECTION ( 'NONE',  ( 1.000000000000000000, -0.000000000000000000, -0.000000000000000000 ) ) ;
#1195 = CARTESIAN_POINT ( 'NONE',  ( -2.500000000000000444, 0.1999999999999999833, 1.625000000000001110 ) ) ;
#1196 = ORIENTED_EDGE ( 'NONE', *, *, #4009, .F. ) ;
#1197 = ORIENTED_EDGE ( 'NONE', *, *, #5899, .F. ) ;
#1198 = ADVANCED_FACE ( 'NONE', ( #9497 ), #5434, .F. ) ;
#1200 = EDGE_CURVE ( 'NONE', #5157, #685, #10500, .T. ) ;
#1199 = LINE ( 'NONE', #2106, #2397 ) ;
#1201 = PLANE ( 'NONE',  #979 ) ;
#1202 = EDGE_CURVE ( 'NONE', #2390, #5157, #8768, .T. ) ;
#1203 = ORIENTED_EDGE ( 'NONE', *, *, #9896, .F. ) ;
#1204 = LINE ( 'NONE', #9723, #4853 ) ;
#1205 = DIRECTION ( 'NONE',  ( 0.000000000000000000, -1.000000000000000000, 0.000000000000000000 ) ) ;
#1206 = DIRECTION ( 'NONE',  ( 0.000000000000000000, 0.000000000000000000, -1.000000000000000000 ) ) ;
#1207 = DIRECTION ( 'NONE',  ( 0.000000000000000000, 1.000000000000000000, 0.000000000000000000 ) ) ;
#1208 = MECHANICAL_DESIGN_GEOMETRIC_PRESENTATION_REPRESENTATION (  '', ( #4641 ), #4281 ) ;
#1209 = DIRECTION ( 'NONE',  ( 0.000000000000000000, 1.000000000000000000, 0.000000000000000000 ) ) ;
#1210 = VERTEX_POINT ( 'NONE', #925 ) ;
#1211 = EDGE_CURVE ( 'NONE', #4587, #9827, #4475, .T. ) ;
#1212 = LINE ( 'NONE', #4660, #10670 ) ;
#1213 = ORIENTED_EDGE ( 'NONE', *, *, #6299, .T. ) ;
#1214 = EDGE_CURVE ( 'NONE', #10710, #1460, #3620, .T. ) ;
#1215 = CARTESIAN_POINT ( 'NONE',  ( 1.374999999999999778, 0.04999999999999999584, 2.225000000000000533 ) ) ;
#1216 = ORIENTED_EDGE ( 'NONE', *, *, #4075, .F. ) ;
#1217 = CARTESIAN_POINT ( 'NONE',  ( -1.249999999999999778, 0.2000000000000000111, -2.225000000000000533 ) ) ;
#1218 = VERTEX_POINT ( 'NONE', #5376 ) ;
#1219 = CARTESIAN_POINT ( 'NONE',  ( -2.500000000000000444, 0.6716990566028304688, 0.1250000000000009714 ) ) ;
#1220 = CARTESIAN_POINT ( 'NONE',  ( -2.500000000000000888, 0.1999999999999999833, -1.124999999999999334 ) ) ;
#1221 = VECTOR ( 'NONE', #7005, 1000.000000000000000 ) ;
#1222 = DIRECTION ( 'NONE',  ( 0.000000000000000000, 0.000000000000000000, -1.000000000000000000 ) ) ;
#1223 = CARTESIAN_POINT ( 'NONE',  ( -2.500000000000000888, 0.000000000000000000, 0.3750000000000007772 ) ) ;
#1224 = PLANE ( 'NONE',  #2545 ) ;
#1225 = EDGE_LOOP ( 'NONE', ( #7880, #9017, #3591, #9868 ) ) ;
#1226 = DIRECTION ( 'NONE',  ( 0.000000000000000000, 0.000000000000000000, -1.000000000000000000 ) ) ;
#1227 = CARTESIAN_POINT ( 'NONE',  ( -2.225000000000000977, 0.1999999999999999833, -0.2499999999999993616 ) ) ;
#1228 = ORIENTED_EDGE ( 'NONE', *, *, #4321, .T. ) ;
#1229 = VECTOR ( 'NONE', #10212, 1000.000000000000000 ) ;
#1230 = PLANE ( 'NONE',  #7308 ) ;
#1231 = ORIENTED_EDGE ( 'NONE', *, *, #9221, .T. ) ;
#1232 = DIRECTION ( 'NONE',  ( 0.000000000000000000, 0.000000000000000000, 1.000000000000000000 ) ) ;
#1233 = DIRECTION ( 'NONE',  ( 0.000000000000000000, -1.000000000000000000, 0.000000000000000000 ) ) ;
#1234 = ORIENTED_EDGE ( 'NONE', *, *, #3532, .F. ) ;
#1235 = VERTEX_POINT ( 'NONE', #1079 ) ;
#1236 = VECTOR ( 'NONE', #10253, 1000.000000000000000 ) ;
#1237 = LINE ( 'NONE', #8137, #5122 ) ;
#1238 = CYLINDRICAL_SURFACE ( 'NONE', #2019, 0.1250000000000001110 ) ;
#1239 = VERTEX_POINT ( 'NONE', #10665 ) ;
#1240 = DIRECTION ( 'NONE',  ( 0.000000000000000000, -0.000000000000000000, -1.000000000000000000 ) ) ;
#1241 = DIRECTION ( 'NONE',  ( 0.000000000000000000, 1.000000000000000000, -0.000000000000000000 ) ) ;
#1242 = ORIENTED_EDGE ( 'NONE', *, *, #2804, .T. ) ;
#1243 = CARTESIAN_POINT ( 'NONE',  ( 2.225000000000000977, 0.000000000000000000, 0.2500000000000006661 ) ) ;
#1244 = ADVANCED_FACE ( 'NONE', ( #1362 ), #10841, .T. ) ;
#1245 = VECTOR ( 'NONE', #8620, 1000.000000000000000 ) ;
#1246 = EDGE_CURVE ( 'NONE', #853, #2466, #8014, .T. ) ;
#1247 = LINE ( 'NONE', #5728, #7769 ) ;
#1248 = VECTOR ( 'NONE', #1520, 1000.000000000000000 ) ;
#1249 = LINE ( 'NONE', #8149, #5743 ) ;
#1250 = VERTEX_POINT ( 'NONE', #3901 ) ;
#1251 = EDGE_LOOP ( 'NONE', ( #5369, #10144, #199, #5250 ) ) ;
#1252 = AXIS2_PLACEMENT_3D ( 'NONE', #9499, #11143, #7825 ) ;
#1253 = FACE_OUTER_BOUND ( 'NONE', #5420, .T. ) ;
#1254 = DIRECTION ( 'NONE',  ( 7.885106708985485090E-16, 0.000000000000000000, -1.000000000000000000 ) ) ;
#1255 = AXIS2_PLACEMENT_3D ( 'NONE', #892, #8684, #1788 ) ;
#1256 = COLOUR_RGB ( '',0.7921568627450980005, 0.8196078431372548767, 0.9333333333333333481 ) ;
#1257 = EDGE_CURVE ( 'NONE', #1102, #642, #8986, .T. ) ;
#1258 = VECTOR ( 'NONE', #8676, 1000.000000000000000 ) ;
#1259 =( GEOMETRIC_REPRESENTATION_CONTEXT ( 3 ) GLOBAL_UNCERTAINTY_ASSIGNED_CONTEXT ( ( #4966 ) ) GLOBAL_UNIT_ASSIGNED_CONTEXT ( ( #3147, #5803, #939 ) ) REPRESENTATION_CONTEXT ( 'NONE', 'WORKASPACE' ) );
#1260 = PLANE ( 'NONE',  #3223 ) ;
#1261 = VECTOR ( 'NONE', #8487, 1000.000000000000000 ) ;
#1262 = CARTESIAN_POINT ( 'NONE',  ( -1.875000000000000000, 0.2000000000000000111, -2.500000000000000444 ) ) ;
#1263 = DIRECTION ( 'NONE',  ( -0.000000000000000000, -0.000000000000000000, 1.000000000000000000 ) ) ;
#1264 = FACE_OUTER_BOUND ( 'NONE', #9856, .T. ) ;
#1265 = LINE ( 'NONE', #3582, #3996 ) ;
#1266 = ORIENTED_EDGE ( 'NONE', *, *, #8886, .T. ) ;
#1267 = VERTEX_POINT ( 'NONE', #7356 ) ;
#1268 = DIRECTION ( 'NONE',  ( 0.000000000000000000, -1.000000000000000000, 0.000000000000000000 ) ) ;
#1269 = ORIENTED_EDGE ( 'NONE', *, *, #10119, .F. ) ;
#1270 = DIRECTION ( 'NONE',  ( -0.000000000000000000, -1.000000000000000000, -0.000000000000000000 ) ) ;
#1271 = PRESENTATION_LAYER_ASSIGNMENT (  '', '', ( #3981 ) ) ;
#1272 = VECTOR ( 'NONE', #8104, 1000.000000000000000 ) ;
#1273 = DIRECTION ( 'NONE',  ( 0.000000000000000000, 0.000000000000000000, -1.000000000000000000 ) ) ;
#1274 = EDGE_LOOP ( 'NONE', ( #2414, #7114, #4240, #9714, #7389 ) ) ;
#1275 = LINE ( 'NONE', #5579, #5232 ) ;
#1276 = ORIENTED_EDGE ( 'NONE', *, *, #6388, .F. ) ;
#1277 = CARTESIAN_POINT ( 'NONE',  ( 2.500000000000000888, 0.04999999999999969746, 0.3750000000000007772 ) ) ;
#1278 = VECTOR ( 'NONE', #6205, 1000.000000000000000 ) ;
#1279 = CARTESIAN_POINT ( 'NONE',  ( -2.225000000000000977, 0.05000000000000002359, 1.625000000000000666 ) ) ;
#1280 = EDGE_CURVE ( 'NONE', #22, #7851, #7178, .T. ) ;
#1281 = EDGE_CURVE ( 'NONE', #11056, #5258, #416, .T. ) ;
#1282 = LINE ( 'NONE', #7957, #10110 ) ;
#1283 = VERTEX_POINT ( 'NONE', #3848 ) ;
#1284 = DIRECTION ( 'NONE',  ( 0.000000000000000000, -0.000000000000000000, 1.000000000000000000 ) ) ;
#1285 = MECHANICAL_DESIGN_GEOMETRIC_PRESENTATION_REPRESENTATION (  '', ( #11026 ), #4176 ) ;
#1286 = DIRECTION ( 'NONE',  ( -0.000000000000000000, -1.000000000000000000, -0.000000000000000000 ) ) ;
#1287 = VECTOR ( 'NONE', #4162, 1000.000000000000000 ) ;
#1288 = ORIENTED_EDGE ( 'NONE', *, *, #1753, .F. ) ;
#1289 = ADVANCED_FACE ( 'NONE', ( #4637 ), #5549, .T. ) ;
#1290 = DIRECTION ( 'NONE',  ( 0.000000000000000000, -0.000000000000000000, 1.000000000000000000 ) ) ;
#1291 = ORIENTED_EDGE ( 'NONE', *, *, #5090, .F. ) ;
#1292 = ORIENTED_EDGE ( 'NONE', *, *, #1143, .F. ) ;
#1293 =( NAMED_UNIT ( * ) PLANE_ANGLE_UNIT ( ) SI_UNIT ( $, .RADIAN. ) );
#1294 = CARTESIAN_POINT ( 'NONE',  ( 2.500000000000000888, 0.000000000000000000, -1.124999999999999334 ) ) ;
#1295 = ORIENTED_EDGE ( 'NONE', *, *, #9564, .F. ) ;
#1296 = ORIENTED_EDGE ( 'NONE', *, *, #8364, .T. ) ;
#1297 = VECTOR ( 'NONE', #2926, 1000.000000000000000 ) ;
#1298 = VECTOR ( 'NONE', #94, 1000.000000000000000 ) ;
#1299 = CARTESIAN_POINT ( 'NONE',  ( 1.249999999999999778, 0.6716990566028303578, 2.225000000000000533 ) ) ;
#1300 = DIRECTION ( 'NONE',  ( 0.000000000000000000, 0.000000000000000000, -1.000000000000000000 ) ) ;
#1301 = ORIENTED_EDGE ( 'NONE', *, *, #613, .F. ) ;
#1302 = DIRECTION ( 'NONE',  ( 0.000000000000000000, 1.000000000000000000, 0.000000000000000000 ) ) ;
#1303 = DIRECTION ( 'NONE',  ( 0.000000000000000000, 0.000000000000000000, 1.000000000000000000 ) ) ;
#1304 = EDGE_CURVE ( 'NONE', #10107, #9274, #9636, .T. ) ;
#1305 = CARTESIAN_POINT ( 'NONE',  ( 2.225000000000000977, 0.1999999999999999833, -1.124999999999999556 ) ) ;
#1306 = PRESENTATION_LAYER_ASSIGNMENT (  '', '', ( #8335 ) ) ;
#1307 = EDGE_LOOP ( 'NONE', ( #848, #5094, #6709, #647 ) ) ;
#1308 = DIRECTION ( 'NONE',  ( 0.000000000000000000, 0.000000000000000000, 1.000000000000000000 ) ) ;
#1309 = CARTESIAN_POINT ( 'NONE',  ( -2.225000000000000977, 0.1999999999999999833, 0.8750000000000005551 ) ) ;
#1310 = MECHANICAL_DESIGN_GEOMETRIC_PRESENTATION_REPRESENTATION (  '', ( #7071 ), #5647 ) ;
#1311 = VECTOR ( 'NONE', #6408, 1000.000000000000000 ) ;
#1312 = CARTESIAN_POINT ( 'NONE',  ( 2.225000000000000977, 0.6716990566028304688, 1.875000000000000666 ) ) ;
#1313 = ORIENTED_EDGE ( 'NONE', *, *, #9831, .T. ) ;
#1314 = ORIENTED_EDGE ( 'NONE', *, *, #10559, .F. ) ;
#1315 = CARTESIAN_POINT ( 'NONE',  ( -1.375000000000000000, 0.6716990566028303578, -2.500000000000000444 ) ) ;
#1316 =( GEOMETRIC_REPRESENTATION_CONTEXT ( 3 ) GLOBAL_UNCERTAINTY_ASSIGNED_CONTEXT ( ( #8078 ) ) GLOBAL_UNIT_ASSIGNED_CONTEXT ( ( #4467, #8700, #6950 ) ) REPRESENTATION_CONTEXT ( 'NONE', 'WORKASPACE' ) );
#1317 = CARTESIAN_POINT ( 'NONE',  ( -0.6250000000000001110, 0.000000000000000000, -2.500000000000000444 ) ) ;
#1318 = EDGE_CURVE ( 'NONE', #6678, #3228, #10726, .T. ) ;
#1319 = VECTOR ( 'NONE', #3279, 1000.000000000000000 ) ;
#1320 = VECTOR ( 'NONE', #2945, 1000.000000000000000 ) ;
#1321 = CIRCLE ( 'NONE', #434, 0.1250000000000002220 ) ;
#1322 = CARTESIAN_POINT ( 'NONE',  ( -2.500000000000000888, 0.000000000000000000, -1.624999999999999334 ) ) ;
#1323 = CARTESIAN_POINT ( 'NONE',  ( -1.750000000000000222, 0.1999999999999999833, 2.225000000000000533 ) ) ;
#1324 = DIRECTION ( 'NONE',  ( 0.000000000000000000, 0.000000000000000000, 1.000000000000000000 ) ) ;
#1325 = PLANE ( 'NONE',  #7621 ) ;
#1326 = EDGE_CURVE ( 'NONE', #3893, #8857, #3786, .T. ) ;
#1327 = AXIS2_PLACEMENT_3D ( 'NONE', #5989, #9428, #9481 ) ;
#1328 = CARTESIAN_POINT ( 'NONE',  ( -0.6250000000000001110, 0.000000000000000000, -2.225000000000000533 ) ) ;
#1329 = EDGE_LOOP ( 'NONE', ( #4558, #8195, #4173, #4860, #4004 ) ) ;
#1330 = CARTESIAN_POINT ( 'NONE',  ( 2.500000000000000000, 0.8000000000000003775, 2.499999999999999556 ) ) ;
#1331 = CARTESIAN_POINT ( 'NONE',  ( 0.7499999999999997780, 0.2000000000000000111, 2.225000000000000533 ) ) ;
#1332 = ORIENTED_EDGE ( 'NONE', *, *, #5198, .F. ) ;
#1333 = DIRECTION ( 'NONE',  ( -0.000000000000000000, 0.000000000000000000, -1.000000000000000000 ) ) ;
#1334 = ORIENTED_EDGE ( 'NONE', *, *, #8184, .T. ) ;
#1335 = SURFACE_STYLE_FILL_AREA ( #2344 ) ;
#1336 = VECTOR ( 'NONE', #8779, 1000.000000000000000 ) ;
#1337 = DIRECTION ( 'NONE',  ( 1.000000000000000000, -0.000000000000000000, 1.734723475976808475E-15 ) ) ;
#1338 = DIRECTION ( 'NONE',  ( 0.000000000000000000, 0.000000000000000000, 1.000000000000000000 ) ) ;
#1339 = FACE_OUTER_BOUND ( 'NONE', #2965, .T. ) ;
#1340 = ORIENTED_EDGE ( 'NONE', *, *, #8101, .F. ) ;
#1341 = DIRECTION ( 'NONE',  ( 1.000000000000000000, 0.000000000000000000, -7.885106708985485090E-16 ) ) ;
#1342 = VECTOR ( 'NONE', #9919, 1000.000000000000000 ) ;
#1343 = AXIS2_PLACEMENT_3D ( 'NONE', #10117, #1660, #6846 ) ;
#1344 = DIRECTION ( 'NONE',  ( 0.000000000000000000, 1.000000000000000000, 0.000000000000000000 ) ) ;
#1345 = ORIENTED_EDGE ( 'NONE', *, *, #9124, .F. ) ;
#1346 = CARTESIAN_POINT ( 'NONE',  ( 2.225000000000000977, 0.000000000000000000, -1.874999999999999556 ) ) ;
#1347 = EDGE_CURVE ( 'NONE', #9821, #3606, #9111, .T. ) ;
#1348 = ORIENTED_EDGE ( 'NONE', *, *, #8563, .T. ) ;
#1349 = VERTEX_POINT ( 'NONE', #8933 ) ;
#1350 = DIRECTION ( 'NONE',  ( 1.000000000000000000, 0.000000000000000000, 0.000000000000000000 ) ) ;
#1351 = CLOSED_SHELL ( 'NONE', ( #9516, #10314, #10072, #10795, #10913, #4311 ) ) ;
#1352 = CARTESIAN_POINT ( 'NONE',  ( -1.749999999999999778, 0.2000000000000000111, -2.225000000000000533 ) ) ;
#1353 = VECTOR ( 'NONE', #1399, 1000.000000000000000 ) ;
#1354 = EDGE_LOOP ( 'NONE', ( #9982, #5588, #7673, #5866 ) ) ;
#1355 = ORIENTED_EDGE ( 'NONE', *, *, #9059, .F. ) ;
#1356 = DIRECTION ( 'NONE',  ( 0.000000000000000000, -0.000000000000000000, 1.000000000000000000 ) ) ;
#1357 = DIRECTION ( 'NONE',  ( 0.000000000000000000, 0.000000000000000000, -1.000000000000000000 ) ) ;
#1358 = DIRECTION ( 'NONE',  ( -0.000000000000000000, -1.000000000000000000, -0.000000000000000000 ) ) ;
#1359 = FACE_OUTER_BOUND ( 'NONE', #5667, .T. ) ;
#1360 = EDGE_LOOP ( 'NONE', ( #2246, #9487, #4906, #3157 ) ) ;
#1361 = STYLED_ITEM ( 'NONE', ( #9762 ), #202 ) ;
#1362 = FACE_OUTER_BOUND ( 'NONE', #4012, .T. ) ;
#1363 = AXIS2_PLACEMENT_3D ( 'NONE', #6134, #9572, #1901 ) ;
#1364 = DIRECTION ( 'NONE',  ( 0.000000000000000000, 0.000000000000000000, 1.000000000000000000 ) ) ;
#1365 = EDGE_CURVE ( 'NONE', #5755, #9782, #2150, .T. ) ;
#1366 = ORIENTED_EDGE ( 'NONE', *, *, #8775, .F. ) ;
#1367 = FACE_OUTER_BOUND ( 'NONE', #10172, .T. ) ;
#1368 = MECHANICAL_DESIGN_GEOMETRIC_PRESENTATION_REPRESENTATION (  '', ( #5337 ), #2448 ) ;
#1369 = DIRECTION ( 'NONE',  ( 0.000000000000000000, 1.000000000000000000, 0.000000000000000000 ) ) ;
#1370 = EDGE_CURVE ( 'NONE', #8954, #1633, #6031, .T. ) ;
#1371 = DIRECTION ( 'NONE',  ( 0.000000000000000000, 1.000000000000000000, -0.000000000000000000 ) ) ;
#1372 = VERTEX_POINT ( 'NONE', #3954 ) ;
#1373 = ORIENTED_EDGE ( 'NONE', *, *, #5063, .T. ) ;
#1374 = DIRECTION ( 'NONE',  ( 0.000000000000000000, 0.000000000000000000, -1.000000000000000000 ) ) ;
#1375 = DIRECTION ( 'NONE',  ( -1.000000000000000000, 0.000000000000000000, -7.885106708985485090E-16 ) ) ;
#1376 = CARTESIAN_POINT ( 'NONE',  ( 1.674999999999999822, 0.000000000000000000, -1.724999999999999423 ) ) ;
#1377 = ORIENTED_EDGE ( 'NONE', *, *, #4034, .T. ) ;
#1378 = EDGE_CURVE ( 'NONE', #10266, #9964, #6401, .T. ) ;
#1379 = FACE_OUTER_BOUND ( 'NONE', #5806, .T. ) ;
#1380 = DIRECTION ( 'NONE',  ( 7.885106708985485090E-16, 0.000000000000000000, -1.000000000000000000 ) ) ;
#1381 = CARTESIAN_POINT ( 'NONE',  ( 0.1250000000000003331, 0.04999999999999999584, -2.225000000000000533 ) ) ;
#1382 = VERTEX_POINT ( 'NONE', #2942 ) ;
#1383 = CARTESIAN_POINT ( 'NONE',  ( -1.875000000000000000, 0.6716990566028303578, -2.500000000000000444 ) ) ;
#1384 = LINE ( 'NONE', #3080, #10771 ) ;
#1385 = ORIENTED_EDGE ( 'NONE', *, *, #6734, .F. ) ;
#1386 = ORIENTED_EDGE ( 'NONE', *, *, #296, .T. ) ;
#1387 = CARTESIAN_POINT ( 'NONE',  ( -2.500000000000000444, 0.6716990566028304688, 0.1250000000000009714 ) ) ;
#1388 = ADVANCED_FACE ( 'NONE', ( #1415 ), #9875, .F. ) ;
#1389 = EDGE_CURVE ( 'NONE', #7267, #10210, #7841, .T. ) ;
#1390 = FACE_OUTER_BOUND ( 'NONE', #7658, .T. ) ;
#1391 = DIRECTION ( 'NONE',  ( 0.000000000000000000, -1.000000000000000000, 0.000000000000000000 ) ) ;
#1392 = DIRECTION ( 'NONE',  ( 0.000000000000000000, -1.000000000000000000, 0.000000000000000000 ) ) ;
#1393 = DIRECTION ( 'NONE',  ( 0.000000000000000000, -1.000000000000000000, 0.000000000000000000 ) ) ;
#1394 = VERTEX_POINT ( 'NONE', #8201 ) ;
#1395 = ORIENTED_EDGE ( 'NONE', *, *, #391, .F. ) ;
#1396 = CARTESIAN_POINT ( 'NONE',  ( 2.500000000000000444, 0.6716990566028304688, 1.625000000000001110 ) ) ;
#1397 = LINE ( 'NONE', #2674, #9239 ) ;
#1398 = ORIENTED_EDGE ( 'NONE', *, *, #6177, .T. ) ;
#1399 = DIRECTION ( 'NONE',  ( -1.000000000000000000, -0.000000000000000000, 3.154042683594198769E-15 ) ) ;
#1400 = VERTEX_POINT ( 'NONE', #3049 ) ;
#1401 = ORIENTED_EDGE ( 'NONE', *, *, #1424, .T. ) ;
#1402 = VECTOR ( 'NONE', #4633, 1000.000000000000000 ) ;
#1403 = FACE_OUTER_BOUND ( 'NONE', #8668, .T. ) ;
#1404 = ORIENTED_EDGE ( 'NONE', *, *, #6248, .T. ) ;
#1405 = ORIENTED_EDGE ( 'NONE', *, *, #11054, .F. ) ;
#1407 = ADVANCED_FACE ( 'NONE', ( #482 ), #6503, .F. ) ;
#1406 = PLANE ( 'NONE',  #5057 ) ;
#1408 = DIRECTION ( 'NONE',  ( 0.000000000000000000, 0.000000000000000000, -1.000000000000000000 ) ) ;
#1409 = EDGE_CURVE ( 'NONE', #4664, #7175, #3172, .T. ) ;
#1410 = FACE_OUTER_BOUND ( 'NONE', #8309, .T. ) ;
#1411 = DIRECTION ( 'NONE',  ( 0.000000000000000000, -0.000000000000000000, 1.000000000000000000 ) ) ;
#1412 = ORIENTED_EDGE ( 'NONE', *, *, #391, .T. ) ;
#1413 = CARTESIAN_POINT ( 'NONE',  ( -1.749999999999999778, 0.2000000000000000111, -2.225000000000000533 ) ) ;
#1414 = VECTOR ( 'NONE', #1233, 1000.000000000000000 ) ;
#1415 = FACE_OUTER_BOUND ( 'NONE', #4535, .T. ) ;
#1416 = LINE ( 'NONE', #1305, #7370 ) ;
#1417 = ORIENTED_EDGE ( 'NONE', *, *, #7627, .T. ) ;
#1418 = ORIENTED_EDGE ( 'NONE', *, *, #2560, .F. ) ;
#1419 = PRESENTATION_STYLE_ASSIGNMENT (( #3339 ) ) ;
#1420 = AXIS2_PLACEMENT_3D ( 'NONE', #11075, #3340, #4935 ) ;
#1421 = EDGE_CURVE ( 'NONE', #6882, #6702, #8424, .T. ) ;
#1422 = DIRECTION ( 'NONE',  ( 1.734723475976808475E-15, 0.000000000000000000, -1.000000000000000000 ) ) ;
#1423 = ORIENTED_EDGE ( 'NONE', *, *, #1370, .T. ) ;
#1424 = EDGE_CURVE ( 'NONE', #3938, #1349, #5990, .T. ) ;
#1425 = EDGE_CURVE ( 'NONE', #4680, #9834, #10900, .T. ) ;
#1426 = DIRECTION ( 'NONE',  ( 0.000000000000000000, -1.000000000000000000, 0.000000000000000000 ) ) ;
#1427 = ORIENTED_EDGE ( 'NONE', *, *, #4148, .T. ) ;
#1428 = ORIENTED_EDGE ( 'NONE', *, *, #1046, .T. ) ;
#1429 = DIRECTION ( 'NONE',  ( 1.000000000000000000, 0.000000000000000000, -8.673617379884035472E-17 ) ) ;
#1430 = DIRECTION ( 'NONE',  ( 0.000000000000000000, -1.000000000000000000, 0.000000000000000000 ) ) ;
#1431 = VECTOR ( 'NONE', #5407, 1000.000000000000000 ) ;
#1432 = CARTESIAN_POINT ( 'NONE',  ( -0.6250000000000001110, 0.1999999999999999833, 2.500000000000000444 ) ) ;
#1433 = AXIS2_PLACEMENT_3D ( 'NONE', #6987, #2475, #1792 ) ;
#1434 = VECTOR ( 'NONE', #6576, 1000.000000000000000 ) ;
#1435 = DIRECTION ( 'NONE',  ( 0.000000000000000000, -0.000000000000000000, 1.000000000000000000 ) ) ;
#1436 = VECTOR ( 'NONE', #7269, 1000.000000000000000 ) ;
#1437 = DIRECTION ( 'NONE',  ( 0.000000000000000000, 0.000000000000000000, -1.000000000000000000 ) ) ;
#1438 = DIRECTION ( 'NONE',  ( -0.000000000000000000, -1.000000000000000000, -0.000000000000000000 ) ) ;
#1439 = DIRECTION ( 'NONE',  ( 0.000000000000000000, 0.000000000000000000, 1.000000000000000000 ) ) ;
#1440 = FACE_OUTER_BOUND ( 'NONE', #2594, .T. ) ;
#1441 = VECTOR ( 'NONE', #8732, 1000.000000000000000 ) ;
#1442 = VECTOR ( 'NONE', #137, 1000.000000000000000 ) ;
#1443 = ORIENTED_EDGE ( 'NONE', *, *, #784, .F. ) ;
#1444 = DIRECTION ( 'NONE',  ( 0.000000000000000000, 0.000000000000000000, -1.000000000000000000 ) ) ;
#1445 = LINE ( 'NONE', #10132, #720 ) ;
#1446 = CARTESIAN_POINT ( 'NONE',  ( -2.225000000000000977, 0.1999999999999999833, 1.250000000000000666 ) ) ;
#1447 = VECTOR ( 'NONE', #5118, 1000.000000000000000 ) ;
#1448 = CARTESIAN_POINT ( 'NONE',  ( -2.225000000000000977, 0.6716990566028304688, -0.8749999999999994449 ) ) ;
#1449 = ORIENTED_EDGE ( 'NONE', *, *, #5479, .T. ) ;
#1450 = VECTOR ( 'NONE', #6700, 1000.000000000000000 ) ;
#1451 = CARTESIAN_POINT ( 'NONE',  ( 1.281329840210142178E-15, 0.05000000000000000278, -1.625000000000001332 ) ) ;
#1452 = CARTESIAN_POINT ( 'NONE',  ( 0.8749999999999998890, 0.2000000000000000111, -2.225000000000000533 ) ) ;
#1453 = ORIENTED_EDGE ( 'NONE', *, *, #9360, .F. ) ;
#1454 = ADVANCED_FACE ( 'NONE', ( #2431 ), #1529, .T. ) ;
#1455 = DIRECTION ( 'NONE',  ( 0.000000000000000000, 0.000000000000000000, 1.000000000000000000 ) ) ;
#1456 = ORIENTED_EDGE ( 'NONE', *, *, #6612, .T. ) ;
#1457 = ORIENTED_EDGE ( 'NONE', *, *, #11006, .F. ) ;
#1458 = CIRCLE ( 'NONE', #6149, 0.1250000000000001110 ) ;
#1459 = CARTESIAN_POINT ( 'NONE',  ( -0.6250000000000001110, 0.1999999999999999833, -2.500000000000000444 ) ) ;
#1460 = VERTEX_POINT ( 'NONE', #5879 ) ;
#1461 = PLANE ( 'NONE',  #4491 ) ;
#1462 = VERTEX_POINT ( 'NONE', #8590 ) ;
#1463 = ORIENTED_EDGE ( 'NONE', *, *, #10295, .F. ) ;
#1464 = LINE ( 'NONE', #10893, #5401 ) ;
#1465 = FACE_OUTER_BOUND ( 'NONE', #5382, .T. ) ;
#1466 = AXIS2_PLACEMENT_3D ( 'NONE', #1387, #7330, #8399 ) ;
#1467 = DIRECTION ( 'NONE',  ( -1.000000000000000000, 0.000000000000000000, -7.885106708985485090E-16 ) ) ;
#1468 = AXIS2_PLACEMENT_3D ( 'NONE', #5182, #6079, #887 ) ;
#1469 = DIRECTION ( 'NONE',  ( 0.000000000000000000, -1.000000000000000000, 0.000000000000000000 ) ) ;
#1470 = EDGE_LOOP ( 'NONE', ( #6145, #6901, #3634, #3840, #7366 ) ) ;
#1471 = EDGE_CURVE ( 'NONE', #6514, #6760, #4991, .T. ) ;
#1472 = EDGE_CURVE ( 'NONE', #9541, #3706, #9317, .T. ) ;
#1473 = VECTOR ( 'NONE', #5854, 1000.000000000000000 ) ;
#1474 = DIRECTION ( 'NONE',  ( 0.000000000000000000, 0.000000000000000000, 1.000000000000000000 ) ) ;
#1475 = DIRECTION ( 'NONE',  ( 0.000000000000000000, -1.000000000000000000, 0.000000000000000000 ) ) ;
#1476 = ORIENTED_EDGE ( 'NONE', *, *, #6984, .T. ) ;
#1477 = EDGE_LOOP ( 'NONE', ( #2830, #10141, #5817, #6712 ) ) ;
#1478 = DIRECTION ( 'NONE',  ( 1.000000000000000000, 0.000000000000000000, -3.154042683594199163E-15 ) ) ;
#1479 = LINE ( 'NONE', #4709, #9343 ) ;
#1480 = VECTOR ( 'NONE', #10289, 1000.000000000000000 ) ;
#1481 = ORIENTED_EDGE ( 'NONE', *, *, #532, .T. ) ;
#1482 = DIRECTION ( 'NONE',  ( 0.000000000000000000, -0.000000000000000000, -1.000000000000000000 ) ) ;
#1483 = DIRECTION ( 'NONE',  ( -1.000000000000000000, 0.000000000000000000, -3.154042683594199163E-15 ) ) ;
#1484 = ORIENTED_EDGE ( 'NONE', *, *, #3444, .T. ) ;
#1485 = FACE_OUTER_BOUND ( 'NONE', #6726, .T. ) ;
#1486 = AXIS2_PLACEMENT_3D ( 'NONE', #10990, #9195, #6703 ) ;
#1487 = VECTOR ( 'NONE', #3828, 1000.000000000000000 ) ;
#1488 = LINE ( 'NONE', #8263, #4555 ) ;
#1489 = DIRECTION ( 'NONE',  ( 0.000000000000000000, 0.000000000000000000, 1.000000000000000000 ) ) ;
#1490 = VECTOR ( 'NONE', #5573, 1000.000000000000000 ) ;
#1491 = EDGE_CURVE ( 'NONE', #2234, #9130, #9213, .T. ) ;
#1492 = EDGE_CURVE ( 'NONE', #1585, #6822, #9078, .T. ) ;
#1493 = MECHANICAL_DESIGN_GEOMETRIC_PRESENTATION_REPRESENTATION (  '', ( #4930 ), #2211 ) ;
#1494 = CARTESIAN_POINT ( 'NONE',  ( -1.375000000000000000, 0.2000000000000000111, 2.225000000000000533 ) ) ;
#1495 = AXIS2_PLACEMENT_3D ( 'NONE', #4781, #7489, #10920 ) ;
#1496 = AXIS2_PLACEMENT_3D ( 'NONE', #6153, #9593, #1868 ) ;
#1497 = DIRECTION ( 'NONE',  ( 0.000000000000000000, -1.000000000000000000, 0.000000000000000000 ) ) ;
#1498 = CARTESIAN_POINT ( 'NONE',  ( -1.125000000000000222, 0.000000000000000000, -2.500000000000000444 ) ) ;
#1499 = LINE ( 'NONE', #10921, #4037 ) ;
#1500 = PLANE ( 'NONE',  #2832 ) ;
#1502 = EDGE_CURVE ( 'NONE', #9276, #318, #9269, .T. ) ;
#1501 = ORIENTED_EDGE ( 'NONE', *, *, #658, .T. ) ;
#1503 =( NAMED_UNIT ( * ) PLANE_ANGLE_UNIT ( ) SI_UNIT ( $, .RADIAN. ) );
#1504 = CARTESIAN_POINT ( 'NONE',  ( 1.749999999999999778, 0.04999999999999999584, 2.225000000000000533 ) ) ;
#1505 = CARTESIAN_POINT ( 'NONE',  ( 1.375000000000000000, 0.1999999999999999833, -2.225000000000000533 ) ) ;
#1506 = CARTESIAN_POINT ( 'NONE',  ( -2.500000000000000888, 0.000000000000000000, -1.124999999999999334 ) ) ;
#1507 = ADVANCED_FACE ( 'NONE', ( #4928 ), #2316, .T. ) ;
#1508 = ORIENTED_EDGE ( 'NONE', *, *, #4058, .F. ) ;
#1509 = FILL_AREA_STYLE ('',( #5648 ) ) ;
#1510 = DIRECTION ( 'NONE',  ( 0.000000000000000000, 1.000000000000000000, 0.000000000000000000 ) ) ;
#1511 = ORIENTED_EDGE ( 'NONE', *, *, #10718, .F. ) ;
#1512 = AXIS2_PLACEMENT_3D ( 'NONE', #6457, #1430, #4884 ) ;
#1513 = DIRECTION ( 'NONE',  ( 0.000000000000000000, 0.000000000000000000, -1.000000000000000000 ) ) ;
#1514 = EDGE_LOOP ( 'NONE', ( #4623, #7707, #9006, #5834 ) ) ;
#1515 = ORIENTED_EDGE ( 'NONE', *, *, #4321, .F. ) ;
#1516 = CYLINDRICAL_SURFACE ( 'NONE', #1547, 0.1250000000000002220 ) ;
#1517 = DIRECTION ( 'NONE',  ( -1.000000000000000000, 0.000000000000000000, 0.000000000000000000 ) ) ;
#1518 = ORIENTED_EDGE ( 'NONE', *, *, #2223, .T. ) ;
#1519 = ORIENTED_EDGE ( 'NONE', *, *, #296, .F. ) ;
#1520 = DIRECTION ( 'NONE',  ( -0.000000000000000000, -1.000000000000000000, -0.000000000000000000 ) ) ;
#1521 = VECTOR ( 'NONE', #2749, 1000.000000000000000 ) ;
#1522 = DIRECTION ( 'NONE',  ( 0.000000000000000000, 0.000000000000000000, 1.000000000000000000 ) ) ;
#1523 = EDGE_CURVE ( 'NONE', #9206, #9012, #4211, .T. ) ;
#1524 = AXIS2_PLACEMENT_3D ( 'NONE', #4868, #9933, #6396 ) ;
#1525 = CARTESIAN_POINT ( 'NONE',  ( -2.500000000000000444, 0.6716990566028304688, -1.374999999999999112 ) ) ;
#1526 = CARTESIAN_POINT ( 'NONE',  ( 2.500000000000000444, 0.1999999999999999833, 1.125000000000000888 ) ) ;
#1527 = ORIENTED_EDGE ( 'NONE', *, *, #7672, .F. ) ;
#1528 = DIRECTION ( 'NONE',  ( 0.000000000000000000, 0.000000000000000000, 1.000000000000000000 ) ) ;
#1529 = CYLINDRICAL_SURFACE ( 'NONE', #8717, 0.1250000000000001110 ) ;
#1530 = DIRECTION ( 'NONE',  ( 0.000000000000000000, -0.000000000000000000, 1.000000000000000000 ) ) ;
#1531 = ORIENTED_EDGE ( 'NONE', *, *, #10514, .T. ) ;
#1532 = EDGE_LOOP ( 'NONE', ( #10004, #7833, #662, #7857 ) ) ;
#1533 = DIRECTION ( 'NONE',  ( -0.000000000000000000, -1.000000000000000000, -0.000000000000000000 ) ) ;
#1534 = CARTESIAN_POINT ( 'NONE',  ( -2.500000000000000444, 0.6716990566028304688, 1.625000000000001110 ) ) ;
#1535 = EDGE_CURVE ( 'NONE', #2757, #4956, #7576, .T. ) ;
#1536 = ORIENTED_EDGE ( 'NONE', *, *, #6985, .F. ) ;
#1537 = ORIENTED_EDGE ( 'NONE', *, *, #9745, .T. ) ;
#1538 = EDGE_CURVE ( 'NONE', #2688, #9378, #7089, .T. ) ;
#1539 = CARTESIAN_POINT ( 'NONE',  ( -1.125000000000000222, 0.1999999999999999833, -2.225000000000000533 ) ) ;
#1540 = CLOSED_SHELL ( 'NONE', ( #4098, #7654, #2214, #9950, #9322, #3788 ) ) ;
#1541 = PLANE ( 'NONE',  #9693 ) ;
#1542 = ORIENTED_EDGE ( 'NONE', *, *, #5662, .T. ) ;
#1543 = PLANE ( 'NONE',  #9291 ) ;
#1544 = CARTESIAN_POINT ( 'NONE',  ( -2.500000000000000444, 0.000000000000000000, 1.625000000000001110 ) ) ;
#1545 = DIRECTION ( 'NONE',  ( -0.000000000000000000, -1.000000000000000000, -0.000000000000000000 ) ) ;
#1546 = VECTOR ( 'NONE', #9267, 1000.000000000000000 ) ;
#1547 = AXIS2_PLACEMENT_3D ( 'NONE', #682, #9308, #2253 ) ;
#1548 = CARTESIAN_POINT ( 'NONE',  ( -2.500000000000000444, 0.1999999999999999833, 0.6250000000000009992 ) ) ;
#1549 = CARTESIAN_POINT ( 'NONE',  ( 2.225000000000000977, 0.1999999999999999833, -0.1249999999999994588 ) ) ;
#1550 = EDGE_CURVE ( 'NONE', #3538, #8094, #4070, .T. ) ;
#1551 = EDGE_CURVE ( 'NONE', #1939, #1702, #3225, .T. ) ;
#1552 = DIRECTION ( 'NONE',  ( 0.000000000000000000, 0.000000000000000000, 1.000000000000000000 ) ) ;
#1553 = EDGE_CURVE ( 'NONE', #9074, #11131, #6723, .T. ) ;
#1554 = FACE_OUTER_BOUND ( 'NONE', #3874, .T. ) ;
#1555 = CARTESIAN_POINT ( 'NONE',  ( 0.2499999999999997780, 0.000000000000000000, 2.100000000000000089 ) ) ;
#1556 = CARTESIAN_POINT ( 'NONE',  ( -2.500000000000000888, 0.6716990566028304688, -0.1249999999999992506 ) ) ;
#1557 = ORIENTED_EDGE ( 'NONE', *, *, #6118, .F. ) ;
#1558 = DIRECTION ( 'NONE',  ( 0.000000000000000000, -1.000000000000000000, 0.000000000000000000 ) ) ;
#1559 = CARTESIAN_POINT ( 'NONE',  ( 0.6250000000000001110, 0.000000000000000000, 2.225000000000000533 ) ) ;
#1560 = DIRECTION ( 'NONE',  ( -0.000000000000000000, 0.000000000000000000, -1.000000000000000000 ) ) ;
#1562 = EDGE_CURVE ( 'NONE', #2466, #4993, #4014, .T. ) ;
#1561 = CARTESIAN_POINT ( 'NONE',  ( -2.225000000000000977, 0.1999999999999999833, -0.7499999999999993339 ) ) ;
#1563 = DIRECTION ( 'NONE',  ( 0.000000000000000000, 0.000000000000000000, 1.000000000000000000 ) ) ;
#1564 = ORIENTED_EDGE ( 'NONE', *, *, #874, .T. ) ;
#1565 = PRESENTATION_STYLE_ASSIGNMENT (( #5912 ) ) ;
#1566 = EDGE_CURVE ( 'NONE', #3760, #6175, #5096, .T. ) ;
#1567 = CIRCLE ( 'NONE', #4457, 0.1250000000000001110 ) ;
#1568 = DIRECTION ( 'NONE',  ( 0.000000000000000000, -1.000000000000000000, 0.000000000000000000 ) ) ;
#1569 = ORIENTED_EDGE ( 'NONE', *, *, #66, .F. ) ;
#1570 = DIRECTION ( 'NONE',  ( 0.000000000000000000, 0.000000000000000000, 1.000000000000000000 ) ) ;
#1571 = VERTEX_POINT ( 'NONE', #1963 ) ;
#1572 = ORIENTED_EDGE ( 'NONE', *, *, #6083, .F. ) ;
#1573 = CARTESIAN_POINT ( 'NONE',  ( 1.875000000000000000, 0.04999999999999969746, -2.500000000000000444 ) ) ;
#1574 = ORIENTED_EDGE ( 'NONE', *, *, #7540, .F. ) ;
#1575 = DIRECTION ( 'NONE',  ( 0.000000000000000000, -1.000000000000000000, 0.000000000000000000 ) ) ;
#1576 = ORIENTED_EDGE ( 'NONE', *, *, #5729, .T. ) ;
#1577 = FACE_OUTER_BOUND ( 'NONE', #7137, .T. ) ;
#1578 = LINE ( 'NONE', #7405, #7428 ) ;
#1579 = LINE ( 'NONE', #4354, #5104 ) ;
#1580 = DIRECTION ( 'NONE',  ( 0.000000000000000000, 0.000000000000000000, 1.000000000000000000 ) ) ;
#1581 = ORIENTED_EDGE ( 'NONE', *, *, #6017, .F. ) ;
#1582 = CARTESIAN_POINT ( 'NONE',  ( 2.500000000000000888, 0.6716990566028304688, -0.1249999999999992506 ) ) ;
#1583 = DIRECTION ( 'NONE',  ( 0.000000000000000000, 1.000000000000000000, 0.000000000000000000 ) ) ;
#1584 = CARTESIAN_POINT ( 'NONE',  ( -2.500000000000000888, 0.000000000000000000, 0.3750000000000007772 ) ) ;
#1585 = VERTEX_POINT ( 'NONE', #8641 ) ;
#1586 = VERTEX_POINT ( 'NONE', #6211 ) ;
#1587 = DIRECTION ( 'NONE',  ( 0.000000000000000000, -0.000000000000000000, 1.000000000000000000 ) ) ;
#1588 = ORIENTED_EDGE ( 'NONE', *, *, #9713, .F. ) ;
#1589 = ORIENTED_EDGE ( 'NONE', *, *, #7773, .F. ) ;
#1590 = CARTESIAN_POINT ( 'NONE',  ( 0.8749999999999996669, 0.2000000000000000111, 2.225000000000000533 ) ) ;
#1591 = VECTOR ( 'NONE', #650, 1000.000000000000000 ) ;
#1592 = DIRECTION ( 'NONE',  ( -0.000000000000000000, -1.000000000000000000, -0.000000000000000000 ) ) ;
#1593 = ORIENTED_EDGE ( 'NONE', *, *, #2473, .F. ) ;
#1594 = CARTESIAN_POINT ( 'NONE',  ( 1.674999999999999822, 5.079036790187180017, -1.724999999999999423 ) ) ;
#1595 = DIRECTION ( 'NONE',  ( -0.000000000000000000, -1.000000000000000000, -0.000000000000000000 ) ) ;
#1596 = CARTESIAN_POINT ( 'NONE',  ( 2.500000000000000000, 0.05000000000000000278, 2.499999999999999556 ) ) ;
#1597 = EDGE_CURVE ( 'NONE', #4515, #3485, #9589, .T. ) ;
#1598 = EDGE_CURVE ( 'NONE', #5143, #10750, #122, .T. ) ;
#1599 = EDGE_CURVE ( 'NONE', #7553, #9413, #9529, .T. ) ;
#1600 = VECTOR ( 'NONE', #6050, 1000.000000000000000 ) ;
#1601 = CARTESIAN_POINT ( 'NONE',  ( -1.749999999999999778, 0.2000000000000000111, -2.225000000000000533 ) ) ;
#1602 = DIRECTION ( 'NONE',  ( -0.000000000000000000, -0.000000000000000000, -1.000000000000000000 ) ) ;
#1603 = VERTEX_POINT ( 'NONE', #5251 ) ;
#1604 = FACE_OUTER_BOUND ( 'NONE', #8123, .T. ) ;
#1605 = DIRECTION ( 'NONE',  ( 0.000000000000000000, 0.000000000000000000, 1.000000000000000000 ) ) ;
#1606 = EDGE_CURVE ( 'NONE', #1192, #1235, #6148, .T. ) ;
#1607 = EDGE_CURVE ( 'NONE', #1773, #7523, #5633, .T. ) ;
#1608 = ORIENTED_EDGE ( 'NONE', *, *, #1657, .T. ) ;
#1609 = CIRCLE ( 'NONE', #2177, 0.1250000000000002220 ) ;
#1610 = DIRECTION ( 'NONE',  ( 0.000000000000000000, -1.000000000000000000, 0.000000000000000000 ) ) ;
#1611 = VECTOR ( 'NONE', #9625, 1000.000000000000000 ) ;
#1612 = LINE ( 'NONE', #50, #9002 ) ;
#1613 = CARTESIAN_POINT ( 'NONE',  ( 8.870745047608679724E-16, 0.05000000000000000278, -1.125000000000001110 ) ) ;
#1614 = DIRECTION ( 'NONE',  ( 0.000000000000000000, 1.000000000000000000, 0.000000000000000000 ) ) ;
#1615 = CARTESIAN_POINT ( 'NONE',  ( -2.225000000000000977, 0.6716990566028304688, -1.624999999999999556 ) ) ;
#1616 = ORIENTED_EDGE ( 'NONE', *, *, #1389, .F. ) ;
#1617 = SHAPE_DEFINITION_REPRESENTATION ( #4940, #6065 ) ;
#1618 = AXIS2_PLACEMENT_3D ( 'NONE', #10645, #8964, #8855 ) ;
#1619 = VECTOR ( 'NONE', #5171, 1000.000000000000000 ) ;
#1620 = LINE ( 'NONE', #6595, #10305 ) ;
#1621 = ORIENTED_EDGE ( 'NONE', *, *, #8747, .F. ) ;
#1622 = VECTOR ( 'NONE', #1000, 1000.000000000000000 ) ;
#1623 = CARTESIAN_POINT ( 'NONE',  ( -0.1250000000000001110, 0.2000000000000000111, 2.225000000000000533 ) ) ;
#1624 = ORIENTED_EDGE ( 'NONE', *, *, #2986, .F. ) ;
#1625 = ORIENTED_EDGE ( 'NONE', *, *, #8143, .T. ) ;
#1626 = DIRECTION ( 'NONE',  ( 0.000000000000000000, 1.000000000000000000, 0.000000000000000000 ) ) ;
#1627 = ORIENTED_EDGE ( 'NONE', *, *, #320, .T. ) ;
#1628 = EDGE_CURVE ( 'NONE', #8742, #10171, #2691, .T. ) ;
#1629 = DIRECTION ( 'NONE',  ( -1.000000000000000000, 0.000000000000000000, 0.000000000000000000 ) ) ;
#1630 = ADVANCED_FACE ( 'NONE', ( #5417 ), #3661, .T. ) ;
#1631 =( GEOMETRIC_REPRESENTATION_CONTEXT ( 3 ) GLOBAL_UNCERTAINTY_ASSIGNED_CONTEXT ( ( #670 ) ) GLOBAL_UNIT_ASSIGNED_CONTEXT ( ( #10406, #5233, #2460 ) ) REPRESENTATION_CONTEXT ( 'NONE', 'WORKASPACE' ) );
#1632 = CIRCLE ( 'NONE', #923, 0.1250000000000002220 ) ;
#1633 = VERTEX_POINT ( 'NONE', #10427 ) ;
#1634 = CYLINDRICAL_SURFACE ( 'NONE', #2867, 0.1250000000000001110 ) ;
#1635 = DIRECTION ( 'NONE',  ( 0.000000000000000000, -1.000000000000000000, 0.000000000000000000 ) ) ;
#1636 = LINE ( 'NONE', #10423, #6353 ) ;
#1637 = PLANE ( 'NONE',  #57 ) ;
#1638 = EDGE_LOOP ( 'NONE', ( #5972, #8834, #352, #6155 ) ) ;
#1639 = SURFACE_STYLE_FILL_AREA ( #10951 ) ;
#1640 = EDGE_CURVE ( 'NONE', #5515, #5785, #9594, .T. ) ;
#1641 = DIRECTION ( 'NONE',  ( 1.000000000000000000, 0.000000000000000000, 7.885106708985485090E-16 ) ) ;
#1642 = VECTOR ( 'NONE', #5686, 1000.000000000000000 ) ;
#1643 = VECTOR ( 'NONE', #9879, 1000.000000000000000 ) ;
#1644 = LINE ( 'NONE', #695, #2760 ) ;
#1645 = ORIENTED_EDGE ( 'NONE', *, *, #8324, .T. ) ;
#1646 = ORIENTED_EDGE ( 'NONE', *, *, #6387, .T. ) ;
#1647 = CYLINDRICAL_SURFACE ( 'NONE', #6368, 0.1250000000000002220 ) ;
#1648 = DIRECTION ( 'NONE',  ( 0.000000000000000000, -1.000000000000000000, 0.000000000000000000 ) ) ;
#1649 = ORIENTED_EDGE ( 'NONE', *, *, #916, .T. ) ;
#1650 = ORIENTED_EDGE ( 'NONE', *, *, #4739, .F. ) ;
#1651 = DIRECTION ( 'NONE',  ( 0.000000000000000000, 0.000000000000000000, 1.000000000000000000 ) ) ;
#1652 = VECTOR ( 'NONE', #9806, 1000.000000000000000 ) ;
#1653 = CIRCLE ( 'NONE', #5440, 0.1250000000000001110 ) ;
#1654 = DIRECTION ( 'NONE',  ( 0.000000000000000000, -1.000000000000000000, 0.000000000000000000 ) ) ;
#1655 = CARTESIAN_POINT ( 'NONE',  ( 2.500000000000000000, 0.05000000000000000278, -2.500000000000000444 ) ) ;
#1656 = VERTEX_POINT ( 'NONE', #3603 ) ;
#1657 = EDGE_CURVE ( 'NONE', #1394, #7740, #8753, .T. ) ;
#1658 = ORIENTED_EDGE ( 'NONE', *, *, #6734, .T. ) ;
#1659 = DIRECTION ( 'NONE',  ( -1.000000000000000000, -0.000000000000000000, 3.154042683594198769E-15 ) ) ;
#1660 = DIRECTION ( 'NONE',  ( 1.000000000000000000, 0.000000000000000000, -0.000000000000000000 ) ) ;
#1661 = LINE ( 'NONE', #1719, #5230 ) ;
#1662 = CIRCLE ( 'NONE', #4544, 0.1250000000000002220 ) ;
#1663 = DIRECTION ( 'NONE',  ( 0.000000000000000000, -0.000000000000000000, 1.000000000000000000 ) ) ;
#1664 = AXIS2_PLACEMENT_3D ( 'NONE', #806, #4238, #7693 ) ;
#1665 = CIRCLE ( 'NONE', #9949, 0.1250000000000001110 ) ;
#1666 = CARTESIAN_POINT ( 'NONE',  ( 0.8749999999999998890, 0.2000000000000000111, -2.225000000000000533 ) ) ;
#1667 = EDGE_CURVE ( 'NONE', #10081, #10330, #3438, .T. ) ;
#1668 = CARTESIAN_POINT ( 'NONE',  ( -0.1250000000000001110, 0.2000000000000000111, 2.500000000000000444 ) ) ;
#1669 = FACE_OUTER_BOUND ( 'NONE', #10166, .T. ) ;
#1670 = ORIENTED_EDGE ( 'NONE', *, *, #8917, .T. ) ;
#1671 = ORIENTED_EDGE ( 'NONE', *, *, #6790, .F. ) ;
#1672 = VECTOR ( 'NONE', #1949, 1000.000000000000000 ) ;
#1673 = LINE ( 'NONE', #11154, #2884 ) ;
#1674 = DIRECTION ( 'NONE',  ( 1.734723475976808475E-15, 0.000000000000000000, -1.000000000000000000 ) ) ;
#1675 = ADVANCED_FACE ( 'NONE', ( #2643 ), #7107, .F. ) ;
#1676 = DIRECTION ( 'NONE',  ( -1.000000000000000000, 0.000000000000000000, 0.000000000000000000 ) ) ;
#1677 = CARTESIAN_POINT ( 'NONE',  ( -1.950000000000000844, 0.8000000000000000444, -2.200000000000001066 ) ) ;
#1678 = LINE ( 'NONE', #787, #7968 ) ;
#1679 = EDGE_LOOP ( 'NONE', ( #3016, #4169, #3282, #3234 ) ) ;
#1680 = CIRCLE ( 'NONE', #7990, 0.1250000000000001110 ) ;
#1681 = CARTESIAN_POINT ( 'NONE',  ( -2.500000000000000000, 0.05000000000000000278, 2.499999999999999556 ) ) ;
#1682 = ORIENTED_EDGE ( 'NONE', *, *, #5947, .F. ) ;
#1683 = CARTESIAN_POINT ( 'NONE',  ( -1.084202172485503251E-15, 0.05000000000000000278, 1.374999999999998890 ) ) ;
#1684 = ORIENTED_EDGE ( 'NONE', *, *, #2924, .F. ) ;
#1685 = CARTESIAN_POINT ( 'NONE',  ( 2.225000000000000977, 0.6716990566028304688, 0.1250000000000005551 ) ) ;
#1686 = MECHANICAL_DESIGN_GEOMETRIC_PRESENTATION_REPRESENTATION (  '', ( #4941 ), #7998 ) ;
#1687 = LINE ( 'NONE', #799, #1062 ) ;
#1688 = VECTOR ( 'NONE', #3673, 1000.000000000000000 ) ;
#1689 = VERTEX_POINT ( 'NONE', #2591 ) ;
#1690 = DIRECTION ( 'NONE',  ( 0.000000000000000000, 1.000000000000000000, 0.000000000000000000 ) ) ;
#1691 = DIRECTION ( 'NONE',  ( -0.000000000000000000, -1.000000000000000000, -0.000000000000000000 ) ) ;
#1692 = VERTEX_POINT ( 'NONE', #7853 ) ;
#1693 = EDGE_CURVE ( 'NONE', #10761, #3040, #4461, .T. ) ;
#1694 = PRESENTATION_STYLE_ASSIGNMENT (( #6093 ) ) ;
#1695 = ADVANCED_FACE ( 'NONE', ( #2805 ), #1748, .T. ) ;
#1696 = CARTESIAN_POINT ( 'NONE',  ( 0.6250000000000001110, 0.04999999999999969746, 2.500000000000000444 ) ) ;
#1697 = VERTEX_POINT ( 'NONE', #8803 ) ;
#1698 = VECTOR ( 'NONE', #5742, 1000.000000000000000 ) ;
#1699 = ADVANCED_FACE ( 'NONE', ( #10539 ), #6096, .F. ) ;
#1700 = DIRECTION ( 'NONE',  ( 0.000000000000000000, 0.000000000000000000, -1.000000000000000000 ) ) ;
#1701 = DIRECTION ( 'NONE',  ( 0.000000000000000000, -1.000000000000000000, 0.000000000000000000 ) ) ;
#1702 = VERTEX_POINT ( 'NONE', #1802 ) ;
#1703 = EDGE_LOOP ( 'NONE', ( #8736, #5208, #10439, #3229, #6815 ) ) ;
#1704 = DIRECTION ( 'NONE',  ( -1.000000000000000000, 0.000000000000000000, -6.472848790958234544E-17 ) ) ;
#1705 = DIRECTION ( 'NONE',  ( 0.000000000000000000, 0.000000000000000000, -1.000000000000000000 ) ) ;
#1706 = VERTEX_POINT ( 'NONE', #230 ) ;
#1707 = VECTOR ( 'NONE', #1926, 1000.000000000000000 ) ;
#1708 = ORIENTED_EDGE ( 'NONE', *, *, #1717, .T. ) ;
#1709 = CARTESIAN_POINT ( 'NONE',  ( 2.225000000000000977, 0.05000000000000002359, -1.249999999999999334 ) ) ;
#1710 = CARTESIAN_POINT ( 'NONE',  ( 1.625000000000000222, 0.000000000000000000, 2.500000000000000444 ) ) ;
#1711 = DIRECTION ( 'NONE',  ( 0.000000000000000000, -1.000000000000000000, 0.000000000000000000 ) ) ;
#1712 = ORIENTED_EDGE ( 'NONE', *, *, #9346, .T. ) ;
#1713 = EDGE_LOOP ( 'NONE', ( #1670, #5355, #1708, #3675 ) ) ;
#1714 = EDGE_CURVE ( 'NONE', #792, #10617, #9692, .T. ) ;
#1715 = CARTESIAN_POINT ( 'NONE',  ( 2.225000000000000977, 0.1999999999999999833, -1.874999999999999556 ) ) ;
#1716 = DIRECTION ( 'NONE',  ( -1.000000000000000000, 0.000000000000000000, 0.000000000000000000 ) ) ;
#1717 = EDGE_CURVE ( 'NONE', #9274, #4025, #9977, .T. ) ;
#1718 = CLOSED_SHELL ( 'NONE', ( #458, #9889, #3164, #1454, #10941, #4183 ) ) ;
#1719 = CARTESIAN_POINT ( 'NONE',  ( -0.8749999999999998890, 0.1999999999999999833, 2.500000000000000444 ) ) ;
#1720 = VECTOR ( 'NONE', #8189, 1000.000000000000000 ) ;
#1721 = CARTESIAN_POINT ( 'NONE',  ( 0.3749999999999996669, 0.2000000000000000111, 2.225000000000000533 ) ) ;
#1722 = DIRECTION ( 'NONE',  ( 0.000000000000000000, -1.000000000000000000, 0.000000000000000000 ) ) ;
#1723 = EDGE_LOOP ( 'NONE', ( #1536, #10656, #9921, #531 ) ) ;
#1724 = CARTESIAN_POINT ( 'NONE',  ( 1.625000000000000444, 0.6716990566028303578, -2.225000000000000533 ) ) ;
#1725 = DIRECTION ( 'NONE',  ( -1.000000000000000000, -0.000000000000000000, 3.154042683594198769E-15 ) ) ;
#1726 = VECTOR ( 'NONE', #7762, 1000.000000000000000 ) ;
#1727 = ORIENTED_EDGE ( 'NONE', *, *, #2456, .T. ) ;
#1728 = FACE_OUTER_BOUND ( 'NONE', #3185, .T. ) ;
#1729 = EDGE_CURVE ( 'NONE', #3493, #1192, #8239, .T. ) ;
#1730 = LINE ( 'NONE', #7676, #4141 ) ;
#1731 = PRESENTATION_STYLE_ASSIGNMENT (( #7836 ) ) ;
#1732 = DIRECTION ( 'NONE',  ( 0.000000000000000000, 0.000000000000000000, -1.000000000000000000 ) ) ;
#1733 = DIRECTION ( 'NONE',  ( 0.000000000000000000, 0.000000000000000000, -1.000000000000000000 ) ) ;
#1734 = VERTEX_POINT ( 'NONE', #288 ) ;
#1735 = DIRECTION ( 'NONE',  ( -0.000000000000000000, -1.000000000000000000, -0.000000000000000000 ) ) ;
#1736 = EDGE_CURVE ( 'NONE', #678, #9720, #1662, .T. ) ;
#1737 = PLANE ( 'NONE',  #5060 ) ;
#1738 = EDGE_LOOP ( 'NONE', ( #9377, #7164, #10717, #9439 ) ) ;
#1739 = VECTOR ( 'NONE', #6471, 1000.000000000000000 ) ;
#1740 = CARTESIAN_POINT ( 'NONE',  ( -1.875000000000000444, 0.05000000000000000278, 2.499999999999999556 ) ) ;
#1741 = ADVANCED_FACE ( 'NONE', ( #2020 ), #340, .F. ) ;
#1742 = LINE ( 'NONE', #10419, #2322 ) ;
#1743 = FACE_OUTER_BOUND ( 'NONE', #7776, .T. ) ;
#1744 = DIRECTION ( 'NONE',  ( 1.000000000000000000, 0.000000000000000000, -3.154042683594199163E-15 ) ) ;
#1745 = ORIENTED_EDGE ( 'NONE', *, *, #1318, .T. ) ;
#1746 = VERTEX_POINT ( 'NONE', #2247 ) ;
#1747 = FACE_OUTER_BOUND ( 'NONE', #4696, .T. ) ;
#1748 = CYLINDRICAL_SURFACE ( 'NONE', #2391, 0.1250000000000001110 ) ;
#1749 = CARTESIAN_POINT ( 'NONE',  ( -3.942553354492531031E-16, 0.05000000000000000278, 0.1249999999999930889 ) ) ;
#1750 = ORIENTED_EDGE ( 'NONE', *, *, #2242, .T. ) ;
#1751 = ORIENTED_EDGE ( 'NONE', *, *, #5186, .T. ) ;
#1752 = CARTESIAN_POINT ( 'NONE',  ( 0.1250000000000003331, 0.6716990566028303578, -2.225000000000000533 ) ) ;
#1753 = EDGE_CURVE ( 'NONE', #2932, #4223, #10480, .T. ) ;
#1754 = FACE_OUTER_BOUND ( 'NONE', #6599, .T. ) ;
#1755 = ORIENTED_EDGE ( 'NONE', *, *, #9951, .T. ) ;
#1756 = VERTEX_POINT ( 'NONE', #3937 ) ;
#1757 = STYLED_ITEM ( 'NONE', ( #3776 ), #3642 ) ;
#1758 = EDGE_CURVE ( 'NONE', #2588, #680, #9029, .T. ) ;
#1759 = CARTESIAN_POINT ( 'NONE',  ( 3.548298019043452957E-15, 0.05000000000000000278, 1.124999999999993117 ) ) ;
#1760 = DIRECTION ( 'NONE',  ( -0.000000000000000000, -1.000000000000000000, 0.000000000000000000 ) ) ;
#1761 = LINE ( 'NONE', #9278, #5921 ) ;
#1762 = ORIENTED_EDGE ( 'NONE', *, *, #3043, .F. ) ;
#1763 = CARTESIAN_POINT ( 'NONE',  ( -1.749999999999999778, 0.2000000000000000111, -2.225000000000000533 ) ) ;
#1764 = PLANE ( 'NONE',  #2573 ) ;
#1765 = CARTESIAN_POINT ( 'NONE',  ( 1.625000000000000222, 0.1999999999999999833, -2.500000000000000444 ) ) ;
#1766 = LINE ( 'NONE', #1556, #698 ) ;
#1767 = VECTOR ( 'NONE', #490, 1000.000000000000000 ) ;
#1768 = ADVANCED_FACE ( 'NONE', ( #8859 ), #5534, .T. ) ;
#1769 = DIRECTION ( 'NONE',  ( 0.000000000000000000, 0.000000000000000000, -1.000000000000000000 ) ) ;
#1770 = ADVANCED_FACE ( 'NONE', ( #10594 ), #7393, .F. ) ;
#1771 =( NAMED_UNIT ( * ) PLANE_ANGLE_UNIT ( ) SI_UNIT ( $, .RADIAN. ) );
#1772 = LINE ( 'NONE', #7601, #3285 ) ;
#1773 = VERTEX_POINT ( 'NONE', #6378 ) ;
#1774 = DIRECTION ( 'NONE',  ( 0.000000000000000000, -0.000000000000000000, -1.000000000000000000 ) ) ;
#1775 = CARTESIAN_POINT ( 'NONE',  ( -0.3749999999999998890, 0.2000000000000000111, 2.225000000000000533 ) ) ;
#1776 = AXIS2_PLACEMENT_3D ( 'NONE', #1352, #1126, #8193 ) ;
#1777 = CARTESIAN_POINT ( 'NONE',  ( -1.875000000000000000, 0.1999999999999999833, 2.500000000000000444 ) ) ;
#1778 = LINE ( 'NONE', #7725, #1245 ) ;
#1779 = VERTEX_POINT ( 'NONE', #5476 ) ;
#1780 = VECTOR ( 'NONE', #1956, 1000.000000000000000 ) ;
#1781 = DIRECTION ( 'NONE',  ( -1.000000000000000000, 0.000000000000000000, 7.885106708985485090E-16 ) ) ;
#1782 = LINE ( 'NONE', #5234, #9361 ) ;
#1783 = PLANE ( 'NONE',  #10118 ) ;
#1784 = ORIENTED_EDGE ( 'NONE', *, *, #8040, .T. ) ;
#1785 = EDGE_CURVE ( 'NONE', #9358, #3141, #466, .T. ) ;
#1786 = CARTESIAN_POINT ( 'NONE',  ( 0.7500000000000002220, 0.2000000000000000111, -2.225000000000000533 ) ) ;
#1787 = VECTOR ( 'NONE', #5566, 1000.000000000000000 ) ;
#1788 = DIRECTION ( 'NONE',  ( 1.000000000000000000, 0.000000000000000000, 3.154042683594199163E-15 ) ) ;
#1789 = ORIENTED_EDGE ( 'NONE', *, *, #11006, .T. ) ;
#1790 = ORIENTED_EDGE ( 'NONE', *, *, #4674, .F. ) ;
#1791 = DIRECTION ( 'NONE',  ( 0.000000000000000000, 1.000000000000000000, 0.000000000000000000 ) ) ;
#1792 = DIRECTION ( 'NONE',  ( 0.000000000000000000, -0.000000000000000000, -1.000000000000000000 ) ) ;
#1793 = VECTOR ( 'NONE', #8883, 1000.000000000000000 ) ;
#1794 = CARTESIAN_POINT ( 'NONE',  ( 0.2499999999999997780, 0.1999999999999999833, 2.225000000000000533 ) ) ;
#1795 = EDGE_LOOP ( 'NONE', ( #1508, #1876, #7246, #9535 ) ) ;
#1796 = VECTOR ( 'NONE', #10224, 1000.000000000000000 ) ;
#1797 = FILL_AREA_STYLE ('',( #8636 ) ) ;
#1798 = AXIS2_PLACEMENT_3D ( 'NONE', #59, #5354, #111 ) ;
#1799 = EDGE_LOOP ( 'NONE', ( #1518, #6443, #8924, #10811 ) ) ;
#1800 = EDGE_CURVE ( 'NONE', #4133, #10436, #8920, .T. ) ;
#1801 = FILL_AREA_STYLE ('',( #18 ) ) ;
#1802 = CARTESIAN_POINT ( 'NONE',  ( 1.375000000000000000, 0.000000000000000000, -2.500000000000000444 ) ) ;
#1803 = CARTESIAN_POINT ( 'NONE',  ( 0.1250000000000001110, 0.1999999999999999833, 2.225000000000000533 ) ) ;
#1804 = VERTEX_POINT ( 'NONE', #8970 ) ;
#1805 = ORIENTED_EDGE ( 'NONE', *, *, #10350, .T. ) ;
#1806 = VECTOR ( 'NONE', #3751, 1000.000000000000000 ) ;
#1807 = AXIS2_PLACEMENT_3D ( 'NONE', #1709, #3343, #6898 ) ;
#1808 = DIRECTION ( 'NONE',  ( -1.000000000000000000, 0.000000000000000000, -0.000000000000000000 ) ) ;
#1809 = ORIENTED_EDGE ( 'NONE', *, *, #9663, .T. ) ;
#1810 = ORIENTED_EDGE ( 'NONE', *, *, #9745, .F. ) ;
#1811 = CARTESIAN_POINT ( 'NONE',  ( -1.950000000000000844, 0.04289321881345033172, -2.200000000000001066 ) ) ;
#1812 = EDGE_CURVE ( 'NONE', #5050, #4856, #3092, .T. ) ;
#1813 = EDGE_CURVE ( 'NONE', #9328, #4680, #9054, .T. ) ;
#1814 = DIRECTION ( 'NONE',  ( 1.734723475976808475E-15, 0.000000000000000000, 1.000000000000000000 ) ) ;
#1815 =( GEOMETRIC_REPRESENTATION_CONTEXT ( 3 ) GLOBAL_UNCERTAINTY_ASSIGNED_CONTEXT ( ( #2366 ) ) GLOBAL_UNIT_ASSIGNED_CONTEXT ( ( #9893, #2113, #10802 ) ) REPRESENTATION_CONTEXT ( 'NONE', 'WORKASPACE' ) );
#1816 = DIRECTION ( 'NONE',  ( 1.000000000000000000, 0.000000000000000000, -7.885106708985485090E-16 ) ) ;
#1817 = EDGE_LOOP ( 'NONE', ( #2732, #2181, #347, #9211 ) ) ;
#1818 = CARTESIAN_POINT ( 'NONE',  ( -1.375000000000000000, 0.1999999999999999833, 2.500000000000000444 ) ) ;
#1819 = VECTOR ( 'NONE', #10743, 1000.000000000000000 ) ;
#1820 = DIRECTION ( 'NONE',  ( 0.000000000000000000, 0.000000000000000000, -1.000000000000000000 ) ) ;
#1821 = DIRECTION ( 'NONE',  ( 0.7071067811865482389, -0.000000000000000000, 0.7071067811865469066 ) ) ;
#1822 = VECTOR ( 'NONE', #4064, 1000.000000000000000 ) ;
#1823 = CARTESIAN_POINT ( 'NONE',  ( 0.6250000000000001110, 0.2000000000000000111, 2.500000000000000444 ) ) ;
#1824 = SURFACE_SIDE_STYLE ('',( #9500 ) ) ;
#1825 = EDGE_CURVE ( 'NONE', #1239, #4498, #8127, .T. ) ;
#1826 = PLANE ( 'NONE',  #6635 ) ;
#1827 = ORIENTED_EDGE ( 'NONE', *, *, #2081, .F. ) ;
#1828 = ORIENTED_EDGE ( 'NONE', *, *, #10589, .F. ) ;
#1829 =( LENGTH_UNIT ( ) NAMED_UNIT ( * ) SI_UNIT ( .MILLI., .METRE. ) );
#1830 = CARTESIAN_POINT ( 'NONE',  ( 1.625000000000000222, 0.2000000000000000111, 2.500000000000000444 ) ) ;
#1831 = DIRECTION ( 'NONE',  ( 0.000000000000000000, 1.000000000000000000, -0.000000000000000000 ) ) ;
#1832 = CIRCLE ( 'NONE', #6884, 0.1250000000000001110 ) ;
#1833 = ADVANCED_FACE ( 'NONE', ( #3830 ), #4569, .T. ) ;
#1834 = ORIENTED_EDGE ( 'NONE', *, *, #2559, .F. ) ;
#1835 = ORIENTED_EDGE ( 'NONE', *, *, #5860, .T. ) ;
#1836 = DIRECTION ( 'NONE',  ( 1.000000000000000000, 0.000000000000000000, 3.154042683594199163E-15 ) ) ;
#1837 = LINE ( 'NONE', #5906, #2677 ) ;
#1838 = AXIS2_PLACEMENT_3D ( 'NONE', #4147, #5224, #42 ) ;
#1839 = SURFACE_STYLE_FILL_AREA ( #9567 ) ;
#1840 = DIRECTION ( 'NONE',  ( 0.000000000000000000, -1.000000000000000000, 0.000000000000000000 ) ) ;
#1841 = LINE ( 'NONE', #10188, #7057 ) ;
#1842 = ORIENTED_EDGE ( 'NONE', *, *, #4227, .T. ) ;
#1843 = AXIS2_PLACEMENT_3D ( 'NONE', #8287, #6647, #10933 ) ;
#1844 = ADVANCED_FACE ( 'NONE', ( #8185 ), #7340, .T. ) ;
#1845 = CARTESIAN_POINT ( 'NONE',  ( -1.125000000000000222, 0.04999999999999969746, -2.500000000000000444 ) ) ;
#1846 = VECTOR ( 'NONE', #7174, 1000.000000000000000 ) ;
#1847 = EDGE_LOOP ( 'NONE', ( #6825, #505, #10569, #6556 ) ) ;
#1848 = PLANE ( 'NONE',  #4146 ) ;
#1849 = ORIENTED_EDGE ( 'NONE', *, *, #4387, .F. ) ;
#1850 = ORIENTED_EDGE ( 'NONE', *, *, #7650, .T. ) ;
#1851 = DIRECTION ( 'NONE',  ( 0.000000000000000000, 0.000000000000000000, -1.000000000000000000 ) ) ;
#1852 = LINE ( 'NONE', #2681, #10794 ) ;
#1853 = EDGE_CURVE ( 'NONE', #9599, #2956, #6487, .T. ) ;
#1854 = DIRECTION ( 'NONE',  ( 7.885106708985485090E-16, 0.000000000000000000, -1.000000000000000000 ) ) ;
#1855 = AXIS2_PLACEMENT_3D ( 'NONE', #7189, #7020, #10567 ) ;
#1856 = DIRECTION ( 'NONE',  ( 0.000000000000000000, 1.000000000000000000, 0.000000000000000000 ) ) ;
#1857 = ORIENTED_EDGE ( 'NONE', *, *, #95, .F. ) ;
#1858 = CARTESIAN_POINT ( 'NONE',  ( -0.1250000000000001110, 0.6716990566028303578, 2.225000000000000533 ) ) ;
#1859 =( GEOMETRIC_REPRESENTATION_CONTEXT ( 3 ) GLOBAL_UNCERTAINTY_ASSIGNED_CONTEXT ( ( #9757 ) ) GLOBAL_UNIT_ASSIGNED_CONTEXT ( ( #10904, #2483, #7417 ) ) REPRESENTATION_CONTEXT ( 'NONE', 'WORKASPACE' ) );
#1860 = ORIENTED_EDGE ( 'NONE', *, *, #8716, .T. ) ;
#1861 = CARTESIAN_POINT ( 'NONE',  ( -1.250000000000000222, 0.2000000000000000111, 2.225000000000000533 ) ) ;
#1862 = CARTESIAN_POINT ( 'NONE',  ( -1.950000000000000844, 0.04289321881345033172, -1.699999999999999512 ) ) ;
#1863 = VECTOR ( 'NONE', #11007, 1000.000000000000000 ) ;
#1864 = DIRECTION ( 'NONE',  ( 1.000000000000000000, -0.000000000000000000, 1.734723475976808475E-15 ) ) ;
#1865 = ORIENTED_EDGE ( 'NONE', *, *, #532, .F. ) ;
#1866 = VERTEX_POINT ( 'NONE', #8458 ) ;
#1867 = AXIS2_PLACEMENT_3D ( 'NONE', #10342, #3345, #11082 ) ;
#1868 = DIRECTION ( 'NONE',  ( 1.000000000000000000, 0.000000000000000000, -3.154042683594199163E-15 ) ) ;
#1869 = CARTESIAN_POINT ( 'NONE',  ( 2.225000000000000977, 0.6716990566028304688, -0.6249999999999994449 ) ) ;
#1870 = ADVANCED_FACE ( 'NONE', ( #3317 ), #8515, .F. ) ;
#1871 = ORIENTED_EDGE ( 'NONE', *, *, #7650, .F. ) ;
#1872 = VERTEX_POINT ( 'NONE', #4850 ) ;
#1873 = AXIS2_PLACEMENT_3D ( 'NONE', #4244, #856, #10954 ) ;
#1874 = DIRECTION ( 'NONE',  ( 1.000000000000000000, 0.000000000000000000, 3.154042683594199163E-15 ) ) ;
#1875 = PLANE ( 'NONE',  #1118 ) ;
#1876 = ORIENTED_EDGE ( 'NONE', *, *, #10835, .T. ) ;
#1877 = CARTESIAN_POINT ( 'NONE',  ( -2.225000000000000977, 0.6716990566028304688, 0.3750000000000005551 ) ) ;
#1878 = ORIENTED_EDGE ( 'NONE', *, *, #9288, .F. ) ;
#1879 = DIRECTION ( 'NONE',  ( 0.000000000000000000, 1.000000000000000000, 0.000000000000000000 ) ) ;
#1880 = DIRECTION ( 'NONE',  ( 0.000000000000000000, -1.000000000000000000, 0.000000000000000000 ) ) ;
#1881 = ADVANCED_FACE ( 'NONE', ( #4907 ), #7505, .F. ) ;
#1882 = VECTOR ( 'NONE', #4538, 1000.000000000000000 ) ;
#1883 = DIRECTION ( 'NONE',  ( 0.000000000000000000, 0.000000000000000000, 1.000000000000000000 ) ) ;
#1884 = CARTESIAN_POINT ( 'NONE',  ( -1.125000000000000222, 0.1999999999999999833, 2.225000000000000533 ) ) ;
#1885 = ORIENTED_EDGE ( 'NONE', *, *, #516, .F. ) ;
#1886 = EDGE_LOOP ( 'NONE', ( #7690, #7422, #1151, #3115 ) ) ;
#1887 = VECTOR ( 'NONE', #6683, 1000.000000000000000 ) ;
#1888 = CARTESIAN_POINT ( 'NONE',  ( -1.875000000000000000, 0.000000000000000000, 2.225000000000000533 ) ) ;
#1889 = CARTESIAN_POINT ( 'NONE',  ( 1.625000000000000222, 0.000000000000000000, -2.500000000000000444 ) ) ;
#1890 = ORIENTED_EDGE ( 'NONE', *, *, #1550, .T. ) ;
#1891 = ORIENTED_EDGE ( 'NONE', *, *, #1813, .F. ) ;
#1892 = PLANE ( 'NONE',  #6107 ) ;
#1893 = ADVANCED_FACE ( 'NONE', ( #5021 ), #10080, .T. ) ;
#1894 = FACE_OUTER_BOUND ( 'NONE', #5140, .T. ) ;
#1895 = DIRECTION ( 'NONE',  ( 0.000000000000000000, -1.000000000000000000, 0.000000000000000000 ) ) ;
#1896 = PLANE ( 'NONE',  #8497 ) ;
#1897 = EDGE_CURVE ( 'NONE', #7288, #7115, #6761, .T. ) ;
#1898 = CARTESIAN_POINT ( 'NONE',  ( 2.500000000000000444, 0.6716990566028304688, 1.125000000000000888 ) ) ;
#1899 = EDGE_LOOP ( 'NONE', ( #2622, #8398, #10812, #5419 ) ) ;
#1900 = CARTESIAN_POINT ( 'NONE',  ( -2.500000000000000000, 0.05000000000000000278, 2.499999999999999556 ) ) ;
#1901 = DIRECTION ( 'NONE',  ( 0.000000000000000000, 0.000000000000000000, -1.000000000000000000 ) ) ;
#1902 = PLANE ( 'NONE',  #1798 ) ;
#1903 = ORIENTED_EDGE ( 'NONE', *, *, #5098, .T. ) ;
#1904 = CARTESIAN_POINT ( 'NONE',  ( 1.875000000000000000, 0.000000000000000000, -2.225000000000000533 ) ) ;
#1905 = VECTOR ( 'NONE', #10664, 1000.000000000000000 ) ;
#1906 = ADVANCED_FACE ( 'NONE', ( #2297 ), #10192, .F. ) ;
#1907 = CARTESIAN_POINT ( 'NONE',  ( 2.500000000000000444, 0.6716990566028304688, -0.8749999999999990008 ) ) ;
#1908 = EDGE_CURVE ( 'NONE', #9720, #5861, #4052, .T. ) ;
#1909 = EDGE_CURVE ( 'NONE', #9954, #1372, #5273, .T. ) ;
#1910 = CARTESIAN_POINT ( 'NONE',  ( 1.875000000000000000, 0.1999999999999999833, 2.500000000000000444 ) ) ;
#1911 = ORIENTED_EDGE ( 'NONE', *, *, #7495, .T. ) ;
#1912 = CARTESIAN_POINT ( 'NONE',  ( -2.225000000000000977, 0.6716990566028304688, -1.749999999999999334 ) ) ;
#1913 = CARTESIAN_POINT ( 'NONE',  ( 1.875000000000000000, 0.1999999999999999833, -2.225000000000000533 ) ) ;
#1914 = DIRECTION ( 'NONE',  ( 1.000000000000000000, -0.000000000000000000, -0.000000000000000000 ) ) ;
#1915 = CARTESIAN_POINT ( 'NONE',  ( 1.125000000000000222, 0.000000000000000000, 2.225000000000000533 ) ) ;
#1916 = EDGE_LOOP ( 'NONE', ( #7110, #9800, #1712, #4650 ) ) ;
#1917 = ORIENTED_EDGE ( 'NONE', *, *, #4249, .F. ) ;
#1918 =( NAMED_UNIT ( * ) SI_UNIT ( $, .STERADIAN. ) SOLID_ANGLE_UNIT ( ) );
#1919 = FACE_OUTER_BOUND ( 'NONE', #2564, .T. ) ;
#1920 = ORIENTED_EDGE ( 'NONE', *, *, #10432, .T. ) ;
#1921 = ORIENTED_EDGE ( 'NONE', *, *, #11151, .T. ) ;
#1922 = DIRECTION ( 'NONE',  ( 0.000000000000000000, -1.000000000000000000, 0.000000000000000000 ) ) ;
#1923 = CARTESIAN_POINT ( 'NONE',  ( -0.7500000000000002220, 0.1999999999999999833, 2.100000000000000089 ) ) ;
#1924 = ORIENTED_EDGE ( 'NONE', *, *, #830, .F. ) ;
#1925 = CARTESIAN_POINT ( 'NONE',  ( -2.500000000000000888, 0.000000000000000000, 0.8750000000000007772 ) ) ;
#1926 = DIRECTION ( 'NONE',  ( -1.734723475976808475E-15, 0.000000000000000000, -1.000000000000000000 ) ) ;
#1927 = EDGE_CURVE ( 'NONE', #7503, #1283, #8158, .T. ) ;
#1928 = CARTESIAN_POINT ( 'NONE',  ( 2.225000000000000977, 0.000000000000000000, 1.875000000000000666 ) ) ;
#1929 = VECTOR ( 'NONE', #4057, 1000.000000000000000 ) ;
#1930 = CARTESIAN_POINT ( 'NONE',  ( -2.225000000000000977, 0.000000000000000000, 0.7500000000000006661 ) ) ;
#1931 = DIRECTION ( 'NONE',  ( 0.000000000000000000, 0.000000000000000000, -1.000000000000000000 ) ) ;
#1932 = ORIENTED_EDGE ( 'NONE', *, *, #9501, .T. ) ;
#1933 = EDGE_CURVE ( 'NONE', #4536, #10640, #5754, .T. ) ;
#1934 = ORIENTED_EDGE ( 'NONE', *, *, #9549, .F. ) ;
#1935 = EDGE_CURVE ( 'NONE', #4246, #7120, #4165, .T. ) ;
#1936 = CARTESIAN_POINT ( 'NONE',  ( -2.500000000000000444, 0.6716990566028304688, -1.374999999999999112 ) ) ;
#1937 = CARTESIAN_POINT ( 'NONE',  ( 0.8749999999999998890, 0.000000000000000000, 2.225000000000000533 ) ) ;
#1938 = EDGE_CURVE ( 'NONE', #4307, #10190, #5914, .T. ) ;
#1939 = VERTEX_POINT ( 'NONE', #567 ) ;
#1940 = ORIENTED_EDGE ( 'NONE', *, *, #2110, .T. ) ;
#1941 = VERTEX_POINT ( 'NONE', #9349 ) ;
#1942 = CYLINDRICAL_SURFACE ( 'NONE', #8472, 0.1250000000000001110 ) ;
#1943 = DIRECTION ( 'NONE',  ( -1.000000000000000000, 0.000000000000000000, -0.000000000000000000 ) ) ;
#1944 = CARTESIAN_POINT ( 'NONE',  ( -0.3749999999999998890, 0.2000000000000000111, 2.500000000000000444 ) ) ;
#1945 = DIRECTION ( 'NONE',  ( 0.000000000000000000, -0.000000000000000000, -1.000000000000000000 ) ) ;
#1946 = ORIENTED_EDGE ( 'NONE', *, *, #8088, .F. ) ;
#1947 = EDGE_CURVE ( 'NONE', #451, #5134, #1620, .T. ) ;
#1948 = VECTOR ( 'NONE', #3398, 1000.000000000000000 ) ;
#1949 = DIRECTION ( 'NONE',  ( 0.000000000000000000, -1.000000000000000000, 0.000000000000000000 ) ) ;
#1950 = EDGE_CURVE ( 'NONE', #2385, #6220, #677, .T. ) ;
#1951 = DIRECTION ( 'NONE',  ( 0.000000000000000000, 0.000000000000000000, 1.000000000000000000 ) ) ;
#1952 = CARTESIAN_POINT ( 'NONE',  ( 1.625000000000000444, 0.2000000000000000111, -2.225000000000000533 ) ) ;
#1953 = ORIENTED_EDGE ( 'NONE', *, *, #10982, .F. ) ;
#1954 = SURFACE_SIDE_STYLE ('',( #8795 ) ) ;
#1955 = AXIS2_PLACEMENT_3D ( 'NONE', #1039, #5285, #4488 ) ;
#1956 = DIRECTION ( 'NONE',  ( -1.000000000000000000, 0.000000000000000000, 3.154042683594199163E-15 ) ) ;
#1957 = CARTESIAN_POINT ( 'NONE',  ( 1.625000000000000222, 0.2000000000000000111, 2.225000000000000533 ) ) ;
#1958 = ORIENTED_EDGE ( 'NONE', *, *, #3127, .F. ) ;
#1959 = ADVANCED_FACE ( 'NONE', ( #3368 ), #6812, .F. ) ;
#1960 = DIRECTION ( 'NONE',  ( 0.000000000000000000, -1.000000000000000000, 0.000000000000000000 ) ) ;
#1961 = AXIS2_PLACEMENT_3D ( 'NONE', #2915, #9804, #9853 ) ;
#1962 = EDGE_CURVE ( 'NONE', #8807, #652, #10882, .T. ) ;
#1963 = CARTESIAN_POINT ( 'NONE',  ( -0.7500000000000002220, 0.000000000000000000, 2.100000000000000089 ) ) ;
#1964 = LINE ( 'NONE', #9813, #5685 ) ;
#1965 = EDGE_CURVE ( 'NONE', #4536, #4406, #8349, .T. ) ;
#1966 = VERTEX_POINT ( 'NONE', #9140 ) ;
#1967 = EDGE_CURVE ( 'NONE', #10107, #1706, #1397, .T. ) ;
#1968 = PLANE ( 'NONE',  #1776 ) ;
#1969 = CIRCLE ( 'NONE', #6303, 0.1250000000000001110 ) ;
#1970 = ORIENTED_EDGE ( 'NONE', *, *, #5562, .T. ) ;
#1971 = AXIS2_PLACEMENT_3D ( 'NONE', #1040, #6185, #4489 ) ;
#1972 = ORIENTED_EDGE ( 'NONE', *, *, #3489, .T. ) ;
#1973 = UNCERTAINTY_MEASURE_WITH_UNIT (LENGTH_MEASURE( 1.000000000000000082E-05 ), #2141, 'distance_accuracy_value', 'NONE');
#1974 = VECTOR ( 'NONE', #4398, 1000.000000000000000 ) ;
#1975 = EDGE_CURVE ( 'NONE', #2939, #8807, #10666, .T. ) ;
#1976 = DIRECTION ( 'NONE',  ( 1.000000000000000000, 0.000000000000000000, -3.154042683594199163E-15 ) ) ;
#1977 = LINE ( 'NONE', #5429, #3116 ) ;
#1978 = ORIENTED_EDGE ( 'NONE', *, *, #8501, .F. ) ;
#1979 = CARTESIAN_POINT ( 'NONE',  ( 2.225000000000000977, 0.6716990566028304688, 0.3750000000000005551 ) ) ;
#1980 = MECHANICAL_DESIGN_GEOMETRIC_PRESENTATION_REPRESENTATION (  '', ( #8294 ), #4878 ) ;
#1981 = VECTOR ( 'NONE', #1194, 1000.000000000000000 ) ;
#1982 = DIRECTION ( 'NONE',  ( 0.000000000000000000, -0.000000000000000000, 1.000000000000000000 ) ) ;
#1983 = EDGE_CURVE ( 'NONE', #2847, #6678, #8569, .T. ) ;
#1984 = FACE_OUTER_BOUND ( 'NONE', #5892, .T. ) ;
#1985 = DIRECTION ( 'NONE',  ( -1.000000000000000000, 0.000000000000000000, -1.913297951445008115E-16 ) ) ;
#1986 = COLOUR_RGB ( '',0.7921568627450980005, 0.8196078431372548767, 0.9333333333333333481 ) ;
#1987 = ADVANCED_FACE ( 'NONE', ( #56 ), #6197, .F. ) ;
#1988 = VECTOR ( 'NONE', #5529, 1000.000000000000000 ) ;
#1989 = CARTESIAN_POINT ( 'NONE',  ( 1.125000000000000222, 0.05000000000000000278, 0.000000000000000000 ) ) ;
#1990 = LINE ( 'NONE', #7243, #11032 ) ;
#1991 = ORIENTED_EDGE ( 'NONE', *, *, #9185, .F. ) ;
#1992 = ORIENTED_EDGE ( 'NONE', *, *, #1933, .T. ) ;
#1993 = PLANE ( 'NONE',  #7082 ) ;
#1994 = LINE ( 'NONE', #145, #3672 ) ;
#1995 = ORIENTED_EDGE ( 'NONE', *, *, #4504, .F. ) ;
#1996 = STYLED_ITEM ( 'NONE', ( #10971 ), #7663 ) ;
#1997 = VECTOR ( 'NONE', #3364, 1000.000000000000000 ) ;
#1998 = CARTESIAN_POINT ( 'NONE',  ( -2.225000000000000977, 0.1999999999999999833, 0.6250000000000004441 ) ) ;
#1999 = LINE ( 'NONE', #5455, #9715 ) ;
#2000 = EDGE_CURVE ( 'NONE', #11108, #2715, #4279, .T. ) ;
#2001 = DIRECTION ( 'NONE',  ( 0.000000000000000000, -1.000000000000000000, 0.000000000000000000 ) ) ;
#2002 = CARTESIAN_POINT ( 'NONE',  ( 2.225000000000000977, 0.000000000000000000, 1.125000000000000666 ) ) ;
#2003 = VECTOR ( 'NONE', #4008, 1000.000000000000000 ) ;
#2004 = CARTESIAN_POINT ( 'NONE',  ( -1.950000000000000844, 0.8000000000000000444, -1.950000000000000400 ) ) ;
#2005 = ORIENTED_EDGE ( 'NONE', *, *, #2528, .F. ) ;
#2006 = LINE ( 'NONE', #4612, #947 ) ;
#2007 = DIRECTION ( 'NONE',  ( 0.000000000000000000, -1.000000000000000000, 0.000000000000000000 ) ) ;
#2008 = ORIENTED_EDGE ( 'NONE', *, *, #3018, .F. ) ;
#2009 = CARTESIAN_POINT ( 'NONE',  ( -2.225000000000000977, 0.000000000000000000, -0.8749999999999994449 ) ) ;
#2010 = EDGE_LOOP ( 'NONE', ( #3207, #903, #3158, #1576 ) ) ;
#2011 = VECTOR ( 'NONE', #1563, 1000.000000000000000 ) ;
#2012 = LINE ( 'NONE', #1219, #1084 ) ;
#2013 = EDGE_CURVE ( 'NONE', #2860, #3493, #9635, .T. ) ;
#2014 = DIRECTION ( 'NONE',  ( -0.000000000000000000, -1.000000000000000000, -0.000000000000000000 ) ) ;
#2015 = CARTESIAN_POINT ( 'NONE',  ( -1.725000000000000533, 5.079036790187180017, 1.675000000000000711 ) ) ;
#2016 = DIRECTION ( 'NONE',  ( 0.000000000000000000, 0.000000000000000000, 1.000000000000000000 ) ) ;
#2017 = ORIENTED_EDGE ( 'NONE', *, *, #10633, .T. ) ;
#2018 = VECTOR ( 'NONE', #3154, 1000.000000000000000 ) ;
#2019 = AXIS2_PLACEMENT_3D ( 'NONE', #4689, #2262, #1300 ) ;
#2020 = FACE_OUTER_BOUND ( 'NONE', #7303, .T. ) ;
#2021 = ORIENTED_EDGE ( 'NONE', *, *, #5576, .T. ) ;
#2022 = CARTESIAN_POINT ( 'NONE',  ( 2.225000000000000977, 0.6716990566028304688, -0.3749999999999994449 ) ) ;
#2023 = EDGE_LOOP ( 'NONE', ( #763, #9370, #8935, #1266 ) ) ;
#2024 = VERTEX_POINT ( 'NONE', #4497 ) ;
#2025 = SURFACE_SIDE_STYLE ('',( #10544 ) ) ;
#2026 = ORIENTED_EDGE ( 'NONE', *, *, #10324, .F. ) ;
#2027 = DIRECTION ( 'NONE',  ( -0.000000000000000000, 0.000000000000000000, -1.000000000000000000 ) ) ;
#2028 = AXIS2_PLACEMENT_3D ( 'NONE', #3573, #3409, #3524 ) ;
#2029 = EDGE_LOOP ( 'NONE', ( #8095, #4280, #1627, #9587 ) ) ;
#2030 = ORIENTED_EDGE ( 'NONE', *, *, #4698, .F. ) ;
#2031 = ADVANCED_FACE ( 'NONE', ( #110 ), #215, .F. ) ;
#2032 = EDGE_CURVE ( 'NONE', #346, #3893, #3535, .T. ) ;
#2033 = EDGE_CURVE ( 'NONE', #5608, #8788, #10411, .T. ) ;
#2034 = DIRECTION ( 'NONE',  ( 0.000000000000000000, -0.000000000000000000, 1.000000000000000000 ) ) ;
#2035 = CARTESIAN_POINT ( 'NONE',  ( -2.225000000000000977, 0.1999999999999999833, 0.3750000000000005551 ) ) ;
#2036 = VERTEX_POINT ( 'NONE', #3648 ) ;
#2037 = CARTESIAN_POINT ( 'NONE',  ( 2.225000000000000977, 0.05000000000000002359, 0.6250000000000005551 ) ) ;
#2038 = CARTESIAN_POINT ( 'NONE',  ( 1.875000000000000000, 0.000000000000000000, -2.225000000000000533 ) ) ;
#2039 = CIRCLE ( 'NONE', #2752, 0.1250000000000001110 ) ;
#2040 = CYLINDRICAL_SURFACE ( 'NONE', #9876, 0.1250000000000001110 ) ;
#2041 = EDGE_LOOP ( 'NONE', ( #2199, #69, #10607, #3435 ) ) ;
#2042 = CARTESIAN_POINT ( 'NONE',  ( -2.225000000000000977, 0.000000000000000000, -0.1249999999999994588 ) ) ;
#2043 = VECTOR ( 'NONE', #9160, 1000.000000000000000 ) ;
#2044 = CIRCLE ( 'NONE', #3662, 0.1250000000000001110 ) ;
#2045 = EDGE_CURVE ( 'NONE', #9126, #8889, #2630, .T. ) ;
#2046 = CARTESIAN_POINT ( 'NONE',  ( -2.225000000000000977, 0.000000000000000000, -0.3749999999999994449 ) ) ;
#2047 = EDGE_CURVE ( 'NONE', #6454, #9067, #11106, .T. ) ;
#2048 = DIRECTION ( 'NONE',  ( -7.885106708985485090E-16, 0.000000000000000000, -1.000000000000000000 ) ) ;
#2049 = VERTEX_POINT ( 'NONE', #10307 ) ;
#2050 = VERTEX_POINT ( 'NONE', #2 ) ;
#2051 = FACE_OUTER_BOUND ( 'NONE', #6270, .T. ) ;
#2052 = DIRECTION ( 'NONE',  ( 0.000000000000000000, 0.000000000000000000, -1.000000000000000000 ) ) ;
#2053 = AXIS2_PLACEMENT_3D ( 'NONE', #9670, #2779, #7987 ) ;
#2054 = ORIENTED_EDGE ( 'NONE', *, *, #10340, .T. ) ;
#2055 = EDGE_CURVE ( 'NONE', #8647, #8698, #8582, .T. ) ;
#2056 = ORIENTED_EDGE ( 'NONE', *, *, #1908, .F. ) ;
#2057 = VERTEX_POINT ( 'NONE', #1845 ) ;
#2058 = DIRECTION ( 'NONE',  ( 0.000000000000000000, 0.000000000000000000, 1.000000000000000000 ) ) ;
#2059 = ORIENTED_EDGE ( 'NONE', *, *, #310, .T. ) ;
#2060 = DIRECTION ( 'NONE',  ( 0.000000000000000000, -1.000000000000000000, 0.000000000000000000 ) ) ;
#2061 = AXIS2_PLACEMENT_3D ( 'NONE', #7008, #1879, #8028 ) ;
#2062 = LINE ( 'NONE', #5512, #9552 ) ;
#2063 = DIRECTION ( 'NONE',  ( 0.000000000000000000, -1.000000000000000000, 0.000000000000000000 ) ) ;
#2064 = FACE_OUTER_BOUND ( 'NONE', #2811, .T. ) ;
#2065 = EDGE_LOOP ( 'NONE', ( #7962, #9591, #10409, #8961 ) ) ;
#2066 = FACE_OUTER_BOUND ( 'NONE', #262, .T. ) ;
#2067 = EDGE_LOOP ( 'NONE', ( #10625, #4031, #2122, #5547 ) ) ;
#2068 = CARTESIAN_POINT ( 'NONE',  ( -0.1250000000000001110, 0.000000000000000000, -2.500000000000000444 ) ) ;
#2069 = ORIENTED_EDGE ( 'NONE', *, *, #8203, .F. ) ;
#2070 = EDGE_CURVE ( 'NONE', #858, #1159, #3703, .T. ) ;
#2071 = ORIENTED_EDGE ( 'NONE', *, *, #9027, .T. ) ;
#2072 = DIRECTION ( 'NONE',  ( 0.000000000000000000, 1.000000000000000000, 0.000000000000000000 ) ) ;
#2073 = ORIENTED_EDGE ( 'NONE', *, *, #3532, .T. ) ;
#2074 = SURFACE_SIDE_STYLE ('',( #9018 ) ) ;
#2075 = CYLINDRICAL_SURFACE ( 'NONE', #7756, 0.1250000000000001110 ) ;
#2076 = CARTESIAN_POINT ( 'NONE',  ( 1.625000000000000222, 0.6716990566028303578, 2.500000000000000444 ) ) ;
#2077 = CARTESIAN_POINT ( 'NONE',  ( -1.125000000000000222, 0.2000000000000000111, 2.500000000000000444 ) ) ;
#2078 = DIRECTION ( 'NONE',  ( 0.000000000000000000, 0.000000000000000000, 1.000000000000000000 ) ) ;
#2079 = ORIENTED_EDGE ( 'NONE', *, *, #4160, .T. ) ;
#2080 = FILL_AREA_STYLE ('',( #6314 ) ) ;
#2081 = EDGE_CURVE ( 'NONE', #10785, #11132, #946, .T. ) ;
#2082 = EDGE_CURVE ( 'NONE', #2486, #8647, #158, .T. ) ;
#2083 = DIRECTION ( 'NONE',  ( 0.000000000000000000, -0.000000000000000000, 1.000000000000000000 ) ) ;
#2084 = ORIENTED_EDGE ( 'NONE', *, *, #7672, .T. ) ;
#2085 = EDGE_CURVE ( 'NONE', #2810, #9088, #7788, .T. ) ;
#2086 = STYLED_ITEM ( 'NONE', ( #519 ), #3696 ) ;
#2087 = DIRECTION ( 'NONE',  ( 1.000000000000000000, 0.000000000000000000, 0.000000000000000000 ) ) ;
#2088 = ORIENTED_EDGE ( 'NONE', *, *, #2511, .T. ) ;
#2089 = EDGE_LOOP ( 'NONE', ( #8863, #2558, #4871, #2675 ) ) ;
#2090 = ORIENTED_EDGE ( 'NONE', *, *, #1947, .T. ) ;
#2091 = CARTESIAN_POINT ( 'NONE',  ( -1.725000000000000533, 0.1999999999999996503, 1.675000000000000711 ) ) ;
#2092 = ORIENTED_EDGE ( 'NONE', *, *, #1318, .F. ) ;
#2093 = ORIENTED_EDGE ( 'NONE', *, *, #943, .T. ) ;
#2094 = LINE ( 'NONE', #5488, #6374 ) ;
#2095 = PLANE ( 'NONE',  #5456 ) ;
#2096 = ORIENTED_EDGE ( 'NONE', *, *, #2511, .F. ) ;
#2097 = CARTESIAN_POINT ( 'NONE',  ( 2.225000000000000977, 0.6716990566028304688, -0.1249999999999994588 ) ) ;
#2098 = EDGE_CURVE ( 'NONE', #1746, #3779, #8738, .T. ) ;
#2099 = LINE ( 'NONE', #8144, #433 ) ;
#2100 = ORIENTED_EDGE ( 'NONE', *, *, #7729, .T. ) ;
#2101 = CARTESIAN_POINT ( 'NONE',  ( -6.899468370362290455E-16, 0.05000000000000000278, 0.8749999999999987788 ) ) ;
#2102 = CARTESIAN_POINT ( 'NONE',  ( -2.225000000000000977, 0.1999999999999999833, -0.6249999999999994449 ) ) ;
#2103 = DIRECTION ( 'NONE',  ( -1.000000000000000000, 0.000000000000000000, 1.734723475976808475E-15 ) ) ;
#2104 = ORIENTED_EDGE ( 'NONE', *, *, #2117, .F. ) ;
#2105 = ORIENTED_EDGE ( 'NONE', *, *, #7950, .F. ) ;
#2106 = CARTESIAN_POINT ( 'NONE',  ( -2.225000000000000977, 0.1999999999999999833, 0.8750000000000005551 ) ) ;
#2107 = CARTESIAN_POINT ( 'NONE',  ( -2.225000000000000977, 0.000000000000000000, -1.749999999999999334 ) ) ;
#2108 = ADVANCED_FACE ( 'NONE', ( #4449 ), #3585, .F. ) ;
#2109 = ADVANCED_FACE ( 'NONE', ( #8848 ), #8002, .T. ) ;
#2110 = EDGE_CURVE ( 'NONE', #7843, #3734, #2843, .T. ) ;
#2111 = LINE ( 'NONE', #4305, #7377 ) ;
#2112 = LINE ( 'NONE', #2727, #7018 ) ;
#2113 =( NAMED_UNIT ( * ) PLANE_ANGLE_UNIT ( ) SI_UNIT ( $, .RADIAN. ) );
#2114 = LINE ( 'NONE', #2837, #177 ) ;
#2115 = LINE ( 'NONE', #2962, #9229 ) ;
#2116 = ORIENTED_EDGE ( 'NONE', *, *, #7773, .T. ) ;
#2117 = EDGE_CURVE ( 'NONE', #9206, #1586, #9848, .T. ) ;
#2118 = CARTESIAN_POINT ( 'NONE',  ( 1.375000000000000000, 0.000000000000000000, 2.225000000000000533 ) ) ;
#2119 = VERTEX_POINT ( 'NONE', #2068 ) ;
#2120 = LINE ( 'NONE', #551, #3488 ) ;
#2121 = DIRECTION ( 'NONE',  ( 7.885106708985485090E-16, 0.000000000000000000, -1.000000000000000000 ) ) ;
#2122 = ORIENTED_EDGE ( 'NONE', *, *, #1938, .T. ) ;
#2123 = AXIS2_PLACEMENT_3D ( 'NONE', #2403, #5851, #10868 ) ;
#2124 = ORIENTED_EDGE ( 'NONE', *, *, #566, .F. ) ;
#2125 = LINE ( 'NONE', #452, #9718 ) ;
#2126 = VERTEX_POINT ( 'NONE', #5400 ) ;
#2127 = DIRECTION ( 'NONE',  ( -0.000000000000000000, -1.000000000000000000, -0.000000000000000000 ) ) ;
#2128 = VECTOR ( 'NONE', #2888, 1000.000000000000000 ) ;
#2129 = SURFACE_STYLE_USAGE ( .BOTH. , #8008 ) ;
#2130 = PLANE ( 'NONE',  #6133 ) ;
#2131 = VECTOR ( 'NONE', #8819, 1000.000000000000000 ) ;
#2132 = DIRECTION ( 'NONE',  ( 0.000000000000000000, 0.000000000000000000, -1.000000000000000000 ) ) ;
#2133 = EDGE_CURVE ( 'NONE', #6439, #860, #9681, .T. ) ;
#2134 = ORIENTED_EDGE ( 'NONE', *, *, #11080, .T. ) ;
#2135 = DIRECTION ( 'NONE',  ( 0.000000000000000000, -0.000000000000000000, -1.000000000000000000 ) ) ;
#2136 = ORIENTED_EDGE ( 'NONE', *, *, #7406, .F. ) ;
#2137 = AXIS2_PLACEMENT_3D ( 'NONE', #6350, #9785, #1836 ) ;
#2138 = FACE_OUTER_BOUND ( 'NONE', #7147, .T. ) ;
#2139 = ORIENTED_EDGE ( 'NONE', *, *, #2082, .F. ) ;
#2140 = EDGE_LOOP ( 'NONE', ( #4565, #8039, #6120, #10959 ) ) ;
#2141 =( LENGTH_UNIT ( ) NAMED_UNIT ( * ) SI_UNIT ( .MILLI., .METRE. ) );
#2142 = FACE_OUTER_BOUND ( 'NONE', #956, .T. ) ;
#2143 = ORIENTED_EDGE ( 'NONE', *, *, #5709, .F. ) ;
#2144 = ORIENTED_EDGE ( 'NONE', *, *, #2634, .T. ) ;
#2145 = ADVANCED_FACE ( 'NONE', ( #6253 ), #3925, .F. ) ;
#2146 = VECTOR ( 'NONE', #10533, 1000.000000000000000 ) ;
#2147 = FACE_OUTER_BOUND ( 'NONE', #4482, .T. ) ;
#2148 = CARTESIAN_POINT ( 'NONE',  ( -2.500000000000000888, 0.04999999999999969746, 0.8750000000000007772 ) ) ;
#2149 = EDGE_LOOP ( 'NONE', ( #3571, #2364, #10693, #3369 ) ) ;
#2150 = LINE ( 'NONE', #2265, #10895 ) ;
#2151 = PLANE ( 'NONE',  #10505 ) ;
#2152 = ORIENTED_EDGE ( 'NONE', *, *, #1326, .F. ) ;
#2153 = CARTESIAN_POINT ( 'NONE',  ( -1.625000000000000222, 0.2000000000000000111, -2.500000000000000444 ) ) ;
#2154 = AXIS2_PLACEMENT_3D ( 'NONE', #10185, #2458, #7940 ) ;
#2155 = EDGE_CURVE ( 'NONE', #2895, #6520, #5712, .T. ) ;
#2156 = DIRECTION ( 'NONE',  ( 0.000000000000000000, -1.000000000000000000, 0.000000000000000000 ) ) ;
#2157 = STYLED_ITEM ( 'NONE', ( #1058 ), #7273 ) ;
#2158 = CARTESIAN_POINT ( 'NONE',  ( 2.500000000000000888, 0.000000000000000000, 0.3750000000000007772 ) ) ;
#2159 = ORIENTED_EDGE ( 'NONE', *, *, #5290, .F. ) ;
#2160 = ORIENTED_EDGE ( 'NONE', *, *, #3549, .F. ) ;
#2161 = CIRCLE ( 'NONE', #8112, 0.1250000000000002220 ) ;
#2162 = CARTESIAN_POINT ( 'NONE',  ( -1.375000000000000000, 0.000000000000000000, -2.500000000000000444 ) ) ;
#2163 = LINE ( 'NONE', #6516, #10522 ) ;
#2164 = AXIS2_PLACEMENT_3D ( 'NONE', #3021, #9073, #333 ) ;
#2165 = MECHANICAL_DESIGN_GEOMETRIC_PRESENTATION_REPRESENTATION (  '', ( #7585 ), #5062 ) ;
#2166 = VECTOR ( 'NONE', #2836, 1000.000000000000000 ) ;
#2167 = DIRECTION ( 'NONE',  ( 0.000000000000000000, -0.000000000000000000, 1.000000000000000000 ) ) ;
#2168 = AXIS2_PLACEMENT_3D ( 'NONE', #9881, #3178, #5780 ) ;
#2169 = FACE_OUTER_BOUND ( 'NONE', #2992, .T. ) ;
#2170 = CARTESIAN_POINT ( 'NONE',  ( -1.125000000000000444, 0.000000000000000000, 2.225000000000000533 ) ) ;
#2171 = ADVANCED_FACE ( 'NONE', ( #9069 ), #10580, .F. ) ;
#2172 = CARTESIAN_POINT ( 'NONE',  ( 1.374999999999999778, 0.2000000000000000111, 2.225000000000000533 ) ) ;
#2173 = EDGE_CURVE ( 'NONE', #10290, #11015, #6302, .T. ) ;
#2174 = FACE_OUTER_BOUND ( 'NONE', #5969, .T. ) ;
#2175 = VERTEX_POINT ( 'NONE', #5462 ) ;
#2176 = CARTESIAN_POINT ( 'NONE',  ( -1.749999999999999778, 0.2000000000000000111, -2.225000000000000533 ) ) ;
#2177 = AXIS2_PLACEMENT_3D ( 'NONE', #1243, #9936, #3680 ) ;
#2178 = LINE ( 'NONE', #9796, #7517 ) ;
#2179 = ORIENTED_EDGE ( 'NONE', *, *, #1105, .F. ) ;
#2180 = DIRECTION ( 'NONE',  ( -0.000000000000000000, -0.000000000000000000, -1.000000000000000000 ) ) ;
#2181 = ORIENTED_EDGE ( 'NONE', *, *, #386, .F. ) ;
#2182 = LINE ( 'NONE', #3253, #10259 ) ;
#2183 = AXIS2_PLACEMENT_3D ( 'NONE', #7131, #6282, #7013 ) ;
#2184 = CARTESIAN_POINT ( 'NONE',  ( -1.375000000000000000, 0.6716990566028303578, 2.500000000000000444 ) ) ;
#2185 = DIRECTION ( 'NONE',  ( -0.000000000000000000, -1.000000000000000000, -0.000000000000000000 ) ) ;
#2186 = ORIENTED_EDGE ( 'NONE', *, *, #265, .F. ) ;
#2187 = LINE ( 'NONE', #8282, #5828 ) ;
#2188 = EDGE_CURVE ( 'NONE', #6220, #6472, #4445, .T. ) ;
#2189 = COLOUR_RGB ( '',0.7921568627450980005, 0.8196078431372548767, 0.9333333333333333481 ) ;
#2190 = DIRECTION ( 'NONE',  ( 0.000000000000000000, -0.000000000000000000, 1.000000000000000000 ) ) ;
#2191 = CIRCLE ( 'NONE', #1468, 0.1250000000000001110 ) ;
#2192 = EDGE_LOOP ( 'NONE', ( #2143, #5731, #10850, #3367 ) ) ;
#2193 = DIRECTION ( 'NONE',  ( -0.000000000000000000, -1.000000000000000000, -0.000000000000000000 ) ) ;
#2194 = EDGE_LOOP ( 'NONE', ( #5225, #10019, #686, #5637 ) ) ;
#2195 = ORIENTED_EDGE ( 'NONE', *, *, #8284, .F. ) ;
#2196 = DIRECTION ( 'NONE',  ( 1.000000000000000000, 0.000000000000000000, 0.000000000000000000 ) ) ;
#2197 = ADVANCED_FACE ( 'NONE', ( #5577 ), #449, .T. ) ;
#2198 = CARTESIAN_POINT ( 'NONE',  ( 0.8749999999999998890, 0.6716990566028303578, -2.225000000000000533 ) ) ;
#2199 = ORIENTED_EDGE ( 'NONE', *, *, #3626, .F. ) ;
#2200 = EDGE_LOOP ( 'NONE', ( #3918, #9583 ) ) ;
#2201 = AXIS2_PLACEMENT_3D ( 'NONE', #4410, #7048, #3499 ) ;
#2202 = LINE ( 'NONE', #10945, #8835 ) ;
#2203 = VECTOR ( 'NONE', #5823, 1000.000000000000000 ) ;
#2204 = VECTOR ( 'NONE', #7538, 1000.000000000000000 ) ;
#2205 = SURFACE_STYLE_USAGE ( .BOTH. , #7185 ) ;
#2206 = CARTESIAN_POINT ( 'NONE',  ( 2.225000000000000977, 0.6716990566028304688, 1.375000000000000666 ) ) ;
#2207 = CARTESIAN_POINT ( 'NONE',  ( -1.625000000000000222, 0.2000000000000000111, -2.225000000000000533 ) ) ;
#2208 = EDGE_LOOP ( 'NONE', ( #10200, #8560, #4470, #3421 ) ) ;
#2209 = CARTESIAN_POINT ( 'NONE',  ( 0.8749999999999998890, 0.6716990566028303578, 2.500000000000000444 ) ) ;
#2210 = DIRECTION ( 'NONE',  ( -0.000000000000000000, -1.000000000000000000, -0.000000000000000000 ) ) ;
#2211 =( GEOMETRIC_REPRESENTATION_CONTEXT ( 3 ) GLOBAL_UNCERTAINTY_ASSIGNED_CONTEXT ( ( #10705 ) ) GLOBAL_UNIT_ASSIGNED_CONTEXT ( ( #1829, #10399, #10191 ) ) REPRESENTATION_CONTEXT ( 'NONE', 'WORKASPACE' ) );
#2212 = VECTOR ( 'NONE', #5350, 1000.000000000000000 ) ;
#2213 = FACE_OUTER_BOUND ( 'NONE', #475, .T. ) ;
#2214 = ADVANCED_FACE ( 'NONE', ( #8906 ), #10749, .F. ) ;
#2215 = PLANE ( 'NONE',  #6313 ) ;
#2216 = AXIS2_PLACEMENT_3D ( 'NONE', #8041, #6346, #9779 ) ;
#2217 = DIRECTION ( 'NONE',  ( 0.000000000000000000, 0.000000000000000000, 1.000000000000000000 ) ) ;
#2218 = VERTEX_POINT ( 'NONE', #1215 ) ;
#2219 = ORIENTED_EDGE ( 'NONE', *, *, #1185, .F. ) ;
#2220 = FACE_OUTER_BOUND ( 'NONE', #6858, .T. ) ;
#2221 = CARTESIAN_POINT ( 'NONE',  ( -1.950000000000000844, 0.7500000000000000000, -1.950000000000000400 ) ) ;
#2222 = ADVANCED_FACE ( 'NONE', ( #4613 ), #9011, .F. ) ;
#2223 = EDGE_CURVE ( 'NONE', #213, #6036, #7326, .T. ) ;
#2224 = EDGE_CURVE ( 'NONE', #5861, #9126, #5632, .T. ) ;
#2225 = AXIS2_PLACEMENT_3D ( 'NONE', #609, #6633, #6470 ) ;
#2226 = AXIS2_PLACEMENT_3D ( 'NONE', #3297, #2446, #9329 ) ;
#2227 = PLANE ( 'NONE',  #7931 ) ;
#2228 = ORIENTED_EDGE ( 'NONE', *, *, #10797, .T. ) ;
#2229 = CARTESIAN_POINT ( 'NONE',  ( -2.225000000000000977, 0.1999999999999999833, 1.250000000000000666 ) ) ;
#2230 = CARTESIAN_POINT ( 'NONE',  ( -0.6250000000000001110, 0.000000000000000000, 2.225000000000000533 ) ) ;
#2231 = CARTESIAN_POINT ( 'NONE',  ( -0.3749999999999998890, 0.2000000000000000111, 2.500000000000000444 ) ) ;
#2232 = CIRCLE ( 'NONE', #11078, 0.1250000000000001110 ) ;
#2233 = CARTESIAN_POINT ( 'NONE',  ( -1.725000000000000533, 0.000000000000000000, -1.724999999999999867 ) ) ;
#2234 = VERTEX_POINT ( 'NONE', #9901 ) ;
#2235 = DIRECTION ( 'NONE',  ( 0.000000000000000000, 0.000000000000000000, 1.000000000000000000 ) ) ;
#2236 = EDGE_CURVE ( 'NONE', #6878, #4932, #2178, .T. ) ;
#2237 = DIRECTION ( 'NONE',  ( 1.000000000000000000, 0.000000000000000000, -0.000000000000000000 ) ) ;
#2238 = ORIENTED_EDGE ( 'NONE', *, *, #2808, .T. ) ;
#2239 = EDGE_CURVE ( 'NONE', #2252, #9156, #5192, .T. ) ;
#2240 = ORIENTED_EDGE ( 'NONE', *, *, #5709, .T. ) ;
#2241 = AXIS2_PLACEMENT_3D ( 'NONE', #2209, #5670, #4184 ) ;
#2242 = EDGE_CURVE ( 'NONE', #10333, #6059, #1766, .T. ) ;
#2243 = CARTESIAN_POINT ( 'NONE',  ( 2.500000000000000888, 0.1999999999999999833, -1.624999999999999334 ) ) ;
#2244 = DIRECTION ( 'NONE',  ( 0.000000000000000000, 0.000000000000000000, 1.000000000000000000 ) ) ;
#2245 = PLANE ( 'NONE',  #591 ) ;
#2246 = ORIENTED_EDGE ( 'NONE', *, *, #9490, .F. ) ;
#2247 = CARTESIAN_POINT ( 'NONE',  ( 2.500000000000000000, 0.8000000000000003775, -2.500000000000000444 ) ) ;
#2248 = VERTEX_POINT ( 'NONE', #7491 ) ;
#2249 = EDGE_CURVE ( 'NONE', #9736, #5515, #1384, .T. ) ;
#2250 = LINE ( 'NONE', #9142, #5868 ) ;
#2251 = EDGE_LOOP ( 'NONE', ( #968, #9141, #7202, #3175, #8531 ) ) ;
#2252 = VERTEX_POINT ( 'NONE', #8334 ) ;
#2253 = DIRECTION ( 'NONE',  ( 0.000000000000000000, 0.000000000000000000, -1.000000000000000000 ) ) ;
#2254 = CLOSED_SHELL ( 'NONE', ( #9634, #1507, #1675, #6285, #7294, #1061, #4113 ) ) ;
#2255 = ADVANCED_FACE ( 'NONE', ( #8448 ), #6636, .T. ) ;
#2256 = CARTESIAN_POINT ( 'NONE',  ( 0.8749999999999998890, 0.000000000000000000, -2.500000000000000444 ) ) ;
#2257 = ADVANCED_FACE ( 'NONE', ( #10922 ), #2286, .F. ) ;
#2258 = ORIENTED_EDGE ( 'NONE', *, *, #3209, .F. ) ;
#2259 = ORIENTED_EDGE ( 'NONE', *, *, #8840, .T. ) ;
#2260 = CARTESIAN_POINT ( 'NONE',  ( -1.875000000000000000, 0.2000000000000000111, 2.500000000000000444 ) ) ;
#2261 = CARTESIAN_POINT ( 'NONE',  ( 2.225000000000000977, 0.1999999999999999833, 1.375000000000000666 ) ) ;
#2262 = DIRECTION ( 'NONE',  ( -0.000000000000000000, -1.000000000000000000, -0.000000000000000000 ) ) ;
#2263 = VERTEX_POINT ( 'NONE', #9181 ) ;
#2264 = AXIS2_PLACEMENT_3D ( 'NONE', #6111, #6961, #4370 ) ;
#2265 = CARTESIAN_POINT ( 'NONE',  ( 0.3749999999999998890, 0.2000000000000000111, -2.500000000000000444 ) ) ;
#2266 = DIRECTION ( 'NONE',  ( -0.000000000000000000, -1.000000000000000000, -0.000000000000000000 ) ) ;
#2267 = ORIENTED_EDGE ( 'NONE', *, *, #7575, .T. ) ;
#2268 = VERTEX_POINT ( 'NONE', #553 ) ;
#2269 = PLANE ( 'NONE',  #3782 ) ;
#2270 = DIRECTION ( 'NONE',  ( 0.000000000000000000, 0.000000000000000000, 1.000000000000000000 ) ) ;
#2271 = CARTESIAN_POINT ( 'NONE',  ( -1.249999999999999778, 0.000000000000000000, -2.225000000000000533 ) ) ;
#2272 = ORIENTED_EDGE ( 'NONE', *, *, #4533, .F. ) ;
#2273 = ORIENTED_EDGE ( 'NONE', *, *, #1096, .T. ) ;
#2274 = DIRECTION ( 'NONE',  ( 0.000000000000000000, -1.000000000000000000, 0.000000000000000000 ) ) ;
#2275 = PLANE ( 'NONE',  #10516 ) ;
#2276 = AXIS2_PLACEMENT_3D ( 'NONE', #503, #2007, #1273 ) ;
#2277 = CARTESIAN_POINT ( 'NONE',  ( -1.749999999999999778, 0.2000000000000000111, -2.225000000000000533 ) ) ;
#2278 = ADVANCED_FACE ( 'NONE', ( #4837 ), #9962, .T. ) ;
#2279 = PRESENTATION_STYLE_ASSIGNMENT (( #7431 ) ) ;
#2280 = DIRECTION ( 'NONE',  ( 0.000000000000000000, 1.000000000000000000, 0.000000000000000000 ) ) ;
#2281 = ADVANCED_FACE ( 'NONE', ( #4094 ), #8273, .F. ) ;
#2282 = CARTESIAN_POINT ( 'NONE',  ( 2.225000000000000977, 0.1999999999999999833, -1.249999999999999334 ) ) ;
#2283 = EDGE_CURVE ( 'NONE', #2268, #11137, #4041, .T. ) ;
#2284 = LINE ( 'NONE', #6749, #424 ) ;
#2285 = PLANE ( 'NONE',  #2225 ) ;
#2286 = CYLINDRICAL_SURFACE ( 'NONE', #6988, 0.1250000000000001110 ) ;
#2287 = ORIENTED_EDGE ( 'NONE', *, *, #3149, .T. ) ;
#2288 = ORIENTED_EDGE ( 'NONE', *, *, #7832, .T. ) ;
#2289 = PLANE ( 'NONE',  #1466 ) ;
#2290 = DIRECTION ( 'NONE',  ( -1.000000000000000000, 0.000000000000000000, -3.154042683594198769E-15 ) ) ;
#2291 = SURFACE_STYLE_USAGE ( .BOTH. , #8341 ) ;
#2292 = CARTESIAN_POINT ( 'NONE',  ( 0.3749999999999998890, 0.2000000000000000111, 2.500000000000000444 ) ) ;
#2293 = ADVANCED_FACE ( 'NONE', ( #1440 ), #1500, .T. ) ;
#2294 = FACE_OUTER_BOUND ( 'NONE', #5863, .T. ) ;
#2295 = ORIENTED_EDGE ( 'NONE', *, *, #7342, .T. ) ;
#2296 = AXIS2_PLACEMENT_3D ( 'NONE', #4662, #383, #39 ) ;
#2297 = FACE_OUTER_BOUND ( 'NONE', #5655, .T. ) ;
#2298 = VERTEX_POINT ( 'NONE', #10067 ) ;
#2299 = CARTESIAN_POINT ( 'NONE',  ( -2.500000000000000444, 0.1999999999999999833, 1.625000000000001110 ) ) ;
#2300 = ORIENTED_EDGE ( 'NONE', *, *, #872, .F. ) ;
#2301 = ORIENTED_EDGE ( 'NONE', *, *, #7807, .T. ) ;
#2302 = DIRECTION ( 'NONE',  ( 0.000000000000000000, 1.000000000000000000, -0.000000000000000000 ) ) ;
#2303 = ORIENTED_EDGE ( 'NONE', *, *, #10074, .F. ) ;
#2304 = AXIS2_PLACEMENT_3D ( 'NONE', #2271, #10963, #4879 ) ;
#2305 = PLANE ( 'NONE',  #5756 ) ;
#2306 = ORIENTED_EDGE ( 'NONE', *, *, #2586, .T. ) ;
#2307 = ORIENTED_EDGE ( 'NONE', *, *, #6888, .T. ) ;
#2308 = CARTESIAN_POINT ( 'NONE',  ( -0.8749999999999998890, 0.6716990566028303578, -2.500000000000000444 ) ) ;
#2309 = DIRECTION ( 'NONE',  ( 0.000000000000000000, 0.000000000000000000, -1.000000000000000000 ) ) ;
#2310 = DIRECTION ( 'NONE',  ( -3.154042683594199163E-15, 0.000000000000000000, 1.000000000000000000 ) ) ;
#2311 = CYLINDRICAL_SURFACE ( 'NONE', #420, 0.1250000000000001110 ) ;
#2312 = ORIENTED_EDGE ( 'NONE', *, *, #10070, .T. ) ;
#2313 = SURFACE_SIDE_STYLE ('',( #1639 ) ) ;
#2314 = VECTOR ( 'NONE', #9375, 1000.000000000000000 ) ;
#2315 = EDGE_CURVE ( 'NONE', #10676, #10258, #6693, .T. ) ;
#2316 = PLANE ( 'NONE',  #9611 ) ;
#2317 = ADVANCED_FACE ( 'NONE', ( #8661 ), #666, .F. ) ;
#2318 = FACE_OUTER_BOUND ( 'NONE', #3412, .T. ) ;
#2319 = ORIENTED_EDGE ( 'NONE', *, *, #8393, .T. ) ;
#2320 = ORIENTED_EDGE ( 'NONE', *, *, #1257, .F. ) ;
#2321 = DIRECTION ( 'NONE',  ( -1.000000000000000000, 0.000000000000000000, 3.154042683594199163E-15 ) ) ;
#2322 = VECTOR ( 'NONE', #8745, 1000.000000000000000 ) ;
#2323 = CARTESIAN_POINT ( 'NONE',  ( 1.750000000000000222, 0.04999999999999999584, -2.225000000000000533 ) ) ;
#2324 = FACE_OUTER_BOUND ( 'NONE', #410, .T. ) ;
#2325 = VERTEX_POINT ( 'NONE', #4960 ) ;
#2326 = ORIENTED_EDGE ( 'NONE', *, *, #5842, .F. ) ;
#2327 = EDGE_CURVE ( 'NONE', #4909, #5508, #2612, .T. ) ;
#2328 = CARTESIAN_POINT ( 'NONE',  ( 2.500000000000000888, 0.04999999999999969746, -1.624999999999999334 ) ) ;
#2329 = FACE_OUTER_BOUND ( 'NONE', #2530, .T. ) ;
#2330 = VECTOR ( 'NONE', #10235, 1000.000000000000000 ) ;
#2331 = ADVANCED_FACE ( 'NONE', ( #6583 ), #5744, .F. ) ;
#2332 = CARTESIAN_POINT ( 'NONE',  ( 2.500000000000000000, 0.05000000000000000278, -2.500000000000000444 ) ) ;
#2333 = AXIS2_PLACEMENT_3D ( 'NONE', #6258, #9642, #8117 ) ;
#2334 = AXIS2_PLACEMENT_3D ( 'NONE', #7536, #8326, #9062 ) ;
#2335 = DIRECTION ( 'NONE',  ( -0.000000000000000000, -1.000000000000000000, 0.000000000000000000 ) ) ;
#2336 = VECTOR ( 'NONE', #4074, 1000.000000000000000 ) ;
#2337 = LINE ( 'NONE', #9957, #3107 ) ;
#2338 = CARTESIAN_POINT ( 'NONE',  ( -2.500000000000000888, 0.04999999999999969746, 1.375000000000000888 ) ) ;
#2339 = DIRECTION ( 'NONE',  ( 0.000000000000000000, -1.000000000000000000, 0.000000000000000000 ) ) ;
#2340 = LINE ( 'NONE', #926, #10050 ) ;
#2341 = MECHANICAL_DESIGN_GEOMETRIC_PRESENTATION_REPRESENTATION (  '', ( #10626 ), #1631 ) ;
#2342 = VECTOR ( 'NONE', #8312, 1000.000000000000000 ) ;
#2343 = ORIENTED_EDGE ( 'NONE', *, *, #6459, .F. ) ;
#2344 = FILL_AREA_STYLE ('',( #7445 ) ) ;
#2345 = EDGE_CURVE ( 'NONE', #2325, #1586, #5020, .T. ) ;
#2346 = AXIS2_PLACEMENT_3D ( 'NONE', #5963, #6806, #8619 ) ;
#2347 = DIRECTION ( 'NONE',  ( 3.154042683594199163E-15, 0.000000000000000000, 1.000000000000000000 ) ) ;
#2348 = UNCERTAINTY_MEASURE_WITH_UNIT (LENGTH_MEASURE( 1.000000000000000082E-05 ), #10234, 'distance_accuracy_value', 'NONE');
#2349 = CARTESIAN_POINT ( 'NONE',  ( 2.225000000000000977, 0.1999999999999999833, 0.8750000000000005551 ) ) ;
#2350 = AXIS2_PLACEMENT_3D ( 'NONE', #11031, #7770, #8499 ) ;
#2351 = CYLINDRICAL_SURFACE ( 'NONE', #8147, 0.1250000000000001110 ) ;
#2352 = ORIENTED_EDGE ( 'NONE', *, *, #10404, .T. ) ;
#2353 = VECTOR ( 'NONE', #6507, 1000.000000000000000 ) ;
#2354 = CARTESIAN_POINT ( 'NONE',  ( -2.225000000000000977, 0.6716990566028304688, 0.8750000000000005551 ) ) ;
#2355 = CARTESIAN_POINT ( 'NONE',  ( -2.500000000000000888, 0.6716990566028304688, 0.8750000000000007772 ) ) ;
#2356 = EDGE_LOOP ( 'NONE', ( #3903, #759, #5349, #8434 ) ) ;
#2357 = EDGE_CURVE ( 'NONE', #10858, #10843, #2340, .T. ) ;
#2358 = EDGE_CURVE ( 'NONE', #680, #1019, #10808, .T. ) ;
#2359 = CARTESIAN_POINT ( 'NONE',  ( -0.2500000000000002220, 0.1999999999999999833, 2.225000000000000533 ) ) ;
#2360 = ORIENTED_EDGE ( 'NONE', *, *, #10700, .T. ) ;
#2361 = ORIENTED_EDGE ( 'NONE', *, *, #3118, .F. ) ;
#2362 = VECTOR ( 'NONE', #461, 1000.000000000000000 ) ;
#2363 = CYLINDRICAL_SURFACE ( 'NONE', #10368, 0.1250000000000001110 ) ;
#2364 = ORIENTED_EDGE ( 'NONE', *, *, #1967, .F. ) ;
#2365 = DIRECTION ( 'NONE',  ( 0.000000000000000000, 0.000000000000000000, 1.000000000000000000 ) ) ;
#2366 = UNCERTAINTY_MEASURE_WITH_UNIT (LENGTH_MEASURE( 1.000000000000000082E-05 ), #9893, 'distance_accuracy_value', 'NONE');
#2367 = VERTEX_POINT ( 'NONE', #7179 ) ;
#2368 = PLANE ( 'NONE',  #8659 ) ;
#2369 = DIRECTION ( 'NONE',  ( -1.734723475976808475E-15, 0.000000000000000000, -1.000000000000000000 ) ) ;
#2370 = LINE ( 'NONE', #7352, #2203 ) ;
#2371 = VECTOR ( 'NONE', #7199, 1000.000000000000000 ) ;
#2372 = CARTESIAN_POINT ( 'NONE',  ( 0.3749999999999998890, 0.04999999999999969746, -2.500000000000000444 ) ) ;
#2373 = VERTEX_POINT ( 'NONE', #7125 ) ;
#2374 = CYLINDRICAL_SURFACE ( 'NONE', #8033, 0.1250000000000002220 ) ;
#2375 = CARTESIAN_POINT ( 'NONE',  ( -0.6250000000000001110, 0.2000000000000000111, -2.225000000000000533 ) ) ;
#2376 = DIRECTION ( 'NONE',  ( 0.000000000000000000, 0.000000000000000000, 1.000000000000000000 ) ) ;
#2377 = VERTEX_POINT ( 'NONE', #3566 ) ;
#2378 = VERTEX_POINT ( 'NONE', #4529 ) ;
#2379 = CARTESIAN_POINT ( 'NONE',  ( 1.874999999999999778, 0.1999999999999999833, 2.225000000000000533 ) ) ;
#2380 = ADVANCED_FACE ( 'NONE', ( #5492 ), #9546, .F. ) ;
#2381 = ADVANCED_FACE ( 'NONE', ( #307 ), #6963, .F. ) ;
#2382 = PLANE ( 'NONE',  #5749 ) ;
#2383 = VECTOR ( 'NONE', #8163, 1000.000000000000000 ) ;
#2384 = ORIENTED_EDGE ( 'NONE', *, *, #2586, .F. ) ;
#2385 = VERTEX_POINT ( 'NONE', #8030 ) ;
#2386 = EDGE_CURVE ( 'NONE', #1102, #8881, #10556, .T. ) ;
#2387 = DIRECTION ( 'NONE',  ( 1.000000000000000000, 0.000000000000000000, -3.154042683594199163E-15 ) ) ;
#2388 = DIRECTION ( 'NONE',  ( 0.000000000000000000, 1.000000000000000000, 0.000000000000000000 ) ) ;
#2389 = ORIENTED_EDGE ( 'NONE', *, *, #2605, .F. ) ;
#2390 = VERTEX_POINT ( 'NONE', #2817 ) ;
#2391 = AXIS2_PLACEMENT_3D ( 'NONE', #6887, #10486, #5363 ) ;
#2392 = PLANE ( 'NONE',  #7461 ) ;
#2393 = CARTESIAN_POINT ( 'NONE',  ( 2.225000000000000977, 0.1999999999999999833, -1.124999999999999556 ) ) ;
#2394 = AXIS2_PLACEMENT_3D ( 'NONE', #10065, #608, #3304 ) ;
#2395 = EDGE_CURVE ( 'NONE', #3447, #334, #2657, .T. ) ;
#2396 = DIRECTION ( 'NONE',  ( -1.000000000000000000, 0.000000000000000000, 7.885106708985485090E-16 ) ) ;
#2397 = VECTOR ( 'NONE', #2778, 1000.000000000000000 ) ;
#2398 = CARTESIAN_POINT ( 'NONE',  ( 0.000000000000000000, 0.05000000000000000278, 0.000000000000000000 ) ) ;
#2399 = DIRECTION ( 'NONE',  ( 0.000000000000000000, 0.000000000000000000, 1.000000000000000000 ) ) ;
#2400 = CARTESIAN_POINT ( 'NONE',  ( -2.225000000000000977, 0.6716990566028304688, -1.874999999999999556 ) ) ;
#2401 = CARTESIAN_POINT ( 'NONE',  ( 1.375000000000000000, 0.6716990566028303578, -2.225000000000000533 ) ) ;
#2402 = VECTOR ( 'NONE', #1641, 1000.000000000000000 ) ;
#2403 = CARTESIAN_POINT ( 'NONE',  ( -2.225000000000000977, 0.6716990566028304688, -1.749999999999999334 ) ) ;
#2404 = CIRCLE ( 'NONE', #8719, 0.1250000000000001110 ) ;
#2405 = ORIENTED_EDGE ( 'NONE', *, *, #63, .F. ) ;
#2406 = CARTESIAN_POINT ( 'NONE',  ( -2.225000000000000977, 0.6716990566028304688, -0.1249999999999994588 ) ) ;
#2407 = DIRECTION ( 'NONE',  ( 1.734723475976808475E-15, 0.000000000000000000, -1.000000000000000000 ) ) ;
#2408 = CARTESIAN_POINT ( 'NONE',  ( 5.125319360840552144E-15, 0.05000000000000000278, 1.624999999999993117 ) ) ;
#2409 = LINE ( 'NONE', #725, #6698 ) ;
#2410 = ORIENTED_EDGE ( 'NONE', *, *, #7049, .T. ) ;
#2411 = SURFACE_STYLE_FILL_AREA ( #1034 ) ;
#2412 = ADVANCED_FACE ( 'NONE', ( #8714 ), #136, .F. ) ;
#2413 = CARTESIAN_POINT ( 'NONE',  ( -2.225000000000000977, 0.1999999999999999833, 0.2500000000000006661 ) ) ;
#2414 = ORIENTED_EDGE ( 'NONE', *, *, #11091, .F. ) ;
#2415 = CIRCLE ( 'NONE', #9102, 0.1250000000000002220 ) ;
#2416 = CARTESIAN_POINT ( 'NONE',  ( -0.3749999999999998890, 0.6716990566028303578, 2.225000000000000533 ) ) ;
#2417 = EDGE_LOOP ( 'NONE', ( #3261, #593, #1355, #7508 ) ) ;
#2418 = ORIENTED_EDGE ( 'NONE', *, *, #7521, .F. ) ;
#2419 = DIRECTION ( 'NONE',  ( 0.000000000000000000, 0.000000000000000000, -1.000000000000000000 ) ) ;
#2420 = CARTESIAN_POINT ( 'NONE',  ( 2.225000000000000977, 0.6716990566028304688, 0.1250000000000005551 ) ) ;
#2421 = AXIS2_PLACEMENT_3D ( 'NONE', #9530, #2806, #7108 ) ;
#2422 = DIRECTION ( 'NONE',  ( -1.000000000000000000, 0.000000000000000000, 0.000000000000000000 ) ) ;
#2423 = ADVANCED_FACE ( 'NONE', ( #976 ), #4425, .F. ) ;
#2424 = AXIS2_PLACEMENT_3D ( 'NONE', #6904, #4948, #8385 ) ;
#2425 = EDGE_CURVE ( 'NONE', #10032, #29, #7009, .T. ) ;
#2426 = CARTESIAN_POINT ( 'NONE',  ( -0.1250000000000001110, 0.6716990566028303578, 2.500000000000000444 ) ) ;
#2427 = CARTESIAN_POINT ( 'NONE',  ( -1.875000000000000000, 0.05000000000000000278, 0.000000000000000000 ) ) ;
#2428 = ORIENTED_EDGE ( 'NONE', *, *, #9971, .F. ) ;
#2429 = EDGE_CURVE ( 'NONE', #5974, #10258, #3748, .T. ) ;
#2430 =( NAMED_UNIT ( * ) SI_UNIT ( $, .STERADIAN. ) SOLID_ANGLE_UNIT ( ) );
#2431 = FACE_OUTER_BOUND ( 'NONE', #385, .T. ) ;
#2432 = DIRECTION ( 'NONE',  ( 0.000000000000000000, 0.000000000000000000, 1.000000000000000000 ) ) ;
#2433 = ORIENTED_EDGE ( 'NONE', *, *, #5198, .T. ) ;
#2434 = ORIENTED_EDGE ( 'NONE', *, *, #11028, .F. ) ;
#2435 = DIRECTION ( 'NONE',  ( -1.734723475976808475E-15, 0.000000000000000000, 1.000000000000000000 ) ) ;
#2436 = PLANE ( 'NONE',  #882 ) ;
#2437 = ORIENTED_EDGE ( 'NONE', *, *, #6066, .T. ) ;
#2438 = ORIENTED_EDGE ( 'NONE', *, *, #8089, .F. ) ;
#2439 = CARTESIAN_POINT ( 'NONE',  ( -0.2500000000000002220, 0.2000000000000000111, 2.100000000000000089 ) ) ;
#2440 = VECTOR ( 'NONE', #6164, 1000.000000000000000 ) ;
#2441 = FACE_OUTER_BOUND ( 'NONE', #5027, .T. ) ;
#2442 = AXIS2_PLACEMENT_3D ( 'NONE', #8129, #3998, #1290 ) ;
#2443 = ORIENTED_EDGE ( 'NONE', *, *, #888, .F. ) ;
#2444 = ORIENTED_EDGE ( 'NONE', *, *, #1032, .F. ) ;
#2445 = EDGE_CURVE ( 'NONE', #9571, #1571, #1567, .T. ) ;
#2446 = DIRECTION ( 'NONE',  ( -0.000000000000000000, -1.000000000000000000, -0.000000000000000000 ) ) ;
#2447 = CARTESIAN_POINT ( 'NONE',  ( -1.875000000000000000, 0.2000000000000000111, 2.225000000000000533 ) ) ;
#2448 =( GEOMETRIC_REPRESENTATION_CONTEXT ( 3 ) GLOBAL_UNCERTAINTY_ASSIGNED_CONTEXT ( ( #299 ) ) GLOBAL_UNIT_ASSIGNED_CONTEXT ( ( #6933, #10475, #6200 ) ) REPRESENTATION_CONTEXT ( 'NONE', 'WORKASPACE' ) );
#2449 = CARTESIAN_POINT ( 'NONE',  ( 0.1250000000000001110, 0.2000000000000000111, 2.500000000000000444 ) ) ;
#2450 = FACE_BOUND ( 'NONE', #77, .T. ) ;
#2451 = DIRECTION ( 'NONE',  ( 0.000000000000000000, 0.000000000000000000, 1.000000000000000000 ) ) ;
#2452 = ADVANCED_FACE ( 'NONE', ( #2881 ), #2040, .F. ) ;
#2453 = CARTESIAN_POINT ( 'NONE',  ( 2.225000000000000977, 0.1999999999999999833, 0.2500000000000006661 ) ) ;
#2454 = CYLINDRICAL_SURFACE ( 'NONE', #5848, 0.2500000000000008882 ) ;
#2455 = EDGE_CURVE ( 'NONE', #8910, #8954, #9662, .T. ) ;
#2456 = EDGE_CURVE ( 'NONE', #6782, #9712, #190, .T. ) ;
#2457 = ORIENTED_EDGE ( 'NONE', *, *, #3855, .F. ) ;
#2458 = DIRECTION ( 'NONE',  ( 1.000000000000000000, -0.000000000000000000, 0.000000000000000000 ) ) ;
#2459 = UNCERTAINTY_MEASURE_WITH_UNIT (LENGTH_MEASURE( 1.000000000000000082E-05 ), #6587, 'distance_accuracy_value', 'NONE');
#2460 =( NAMED_UNIT ( * ) SI_UNIT ( $, .STERADIAN. ) SOLID_ANGLE_UNIT ( ) );
#2461 = DIRECTION ( 'NONE',  ( -7.885106708985485090E-16, 0.000000000000000000, -1.000000000000000000 ) ) ;
#2462 = DIRECTION ( 'NONE',  ( -7.885106708985485090E-16, 0.000000000000000000, -1.000000000000000000 ) ) ;
#2463 = ORIENTED_EDGE ( 'NONE', *, *, #8945, .F. ) ;
#2464 = AXIS2_PLACEMENT_3D ( 'NONE', #10444, #2707, #2767 ) ;
#2465 = CARTESIAN_POINT ( 'NONE',  ( 2.225000000000000977, 0.6716990566028304688, -1.249999999999999334 ) ) ;
#2466 = VERTEX_POINT ( 'NONE', #1928 ) ;
#2467 = DIRECTION ( 'NONE',  ( -0.000000000000000000, -1.000000000000000000, -0.000000000000000000 ) ) ;
#2468 = VECTOR ( 'NONE', #62, 1000.000000000000000 ) ;
#2469 = EDGE_LOOP ( 'NONE', ( #2478, #6999, #10084, #3985 ) ) ;
#2470 = DIRECTION ( 'NONE',  ( 0.000000000000000000, 1.000000000000000000, 0.000000000000000000 ) ) ;
#2471 = ORIENTED_EDGE ( 'NONE', *, *, #1785, .F. ) ;
#2472 = LINE ( 'NONE', #4061, #7558 ) ;
#2473 = EDGE_CURVE ( 'NONE', #8422, #9571, #7822, .T. ) ;
#2474 = VERTEX_POINT ( 'NONE', #7974 ) ;
#2475 = DIRECTION ( 'NONE',  ( 0.000000000000000000, -1.000000000000000000, 0.000000000000000000 ) ) ;
#2476 = CARTESIAN_POINT ( 'NONE',  ( 0.3749999999999998890, 0.1999999999999999833, -2.500000000000000444 ) ) ;
#2477 = DIRECTION ( 'NONE',  ( -0.000000000000000000, 0.000000000000000000, -1.000000000000000000 ) ) ;
#2478 = ORIENTED_EDGE ( 'NONE', *, *, #8852, .T. ) ;
#2479 = CARTESIAN_POINT ( 'NONE',  ( 2.225000000000000977, 0.000000000000000000, 1.875000000000000666 ) ) ;
#2480 = CARTESIAN_POINT ( 'NONE',  ( 2.500000000000000444, 0.04999999999999969746, 0.6250000000000009992 ) ) ;
#2481 = ORIENTED_EDGE ( 'NONE', *, *, #11074, .T. ) ;
#2482 = ORIENTED_EDGE ( 'NONE', *, *, #610, .F. ) ;
#2483 =( NAMED_UNIT ( * ) PLANE_ANGLE_UNIT ( ) SI_UNIT ( $, .RADIAN. ) );
#2484 = LINE ( 'NONE', #5935, #2314 ) ;
#2485 = EDGE_CURVE ( 'NONE', #4851, #6545, #249, .T. ) ;
#2486 = VERTEX_POINT ( 'NONE', #4586 ) ;
#2487 = CARTESIAN_POINT ( 'NONE',  ( -2.225000000000000977, 0.1999999999999999833, -1.124999999999999556 ) ) ;
#2488 = CIRCLE ( 'NONE', #5200, 0.1250000000000001110 ) ;
#2489 = CARTESIAN_POINT ( 'NONE',  ( 2.500000000000000444, 0.1999999999999999833, -1.374999999999999112 ) ) ;
#2490 = CIRCLE ( 'NONE', #7350, 0.1250000000000001110 ) ;
#2491 = DIRECTION ( 'NONE',  ( -1.000000000000000000, 0.000000000000000000, 8.673617379884035472E-17 ) ) ;
#2492 = ORIENTED_EDGE ( 'NONE', *, *, #3252, .F. ) ;
#2493 = ORIENTED_EDGE ( 'NONE', *, *, #6931, .T. ) ;
#2494 = DIRECTION ( 'NONE',  ( 1.000000000000000000, 0.000000000000000000, -3.154042683594199163E-15 ) ) ;
#2495 = DIRECTION ( 'NONE',  ( 0.000000000000000000, 0.000000000000000000, 1.000000000000000000 ) ) ;
#2496 = AXIS2_PLACEMENT_3D ( 'NONE', #5998, #7054, #26 ) ;
#2497 = DIRECTION ( 'NONE',  ( 0.000000000000000000, -1.000000000000000000, 0.000000000000000000 ) ) ;
#2498 = CARTESIAN_POINT ( 'NONE',  ( -2.225000000000000977, 0.000000000000000000, 1.125000000000000666 ) ) ;
#2499 = AXIS2_PLACEMENT_3D ( 'NONE', #7347, #10770, #10545 ) ;
#2500 = DIRECTION ( 'NONE',  ( 0.000000000000000000, 0.000000000000000000, -1.000000000000000000 ) ) ;
#2501 = CARTESIAN_POINT ( 'NONE',  ( 0.8749999999999998890, 0.2000000000000000111, -2.500000000000000444 ) ) ;
#2502 = ORIENTED_EDGE ( 'NONE', *, *, #2758, .T. ) ;
#2503 = VERTEX_POINT ( 'NONE', #7065 ) ;
#2504 = VECTOR ( 'NONE', #52, 1000.000000000000000 ) ;
#2505 = DIRECTION ( 'NONE',  ( 0.000000000000000000, -1.000000000000000000, 0.000000000000000000 ) ) ;
#2506 = VECTOR ( 'NONE', #4901, 1000.000000000000000 ) ;
#2507 = EDGE_CURVE ( 'NONE', #1001, #9074, #1416, .T. ) ;
#2508 = CARTESIAN_POINT ( 'NONE',  ( -3.548298019043452957E-15, 0.05000000000000000278, 1.124999999999993117 ) ) ;
#2509 = CARTESIAN_POINT ( 'NONE',  ( 2.500000000000000444, 0.1999999999999999833, 0.6250000000000009992 ) ) ;
#2510 = LINE ( 'NONE', #8786, #10101 ) ;
#2511 = EDGE_CURVE ( 'NONE', #9752, #1756, #5607, .T. ) ;
#2512 = CARTESIAN_POINT ( 'NONE',  ( 2.225000000000000977, 0.000000000000000000, -1.124999999999999556 ) ) ;
#2513 = VERTEX_POINT ( 'NONE', #355 ) ;
#2514 = CIRCLE ( 'NONE', #544, 0.1250000000000001110 ) ;
#2515 = CIRCLE ( 'NONE', #8837, 0.1250000000000002220 ) ;
#2516 = DIRECTION ( 'NONE',  ( 0.000000000000000000, 1.000000000000000000, 0.000000000000000000 ) ) ;
#2517 = ORIENTED_EDGE ( 'NONE', *, *, #10111, .T. ) ;
#2518 = LINE ( 'NONE', #2416, #10727 ) ;
#2519 = EDGE_LOOP ( 'NONE', ( #2909, #5911, #718, #2963 ) ) ;
#2520 = ORIENTED_EDGE ( 'NONE', *, *, #7900, .T. ) ;
#2521 = DIRECTION ( 'NONE',  ( -1.734723475976808475E-15, 0.000000000000000000, 1.000000000000000000 ) ) ;
#2522 = ORIENTED_EDGE ( 'NONE', *, *, #4767, .F. ) ;
#2523 = FACE_OUTER_BOUND ( 'NONE', #10856, .T. ) ;
#2524 = PRESENTATION_LAYER_ASSIGNMENT (  '', '', ( #10626 ) ) ;
#2525 = AXIS2_PLACEMENT_3D ( 'NONE', #9345, #2461, #4968 ) ;
#2526 = ORIENTED_EDGE ( 'NONE', *, *, #4504, .T. ) ;
#2527 = DIRECTION ( 'NONE',  ( 0.000000000000000000, 0.000000000000000000, -1.000000000000000000 ) ) ;
#2528 = EDGE_CURVE ( 'NONE', #1941, #5646, #2490, .T. ) ;
#2529 = DIRECTION ( 'NONE',  ( 0.000000000000000000, 0.000000000000000000, -1.000000000000000000 ) ) ;
#2530 = EDGE_LOOP ( 'NONE', ( #9967, #9182, #964, #7268 ) ) ;
#2531 = DIRECTION ( 'NONE',  ( -0.000000000000000000, -1.000000000000000000, -0.000000000000000000 ) ) ;
#2532 = LINE ( 'NONE', #5093, #9597 ) ;
#2533 = ORIENTED_EDGE ( 'NONE', *, *, #10053, .F. ) ;
#2534 = CARTESIAN_POINT ( 'NONE',  ( 2.500000000000000000, 0.05000000000000000278, 2.499999999999999556 ) ) ;
#2535 = MECHANICAL_DESIGN_GEOMETRIC_PRESENTATION_REPRESENTATION (  '', ( #3249 ), #3615 ) ;
#2536 = EDGE_CURVE ( 'NONE', #8971, #1462, #2099, .T. ) ;
#2537 = VECTOR ( 'NONE', #7198, 1000.000000000000000 ) ;
#2538 = DIRECTION ( 'NONE',  ( 0.000000000000000000, 1.000000000000000000, 0.000000000000000000 ) ) ;
#2539 = ORIENTED_EDGE ( 'NONE', *, *, #1492, .T. ) ;
#2540 = EDGE_LOOP ( 'NONE', ( #8361, #6897, #5213, #2219 ) ) ;
#2541 = DIRECTION ( 'NONE',  ( 0.000000000000000000, -1.000000000000000000, 0.000000000000000000 ) ) ;
#2542 = DIRECTION ( 'NONE',  ( -1.734723475976808475E-15, 0.000000000000000000, -1.000000000000000000 ) ) ;
#2543 = ORIENTED_EDGE ( 'NONE', *, *, #5264, .T. ) ;
#2544 = FACE_OUTER_BOUND ( 'NONE', #8589, .T. ) ;
#2545 = AXIS2_PLACEMENT_3D ( 'NONE', #5473, #2979, #2016 ) ;
#2546 = PLANE ( 'NONE',  #6909 ) ;
#2547 = FACE_OUTER_BOUND ( 'NONE', #10381, .T. ) ;
#2548 = VERTEX_POINT ( 'NONE', #4818 ) ;
#2549 = LINE ( 'NONE', #6008, #11090 ) ;
#2550 = PLANE ( 'NONE',  #4760 ) ;
#2551 = DIRECTION ( 'NONE',  ( 0.000000000000000000, 0.000000000000000000, -1.000000000000000000 ) ) ;
#2552 = EDGE_CURVE ( 'NONE', #7523, #8617, #10784, .T. ) ;
#2553 = EDGE_CURVE ( 'NONE', #4866, #10249, #5724, .T. ) ;
#2554 = DIRECTION ( 'NONE',  ( 1.000000000000000000, 0.000000000000000000, 3.154042683594199163E-15 ) ) ;
#2555 = AXIS2_PLACEMENT_3D ( 'NONE', #10028, #1510, #10245 ) ;
#2556 = VECTOR ( 'NONE', #7571, 1000.000000000000000 ) ;
#2557 = DIRECTION ( 'NONE',  ( -0.000000000000000000, -0.000000000000000000, 1.000000000000000000 ) ) ;
#2558 = ORIENTED_EDGE ( 'NONE', *, *, #3968, .F. ) ;
#2559 = EDGE_CURVE ( 'NONE', #8336, #3946, #530, .T. ) ;
#2560 = EDGE_CURVE ( 'NONE', #6637, #8038, #7472, .T. ) ;
#2561 = DIRECTION ( 'NONE',  ( 0.000000000000000000, 1.000000000000000000, 0.000000000000000000 ) ) ;
#2562 = PLANE ( 'NONE',  #7478 ) ;
#2563 = EDGE_CURVE ( 'NONE', #1773, #7310, #6397, .T. ) ;
#2564 = EDGE_LOOP ( 'NONE', ( #5482, #9434, #4744, #10624 ) ) ;
#2565 = AXIS2_PLACEMENT_3D ( 'NONE', #9959, #4957, #9066 ) ;
#2566 = CARTESIAN_POINT ( 'NONE',  ( 1.375000000000000000, 0.6716990566028303578, 2.500000000000000444 ) ) ;
#2567 = LINE ( 'NONE', #8677, #3959 ) ;
#2568 = STYLED_ITEM ( 'NONE', ( #7910 ), #3548 ) ;
#2569 = DIRECTION ( 'NONE',  ( -0.000000000000000000, -1.000000000000000000, -0.000000000000000000 ) ) ;
#2570 = LINE ( 'NONE', #7782, #2504 ) ;
#2571 = CARTESIAN_POINT ( 'NONE',  ( 2.225000000000000977, 0.6716990566028304688, -0.7499999999999993339 ) ) ;
#2572 = ORIENTED_EDGE ( 'NONE', *, *, #1502, .T. ) ;
#2573 = AXIS2_PLACEMENT_3D ( 'NONE', #11086, #10282, #11140 ) ;
#2574 = DIRECTION ( 'NONE',  ( 0.000000000000000000, 0.000000000000000000, 1.000000000000000000 ) ) ;
#2575 = ORIENTED_EDGE ( 'NONE', *, *, #10965, .F. ) ;
#2576 = ORIENTED_EDGE ( 'NONE', *, *, #6115, .F. ) ;
#2577 = DIRECTION ( 'NONE',  ( -0.000000000000000000, -1.000000000000000000, -0.000000000000000000 ) ) ;
#2578 = EDGE_CURVE ( 'NONE', #7383, #3447, #4029, .T. ) ;
#2579 = ORIENTED_EDGE ( 'NONE', *, *, #2907, .T. ) ;
#2580 = FILL_AREA_STYLE ('',( #10313 ) ) ;
#2581 = LINE ( 'NONE', #9474, #170 ) ;
#2582 = ORIENTED_EDGE ( 'NONE', *, *, #10240, .T. ) ;
#2583 = PLANE ( 'NONE',  #10442 ) ;
#2584 = CARTESIAN_POINT ( 'NONE',  ( 2.500000000000000444, 0.6716990566028304688, 0.1250000000000009714 ) ) ;
#2585 = ORIENTED_EDGE ( 'NONE', *, *, #3879, .T. ) ;
#2586 = EDGE_CURVE ( 'NONE', #5302, #5143, #4212, .T. ) ;
#2587 =( NAMED_UNIT ( * ) SI_UNIT ( $, .STERADIAN. ) SOLID_ANGLE_UNIT ( ) );
#2588 = VERTEX_POINT ( 'NONE', #6560 ) ;
#2589 = VECTOR ( 'NONE', #6072, 1000.000000000000000 ) ;
#2590 = ADVANCED_FACE ( 'NONE', ( #6614 ), #2151, .T. ) ;
#2591 = CARTESIAN_POINT ( 'NONE',  ( -2.500000000000000888, 0.000000000000000000, 1.875000000000000888 ) ) ;
#2592 = CARTESIAN_POINT ( 'NONE',  ( -0.8749999999999998890, 0.1999999999999999833, 2.225000000000000533 ) ) ;
#2593 = EDGE_CURVE ( 'NONE', #2891, #1633, #9998, .T. ) ;
#2594 = EDGE_LOOP ( 'NONE', ( #8568, #10909, #10265, #10903 ) ) ;
#2595 = ORIENTED_EDGE ( 'NONE', *, *, #1938, .F. ) ;
#2596 = EDGE_CURVE ( 'NONE', #1037, #8774, #8988, .T. ) ;
#2597 = LINE ( 'NONE', #4304, #10503 ) ;
#2598 = ORIENTED_EDGE ( 'NONE', *, *, #4521, .F. ) ;
#2599 = PLANE ( 'NONE',  #5571 ) ;
#2600 = AXIS2_PLACEMENT_3D ( 'NONE', #10428, #2692, #9649 ) ;
#2601 = ORIENTED_EDGE ( 'NONE', *, *, #2033, .T. ) ;
#2602 = VECTOR ( 'NONE', #9283, 1000.000000000000000 ) ;
#2603 = ORIENTED_EDGE ( 'NONE', *, *, #10074, .T. ) ;
#2604 = LINE ( 'NONE', #9489, #3789 ) ;
#2605 = EDGE_CURVE ( 'NONE', #6379, #5508, #6449, .T. ) ;
#2606 = CARTESIAN_POINT ( 'NONE',  ( 2.225000000000000977, 0.000000000000000000, -0.3749999999999994449 ) ) ;
#2607 = CARTESIAN_POINT ( 'NONE',  ( -2.225000000000000977, 0.000000000000000000, 1.250000000000000666 ) ) ;
#2608 = ORIENTED_EDGE ( 'NONE', *, *, #1073, .T. ) ;
#2609 = LINE ( 'NONE', #10391, #2440 ) ;
#2610 = DIRECTION ( 'NONE',  ( 0.000000000000000000, 0.000000000000000000, -1.000000000000000000 ) ) ;
#2611 = DIRECTION ( 'NONE',  ( -1.734723475976808475E-15, 0.000000000000000000, -1.000000000000000000 ) ) ;
#2612 = LINE ( 'NONE', #7438, #8798 ) ;
#2613 = CLOSED_SHELL ( 'NONE', ( #1198, #1770, #6743, #7003, #2171, #2716 ) ) ;
#2614 = LINE ( 'NONE', #8498, #9724 ) ;
#2615 = ADVANCED_FACE ( 'NONE', ( #2318 ), #4695, .F. ) ;
#2616 = CARTESIAN_POINT ( 'NONE',  ( 1.249999999999999778, 0.000000000000000000, 2.225000000000000533 ) ) ;
#2617 = DIRECTION ( 'NONE',  ( -1.000000000000000000, 0.000000000000000000, 7.885106708985485090E-16 ) ) ;
#2618 = ORIENTED_EDGE ( 'NONE', *, *, #10813, .F. ) ;
#2619 = PLANE ( 'NONE',  #8713 ) ;
#2620 = CARTESIAN_POINT ( 'NONE',  ( 0.2499999999999997780, 0.2000000000000000111, 2.100000000000000089 ) ) ;
#2621 = CIRCLE ( 'NONE', #4438, 0.1250000000000002220 ) ;
#2622 = ORIENTED_EDGE ( 'NONE', *, *, #5739, .F. ) ;
#2623 = VECTOR ( 'NONE', #9466, 1000.000000000000000 ) ;
#2624 = LINE ( 'NONE', #2508, #2330 ) ;
#2625 = EDGE_CURVE ( 'NONE', #1400, #10473, #8202, .T. ) ;
#2626 = DIRECTION ( 'NONE',  ( -7.885106708985485090E-16, 0.000000000000000000, -1.000000000000000000 ) ) ;
#2627 = LINE ( 'NONE', #9511, #9389 ) ;
#2628 = LINE ( 'NONE', #3533, #8686 ) ;
#2629 = ORIENTED_EDGE ( 'NONE', *, *, #8777, .F. ) ;
#2630 = LINE ( 'NONE', #7095, #9475 ) ;
#2631 = LINE ( 'NONE', #3484, #4687 ) ;
#2632 = ORIENTED_EDGE ( 'NONE', *, *, #6277, .F. ) ;
#2633 = CARTESIAN_POINT ( 'NONE',  ( 1.749999999999999778, 0.6716990566028303578, 2.225000000000000533 ) ) ;
#2634 = EDGE_CURVE ( 'NONE', #3538, #8136, #3902, .T. ) ;
#2635 = EDGE_CURVE ( 'NONE', #8271, #6768, #7357, .T. ) ;
#2636 = CARTESIAN_POINT ( 'NONE',  ( -2.225000000000000977, 0.6716990566028304688, 0.8750000000000005551 ) ) ;
#2637 = PLANE ( 'NONE',  #7204 ) ;
#2638 = DIRECTION ( 'NONE',  ( -0.000000000000000000, -1.000000000000000000, -0.000000000000000000 ) ) ;
#2639 = ORIENTED_EDGE ( 'NONE', *, *, #4568, .F. ) ;
#2640 = CARTESIAN_POINT ( 'NONE',  ( -1.182766006347846380E-15, 0.05000000000000000278, -0.3750000000000068834 ) ) ;
#2641 = VERTEX_POINT ( 'NONE', #5097 ) ;
#2642 = DIRECTION ( 'NONE',  ( 0.000000000000000000, 0.000000000000000000, 1.000000000000000000 ) ) ;
#2643 = FACE_OUTER_BOUND ( 'NONE', #3238, .T. ) ;
#2644 = DIRECTION ( 'NONE',  ( -0.000000000000000000, -1.000000000000000000, -0.000000000000000000 ) ) ;
#2645 = ORIENTED_EDGE ( 'NONE', *, *, #3460, .T. ) ;
#2646 = VERTEX_POINT ( 'NONE', #10326 ) ;
#2647 = DIRECTION ( 'NONE',  ( -1.734723475976808475E-15, 0.000000000000000000, -1.000000000000000000 ) ) ;
#2648 = ORIENTED_EDGE ( 'NONE', *, *, #10127, .F. ) ;
#2649 = ORIENTED_EDGE ( 'NONE', *, *, #9968, .F. ) ;
#2650 = DIRECTION ( 'NONE',  ( 0.000000000000000000, -1.000000000000000000, 0.000000000000000000 ) ) ;
#2651 = EDGE_CURVE ( 'NONE', #9398, #4600, #8478, .T. ) ;
#2652 = FACE_OUTER_BOUND ( 'NONE', #9667, .T. ) ;
#2653 = CARTESIAN_POINT ( 'NONE',  ( -0.6250000000000001110, 0.1999999999999999833, -2.225000000000000533 ) ) ;
#2654 = ORIENTED_EDGE ( 'NONE', *, *, #694, .T. ) ;
#2655 = DIRECTION ( 'NONE',  ( 0.000000000000000000, -0.000000000000000000, 1.000000000000000000 ) ) ;
#2656 = CARTESIAN_POINT ( 'NONE',  ( -2.225000000000000977, 0.1999999999999999833, 1.750000000000000666 ) ) ;
#2657 = LINE ( 'NONE', #3733, #1049 ) ;
#2658 = AXIS2_PLACEMENT_3D ( 'NONE', #8381, #9166, #9833 ) ;
#2659 = DIRECTION ( 'NONE',  ( 0.000000000000000000, -1.000000000000000000, 0.000000000000000000 ) ) ;
#2660 = AXIS2_PLACEMENT_3D ( 'NONE', #6335, #9610, #8934 ) ;
#2661 = EDGE_CURVE ( 'NONE', #346, #2390, #977, .T. ) ;
#2662 = CARTESIAN_POINT ( 'NONE',  ( -0.3749999999999998890, 0.1999999999999999833, 2.225000000000000533 ) ) ;
#2663 = ORIENTED_EDGE ( 'NONE', *, *, #11134, .T. ) ;
#2664 = CARTESIAN_POINT ( 'NONE',  ( -2.225000000000000977, 0.1999999999999999833, 0.3750000000000005551 ) ) ;
#2665 = LINE ( 'NONE', #1937, #7667 ) ;
#2666 =( GEOMETRIC_REPRESENTATION_CONTEXT ( 3 ) GLOBAL_UNCERTAINTY_ASSIGNED_CONTEXT ( ( #3254 ) ) GLOBAL_UNIT_ASSIGNED_CONTEXT ( ( #991, #3576, #8949 ) ) REPRESENTATION_CONTEXT ( 'NONE', 'WORKASPACE' ) );
#2667 = ADVANCED_FACE ( 'NONE', ( #8425 ), #11010, .F. ) ;
#2668 = DIRECTION ( 'NONE',  ( 0.000000000000000000, 0.000000000000000000, 1.000000000000000000 ) ) ;
#2669 = CARTESIAN_POINT ( 'NONE',  ( 2.500000000000000000, 0.8000000000000003775, 2.499999999999999556 ) ) ;
#2670 = VECTOR ( 'NONE', #520, 1000.000000000000000 ) ;
#2671 = LINE ( 'NONE', #3581, #3619 ) ;
#2672 = CARTESIAN_POINT ( 'NONE',  ( -0.3749999999999998890, 0.2000000000000000111, 2.225000000000000533 ) ) ;
#2673 = ORIENTED_EDGE ( 'NONE', *, *, #8790, .F. ) ;
#2674 = CARTESIAN_POINT ( 'NONE',  ( -2.225000000000000977, 0.6716990566028304688, -0.6249999999999994449 ) ) ;
#2675 = ORIENTED_EDGE ( 'NONE', *, *, #6482, .T. ) ;
#2676 = EDGE_CURVE ( 'NONE', #7988, #10005, #5303, .T. ) ;
#2677 = VECTOR ( 'NONE', #9459, 1000.000000000000000 ) ;
#2678 = LINE ( 'NONE', #8793, #5405 ) ;
#2679 = ORIENTED_EDGE ( 'NONE', *, *, #9704, .F. ) ;
#2680 = DIRECTION ( 'NONE',  ( -0.000000000000000000, -1.000000000000000000, -0.000000000000000000 ) ) ;
#2681 = CARTESIAN_POINT ( 'NONE',  ( -1.750000000000000222, 0.2000000000000000111, 2.100000000000000089 ) ) ;
#2682 = CARTESIAN_POINT ( 'NONE',  ( -1.749999999999999778, 0.2000000000000000111, -2.225000000000000533 ) ) ;
#2683 = CARTESIAN_POINT ( 'NONE',  ( 1.875000000000000000, 0.04999999999999999584, -2.225000000000000533 ) ) ;
#2684 = ORIENTED_EDGE ( 'NONE', *, *, #11151, .F. ) ;
#2685 = CIRCLE ( 'NONE', #4339, 0.1250000000000001110 ) ;
#2686 = SURFACE_SIDE_STYLE ('',( #8586 ) ) ;
#2687 = AXIS2_PLACEMENT_3D ( 'NONE', #5636, #10641, #9016 ) ;
#2688 = VERTEX_POINT ( 'NONE', #2592 ) ;
#2689 =( LENGTH_UNIT ( ) NAMED_UNIT ( * ) SI_UNIT ( .MILLI., .METRE. ) );
#2690 = ADVANCED_FACE ( 'NONE', ( #640 ), #4301, .T. ) ;
#2691 = LINE ( 'NONE', #960, #11030 ) ;
#2692 = DIRECTION ( 'NONE',  ( 0.000000000000000000, -1.000000000000000000, 0.000000000000000000 ) ) ;
#2693 = ORIENTED_EDGE ( 'NONE', *, *, #6525, .F. ) ;
#2694 = VERTEX_POINT ( 'NONE', #7641 ) ;
#2695 = VECTOR ( 'NONE', #8542, 1000.000000000000000 ) ;
#2696 = FACE_OUTER_BOUND ( 'NONE', #4303, .T. ) ;
#2697 = ORIENTED_EDGE ( 'NONE', *, *, #613, .T. ) ;
#2698 = ORIENTED_EDGE ( 'NONE', *, *, #1538, .T. ) ;
#2699 = CIRCLE ( 'NONE', #8126, 0.1250000000000001110 ) ;
#2700 = FACE_OUTER_BOUND ( 'NONE', #7506, .T. ) ;
#2701 = CARTESIAN_POINT ( 'NONE',  ( 0.8749999999999998890, 0.6716990566028303578, 2.225000000000000533 ) ) ;
#2702 = EDGE_LOOP ( 'NONE', ( #8426, #6932, #3176, #631 ) ) ;
#2703 = SURFACE_STYLE_USAGE ( .BOTH. , #7007 ) ;
#2704 = AXIS2_PLACEMENT_3D ( 'NONE', #3133, #10918, #1324 ) ;
#2705 = DIRECTION ( 'NONE',  ( 1.000000000000000000, -0.000000000000000000, 0.000000000000000000 ) ) ;
#2706 = EDGE_CURVE ( 'NONE', #5325, #842, #3312, .T. ) ;
#2707 = DIRECTION ( 'NONE',  ( 0.000000000000000000, 1.000000000000000000, -0.000000000000000000 ) ) ;
#2708 = EDGE_CURVE ( 'NONE', #4025, #2641, #1644, .T. ) ;
#2709 = ADVANCED_FACE ( 'NONE', ( #5931 ), #6725, .T. ) ;
#2710 = AXIS2_PLACEMENT_3D ( 'NONE', #116, #3542, #2529 ) ;
#2711 = DIRECTION ( 'NONE',  ( 0.000000000000000000, 0.000000000000000000, -1.000000000000000000 ) ) ;
#2712 = LINE ( 'NONE', #10152, #10294 ) ;
#2713 = LINE ( 'NONE', #1884, #4727 ) ;
#2714 = ORIENTED_EDGE ( 'NONE', *, *, #2578, .F. ) ;
#2715 = VERTEX_POINT ( 'NONE', #5881 ) ;
#2716 = ADVANCED_FACE ( 'NONE', ( #11071 ), #9318, .F. ) ;
#2717 = CARTESIAN_POINT ( 'NONE',  ( 1.249999999999999778, 0.2000000000000000111, 2.100000000000000089 ) ) ;
#2718 = CARTESIAN_POINT ( 'NONE',  ( 2.500000000000000444, 0.04999999999999969746, -1.874999999999999112 ) ) ;
#2719 = CIRCLE ( 'NONE', #6523, 0.1250000000000001110 ) ;
#2720 = EDGE_CURVE ( 'NONE', #4447, #6206, #7750, .T. ) ;
#2721 = ORIENTED_EDGE ( 'NONE', *, *, #6917, .F. ) ;
#2722 = VERTEX_POINT ( 'NONE', #10264 ) ;
#2723 = EDGE_CURVE ( 'NONE', #10024, #7936, #8534, .T. ) ;
#2724 = DIRECTION ( 'NONE',  ( -1.734723475976808475E-15, 0.000000000000000000, 1.000000000000000000 ) ) ;
#2725 = VECTOR ( 'NONE', #5587, 1000.000000000000000 ) ;
#2726 = VECTOR ( 'NONE', #4754, 1000.000000000000000 ) ;
#2727 = CARTESIAN_POINT ( 'NONE',  ( -1.625000000000000222, 0.000000000000000000, -2.500000000000000444 ) ) ;
#2728 = AXIS2_PLACEMENT_3D ( 'NONE', #3355, #8611, #3406 ) ;
#2729 = CARTESIAN_POINT ( 'NONE',  ( 0.3749999999999998890, 0.6716990566028303578, -2.500000000000000444 ) ) ;
#2730 = LINE ( 'NONE', #4335, #5244 ) ;
#2731 = LINE ( 'NONE', #326, #9758 ) ;
#2732 = ORIENTED_EDGE ( 'NONE', *, *, #7632, .T. ) ;
#2733 = CARTESIAN_POINT ( 'NONE',  ( -0.1250000000000003331, 0.000000000000000000, 2.225000000000000533 ) ) ;
#2734 = DIRECTION ( 'NONE',  ( 0.000000000000000000, -1.000000000000000000, 0.000000000000000000 ) ) ;
#2735 = VECTOR ( 'NONE', #7970, 1000.000000000000000 ) ;
#2736 = CARTESIAN_POINT ( 'NONE',  ( -2.225000000000000977, 0.05000000000000002359, -1.874999999999999556 ) ) ;
#2737 = ORIENTED_EDGE ( 'NONE', *, *, #9885, .T. ) ;
#2738 = CARTESIAN_POINT ( 'NONE',  ( -1.749999999999999778, 0.2000000000000000111, -2.225000000000000533 ) ) ;
#2739 = CARTESIAN_POINT ( 'NONE',  ( -2.225000000000000977, 0.05000000000000002359, -0.3749999999999994449 ) ) ;
#2740 = AXIS2_PLACEMENT_3D ( 'NONE', #1858, #3885, #10762 ) ;
#2741 = VECTOR ( 'NONE', #3743, 1000.000000000000000 ) ;
#2742 = DIRECTION ( 'NONE',  ( 3.154042683594199163E-15, -0.000000000000000000, 1.000000000000000000 ) ) ;
#2743 = VERTEX_POINT ( 'NONE', #5040 ) ;
#2744 = FACE_OUTER_BOUND ( 'NONE', #7791, .T. ) ;
#2745 = DIRECTION ( 'NONE',  ( 0.000000000000000000, 0.000000000000000000, 1.000000000000000000 ) ) ;
#2746 = VECTOR ( 'NONE', #10045, 1000.000000000000000 ) ;
#2747 = VECTOR ( 'NONE', #2210, 1000.000000000000000 ) ;
#2748 = CIRCLE ( 'NONE', #4572, 0.1250000000000001110 ) ;
#2749 = DIRECTION ( 'NONE',  ( 0.000000000000000000, -1.000000000000000000, 0.000000000000000000 ) ) ;
#2750 = ORIENTED_EDGE ( 'NONE', *, *, #357, .T. ) ;
#2751 = ORIENTED_EDGE ( 'NONE', *, *, #9460, .T. ) ;
#2752 = AXIS2_PLACEMENT_3D ( 'NONE', #3966, #7425, #7311 ) ;
#2753 = PRESENTATION_STYLE_ASSIGNMENT (( #6215 ) ) ;
#2754 = DIRECTION ( 'NONE',  ( 0.000000000000000000, -0.000000000000000000, -1.000000000000000000 ) ) ;
#2755 = ADVANCED_FACE ( 'NONE', ( #6781 ), #10102, .T. ) ;
#2756 = ORIENTED_EDGE ( 'NONE', *, *, #1667, .T. ) ;
#2757 = VERTEX_POINT ( 'NONE', #2480 ) ;
#2758 = EDGE_CURVE ( 'NONE', #8561, #8038, #9369, .T. ) ;
#2759 = UNCERTAINTY_MEASURE_WITH_UNIT (LENGTH_MEASURE( 1.000000000000000082E-05 ), #6382, 'distance_accuracy_value', 'NONE');
#2760 = VECTOR ( 'NONE', #811, 1000.000000000000000 ) ;
#2761 = VECTOR ( 'NONE', #5692, 1000.000000000000000 ) ;
#2762 = DIRECTION ( 'NONE',  ( 0.000000000000000000, 0.000000000000000000, -1.000000000000000000 ) ) ;
#2763 = LINE ( 'NONE', #2813, #1221 ) ;
#2764 = ORIENTED_EDGE ( 'NONE', *, *, #1983, .F. ) ;
#2765 = DIRECTION ( 'NONE',  ( 0.000000000000000000, 0.000000000000000000, -1.000000000000000000 ) ) ;
#2766 = CARTESIAN_POINT ( 'NONE',  ( 2.500000000000000888, 0.000000000000000000, -0.1249999999999992506 ) ) ;
#2767 = DIRECTION ( 'NONE',  ( 0.000000000000000000, 0.000000000000000000, -1.000000000000000000 ) ) ;
#2768 = VECTOR ( 'NONE', #2644, 1000.000000000000000 ) ;
#2769 = VECTOR ( 'NONE', #1725, 1000.000000000000000 ) ;
#2770 = EDGE_CURVE ( 'NONE', #5258, #10037, #7698, .T. ) ;
#2771 = FACE_OUTER_BOUND ( 'NONE', #9659, .T. ) ;
#2772 = CARTESIAN_POINT ( 'NONE',  ( -2.225000000000000977, 0.1999999999999999833, -1.249999999999999334 ) ) ;
#2773 = EDGE_CURVE ( 'NONE', #2377, #4515, #5827, .T. ) ;
#2774 = PLANE ( 'NONE',  #9586 ) ;
#2775 = ORIENTED_EDGE ( 'NONE', *, *, #4668, .T. ) ;
#2776 = ORIENTED_EDGE ( 'NONE', *, *, #7439, .F. ) ;
#2777 = AXIS2_PLACEMENT_3D ( 'NONE', #2656, #10343, #88 ) ;
#2778 = DIRECTION ( 'NONE',  ( 1.000000000000000000, 0.000000000000000000, -7.885106708985485090E-16 ) ) ;
#2779 = DIRECTION ( 'NONE',  ( -1.000000000000000000, 0.000000000000000000, 0.000000000000000000 ) ) ;
#2780 = ORIENTED_EDGE ( 'NONE', *, *, #7866, .T. ) ;
#2781 = CLOSED_SHELL ( 'NONE', ( #5595, #6866, #1959, #10584, #5689, #7211 ) ) ;
#2782 = VERTEX_POINT ( 'NONE', #9270 ) ;
#2783 = ORIENTED_EDGE ( 'NONE', *, *, #3896, .T. ) ;
#2784 = DIRECTION ( 'NONE',  ( -0.000000000000000000, -1.000000000000000000, -0.000000000000000000 ) ) ;
#2785 = CARTESIAN_POINT ( 'NONE',  ( 2.225000000000000977, 0.1999999999999999833, 0.7500000000000006661 ) ) ;
#2786 = LINE ( 'NONE', #8049, #3067 ) ;
#2787 = CARTESIAN_POINT ( 'NONE',  ( -1.749999999999999778, 0.2000000000000000111, -2.225000000000000533 ) ) ;
#2788 = EDGE_CURVE ( 'NONE', #3606, #11056, #4462, .T. ) ;
#2789 = CARTESIAN_POINT ( 'NONE',  ( -2.500000000000000444, 0.1999999999999999833, 0.6250000000000009992 ) ) ;
#2790 = ORIENTED_EDGE ( 'NONE', *, *, #5704, .T. ) ;
#2791 = EDGE_CURVE ( 'NONE', #4067, #314, #5201, .T. ) ;
#2792 = CARTESIAN_POINT ( 'NONE',  ( -2.500000000000000000, 0.2000000000000005107, -1.624999999999998890 ) ) ;
#2793 = EDGE_CURVE ( 'NONE', #3111, #4302, #7855, .T. ) ;
#2794 = CARTESIAN_POINT ( 'NONE',  ( -2.500000000000000444, 0.000000000000000000, -0.3749999999999990563 ) ) ;
#2795 = VERTEX_POINT ( 'NONE', #3551 ) ;
#2796 = DIRECTION ( 'NONE',  ( 3.154042683594199163E-15, -0.000000000000000000, 1.000000000000000000 ) ) ;
#2797 = ORIENTED_EDGE ( 'NONE', *, *, #495, .F. ) ;
#2798 = EDGE_CURVE ( 'NONE', #9861, #1182, #10541, .T. ) ;
#2799 = DIRECTION ( 'NONE',  ( -0.000000000000000000, -1.000000000000000000, -0.000000000000000000 ) ) ;
#2800 =( LENGTH_UNIT ( ) NAMED_UNIT ( * ) SI_UNIT ( .MILLI., .METRE. ) );
#2801 = DIRECTION ( 'NONE',  ( 0.000000000000000000, 0.000000000000000000, 1.000000000000000000 ) ) ;
#2802 = VERTEX_POINT ( 'NONE', #7165 ) ;
#2803 = LINE ( 'NONE', #7901, #1487 ) ;
#2804 = EDGE_CURVE ( 'NONE', #6163, #6787, #8862, .T. ) ;
#2805 = FACE_OUTER_BOUND ( 'NONE', #289, .T. ) ;
#2806 = DIRECTION ( 'NONE',  ( 0.000000000000000000, -1.000000000000000000, 0.000000000000000000 ) ) ;
#2807 = ORIENTED_EDGE ( 'NONE', *, *, #231, .F. ) ;
#2808 = EDGE_CURVE ( 'NONE', #2933, #207, #6399, .T. ) ;
#2809 = DIRECTION ( 'NONE',  ( -0.000000000000000000, -1.000000000000000000, -0.000000000000000000 ) ) ;
#2810 = VERTEX_POINT ( 'NONE', #75 ) ;
#2811 = EDGE_LOOP ( 'NONE', ( #117, #2679, #5426, #304 ) ) ;
#2812 = CARTESIAN_POINT ( 'NONE',  ( 2.500000000000000444, 0.6716990566028304688, -0.8749999999999990008 ) ) ;
#2813 = CARTESIAN_POINT ( 'NONE',  ( -4.928191693115937672E-16, 0.05000000000000000278, -0.6250000000000012212 ) ) ;
#2814 = EDGE_LOOP ( 'NONE', ( #4342, #7637 ) ) ;
#2815 = DIRECTION ( 'NONE',  ( 0.000000000000000000, 1.000000000000000000, 0.000000000000000000 ) ) ;
#2816 = CARTESIAN_POINT ( 'NONE',  ( -1.724999999999999867, 0.8000000000000003775, -1.375000000000000000 ) ) ;
#2817 = CARTESIAN_POINT ( 'NONE',  ( 1.625000000000000444, 0.1999999999999999833, -2.225000000000000533 ) ) ;
#2818 = CARTESIAN_POINT ( 'NONE',  ( -2.500000000000000888, 0.1999999999999999833, 0.8750000000000007772 ) ) ;
#2819 = ADVANCED_FACE ( 'NONE', ( #8642 ), #906, .F. ) ;
#2820 = COLOUR_RGB ( '',0.7921568627450980005, 0.8196078431372548767, 0.9333333333333333481 ) ;
#2821 = AXIS2_PLACEMENT_3D ( 'NONE', #7458, #3159, #7509 ) ;
#2822 = DIRECTION ( 'NONE',  ( -0.000000000000000000, -1.000000000000000000, -0.000000000000000000 ) ) ;
#2823 = LINE ( 'NONE', #5442, #3086 ) ;
#2824 = CARTESIAN_POINT ( 'NONE',  ( 2.500000000000000888, 0.1999999999999999833, -1.124999999999999334 ) ) ;
#2825 = ORIENTED_EDGE ( 'NONE', *, *, #6744, .F. ) ;
#2826 = ORIENTED_EDGE ( 'NONE', *, *, #9310, .T. ) ;
#2827 = CARTESIAN_POINT ( 'NONE',  ( -1.375000000000000000, 0.000000000000000000, 2.225000000000000533 ) ) ;
#2828 = CARTESIAN_POINT ( 'NONE',  ( 1.674999999999999822, 5.079036790187180017, 1.675000000000000933 ) ) ;
#2829 = EDGE_CURVE ( 'NONE', #9651, #3773, #6150, .T. ) ;
#2830 = ORIENTED_EDGE ( 'NONE', *, *, #9869, .F. ) ;
#2831 = VECTOR ( 'NONE', #4024, 1000.000000000000000 ) ;
#2832 = AXIS2_PLACEMENT_3D ( 'NONE', #3194, #2237, #7605 ) ;
#2833 = FACE_OUTER_BOUND ( 'NONE', #9144, .T. ) ;
#2834 = ORIENTED_EDGE ( 'NONE', *, *, #3764, .F. ) ;
#2835 = DIRECTION ( 'NONE',  ( 0.000000000000000000, -1.000000000000000000, 0.000000000000000000 ) ) ;
#2836 = DIRECTION ( 'NONE',  ( 0.000000000000000000, -1.000000000000000000, 0.000000000000000000 ) ) ;
#2837 = CARTESIAN_POINT ( 'NONE',  ( -2.225000000000000977, 0.000000000000000000, 0.3750000000000005551 ) ) ;
#2838 = DIRECTION ( 'NONE',  ( 0.000000000000000000, -1.000000000000000000, 0.000000000000000000 ) ) ;
#2839 = ORIENTED_EDGE ( 'NONE', *, *, #6804, .T. ) ;
#2840 = CIRCLE ( 'NONE', #9172, 0.1250000000000002220 ) ;
#2841 = VERTEX_POINT ( 'NONE', #7803 ) ;
#2842 = CARTESIAN_POINT ( 'NONE',  ( -2.500000000000000444, 0.1999999999999999833, -0.3749999999999990563 ) ) ;
#2843 = LINE ( 'NONE', #7203, #1008 ) ;
#2844 = ORIENTED_EDGE ( 'NONE', *, *, #1153, .T. ) ;
#2845 = ADVANCED_FACE ( 'NONE', ( #3663 ), #3500, .T. ) ;
#2846 = DIRECTION ( 'NONE',  ( 0.000000000000000000, 0.000000000000000000, -1.000000000000000000 ) ) ;
#2847 = VERTEX_POINT ( 'NONE', #6945 ) ;
#2848 = EDGE_CURVE ( 'NONE', #10642, #6455, #6098, .T. ) ;
#2849 = CYLINDRICAL_SURFACE ( 'NONE', #10291, 0.1250000000000001110 ) ;
#2850 = VECTOR ( 'NONE', #1629, 1000.000000000000000 ) ;
#2851 = ADVANCED_FACE ( 'NONE', ( #9483 ), #291, .F. ) ;
#2852 = CARTESIAN_POINT ( 'NONE',  ( 2.500000000000000888, 0.1999999999999999833, 0.3750000000000007772 ) ) ;
#2853 = SURFACE_STYLE_USAGE ( .BOTH. , #1169 ) ;
#2854 = LINE ( 'NONE', #2015, #10638 ) ;
#2855 = PLANE ( 'NONE',  #7610 ) ;
#2856 = ORIENTED_EDGE ( 'NONE', *, *, #4424, .T. ) ;
#2857 = LINE ( 'NONE', #9691, #8701 ) ;
#2858 = VECTOR ( 'NONE', #3214, 1000.000000000000000 ) ;
#2859 = CARTESIAN_POINT ( 'NONE',  ( -2.225000000000000977, 0.1999999999999999833, -0.2499999999999993616 ) ) ;
#2860 = VERTEX_POINT ( 'NONE', #1803 ) ;
#2861 = CARTESIAN_POINT ( 'NONE',  ( -2.500000000000000444, 0.6716990566028304688, 0.1250000000000009714 ) ) ;
#2862 = VERTEX_POINT ( 'NONE', #1915 ) ;
#2863 = SURFACE_STYLE_USAGE ( .BOTH. , #10600 ) ;
#2864 = ORIENTED_EDGE ( 'NONE', *, *, #6433, .F. ) ;
#2865 = ADVANCED_FACE ( 'NONE', ( #5253 ), #7907, .T. ) ;
#2866 = CARTESIAN_POINT ( 'NONE',  ( -1.125000000000000222, 0.2000000000000005107, 2.499999999999999556 ) ) ;
#2867 = AXIS2_PLACEMENT_3D ( 'NONE', #953, #5245, #65 ) ;
#2868 = ORIENTED_EDGE ( 'NONE', *, *, #9549, .T. ) ;
#2869 = AXIS2_PLACEMENT_3D ( 'NONE', #3362, #3416, #6863 ) ;
#2870 = EDGE_LOOP ( 'NONE', ( #7006, #6151, #8816, #5153 ) ) ;
#2871 = UNCERTAINTY_MEASURE_WITH_UNIT (LENGTH_MEASURE( 1.000000000000000082E-05 ), #692, 'distance_accuracy_value', 'NONE');
#2872 = VECTOR ( 'NONE', #1164, 1000.000000000000000 ) ;
#2873 = LINE ( 'NONE', #8981, #7826 ) ;
#2874 = LINE ( 'NONE', #10389, #1402 ) ;
#2875 = ORIENTED_EDGE ( 'NONE', *, *, #9973, .T. ) ;
#2876 = ADVANCED_FACE ( 'NONE', ( #9590 ), #5364, .F. ) ;
#2877 = CARTESIAN_POINT ( 'NONE',  ( -1.249999999999999778, 0.6716990566028303578, -2.225000000000000533 ) ) ;
#2878 = DIRECTION ( 'NONE',  ( -0.000000000000000000, -1.000000000000000000, -0.000000000000000000 ) ) ;
#2879 = COLOUR_RGB ( '',0.7921568627450980005, 0.8196078431372548767, 0.9333333333333333481 ) ;
#2880 = CIRCLE ( 'NONE', #5058, 0.1250000000000001110 ) ;
#2881 = FACE_OUTER_BOUND ( 'NONE', #6319, .T. ) ;
#2882 = ORIENTED_EDGE ( 'NONE', *, *, #5643, .T. ) ;
#2883 = DIRECTION ( 'NONE',  ( 0.000000000000000000, 0.000000000000000000, -1.000000000000000000 ) ) ;
#2884 = VECTOR ( 'NONE', #3414, 1000.000000000000000 ) ;
#2885 = LINE ( 'NONE', #3682, #25 ) ;
#2886 = AXIS2_PLACEMENT_3D ( 'NONE', #3960, #2156, #1482 ) ;
#2887 = DIRECTION ( 'NONE',  ( 0.000000000000000000, 1.000000000000000000, 0.000000000000000000 ) ) ;
#2888 = DIRECTION ( 'NONE',  ( -0.7071067811865473507, 0.000000000000000000, 0.7071067811865477948 ) ) ;
#2889 = EDGE_LOOP ( 'NONE', ( #3005, #11115, #133, #9042 ) ) ;
#2890 = ADVANCED_FACE ( 'NONE', ( #4411 ), #1014, .T. ) ;
#2891 = VERTEX_POINT ( 'NONE', #9694 ) ;
#2892 = ORIENTED_EDGE ( 'NONE', *, *, #3392, .F. ) ;
#2893 = CARTESIAN_POINT ( 'NONE',  ( -1.950000000000000844, 0.04289321881345033172, -1.950000000000000400 ) ) ;
#2894 = LINE ( 'NONE', #1036, #6920 ) ;
#2895 = VERTEX_POINT ( 'NONE', #3720 ) ;
#2896 = VECTOR ( 'NONE', #5246, 1000.000000000000000 ) ;
#2897 = LINE ( 'NONE', #6184, #10596 ) ;
#2898 = DIRECTION ( 'NONE',  ( 0.000000000000000000, -0.000000000000000000, 1.000000000000000000 ) ) ;
#2899 = EDGE_CURVE ( 'NONE', #4418, #3742, #1964, .T. ) ;
#2900 = MECHANICAL_DESIGN_GEOMETRIC_PRESENTATION_REPRESENTATION (  '', ( #3448 ), #6872 ) ;
#2901 = DIRECTION ( 'NONE',  ( 0.000000000000000000, 1.000000000000000000, 0.000000000000000000 ) ) ;
#2902 = DIRECTION ( 'NONE',  ( 0.000000000000000000, 0.000000000000000000, -1.000000000000000000 ) ) ;
#2903 = ADVANCED_FACE ( 'NONE', ( #3832 ), #1230, .F. ) ;
#2904 = VECTOR ( 'NONE', #7158, 1000.000000000000000 ) ;
#2905 = CARTESIAN_POINT ( 'NONE',  ( -2.225000000000000977, 0.05000000000000002359, 0.3750000000000005551 ) ) ;
#2906 = ORIENTED_EDGE ( 'NONE', *, *, #8852, .F. ) ;
#2907 = EDGE_CURVE ( 'NONE', #10473, #11057, #402, .T. ) ;
#2908 = CARTESIAN_POINT ( 'NONE',  ( 1.875000000000000000, 0.6716990566028303578, -2.500000000000000444 ) ) ;
#2909 = ORIENTED_EDGE ( 'NONE', *, *, #2661, .F. ) ;
#2910 = DIRECTION ( 'NONE',  ( 0.000000000000000000, -0.000000000000000000, 1.000000000000000000 ) ) ;
#2911 = EDGE_LOOP ( 'NONE', ( #5888, #11046, #10470, #4073 ) ) ;
#2912 = CARTESIAN_POINT ( 'NONE',  ( 2.225000000000000977, 0.1999999999999999833, 1.750000000000000666 ) ) ;
#2913 = ORIENTED_EDGE ( 'NONE', *, *, #4309, .F. ) ;
#2914 = AXIS2_PLACEMENT_3D ( 'NONE', #8220, #4892, #2399 ) ;
#2915 = CARTESIAN_POINT ( 'NONE',  ( 0.8749999999999998890, 0.6716990566028303578, -2.500000000000000444 ) ) ;
#2916 = PLANE ( 'NONE',  #3595 ) ;
#2917 = CARTESIAN_POINT ( 'NONE',  ( -1.750000000000000222, 0.2000000000000000111, 2.225000000000000533 ) ) ;
#2918 = CARTESIAN_POINT ( 'NONE',  ( -2.225000000000000977, 0.1999999999999999833, 1.125000000000000666 ) ) ;
#2919 = ORIENTED_EDGE ( 'NONE', *, *, #6602, .F. ) ;
#2920 = VECTOR ( 'NONE', #5706, 1000.000000000000000 ) ;
#2921 = ADVANCED_FACE ( 'NONE', ( #2138 ), #10766, .F. ) ;
#2922 = AXIS2_PLACEMENT_3D ( 'NONE', #3274, #6499, #689 ) ;
#2923 = DIRECTION ( 'NONE',  ( -1.000000000000000000, 0.000000000000000000, 3.154042683594199163E-15 ) ) ;
#2924 = EDGE_CURVE ( 'NONE', #8182, #1941, #2928, .T. ) ;
#2925 = EDGE_LOOP ( 'NONE', ( #2272, #7429, #6631, #3083 ) ) ;
#2926 = DIRECTION ( 'NONE',  ( -1.000000000000000000, 0.000000000000000000, -3.154042683594199163E-15 ) ) ;
#2927 = ORIENTED_EDGE ( 'NONE', *, *, #1365, .F. ) ;
#2928 = LINE ( 'NONE', #10711, #6936 ) ;
#2929 = ORIENTED_EDGE ( 'NONE', *, *, #4087, .F. ) ;
#2930 = CARTESIAN_POINT ( 'NONE',  ( 2.225000000000000977, 0.05000000000000002359, 0.2500000000000006661 ) ) ;
#2931 = CIRCLE ( 'NONE', #4018, 0.04999999999999991257 ) ;
#2932 = VERTEX_POINT ( 'NONE', #1346 ) ;
#2933 = VERTEX_POINT ( 'NONE', #7455 ) ;
#2934 = EDGE_CURVE ( 'NONE', #3097, #400, #1176, .T. ) ;
#2935 = VECTOR ( 'NONE', #10957, 1000.000000000000000 ) ;
#2936 = EDGE_CURVE ( 'NONE', #11101, #5481, #8205, .T. ) ;
#2937 = DIRECTION ( 'NONE',  ( -0.000000000000000000, -1.000000000000000000, -0.000000000000000000 ) ) ;
#2938 = DIRECTION ( 'NONE',  ( 0.000000000000000000, 0.000000000000000000, 1.000000000000000000 ) ) ;
#2939 = VERTEX_POINT ( 'NONE', #9031 ) ;
#2940 = DIRECTION ( 'NONE',  ( 0.000000000000000000, -0.000000000000000000, 1.000000000000000000 ) ) ;
#2941 = ADVANCED_FACE ( 'NONE', ( #6380 ), #2987, .F. ) ;
#2942 = CARTESIAN_POINT ( 'NONE',  ( -2.500000000000000444, 0.04999999999999969746, 1.625000000000001110 ) ) ;
#2943 = AXIS2_PLACEMENT_3D ( 'NONE', #919, #9380, #3452 ) ;
#2944 = EDGE_CURVE ( 'NONE', #958, #754, #5589, .T. ) ;
#2945 = DIRECTION ( 'NONE',  ( -0.000000000000000000, 0.000000000000000000, -1.000000000000000000 ) ) ;
#2946 = ORIENTED_EDGE ( 'NONE', *, *, #5672, .T. ) ;
#2947 = DIRECTION ( 'NONE',  ( -1.734723475976808475E-15, 0.000000000000000000, 1.000000000000000000 ) ) ;
#2948 = APPLICATION_CONTEXT ( 'automotive_design' ) ;
#2949 = CARTESIAN_POINT ( 'NONE',  ( -2.500000000000000888, 0.04999999999999969746, -0.6249999999999992228 ) ) ;
#2950 = DIRECTION ( 'NONE',  ( -0.000000000000000000, -1.000000000000000000, 0.000000000000000000 ) ) ;
#2951 = ORIENTED_EDGE ( 'NONE', *, *, #2133, .T. ) ;
#2952 = VERTEX_POINT ( 'NONE', #4743 ) ;
#2953 = LINE ( 'NONE', #3799, #1311 ) ;
#2954 = CARTESIAN_POINT ( 'NONE',  ( -0.1250000000000001110, 0.2000000000000000111, -2.500000000000000444 ) ) ;
#2955 = AXIS2_PLACEMENT_3D ( 'NONE', #10456, #1831, #3744 ) ;
#2956 = VERTEX_POINT ( 'NONE', #3774 ) ;
#2957 = FACE_OUTER_BOUND ( 'NONE', #10457, .T. ) ;
#2958 = ADVANCED_FACE ( 'NONE', ( #3035 ), #10825, .T. ) ;
#2959 = CARTESIAN_POINT ( 'NONE',  ( 1.375000000000000000, 0.2000000000000000111, 2.225000000000000533 ) ) ;
#2960 = VECTOR ( 'NONE', #5826, 1000.000000000000000 ) ;
#2961 = DIRECTION ( 'NONE',  ( -1.000000000000000000, 0.000000000000000000, 0.000000000000000000 ) ) ;
#2962 = CARTESIAN_POINT ( 'NONE',  ( 0.6250000000000001110, 0.6716990566028303578, -2.500000000000000444 ) ) ;
#2963 = ORIENTED_EDGE ( 'NONE', *, *, #1202, .F. ) ;
#2964 = CARTESIAN_POINT ( 'NONE',  ( 0.7500000000000002220, 0.6716990566028303578, -2.225000000000000533 ) ) ;
#2965 = EDGE_LOOP ( 'NONE', ( #10232, #9015, #2999, #6793 ) ) ;
#2966 = LINE ( 'NONE', #1383, #8543 ) ;
#2967 = DIRECTION ( 'NONE',  ( 0.000000000000000000, 0.000000000000000000, -1.000000000000000000 ) ) ;
#2968 = VERTEX_POINT ( 'NONE', #6543 ) ;
#2969 = ORIENTED_EDGE ( 'NONE', *, *, #8599, .T. ) ;
#2970 = FACE_OUTER_BOUND ( 'NONE', #3798, .T. ) ;
#2971 = VERTEX_POINT ( 'NONE', #6489 ) ;
#2972 = EDGE_CURVE ( 'NONE', #2474, #3963, #6437, .T. ) ;
#2973 = ORIENTED_EDGE ( 'NONE', *, *, #9896, .T. ) ;
#2974 = CYLINDRICAL_SURFACE ( 'NONE', #541, 0.1250000000000001110 ) ;
#2975 = CLOSED_SHELL ( 'NONE', ( #7083, #5810, #899, #3173, #5297, #4178 ) ) ;
#2976 = PLANE ( 'NONE',  #2333 ) ;
#2977 = DIRECTION ( 'NONE',  ( 0.000000000000000000, 1.000000000000000000, 0.000000000000000000 ) ) ;
#2978 = VECTOR ( 'NONE', #8070, 1000.000000000000000 ) ;
#2979 = DIRECTION ( 'NONE',  ( -1.000000000000000000, 0.000000000000000000, 0.000000000000000000 ) ) ;
#2980 = ORIENTED_EDGE ( 'NONE', *, *, #5729, .F. ) ;
#2981 = FACE_OUTER_BOUND ( 'NONE', #8186, .T. ) ;
#2982 = CARTESIAN_POINT ( 'NONE',  ( -0.2500000000000002220, 0.2000000000000000111, 2.225000000000000533 ) ) ;
#2983 = EDGE_LOOP ( 'NONE', ( #3629, #5570, #1427, #8351 ) ) ;
#2985 = ADVANCED_FACE ( 'NONE', ( #4854 ), #9091, .T. ) ;
#2984 = CIRCLE ( 'NONE', #9297, 0.1250000000000002220 ) ;
#2986 = EDGE_CURVE ( 'NONE', #8099, #9398, #10654, .T. ) ;
#2987 = PLANE ( 'NONE',  #2442 ) ;
#2988 = ORIENTED_EDGE ( 'NONE', *, *, #5465, .F. ) ;
#2989 = AXIS2_PLACEMENT_3D ( 'NONE', #6081, #4341, #5971 ) ;
#2990 = DIRECTION ( 'NONE',  ( 0.000000000000000000, 0.000000000000000000, 1.000000000000000000 ) ) ;
#2991 = ORIENTED_EDGE ( 'NONE', *, *, #9007, .F. ) ;
#2992 = EDGE_LOOP ( 'NONE', ( #10246, #6110, #2084, #7648 ) ) ;
#2993 = CARTESIAN_POINT ( 'NONE',  ( 2.500000000000000000, 0.05000000000000000278, -2.500000000000000444 ) ) ;
#2994 = PLANE ( 'NONE',  #10854 ) ;
#2995 = AXIS2_PLACEMENT_3D ( 'NONE', #10529, #3705, #331 ) ;
#2996 = ORIENTED_EDGE ( 'NONE', *, *, #4591, .F. ) ;
#2997 = DIRECTION ( 'NONE',  ( 0.000000000000000000, 0.000000000000000000, 1.000000000000000000 ) ) ;
#2998 = CARTESIAN_POINT ( 'NONE',  ( 0.8749999999999998890, 0.2000000000000000111, 2.500000000000000444 ) ) ;
#2999 = ORIENTED_EDGE ( 'NONE', *, *, #1562, .F. ) ;
#3000 = CARTESIAN_POINT ( 'NONE',  ( -1.875000000000000000, 0.1999999999999999833, 2.500000000000000444 ) ) ;
#3001 = ADVANCED_FACE ( 'NONE', ( #517 ), #3941, .F. ) ;
#3002 = FACE_OUTER_BOUND ( 'NONE', #1108, .T. ) ;
#3003 = DIRECTION ( 'NONE',  ( 0.000000000000000000, 0.000000000000000000, -1.000000000000000000 ) ) ;
#3004 = VERTEX_POINT ( 'NONE', #5480 ) ;
#3005 = ORIENTED_EDGE ( 'NONE', *, *, #6459, .T. ) ;
#3006 = CARTESIAN_POINT ( 'NONE',  ( -1.749999999999999778, 0.2000000000000000111, -2.225000000000000533 ) ) ;
#3007 = CARTESIAN_POINT ( 'NONE',  ( 1.875000000000000000, 0.6716990566028303578, -2.500000000000000444 ) ) ;
#3008 = DIRECTION ( 'NONE',  ( 0.000000000000000000, -1.000000000000000000, 0.000000000000000000 ) ) ;
#3009 = EDGE_CURVE ( 'NONE', #1267, #96, #2250, .T. ) ;
#3010 = CARTESIAN_POINT ( 'NONE',  ( -0.8749999999999998890, 0.2000000000000000111, -2.500000000000000444 ) ) ;
#3011 =( LENGTH_UNIT ( ) NAMED_UNIT ( * ) SI_UNIT ( .MILLI., .METRE. ) );
#3012 = CARTESIAN_POINT ( 'NONE',  ( 1.625000000000000222, 0.2000000000000005107, -2.500000000000000444 ) ) ;
#3013 = CARTESIAN_POINT ( 'NONE',  ( -2.500000000000000888, 0.1999999999999999833, -0.1249999999999992506 ) ) ;
#3014 = ORIENTED_EDGE ( 'NONE', *, *, #9294, .T. ) ;
#3015 = LINE ( 'NONE', #9680, #1490 ) ;
#3016 = ORIENTED_EDGE ( 'NONE', *, *, #1153, .F. ) ;
#3017 = CARTESIAN_POINT ( 'NONE',  ( 2.500000000000000000, 0.2000000000000005107, 1.125000000000000666 ) ) ;
#3018 = EDGE_CURVE ( 'NONE', #3945, #9532, #7507, .T. ) ;
#3019 = CARTESIAN_POINT ( 'NONE',  ( -0.1250000000000001110, 0.2000000000000000111, -2.225000000000000533 ) ) ;
#3020 = ORIENTED_EDGE ( 'NONE', *, *, #5554, .T. ) ;
#3021 = CARTESIAN_POINT ( 'NONE',  ( 2.225000000000000977, 0.000000000000000000, -0.7499999999999993339 ) ) ;
#3022 = ORIENTED_EDGE ( 'NONE', *, *, #4888, .F. ) ;
#3023 = DIRECTION ( 'NONE',  ( -0.000000000000000000, -0.000000000000000000, -1.000000000000000000 ) ) ;
#3024 = CIRCLE ( 'NONE', #9338, 0.1250000000000001110 ) ;
#3025 = DIRECTION ( 'NONE',  ( -0.000000000000000000, -1.000000000000000000, -0.000000000000000000 ) ) ;
#3026 = DIRECTION ( 'NONE',  ( 0.000000000000000000, -1.000000000000000000, 0.000000000000000000 ) ) ;
#3027 = VECTOR ( 'NONE', #3621, 1000.000000000000000 ) ;
#3028 = DIRECTION ( 'NONE',  ( 0.000000000000000000, -0.000000000000000000, 1.000000000000000000 ) ) ;
#3029 = UNCERTAINTY_MEASURE_WITH_UNIT (LENGTH_MEASURE( 1.000000000000000082E-05 ), #676, 'distance_accuracy_value', 'NONE');
#3030 = ORIENTED_EDGE ( 'NONE', *, *, #2798, .T. ) ;
#3031 = ADVANCED_FACE ( 'NONE', ( #4106 ), #11112, .T. ) ;
#3032 = DIRECTION ( 'NONE',  ( 0.000000000000000000, 0.000000000000000000, 1.000000000000000000 ) ) ;
#3033 = ORIENTED_EDGE ( 'NONE', *, *, #8895, .T. ) ;
#3034 = AXIS2_PLACEMENT_3D ( 'NONE', #4683, #9697, #7229 ) ;
#3035 = FACE_OUTER_BOUND ( 'NONE', #8587, .T. ) ;
#3036 = EDGE_LOOP ( 'NONE', ( #6475, #7270, #515, #1167 ) ) ;
#3037 = ORIENTED_EDGE ( 'NONE', *, *, #10700, .F. ) ;
#3038 = SURFACE_STYLE_FILL_AREA ( #471 ) ;
#3039 = CARTESIAN_POINT ( 'NONE',  ( 2.500000000000000888, 0.1999999999999999833, -1.124999999999999334 ) ) ;
#3040 = VERTEX_POINT ( 'NONE', #10884 ) ;
#3041 = ORIENTED_EDGE ( 'NONE', *, *, #8155, .T. ) ;
#3042 = CARTESIAN_POINT ( 'NONE',  ( 2.500000000000000888, 0.000000000000000000, 0.3750000000000007772 ) ) ;
#3043 = EDGE_CURVE ( 'NONE', #9684, #7383, #6597, .T. ) ;
#3044 = VECTOR ( 'NONE', #4002, 1000.000000000000000 ) ;
#3045 = FACE_OUTER_BOUND ( 'NONE', #2041, .T. ) ;
#3046 = DIRECTION ( 'NONE',  ( -0.000000000000000000, -1.000000000000000000, -0.000000000000000000 ) ) ;
#3047 = ORIENTED_EDGE ( 'NONE', *, *, #1421, .F. ) ;
#3048 = ADVANCED_FACE ( 'NONE', ( #10936 ), #3208, .T. ) ;
#3049 = CARTESIAN_POINT ( 'NONE',  ( -2.500000000000000444, 0.1999999999999999833, 1.125000000000000888 ) ) ;
#3050 = CARTESIAN_POINT ( 'NONE',  ( -1.374999999999999778, 0.6716990566028303578, -2.225000000000000533 ) ) ;
#3051 = ORIENTED_EDGE ( 'NONE', *, *, #8734, .T. ) ;
#3052 = VECTOR ( 'NONE', #3904, 1000.000000000000000 ) ;
#3053 = DIRECTION ( 'NONE',  ( 0.000000000000000000, -1.000000000000000000, 0.000000000000000000 ) ) ;
#3054 = VECTOR ( 'NONE', #7318, 1000.000000000000000 ) ;
#3055 = DIRECTION ( 'NONE',  ( -0.000000000000000000, -0.000000000000000000, -1.000000000000000000 ) ) ;
#3056 = COLOUR_RGB ( '',0.7921568627450980005, 0.8196078431372548767, 0.9333333333333333481 ) ;
#3057 = LINE ( 'NONE', #425, #1591 ) ;
#3058 = ORIENTED_EDGE ( 'NONE', *, *, #1897, .F. ) ;
#3059 = ORIENTED_EDGE ( 'NONE', *, *, #2773, .F. ) ;
#3060 = VECTOR ( 'NONE', #10614, 1000.000000000000000 ) ;
#3061 = EDGE_CURVE ( 'NONE', #3927, #3670, #6228, .T. ) ;
#3062 = CARTESIAN_POINT ( 'NONE',  ( -1.375000000000000000, 0.1999999999999999833, 2.500000000000000444 ) ) ;
#3063 = CARTESIAN_POINT ( 'NONE',  ( 2.225000000000000977, 0.1999999999999999833, 1.375000000000000666 ) ) ;
#3064 = VECTOR ( 'NONE', #7098, 1000.000000000000000 ) ;
#3065 = ADVANCED_FACE ( 'NONE', ( #6763 ), #6650, .F. ) ;
#3066 = ORIENTED_EDGE ( 'NONE', *, *, #2635, .F. ) ;
#3067 = VECTOR ( 'NONE', #7994, 1000.000000000000000 ) ;
#3068 = VECTOR ( 'NONE', #30, 1000.000000000000000 ) ;
#3069 = PLANE ( 'NONE',  #1082 ) ;
#3070 = ORIENTED_EDGE ( 'NONE', *, *, #507, .F. ) ;
#3071 = DIRECTION ( 'NONE',  ( -0.000000000000000000, -1.000000000000000000, -0.000000000000000000 ) ) ;
#3072 = DIRECTION ( 'NONE',  ( 0.000000000000000000, 1.000000000000000000, 0.000000000000000000 ) ) ;
#3073 = PRODUCT_DEFINITION ( 'UNKNOWN', '', #10491, #6430 ) ;
#3074 = DIRECTION ( 'NONE',  ( 1.000000000000000000, 0.000000000000000000, -0.000000000000000000 ) ) ;
#3075 = ORIENTED_EDGE ( 'NONE', *, *, #2907, .F. ) ;
#3076 = CARTESIAN_POINT ( 'NONE',  ( 1.625000000000000222, 0.2000000000000000111, 2.500000000000000444 ) ) ;
#3077 = VECTOR ( 'NONE', #6910, 1000.000000000000000 ) ;
#3078 = AXIS2_PLACEMENT_3D ( 'NONE', #3807, #9841, #4655 ) ;
#3079 = EDGE_CURVE ( 'NONE', #10820, #9827, #8462, .T. ) ;
#3080 = CARTESIAN_POINT ( 'NONE',  ( 0.6250000000000001110, 0.05000000000000000278, 0.000000000000000000 ) ) ;
#3081 = EDGE_CURVE ( 'NONE', #6419, #990, #734, .T. ) ;
#3082 = ORIENTED_EDGE ( 'NONE', *, *, #4137, .F. ) ;
#3083 = ORIENTED_EDGE ( 'NONE', *, *, #8378, .F. ) ;
#3084 = DIRECTION ( 'NONE',  ( -7.885106708985485090E-16, 0.000000000000000000, -1.000000000000000000 ) ) ;
#3085 = DIRECTION ( 'NONE',  ( 0.000000000000000000, -1.000000000000000000, 0.000000000000000000 ) ) ;
#3086 = VECTOR ( 'NONE', #6342, 1000.000000000000000 ) ;
#3087 =( LENGTH_UNIT ( ) NAMED_UNIT ( * ) SI_UNIT ( .MILLI., .METRE. ) );
#3088 = CARTESIAN_POINT ( 'NONE',  ( 0.7500000000000002220, 0.000000000000000000, -2.225000000000000533 ) ) ;
#3089 = VECTOR ( 'NONE', #2668, 1000.000000000000000 ) ;
#3090 = LINE ( 'NONE', #7502, #768 ) ;
#3091 = VERTEX_POINT ( 'NONE', #5023 ) ;
#3092 = LINE ( 'NONE', #3772, #5995 ) ;
#3093 = VECTOR ( 'NONE', #9190, 1000.000000000000000 ) ;
#3094 = ORIENTED_EDGE ( 'NONE', *, *, #7462, .T. ) ;
#3095 = CARTESIAN_POINT ( 'NONE',  ( -0.7500000000000002220, 0.2000000000000000111, 2.225000000000000533 ) ) ;
#3096 = ORIENTED_EDGE ( 'NONE', *, *, #8980, .T. ) ;
#3097 = VERTEX_POINT ( 'NONE', #5916 ) ;
#3098 = FACE_OUTER_BOUND ( 'NONE', #3495, .T. ) ;
#3099 = VERTEX_POINT ( 'NONE', #4167 ) ;
#3100 = PLANE ( 'NONE',  #8640 ) ;
#3101 = ORIENTED_EDGE ( 'NONE', *, *, #4961, .T. ) ;
#3102 = ORIENTED_EDGE ( 'NONE', *, *, #5098, .F. ) ;
#3103 = AXIS2_PLACEMENT_3D ( 'NONE', #6992, #7801, #905 ) ;
#3104 = CARTESIAN_POINT ( 'NONE',  ( -2.500000000000000888, 0.6716990566028304688, 0.8750000000000007772 ) ) ;
#3105 = COLOUR_RGB ( '',0.7921568627450980005, 0.8196078431372548767, 0.9333333333333333481 ) ;
#3106 = AXIS2_PLACEMENT_3D ( 'NONE', #8845, #3702, #3869 ) ;
#3107 = VECTOR ( 'NONE', #4778, 1000.000000000000000 ) ;
#3108 = DIRECTION ( 'NONE',  ( 1.000000000000000000, 0.000000000000000000, 0.000000000000000000 ) ) ;
#3109 = CARTESIAN_POINT ( 'NONE',  ( 1.674999999999999822, 5.079036790187180017, -1.724999999999999423 ) ) ;
#3110 = PLANE ( 'NONE',  #779 ) ;
#3111 = VERTEX_POINT ( 'NONE', #4973 ) ;
#3112 = LINE ( 'NONE', #3847, #1905 ) ;
#3113 = CARTESIAN_POINT ( 'NONE',  ( 0.2499999999999997780, 0.6716990566028303578, 2.225000000000000533 ) ) ;
#3114 = DIRECTION ( 'NONE',  ( 0.000000000000000000, 0.000000000000000000, -1.000000000000000000 ) ) ;
#3115 = ORIENTED_EDGE ( 'NONE', *, *, #8286, .T. ) ;
#3116 = VECTOR ( 'NONE', #8080, 1000.000000000000000 ) ;
#3117 = EDGE_CURVE ( 'NONE', #5660, #9721, #791, .T. ) ;
#3118 = EDGE_CURVE ( 'NONE', #8838, #7512, #6049, .T. ) ;
#3119 = ADVANCED_FACE ( 'NONE', ( #7559 ), #5757, .F. ) ;
#3120 = CARTESIAN_POINT ( 'NONE',  ( 2.500000000000000444, 0.1999999999999999833, 1.625000000000001110 ) ) ;
#3121 = VECTOR ( 'NONE', #5840, 1000.000000000000000 ) ;
#3122 = CARTESIAN_POINT ( 'NONE',  ( 0.6250000000000001110, 0.000000000000000000, -2.500000000000000444 ) ) ;
#3123 = ORIENTED_EDGE ( 'NONE', *, *, #3255, .F. ) ;
#3124 = ORIENTED_EDGE ( 'NONE', *, *, #565, .T. ) ;
#3125 = DIRECTION ( 'NONE',  ( -1.000000000000000000, 0.000000000000000000, -3.154042683594198769E-15 ) ) ;
#3126 = CARTESIAN_POINT ( 'NONE',  ( -1.675000000000000711, 5.079036790187180017, 1.725000000000000311 ) ) ;
#3127 = EDGE_CURVE ( 'NONE', #11137, #125, #6708, .T. ) ;
#3128 = CIRCLE ( 'NONE', #1327, 0.1250000000000001110 ) ;
#3129 = ORIENTED_EDGE ( 'NONE', *, *, #4874, .T. ) ;
#3130 = VECTOR ( 'NONE', #3401, 1000.000000000000000 ) ;
#3131 = DIRECTION ( 'NONE',  ( 0.000000000000000000, 0.000000000000000000, -1.000000000000000000 ) ) ;
#3132 = LINE ( 'NONE', #439, #1642 ) ;
#3133 = CARTESIAN_POINT ( 'NONE',  ( -0.6250000000000001110, 0.2000000000000000111, 2.225000000000000533 ) ) ;
#3134 = CARTESIAN_POINT ( 'NONE',  ( 0.7499999999999997780, 0.000000000000000000, 2.225000000000000533 ) ) ;
#3135 = VECTOR ( 'NONE', #5010, 1000.000000000000000 ) ;
#3136 = EDGE_LOOP ( 'NONE', ( #2307, #8407, #10155, #3210 ) ) ;
#3137 = CARTESIAN_POINT ( 'NONE',  ( 1.625000000000000222, 0.2000000000000000111, -2.500000000000000444 ) ) ;
#3138 = CARTESIAN_POINT ( 'NONE',  ( -1.125000000000000222, 0.2000000000000000111, -2.500000000000000444 ) ) ;
#3139 = DIRECTION ( 'NONE',  ( 0.000000000000000000, 0.000000000000000000, 1.000000000000000000 ) ) ;
#3140 = ORIENTED_EDGE ( 'NONE', *, *, #4729, .F. ) ;
#3141 = VERTEX_POINT ( 'NONE', #10143 ) ;
#3142 = VECTOR ( 'NONE', #11127, 1000.000000000000000 ) ;
#3143 = DIRECTION ( 'NONE',  ( 0.000000000000000000, -0.000000000000000000, 1.000000000000000000 ) ) ;
#3144 = VECTOR ( 'NONE', #7237, 1000.000000000000000 ) ;
#3145 = EDGE_CURVE ( 'NONE', #8838, #7579, #2518, .T. ) ;
#3146 = CARTESIAN_POINT ( 'NONE',  ( 2.500000000000000000, 0.05000000000000000278, 2.499999999999999556 ) ) ;
#3147 =( LENGTH_UNIT ( ) NAMED_UNIT ( * ) SI_UNIT ( .MILLI., .METRE. ) );
#3148 = DIRECTION ( 'NONE',  ( 0.000000000000000000, 1.000000000000000000, 0.000000000000000000 ) ) ;
#3149 = EDGE_CURVE ( 'NONE', #8505, #2757, #10194, .T. ) ;
#3150 = EDGE_CURVE ( 'NONE', #34, #3606, #5973, .T. ) ;
#3151 = FACE_OUTER_BOUND ( 'NONE', #1899, .T. ) ;
#3152 = EDGE_LOOP ( 'NONE', ( #2159, #6483, #9845, #1885 ) ) ;
#3153 = DIRECTION ( 'NONE',  ( 0.000000000000000000, 1.000000000000000000, 0.000000000000000000 ) ) ;
#3154 = DIRECTION ( 'NONE',  ( 0.000000000000000000, 0.000000000000000000, -1.000000000000000000 ) ) ;
#3155 = ORIENTED_EDGE ( 'NONE', *, *, #5640, .T. ) ;
#3156 = CARTESIAN_POINT ( 'NONE',  ( -2.225000000000000977, 0.05000000000000002359, 1.250000000000000666 ) ) ;
#3157 = ORIENTED_EDGE ( 'NONE', *, *, #4643, .F. ) ;
#3158 = ORIENTED_EDGE ( 'NONE', *, *, #8190, .F. ) ;
#3159 = DIRECTION ( 'NONE',  ( 1.000000000000000000, 0.000000000000000000, 0.000000000000000000 ) ) ;
#3160 = ORIENTED_EDGE ( 'NONE', *, *, #6075, .F. ) ;
#3161 = DIRECTION ( 'NONE',  ( -0.000000000000000000, -1.000000000000000000, -0.000000000000000000 ) ) ;
#3162 = ORIENTED_EDGE ( 'NONE', *, *, #8364, .F. ) ;
#3163 = DIRECTION ( 'NONE',  ( -1.734723475976808475E-15, 0.000000000000000000, -1.000000000000000000 ) ) ;
#3164 = ADVANCED_FACE ( 'NONE', ( #10248 ), #9414, .F. ) ;
#3165 = LINE ( 'NONE', #633, #6692 ) ;
#3166 = LINE ( 'NONE', #4119, #2556 ) ;
#3167 = CARTESIAN_POINT ( 'NONE',  ( 2.500000000000000000, 8.671067811865475150, 2.499999999999999556 ) ) ;
#3168 = ORIENTED_EDGE ( 'NONE', *, *, #8689, .F. ) ;
#3169 = MECHANICAL_DESIGN_GEOMETRIC_PRESENTATION_REPRESENTATION (  '', ( #656 ), #5161 ) ;
#3170 = FACE_OUTER_BOUND ( 'NONE', #10677, .T. ) ;
#3171 = CIRCLE ( 'NONE', #6956, 0.1250000000000001110 ) ;
#3172 = LINE ( 'NONE', #6613, #2960 ) ;
#3173 = ADVANCED_FACE ( 'NONE', ( #4450 ), #1737, .F. ) ;
#3174 = CARTESIAN_POINT ( 'NONE',  ( -0.2500000000000002220, 0.04999999999999999584, 2.225000000000000533 ) ) ;
#3175 = ORIENTED_EDGE ( 'NONE', *, *, #6404, .F. ) ;
#3176 = ORIENTED_EDGE ( 'NONE', *, *, #8991, .F. ) ;
#3177 = CARTESIAN_POINT ( 'NONE',  ( 0.1250000000000001110, 0.000000000000000000, 2.225000000000000533 ) ) ;
#3178 = DIRECTION ( 'NONE',  ( 3.154042683594199163E-15, -0.000000000000000000, 1.000000000000000000 ) ) ;
#3179 = CARTESIAN_POINT ( 'NONE',  ( 2.500000000000000444, 0.6716990566028304688, 1.625000000000001110 ) ) ;
#3180 = ORIENTED_EDGE ( 'NONE', *, *, #5014, .T. ) ;
#3181 = ORIENTED_EDGE ( 'NONE', *, *, #7500, .T. ) ;
#3182 = FACE_OUTER_BOUND ( 'NONE', #2417, .T. ) ;
#3183 = CYLINDRICAL_SURFACE ( 'NONE', #10708, 0.1250000000000002220 ) ;
#3184 = EDGE_CURVE ( 'NONE', #6569, #7843, #2631, .T. ) ;
#3185 = EDGE_LOOP ( 'NONE', ( #343, #7193, #5779, #5745 ) ) ;
#3186 = CARTESIAN_POINT ( 'NONE',  ( -1.950000000000000844, 0.8000000000000000444, -1.950000000000000400 ) ) ;
#3187 = LINE ( 'NONE', #4831, #3982 ) ;
#3188 = DIRECTION ( 'NONE',  ( -1.000000000000000000, 0.000000000000000000, -7.885106708985485090E-16 ) ) ;
#3189 = ADVANCED_FACE ( 'NONE', ( #8849 ), #3590, .F. ) ;
#3190 = EDGE_CURVE ( 'NONE', #2847, #3693, #6929, .T. ) ;
#3191 = ORIENTED_EDGE ( 'NONE', *, *, #2055, .T. ) ;
#3192 = DIRECTION ( 'NONE',  ( 6.377659838150024995E-17, -0.000000000000000000, -1.000000000000000000 ) ) ;
#3193 = LINE ( 'NONE', #6528, #4228 ) ;
#3194 = CARTESIAN_POINT ( 'NONE',  ( 1.125000000000000222, 0.2000000000000000111, -2.500000000000000444 ) ) ;
#3195 = EDGE_LOOP ( 'NONE', ( #6092, #3820, #2144, #6156 ) ) ;
#3196 = CARTESIAN_POINT ( 'NONE',  ( -1.749999999999999778, 0.2000000000000000111, -2.225000000000000533 ) ) ;
#3197 =( GEOMETRIC_REPRESENTATION_CONTEXT ( 3 ) GLOBAL_UNCERTAINTY_ASSIGNED_CONTEXT ( ( #1973 ) ) GLOBAL_UNIT_ASSIGNED_CONTEXT ( ( #2141, #1293, #5539 ) ) REPRESENTATION_CONTEXT ( 'NONE', 'WORKASPACE' ) );
#3198 = DIRECTION ( 'NONE',  ( -1.000000000000000000, 0.000000000000000000, -3.154042683594199163E-15 ) ) ;
#3199 = SURFACE_STYLE_FILL_AREA ( #4845 ) ;
#3200 = LINE ( 'NONE', #560, #10281 ) ;
#3201 = LINE ( 'NONE', #8343, #3093 ) ;
#3202 = ORIENTED_EDGE ( 'NONE', *, *, #9048, .F. ) ;
#3203 = FACE_OUTER_BOUND ( 'NONE', #3330, .T. ) ;
#3204 = ADVANCED_FACE ( 'NONE', ( #160 ), #1848, .F. ) ;
#3205 = ADVANCED_FACE ( 'NONE', ( #9517 ), #7734, .F. ) ;
#3206 = CARTESIAN_POINT ( 'NONE',  ( -1.116566416440296001E-16, 0.05000000000000000278, 1.725000000000000533 ) ) ;
#3207 = ORIENTED_EDGE ( 'NONE', *, *, #1825, .T. ) ;
#3208 = PLANE ( 'NONE',  #11094 ) ;
#3209 = EDGE_CURVE ( 'NONE', #2688, #6152, #3537, .T. ) ;
#3210 = ORIENTED_EDGE ( 'NONE', *, *, #9900, .T. ) ;
#3211 = ORIENTED_EDGE ( 'NONE', *, *, #7632, .F. ) ;
#3212 = DIRECTION ( 'NONE',  ( -6.472848790958234544E-17, 0.000000000000000000, -1.000000000000000000 ) ) ;
#3213 = VECTOR ( 'NONE', #184, 1000.000000000000000 ) ;
#3214 = DIRECTION ( 'NONE',  ( 1.000000000000000000, -0.000000000000000000, -0.000000000000000000 ) ) ;
#3215 = ORIENTED_EDGE ( 'NONE', *, *, #5178, .T. ) ;
#3216 = VERTEX_POINT ( 'NONE', #2736 ) ;
#3217 = FACE_OUTER_BOUND ( 'NONE', #7223, .T. ) ;
#3218 = DIRECTION ( 'NONE',  ( 0.000000000000000000, 0.000000000000000000, 1.000000000000000000 ) ) ;
#3219 = DIRECTION ( 'NONE',  ( 1.000000000000000000, -0.000000000000000000, -0.000000000000000000 ) ) ;
#3220 = DIRECTION ( 'NONE',  ( 0.000000000000000000, -1.000000000000000000, 0.000000000000000000 ) ) ;
#3221 = VERTEX_POINT ( 'NONE', #10530 ) ;
#3222 = CARTESIAN_POINT ( 'NONE',  ( 1.249999999999999778, 0.6716990566028303578, 2.100000000000000089 ) ) ;
#3223 = AXIS2_PLACEMENT_3D ( 'NONE', #3231, #4076, #10164 ) ;
#3224 = ADVANCED_FACE ( 'NONE', ( #948 ), #6032, .T. ) ;
#3225 = LINE ( 'NONE', #6664, #1319 ) ;
#3226 = CARTESIAN_POINT ( 'NONE',  ( -1.750000000000000222, 0.2000000000000000111, 2.225000000000000533 ) ) ;
#3227 = EDGE_CURVE ( 'NONE', #6787, #10820, #6254, .T. ) ;
#3228 = VERTEX_POINT ( 'NONE', #1952 ) ;
#3229 = ORIENTED_EDGE ( 'NONE', *, *, #4611, .F. ) ;
#3230 = LINE ( 'NONE', #6669, #7210 ) ;
#3231 = CARTESIAN_POINT ( 'NONE',  ( -1.675000000000000711, 0.000000000000000000, 1.675000000000000711 ) ) ;
#3232 = ORIENTED_EDGE ( 'NONE', *, *, #6888, .F. ) ;
#3233 = AXIS2_PLACEMENT_3D ( 'NONE', #7954, #5527, #7155 ) ;
#3234 = ORIENTED_EDGE ( 'NONE', *, *, #3117, .F. ) ;
#3235 = CARTESIAN_POINT ( 'NONE',  ( -0.8749999999999998890, 0.6716990566028303578, -2.500000000000000444 ) ) ;
#3236 = LINE ( 'NONE', #5730, #1047 ) ;
#3237 = EDGE_LOOP ( 'NONE', ( #4574, #5082, #8649, #5042 ) ) ;
#3238 = EDGE_LOOP ( 'NONE', ( #5152, #10956, #3685, #3265 ) ) ;
#3239 = LINE ( 'NONE', #1315, #4023 ) ;
#3240 = LINE ( 'NONE', #1596, #6219 ) ;
#3241 = VECTOR ( 'NONE', #669, 1000.000000000000000 ) ;
#3242 = DIRECTION ( 'NONE',  ( 0.000000000000000000, 1.000000000000000000, 0.000000000000000000 ) ) ;
#3243 = STYLED_ITEM ( 'NONE', ( #1419 ), #3530 ) ;
#3244 = CARTESIAN_POINT ( 'NONE',  ( -0.6250000000000001110, 0.6716990566028303578, -2.500000000000000444 ) ) ;
#3245 = ORIENTED_EDGE ( 'NONE', *, *, #483, .F. ) ;
#3246 = LINE ( 'NONE', #2233, #4933 ) ;
#3247 = DIRECTION ( 'NONE',  ( 0.000000000000000000, 0.000000000000000000, 1.000000000000000000 ) ) ;
#3248 = DIRECTION ( 'NONE',  ( 0.000000000000000000, 0.000000000000000000, -1.000000000000000000 ) ) ;
#3249 = STYLED_ITEM ( 'NONE', ( #9233 ), #7595 ) ;
#3250 = AXIS2_PLACEMENT_3D ( 'NONE', #6106, #1170, #9538 ) ;
#3251 = VERTEX_POINT ( 'NONE', #5300 ) ;
#3252 = EDGE_CURVE ( 'NONE', #4186, #9751, #9637, .T. ) ;
#3253 = CARTESIAN_POINT ( 'NONE',  ( -1.875000000000000000, 0.1999999999999999833, -2.500000000000000444 ) ) ;
#3254 = UNCERTAINTY_MEASURE_WITH_UNIT (LENGTH_MEASURE( 1.000000000000000082E-05 ), #991, 'distance_accuracy_value', 'NONE');
#3255 = EDGE_CURVE ( 'NONE', #1689, #5786, #1052, .T. ) ;
#3256 = DIRECTION ( 'NONE',  ( 0.000000000000000000, 1.000000000000000000, 0.000000000000000000 ) ) ;
#3257 = DIRECTION ( 'NONE',  ( -0.000000000000000000, -1.000000000000000000, -0.000000000000000000 ) ) ;
#3258 = ORIENTED_EDGE ( 'NONE', *, *, #6984, .F. ) ;
#3259 = CIRCLE ( 'NONE', #8133, 0.1250000000000001110 ) ;
#3260 = DIRECTION ( 'NONE',  ( -0.000000000000000000, -1.000000000000000000, -0.000000000000000000 ) ) ;
#3261 = ORIENTED_EDGE ( 'NONE', *, *, #3879, .F. ) ;
#3262 = CARTESIAN_POINT ( 'NONE',  ( -1.750000000000000222, 0.2000000000000000111, 2.225000000000000533 ) ) ;
#3263 = ORIENTED_EDGE ( 'NONE', *, *, #8404, .F. ) ;
#3264 = AXIS2_PLACEMENT_3D ( 'NONE', #8363, #4175, #1522 ) ;
#3265 = ORIENTED_EDGE ( 'NONE', *, *, #1693, .T. ) ;
#3266 = DIRECTION ( 'NONE',  ( -0.000000000000000000, 0.000000000000000000, 1.000000000000000000 ) ) ;
#3267 = EDGE_LOOP ( 'NONE', ( #10681, #588, #6415, #983 ) ) ;
#3268 = ORIENTED_EDGE ( 'NONE', *, *, #658, .F. ) ;
#3270 = EDGE_CURVE ( 'NONE', #4259, #7358, #7036, .T. ) ;
#3269 = CARTESIAN_POINT ( 'NONE',  ( 0.8749999999999998890, 0.6716990566028303578, -2.225000000000000533 ) ) ;
#3271 = DIRECTION ( 'NONE',  ( 0.000000000000000000, 0.000000000000000000, -1.000000000000000000 ) ) ;
#3272 = COLOUR_RGB ( '',0.7921568627450980005, 0.8196078431372548767, 0.9333333333333333481 ) ;
#3273 = PRESENTATION_LAYER_ASSIGNMENT (  '', '', ( #5261 ) ) ;
#3274 = CARTESIAN_POINT ( 'NONE',  ( 1.625000000000000222, 0.6716990566028303578, -2.500000000000000444 ) ) ;
#3275 = VECTOR ( 'NONE', #11107, 1000.000000000000000 ) ;
#3276 = CARTESIAN_POINT ( 'NONE',  ( -0.2499999999999997780, 0.000000000000000000, -2.225000000000000533 ) ) ;
#3277 = EDGE_LOOP ( 'NONE', ( #5449, #17, #2100, #3887 ) ) ;
#3278 = LINE ( 'NONE', #4990, #7862 ) ;
#3279 = DIRECTION ( 'NONE',  ( 0.000000000000000000, 0.000000000000000000, -1.000000000000000000 ) ) ;
#3280 = DIRECTION ( 'NONE',  ( 1.734723475976808475E-15, 0.000000000000000000, 1.000000000000000000 ) ) ;
#3281 = ORIENTED_EDGE ( 'NONE', *, *, #8, .F. ) ;
#3282 = ORIENTED_EDGE ( 'NONE', *, *, #6232, .F. ) ;
#3283 = PLANE ( 'NONE',  #367 ) ;
#3284 = CARTESIAN_POINT ( 'NONE',  ( 2.225000000000000977, 0.000000000000000000, -1.624999999999999556 ) ) ;
#3285 = VECTOR ( 'NONE', #8667, 1000.000000000000000 ) ;
#3286 = ORIENTED_EDGE ( 'NONE', *, *, #6525, .T. ) ;
#3287 = ORIENTED_EDGE ( 'NONE', *, *, #3992, .F. ) ;
#3288 = ADVANCED_FACE ( 'NONE', ( #10471 ), #1902, .T. ) ;
#3289 = LINE ( 'NONE', #2439, #10821 ) ;
#3290 = EDGE_CURVE ( 'NONE', #11076, #7553, #6981, .T. ) ;
#3291 = EDGE_CURVE ( 'NONE', #2646, #119, #2678, .T. ) ;
#3292 = CARTESIAN_POINT ( 'NONE',  ( -1.874999999999999778, 0.1999999999999999833, -2.225000000000000533 ) ) ;
#3293 = ORIENTED_EDGE ( 'NONE', *, *, #9663, .F. ) ;
#3294 = FACE_OUTER_BOUND ( 'NONE', #5525, .T. ) ;
#3295 = VECTOR ( 'NONE', #8409, 1000.000000000000000 ) ;
#3296 = CIRCLE ( 'NONE', #8880, 0.04999999999999991257 ) ;
#3297 = CARTESIAN_POINT ( 'NONE',  ( 2.225000000000000977, 0.6716990566028304688, -1.749999999999999334 ) ) ;
#3298 = DIRECTION ( 'NONE',  ( 1.000000000000000000, -0.000000000000000000, -0.000000000000000000 ) ) ;
#3299 = VECTOR ( 'NONE', #1469, 1000.000000000000000 ) ;
#3300 = AXIS2_PLACEMENT_3D ( 'NONE', #2354, #5703, #6646 ) ;
#3301 = CARTESIAN_POINT ( 'NONE',  ( -2.225000000000000977, 0.1999999999999999833, -1.124999999999999556 ) ) ;
#3302 = VECTOR ( 'NONE', #4039, 1000.000000000000000 ) ;
#3303 = DIRECTION ( 'NONE',  ( -0.000000000000000000, -1.000000000000000000, -0.000000000000000000 ) ) ;
#3304 = DIRECTION ( 'NONE',  ( 1.734723475976808475E-15, 0.000000000000000000, 1.000000000000000000 ) ) ;
#3305 = CARTESIAN_POINT ( 'NONE',  ( -2.500000000000000444, 0.1999999999999999833, 1.125000000000000888 ) ) ;
#3306 = VECTOR ( 'NONE', #9367, 1000.000000000000000 ) ;
#3307 = CIRCLE ( 'NONE', #6013, 0.1250000000000001110 ) ;
#3308 = EDGE_CURVE ( 'NONE', #3747, #8812, #7951, .T. ) ;
#3309 = VERTEX_POINT ( 'NONE', #9905 ) ;
#3310 = CARTESIAN_POINT ( 'NONE',  ( -2.500000000000000000, 0.8000000000000003775, 2.499999999999999556 ) ) ;
#3311 = DIRECTION ( 'NONE',  ( -0.000000000000000000, -1.000000000000000000, -0.000000000000000000 ) ) ;
#3312 = CIRCLE ( 'NONE', #7662, 0.1250000000000001110 ) ;
#3313 = VECTOR ( 'NONE', #4511, 1000.000000000000000 ) ;
#3314 = DIRECTION ( 'NONE',  ( 0.000000000000000000, 0.000000000000000000, -1.000000000000000000 ) ) ;
#3315 = DIRECTION ( 'NONE',  ( 0.000000000000000000, -1.000000000000000000, 0.000000000000000000 ) ) ;
#3316 = ORIENTED_EDGE ( 'NONE', *, *, #9059, .T. ) ;
#3317 = FACE_OUTER_BOUND ( 'NONE', #379, .T. ) ;
#3318 = VERTEX_POINT ( 'NONE', #6305 ) ;
#3319 = EDGE_CURVE ( 'NONE', #9191, #6213, #8960, .T. ) ;
#3320 = AXIS2_PLACEMENT_3D ( 'NONE', #10293, #4326, #9290 ) ;
#3321 = DIRECTION ( 'NONE',  ( -1.000000000000000000, 0.000000000000000000, -7.885106708985485090E-16 ) ) ;
#3322 = ORIENTED_EDGE ( 'NONE', *, *, #5294, .T. ) ;
#3323 = DIRECTION ( 'NONE',  ( 1.000000000000000000, -0.000000000000000000, -7.885106708985485090E-16 ) ) ;
#3324 = ORIENTED_EDGE ( 'NONE', *, *, #2358, .F. ) ;
#3325 = CARTESIAN_POINT ( 'NONE',  ( -0.6250000000000001110, 0.6716990566028303578, -2.500000000000000444 ) ) ;
#3326 = DIRECTION ( 'NONE',  ( 1.000000000000000000, 0.000000000000000000, 0.000000000000000000 ) ) ;
#3327 = CARTESIAN_POINT ( 'NONE',  ( -0.6250000000000001110, 0.2000000000000000111, -2.500000000000000444 ) ) ;
#3328 = VECTOR ( 'NONE', #10781, 1000.000000000000000 ) ;
#3329 = FACE_OUTER_BOUND ( 'NONE', #8941, .T. ) ;
#3330 = EDGE_LOOP ( 'NONE', ( #8597, #10479, #8114, #3168 ) ) ;
#3331 = EDGE_CURVE ( 'NONE', #3040, #6645, #7207, .T. ) ;
#3332 = CARTESIAN_POINT ( 'NONE',  ( -1.478457507934777554E-15, 0.05000000000000000278, 1.874999999999998890 ) ) ;
#3333 = CARTESIAN_POINT ( 'NONE',  ( -0.7500000000000002220, 0.1999999999999999833, 2.225000000000000533 ) ) ;
#3334 = VECTOR ( 'NONE', #5893, 1000.000000000000000 ) ;
#3335 = DIRECTION ( 'NONE',  ( 0.000000000000000000, 1.000000000000000000, 0.000000000000000000 ) ) ;
#3336 = ORIENTED_EDGE ( 'NONE', *, *, #5317, .F. ) ;
#3337 = ORIENTED_EDGE ( 'NONE', *, *, #8682, .T. ) ;
#3338 = ORIENTED_EDGE ( 'NONE', *, *, #66, .T. ) ;
#3339 = SURFACE_STYLE_USAGE ( .BOTH. , #4820 ) ;
#3340 = DIRECTION ( 'NONE',  ( -1.000000000000000000, 0.000000000000000000, 0.000000000000000000 ) ) ;
#3341 = ORIENTED_EDGE ( 'NONE', *, *, #5896, .F. ) ;
#3342 = ORIENTED_EDGE ( 'NONE', *, *, #8729, .F. ) ;
#3343 = DIRECTION ( 'NONE',  ( -0.000000000000000000, -1.000000000000000000, -0.000000000000000000 ) ) ;
#3344 = CLOSED_SHELL ( 'NONE', ( #1244, #7485, #2281, #1161, #9560, #10243, #10734 ) ) ;
#3345 = DIRECTION ( 'NONE',  ( 0.000000000000000000, 1.000000000000000000, 0.000000000000000000 ) ) ;
#3346 = CARTESIAN_POINT ( 'NONE',  ( 1.674999999999999822, 5.079036790187180017, 1.725000000000000755 ) ) ;
#3347 = ORIENTED_EDGE ( 'NONE', *, *, #2098, .F. ) ;
#3348 = DIRECTION ( 'NONE',  ( -0.000000000000000000, -1.000000000000000000, -0.000000000000000000 ) ) ;
#3349 = CARTESIAN_POINT ( 'NONE',  ( -2.500000000000000444, 0.6716990566028304688, 1.625000000000001110 ) ) ;
#3350 = CARTESIAN_POINT ( 'NONE',  ( -2.225000000000000977, 0.1999999999999999833, 0.1250000000000004441 ) ) ;
#3351 = ADVANCED_FACE ( 'NONE', ( #3707 ), #4724, .F. ) ;
#3352 = VECTOR ( 'NONE', #7151, 1000.000000000000000 ) ;
#3353 = CARTESIAN_POINT ( 'NONE',  ( -2.500000000000000444, 0.1999999999999999833, 0.6250000000000009992 ) ) ;
#3354 = CARTESIAN_POINT ( 'NONE',  ( 0.8749999999999998890, 0.2000000000000000111, 2.500000000000000444 ) ) ;
#3355 = CARTESIAN_POINT ( 'NONE',  ( -1.250000000000000222, 0.1999999999999999833, 2.225000000000000533 ) ) ;
#3356 = DIRECTION ( 'NONE',  ( 0.000000000000000000, 1.000000000000000000, 0.000000000000000000 ) ) ;
#3357 = CARTESIAN_POINT ( 'NONE',  ( 1.674999999999999822, 5.079036790187180017, 1.725000000000000533 ) ) ;
#3358 = ORIENTED_EDGE ( 'NONE', *, *, #2345, .T. ) ;
#3360 = ADVANCED_FACE ( 'NONE', ( #2970 ), #8113, .F. ) ;
#3359 = ORIENTED_EDGE ( 'NONE', *, *, #3905, .F. ) ;
#3361 = DIRECTION ( 'NONE',  ( 0.000000000000000000, -1.000000000000000000, 0.000000000000000000 ) ) ;
#3362 = CARTESIAN_POINT ( 'NONE',  ( -1.375000000000000888, -0.4449747468305830789, -1.724999999999999867 ) ) ;
#3363 = CARTESIAN_POINT ( 'NONE',  ( 1.249999999999999778, 0.2000000000000000111, 2.225000000000000533 ) ) ;
#3364 = DIRECTION ( 'NONE',  ( -1.000000000000000000, -0.000000000000000000, 3.154042683594198769E-15 ) ) ;
#3365 = FACE_OUTER_BOUND ( 'NONE', #2208, .T. ) ;
#3366 = EDGE_CURVE ( 'NONE', #10262, #4866, #191, .T. ) ;
#3367 = ORIENTED_EDGE ( 'NONE', *, *, #7560, .F. ) ;
#3368 = FACE_OUTER_BOUND ( 'NONE', #1795, .T. ) ;
#3369 = ORIENTED_EDGE ( 'NONE', *, *, #987, .T. ) ;
#3370 = DIRECTION ( 'NONE',  ( 0.000000000000000000, -1.000000000000000000, 0.000000000000000000 ) ) ;
#3371 = ORIENTED_EDGE ( 'NONE', *, *, #4742, .T. ) ;
#3372 = ORIENTED_EDGE ( 'NONE', *, *, #3704, .T. ) ;
#3373 = CARTESIAN_POINT ( 'NONE',  ( 2.500000000000000444, 0.000000000000000000, -1.374999999999999112 ) ) ;
#3374 = ORIENTED_EDGE ( 'NONE', *, *, #9632, .F. ) ;
#3375 = LINE ( 'NONE', #2636, #4667 ) ;
#3376 = UNCERTAINTY_MEASURE_WITH_UNIT (LENGTH_MEASURE( 1.000000000000000082E-05 ), #4890, 'distance_accuracy_value', 'NONE');
#3377 = EDGE_LOOP ( 'NONE', ( #2008, #6327, #1373, #10754 ) ) ;
#3378 = FACE_OUTER_BOUND ( 'NONE', #10129, .T. ) ;
#3379 = CARTESIAN_POINT ( 'NONE',  ( 0.6250000000000001110, 0.04999999999999969746, -2.500000000000000444 ) ) ;
#3380 = EDGE_CURVE ( 'NONE', #10713, #3538, #6127, .T. ) ;
#3381 = VERTEX_POINT ( 'NONE', #3761 ) ;
#3382 = CYLINDRICAL_SURFACE ( 'NONE', #4736, 0.1250000000000001110 ) ;
#3383 = CARTESIAN_POINT ( 'NONE',  ( -2.500000000000000888, 0.1999999999999999833, -0.6249999999999992228 ) ) ;
#3384 = VERTEX_POINT ( 'NONE', #6424 ) ;
#3385 = DIRECTION ( 'NONE',  ( 0.000000000000000000, 0.000000000000000000, -1.000000000000000000 ) ) ;
#3386 = CARTESIAN_POINT ( 'NONE',  ( 1.625000000000000222, 0.1999999999999999833, 2.500000000000000444 ) ) ;
#3387 = ORIENTED_EDGE ( 'NONE', *, *, #3150, .T. ) ;
#3388 = ORIENTED_EDGE ( 'NONE', *, *, #2000, .F. ) ;
#3389 = AXIS2_PLACEMENT_3D ( 'NONE', #6906, #6529, #3458 ) ;
#3390 = LINE ( 'NONE', #1752, #4753 ) ;
#3391 = LINE ( 'NONE', #9061, #1229 ) ;
#3392 = EDGE_CURVE ( 'NONE', #7936, #726, #4333, .T. ) ;
#3393 = EDGE_LOOP ( 'NONE', ( #1531, #10193, #6930, #4526 ) ) ;
#3394 = ORIENTED_EDGE ( 'NONE', *, *, #8251, .T. ) ;
#3395 = DIRECTION ( 'NONE',  ( 0.000000000000000000, -1.000000000000000000, 0.000000000000000000 ) ) ;
#3396 = AXIS2_PLACEMENT_3D ( 'NONE', #2607, #5941, #6900 ) ;
#3397 = LINE ( 'NONE', #6899, #9258 ) ;
#3398 = DIRECTION ( 'NONE',  ( 0.000000000000000000, -1.000000000000000000, 0.000000000000000000 ) ) ;
#3399 = ORIENTED_EDGE ( 'NONE', *, *, #8734, .F. ) ;
#3400 = ORIENTED_EDGE ( 'NONE', *, *, #1553, .F. ) ;
#3401 = DIRECTION ( 'NONE',  ( 1.000000000000000000, 0.000000000000000000, 7.885106708985485090E-16 ) ) ;
#3402 = CARTESIAN_POINT ( 'NONE',  ( 2.225000000000000977, 0.05000000000000002359, 1.750000000000000666 ) ) ;
#3403 = VECTOR ( 'NONE', #6671, 1000.000000000000000 ) ;
#3404 = LINE ( 'NONE', #711, #1619 ) ;
#3405 = EDGE_CURVE ( 'NONE', #3553, #8099, #9735, .T. ) ;
#3406 = DIRECTION ( 'NONE',  ( 0.000000000000000000, 0.000000000000000000, -1.000000000000000000 ) ) ;
#3407 = VECTOR ( 'NONE', #3023, 1000.000000000000000 ) ;
#3408 = ADVANCED_FACE ( 'NONE', ( #10697 ), #4557, .T. ) ;
#3409 = DIRECTION ( 'NONE',  ( 0.000000000000000000, -1.000000000000000000, 0.000000000000000000 ) ) ;
#3410 = CARTESIAN_POINT ( 'NONE',  ( 1.875000000000000000, 0.6716990566028303578, 2.500000000000000444 ) ) ;
#3411 = ORIENTED_EDGE ( 'NONE', *, *, #8378, .T. ) ;
#3412 = EDGE_LOOP ( 'NONE', ( #8904, #7450, #4431, #5927 ) ) ;
#3413 = VECTOR ( 'NONE', #3947, 1000.000000000000000 ) ;
#3414 = DIRECTION ( 'NONE',  ( 1.000000000000000000, -0.000000000000000000, 7.885106708985485090E-16 ) ) ;
#3415 = AXIS2_PLACEMENT_3D ( 'NONE', #321, #7993, #267 ) ;
#3416 = DIRECTION ( 'NONE',  ( -0.7071067811865479058, 0.000000000000000000, -0.7071067811865472397 ) ) ;
#3417 = AXIS2_PLACEMENT_3D ( 'NONE', #8628, #3427, #6873 ) ;
#3418 = PLANE ( 'NONE',  #7946 ) ;
#3419 = CARTESIAN_POINT ( 'NONE',  ( 1.724999999999999867, 5.079036790187180017, 1.675000000000000933 ) ) ;
#3420 = DIRECTION ( 'NONE',  ( -3.154042683594199163E-15, 0.000000000000000000, 1.000000000000000000 ) ) ;
#3421 = ORIENTED_EDGE ( 'NONE', *, *, #8062, .F. ) ;
#3422 = EDGE_CURVE ( 'NONE', #8617, #7310, #7766, .T. ) ;
#3423 = EDGE_CURVE ( 'NONE', #9954, #9698, #2125, .T. ) ;
#3424 = AXIS2_PLACEMENT_3D ( 'NONE', #7715, #8554, #2554 ) ;
#3425 = DIRECTION ( 'NONE',  ( -0.000000000000000000, -1.000000000000000000, -0.000000000000000000 ) ) ;
#3426 = ORIENTED_EDGE ( 'NONE', *, *, #3009, .F. ) ;
#3427 = DIRECTION ( 'NONE',  ( 0.000000000000000000, 1.000000000000000000, 0.000000000000000000 ) ) ;
#3428 = ORIENTED_EDGE ( 'NONE', *, *, #1425, .T. ) ;
#3429 = DIRECTION ( 'NONE',  ( -0.000000000000000000, -1.000000000000000000, -0.000000000000000000 ) ) ;
#3430 = CARTESIAN_POINT ( 'NONE',  ( 2.225000000000000977, 0.1999999999999999833, -0.1249999999999994588 ) ) ;
#3431 = AXIS2_PLACEMENT_3D ( 'NONE', #6003, #7651, #9325 ) ;
#3432 = ORIENTED_EDGE ( 'NONE', *, *, #10952, .T. ) ;
#3433 = FACE_OUTER_BOUND ( 'NONE', #10995, .T. ) ;
#3434 = LINE ( 'NONE', #2584, #5976 ) ;
#3435 = ORIENTED_EDGE ( 'NONE', *, *, #4601, .F. ) ;
#3436 =( LENGTH_UNIT ( ) NAMED_UNIT ( * ) SI_UNIT ( .MILLI., .METRE. ) );
#3437 = ORIENTED_EDGE ( 'NONE', *, *, #5228, .F. ) ;
#3438 = LINE ( 'NONE', #5312, #4189 ) ;
#3439 = VECTOR ( 'NONE', #4564, 1000.000000000000000 ) ;
#3440 = VECTOR ( 'NONE', #8733, 1000.000000000000000 ) ;
#3441 = DIRECTION ( 'NONE',  ( 0.000000000000000000, 0.000000000000000000, -1.000000000000000000 ) ) ;
#3442 = EDGE_LOOP ( 'NONE', ( #384, #5112, #1805, #4885 ) ) ;
#3443 = EDGE_LOOP ( 'NONE', ( #3984, #11000, #4579, #6262 ) ) ;
#3444 = EDGE_CURVE ( 'NONE', #7812, #5254, #1275, .T. ) ;
#3445 = CARTESIAN_POINT ( 'NONE',  ( -1.875000000000000000, 0.6716990566028303578, -2.500000000000000444 ) ) ;
#3446 = ORIENTED_EDGE ( 'NONE', *, *, #5576, .F. ) ;
#3447 = VERTEX_POINT ( 'NONE', #2009 ) ;
#3448 = STYLED_ITEM ( 'NONE', ( #10583 ), #3907 ) ;
#3449 = FACE_OUTER_BOUND ( 'NONE', #681, .T. ) ;
#3450 = VECTOR ( 'NONE', #9581, 1000.000000000000000 ) ;
#3451 = VECTOR ( 'NONE', #6695, 1000.000000000000000 ) ;
#3452 = DIRECTION ( 'NONE',  ( -0.000000000000000000, 0.000000000000000000, 1.000000000000000000 ) ) ;
#3453 = CARTESIAN_POINT ( 'NONE',  ( -2.225000000000000977, 0.1999999999999999833, -1.374999999999999556 ) ) ;
#3454 = ORIENTED_EDGE ( 'NONE', *, *, #694, .F. ) ;
#3455 = FACE_OUTER_BOUND ( 'NONE', #6376, .T. ) ;
#3456 = CYLINDRICAL_SURFACE ( 'NONE', #1135, 0.1250000000000001110 ) ;
#3457 = LINE ( 'NONE', #826, #1887 ) ;
#3458 = DIRECTION ( 'NONE',  ( 1.000000000000000000, 0.000000000000000000, -3.154042683594199163E-15 ) ) ;
#3459 = AXIS2_PLACEMENT_3D ( 'NONE', #4494, #8843, #1945 ) ;
#3460 = EDGE_CURVE ( 'NONE', #7668, #9986, #5466, .T. ) ;
#3461 = DIRECTION ( 'NONE',  ( -1.000000000000000000, 0.000000000000000000, 3.154042683594199163E-15 ) ) ;
#3462 = VECTOR ( 'NONE', #10709, 1000.000000000000000 ) ;
#3463 = DIRECTION ( 'NONE',  ( 0.000000000000000000, 1.000000000000000000, 0.000000000000000000 ) ) ;
#3464 = STYLED_ITEM ( 'NONE', ( #7218 ), #11077 ) ;
#3465 = AXIS2_PLACEMENT_3D ( 'NONE', #7890, #9426, #7694 ) ;
#3466 = LINE ( 'NONE', #7717, #9058 ) ;
#3467 = ORIENTED_EDGE ( 'NONE', *, *, #4707, .T. ) ;
#3468 = CARTESIAN_POINT ( 'NONE',  ( -2.500000000000000888, 0.1999999999999999833, -0.1249999999999992506 ) ) ;
#3469 = PLANE ( 'NONE',  #623 ) ;
#3470 = ADVANCED_FACE ( 'NONE', ( #4616 ), #8058, .F. ) ;
#3471 = ADVANCED_FACE ( 'NONE', ( #7581 ), #2269, .F. ) ;
#3472 = ORIENTED_EDGE ( 'NONE', *, *, #2676, .T. ) ;
#3473 = AXIS2_PLACEMENT_3D ( 'NONE', #10987, #3153, #1284 ) ;
#3474 = VECTOR ( 'NONE', #8615, 1000.000000000000000 ) ;
#3475 = PRESENTATION_STYLE_ASSIGNMENT (( #7779 ) ) ;
#3476 = DIRECTION ( 'NONE',  ( -0.000000000000000000, -1.000000000000000000, -0.000000000000000000 ) ) ;
#3477 = VECTOR ( 'NONE', #1704, 1000.000000000000000 ) ;
#3478 = DIRECTION ( 'NONE',  ( 0.000000000000000000, -1.000000000000000000, 0.000000000000000000 ) ) ;
#3479 = CARTESIAN_POINT ( 'NONE',  ( 1.674999999999999822, 0.1999999999999996503, -1.724999999999999423 ) ) ;
#3480 = DIRECTION ( 'NONE',  ( 1.000000000000000000, 0.000000000000000000, 0.000000000000000000 ) ) ;
#3481 = VERTEX_POINT ( 'NONE', #10844 ) ;
#3482 = VECTOR ( 'NONE', #31, 1000.000000000000000 ) ;
#3483 = DIRECTION ( 'NONE',  ( -0.000000000000000000, -0.000000000000000000, 1.000000000000000000 ) ) ;
#3484 = CARTESIAN_POINT ( 'NONE',  ( -0.8749999999999998890, 0.1999999999999999833, -2.500000000000000444 ) ) ;
#3485 = VERTEX_POINT ( 'NONE', #699 ) ;
#3486 = EDGE_CURVE ( 'NONE', #10081, #1250, #11013, .T. ) ;
#3487 = DIRECTION ( 'NONE',  ( 0.000000000000000000, -0.000000000000000000, 1.000000000000000000 ) ) ;
#3488 = VECTOR ( 'NONE', #8395, 1000.000000000000000 ) ;
#3489 = EDGE_CURVE ( 'NONE', #8240, #1400, #590, .T. ) ;
#3490 = DIRECTION ( 'NONE',  ( 0.000000000000000000, 0.000000000000000000, -1.000000000000000000 ) ) ;
#3491 = FACE_OUTER_BOUND ( 'NONE', #491, .T. ) ;
#3492 = LINE ( 'NONE', #11119, #4530 ) ;
#3493 = VERTEX_POINT ( 'NONE', #3177 ) ;
#3494 = SURFACE_SIDE_STYLE ('',( #4295 ) ) ;
#3495 = EDGE_LOOP ( 'NONE', ( #6255, #2030, #797, #8295 ) ) ;
#3496 = VECTOR ( 'NONE', #7522, 1000.000000000000000 ) ;
#3497 = CARTESIAN_POINT ( 'NONE',  ( -0.6250000000000003331, 0.2000000000000000111, 2.225000000000000533 ) ) ;
#3498 = CIRCLE ( 'NONE', #9803, 0.2500000000000008882 ) ;
#3499 = DIRECTION ( 'NONE',  ( -1.000000000000000000, 0.000000000000000000, -0.000000000000000000 ) ) ;
#3500 = PLANE ( 'NONE',  #10349 ) ;
#3501 = ORIENTED_EDGE ( 'NONE', *, *, #1983, .T. ) ;
#3502 = ORIENTED_EDGE ( 'NONE', *, *, #2972, .F. ) ;
#3503 = SURFACE_SIDE_STYLE ('',( #79 ) ) ;
#3504 = EDGE_CURVE ( 'NONE', #9339, #5721, #3230, .T. ) ;
#3505 = FACE_OUTER_BOUND ( 'NONE', #3237, .T. ) ;
#3506 = ORIENTED_EDGE ( 'NONE', *, *, #6811, .F. ) ;
#3507 = ORIENTED_EDGE ( 'NONE', *, *, #495, .T. ) ;
#3508 = DIRECTION ( 'NONE',  ( 1.000000000000000000, 0.000000000000000000, 3.154042683594199163E-15 ) ) ;
#3509 = DIRECTION ( 'NONE',  ( -0.000000000000000000, -1.000000000000000000, -0.000000000000000000 ) ) ;
#3510 = CARTESIAN_POINT ( 'NONE',  ( 0.3749999999999996669, 0.04999999999999999584, 2.225000000000000533 ) ) ;
#3511 = ORIENTED_EDGE ( 'NONE', *, *, #2934, .T. ) ;
#3512 = EDGE_CURVE ( 'NONE', #652, #8561, #4995, .T. ) ;
#3513 = CARTESIAN_POINT ( 'NONE',  ( 0.8749999999999998890, 0.04999999999999969746, 2.500000000000000444 ) ) ;
#3514 = VERTEX_POINT ( 'NONE', #3958 ) ;
#3515 = DIRECTION ( 'NONE',  ( -0.000000000000000000, -1.000000000000000000, -0.000000000000000000 ) ) ;
#3516 = CARTESIAN_POINT ( 'NONE',  ( -1.375000000000000666, 0.8000000000000003775, -1.724999999999999867 ) ) ;
#3517 = CLOSED_SHELL ( 'NONE', ( #7949, #2876, #11121, #966, #2709, #58 ) ) ;
#3518 = CARTESIAN_POINT ( 'NONE',  ( 2.225000000000000977, 0.000000000000000000, -1.249999999999999334 ) ) ;
#3519 = VECTOR ( 'NONE', #4230, 1000.000000000000000 ) ;
#3520 = LINE ( 'NONE', #8720, #9388 ) ;
#3521 = CARTESIAN_POINT ( 'NONE',  ( 2.500000000000000888, 0.1999999999999999833, 0.8750000000000007772 ) ) ;
#3522 = ADVANCED_FACE ( 'NONE', ( #5776 ), #3283, .F. ) ;
#3523 = VERTEX_POINT ( 'NONE', #4129 ) ;
#3524 = DIRECTION ( 'NONE',  ( 0.000000000000000000, 0.000000000000000000, -1.000000000000000000 ) ) ;
#3525 = LINE ( 'NONE', #317, #5487 ) ;
#3526 = VECTOR ( 'NONE', #2940, 1000.000000000000000 ) ;
#3527 = VERTEX_POINT ( 'NONE', #5727 ) ;
#3528 = FACE_OUTER_BOUND ( 'NONE', #1532, .T. ) ;
#3529 = EDGE_CURVE ( 'NONE', #3309, #4999, #8428, .T. ) ;
#3530 = MANIFOLD_SOLID_BREP ( 'LPattern3[10]', #4977 ) ;
#3531 = CARTESIAN_POINT ( 'NONE',  ( -0.7500000000000002220, 0.2000000000000000111, 2.225000000000000533 ) ) ;
#3532 = EDGE_CURVE ( 'NONE', #1372, #3635, #8311, .T. ) ;
#3533 = CARTESIAN_POINT ( 'NONE',  ( 0.1250000000000001110, 0.2000000000000000111, 2.500000000000000444 ) ) ;
#3534 = ORIENTED_EDGE ( 'NONE', *, *, #6083, .T. ) ;
#3535 = LINE ( 'NONE', #8683, #7501 ) ;
#3536 = ORIENTED_EDGE ( 'NONE', *, *, #1729, .F. ) ;
#3537 = LINE ( 'NONE', #5187, #1974 ) ;
#3538 = VERTEX_POINT ( 'NONE', #5884 ) ;
#3539 = FACE_OUTER_BOUND ( 'NONE', #2065, .T. ) ;
#3540 = CARTESIAN_POINT ( 'NONE',  ( -1.375000000000000000, 0.000000000000000000, 2.500000000000000444 ) ) ;
#3541 = LINE ( 'NONE', #896, #9193 ) ;
#3542 = DIRECTION ( 'NONE',  ( 1.000000000000000000, -0.000000000000000000, 0.000000000000000000 ) ) ;
#3543 = EDGE_LOOP ( 'NONE', ( #6070, #2288, #6552, #3322 ) ) ;
#3544 = EDGE_CURVE ( 'NONE', #1019, #6181, #6563, .T. ) ;
#3545 = EDGE_CURVE ( 'NONE', #1129, #10767, #8373, .T. ) ;
#3546 = ORIENTED_EDGE ( 'NONE', *, *, #2593, .F. ) ;
#3547 =( LENGTH_UNIT ( ) NAMED_UNIT ( * ) SI_UNIT ( .MILLI., .METRE. ) );
#3548 = MANIFOLD_SOLID_BREP ( 'LPattern4[9]', #3517 ) ;
#3549 = EDGE_CURVE ( 'NONE', #5813, #8954, #3390, .T. ) ;
#3550 = CARTESIAN_POINT ( 'NONE',  ( 0.3749999999999998890, 0.000000000000000000, 2.500000000000000444 ) ) ;
#3551 = CARTESIAN_POINT ( 'NONE',  ( -2.500000000000000000, 0.2000000000000005107, 0.8750000000000009992 ) ) ;
#3552 = ORIENTED_EDGE ( 'NONE', *, *, #3589, .T. ) ;
#3553 = VERTEX_POINT ( 'NONE', #2379 ) ;
#3554 = DIRECTION ( 'NONE',  ( -0.000000000000000000, -1.000000000000000000, -0.000000000000000000 ) ) ;
#3555 = LINE ( 'NONE', #8702, #10787 ) ;
#3556 = ORIENTED_EDGE ( 'NONE', *, *, #300, .F. ) ;
#3557 = ORIENTED_EDGE ( 'NONE', *, *, #6681, .F. ) ;
#3558 = EDGE_CURVE ( 'NONE', #1001, #8524, #10268, .T. ) ;
#3559 = PLANE ( 'NONE',  #6168 ) ;
#3560 = CARTESIAN_POINT ( 'NONE',  ( -2.500000000000000888, 0.6716990566028304688, 0.3750000000000007772 ) ) ;
#3561 = ORIENTED_EDGE ( 'NONE', *, *, #5682, .F. ) ;
#3562 = DIRECTION ( 'NONE',  ( -1.734723475976808475E-15, -0.000000000000000000, 1.000000000000000000 ) ) ;
#3563 = EDGE_CURVE ( 'NONE', #9256, #8774, #10431, .T. ) ;
#3564 = LINE ( 'NONE', #2816, #11088 ) ;
#3565 = VECTOR ( 'NONE', #9293, 1000.000000000000000 ) ;
#3566 = CARTESIAN_POINT ( 'NONE',  ( 0.1250000000000001110, 0.04999999999999969746, -2.500000000000000444 ) ) ;
#3567 = MANIFOLD_SOLID_BREP ( 'LPattern4[2]', #2781 ) ;
#3568 = AXIS2_PLACEMENT_3D ( 'NONE', #867, #6005, #5837 ) ;
#3569 = DIRECTION ( 'NONE',  ( -7.885106708985485090E-16, 0.000000000000000000, -1.000000000000000000 ) ) ;
#3570 = DIRECTION ( 'NONE',  ( 0.000000000000000000, 0.000000000000000000, 1.000000000000000000 ) ) ;
#3571 = ORIENTED_EDGE ( 'NONE', *, *, #830, .T. ) ;
#3572 = EDGE_LOOP ( 'NONE', ( #397, #10824, #9563, #1412 ) ) ;
#3573 = CARTESIAN_POINT ( 'NONE',  ( -2.225000000000000977, 0.6716990566028304688, 1.750000000000000666 ) ) ;
#3574 = DIRECTION ( 'NONE',  ( 0.000000000000000000, -0.000000000000000000, 1.000000000000000000 ) ) ;
#3575 = AXIS2_PLACEMENT_3D ( 'NONE', #8244, #5657, #2027 ) ;
#3576 =( NAMED_UNIT ( * ) PLANE_ANGLE_UNIT ( ) SI_UNIT ( $, .RADIAN. ) );
#3577 = EDGE_CURVE ( 'NONE', #8603, #3963, #127, .T. ) ;
#3578 = DIRECTION ( 'NONE',  ( -1.000000000000000000, 0.000000000000000000, -3.154042683594199163E-15 ) ) ;
#3579 = VECTOR ( 'NONE', #5816, 1000.000000000000000 ) ;
#3580 = LINE ( 'NONE', #151, #2166 ) ;
#3581 = CARTESIAN_POINT ( 'NONE',  ( 1.125000000000000222, 0.2000000000000000111, 2.500000000000000444 ) ) ;
#3582 = CARTESIAN_POINT ( 'NONE',  ( 0.3749999999999998890, 0.05000000000000000278, 0.000000000000000000 ) ) ;
#3583 = ORIENTED_EDGE ( 'NONE', *, *, #6433, .T. ) ;
#3584 = DIRECTION ( 'NONE',  ( 1.000000000000000000, -0.000000000000000000, 1.734723475976808475E-15 ) ) ;
#3585 = PLANE ( 'NONE',  #5519 ) ;
#3586 = EDGE_LOOP ( 'NONE', ( #4629, #10831, #4614, #10361 ) ) ;
#3587 = EDGE_CURVE ( 'NONE', #1804, #8182, #2597, .T. ) ;
#3588 = VECTOR ( 'NONE', #8216, 1000.000000000000000 ) ;
#3589 = EDGE_CURVE ( 'NONE', #239, #7409, #7053, .T. ) ;
#3590 = PLANE ( 'NONE',  #3417 ) ;
#3591 = ORIENTED_EDGE ( 'NONE', *, *, #2972, .T. ) ;
#3592 = ADVANCED_FACE ( 'NONE', ( #5205 ), #1647, .T. ) ;
#3593 = CARTESIAN_POINT ( 'NONE',  ( -0.3749999999999998890, 0.6716990566028303578, 2.500000000000000444 ) ) ;
#3594 = DIRECTION ( 'NONE',  ( 0.000000000000000000, -0.000000000000000000, -1.000000000000000000 ) ) ;
#3595 = AXIS2_PLACEMENT_3D ( 'NONE', #2076, #7896, #1222 ) ;
#3596 = PLANE ( 'NONE',  #10837 ) ;
#3597 = ORIENTED_EDGE ( 'NONE', *, *, #6318, .F. ) ;
#3598 = VECTOR ( 'NONE', #3055, 1000.000000000000000 ) ;
#3599 =( LENGTH_UNIT ( ) NAMED_UNIT ( * ) SI_UNIT ( .MILLI., .METRE. ) );
#3600 = AXIS2_PLACEMENT_3D ( 'NONE', #9799, #8172, #1333 ) ;
#3601 = EDGE_LOOP ( 'NONE', ( #1276, #55, #60, #6953 ) ) ;
#3602 = LINE ( 'NONE', #6095, #3313 ) ;
#3603 = CARTESIAN_POINT ( 'NONE',  ( 1.749999999999999778, 0.2000000000000000111, 2.100000000000000089 ) ) ;
#3604 = ADVANCED_FACE ( 'NONE', ( #6101 ), #4248, .F. ) ;
#3605 = CARTESIAN_POINT ( 'NONE',  ( -1.875000000000000000, 0.6716990566028303578, 2.500000000000000444 ) ) ;
#3606 = VERTEX_POINT ( 'NONE', #10490 ) ;
#3607 = ORIENTED_EDGE ( 'NONE', *, *, #3444, .F. ) ;
#3608 = AXIS2_PLACEMENT_3D ( 'NONE', #8841, #1895, #7028 ) ;
#3609 = DIRECTION ( 'NONE',  ( 1.000000000000000000, -0.000000000000000000, -0.000000000000000000 ) ) ;
#3610 = VECTOR ( 'NONE', #9911, 1000.000000000000000 ) ;
#3611 = LINE ( 'NONE', #10601, #10237 ) ;
#3612 = EDGE_LOOP ( 'NONE', ( #1242, #1292, #4055, #11038 ) ) ;
#3613 = VERTEX_POINT ( 'NONE', #5102 ) ;
#3614 = DIRECTION ( 'NONE',  ( 1.000000000000000000, 0.000000000000000000, -0.000000000000000000 ) ) ;
#3615 =( GEOMETRIC_REPRESENTATION_CONTEXT ( 3 ) GLOBAL_UNCERTAINTY_ASSIGNED_CONTEXT ( ( #7548 ) ) GLOBAL_UNIT_ASSIGNED_CONTEXT ( ( #3011, #7374, #9175 ) ) REPRESENTATION_CONTEXT ( 'NONE', 'WORKASPACE' ) );
#3616 = DIRECTION ( 'NONE',  ( 0.000000000000000000, -1.000000000000000000, 0.000000000000000000 ) ) ;
#3617 = ORIENTED_EDGE ( 'NONE', *, *, #2013, .F. ) ;
#3618 = DIRECTION ( 'NONE',  ( 0.000000000000000000, 0.000000000000000000, 1.000000000000000000 ) ) ;
#3619 = VECTOR ( 'NONE', #9677, 1000.000000000000000 ) ;
#3620 = LINE ( 'NONE', #2766, #1707 ) ;
#3621 = DIRECTION ( 'NONE',  ( -0.000000000000000000, -1.000000000000000000, -0.000000000000000000 ) ) ;
#3622 = ADVANCED_FACE ( 'NONE', ( #814 ), #3891, .T. ) ;
#3623 = VECTOR ( 'NONE', #4352, 1000.000000000000000 ) ;
#3624 = ADVANCED_FACE ( 'NONE', ( #10769 ), #8810, .F. ) ;
#3625 = CARTESIAN_POINT ( 'NONE',  ( 1.125000000000000222, 0.04999999999999969746, 2.500000000000000444 ) ) ;
#3626 = EDGE_CURVE ( 'NONE', #6472, #142, #4516, .T. ) ;
#3627 = CARTESIAN_POINT ( 'NONE',  ( -2.225000000000000977, 0.6716990566028304688, -1.624999999999999556 ) ) ;
#3628 = ORIENTED_EDGE ( 'NONE', *, *, #8790, .T. ) ;
#3629 = ORIENTED_EDGE ( 'NONE', *, *, #10534, .T. ) ;
#3630 = DIRECTION ( 'NONE',  ( 0.000000000000000000, 0.000000000000000000, 1.000000000000000000 ) ) ;
#3631 = PLANE ( 'NONE',  #2053 ) ;
#3632 = EDGE_CURVE ( 'NONE', #8685, #5073, #8067, .T. ) ;
#3633 = ORIENTED_EDGE ( 'NONE', *, *, #3512, .F. ) ;
#3634 = ORIENTED_EDGE ( 'NONE', *, *, #9829, .F. ) ;
#3635 = VERTEX_POINT ( 'NONE', #4577 ) ;
#3636 = FACE_OUTER_BOUND ( 'NONE', #3715, .T. ) ;
#3637 = VECTOR ( 'NONE', #8696, 1000.000000000000000 ) ;
#3638 = AXIS2_PLACEMENT_3D ( 'NONE', #10153, #9992, #5873 ) ;
#3639 = ADVANCED_FACE ( 'NONE', ( #7168 ), #8192, .T. ) ;
#3640 = LINE ( 'NONE', #8899, #8285 ) ;
#3641 = VECTOR ( 'NONE', #6015, 1000.000000000000000 ) ;
#3642 = MANIFOLD_SOLID_BREP ( 'LPattern3[1]', #9465 ) ;
#3643 = LINE ( 'NONE', #1098, #4338 ) ;
#3644 = LINE ( 'NONE', #2230, #6511 ) ;
#3645 = DIRECTION ( 'NONE',  ( -0.000000000000000000, -1.000000000000000000, -0.000000000000000000 ) ) ;
#3646 = ORIENTED_EDGE ( 'NONE', *, *, #8806, .F. ) ;
#3647 = DIRECTION ( 'NONE',  ( 0.000000000000000000, 0.000000000000000000, -1.000000000000000000 ) ) ;
#3648 = CARTESIAN_POINT ( 'NONE',  ( 2.500000000000000888, 0.1999999999999999833, -0.1249999999999992506 ) ) ;
#3649 = VECTOR ( 'NONE', #6500, 1000.000000000000000 ) ;
#3650 = CARTESIAN_POINT ( 'NONE',  ( -5.125319360840552144E-15, 0.05000000000000000278, 1.624999999999993117 ) ) ;
#3651 = ORIENTED_EDGE ( 'NONE', *, *, #10226, .F. ) ;
#3652 = LINE ( 'NONE', #8005, #9019 ) ;
#3653 = LINE ( 'NONE', #7333, #8460 ) ;
#3654 = CARTESIAN_POINT ( 'NONE',  ( -2.500000000000000444, 0.04999999999999969746, 0.6250000000000009992 ) ) ;
#3655 = AXIS2_PLACEMENT_3D ( 'NONE', #9886, #6515, #10967 ) ;
#3656 = DIRECTION ( 'NONE',  ( -0.7071067811865469066, 0.000000000000000000, 0.7071067811865482389 ) ) ;
#3657 = ORIENTED_EDGE ( 'NONE', *, *, #3767, .T. ) ;
#3658 =( LENGTH_UNIT ( ) NAMED_UNIT ( * ) SI_UNIT ( .MILLI., .METRE. ) );
#3659 = ADVANCED_FACE ( 'NONE', ( #294 ), #3667, .F. ) ;
#3660 = MANIFOLD_SOLID_BREP ( 'LPattern3[7]', #1351 ) ;
#3661 = PLANE ( 'NONE',  #7063 ) ;
#3662 = AXIS2_PLACEMENT_3D ( 'NONE', #5575, #1270, #9846 ) ;
#3663 = FACE_OUTER_BOUND ( 'NONE', #469, .T. ) ;
#3664 = ORIENTED_EDGE ( 'NONE', *, *, #883, .T. ) ;
#3665 = ORIENTED_EDGE ( 'NONE', *, *, #9545, .F. ) ;
#3666 = VECTOR ( 'NONE', #2274, 1000.000000000000000 ) ;
#3667 = PLANE ( 'NONE',  #6624 ) ;
#3668 = LINE ( 'NONE', #8926, #6641 ) ;
#3669 = ORIENTED_EDGE ( 'NONE', *, *, #1785, .T. ) ;
#3670 = VERTEX_POINT ( 'NONE', #4681 ) ;
#3671 = ADVANCED_FACE ( 'NONE', ( #6440 ), #1516, .T. ) ;
#3672 = VECTOR ( 'NONE', #4598, 1000.000000000000000 ) ;
#3673 = DIRECTION ( 'NONE',  ( -0.000000000000000000, -1.000000000000000000, -0.000000000000000000 ) ) ;
#3674 = DIRECTION ( 'NONE',  ( 1.734723475976808475E-15, 0.000000000000000000, -1.000000000000000000 ) ) ;
#3675 = ORIENTED_EDGE ( 'NONE', *, *, #5275, .T. ) ;
#3676 = LINE ( 'NONE', #9705, #3701 ) ;
#3677 = DIRECTION ( 'NONE',  ( 0.000000000000000000, 0.000000000000000000, -1.000000000000000000 ) ) ;
#3678 = CARTESIAN_POINT ( 'NONE',  ( 2.500000000000000888, 0.1999999999999999833, 0.3750000000000007772 ) ) ;
#3679 = VECTOR ( 'NONE', #4359, 1000.000000000000000 ) ;
#3680 = DIRECTION ( 'NONE',  ( 0.000000000000000000, 0.000000000000000000, 1.000000000000000000 ) ) ;
#3681 = AXIS2_PLACEMENT_3D ( 'NONE', #7533, #10968, #7594 ) ;
#3682 = CARTESIAN_POINT ( 'NONE',  ( -1.375000000000000666, 0.8000000000000003775, -1.724999999999999867 ) ) ;
#3683 = DIRECTION ( 'NONE',  ( 0.000000000000000000, -1.000000000000000000, 0.000000000000000000 ) ) ;
#3684 = CARTESIAN_POINT ( 'NONE',  ( 2.500000000000000444, 0.6716990566028304688, -1.874999999999999112 ) ) ;
#3685 = ORIENTED_EDGE ( 'NONE', *, *, #7950, .T. ) ;
#3686 = ORIENTED_EDGE ( 'NONE', *, *, #6803, .T. ) ;
#3687 = EDGE_CURVE ( 'NONE', #3742, #11101, #6417, .T. ) ;
#3689 = ADVANCED_FACE ( 'NONE', ( #3098 ), #2363, .F. ) ;
#3688 = CARTESIAN_POINT ( 'NONE',  ( 2.225000000000000977, 0.000000000000000000, -1.124999999999999556 ) ) ;
#3690 = DIRECTION ( 'NONE',  ( 0.000000000000000000, 0.000000000000000000, 1.000000000000000000 ) ) ;
#3691 = ADVANCED_FACE ( 'NONE', ( #6600 ), #6653, .T. ) ;
#3692 = ORIENTED_EDGE ( 'NONE', *, *, #8599, .F. ) ;
#3693 = VERTEX_POINT ( 'NONE', #1573 ) ;
#3694 = ORIENTED_EDGE ( 'NONE', *, *, #8610, .F. ) ;
#3695 = FACE_OUTER_BOUND ( 'NONE', #1470, .T. ) ;
#3696 = MANIFOLD_SOLID_BREP ( 'LPattern4[11]', #7854 ) ;
#3697 = CARTESIAN_POINT ( 'NONE',  ( -2.500000000000000444, 0.1999999999999999833, -0.3749999999999990563 ) ) ;
#3698 = CARTESIAN_POINT ( 'NONE',  ( -2.225000000000000977, 0.6716990566028304688, 0.1250000000000005551 ) ) ;
#3699 = ADVANCED_FACE ( 'NONE', ( #10887 ), #5026, .T. ) ;
#3700 = DIRECTION ( 'NONE',  ( 0.000000000000000000, -0.000000000000000000, 1.000000000000000000 ) ) ;
#3701 = VECTOR ( 'NONE', #3618, 1000.000000000000000 ) ;
#3702 = DIRECTION ( 'NONE',  ( 0.000000000000000000, 1.000000000000000000, 0.000000000000000000 ) ) ;
#3703 = CIRCLE ( 'NONE', #2989, 0.1250000000000001110 ) ;
#3704 = EDGE_CURVE ( 'NONE', #1656, #8212, #3171, .T. ) ;
#3705 = DIRECTION ( 'NONE',  ( 1.000000000000000000, 0.000000000000000000, 0.000000000000000000 ) ) ;
#3706 = VERTEX_POINT ( 'NONE', #4171 ) ;
#3707 = FACE_OUTER_BOUND ( 'NONE', #404, .T. ) ;
#3708 = VERTEX_POINT ( 'NONE', #4001 ) ;
#3709 = FILL_AREA_STYLE ('',( #6256 ) ) ;
#3710 = FACE_OUTER_BOUND ( 'NONE', #7327, .T. ) ;
#3711 = ADVANCED_FACE ( 'NONE', ( #6491 ), #9255, .T. ) ;
#3712 = FILL_AREA_STYLE_COLOUR ( '', #3961 ) ;
#3713 = DIRECTION ( 'NONE',  ( 1.000000000000000000, -0.000000000000000000, -0.000000000000000000 ) ) ;
#3714 = FACE_OUTER_BOUND ( 'NONE', #238, .T. ) ;
#3715 = EDGE_LOOP ( 'NONE', ( #7730, #3411, #1348, #8644 ) ) ;
#3716 = CARTESIAN_POINT ( 'NONE',  ( -1.625000000000000222, 0.2000000000000000111, 2.500000000000000444 ) ) ;
#3717 = ORIENTED_EDGE ( 'NONE', *, *, #4896, .F. ) ;
#3718 = DIRECTION ( 'NONE',  ( 1.000000000000000000, 0.000000000000000000, -3.154042683594199163E-15 ) ) ;
#3719 = EDGE_LOOP ( 'NONE', ( #6094, #7188, #6016, #10618 ) ) ;
#3720 = CARTESIAN_POINT ( 'NONE',  ( 1.125000000000000222, 0.04999999999999999584, 2.225000000000000533 ) ) ;
#3721 = ORIENTED_EDGE ( 'NONE', *, *, #8780, .F. ) ;
#3722 = VERTEX_POINT ( 'NONE', #737 ) ;
#3723 = FILL_AREA_STYLE ('',( #7111 ) ) ;
#3724 = PLANE ( 'NONE',  #6477 ) ;
#3725 = ADVANCED_FACE ( 'NONE', ( #9923 ), #4857, .T. ) ;
#3726 = ORIENTED_EDGE ( 'NONE', *, *, #8054, .T. ) ;
#3727 = ORIENTED_EDGE ( 'NONE', *, *, #5414, .T. ) ;
#3728 = LINE ( 'NONE', #2993, #10508 ) ;
#3729 = DIRECTION ( 'NONE',  ( 0.000000000000000000, 1.000000000000000000, -0.000000000000000000 ) ) ;
#3730 = ORIENTED_EDGE ( 'NONE', *, *, #9249, .T. ) ;
#3731 = FACE_OUTER_BOUND ( 'NONE', #9867, .T. ) ;
#3732 = CARTESIAN_POINT ( 'NONE',  ( 2.500000000000000888, 0.000000000000000000, -1.624999999999999334 ) ) ;
#3733 = CARTESIAN_POINT ( 'NONE',  ( -2.500000000000000444, 0.000000000000000000, -0.8749999999999990008 ) ) ;
#3734 = VERTEX_POINT ( 'NONE', #1459 ) ;
#3735 = DIRECTION ( 'NONE',  ( -1.000000000000000000, 0.000000000000000000, 0.000000000000000000 ) ) ;
#3736 = EDGE_CURVE ( 'NONE', #8022, #792, #9152, .T. ) ;
#3737 = EDGE_CURVE ( 'NONE', #2218, #7348, #8355, .T. ) ;
#3738 = DIRECTION ( 'NONE',  ( -0.000000000000000000, -1.000000000000000000, -0.000000000000000000 ) ) ;
#3739 = CARTESIAN_POINT ( 'NONE',  ( 2.225000000000000977, 0.6716990566028304688, -1.874999999999999556 ) ) ;
#3740 = CARTESIAN_POINT ( 'NONE',  ( -2.500000000000000000, 0.2000000000000005107, 0.3750000000000007772 ) ) ;
#3741 = ORIENTED_EDGE ( 'NONE', *, *, #3486, .T. ) ;
#3742 = VERTEX_POINT ( 'NONE', #4452 ) ;
#3743 = DIRECTION ( 'NONE',  ( 0.000000000000000000, -1.000000000000000000, 0.000000000000000000 ) ) ;
#3744 = DIRECTION ( 'NONE',  ( 0.000000000000000000, 0.000000000000000000, -1.000000000000000000 ) ) ;
#3745 = ORIENTED_EDGE ( 'NONE', *, *, #5469, .F. ) ;
#3746 = AXIS2_PLACEMENT_3D ( 'NONE', #920, #9382, #4368 ) ;
#3747 = VERTEX_POINT ( 'NONE', #950 ) ;
#3748 = CIRCLE ( 'NONE', #2464, 0.1250000000000001110 ) ;
#3749 = DIRECTION ( 'NONE',  ( 0.000000000000000000, -0.000000000000000000, 1.000000000000000000 ) ) ;
#3750 = FACE_OUTER_BOUND ( 'NONE', #3443, .T. ) ;
#3751 = DIRECTION ( 'NONE',  ( -1.000000000000000000, 0.000000000000000000, 3.154042683594199163E-15 ) ) ;
#3752 = CARTESIAN_POINT ( 'NONE',  ( -1.725000000000000755, 0.05000000000000000278, -1.100146322080879912E-16 ) ) ;
#3753 = EDGE_CURVE ( 'NONE', #5904, #6163, #9418, .T. ) ;
#3754 = CARTESIAN_POINT ( 'NONE',  ( -1.675000000000000711, 5.079036790187180017, 1.675000000000000711 ) ) ;
#3755 = EDGE_LOOP ( 'NONE', ( #7403, #10736, #3123, #3717 ) ) ;
#3756 = VECTOR ( 'NONE', #8047, 1000.000000000000000 ) ;
#3757 = FACE_OUTER_BOUND ( 'NONE', #1354, .T. ) ;
#3758 = CARTESIAN_POINT ( 'NONE',  ( -1.125000000000000222, 0.05000000000000000278, 0.000000000000000000 ) ) ;
#3759 = ORIENTED_EDGE ( 'NONE', *, *, #3009, .T. ) ;
#3760 = VERTEX_POINT ( 'NONE', #1740 ) ;
#3761 = CARTESIAN_POINT ( 'NONE',  ( 2.225000000000000977, 0.05000000000000002359, 0.3750000000000005551 ) ) ;
#3762 = ORIENTED_EDGE ( 'NONE', *, *, #2770, .F. ) ;
#3763 = CIRCLE ( 'NONE', #885, 0.1250000000000001110 ) ;
#3764 = EDGE_CURVE ( 'NONE', #5003, #9191, #8743, .T. ) ;
#3765 = CARTESIAN_POINT ( 'NONE',  ( -2.500000000000000888, 0.000000000000000000, 1.875000000000000888 ) ) ;
#3766 = CARTESIAN_POINT ( 'NONE',  ( 2.225000000000000977, 0.1999999999999999833, 0.1250000000000005551 ) ) ;
#3767 = EDGE_CURVE ( 'NONE', #130, #3216, #8687, .T. ) ;
#3768 = ADVANCED_FACE ( 'NONE', ( #10367 ), #4400, .T. ) ;
#3769 = DIRECTION ( 'NONE',  ( 1.000000000000000000, 0.000000000000000000, -3.154042683594199163E-15 ) ) ;
#3770 = VERTEX_POINT ( 'NONE', #10197 ) ;
#3771 = AXIS2_PLACEMENT_3D ( 'NONE', #6076, #5128, #937 ) ;
#3772 = CARTESIAN_POINT ( 'NONE',  ( -1.375000000000000000, 0.2000000000000000111, -2.500000000000000444 ) ) ;
#3773 = VERTEX_POINT ( 'NONE', #5141 ) ;
#3774 = CARTESIAN_POINT ( 'NONE',  ( -2.500000000000000444, 0.04999999999999969746, 1.125000000000000888 ) ) ;
#3775 = ORIENTED_EDGE ( 'NONE', *, *, #3149, .F. ) ;
#3776 = PRESENTATION_STYLE_ASSIGNMENT (( #8132 ) ) ;
#3777 = ORIENTED_EDGE ( 'NONE', *, *, #2445, .F. ) ;
#3778 = DIRECTION ( 'NONE',  ( 0.000000000000000000, -1.000000000000000000, 0.000000000000000000 ) ) ;
#3779 = VERTEX_POINT ( 'NONE', #8576 ) ;
#3780 = ORIENTED_EDGE ( 'NONE', *, *, #2098, .T. ) ;
#3781 = UNCERTAINTY_MEASURE_WITH_UNIT (LENGTH_MEASURE( 1.000000000000000082E-05 ), #5760, 'distance_accuracy_value', 'NONE');
#3782 = AXIS2_PLACEMENT_3D ( 'NONE', #643, #10051, #1478 ) ;
#3783 = CARTESIAN_POINT ( 'NONE',  ( 1.375000000000000000, 0.6716990566028303578, -2.500000000000000444 ) ) ;
#3784 = DIRECTION ( 'NONE',  ( 0.000000000000000000, 0.000000000000000000, -1.000000000000000000 ) ) ;
#3785 = VERTEX_POINT ( 'NONE', #1005 ) ;
#3786 = LINE ( 'NONE', #2038, #984 ) ;
#3787 = VECTOR ( 'NONE', #1391, 1000.000000000000000 ) ;
#3788 = ADVANCED_FACE ( 'NONE', ( #9578 ), #9519, .T. ) ;
#3789 = VECTOR ( 'NONE', #8600, 1000.000000000000000 ) ;
#3790 = DIRECTION ( 'NONE',  ( 1.000000000000000000, -0.000000000000000000, 3.154042683594199163E-15 ) ) ;
#3791 = ORIENTED_EDGE ( 'NONE', *, *, #8572, .F. ) ;
#3792 = DIRECTION ( 'NONE',  ( 0.000000000000000000, -1.000000000000000000, 0.000000000000000000 ) ) ;
#3793 = CARTESIAN_POINT ( 'NONE',  ( 3.300438966242638382E-16, 0.05000000000000000278, -1.724999999999999645 ) ) ;
#3794 = AXIS2_PLACEMENT_3D ( 'NONE', #1323, #2335, #497 ) ;
#3795 = AXIS2_PLACEMENT_3D ( 'NONE', #7359, #3053, #7977 ) ;
#3796 = CARTESIAN_POINT ( 'NONE',  ( -0.7499999999999997780, 0.1999999999999999833, -2.225000000000000533 ) ) ;
#3797 = EDGE_LOOP ( 'NONE', ( #6370, #4672, #11068, #2988 ) ) ;
#3798 = EDGE_LOOP ( 'NONE', ( #9478, #6869, #6548, #5404 ) ) ;
#3799 = CARTESIAN_POINT ( 'NONE',  ( 2.500000000000000444, 0.000000000000000000, 1.125000000000000888 ) ) ;
#3800 = CARTESIAN_POINT ( 'NONE',  ( 2.225000000000000977, 0.000000000000000000, 1.625000000000000666 ) ) ;
#3801 = EDGE_CURVE ( 'NONE', #5630, #3942, #6983, .T. ) ;
#3802 = ORIENTED_EDGE ( 'NONE', *, *, #5737, .T. ) ;
#3803 = CIRCLE ( 'NONE', #8860, 0.1250000000000001110 ) ;
#3804 = DIRECTION ( 'NONE',  ( 0.000000000000000000, 0.000000000000000000, -1.000000000000000000 ) ) ;
#3805 = FACE_OUTER_BOUND ( 'NONE', #5938, .T. ) ;
#3806 = LINE ( 'NONE', #4713, #4886 ) ;
#3807 = CARTESIAN_POINT ( 'NONE',  ( -2.225000000000000977, 0.000000000000000000, -1.249999999999999334 ) ) ;
#3808 = CIRCLE ( 'NONE', #935, 0.1250000000000001110 ) ;
#3809 = CARTESIAN_POINT ( 'NONE',  ( 2.500000000000000888, 0.1999999999999999833, 0.8750000000000007772 ) ) ;
#3810 = ORIENTED_EDGE ( 'NONE', *, *, #1214, .F. ) ;
#3811 = ADVANCED_FACE ( 'NONE', ( #5919 ), #894, .F. ) ;
#3812 = ADVANCED_FACE ( 'NONE', ( #113 ), #846, .T. ) ;
#3813 = DIRECTION ( 'NONE',  ( -1.000000000000000000, 0.000000000000000000, -0.000000000000000000 ) ) ;
#3814 = EDGE_LOOP ( 'NONE', ( #778, #5068, #2481, #4286, #10424, #11113, #4540, #6783 ) ) ;
#3815 = DIRECTION ( 'NONE',  ( -0.000000000000000000, -1.000000000000000000, -0.000000000000000000 ) ) ;
#3816 = DIRECTION ( 'NONE',  ( -1.000000000000000000, 0.000000000000000000, -0.000000000000000000 ) ) ;
#3817 = ORIENTED_EDGE ( 'NONE', *, *, #10778, .F. ) ;
#3818 = VERTEX_POINT ( 'NONE', #4285 ) ;
#3819 = CARTESIAN_POINT ( 'NONE',  ( -1.125000000000000222, 0.000000000000000000, 2.225000000000000533 ) ) ;
#3820 = ORIENTED_EDGE ( 'NONE', *, *, #3380, .T. ) ;
#3821 = FACE_OUTER_BOUND ( 'NONE', #3601, .T. ) ;
#3822 = PLANE ( 'NONE',  #7937 ) ;
#3823 = CARTESIAN_POINT ( 'NONE',  ( 1.125000000000000444, 0.6716990566028303578, -2.225000000000000533 ) ) ;
#3824 = CARTESIAN_POINT ( 'NONE',  ( -0.2500000000000002220, 0.04999999999999999584, 2.225000000000000533 ) ) ;
#3825 = EDGE_LOOP ( 'NONE', ( #10366, #5255, #4214, #4595 ) ) ;
#3826 = AXIS2_PLACEMENT_3D ( 'NONE', #1227, #3886, #4676 ) ;
#3827 = VECTOR ( 'NONE', #2923, 1000.000000000000000 ) ;
#3828 = DIRECTION ( 'NONE',  ( -1.000000000000000000, 0.000000000000000000, 3.154042683594199163E-15 ) ) ;
#3829 = VECTOR ( 'NONE', #11123, 1000.000000000000000 ) ;
#3830 = FACE_OUTER_BOUND ( 'NONE', #6610, .T. ) ;
#3831 = ORIENTED_EDGE ( 'NONE', *, *, #7713, .T. ) ;
#3832 = FACE_OUTER_BOUND ( 'NONE', #5002, .T. ) ;
#3833 = ADVANCED_FACE ( 'NONE', ( #3539 ), #5085, .T. ) ;
#3834 = ORIENTED_EDGE ( 'NONE', *, *, #3190, .F. ) ;
#3835 = CARTESIAN_POINT ( 'NONE',  ( 2.225000000000000977, 0.1999999999999999833, 0.3750000000000005551 ) ) ;
#3836 = ORIENTED_EDGE ( 'NONE', *, *, #8777, .T. ) ;
#3837 = AXIS2_PLACEMENT_3D ( 'NONE', #1912, #4566, #1226 ) ;
#3838 = DIRECTION ( 'NONE',  ( -0.000000000000000000, -0.000000000000000000, -1.000000000000000000 ) ) ;
#3839 = AXIS2_PLACEMENT_3D ( 'NONE', #9669, #8152, #5559 ) ;
#3840 = ORIENTED_EDGE ( 'NONE', *, *, #6774, .F. ) ;
#3841 = EDGE_LOOP ( 'NONE', ( #5412, #6738, #6570, #6362 ) ) ;
#3842 = PRESENTATION_LAYER_ASSIGNMENT (  '', '', ( #6186 ) ) ;
#3843 = CARTESIAN_POINT ( 'NONE',  ( 2.225000000000000977, 0.000000000000000000, -0.1249999999999994588 ) ) ;
#3844 = DIRECTION ( 'NONE',  ( 0.000000000000000000, 0.000000000000000000, 1.000000000000000000 ) ) ;
#3845 = VECTOR ( 'NONE', #7471, 1000.000000000000000 ) ;
#3846 = VERTEX_POINT ( 'NONE', #9355 ) ;
#3847 = CARTESIAN_POINT ( 'NONE',  ( 0.3749999999999998890, 0.1999999999999999833, 2.500000000000000444 ) ) ;
#3848 = CARTESIAN_POINT ( 'NONE',  ( -2.225000000000000977, 0.1999999999999999833, 0.1250000000000004441 ) ) ;
#3849 = VECTOR ( 'NONE', #7232, 1000.000000000000000 ) ;
#3850 = CARTESIAN_POINT ( 'NONE',  ( -1.250000000000000222, 0.2000000000000000111, 2.225000000000000533 ) ) ;
#3851 = EDGE_CURVE ( 'NONE', #2486, #2377, #11114, .T. ) ;
#3852 = VERTEX_POINT ( 'NONE', #3373 ) ;
#3853 = LINE ( 'NONE', #9828, #7927 ) ;
#3854 = CYLINDRICAL_SURFACE ( 'NONE', #1086, 0.1250000000000001110 ) ;
#3855 = EDGE_CURVE ( 'NONE', #10603, #4912, #6817, .T. ) ;
#3856 = PLANE ( 'NONE',  #528 ) ;
#3857 = EDGE_LOOP ( 'NONE', ( #2654, #9271, #7644, #857 ) ) ;
#3858 = ORIENTED_EDGE ( 'NONE', *, *, #7113, .T. ) ;
#3859 = DIRECTION ( 'NONE',  ( 0.000000000000000000, -1.000000000000000000, 0.000000000000000000 ) ) ;
#3860 = LINE ( 'NONE', #3063, #4771 ) ;
#3861 = VECTOR ( 'NONE', #5561, 1000.000000000000000 ) ;
#3862 = ORIENTED_EDGE ( 'NONE', *, *, #6460, .F. ) ;
#3863 = CARTESIAN_POINT ( 'NONE',  ( -0.2500000000000002220, 0.2000000000000000111, 2.225000000000000533 ) ) ;
#3864 = EDGE_LOOP ( 'NONE', ( #9622, #9485, #6844, #6810 ) ) ;
#3865 = FACE_OUTER_BOUND ( 'NONE', #3572, .T. ) ;
#3866 = VECTOR ( 'NONE', #8658, 1000.000000000000000 ) ;
#3867 = CARTESIAN_POINT ( 'NONE',  ( -0.1250000000000001110, 0.6716990566028303578, -2.225000000000000533 ) ) ;
#3868 = FACE_OUTER_BOUND ( 'NONE', #7022, .T. ) ;
#3869 = DIRECTION ( 'NONE',  ( 0.000000000000000000, -0.000000000000000000, 1.000000000000000000 ) ) ;
#3870 = EDGE_LOOP ( 'NONE', ( #8254, #5993, #2124, #5341 ) ) ;
#3871 = CYLINDRICAL_SURFACE ( 'NONE', #10874, 0.1250000000000001110 ) ;
#3872 = MANIFOLD_SOLID_BREP ( 'Boss-Extrude3[1]', #6410 ) ;
#3873 = DIRECTION ( 'NONE',  ( -1.000000000000000000, 0.000000000000000000, -7.885106708985485090E-16 ) ) ;
#3874 = EDGE_LOOP ( 'NONE', ( #6080, #8574, #1745, #2543 ) ) ;
#3875 = CARTESIAN_POINT ( 'NONE',  ( -1.625000000000000222, 0.000000000000000000, -2.225000000000000533 ) ) ;
#3876 = VERTEX_POINT ( 'NONE', #277 ) ;
#3877 = DIRECTION ( 'NONE',  ( 0.000000000000000000, -1.000000000000000000, 0.000000000000000000 ) ) ;
#3878 = EDGE_CURVE ( 'NONE', #9798, #6419, #5977, .T. ) ;
#3879 = EDGE_CURVE ( 'NONE', #2952, #1020, #5526, .T. ) ;
#3880 = CARTESIAN_POINT ( 'NONE',  ( -2.500000000000000444, 0.1999999999999999833, 0.1250000000000009714 ) ) ;
#3881 = AXIS2_PLACEMENT_3D ( 'NONE', #1763, #5168, #6060 ) ;
#3882 = LINE ( 'NONE', #1811, #4694 ) ;
#3883 = LINE ( 'NONE', #4733, #9930 ) ;
#3884 = ORIENTED_EDGE ( 'NONE', *, *, #8344, .F. ) ;
#3885 = DIRECTION ( 'NONE',  ( -1.000000000000000000, 0.000000000000000000, 0.000000000000000000 ) ) ;
#3886 = DIRECTION ( 'NONE',  ( 0.000000000000000000, 1.000000000000000000, 0.000000000000000000 ) ) ;
#3887 = ORIENTED_EDGE ( 'NONE', *, *, #6118, .T. ) ;
#3888 = DIRECTION ( 'NONE',  ( 3.154042683594199163E-15, 0.000000000000000000, 1.000000000000000000 ) ) ;
#3889 = VERTEX_POINT ( 'NONE', #4559 ) ;
#3890 = MANIFOLD_SOLID_BREP ( 'LPattern4[7]', #8396 ) ;
#3891 = PLANE ( 'NONE',  #4207 ) ;
#3892 = DIRECTION ( 'NONE',  ( 1.000000000000000000, 0.000000000000000000, 0.000000000000000000 ) ) ;
#3893 = VERTEX_POINT ( 'NONE', #1904 ) ;
#3894 = ORIENTED_EDGE ( 'NONE', *, *, #8870, .F. ) ;
#3895 = EDGE_CURVE ( 'NONE', #2795, #239, #5356, .T. ) ;
#3896 = EDGE_CURVE ( 'NONE', #2049, #2782, #2012, .T. ) ;
#3897 = DIRECTION ( 'NONE',  ( -0.000000000000000000, -1.000000000000000000, -0.000000000000000000 ) ) ;
#3898 = CARTESIAN_POINT ( 'NONE',  ( 0.000000000000000000, 0.8000000000000000444, 0.000000000000000000 ) ) ;
#3899 = ORIENTED_EDGE ( 'NONE', *, *, #7011, .F. ) ;
#3900 = DIRECTION ( 'NONE',  ( -1.000000000000000000, 0.000000000000000000, 0.000000000000000000 ) ) ;
#3901 = CARTESIAN_POINT ( 'NONE',  ( 2.225000000000000977, 0.05000000000000002359, -0.6249999999999994449 ) ) ;
#3902 = LINE ( 'NONE', #10728, #6565 ) ;
#3903 = ORIENTED_EDGE ( 'NONE', *, *, #11139, .F. ) ;
#3904 = DIRECTION ( 'NONE',  ( -0.000000000000000000, -1.000000000000000000, -0.000000000000000000 ) ) ;
#3905 = EDGE_CURVE ( 'NONE', #7811, #2119, #3652, .T. ) ;
#3906 = DIRECTION ( 'NONE',  ( -0.000000000000000000, -0.000000000000000000, 1.000000000000000000 ) ) ;
#3907 = MANIFOLD_SOLID_BREP ( 'LPattern4[12]', #2975 ) ;
#3908 = ADVANCED_FACE ( 'NONE', ( #162 ), #2849, .F. ) ;
#3909 = EDGE_CURVE ( 'NONE', #6822, #5962, #6476, .T. ) ;
#3910 = CARTESIAN_POINT ( 'NONE',  ( -1.625000000000000222, 0.000000000000000000, -2.225000000000000533 ) ) ;
#3911 = ORIENTED_EDGE ( 'NONE', *, *, #6778, .T. ) ;
#3912 = ORIENTED_EDGE ( 'NONE', *, *, #8728, .F. ) ;
#3913 = CARTESIAN_POINT ( 'NONE',  ( -0.2500000000000002220, 0.2000000000000000111, 2.225000000000000533 ) ) ;
#3914 = DIRECTION ( 'NONE',  ( -0.000000000000000000, -1.000000000000000000, -0.000000000000000000 ) ) ;
#3915 = AXIS2_PLACEMENT_3D ( 'NONE', #9983, #2196, #9094 ) ;
#3916 = ORIENTED_EDGE ( 'NONE', *, *, #1812, .T. ) ;
#3917 = CARTESIAN_POINT ( 'NONE',  ( 0.6250000000000001110, 0.04999999999999999584, 2.225000000000000533 ) ) ;
#3918 = ORIENTED_EDGE ( 'NONE', *, *, #2239, .F. ) ;
#3919 = FILL_AREA_STYLE ('',( #8218 ) ) ;
#3920 = DIRECTION ( 'NONE',  ( -0.000000000000000000, -1.000000000000000000, -0.000000000000000000 ) ) ;
#3921 = CARTESIAN_POINT ( 'NONE',  ( 2.225000000000000977, 0.6716990566028304688, -0.1249999999999994588 ) ) ;
#3922 = LINE ( 'NONE', #715, #9248 ) ;
#3923 = ORIENTED_EDGE ( 'NONE', *, *, #2081, .T. ) ;
#3924 = DIRECTION ( 'NONE',  ( 0.000000000000000000, -1.000000000000000000, 0.000000000000000000 ) ) ;
#3925 = CYLINDRICAL_SURFACE ( 'NONE', #6249, 0.1250000000000001110 ) ;
#3926 = EDGE_LOOP ( 'NONE', ( #2259, #4181, #8890, #6103 ) ) ;
#3927 = VERTEX_POINT ( 'NONE', #8339 ) ;
#3928 = CARTESIAN_POINT ( 'NONE',  ( 0.3749999999999998890, 0.1999999999999999833, -2.225000000000000533 ) ) ;
#3929 = CARTESIAN_POINT ( 'NONE',  ( -1.374999999999999556, 0.2000000000000005107, -2.500000000000000000 ) ) ;
#3930 = LINE ( 'NONE', #10815, #3787 ) ;
#3931 = LINE ( 'NONE', #8707, #194 ) ;
#3932 = DIRECTION ( 'NONE',  ( 0.000000000000000000, 0.000000000000000000, -1.000000000000000000 ) ) ;
#3933 = ORIENTED_EDGE ( 'NONE', *, *, #2013, .T. ) ;
#3934 = CARTESIAN_POINT ( 'NONE',  ( 2.500000000000000888, 0.04999999999999969746, 1.375000000000000888 ) ) ;
#3935 = ADVANCED_FACE ( 'NONE', ( #9966 ), #2289, .F. ) ;
#3936 = ADVANCED_FACE ( 'NONE', ( #4841 ), #10756, .F. ) ;
#3937 = CARTESIAN_POINT ( 'NONE',  ( 1.375000000000000000, 0.04999999999999969746, -2.500000000000000444 ) ) ;
#3938 = VERTEX_POINT ( 'NONE', #10979 ) ;
#3939 = EDGE_CURVE ( 'NONE', #7852, #2891, #10872, .T. ) ;
#3940 = VECTOR ( 'NONE', #6785, 1000.000000000000000 ) ;
#3941 = CYLINDRICAL_SURFACE ( 'NONE', #8758, 0.1250000000000001110 ) ;
#3942 = VERTEX_POINT ( 'NONE', #8277 ) ;
#3943 = MANIFOLD_SOLID_BREP ( 'Boss-Extrude3[2]', #8210 ) ;
#3944 = LINE ( 'NONE', #2256, #2850 ) ;
#3945 = VERTEX_POINT ( 'NONE', #5639 ) ;
#3946 = VERTEX_POINT ( 'NONE', #4790 ) ;
#3947 = DIRECTION ( 'NONE',  ( 0.000000000000000000, -1.000000000000000000, 0.000000000000000000 ) ) ;
#3948 = VECTOR ( 'NONE', #5243, 1000.000000000000000 ) ;
#3949 = CARTESIAN_POINT ( 'NONE',  ( -1.375000000000000000, 0.1999999999999999833, 2.225000000000000533 ) ) ;
#3950 = DIRECTION ( 'NONE',  ( 0.000000000000000000, -1.000000000000000000, 0.000000000000000000 ) ) ;
#3951 = ORIENTED_EDGE ( 'NONE', *, *, #6066, .F. ) ;
#3952 = ADVANCED_FACE ( 'NONE', ( #9131 ), #558, .T. ) ;
#3953 = CARTESIAN_POINT ( 'NONE',  ( -1.125000000000000444, 0.04999999999999999584, 2.225000000000000533 ) ) ;
#3954 = CARTESIAN_POINT ( 'NONE',  ( 2.225000000000000977, 0.1999999999999999833, -0.6249999999999994449 ) ) ;
#3955 = CARTESIAN_POINT ( 'NONE',  ( -2.225000000000000977, 0.000000000000000000, -0.7499999999999993339 ) ) ;
#3956 = ORIENTED_EDGE ( 'NONE', *, *, #8439, .T. ) ;
#3957 = PRESENTATION_LAYER_ASSIGNMENT (  '', '', ( #2157 ) ) ;
#3958 = CARTESIAN_POINT ( 'NONE',  ( -1.125000000000000222, 0.2000000000000000111, -2.225000000000000533 ) ) ;
#3959 = VECTOR ( 'NONE', #3476, 1000.000000000000000 ) ;
#3960 = CARTESIAN_POINT ( 'NONE',  ( 1.249999999999999778, 0.000000000000000000, 2.225000000000000533 ) ) ;
#3961 = COLOUR_RGB ( '',0.7921568627450980005, 0.8196078431372548767, 0.9333333333333333481 ) ;
#3962 = LINE ( 'NONE', #3179, #10780 ) ;
#3963 = VERTEX_POINT ( 'NONE', #506 ) ;
#3964 = ORIENTED_EDGE ( 'NONE', *, *, #8001, .F. ) ;
#3965 = AXIS2_PLACEMENT_3D ( 'NONE', #7528, #1369, #6452 ) ;
#3966 = CARTESIAN_POINT ( 'NONE',  ( 1.249999999999999778, 0.04999999999999999584, 2.225000000000000533 ) ) ;
#3967 = PLANE ( 'NONE',  #1512 ) ;
#3968 = EDGE_CURVE ( 'NONE', #9798, #5325, #615, .T. ) ;
#3969 = ADVANCED_FACE ( 'NONE', ( #5746 ), #9184, .T. ) ;
#3970 = EDGE_CURVE ( 'NONE', #6878, #5542, #6638, .T. ) ;
#3971 = AXIS2_PLACEMENT_3D ( 'NONE', #9676, #374, #1943 ) ;
#3972 = CIRCLE ( 'NONE', #4887, 0.1250000000000001110 ) ;
#3973 = DIRECTION ( 'NONE',  ( -1.000000000000000000, 0.000000000000000000, 8.673617379884035472E-17 ) ) ;
#3974 = VERTEX_POINT ( 'NONE', #4097 ) ;
#3975 = SURFACE_SIDE_STYLE ('',( #547 ) ) ;
#3976 = CARTESIAN_POINT ( 'NONE',  ( -1.749999999999999778, 0.2000000000000000111, -2.225000000000000533 ) ) ;
#3977 = DIRECTION ( 'NONE',  ( -1.000000000000000000, 0.000000000000000000, 7.885106708985485090E-16 ) ) ;
#3978 = VERTEX_POINT ( 'NONE', #7546 ) ;
#3979 = CARTESIAN_POINT ( 'NONE',  ( -2.500000000000000444, 0.000000000000000000, 1.125000000000000888 ) ) ;
#3980 = CARTESIAN_POINT ( 'NONE',  ( -2.500000000000000444, 0.6716990566028304688, 0.6250000000000009992 ) ) ;
#3981 = STYLED_ITEM ( 'NONE', ( #312 ), #7714 ) ;
#3982 = VECTOR ( 'NONE', #6578, 1000.000000000000000 ) ;
#3983 = CARTESIAN_POINT ( 'NONE',  ( 2.500000000000000888, 0.6716990566028304688, 1.375000000000000888 ) ) ;
#3984 = ORIENTED_EDGE ( 'NONE', *, *, #9060, .F. ) ;
#3986 = EDGE_CURVE ( 'NONE', #678, #4998, #10131, .T. ) ;
#3985 = ORIENTED_EDGE ( 'NONE', *, *, #9940, .T. ) ;
#3987 = DIRECTION ( 'NONE',  ( 0.000000000000000000, 1.000000000000000000, 0.000000000000000000 ) ) ;
#3988 = FACE_OUTER_BOUND ( 'NONE', #6052, .T. ) ;
#3989 = PRESENTATION_LAYER_ASSIGNMENT (  '', '', ( #582 ) ) ;
#3990 = FACE_OUTER_BOUND ( 'NONE', #28, .T. ) ;
#3991 = LINE ( 'NONE', #8456, #9939 ) ;
#3992 = EDGE_CURVE ( 'NONE', #1218, #9513, #1653, .T. ) ;
#3993 = ORIENTED_EDGE ( 'NONE', *, *, #4086, .F. ) ;
#3994 = LINE ( 'NONE', #6594, #11047 ) ;
#3995 = CARTESIAN_POINT ( 'NONE',  ( -2.225000000000000977, 0.6716990566028304688, 1.250000000000000666 ) ) ;
#3996 = VECTOR ( 'NONE', #3700, 1000.000000000000000 ) ;
#3997 = VERTEX_POINT ( 'NONE', #3310 ) ;
#3998 = DIRECTION ( 'NONE',  ( 0.000000000000000000, 1.000000000000000000, 0.000000000000000000 ) ) ;
#3999 = ORIENTED_EDGE ( 'NONE', *, *, #5652, .T. ) ;
#4000 = ORIENTED_EDGE ( 'NONE', *, *, #5101, .T. ) ;
#4001 = CARTESIAN_POINT ( 'NONE',  ( -1.375000000000000000, 0.04999999999999999584, 2.225000000000000533 ) ) ;
#4002 = DIRECTION ( 'NONE',  ( -1.734723475976808475E-15, 0.000000000000000000, 1.000000000000000000 ) ) ;
#4003 = ORIENTED_EDGE ( 'NONE', *, *, #2386, .T. ) ;
#4004 = ORIENTED_EDGE ( 'NONE', *, *, #5704, .F. ) ;
#4005 = CARTESIAN_POINT ( 'NONE',  ( -0.2499999999999997780, 0.6716990566028303578, -2.225000000000000533 ) ) ;
#4006 = STYLED_ITEM ( 'NONE', ( #1694 ), #11016 ) ;
#4007 = AXIS2_PLACEMENT_3D ( 'NONE', #7296, #3046, #3844 ) ;
#4008 = DIRECTION ( 'NONE',  ( 1.000000000000000000, 0.000000000000000000, -7.885106708985485090E-16 ) ) ;
#4009 = EDGE_CURVE ( 'NONE', #6702, #9226, #9508, .T. ) ;
#4010 = DIRECTION ( 'NONE',  ( 1.734723475976808475E-15, 0.000000000000000000, -1.000000000000000000 ) ) ;
#4011 = FACE_OUTER_BOUND ( 'NONE', #3036, .T. ) ;
#4012 = EDGE_LOOP ( 'NONE', ( #1645, #9440, #10991, #3617 ) ) ;
#4013 = DIRECTION ( 'NONE',  ( -0.000000000000000000, -1.000000000000000000, -0.000000000000000000 ) ) ;
#4014 = LINE ( 'NONE', #2479, #2402 ) ;
#4015 = DIRECTION ( 'NONE',  ( -1.000000000000000000, 0.000000000000000000, -0.000000000000000000 ) ) ;
#4016 = VERTEX_POINT ( 'NONE', #9565 ) ;
#4017 = ORIENTED_EDGE ( 'NONE', *, *, #10156, .T. ) ;
#4018 = AXIS2_PLACEMENT_3D ( 'NONE', #6580, #5009, #7602 ) ;
#4019 = CARTESIAN_POINT ( 'NONE',  ( -2.500000000000000888, 0.1999999999999999833, -1.124999999999999334 ) ) ;
#4020 = ADVANCED_FACE ( 'NONE', ( #1728 ), #10355, .F. ) ;
#4021 = DIRECTION ( 'NONE',  ( 0.000000000000000000, 1.000000000000000000, 0.000000000000000000 ) ) ;
#4022 = MANIFOLD_SOLID_BREP ( 'LPattern4[4]', #479 ) ;
#4023 = VECTOR ( 'NONE', #5788, 1000.000000000000000 ) ;
#4024 = DIRECTION ( 'NONE',  ( -0.000000000000000000, 0.000000000000000000, -1.000000000000000000 ) ) ;
#4025 = VERTEX_POINT ( 'NONE', #7724 ) ;
#4026 = EDGE_LOOP ( 'NONE', ( #1070, #9305, #10791, #2471 ) ) ;
#4027 = DIRECTION ( 'NONE',  ( -1.000000000000000000, 0.000000000000000000, 8.673617379884035472E-17 ) ) ;
#4028 = DIRECTION ( 'NONE',  ( 1.000000000000000000, -0.000000000000000000, 7.885106708985485090E-16 ) ) ;
#4029 = CIRCLE ( 'NONE', #9079, 0.1250000000000002220 ) ;
#4030 = AXIS2_PLACEMENT_3D ( 'NONE', #6829, #7747, #2642 ) ;
#4031 = ORIENTED_EDGE ( 'NONE', *, *, #8013, .T. ) ;
#4032 = DIRECTION ( 'NONE',  ( 1.000000000000000000, -0.000000000000000000, -0.000000000000000000 ) ) ;
#4034 = EDGE_CURVE ( 'NONE', #8647, #9964, #7674, .T. ) ;
#4033 = LINE ( 'NONE', #8268, #7390 ) ;
#4035 = EDGE_CURVE ( 'NONE', #680, #1001, #2699, .T. ) ;
#4036 = DIRECTION ( 'NONE',  ( 0.000000000000000000, -1.000000000000000000, 0.000000000000000000 ) ) ;
#4037 = VECTOR ( 'NONE', #4958, 1000.000000000000000 ) ;
#4038 = ADVANCED_FACE ( 'NONE', ( #5905 ), #5069, .F. ) ;
#4039 = DIRECTION ( 'NONE',  ( 1.000000000000000000, -0.000000000000000000, 7.885106708985485090E-16 ) ) ;
#4040 = DIRECTION ( 'NONE',  ( 0.000000000000000000, -1.000000000000000000, 0.000000000000000000 ) ) ;
#4041 = LINE ( 'NONE', #3983, #4838 ) ;
#4042 = ORIENTED_EDGE ( 'NONE', *, *, #1024, .T. ) ;
#4043 = CARTESIAN_POINT ( 'NONE',  ( -2.225000000000000977, 0.6716990566028304688, -1.124999999999999556 ) ) ;
#4044 = VECTOR ( 'NONE', #5327, 1000.000000000000000 ) ;
#4045 = CARTESIAN_POINT ( 'NONE',  ( 0.8749999999999998890, 0.05000000000000000278, 0.000000000000000000 ) ) ;
#4047 = EDGE_CURVE ( 'NONE', #9814, #6519, #8506, .T. ) ;
#4046 = DIRECTION ( 'NONE',  ( -1.000000000000000000, 0.000000000000000000, 7.885106708985485090E-16 ) ) ;
#4048 = DIRECTION ( 'NONE',  ( 0.000000000000000000, 0.000000000000000000, -1.000000000000000000 ) ) ;
#4049 = ORIENTED_EDGE ( 'NONE', *, *, #6146, .T. ) ;
#4050 = LINE ( 'NONE', #9026, #8526 ) ;
#4051 = EDGE_CURVE ( 'NONE', #4418, #6036, #4216, .T. ) ;
#4052 = LINE ( 'NONE', #9250, #7440 ) ;
#4053 = ORIENTED_EDGE ( 'NONE', *, *, #1714, .F. ) ;
#4054 = CARTESIAN_POINT ( 'NONE',  ( -1.750000000000000222, 0.6716990566028303578, 2.225000000000000533 ) ) ;
#4055 = ORIENTED_EDGE ( 'NONE', *, *, #8257, .T. ) ;
#4056 = ORIENTED_EDGE ( 'NONE', *, *, #8607, .F. ) ;
#4057 = DIRECTION ( 'NONE',  ( 0.000000000000000000, -0.000000000000000000, 1.000000000000000000 ) ) ;
#4058 = EDGE_CURVE ( 'NONE', #2367, #4536, #1673, .T. ) ;
#4059 = CLOSED_SHELL ( 'NONE', ( #10517, #5217, #4375, #8919, #1630, #6801 ) ) ;
#4060 = EDGE_LOOP ( 'NONE', ( #4168, #4408, #11017, #996 ) ) ;
#4061 = CARTESIAN_POINT ( 'NONE',  ( -2.225000000000000977, 0.6716990566028304688, -1.124999999999999556 ) ) ;
#4062 = ORIENTED_EDGE ( 'NONE', *, *, #3405, .T. ) ;
#4063 = CARTESIAN_POINT ( 'NONE',  ( -1.749999999999999778, 0.2000000000000000111, -2.225000000000000533 ) ) ;
#4064 = DIRECTION ( 'NONE',  ( 0.000000000000000000, -1.000000000000000000, 0.000000000000000000 ) ) ;
#4065 = CARTESIAN_POINT ( 'NONE',  ( 0.1250000000000001110, 0.6716990566028303578, -2.500000000000000444 ) ) ;
#4066 = CARTESIAN_POINT ( 'NONE',  ( -2.500000000000000444, 0.1999999999999999833, 1.625000000000001110 ) ) ;
#4067 = VERTEX_POINT ( 'NONE', #1777 ) ;
#4068 = LINE ( 'NONE', #3222, #1546 ) ;
#4069 = COLOUR_RGB ( '',0.7921568627450980005, 0.8196078431372548767, 0.9333333333333333481 ) ;
#4070 = LINE ( 'NONE', #7520, #8177 ) ;
#4071 = DIRECTION ( 'NONE',  ( -1.000000000000000000, 0.000000000000000000, 8.673617379884035472E-17 ) ) ;
#4072 = ORIENTED_EDGE ( 'NONE', *, *, #10446, .F. ) ;
#4073 = ORIENTED_EDGE ( 'NONE', *, *, #8024, .T. ) ;
#4074 = DIRECTION ( 'NONE',  ( -1.000000000000000000, 0.000000000000000000, 0.000000000000000000 ) ) ;
#4075 = EDGE_CURVE ( 'NONE', #4848, #1779, #10298, .T. ) ;
#4076 = DIRECTION ( 'NONE',  ( 0.000000000000000000, -1.000000000000000000, 0.000000000000000000 ) ) ;
#4077 = ORIENTED_EDGE ( 'NONE', *, *, #10571, .T. ) ;
#4078 = ORIENTED_EDGE ( 'NONE', *, *, #6775, .T. ) ;
#4079 = DIRECTION ( 'NONE',  ( 0.000000000000000000, -1.000000000000000000, 0.000000000000000000 ) ) ;
#4080 = MANIFOLD_SOLID_BREP ( 'LPattern3[6]', #6224 ) ;
#4081 = CARTESIAN_POINT ( 'NONE',  ( 0.2499999999999997780, 0.2000000000000000111, 2.225000000000000533 ) ) ;
#4082 = ORIENTED_EDGE ( 'NONE', *, *, #11089, .F. ) ;
#4083 = CARTESIAN_POINT ( 'NONE',  ( 1.874999999999999778, 0.2000000000000000111, 2.225000000000000533 ) ) ;
#4084 = CARTESIAN_POINT ( 'NONE',  ( 2.500000000000000888, 0.000000000000000000, 0.8750000000000007772 ) ) ;
#4085 = PLANE ( 'NONE',  #3681 ) ;
#4086 = EDGE_CURVE ( 'NONE', #2641, #5753, #6020, .T. ) ;
#4087 = EDGE_CURVE ( 'NONE', #2862, #9999, #1204, .T. ) ;
#4088 = EDGE_CURVE ( 'NONE', #9834, #10333, #2897, .T. ) ;
#4089 = CARTESIAN_POINT ( 'NONE',  ( 0.8749999999999998890, 0.000000000000000000, -2.500000000000000444 ) ) ;
#4090 = SURFACE_STYLE_FILL_AREA ( #3919 ) ;
#4091 = LINE ( 'NONE', #9235, #2204 ) ;
#4092 = LINE ( 'NONE', #2400, #8348 ) ;
#4093 = DIRECTION ( 'NONE',  ( 0.7071067811865472397, 0.000000000000000000, -0.7071067811865479058 ) ) ;
#4094 = FACE_OUTER_BOUND ( 'NONE', #6721, .T. ) ;
#4095 = EDGE_CURVE ( 'NONE', #5147, #5630, #266, .T. ) ;
#4096 = ORIENTED_EDGE ( 'NONE', *, *, #6620, .T. ) ;
#4097 = CARTESIAN_POINT ( 'NONE',  ( -2.225000000000000977, 0.05000000000000002359, -1.374999999999999556 ) ) ;
#4098 = ADVANCED_FACE ( 'NONE', ( #2833 ), #10460, .F. ) ;
#4099 = CARTESIAN_POINT ( 'NONE',  ( -1.625000000000000222, 0.1999999999999999833, -2.225000000000000533 ) ) ;
#4100 = CARTESIAN_POINT ( 'NONE',  ( 2.225000000000000977, 0.6716990566028304688, 1.375000000000000666 ) ) ;
#4101 = CARTESIAN_POINT ( 'NONE',  ( 2.225000000000000977, 0.6716990566028304688, 0.6250000000000005551 ) ) ;
#4102 = ORIENTED_EDGE ( 'NONE', *, *, #124, .T. ) ;
#4103 = DIRECTION ( 'NONE',  ( -1.000000000000000000, 0.000000000000000000, -3.154042683594199163E-15 ) ) ;
#4104 = ORIENTED_EDGE ( 'NONE', *, *, #9847, .T. ) ;
#4105 = ADVANCED_FACE ( 'NONE', ( #3636 ), #1892, .F. ) ;
#4106 = FACE_OUTER_BOUND ( 'NONE', #900, .T. ) ;
#4107 = VERTEX_POINT ( 'NONE', #1998 ) ;
#4108 = ORIENTED_EDGE ( 'NONE', *, *, #1370, .F. ) ;
#4109 = SURFACE_STYLE_USAGE ( .BOTH. , #10996 ) ;
#4110 = CIRCLE ( 'NONE', #875, 0.1250000000000001110 ) ;
#4111 = EDGE_CURVE ( 'NONE', #2939, #6637, #7084, .T. ) ;
#4112 = DIRECTION ( 'NONE',  ( 7.885106708985485090E-16, 0.000000000000000000, -1.000000000000000000 ) ) ;
#4113 = ADVANCED_FACE ( 'NONE', ( #2957 ), #4652, .F. ) ;
#4114 = VECTOR ( 'NONE', #1136, 1000.000000000000000 ) ;
#4115 = ORIENTED_EDGE ( 'NONE', *, *, #1535, .F. ) ;
#4116 = EDGE_LOOP ( 'NONE', ( #9399, #1038, #3191, #10902 ) ) ;
#4117 = DIRECTION ( 'NONE',  ( 0.000000000000000000, 1.000000000000000000, -0.000000000000000000 ) ) ;
#4118 = CARTESIAN_POINT ( 'NONE',  ( -1.625000000000000222, 0.1999999999999999833, -2.500000000000000444 ) ) ;
#4119 = CARTESIAN_POINT ( 'NONE',  ( 2.500000000000000888, 0.1999999999999999833, 1.375000000000000888 ) ) ;
#4120 = DIRECTION ( 'NONE',  ( -0.000000000000000000, -0.000000000000000000, 1.000000000000000000 ) ) ;
#4121 = ORIENTED_EDGE ( 'NONE', *, *, #9231, .T. ) ;
#4122 = FILL_AREA_STYLE_COLOUR ( '', #8357 ) ;
#4123 = AXIS2_PLACEMENT_3D ( 'NONE', #7965, #6951, #1705 ) ;
#4124 = ADVANCED_FACE ( 'NONE', ( #4604 ), #319, .F. ) ;
#4125 = DIRECTION ( 'NONE',  ( 1.000000000000000000, 0.000000000000000000, 7.885106708985485090E-16 ) ) ;
#4126 = CARTESIAN_POINT ( 'NONE',  ( 1.250000000000000222, 0.04999999999999999584, -2.225000000000000533 ) ) ;
#4127 = ORIENTED_EDGE ( 'NONE', *, *, #9652, .F. ) ;
#4128 = ORIENTED_EDGE ( 'NONE', *, *, #2485, .F. ) ;
#4129 = CARTESIAN_POINT ( 'NONE',  ( -0.3749999999999998890, 0.000000000000000000, -2.500000000000000444 ) ) ;
#4130 = DIRECTION ( 'NONE',  ( 0.000000000000000000, 0.000000000000000000, -1.000000000000000000 ) ) ;
#4131 = ORIENTED_EDGE ( 'NONE', *, *, #5610, .T. ) ;
#4132 = AXIS2_PLACEMENT_3D ( 'NONE', #5305, #6035, #4347 ) ;
#4133 = VERTEX_POINT ( 'NONE', #371 ) ;
#4134 = CARTESIAN_POINT ( 'NONE',  ( 2.500000000000000444, 0.1999999999999999833, 1.125000000000000888 ) ) ;
#4135 = CARTESIAN_POINT ( 'NONE',  ( 1.625000000000000222, 0.05000000000000000278, 0.000000000000000000 ) ) ;
#4136 = ORIENTED_EDGE ( 'NONE', *, *, #3855, .T. ) ;
#4137 = EDGE_CURVE ( 'NONE', #9183, #973, #8783, .T. ) ;
#4138 = CARTESIAN_POINT ( 'NONE',  ( -0.3749999999999998890, 0.2000000000000000111, -2.500000000000000444 ) ) ;
#4139 = DIRECTION ( 'NONE',  ( -7.885106708985485090E-16, 0.000000000000000000, -1.000000000000000000 ) ) ;
#4140 = CARTESIAN_POINT ( 'NONE',  ( -1.375000000000000888, 0.1999999999999996503, -1.724999999999999867 ) ) ;
#4141 = VECTOR ( 'NONE', #5286, 1000.000000000000000 ) ;
#4142 = PLANE ( 'NONE',  #10627 ) ;
#4143 = AXIS2_PLACEMENT_3D ( 'NONE', #10255, #8633, #2527 ) ;
#4144 = AXIS2_PLACEMENT_3D ( 'NONE', #1601, #4376, #6852 ) ;
#4145 = FACE_OUTER_BOUND ( 'NONE', #7967, .T. ) ;
#4146 = AXIS2_PLACEMENT_3D ( 'NONE', #217, #2796, #6085 ) ;
#4147 = CARTESIAN_POINT ( 'NONE',  ( -1.750000000000000222, 0.2000000000000000111, 2.225000000000000533 ) ) ;
#4148 = EDGE_CURVE ( 'NONE', #4664, #10923, #4310, .T. ) ;
#4149 = CARTESIAN_POINT ( 'NONE',  ( 2.225000000000000977, 0.1999999999999999833, 1.875000000000000666 ) ) ;
#4150 = DIRECTION ( 'NONE',  ( -6.472848790958234544E-17, 0.000000000000000000, 1.000000000000000000 ) ) ;
#4151 = DIRECTION ( 'NONE',  ( -0.000000000000000000, -1.000000000000000000, -0.000000000000000000 ) ) ;
#4152 = VECTOR ( 'NONE', #3025, 1000.000000000000000 ) ;
#4153 = VECTOR ( 'NONE', #917, 1000.000000000000000 ) ;
#4154 = VERTEX_POINT ( 'NONE', #8836 ) ;
#4155 = DIRECTION ( 'NONE',  ( 0.000000000000000000, 0.000000000000000000, 1.000000000000000000 ) ) ;
#4156 = CARTESIAN_POINT ( 'NONE',  ( -2.225000000000000977, 0.000000000000000000, 1.625000000000000666 ) ) ;
#4157 = EDGE_CURVE ( 'NONE', #1633, #4154, #9674, .T. ) ;
#4158 = DIRECTION ( 'NONE',  ( 0.000000000000000000, -0.000000000000000000, -1.000000000000000000 ) ) ;
#4159 = CARTESIAN_POINT ( 'NONE',  ( -1.125000000000000222, 0.2000000000000000111, -2.225000000000000533 ) ) ;
#4160 = EDGE_CURVE ( 'NONE', #159, #7721, #4441, .T. ) ;
#4161 = PRESENTATION_LAYER_ASSIGNMENT (  '', '', ( #3249 ) ) ;
#4162 = DIRECTION ( 'NONE',  ( -0.000000000000000000, -0.000000000000000000, -1.000000000000000000 ) ) ;
#4163 = ORIENTED_EDGE ( 'NONE', *, *, #6007, .T. ) ;
#4164 = VECTOR ( 'NONE', #6025, 1000.000000000000000 ) ;
#4165 = LINE ( 'NONE', #3206, #8878 ) ;
#4166 = ORIENTED_EDGE ( 'NONE', *, *, #1753, .T. ) ;
#4167 = CARTESIAN_POINT ( 'NONE',  ( -0.3749999999999998890, 0.000000000000000000, 2.500000000000000444 ) ) ;
#4168 = ORIENTED_EDGE ( 'NONE', *, *, #9133, .F. ) ;
#4169 = ORIENTED_EDGE ( 'NONE', *, *, #2236, .F. ) ;
#4170 = VECTOR ( 'NONE', #1171, 1000.000000000000000 ) ;
#4171 = CARTESIAN_POINT ( 'NONE',  ( 2.225000000000000977, 0.000000000000000000, -1.374999999999999556 ) ) ;
#4172 = CARTESIAN_POINT ( 'NONE',  ( 2.225000000000000977, 0.1999999999999999833, 1.125000000000000666 ) ) ;
#4173 = ORIENTED_EDGE ( 'NONE', *, *, #9249, .F. ) ;
#4174 = CARTESIAN_POINT ( 'NONE',  ( -0.8749999999999998890, 0.000000000000000000, -2.500000000000000444 ) ) ;
#4175 = DIRECTION ( 'NONE',  ( -1.000000000000000000, 0.000000000000000000, 0.000000000000000000 ) ) ;
#4176 =( GEOMETRIC_REPRESENTATION_CONTEXT ( 3 ) GLOBAL_UNCERTAINTY_ASSIGNED_CONTEXT ( ( #2459 ) ) GLOBAL_UNIT_ASSIGNED_CONTEXT ( ( #6587, #1503, #5696 ) ) REPRESENTATION_CONTEXT ( 'NONE', 'WORKASPACE' ) );
#4177 = CARTESIAN_POINT ( 'NONE',  ( -0.1250000000000001110, 0.1999999999999999833, -2.500000000000000444 ) ) ;
#4178 = ADVANCED_FACE ( 'NONE', ( #5390 ), #7251, .T. ) ;
#4179 = VECTOR ( 'NONE', #4222, 1000.000000000000000 ) ;
#4180 = CARTESIAN_POINT ( 'NONE',  ( -1.625000000000000444, 0.1999999999999999833, 2.225000000000000533 ) ) ;
#4181 = ORIENTED_EDGE ( 'NONE', *, *, #9230, .F. ) ;
#4182 = SURFACE_SIDE_STYLE ('',( #7574 ) ) ;
#4183 = ADVANCED_FACE ( 'NONE', ( #7583 ), #10958, .F. ) ;
#4184 = DIRECTION ( 'NONE',  ( -1.000000000000000000, 0.000000000000000000, -0.000000000000000000 ) ) ;
#4185 = DIRECTION ( 'NONE',  ( -0.000000000000000000, -1.000000000000000000, -0.000000000000000000 ) ) ;
#4186 = VERTEX_POINT ( 'NONE', #10741 ) ;
#4187 = VERTEX_POINT ( 'NONE', #5833 ) ;
#4188 = SURFACE_STYLE_FILL_AREA ( #756 ) ;
#4189 = VECTOR ( 'NONE', #73, 1000.000000000000000 ) ;
#4190 = CARTESIAN_POINT ( 'NONE',  ( -2.225000000000000977, 0.000000000000000000, -1.249999999999999334 ) ) ;
#4191 = CIRCLE ( 'NONE', #773, 0.1250000000000001110 ) ;
#4192 = ORIENTED_EDGE ( 'NONE', *, *, #63, .T. ) ;
#4193 = EDGE_LOOP ( 'NONE', ( #2750, #2673, #2844, #7463 ) ) ;
#4194 = DIRECTION ( 'NONE',  ( 0.000000000000000000, -1.000000000000000000, 0.000000000000000000 ) ) ;
#4195 = DIRECTION ( 'NONE',  ( 0.000000000000000000, 1.000000000000000000, 0.000000000000000000 ) ) ;
#4196 = ORIENTED_EDGE ( 'NONE', *, *, #6179, .F. ) ;
#4197 = VERTEX_POINT ( 'NONE', #11130 ) ;
#4198 = AXIS2_PLACEMENT_3D ( 'NONE', #10139, #8830, #143 ) ;
#4199 = ADVANCED_FACE ( 'NONE', ( #700 ), #5044, .T. ) ;
#4200 = DIRECTION ( 'NONE',  ( -0.000000000000000000, -1.000000000000000000, -0.000000000000000000 ) ) ;
#4201 = CARTESIAN_POINT ( 'NONE',  ( -1.625000000000000222, 0.6716990566028303578, 2.225000000000000533 ) ) ;
#4202 = VECTOR ( 'NONE', #7353, 1000.000000000000000 ) ;
#4203 = ADVANCED_FACE ( 'NONE', ( #7647 ), #9000, .F. ) ;
#4204 = CARTESIAN_POINT ( 'NONE',  ( -2.500000000000000444, 0.6716990566028304688, 1.625000000000001110 ) ) ;
#4205 = AXIS2_PLACEMENT_3D ( 'NONE', #664, #5741, #8394 ) ;
#4206 = FILL_AREA_STYLE_COLOUR ( '', #5074 ) ;
#4207 = AXIS2_PLACEMENT_3D ( 'NONE', #1180, #7346, #1232 ) ;
#4208 = DIRECTION ( 'NONE',  ( -1.000000000000000000, 0.000000000000000000, -3.154042683594199163E-15 ) ) ;
#4209 = PLANE ( 'NONE',  #8537 ) ;
#4210 = DIRECTION ( 'NONE',  ( -1.734723475976808475E-15, 0.000000000000000000, 1.000000000000000000 ) ) ;
#4211 = CIRCLE ( 'NONE', #6190, 0.1250000000000001110 ) ;
#4212 = CIRCLE ( 'NONE', #5478, 0.1250000000000001110 ) ;
#4213 = AXIS2_PLACEMENT_3D ( 'NONE', #765, #4139, #5894 ) ;
#4214 = ORIENTED_EDGE ( 'NONE', *, *, #8075, .T. ) ;
#4215 = ORIENTED_EDGE ( 'NONE', *, *, #565, .F. ) ;
#4216 = LINE ( 'NONE', #11102, #9028 ) ;
#4217 = ADVANCED_FACE ( 'NONE', ( #757 ), #1260, .T. ) ;
#4218 = CARTESIAN_POINT ( 'NONE',  ( 1.875000000000000000, 0.000000000000000000, 2.500000000000000444 ) ) ;
#4219 = VECTOR ( 'NONE', #7368, 1000.000000000000000 ) ;
#4220 = CARTESIAN_POINT ( 'NONE',  ( -1.250000000000000222, 0.1999999999999999833, 2.225000000000000533 ) ) ;
#4221 = DIRECTION ( 'NONE',  ( -0.000000000000000000, -1.000000000000000000, -0.000000000000000000 ) ) ;
#4222 = DIRECTION ( 'NONE',  ( -1.000000000000000000, 0.000000000000000000, 0.000000000000000000 ) ) ;
#4223 = VERTEX_POINT ( 'NONE', #3284 ) ;
#4224 = DIRECTION ( 'NONE',  ( 0.000000000000000000, 0.000000000000000000, 1.000000000000000000 ) ) ;
#4225 = ORIENTED_EDGE ( 'NONE', *, *, #8320, .T. ) ;
#4226 = AXIS2_PLACEMENT_3D ( 'NONE', #8591, #4185, #10208 ) ;
#4227 = EDGE_CURVE ( 'NONE', #3779, #3693, #7702, .T. ) ;
#4228 = VECTOR ( 'NONE', #3815, 1000.000000000000000 ) ;
#4229 = ADVANCED_FACE ( 'NONE', ( #7526 ), #10106, .T. ) ;
#4230 = DIRECTION ( 'NONE',  ( -0.000000000000000000, -1.000000000000000000, -0.000000000000000000 ) ) ;
#4231 = ORIENTED_EDGE ( 'NONE', *, *, #6231, .F. ) ;
#4232 = CARTESIAN_POINT ( 'NONE',  ( 0.1250000000000001110, 0.2000000000000000111, -2.500000000000000444 ) ) ;
#4233 = EDGE_CURVE ( 'NONE', #2126, #6454, #3391, .T. ) ;
#4234 = LINE ( 'NONE', #952, #4863 ) ;
#4235 = ORIENTED_EDGE ( 'NONE', *, *, #6404, .T. ) ;
#4236 = CARTESIAN_POINT ( 'NONE',  ( 2.225000000000000977, 0.05000000000000002359, 1.125000000000000666 ) ) ;
#4237 = CARTESIAN_POINT ( 'NONE',  ( 1.125000000000000222, 0.2000000000000000111, -2.500000000000000444 ) ) ;
#4238 = DIRECTION ( 'NONE',  ( 0.000000000000000000, -1.000000000000000000, 0.000000000000000000 ) ) ;
#4239 = DIRECTION ( 'NONE',  ( 0.000000000000000000, 1.000000000000000000, -0.000000000000000000 ) ) ;
#4240 = ORIENTED_EDGE ( 'NONE', *, *, #9310, .F. ) ;
#4241 = DIRECTION ( 'NONE',  ( -0.000000000000000000, -1.000000000000000000, -0.000000000000000000 ) ) ;
#4242 = DIRECTION ( 'NONE',  ( 0.000000000000000000, -1.000000000000000000, 0.000000000000000000 ) ) ;
#4243 = VECTOR ( 'NONE', #9280, 1000.000000000000000 ) ;
#4244 = CARTESIAN_POINT ( 'NONE',  ( 1.750000000000000222, 0.1999999999999999833, -2.225000000000000533 ) ) ;
#4245 = ORIENTED_EDGE ( 'NONE', *, *, #1628, .F. ) ;
#4246 = VERTEX_POINT ( 'NONE', #5885 ) ;
#4247 = VECTOR ( 'NONE', #9252, 1000.000000000000000 ) ;
#4248 = PLANE ( 'NONE',  #1496 ) ;
#4249 = EDGE_CURVE ( 'NONE', #726, #9768, #1479, .T. ) ;
#4250 = CARTESIAN_POINT ( 'NONE',  ( -0.2500000000000002220, 0.000000000000000000, 2.225000000000000533 ) ) ;
#4251 = ORIENTED_EDGE ( 'NONE', *, *, #7846, .T. ) ;
#4252 = VERTEX_POINT ( 'NONE', #8539 ) ;
#4253 = ADVANCED_FACE ( 'NONE', ( #8157 ), #2382, .F. ) ;
#4254 = FACE_OUTER_BOUND ( 'NONE', #2251, .T. ) ;
#4255 = AXIS2_PLACEMENT_3D ( 'NONE', #7122, #5326, #2655 ) ;
#4256 = FACE_OUTER_BOUND ( 'NONE', #6694, .T. ) ;
#4257 = CARTESIAN_POINT ( 'NONE',  ( -2.225000000000000977, 0.1999999999999999833, -0.1249999999999994588 ) ) ;
#4258 = VERTEX_POINT ( 'NONE', #435 ) ;
#4259 = VERTEX_POINT ( 'NONE', #9838 ) ;
#4260 = FACE_OUTER_BOUND ( 'NONE', #8868, .T. ) ;
#4261 = FACE_OUTER_BOUND ( 'NONE', #4636, .T. ) ;
#4262 = ADVANCED_FACE ( 'NONE', ( #6731 ), #2436, .T. ) ;
#4263 = DIRECTION ( 'NONE',  ( 1.000000000000000000, 0.000000000000000000, 0.000000000000000000 ) ) ;
#4264 = ADVANCED_FACE ( 'NONE', ( #8483 ), #8430, .F. ) ;
#4265 = PLANE ( 'NONE',  #7955 ) ;
#4266 = CARTESIAN_POINT ( 'NONE',  ( -1.625000000000000444, 0.04999999999999999584, 2.225000000000000533 ) ) ;
#4267 = CYLINDRICAL_SURFACE ( 'NONE', #2028, 0.1250000000000001110 ) ;
#4268 = LINE ( 'NONE', #11036, #6748 ) ;
#4269 = ORIENTED_EDGE ( 'NONE', *, *, #4842, .F. ) ;
#4270 = ORIENTED_EDGE ( 'NONE', *, *, #7844, .T. ) ;
#4271 = CARTESIAN_POINT ( 'NONE',  ( -1.625000000000000222, 0.05000000000000000278, 0.000000000000000000 ) ) ;
#4272 = CARTESIAN_POINT ( 'NONE',  ( 0.6250000000000001110, 0.6716990566028303578, 2.225000000000000533 ) ) ;
#4273 = UNCERTAINTY_MEASURE_WITH_UNIT (LENGTH_MEASURE( 1.000000000000000082E-05 ), #5359, 'distance_accuracy_value', 'NONE');
#4274 = CYLINDRICAL_SURFACE ( 'NONE', #10450, 0.1250000000000001110 ) ;
#4275 = DIRECTION ( 'NONE',  ( 0.000000000000000000, -0.000000000000000000, 1.000000000000000000 ) ) ;
#4276 = DIRECTION ( 'NONE',  ( -1.000000000000000000, 0.000000000000000000, 7.885106708985485090E-16 ) ) ;
#4277 = EDGE_LOOP ( 'NONE', ( #5334, #1658, #180, #7989 ) ) ;
#4278 = EDGE_CURVE ( 'NONE', #9088, #7037, #7316, .T. ) ;
#4279 = LINE ( 'NONE', #1681, #7818 ) ;
#4280 = ORIENTED_EDGE ( 'NONE', *, *, #6836, .T. ) ;
#4281 =( GEOMETRIC_REPRESENTATION_CONTEXT ( 3 ) GLOBAL_UNCERTAINTY_ASSIGNED_CONTEXT ( ( #2759 ) ) GLOBAL_UNIT_ASSIGNED_CONTEXT ( ( #6382, #7226, #1918 ) ) REPRESENTATION_CONTEXT ( 'NONE', 'WORKASPACE' ) );
#4282 = DIRECTION ( 'NONE',  ( 0.000000000000000000, 0.000000000000000000, -1.000000000000000000 ) ) ;
#4283 = AXIS2_PLACEMENT_3D ( 'NONE', #10939, #2302, #4913 ) ;
#4284 = EDGE_LOOP ( 'NONE', ( #9201, #2807, #11079, #5815 ) ) ;
#4285 = CARTESIAN_POINT ( 'NONE',  ( 1.674999999999999822, 0.000000000000000000, -1.724999999999999423 ) ) ;
#4286 = ORIENTED_EDGE ( 'NONE', *, *, #7148, .T. ) ;
#4287 = LINE ( 'NONE', #7100, #6649 ) ;
#4288 = ORIENTED_EDGE ( 'NONE', *, *, #10269, .T. ) ;
#4289 = EDGE_LOOP ( 'NONE', ( #1978, #705, #1624, #5882, #8223 ) ) ;
#4290 = CARTESIAN_POINT ( 'NONE',  ( 1.125000000000000222, 0.6716990566028303578, -2.500000000000000444 ) ) ;
#4291 = LINE ( 'NONE', #8799, #5797 ) ;
#4292 = ORIENTED_EDGE ( 'NONE', *, *, #10285, .F. ) ;
#4293 = EDGE_CURVE ( 'NONE', #4306, #10351, #2484, .T. ) ;
#4294 = EDGE_CURVE ( 'NONE', #2378, #8910, #2111, .T. ) ;
#4295 = SURFACE_STYLE_FILL_AREA ( #1797 ) ;
#4296 = VERTEX_POINT ( 'NONE', #7809 ) ;
#4297 = EDGE_CURVE ( 'NONE', #5830, #8800, #7754, .T. ) ;
#4298 = VERTEX_POINT ( 'NONE', #236 ) ;
#4299 = CARTESIAN_POINT ( 'NONE',  ( 1.625000000000000222, 0.000000000000000000, 2.500000000000000444 ) ) ;
#4300 = AXIS2_PLACEMENT_3D ( 'NONE', #313, #2048, #5499 ) ;
#4301 = PLANE ( 'NONE',  #8187 ) ;
#4302 = VERTEX_POINT ( 'NONE', #1018 ) ;
#4303 = EDGE_LOOP ( 'NONE', ( #1234, #10057, #10519, #788 ) ) ;
#4304 = CARTESIAN_POINT ( 'NONE',  ( 2.500000000000000000, 0.05000000000000000278, 2.499999999999999556 ) ) ;
#4305 = CARTESIAN_POINT ( 'NONE',  ( 0.1250000000000001110, 0.6716990566028303578, -2.500000000000000444 ) ) ;
#4306 = VERTEX_POINT ( 'NONE', #9438 ) ;
#4307 = VERTEX_POINT ( 'NONE', #5156 ) ;
#4308 = DIRECTION ( 'NONE',  ( -6.377659838150024995E-17, 0.000000000000000000, 1.000000000000000000 ) ) ;
#4309 = EDGE_CURVE ( 'NONE', #5143, #3485, #3555, .T. ) ;
#4310 = CIRCLE ( 'NONE', #1955, 0.1250000000000001110 ) ;
#4311 = ADVANCED_FACE ( 'NONE', ( #3505 ), #5368, .F. ) ;
#4312 = FACE_OUTER_BOUND ( 'NONE', #6621, .T. ) ;
#4313 = DIRECTION ( 'NONE',  ( 0.000000000000000000, -1.000000000000000000, 0.000000000000000000 ) ) ;
#4314 = EDGE_LOOP ( 'NONE', ( #3951, #6494, #9623, #8056 ) ) ;
#4315 = DIRECTION ( 'NONE',  ( 0.000000000000000000, 1.000000000000000000, 0.000000000000000000 ) ) ;
#4316 = DIRECTION ( 'NONE',  ( 0.000000000000000000, 0.000000000000000000, 1.000000000000000000 ) ) ;
#4317 = DIRECTION ( 'NONE',  ( 0.000000000000000000, 1.000000000000000000, 0.000000000000000000 ) ) ;
#4318 = VECTOR ( 'NONE', #3161, 1000.000000000000000 ) ;
#4319 = LINE ( 'NONE', #3353, #189 ) ;
#4320 = DIRECTION ( 'NONE',  ( -1.734723475976808475E-15, 0.000000000000000000, -1.000000000000000000 ) ) ;
#4321 = EDGE_CURVE ( 'NONE', #4197, #4246, #7549, .T. ) ;
#4322 = CARTESIAN_POINT ( 'NONE',  ( -0.3749999999999998890, 0.000000000000000000, -2.500000000000000444 ) ) ;
#4323 = VECTOR ( 'NONE', #3578, 1000.000000000000000 ) ;
#4325 = ADVANCED_FACE ( 'NONE', ( #967 ), #10332, .F. ) ;
#4324 = LINE ( 'NONE', #1724, #3474 ) ;
#4326 = DIRECTION ( 'NONE',  ( -7.885106708985485090E-16, 0.000000000000000000, -1.000000000000000000 ) ) ;
#4327 = ADVANCED_FACE ( 'NONE', ( #10433 ), #912, .F. ) ;
#4328 = EDGE_CURVE ( 'NONE', #7000, #3760, #5206, .T. ) ;
#4329 = VECTOR ( 'NONE', #849, 1000.000000000000000 ) ;
#4330 = FILL_AREA_STYLE ('',( #936 ) ) ;
#4331 = AXIS2_PLACEMENT_3D ( 'NONE', #9077, #9969, #7446 ) ;
#4332 = LINE ( 'NONE', #104, #4323 ) ;
#4333 = CIRCLE ( 'NONE', #733, 0.1250000000000001110 ) ;
#4334 = FILL_AREA_STYLE_COLOUR ( '', #6676 ) ;
#4335 = CARTESIAN_POINT ( 'NONE',  ( -1.625000000000000222, 0.05000000000000000278, 0.000000000000000000 ) ) ;
#4336 = CARTESIAN_POINT ( 'NONE',  ( 2.500000000000000000, 0.2000000000000005107, 0.6250000000000003331 ) ) ;
#4337 = EDGE_LOOP ( 'NONE', ( #2919, #4983, #9161, #9427 ) ) ;
#4338 = VECTOR ( 'NONE', #2001, 1000.000000000000000 ) ;
#4339 = AXIS2_PLACEMENT_3D ( 'NONE', #7430, #10857, #3131 ) ;
#4340 = ADVANCED_FACE ( 'NONE', ( #1919 ), #7911, .F. ) ;
#4341 = DIRECTION ( 'NONE',  ( 0.000000000000000000, 1.000000000000000000, -0.000000000000000000 ) ) ;
#4342 = ORIENTED_EDGE ( 'NONE', *, *, #5543, .T. ) ;
#4343 = EDGE_LOOP ( 'NONE', ( #3129, #9783, #3507, #2312 ) ) ;
#4344 = CARTESIAN_POINT ( 'NONE',  ( 1.250000000000000222, 0.6716990566028303578, -2.225000000000000533 ) ) ;
#4345 = EDGE_LOOP ( 'NONE', ( #10716, #1834, #9944, #9446, #6527 ) ) ;
#4346 = ORIENTED_EDGE ( 'NONE', *, *, #7953, .F. ) ;
#4347 = DIRECTION ( 'NONE',  ( 0.000000000000000000, 0.000000000000000000, 1.000000000000000000 ) ) ;
#4348 = COLOUR_RGB ( '',1.000000000000000000, 1.000000000000000000, 1.000000000000000000 ) ;
#4349 = ADVANCED_FACE ( 'NONE', ( #9653 ), #2599, .T. ) ;
#4350 = VECTOR ( 'NONE', #8118, 1000.000000000000000 ) ;
#4351 = LINE ( 'NONE', #9476, #10267 ) ;
#4352 = DIRECTION ( 'NONE',  ( -1.000000000000000000, 0.000000000000000000, 7.885106708985485090E-16 ) ) ;
#4353 = ORIENTED_EDGE ( 'NONE', *, *, #9652, .T. ) ;
#4354 = CARTESIAN_POINT ( 'NONE',  ( -1.725000000000000533, 0.1999999999999996503, -1.724999999999999867 ) ) ;
#4355 = EDGE_LOOP ( 'NONE', ( #4970, #5711, #3916, #2875 ) ) ;
#4356 = CARTESIAN_POINT ( 'NONE',  ( -1.875000000000000000, 0.000000000000000000, 2.500000000000000444 ) ) ;
#4357 = DIRECTION ( 'NONE',  ( 0.000000000000000000, 0.000000000000000000, -1.000000000000000000 ) ) ;
#4358 = VECTOR ( 'NONE', #10478, 1000.000000000000000 ) ;
#4359 = DIRECTION ( 'NONE',  ( 1.000000000000000000, 0.000000000000000000, -7.885106708985485090E-16 ) ) ;
#4360 = EDGE_LOOP ( 'NONE', ( #1789, #2482, #3428, #21 ) ) ;
#4361 = ORIENTED_EDGE ( 'NONE', *, *, #2770, .T. ) ;
#4362 = PLANE ( 'NONE',  #11156 ) ;
#4363 = EDGE_CURVE ( 'NONE', #4406, #3852, #8596, .T. ) ;
#4364 = ORIENTED_EDGE ( 'NONE', *, *, #9763, .F. ) ;
#4365 = ORIENTED_EDGE ( 'NONE', *, *, #7554, .T. ) ;
#4366 = DIRECTION ( 'NONE',  ( 0.000000000000000000, -1.000000000000000000, 0.000000000000000000 ) ) ;
#4367 = CARTESIAN_POINT ( 'NONE',  ( 1.674999999999999822, 5.079036790187180017, 1.675000000000000933 ) ) ;
#4368 = DIRECTION ( 'NONE',  ( 0.000000000000000000, -0.000000000000000000, 1.000000000000000000 ) ) ;
#4369 = ORIENTED_EDGE ( 'NONE', *, *, #2791, .F. ) ;
#4370 = DIRECTION ( 'NONE',  ( 0.000000000000000000, 0.000000000000000000, -1.000000000000000000 ) ) ;
#4371 = DIRECTION ( 'NONE',  ( 0.000000000000000000, 0.000000000000000000, 1.000000000000000000 ) ) ;
#4372 = CARTESIAN_POINT ( 'NONE',  ( -2.225000000000000977, 0.1999999999999999833, 1.125000000000000666 ) ) ;
#4373 = CARTESIAN_POINT ( 'NONE',  ( 0.1250000000000001110, 0.000000000000000000, -2.500000000000000444 ) ) ;
#4374 = AXIS2_PLACEMENT_3D ( 'NONE', #4953, #1380, #442 ) ;
#4375 = ADVANCED_FACE ( 'NONE', ( #1754 ), #4362, .F. ) ;
#4376 = DIRECTION ( 'NONE',  ( 0.000000000000000000, 1.000000000000000000, 0.000000000000000000 ) ) ;
#4377 = AXIS2_PLACEMENT_3D ( 'NONE', #2413, #9302, #4224 ) ;
#4378 = DIRECTION ( 'NONE',  ( 0.000000000000000000, 1.000000000000000000, -0.000000000000000000 ) ) ;
#4379 = COLOUR_RGB ( '',0.7921568627450980005, 0.8196078431372548767, 0.9333333333333333481 ) ;
#4380 = AXIS2_PLACEMENT_3D ( 'NONE', #9210, #5601, #3784 ) ;
#4381 = CARTESIAN_POINT ( 'NONE',  ( -2.225000000000000977, 0.6716990566028304688, 1.750000000000000666 ) ) ;
#4382 = ORIENTED_EDGE ( 'NONE', *, *, #944, .F. ) ;
#4383 = PLANE ( 'NONE',  #7821 ) ;
#4384 = LINE ( 'NONE', #9780, #4581 ) ;
#4385 = ORIENTED_EDGE ( 'NONE', *, *, #951, .T. ) ;
#4386 = VECTOR ( 'NONE', #7878, 1000.000000000000000 ) ;
#4387 = EDGE_CURVE ( 'NONE', #1697, #1192, #6154, .T. ) ;
#4388 = EDGE_CURVE ( 'NONE', #8136, #8928, #6280, .T. ) ;
#4389 = DIRECTION ( 'NONE',  ( 1.000000000000000000, 0.000000000000000000, -3.154042683594199163E-15 ) ) ;
#4390 = PLANE ( 'NONE',  #7413 ) ;
#4391 = LINE ( 'NONE', #3419, #4897 ) ;
#4392 = ADVANCED_FACE ( 'NONE', ( #2696 ), #9596, .F. ) ;
#4393 = AXIS2_PLACEMENT_3D ( 'NONE', #8085, #9159, #354 ) ;
#4394 = DIRECTION ( 'NONE',  ( -1.000000000000000000, 0.000000000000000000, 8.673617379884035472E-17 ) ) ;
#4395 = ORIENTED_EDGE ( 'NONE', *, *, #9682, .F. ) ;
#4396 = VECTOR ( 'NONE', #1659, 1000.000000000000000 ) ;
#4397 = DIRECTION ( 'NONE',  ( -0.000000000000000000, -1.000000000000000000, -0.000000000000000000 ) ) ;
#4398 = DIRECTION ( 'NONE',  ( -0.000000000000000000, -1.000000000000000000, -0.000000000000000000 ) ) ;
#4399 = ORIENTED_EDGE ( 'NONE', *, *, #8671, .T. ) ;
#4400 = CYLINDRICAL_SURFACE ( 'NONE', #864, 0.1250000000000001110 ) ;
#4401 = EDGE_CURVE ( 'NONE', #3946, #6131, #3611, .T. ) ;
#4402 = CARTESIAN_POINT ( 'NONE',  ( -2.225000000000000977, 0.05000000000000002359, -1.124999999999999556 ) ) ;
#4403 = DIRECTION ( 'NONE',  ( -0.000000000000000000, 0.000000000000000000, 1.000000000000000000 ) ) ;
#4404 = EDGE_CURVE ( 'NONE', #29, #9679, #4628, .T. ) ;
#4405 = CARTESIAN_POINT ( 'NONE',  ( -1.375000000000000000, 0.6716990566028303578, 2.500000000000000444 ) ) ;
#4406 = VERTEX_POINT ( 'NONE', #1294 ) ;
#4407 =( NAMED_UNIT ( * ) SI_UNIT ( $, .STERADIAN. ) SOLID_ANGLE_UNIT ( ) );
#4408 = ORIENTED_EDGE ( 'NONE', *, *, #8248, .T. ) ;
#4409 = AXIS2_PLACEMENT_3D ( 'NONE', #10181, #10353, #10230 ) ;
#4410 = CARTESIAN_POINT ( 'NONE',  ( -1.125000000000000222, 0.6716990566028303578, 2.500000000000000444 ) ) ;
#4411 = FACE_OUTER_BOUND ( 'NONE', #3719, .T. ) ;
#4412 = ORIENTED_EDGE ( 'NONE', *, *, #7884, .T. ) ;
#4413 = EDGE_LOOP ( 'NONE', ( #10233, #5876, #1033, #7454, #8722 ) ) ;
#4414 = CARTESIAN_POINT ( 'NONE',  ( 0.7499999999999997780, 0.000000000000000000, 2.225000000000000533 ) ) ;
#4415 = VECTOR ( 'NONE', #3441, 1000.000000000000000 ) ;
#4416 = ORIENTED_EDGE ( 'NONE', *, *, #729, .T. ) ;
#4417 = VECTOR ( 'NONE', #11087, 1000.000000000000000 ) ;
#4418 = VERTEX_POINT ( 'NONE', #2866 ) ;
#4419 = PLANE ( 'NONE',  #9784 ) ;
#4420 = PLANE ( 'NONE',  #4651 ) ;
#4421 = ORIENTED_EDGE ( 'NONE', *, *, #3081, .F. ) ;
#4422 = DIRECTION ( 'NONE',  ( 0.000000000000000000, 1.000000000000000000, 0.000000000000000000 ) ) ;
#4423 = DIRECTION ( 'NONE',  ( -0.000000000000000000, -1.000000000000000000, -0.000000000000000000 ) ) ;
#4424 = EDGE_CURVE ( 'NONE', #8505, #7889, #9925, .T. ) ;
#4425 = PLANE ( 'NONE',  #8987 ) ;
#4426 = AXIS2_PLACEMENT_3D ( 'NONE', #1594, #11085, #6794 ) ;
#4427 = CARTESIAN_POINT ( 'NONE',  ( 2.225000000000000977, 0.6716990566028304688, 1.250000000000000666 ) ) ;
#4428 = VECTOR ( 'NONE', #3321, 1000.000000000000000 ) ;
#4429 =( LENGTH_UNIT ( ) NAMED_UNIT ( * ) SI_UNIT ( .MILLI., .METRE. ) );
#4430 = CARTESIAN_POINT ( 'NONE',  ( 1.125000000000000222, 0.000000000000000000, -2.500000000000000444 ) ) ;
#4431 = ORIENTED_EDGE ( 'NONE', *, *, #6230, .T. ) ;
#4432 = EDGE_CURVE ( 'NONE', #10696, #6379, #8977, .T. ) ;
#4433 = VERTEX_POINT ( 'NONE', #5593 ) ;
#4434 = EDGE_CURVE ( 'NONE', #11124, #1462, #8866, .T. ) ;
#4435 = LINE ( 'NONE', #3468, #6728 ) ;
#4436 = LINE ( 'NONE', #6347, #7293 ) ;
#4437 = ADVANCED_FACE ( 'NONE', ( #6326 ), #9754, .T. ) ;
#4438 = AXIS2_PLACEMENT_3D ( 'NONE', #8711, #974, #7867 ) ;
#4439 = ORIENTED_EDGE ( 'NONE', *, *, #5095, .T. ) ;
#4440 = ORIENTED_EDGE ( 'NONE', *, *, #3422, .T. ) ;
#4441 = LINE ( 'NONE', #8898, #6291 ) ;
#4442 = CARTESIAN_POINT ( 'NONE',  ( 0.6250000000000003331, 0.1999999999999999833, -2.225000000000000533 ) ) ;
#4443 = LINE ( 'NONE', #2729, #740 ) ;
#4444 = FACE_OUTER_BOUND ( 'NONE', #9279, .T. ) ;
#4445 = CIRCLE ( 'NONE', #7334, 0.1250000000000002220 ) ;
#4446 = DIRECTION ( 'NONE',  ( 0.000000000000000000, 0.000000000000000000, -1.000000000000000000 ) ) ;
#4447 = VERTEX_POINT ( 'NONE', #9096 ) ;
#4448 = PLANE ( 'NONE',  #4920 ) ;
#4449 = FACE_OUTER_BOUND ( 'NONE', #1067, .T. ) ;
#4450 = FACE_OUTER_BOUND ( 'NONE', #7649, .T. ) ;
#4451 = VERTEX_POINT ( 'NONE', #408 ) ;
#4452 = CARTESIAN_POINT ( 'NONE',  ( -1.125000000000000444, 0.2000000000000000111, 2.225000000000000533 ) ) ;
#4453 = DIRECTION ( 'NONE',  ( 0.000000000000000000, -0.000000000000000000, 1.000000000000000000 ) ) ;
#4454 = CARTESIAN_POINT ( 'NONE',  ( -2.500000000000000888, 0.1999999999999999833, 0.8750000000000007772 ) ) ;
#4455 = CARTESIAN_POINT ( 'NONE',  ( -0.6250000000000001110, 0.04999999999999999584, -2.225000000000000533 ) ) ;
#4456 = VERTEX_POINT ( 'NONE', #6268 ) ;
#4457 = AXIS2_PLACEMENT_3D ( 'NONE', #4476, #1027, #6229 ) ;
#4458 = ORIENTED_EDGE ( 'NONE', *, *, #121, .T. ) ;
#4459 =( NAMED_UNIT ( * ) SI_UNIT ( $, .STERADIAN. ) SOLID_ANGLE_UNIT ( ) );
#4460 = EDGE_CURVE ( 'NONE', #7812, #5507, #3668, .T. ) ;
#4461 = LINE ( 'NONE', #10379, #9584 ) ;
#4462 = LINE ( 'NONE', #10597, #6927 ) ;
#4463 = EDGE_CURVE ( 'NONE', #5302, #4298, #8073, .T. ) ;
#4464 = ORIENTED_EDGE ( 'NONE', *, *, #4876, .T. ) ;
#4465 = ORIENTED_EDGE ( 'NONE', *, *, #6177, .F. ) ;
#4466 = EDGE_CURVE ( 'NONE', #4856, #3514, #7914, .T. ) ;
#4467 =( LENGTH_UNIT ( ) NAMED_UNIT ( * ) SI_UNIT ( .MILLI., .METRE. ) );
#4468 = CARTESIAN_POINT ( 'NONE',  ( -1.875000000000000000, 0.2000000000000000111, 2.500000000000000444 ) ) ;
#4469 = ORIENTED_EDGE ( 'NONE', *, *, #2552, .F. ) ;
#4470 = ORIENTED_EDGE ( 'NONE', *, *, #5980, .T. ) ;
#4471 = DIRECTION ( 'NONE',  ( 0.000000000000000000, 0.000000000000000000, 1.000000000000000000 ) ) ;
#4472 = CARTESIAN_POINT ( 'NONE',  ( 2.225000000000000977, 0.6716990566028304688, 1.375000000000000666 ) ) ;
#4473 = ORIENTED_EDGE ( 'NONE', *, *, #6612, .F. ) ;
#4474 = LINE ( 'NONE', #6557, #3526 ) ;
#4475 = LINE ( 'NONE', #7921, #4964 ) ;
#4476 = CARTESIAN_POINT ( 'NONE',  ( -0.7500000000000002220, 0.000000000000000000, 2.225000000000000533 ) ) ;
#4477 = AXIS2_PLACEMENT_3D ( 'NONE', #6236, #2950, #1931 ) ;
#4478 = LINE ( 'NONE', #4531, #3060 ) ;
#4479 = EDGE_CURVE ( 'NONE', #1037, #2722, #10657, .T. ) ;
#4480 = CARTESIAN_POINT ( 'NONE',  ( -1.749999999999999778, 0.1999999999999999833, -2.225000000000000533 ) ) ;
#4481 = VERTEX_POINT ( 'NONE', #6441 ) ;
#4482 = EDGE_LOOP ( 'NONE', ( #7567, #10978, #10150, #9927 ) ) ;
#4483 = CYLINDRICAL_SURFACE ( 'NONE', #7645, 0.2500000000000008882 ) ;
#4484 = CARTESIAN_POINT ( 'NONE',  ( 2.225000000000000977, 0.6716990566028304688, -1.124999999999999556 ) ) ;
#4485 = VECTOR ( 'NONE', #1181, 1000.000000000000000 ) ;
#4486 = ORIENTED_EDGE ( 'NONE', *, *, #7902, .F. ) ;
#4487 = ORIENTED_EDGE ( 'NONE', *, *, #2605, .T. ) ;
#4488 = DIRECTION ( 'NONE',  ( 0.000000000000000000, 0.000000000000000000, 1.000000000000000000 ) ) ;
#4489 = DIRECTION ( 'NONE',  ( 0.000000000000000000, -0.000000000000000000, -1.000000000000000000 ) ) ;
#4490 = ADVANCED_FACE ( 'NONE', ( #10715 ), #1968, .T. ) ;
#4491 = AXIS2_PLACEMENT_3D ( 'NONE', #9309, #1575, #6711 ) ;
#4492 = CARTESIAN_POINT ( 'NONE',  ( -1.625000000000000222, 0.04999999999999999584, 2.500000000000000444 ) ) ;
#4493 = LINE ( 'NONE', #7942, #6870 ) ;
#4494 = CARTESIAN_POINT ( 'NONE',  ( -2.225000000000000977, 0.000000000000000000, -0.2499999999999993616 ) ) ;
#4495 = EDGE_LOOP ( 'NONE', ( #9129, #7283, #4617, #8469 ) ) ;
#4496 = CARTESIAN_POINT ( 'NONE',  ( 2.225000000000000977, 0.000000000000000000, -1.749999999999999334 ) ) ;
#4497 = CARTESIAN_POINT ( 'NONE',  ( 2.500000000000000888, 0.04999999999999969746, -0.6249999999999992228 ) ) ;
#4498 = VERTEX_POINT ( 'NONE', #472 ) ;
#4499 = VECTOR ( 'NONE', #7375, 1000.000000000000000 ) ;
#4500 = VECTOR ( 'NONE', #4032, 1000.000000000000000 ) ;
#4501 = DIRECTION ( 'NONE',  ( 0.000000000000000000, 0.000000000000000000, 1.000000000000000000 ) ) ;
#4502 = ORIENTED_EDGE ( 'NONE', *, *, #5889, .T. ) ;
#4503 = FILL_AREA_STYLE ('',( #10532 ) ) ;
#4504 = EDGE_CURVE ( 'NONE', #3381, #6163, #2840, .T. ) ;
#4505 = CARTESIAN_POINT ( 'NONE',  ( -2.225000000000000977, 0.05000000000000002359, 0.1250000000000005551 ) ) ;
#4506 = PRESENTATION_LAYER_ASSIGNMENT (  '', '', ( #9372 ) ) ;
#4507 = CARTESIAN_POINT ( 'NONE',  ( 2.500000000000000888, 0.1999999999999999833, -1.624999999999999334 ) ) ;
#4508 = ORIENTED_EDGE ( 'NONE', *, *, #7539, .F. ) ;
#4509 = VECTOR ( 'NONE', #4889, 1000.000000000000000 ) ;
#4510 = VECTOR ( 'NONE', #220, 1000.000000000000000 ) ;
#4511 = DIRECTION ( 'NONE',  ( -1.734723475976808475E-15, -0.000000000000000000, 1.000000000000000000 ) ) ;
#4512 = DIRECTION ( 'NONE',  ( 0.000000000000000000, 0.000000000000000000, -1.000000000000000000 ) ) ;
#4513 = CARTESIAN_POINT ( 'NONE',  ( -1.625000000000000222, 0.2000000000000000111, -2.225000000000000533 ) ) ;
#4514 = ORIENTED_EDGE ( 'NONE', *, *, #5155, .F. ) ;
#4515 = VERTEX_POINT ( 'NONE', #6384 ) ;
#4516 = LINE ( 'NONE', #3835, #10947 ) ;
#4517 = AXIS2_PLACEMENT_3D ( 'NONE', #8455, #1392, #6536 ) ;
#4518 = CARTESIAN_POINT ( 'NONE',  ( -1.125000000000000222, 0.2000000000000000111, -2.225000000000000533 ) ) ;
#4519 = ORIENTED_EDGE ( 'NONE', *, *, #579, .F. ) ;
#4520 = VERTEX_POINT ( 'NONE', #2091 ) ;
#4521 = EDGE_CURVE ( 'NONE', #4599, #7903, #9178, .T. ) ;
#4522 = ADVANCED_FACE ( 'NONE', ( #2142 ), #4578, .T. ) ;
#4523 = CARTESIAN_POINT ( 'NONE',  ( -0.1250000000000003331, 0.1999999999999999833, 2.225000000000000533 ) ) ;
#4524 = AXIS2_PLACEMENT_3D ( 'NONE', #10509, #5663, #10562 ) ;
#4525 = CARTESIAN_POINT ( 'NONE',  ( -1.625000000000000222, 0.1999999999999999833, -2.225000000000000533 ) ) ;
#4526 = ORIENTED_EDGE ( 'NONE', *, *, #2033, .F. ) ;
#4527 = AXIS2_PLACEMENT_3D ( 'NONE', #10730, #5609, #8146 ) ;
#4528 = LINE ( 'NONE', #7061, #7675 ) ;
#4529 = CARTESIAN_POINT ( 'NONE',  ( 0.1250000000000000555, 0.1999999999999999833, -2.500000000000000444 ) ) ;
#4530 = VECTOR ( 'NONE', #805, 1000.000000000000000 ) ;
#4531 = CARTESIAN_POINT ( 'NONE',  ( 1.674999999999999822, 0.1999999999999996503, 1.725000000000000533 ) ) ;
#4532 = DIRECTION ( 'NONE',  ( 1.000000000000000000, 0.000000000000000000, 0.000000000000000000 ) ) ;
#4533 = EDGE_CURVE ( 'NONE', #10696, #5236, #3, .T. ) ;
#4534 = LINE ( 'NONE', #9775, #6458 ) ;
#4535 = EDGE_LOOP ( 'NONE', ( #963, #2017, #2520, #7349 ) ) ;
#4536 = VERTEX_POINT ( 'NONE', #3039 ) ;
#4537 = CARTESIAN_POINT ( 'NONE',  ( -0.3749999999999998890, 0.1999999999999999833, -2.500000000000000444 ) ) ;
#4538 = DIRECTION ( 'NONE',  ( 0.000000000000000000, -0.000000000000000000, 1.000000000000000000 ) ) ;
#4539 = VECTOR ( 'NONE', #6923, 1000.000000000000000 ) ;
#4540 = ORIENTED_EDGE ( 'NONE', *, *, #6707, .T. ) ;
#4541 = ADVANCED_FACE ( 'NONE', ( #295 ), #3724, .T. ) ;
#4542 = ORIENTED_EDGE ( 'NONE', *, *, #3970, .T. ) ;
#4543 = DIRECTION ( 'NONE',  ( 0.000000000000000000, -1.000000000000000000, 0.000000000000000000 ) ) ;
#4544 = AXIS2_PLACEMENT_3D ( 'NONE', #2859, #1344, #514 ) ;
#4545 =( GEOMETRIC_REPRESENTATION_CONTEXT ( 3 ) GLOBAL_UNCERTAINTY_ASSIGNED_CONTEXT ( ( #5981 ) ) GLOBAL_UNIT_ASSIGNED_CONTEXT ( ( #3436, #70, #4407 ) ) REPRESENTATION_CONTEXT ( 'NONE', 'WORKASPACE' ) );
#4546 = LINE ( 'NONE', #7142, #1787 ) ;
#4547 = VECTOR ( 'NONE', #9264, 1000.000000000000000 ) ;
#4548 = CIRCLE ( 'NONE', #10855, 0.1250000000000001110 ) ;
#4549 = CARTESIAN_POINT ( 'NONE',  ( -2.500000000000000444, 0.1999999999999999833, -0.8749999999999990008 ) ) ;
#4550 = CARTESIAN_POINT ( 'NONE',  ( -1.750000000000000222, 0.2000000000000000111, 2.225000000000000533 ) ) ;
#4551 = LINE ( 'NONE', #6191, #5986 ) ;
#4552 = ORIENTED_EDGE ( 'NONE', *, *, #9072, .F. ) ;
#4553 = CYLINDRICAL_SURFACE ( 'NONE', #6355, 0.1250000000000001110 ) ;
#4554 = DIRECTION ( 'NONE',  ( 1.000000000000000000, -0.000000000000000000, 7.885106708985485090E-16 ) ) ;
#4555 = VECTOR ( 'NONE', #493, 1000.000000000000000 ) ;
#4556 = ADVANCED_FACE ( 'NONE', ( #7460 ), #3100, .F. ) ;
#4557 = PLANE ( 'NONE',  #3600 ) ;
#4558 = ORIENTED_EDGE ( 'NONE', *, *, #5909, .F. ) ;
#4559 = CARTESIAN_POINT ( 'NONE',  ( -2.225000000000000977, 0.1999999999999999833, -1.374999999999999556 ) ) ;
#4560 = CARTESIAN_POINT ( 'NONE',  ( 1.125000000000000222, 0.2000000000000000111, 2.225000000000000533 ) ) ;
#4561 = DIRECTION ( 'NONE',  ( -1.734723475976808475E-15, -0.000000000000000000, 1.000000000000000000 ) ) ;
#4562 = LINE ( 'NONE', #3823, #4350 ) ;
#4563 = AXIS2_PLACEMENT_3D ( 'NONE', #4769, #654, #9227 ) ;
#4564 = DIRECTION ( 'NONE',  ( -0.000000000000000000, -1.000000000000000000, -0.000000000000000000 ) ) ;
#4565 = ORIENTED_EDGE ( 'NONE', *, *, #10609, .F. ) ;
#4566 = DIRECTION ( 'NONE',  ( -0.000000000000000000, -1.000000000000000000, -0.000000000000000000 ) ) ;
#4567 = EDGE_CURVE ( 'NONE', #5241, #130, #8821, .T. ) ;
#4568 = EDGE_CURVE ( 'NONE', #3734, #914, #6549, .T. ) ;
#4569 = PLANE ( 'NONE',  #8513 ) ;
#4570 = ORIENTED_EDGE ( 'NONE', *, *, #8404, .T. ) ;
#4571 = EDGE_CURVE ( 'NONE', #7310, #9986, #9985, .T. ) ;
#4572 = AXIS2_PLACEMENT_3D ( 'NONE', #8168, #7436, #1439 ) ;
#4573 = DIRECTION ( 'NONE',  ( -0.000000000000000000, -1.000000000000000000, -0.000000000000000000 ) ) ;
#4574 = ORIENTED_EDGE ( 'NONE', *, *, #124, .F. ) ;
#4575 = ORIENTED_EDGE ( 'NONE', *, *, #330, .F. ) ;
#4576 = VECTOR ( 'NONE', #7705, 1000.000000000000000 ) ;
#4577 = CARTESIAN_POINT ( 'NONE',  ( 2.500000000000000888, 0.1999999999999999833, -0.6249999999999992228 ) ) ;
#4578 = PLANE ( 'NONE',  #9888 ) ;
#4579 = ORIENTED_EDGE ( 'NONE', *, *, #7832, .F. ) ;
#4580 = ORIENTED_EDGE ( 'NONE', *, *, #2315, .T. ) ;
#4581 = VECTOR ( 'NONE', #10401, 1000.000000000000000 ) ;
#4582 = PLANE ( 'NONE',  #78 ) ;
#4583 = LINE ( 'NONE', #8026, #9063 ) ;
#4584 = VERTEX_POINT ( 'NONE', #7399 ) ;
#4585 = DIRECTION ( 'NONE',  ( -0.000000000000000000, -1.000000000000000000, -0.000000000000000000 ) ) ;
#4586 = CARTESIAN_POINT ( 'NONE',  ( 0.1250000000000001110, 0.2000000000000005107, -2.500000000000000444 ) ) ;
#4587 = VERTEX_POINT ( 'NONE', #7565 ) ;
#4588 = VECTOR ( 'NONE', #4071, 1000.000000000000000 ) ;
#4589 = DIRECTION ( 'NONE',  ( 0.000000000000000000, 0.000000000000000000, -1.000000000000000000 ) ) ;
#4590 = VECTOR ( 'NONE', #4816, 1000.000000000000000 ) ;
#4591 = EDGE_CURVE ( 'NONE', #5508, #9183, #3944, .T. ) ;
#4592 = FACE_OUTER_BOUND ( 'NONE', #9254, .T. ) ;
#4593 = LINE ( 'NONE', #3739, #7233 ) ;
#4594 = PLANE ( 'NONE',  #4300 ) ;
#4595 = ORIENTED_EDGE ( 'NONE', *, *, #6604, .T. ) ;
#4596 = ORIENTED_EDGE ( 'NONE', *, *, #2507, .F. ) ;
#4597 = PLANE ( 'NONE',  #2216 ) ;
#4598 = DIRECTION ( 'NONE',  ( -1.734723475976808475E-15, 0.000000000000000000, 1.000000000000000000 ) ) ;
#4599 = VERTEX_POINT ( 'NONE', #10997 ) ;
#4600 = VERTEX_POINT ( 'NONE', #4979 ) ;
#4601 = EDGE_CURVE ( 'NONE', #142, #9130, #7628, .T. ) ;
#4602 = ADVANCED_FACE ( 'NONE', ( #1403 ), #2305, .T. ) ;
#4603 = AXIS2_PLACEMENT_3D ( 'NONE', #8352, #5080, #8518 ) ;
#4604 = FACE_OUTER_BOUND ( 'NONE', #9673, .T. ) ;
#4605 = DIRECTION ( 'NONE',  ( 0.000000000000000000, -1.000000000000000000, 0.000000000000000000 ) ) ;
#4606 = LINE ( 'NONE', #6296, #1441 ) ;
#4607 = CARTESIAN_POINT ( 'NONE',  ( -2.500000000000000444, 0.6716990566028304688, -0.3749999999999990563 ) ) ;
#4608 = DIRECTION ( 'NONE',  ( -0.000000000000000000, -1.000000000000000000, -0.000000000000000000 ) ) ;
#4609 = ORIENTED_EDGE ( 'NONE', *, *, #8595, .T. ) ;
#4610 = PRESENTATION_LAYER_ASSIGNMENT (  '', '', ( #4989 ) ) ;
#4611 = EDGE_CURVE ( 'NONE', #9532, #10279, #3763, .T. ) ;
#4612 = CARTESIAN_POINT ( 'NONE',  ( -2.225000000000000977, 0.6716990566028304688, -1.124999999999999556 ) ) ;
#4613 = FACE_OUTER_BOUND ( 'NONE', #453, .T. ) ;
#4614 = ORIENTED_EDGE ( 'NONE', *, *, #9582, .T. ) ;
#4615 = VERTEX_POINT ( 'NONE', #5867 ) ;
#4616 = FACE_OUTER_BOUND ( 'NONE', #4284, .T. ) ;
#4617 = ORIENTED_EDGE ( 'NONE', *, *, #27, .T. ) ;
#4618 = DIRECTION ( 'NONE',  ( 1.000000000000000000, 0.000000000000000000, 3.154042683594199163E-15 ) ) ;
#4619 = SURFACE_STYLE_FILL_AREA ( #7042 ) ;
#4620 = CARTESIAN_POINT ( 'NONE',  ( 2.500000000000000000, 0.2000000000000005107, 1.625000000000000666 ) ) ;
#4621 = FACE_OUTER_BOUND ( 'NONE', #3870, .T. ) ;
#4622 = EDGE_CURVE ( 'NONE', #9088, #9861, #6603, .T. ) ;
#4623 = ORIENTED_EDGE ( 'NONE', *, *, #7410, .T. ) ;
#4624 = CARTESIAN_POINT ( 'NONE',  ( -0.1250000000000001110, 0.6716990566028303578, -2.500000000000000444 ) ) ;
#4625 = ORIENTED_EDGE ( 'NONE', *, *, #10534, .F. ) ;
#4626 = DIRECTION ( 'NONE',  ( 0.000000000000000000, 1.000000000000000000, -0.000000000000000000 ) ) ;
#4627 = VERTEX_POINT ( 'NONE', #4858 ) ;
#4628 = LINE ( 'NONE', #4805, #8453 ) ;
#4629 = ORIENTED_EDGE ( 'NONE', *, *, #9095, .F. ) ;
#4630 = VERTEX_POINT ( 'NONE', #8293 ) ;
#4631 = EDGE_CURVE ( 'NONE', #4914, #9256, #8999, .T. ) ;
#4632 = DIRECTION ( 'NONE',  ( 0.000000000000000000, 1.000000000000000000, 0.000000000000000000 ) ) ;
#4633 = DIRECTION ( 'NONE',  ( 1.000000000000000000, -0.000000000000000000, -0.000000000000000000 ) ) ;
#4634 = ORIENTED_EDGE ( 'NONE', *, *, #4460, .T. ) ;
#4635 = FACE_OUTER_BOUND ( 'NONE', #2925, .T. ) ;
#4636 = EDGE_LOOP ( 'NONE', ( #6218, #6532, #5923, #5915 ) ) ;
#4637 = FACE_OUTER_BOUND ( 'NONE', #9032, .T. ) ;
#4638 = CARTESIAN_POINT ( 'NONE',  ( -2.500000000000000888, 0.1999999999999999833, 1.375000000000000888 ) ) ;
#4639 = ORIENTED_EDGE ( 'NONE', *, *, #2155, .T. ) ;
#4640 = CARTESIAN_POINT ( 'NONE',  ( -2.500000000000000000, 0.2000000000000005107, 1.875000000000000888 ) ) ;
#4641 = STYLED_ITEM ( 'NONE', ( #9033 ), #3660 ) ;
#4642 = ADVANCED_FACE ( 'NONE', ( #9204 ), #1461, .F. ) ;
#4643 = EDGE_CURVE ( 'NONE', #5598, #8360, #2472, .T. ) ;
#4644 = CARTESIAN_POINT ( 'NONE',  ( 1.674999999999999822, 5.079036790187180017, 1.725000000000000533 ) ) ;
#4645 = LINE ( 'NONE', #8093, #2128 ) ;
#4646 = ORIENTED_EDGE ( 'NONE', *, *, #10119, .T. ) ;
#4647 = ORIENTED_EDGE ( 'NONE', *, *, #150, .F. ) ;
#4648 = DIRECTION ( 'NONE',  ( 0.000000000000000000, -1.000000000000000000, 0.000000000000000000 ) ) ;
#4649 = CARTESIAN_POINT ( 'NONE',  ( 1.674999999999999822, 0.1999999999999996503, -1.724999999999999423 ) ) ;
#4650 = ORIENTED_EDGE ( 'NONE', *, *, #10183, .T. ) ;
#4651 = AXIS2_PLACEMENT_3D ( 'NONE', #7059, #10497, #7864 ) ;
#4652 = PLANE ( 'NONE',  #7737 ) ;
#4653 = DIRECTION ( 'NONE',  ( 0.000000000000000000, 1.000000000000000000, 0.000000000000000000 ) ) ;
#4654 = DIRECTION ( 'NONE',  ( -0.000000000000000000, -1.000000000000000000, -0.000000000000000000 ) ) ;
#4655 = DIRECTION ( 'NONE',  ( 0.000000000000000000, 0.000000000000000000, -1.000000000000000000 ) ) ;
#4656 = CARTESIAN_POINT ( 'NONE',  ( -1.375000000000000000, 0.05000000000000000278, 0.000000000000000000 ) ) ;
#4657 = ORIENTED_EDGE ( 'NONE', *, *, #8682, .F. ) ;
#4658 = AXIS2_PLACEMENT_3D ( 'NONE', #3445, #8811, #6998 ) ;
#4659 = EDGE_CURVE ( 'NONE', #4481, #9736, #10147, .T. ) ;
#4660 = CARTESIAN_POINT ( 'NONE',  ( -2.500000000000000000, 0.05000000000000000278, 2.499999999999999556 ) ) ;
#4661 = EDGE_LOOP ( 'NONE', ( #6727, #6674, #1463, #7616 ) ) ;
#4662 = CARTESIAN_POINT ( 'NONE',  ( -1.950000000000000844, 0.8000000000000000444, -1.950000000000000400 ) ) ;
#4663 = ORIENTED_EDGE ( 'NONE', *, *, #7539, .T. ) ;
#4664 = VERTEX_POINT ( 'NONE', #4172 ) ;
#4665 = DIRECTION ( 'NONE',  ( 0.000000000000000000, 1.000000000000000000, 0.000000000000000000 ) ) ;
#4666 = ORIENTED_EDGE ( 'NONE', *, *, #10484, .F. ) ;
#4667 = VECTOR ( 'NONE', #6138, 1000.000000000000000 ) ;
#4668 = EDGE_CURVE ( 'NONE', #2694, #1267, #5220, .T. ) ;
#4669 = LINE ( 'NONE', #8007, #10247 ) ;
#4670 = CARTESIAN_POINT ( 'NONE',  ( -1.625000000000000444, 0.000000000000000000, 2.225000000000000533 ) ) ;
#4671 = CARTESIAN_POINT ( 'NONE',  ( 0.8749999999999996669, 0.000000000000000000, 2.225000000000000533 ) ) ;
#4672 = ORIENTED_EDGE ( 'NONE', *, *, #913, .F. ) ;
#4673 = CARTESIAN_POINT ( 'NONE',  ( -1.250000000000000222, 0.2000000000000000111, 2.100000000000000089 ) ) ;
#4674 = EDGE_CURVE ( 'NONE', #2968, #6446, #6654, .T. ) ;
#4675 = VECTOR ( 'NONE', #2060, 1000.000000000000000 ) ;
#4676 = DIRECTION ( 'NONE',  ( 0.000000000000000000, 0.000000000000000000, 1.000000000000000000 ) ) ;
#4677 = ORIENTED_EDGE ( 'NONE', *, *, #5294, .F. ) ;
#4678 = DIRECTION ( 'NONE',  ( 0.000000000000000000, -1.000000000000000000, 0.000000000000000000 ) ) ;
#4679 = VERTEX_POINT ( 'NONE', #11061 ) ;
#4680 = VERTEX_POINT ( 'NONE', #9257 ) ;
#4681 = CARTESIAN_POINT ( 'NONE',  ( -2.225000000000000977, 0.05000000000000002359, 1.375000000000000666 ) ) ;
#4682 = EDGE_CURVE ( 'NONE', #10279, #10761, #9357, .T. ) ;
#4683 = CARTESIAN_POINT ( 'NONE',  ( -1.249999999999999778, 0.2000000000000000111, -2.225000000000000533 ) ) ;
#4684 = ORIENTED_EDGE ( 'NONE', *, *, #8429, .F. ) ;
#4685 = VECTOR ( 'NONE', #10847, 1000.000000000000000 ) ;
#4686 = VERTEX_POINT ( 'NONE', #4402 ) ;
#4687 = VECTOR ( 'NONE', #7892, 1000.000000000000000 ) ;
#4688 = DIRECTION ( 'NONE',  ( 0.000000000000000000, 0.000000000000000000, -1.000000000000000000 ) ) ;
#4689 = CARTESIAN_POINT ( 'NONE',  ( 0.2499999999999997780, 0.6716990566028303578, 2.225000000000000533 ) ) ;
#4690 = ORIENTED_EDGE ( 'NONE', *, *, #4888, .T. ) ;
#4691 = DIRECTION ( 'NONE',  ( 0.000000000000000000, -0.000000000000000000, -1.000000000000000000 ) ) ;
#4692 = DIRECTION ( 'NONE',  ( 0.000000000000000000, -1.000000000000000000, 0.000000000000000000 ) ) ;
#4693 = CIRCLE ( 'NONE', #5783, 0.1250000000000001110 ) ;
#4694 = VECTOR ( 'NONE', #2977, 1000.000000000000000 ) ;
#4695 = CYLINDRICAL_SURFACE ( 'NONE', #260, 0.1250000000000001110 ) ;
#4696 = EDGE_LOOP ( 'NONE', ( #6352, #4570, #6805, #10892 ) ) ;
#4697 = FACE_OUTER_BOUND ( 'NONE', #9817, .T. ) ;
#4698 = EDGE_CURVE ( 'NONE', #4433, #842, #2581, .T. ) ;
#4699 = DIRECTION ( 'NONE',  ( 1.000000000000000000, -0.000000000000000000, -0.000000000000000000 ) ) ;
#4700 = AXIS2_PLACEMENT_3D ( 'NONE', #6189, #9462, #5347 ) ;
#4701 = CARTESIAN_POINT ( 'NONE',  ( -1.950000000000000844, 0.8000000000000000444, -2.200000000000001066 ) ) ;
#4702 = ORIENTED_EDGE ( 'NONE', *, *, #4961, .F. ) ;
#4703 = ORIENTED_EDGE ( 'NONE', *, *, #6321, .T. ) ;
#4704 = CARTESIAN_POINT ( 'NONE',  ( 1.125000000000000222, 0.2000000000000000111, 2.500000000000000444 ) ) ;
#4705 = DIRECTION ( 'NONE',  ( 0.000000000000000000, 1.000000000000000000, 0.000000000000000000 ) ) ;
#4706 = EDGE_CURVE ( 'NONE', #7115, #1966, #8688, .T. ) ;
#4707 = EDGE_CURVE ( 'NONE', #4587, #2952, #7738, .T. ) ;
#4708 = VECTOR ( 'NONE', #8299, 1000.000000000000000 ) ;
#4709 = CARTESIAN_POINT ( 'NONE',  ( 2.225000000000000977, 0.1999999999999999833, 1.875000000000000666 ) ) ;
#4710 = ORIENTED_EDGE ( 'NONE', *, *, #730, .T. ) ;
#4711 = DIRECTION ( 'NONE',  ( 0.000000000000000000, 0.000000000000000000, 1.000000000000000000 ) ) ;
#4712 = VECTOR ( 'NONE', #10924, 1000.000000000000000 ) ;
#4713 = CARTESIAN_POINT ( 'NONE',  ( -0.6250000000000001110, 0.2000000000000000111, 2.500000000000000444 ) ) ;
#4714 = DIRECTION ( 'NONE',  ( 0.000000000000000000, -0.000000000000000000, 1.000000000000000000 ) ) ;
#4715 = VECTOR ( 'NONE', #3315, 1000.000000000000000 ) ;
#4716 = DIRECTION ( 'NONE',  ( 1.000000000000000000, 0.000000000000000000, -3.154042683594199163E-15 ) ) ;
#4717 = ORIENTED_EDGE ( 'NONE', *, *, #488, .F. ) ;
#4718 = LINE ( 'NONE', #6252, #8527 ) ;
#4719 = ORIENTED_EDGE ( 'NONE', *, *, #1736, .F. ) ;
#4720 = FACE_OUTER_BOUND ( 'NONE', #9518, .T. ) ;
#4721 = DIRECTION ( 'NONE',  ( 1.000000000000000000, 0.000000000000000000, 0.000000000000000000 ) ) ;
#4722 = AXIS2_PLACEMENT_3D ( 'NONE', #7556, #789, #621 ) ;
#4723 = ORIENTED_EDGE ( 'NONE', *, *, #8217, .F. ) ;
#4724 = CYLINDRICAL_SURFACE ( 'NONE', #2687, 0.1250000000000001110 ) ;
#4725 = EDGE_LOOP ( 'NONE', ( #2693, #6490, #4690, #3472 ) ) ;
#4726 = EDGE_CURVE ( 'NONE', #521, #4909, #10315, .T. ) ;
#4727 = VECTOR ( 'NONE', #7072, 1000.000000000000000 ) ;
#4728 =( LENGTH_UNIT ( ) NAMED_UNIT ( * ) SI_UNIT ( .MILLI., .METRE. ) );
#4729 = EDGE_CURVE ( 'NONE', #2036, #10710, #1742, .T. ) ;
#4730 = LINE ( 'NONE', #10757, #3407 ) ;
#4731 = PRESENTATION_STYLE_ASSIGNMENT (( #10875 ) ) ;
#4732 = LINE ( 'NONE', #2077, #5791 ) ;
#4733 = CARTESIAN_POINT ( 'NONE',  ( -3.537500000000000089, 0.2000000000000000111, 0.4375000000000038858 ) ) ;
#4734 = ORIENTED_EDGE ( 'NONE', *, *, #10008, .F. ) ;
#4735 = VECTOR ( 'NONE', #855, 1000.000000000000000 ) ;
#4736 = AXIS2_PLACEMENT_3D ( 'NONE', #745, #2531, #6826 ) ;
#4737 = LINE ( 'NONE', #1451, #9773 ) ;
#4738 = VECTOR ( 'NONE', #3220, 1000.000000000000000 ) ;
#4739 = EDGE_CURVE ( 'NONE', #6768, #11131, #4234, .T. ) ;
#4740 = DIRECTION ( 'NONE',  ( 0.000000000000000000, 0.000000000000000000, 1.000000000000000000 ) ) ;
#4741 = EDGE_LOOP ( 'NONE', ( #6655, #7799, #2116, #10937 ) ) ;
#4742 = EDGE_CURVE ( 'NONE', #2024, #1250, #8580, .T. ) ;
#4743 = CARTESIAN_POINT ( 'NONE',  ( 2.500000000000000888, 0.1999999999999999833, -0.1249999999999992506 ) ) ;
#4744 = ORIENTED_EDGE ( 'NONE', *, *, #2110, .F. ) ;
#4745 = ORIENTED_EDGE ( 'NONE', *, *, #10862, .F. ) ;
#4746 = DIRECTION ( 'NONE',  ( 1.000000000000000000, -0.000000000000000000, 7.885106708985485090E-16 ) ) ;
#4747 = ORIENTED_EDGE ( 'NONE', *, *, #5416, .T. ) ;
#4748 = EDGE_CURVE ( 'NONE', #9324, #853, #9579, .T. ) ;
#4749 = CARTESIAN_POINT ( 'NONE',  ( -1.875000000000000000, 0.2000000000000000111, 2.500000000000000444 ) ) ;
#4750 = VECTOR ( 'NONE', #4648, 1000.000000000000000 ) ;
#4751 = ORIENTED_EDGE ( 'NONE', *, *, #8054, .F. ) ;
#4752 = VERTEX_POINT ( 'NONE', #847 ) ;
#4753 = VECTOR ( 'NONE', #3554, 1000.000000000000000 ) ;
#4754 = DIRECTION ( 'NONE',  ( 0.000000000000000000, -1.000000000000000000, 0.000000000000000000 ) ) ;
#4755 = CARTESIAN_POINT ( 'NONE',  ( 2.500000000000000444, 0.000000000000000000, -0.8749999999999990008 ) ) ;
#4756 = VECTOR ( 'NONE', #19, 1000.000000000000000 ) ;
#4757 = ORIENTED_EDGE ( 'NONE', *, *, #6232, .T. ) ;
#4758 = LINE ( 'NONE', #9157, #4801 ) ;
#4759 = DIRECTION ( 'NONE',  ( 0.000000000000000000, 0.000000000000000000, 1.000000000000000000 ) ) ;
#4760 = AXIS2_PLACEMENT_3D ( 'NONE', #924, #9385, #6740 ) ;
#4761 = CARTESIAN_POINT ( 'NONE',  ( 0.3749999999999998890, 0.6716990566028303578, -2.225000000000000533 ) ) ;
#4762 = ORIENTED_EDGE ( 'NONE', *, *, #8917, .F. ) ;
#4763 = DIRECTION ( 'NONE',  ( 0.000000000000000000, 1.000000000000000000, -0.000000000000000000 ) ) ;
#4764 = DIRECTION ( 'NONE',  ( 1.000000000000000000, 0.000000000000000000, 6.472848790958234544E-17 ) ) ;
#4765 = FACE_OUTER_BOUND ( 'NONE', #9835, .T. ) ;
#4766 = ORIENTED_EDGE ( 'NONE', *, *, #9507, .T. ) ;
#4767 = EDGE_CURVE ( 'NONE', #3553, #2503, #7847, .T. ) ;
#4768 = EDGE_LOOP ( 'NONE', ( #6442, #8435, #10252, #6469 ) ) ;
#4769 = CARTESIAN_POINT ( 'NONE',  ( -1.749999999999999778, 0.2000000000000000111, -2.225000000000000533 ) ) ;
#4770 = FACE_OUTER_BOUND ( 'NONE', #10195, .T. ) ;
#4771 = VECTOR ( 'NONE', #4028, 1000.000000000000000 ) ;
#4772 = DIRECTION ( 'NONE',  ( 1.000000000000000000, 0.000000000000000000, -0.000000000000000000 ) ) ;
#4773 = EDGE_CURVE ( 'NONE', #6001, #1966, #3375, .T. ) ;
#4774 = CIRCLE ( 'NONE', #2424, 0.1250000000000001110 ) ;
#4775 = CARTESIAN_POINT ( 'NONE',  ( -0.8749999999999998890, 0.000000000000000000, 2.500000000000000444 ) ) ;
#4776 = LINE ( 'NONE', #7487, #6485 ) ;
#4777 = EDGE_CURVE ( 'NONE', #8575, #10384, #1852, .T. ) ;
#4778 = DIRECTION ( 'NONE',  ( 0.000000000000000000, -1.000000000000000000, 0.000000000000000000 ) ) ;
#4779 = ORIENTED_EDGE ( 'NONE', *, *, #2720, .T. ) ;
#4780 = EDGE_CURVE ( 'NONE', #2373, #9216, #9528, .T. ) ;
#4781 = CARTESIAN_POINT ( 'NONE',  ( -1.950000000000000844, 0.7500000000000000000, -1.950000000000000400 ) ) ;
#4782 = VERTEX_POINT ( 'NONE', #7793 ) ;
#4783 = DIRECTION ( 'NONE',  ( 1.000000000000000000, -0.000000000000000000, 0.000000000000000000 ) ) ;
#4784 = CLOSED_SHELL ( 'NONE', ( #10888, #4203, #9629, #2615, #2222, #4327, #3624, #6341, #3119, #6042, #49, #6539, #5247, #9612, #7656, #3659, #10413, #9598, #7875, #8908, #4522, #6040, #3408, #7169, #2845, #3189, #3065, #10687, #4541, #6402, #2331, #2255, #8947, #10092, #7722, #5872, #673, #6630, #4793, #2145, #988, #4349, #3470, #834, #10047, #4602, #2423, #3689, #2293, #10650, #229, #3351, #4437, #2197, #4253, #8303, #5496, #2590, #11120, #3908, #7391, #7150, #1741, #5351, #1, #7245, #89, #5329, #10590, #7887, #6371, #11052, #7427, #5572, #2109, #2257, #3622, #3725, #10378, #3001, #6795, #6949, #6573, #5958, #820, #3711, #368, #4020, #1844, #978, #10449, #2452, #3048, #3699, #1833, #4923, #8577, #10846, #9616, #9368, #8438, #8769, #248, #4124, #4946, #9173, #534, #9839, #4815, #8408, #7103, #1906, #2865, #804, #6640, #2851, #10863, #1893, #5611, #2031, #6105, #8744, #10359, #445, #8553, #5435, #2941, #10176, #8231, #7915, #2317, #1870, #9266, #5702, #3811, #251, #1768, #2890, #9262, #1699, #8715, #6356, #7221, #7745, #4997, #9076, #8259, #2819, #2958, #3288, #8119, #5162, #580, #10027 ) ) ;
#4785 = DIRECTION ( 'NONE',  ( 0.000000000000000000, 0.000000000000000000, 1.000000000000000000 ) ) ;
#4786 = VECTOR ( 'NONE', #5811, 1000.000000000000000 ) ;
#4787 = ORIENTED_EDGE ( 'NONE', *, *, #2085, .T. ) ;
#4788 = DIRECTION ( 'NONE',  ( 0.000000000000000000, 0.000000000000000000, 1.000000000000000000 ) ) ;
#4789 = ORIENTED_EDGE ( 'NONE', *, *, #1599, .T. ) ;
#4790 = CARTESIAN_POINT ( 'NONE',  ( 0.8750000000000001110, 0.2000000000000005107, 2.499999999999999556 ) ) ;
#4791 = DIRECTION ( 'NONE',  ( 0.000000000000000000, 0.000000000000000000, -1.000000000000000000 ) ) ;
#4793 = ADVANCED_FACE ( 'NONE', ( #10476 ), #6877, .F. ) ;
#4792 = COLOUR_RGB ( '',0.7921568627450980005, 0.8196078431372548767, 0.9333333333333333481 ) ;
#4794 = CARTESIAN_POINT ( 'NONE',  ( -2.500000000000000888, 0.1999999999999999833, 1.875000000000000888 ) ) ;
#4795 = DIRECTION ( 'NONE',  ( 0.000000000000000000, -0.000000000000000000, 1.000000000000000000 ) ) ;
#4796 = EDGE_LOOP ( 'NONE', ( #10488, #5616, #1163, #9778 ) ) ;
#4797 = EDGE_CURVE ( 'NONE', #10752, #3099, #114, .T. ) ;
#4798 = PRESENTATION_STYLE_ASSIGNMENT (( #9916 ) ) ;
#4799 = DIRECTION ( 'NONE',  ( -0.000000000000000000, -0.000000000000000000, 1.000000000000000000 ) ) ;
#4800 = ORIENTED_EDGE ( 'NONE', *, *, #6259, .T. ) ;
#4801 = VECTOR ( 'NONE', #4013, 1000.000000000000000 ) ;
#4802 = DIRECTION ( 'NONE',  ( 0.000000000000000000, 0.000000000000000000, -1.000000000000000000 ) ) ;
#4803 = EDGE_LOOP ( 'NONE', ( #3912, #2775, #8372, #218 ) ) ;
#4804 = FILL_AREA_STYLE_COLOUR ( '', #4069 ) ;
#4805 = CARTESIAN_POINT ( 'NONE',  ( 2.500000000000000000, 0.05000000000000000278, -2.500000000000000444 ) ) ;
#4806 = ORIENTED_EDGE ( 'NONE', *, *, #5737, .F. ) ;
#4807 = ORIENTED_EDGE ( 'NONE', *, *, #3227, .T. ) ;
#4808 = CARTESIAN_POINT ( 'NONE',  ( -1.750000000000000222, 0.000000000000000000, 2.225000000000000533 ) ) ;
#4809 = PLANE ( 'NONE',  #9738 ) ;
#4810 = PLANE ( 'NONE',  #2922 ) ;
#4811 = ADVANCED_FACE ( 'NONE', ( #2523 ), #6986, .T. ) ;
#4812 = CARTESIAN_POINT ( 'NONE',  ( -0.1250000000000003331, 0.2000000000000000111, 2.225000000000000533 ) ) ;
#4813 = VECTOR ( 'NONE', #2910, 1000.000000000000000 ) ;
#4814 = VERTEX_POINT ( 'NONE', #164 ) ;
#4815 = ADVANCED_FACE ( 'NONE', ( #5979 ), #7895, .T. ) ;
#4816 = DIRECTION ( 'NONE',  ( 0.000000000000000000, 0.000000000000000000, 1.000000000000000000 ) ) ;
#4817 = EDGE_CURVE ( 'NONE', #5100, #2847, #1687, .T. ) ;
#4818 = CARTESIAN_POINT ( 'NONE',  ( 2.500000000000000888, 0.04999999999999969746, 0.8750000000000007772 ) ) ;
#4819 = ORIENTED_EDGE ( 'NONE', *, *, #552, .T. ) ;
#4820 = SURFACE_SIDE_STYLE ('',( #9373 ) ) ;
#4821 = DIRECTION ( 'NONE',  ( 0.000000000000000000, 0.000000000000000000, -1.000000000000000000 ) ) ;
#4822 = DIRECTION ( 'NONE',  ( -1.000000000000000000, 0.000000000000000000, -7.885106708985485090E-16 ) ) ;
#4823 = ORIENTED_EDGE ( 'NONE', *, *, #3737, .F. ) ;
#4824 = ORIENTED_EDGE ( 'NONE', *, *, #11028, .T. ) ;
#4825 = LINE ( 'NONE', #598, #247 ) ;
#4826 = DIRECTION ( 'NONE',  ( 0.000000000000000000, -1.000000000000000000, 0.000000000000000000 ) ) ;
#4827 = VECTOR ( 'NONE', #3323, 1000.000000000000000 ) ;
#4828 = EDGE_CURVE ( 'NONE', #7523, #4451, #4287, .T. ) ;
#4829 = DIRECTION ( 'NONE',  ( -0.000000000000000000, 0.000000000000000000, -1.000000000000000000 ) ) ;
#4830 = SURFACE_SIDE_STYLE ('',( #4090 ) ) ;
#4831 = CARTESIAN_POINT ( 'NONE',  ( 0.3749999999999998890, 0.6716990566028303578, 2.500000000000000444 ) ) ;
#4832 = PLANE ( 'NONE',  #7444 ) ;
#4833 = CARTESIAN_POINT ( 'NONE',  ( -0.8749999999999996669, 0.04999999999999999584, -2.225000000000000533 ) ) ;
#4834 = VERTEX_POINT ( 'NONE', #4505 ) ;
#4835 = CARTESIAN_POINT ( 'NONE',  ( -0.8749999999999996669, 0.2000000000000000111, -2.225000000000000533 ) ) ;
#4836 = VECTOR ( 'NONE', #1426, 1000.000000000000000 ) ;
#4837 = FACE_OUTER_BOUND ( 'NONE', #9433, .T. ) ;
#4838 = VECTOR ( 'NONE', #10344, 1000.000000000000000 ) ;
#4839 = EDGE_LOOP ( 'NONE', ( #9906, #522, #7952, #2079 ) ) ;
#4840 = ORIENTED_EDGE ( 'NONE', *, *, #401, .F. ) ;
#4841 = FACE_OUTER_BOUND ( 'NONE', #1360, .T. ) ;
#4842 = EDGE_CURVE ( 'NONE', #8336, #9736, #5470, .T. ) ;
#4843 = DIRECTION ( 'NONE',  ( 0.000000000000000000, 0.000000000000000000, -1.000000000000000000 ) ) ;
#4844 = AXIS2_PLACEMENT_3D ( 'NONE', #8875, #6331, #10438 ) ;
#4845 = FILL_AREA_STYLE ('',( #9134 ) ) ;
#4846 = CARTESIAN_POINT ( 'NONE',  ( 1.249999999999999778, 0.2000000000000000111, 2.225000000000000533 ) ) ;
#4847 = CARTESIAN_POINT ( 'NONE',  ( -2.225000000000000977, 0.000000000000000000, -1.124999999999999556 ) ) ;
#4848 = VERTEX_POINT ( 'NONE', #8061 ) ;
#4849 = PLANE ( 'NONE',  #3473 ) ;
#4850 = CARTESIAN_POINT ( 'NONE',  ( -1.875000000000000000, 0.04999999999999999584, -2.500000000000000444 ) ) ;
#4851 = VERTEX_POINT ( 'NONE', #2852 ) ;
#4852 = EDGE_CURVE ( 'NONE', #1283, #2049, #6478, .T. ) ;
#4853 = VECTOR ( 'NONE', #7194, 1000.000000000000000 ) ;
#4854 = FACE_OUTER_BOUND ( 'NONE', #818, .T. ) ;
#4855 = ORIENTED_EDGE ( 'NONE', *, *, #2224, .T. ) ;
#4856 = VERTEX_POINT ( 'NONE', #8963 ) ;
#4857 = PLANE ( 'NONE',  #2821 ) ;
#4858 = CARTESIAN_POINT ( 'NONE',  ( -1.750000000000000222, 0.1999999999999999833, 2.100000000000000089 ) ) ;
#4859 = ORIENTED_EDGE ( 'NONE', *, *, #6821, .T. ) ;
#4860 = ORIENTED_EDGE ( 'NONE', *, *, #1523, .F. ) ;
#4861 = DIRECTION ( 'NONE',  ( 1.000000000000000000, 0.000000000000000000, 3.154042683594199163E-15 ) ) ;
#4862 = DIRECTION ( 'NONE',  ( -0.000000000000000000, -0.000000000000000000, 1.000000000000000000 ) ) ;
#4863 = VECTOR ( 'NONE', #7688, 1000.000000000000000 ) ;
#4864 = DIRECTION ( 'NONE',  ( 0.000000000000000000, 0.000000000000000000, -1.000000000000000000 ) ) ;
#4865 = FACE_OUTER_BOUND ( 'NONE', #9093, .T. ) ;
#4866 = VERTEX_POINT ( 'NONE', #4560 ) ;
#4867 = DIRECTION ( 'NONE',  ( 0.000000000000000000, -0.000000000000000000, 1.000000000000000000 ) ) ;
#4868 = CARTESIAN_POINT ( 'NONE',  ( 2.500000000000000888, 0.6716990566028304688, -0.6249999999999992228 ) ) ;
#4869 = CARTESIAN_POINT ( 'NONE',  ( 2.500000000000000000, 0.05000000000000000278, -2.500000000000000444 ) ) ;
#4870 = EDGE_LOOP ( 'NONE', ( #5557, #9742, #1449, #4819 ) ) ;
#4871 = ORIENTED_EDGE ( 'NONE', *, *, #3878, .T. ) ;
#4872 = VECTOR ( 'NONE', #8362, 1000.000000000000000 ) ;
#4873 = VECTOR ( 'NONE', #6807, 1000.000000000000000 ) ;
#4874 = EDGE_CURVE ( 'NONE', #10048, #5932, #9909, .T. ) ;
#4875 = EDGE_CURVE ( 'NONE', #4679, #4306, #8098, .T. ) ;
#4876 = EDGE_CURVE ( 'NONE', #3785, #11056, #457, .T. ) ;
#4877 = CARTESIAN_POINT ( 'NONE',  ( 2.225000000000000977, 0.000000000000000000, -0.7499999999999993339 ) ) ;
#4878 =( GEOMETRIC_REPRESENTATION_CONTEXT ( 3 ) GLOBAL_UNCERTAINTY_ASSIGNED_CONTEXT ( ( #9243 ) ) GLOBAL_UNIT_ASSIGNED_CONTEXT ( ( #617, #4967, #5750 ) ) REPRESENTATION_CONTEXT ( 'NONE', 'WORKASPACE' ) );
#4879 = DIRECTION ( 'NONE',  ( 0.000000000000000000, -0.000000000000000000, 1.000000000000000000 ) ) ;
#4880 = ORIENTED_EDGE ( 'NONE', *, *, #8689, .T. ) ;
#4881 = ORIENTED_EDGE ( 'NONE', *, *, #7331, .T. ) ;
#4882 = CIRCLE ( 'NONE', #9014, 0.1250000000000001110 ) ;
#4883 = CARTESIAN_POINT ( 'NONE',  ( 2.500000000000000888, 0.1999999999999999833, -0.6249999999999992228 ) ) ;
#4884 = DIRECTION ( 'NONE',  ( 0.000000000000000000, -0.000000000000000000, -1.000000000000000000 ) ) ;
#4885 = ORIENTED_EDGE ( 'NONE', *, *, #4278, .F. ) ;
#4886 = VECTOR ( 'NONE', #6463, 1000.000000000000000 ) ;
#4887 = AXIS2_PLACEMENT_3D ( 'NONE', #1446, #1614, #618 ) ;
#4888 = EDGE_CURVE ( 'NONE', #6569, #7988, #3653, .T. ) ;
#4889 = DIRECTION ( 'NONE',  ( 1.000000000000000000, -0.000000000000000000, 1.913297951445007868E-16 ) ) ;
#4890 =( LENGTH_UNIT ( ) NAMED_UNIT ( * ) SI_UNIT ( .MILLI., .METRE. ) );
#4891 = LINE ( 'NONE', #10803, #9035 ) ;
#4892 = DIRECTION ( 'NONE',  ( 0.000000000000000000, 1.000000000000000000, 0.000000000000000000 ) ) ;
#4893 = DIRECTION ( 'NONE',  ( -0.000000000000000000, -1.000000000000000000, -0.000000000000000000 ) ) ;
#4894 = CARTESIAN_POINT ( 'NONE',  ( -2.225000000000000977, 0.6716990566028304688, 0.6250000000000005551 ) ) ;
#4895 = CIRCLE ( 'NONE', #9223, 0.1250000000000002220 ) ;
#4896 = EDGE_CURVE ( 'NONE', #7037, #1689, #10701, .T. ) ;
#4897 = VECTOR ( 'NONE', #4221, 1000.000000000000000 ) ;
#4898 = CARTESIAN_POINT ( 'NONE',  ( 1.749999999999999778, 0.2000000000000000111, 2.225000000000000533 ) ) ;
#4899 = ORIENTED_EDGE ( 'NONE', *, *, #3366, .T. ) ;
#4900 = CARTESIAN_POINT ( 'NONE',  ( 2.225000000000000977, 0.6716990566028304688, 1.875000000000000666 ) ) ;
#4901 = DIRECTION ( 'NONE',  ( 0.000000000000000000, -0.000000000000000000, 1.000000000000000000 ) ) ;
#4902 = CIRCLE ( 'NONE', #45, 0.2500000000000008882 ) ;
#4903 = CARTESIAN_POINT ( 'NONE',  ( 1.375000000000000000, 0.1999999999999999833, 2.225000000000000533 ) ) ;
#4904 = DIRECTION ( 'NONE',  ( 0.000000000000000000, 1.000000000000000000, -0.000000000000000000 ) ) ;
#4905 = LINE ( 'NONE', #7552, #5263 ) ;
#4906 = ORIENTED_EDGE ( 'NONE', *, *, #8991, .T. ) ;
#4907 = FACE_OUTER_BOUND ( 'NONE', #10498, .T. ) ;
#4908 = AXIS2_PLACEMENT_3D ( 'NONE', #3754, #9678, #7996 ) ;
#4909 = VERTEX_POINT ( 'NONE', #278 ) ;
#4910 = CARTESIAN_POINT ( 'NONE',  ( -2.225000000000000977, 0.6716990566028304688, -0.6249999999999994449 ) ) ;
#4911 = EDGE_LOOP ( 'NONE', ( #9092, #7671, #8302, #8699 ) ) ;
#4912 = VERTEX_POINT ( 'NONE', #1220 ) ;
#4913 = DIRECTION ( 'NONE',  ( 0.000000000000000000, 0.000000000000000000, -1.000000000000000000 ) ) ;
#4914 = VERTEX_POINT ( 'NONE', #6257 ) ;
#4915 = DIRECTION ( 'NONE',  ( -1.000000000000000000, 0.000000000000000000, -0.000000000000000000 ) ) ;
#4916 = ORIENTED_EDGE ( 'NONE', *, *, #8044, .F. ) ;
#4917 = AXIS2_PLACEMENT_3D ( 'NONE', #10764, #5650, #3032 ) ;
#4918 = CYLINDRICAL_SURFACE ( 'NONE', #5952, 0.1250000000000001110 ) ;
#4919 =( GEOMETRIC_REPRESENTATION_CONTEXT ( 3 ) GLOBAL_UNCERTAINTY_ASSIGNED_CONTEXT ( ( #684 ) ) GLOBAL_UNIT_ASSIGNED_CONTEXT ( ( #3599, #8125, #9743 ) ) REPRESENTATION_CONTEXT ( 'NONE', 'WORKASPACE' ) );
#4920 = AXIS2_PLACEMENT_3D ( 'NONE', #156, #3584, #746 ) ;
#4921 = FACE_OUTER_BOUND ( 'NONE', #5763, .T. ) ;
#4922 = EDGE_CURVE ( 'NONE', #9067, #9445, #4669, .T. ) ;
#4923 = ADVANCED_FACE ( 'NONE', ( #8853 ), #2974, .F. ) ;
#4924 = DIRECTION ( 'NONE',  ( 1.000000000000000000, 0.000000000000000000, 3.154042683594199163E-15 ) ) ;
#4925 = CARTESIAN_POINT ( 'NONE',  ( 2.225000000000000977, 0.1999999999999999833, -1.374999999999999556 ) ) ;
#4926 = ORIENTED_EDGE ( 'NONE', *, *, #8980, .F. ) ;
#4927 = ADVANCED_FACE ( 'NONE', ( #6372 ), #10585, .T. ) ;
#4928 = FACE_OUTER_BOUND ( 'NONE', #1703, .T. ) ;
#4929 = CARTESIAN_POINT ( 'NONE',  ( 2.500000000000000000, 0.05000000000000000278, -2.500000000000000444 ) ) ;
#4930 = STYLED_ITEM ( 'NONE', ( #1565 ), #6065 ) ;
#4931 = EDGE_LOOP ( 'NONE', ( #293, #1231, #7935, #3162 ) ) ;
#4932 = VERTEX_POINT ( 'NONE', #1112 ) ;
#4933 = VECTOR ( 'NONE', #3192, 1000.000000000000000 ) ;
#4934 = DIRECTION ( 'NONE',  ( 1.000000000000000000, -0.000000000000000000, 3.154042683594199163E-15 ) ) ;
#4935 = DIRECTION ( 'NONE',  ( 0.000000000000000000, 0.000000000000000000, 1.000000000000000000 ) ) ;
#4936 = VECTOR ( 'NONE', #8538, 1000.000000000000000 ) ;
#4937 = ORIENTED_EDGE ( 'NONE', *, *, #5739, .T. ) ;
#4938 = ORIENTED_EDGE ( 'NONE', *, *, #4047, .F. ) ;
#4939 = DIRECTION ( 'NONE',  ( 0.000000000000000000, 1.000000000000000000, 0.000000000000000000 ) ) ;
#4940 = PRODUCT_DEFINITION_SHAPE ( 'NONE', 'NONE',  #3073 ) ;
#4941 = STYLED_ITEM ( 'NONE', ( #5928 ), #302 ) ;
#4942 = AXIS2_PLACEMENT_3D ( 'NONE', #1074, #9819, #8874 ) ;
#4943 = LINE ( 'NONE', #6453, #4836 ) ;
#4944 = ORIENTED_EDGE ( 'NONE', *, *, #10783, .F. ) ;
#4945 = ORIENTED_EDGE ( 'NONE', *, *, #10589, .T. ) ;
#4946 = ADVANCED_FACE ( 'NONE', ( #3710 ), #6308, .T. ) ;
#4947 = CARTESIAN_POINT ( 'NONE',  ( -1.625000000000000222, 0.2000000000000000111, 2.500000000000000444 ) ) ;
#4948 = DIRECTION ( 'NONE',  ( 0.000000000000000000, 1.000000000000000000, -0.000000000000000000 ) ) ;
#4949 = ADVANCED_FACE ( 'NONE', ( #7212 ), #10643, .F. ) ;
#4950 = VECTOR ( 'NONE', #4040, 1000.000000000000000 ) ;
#4951 = CYLINDRICAL_SURFACE ( 'NONE', #2334, 0.1250000000000001110 ) ;
#4952 = SURFACE_SIDE_STYLE ('',( #1839 ) ) ;
#4953 = CARTESIAN_POINT ( 'NONE',  ( 2.225000000000000977, 0.6716990566028304688, 0.8750000000000005551 ) ) ;
#4954 = VECTOR ( 'NONE', #9171, 1000.000000000000000 ) ;
#4955 = ADVANCED_FACE ( 'NONE', ( #3821 ), #2075, .T. ) ;
#4956 = VERTEX_POINT ( 'NONE', #1277 ) ;
#4957 = DIRECTION ( 'NONE',  ( -3.154042683594199163E-15, 0.000000000000000000, 1.000000000000000000 ) ) ;
#4958 = DIRECTION ( 'NONE',  ( -1.000000000000000000, 0.000000000000000000, -3.154042683594198769E-15 ) ) ;
#4959 = EDGE_CURVE ( 'NONE', #11076, #5608, #4730, .T. ) ;
#4960 = CARTESIAN_POINT ( 'NONE',  ( -0.8749999999999998890, 0.04999999999999999584, 2.225000000000000533 ) ) ;
#4961 = EDGE_CURVE ( 'NONE', #3384, #4679, #8233, .T. ) ;
#4962 = ORIENTED_EDGE ( 'NONE', *, *, #4479, .T. ) ;
#4963 = CARTESIAN_POINT ( 'NONE',  ( 1.375000000000000000, 0.2000000000000000111, -2.225000000000000533 ) ) ;
#4964 = VECTOR ( 'NONE', #187, 1000.000000000000000 ) ;
#4965 = CARTESIAN_POINT ( 'NONE',  ( 1.875000000000000000, 0.2000000000000000111, -2.225000000000000533 ) ) ;
#4966 = UNCERTAINTY_MEASURE_WITH_UNIT (LENGTH_MEASURE( 1.000000000000000082E-05 ), #3147, 'distance_accuracy_value', 'NONE');
#4967 =( NAMED_UNIT ( * ) PLANE_ANGLE_UNIT ( ) SI_UNIT ( $, .RADIAN. ) );
#4968 = DIRECTION ( 'NONE',  ( -1.000000000000000000, 0.000000000000000000, 7.885106708985485090E-16 ) ) ;
#4969 = CARTESIAN_POINT ( 'NONE',  ( 0.6250000000000001110, 0.2000000000000000111, -2.500000000000000444 ) ) ;
#4970 = ORIENTED_EDGE ( 'NONE', *, *, #8651, .T. ) ;
#4971 = CARTESIAN_POINT ( 'NONE',  ( 2.500000000000000444, 0.000000000000000000, 0.1250000000000009714 ) ) ;
#4972 = EDGE_LOOP ( 'NONE', ( #7397, #5809, #6407, #8479 ) ) ;
#4973 = CARTESIAN_POINT ( 'NONE',  ( 2.500000000000000888, 0.1999999999999999833, 1.375000000000000888 ) ) ;
#4974 = EDGE_LOOP ( 'NONE', ( #8761, #8942, #5716, #8167 ) ) ;
#4975 = VERTEX_POINT ( 'NONE', #4156 ) ;
#4976 = DIRECTION ( 'NONE',  ( 0.000000000000000000, 0.000000000000000000, -1.000000000000000000 ) ) ;
#4977 = CLOSED_SHELL ( 'NONE', ( #7117, #1289, #1407, #5039, #4927, #9472, #7301 ) ) ;
#4978 = EDGE_LOOP ( 'NONE', ( #2576, #6765, #9009, #7893 ) ) ;
#4979 = CARTESIAN_POINT ( 'NONE',  ( 1.625000000000000222, 0.1999999999999999833, 2.225000000000000533 ) ) ;
#4980 = UNCERTAINTY_MEASURE_WITH_UNIT (LENGTH_MEASURE( 1.000000000000000082E-05 ), #3658, 'distance_accuracy_value', 'NONE');
#4981 = EDGE_CURVE ( 'NONE', #3141, #3978, #721, .T. ) ;
#4982 = ORIENTED_EDGE ( 'NONE', *, *, #709, .T. ) ;
#4983 = ORIENTED_EDGE ( 'NONE', *, *, #9397, .T. ) ;
#4984 = DIRECTION ( 'NONE',  ( 0.000000000000000000, 0.000000000000000000, -1.000000000000000000 ) ) ;
#4985 = DIRECTION ( 'NONE',  ( -1.000000000000000000, 0.000000000000000000, 0.000000000000000000 ) ) ;
#4986 = PLANE ( 'NONE',  #9443 ) ;
#4987 = FACE_OUTER_BOUND ( 'NONE', #4839, .T. ) ;
#4988 = ORIENTED_EDGE ( 'NONE', *, *, #1281, .F. ) ;
#4989 = STYLED_ITEM ( 'NONE', ( #5878 ), #279 ) ;
#4990 = CARTESIAN_POINT ( 'NONE',  ( -0.1250000000000001110, 0.6716990566028303578, -2.225000000000000533 ) ) ;
#4991 = LINE ( 'NONE', #750, #11058 ) ;
#4992 = CARTESIAN_POINT ( 'NONE',  ( -1.749999999999999778, 0.2000000000000000111, -2.225000000000000533 ) ) ;
#4993 = VERTEX_POINT ( 'NONE', #559 ) ;
#4994 = ORIENTED_EDGE ( 'NONE', *, *, #4571, .T. ) ;
#4995 = LINE ( 'NONE', #6729, #2336 ) ;
#4996 = DIRECTION ( 'NONE',  ( 0.000000000000000000, 1.000000000000000000, 0.000000000000000000 ) ) ;
#4997 = ADVANCED_FACE ( 'NONE', ( #1390 ), #5015, .T. ) ;
#4998 = VERTEX_POINT ( 'NONE', #10981 ) ;
#4999 = VERTEX_POINT ( 'NONE', #7385 ) ;
#5000 = LINE ( 'NONE', #9277, #4153 ) ;
#5001 = CARTESIAN_POINT ( 'NONE',  ( 2.225000000000000977, 0.6716990566028304688, -1.874999999999999556 ) ) ;
#5002 = EDGE_LOOP ( 'NONE', ( #4469, #10309, #2352, #7535 ) ) ;
#5003 = VERTEX_POINT ( 'NONE', #4099 ) ;
#5004 = FACE_OUTER_BOUND ( 'NONE', #10806, .T. ) ;
#5005 = CARTESIAN_POINT ( 'NONE',  ( 2.225000000000000977, 0.05000000000000002359, -1.374999999999999556 ) ) ;
#5006 = FACE_OUTER_BOUND ( 'NONE', #2469, .T. ) ;
#5007 = LINE ( 'NONE', #5845, #5613 ) ;
#5008 = CARTESIAN_POINT ( 'NONE',  ( -0.1250000000000001110, 0.1999999999999999833, -2.225000000000000533 ) ) ;
#5009 = DIRECTION ( 'NONE',  ( 0.000000000000000000, 1.000000000000000000, -0.000000000000000000 ) ) ;
#5010 = DIRECTION ( 'NONE',  ( 0.000000000000000000, -1.000000000000000000, 0.000000000000000000 ) ) ;
#5011 = DIRECTION ( 'NONE',  ( 0.000000000000000000, 0.000000000000000000, -1.000000000000000000 ) ) ;
#5012 = ORIENTED_EDGE ( 'NONE', *, *, #9829, .T. ) ;
#5013 = DIRECTION ( 'NONE',  ( 0.000000000000000000, 0.000000000000000000, -1.000000000000000000 ) ) ;
#5014 = EDGE_CURVE ( 'NONE', #4599, #2252, #8452, .T. ) ;
#5015 = PLANE ( 'NONE',  #6658 ) ;
#5016 = FACE_OUTER_BOUND ( 'NONE', #6306, .T. ) ;
#5017 = ADVANCED_FACE ( 'NONE', ( #3988 ), #7496, .F. ) ;
#5018 = PLANE ( 'NONE',  #399 ) ;
#5019 = ORIENTED_EDGE ( 'NONE', *, *, #2578, .T. ) ;
#5020 = CIRCLE ( 'NONE', #7363, 0.1250000000000001110 ) ;
#5021 = FACE_OUTER_BOUND ( 'NONE', #10531, .T. ) ;
#5022 = ORIENTED_EDGE ( 'NONE', *, *, #7049, .F. ) ;
#5023 = CARTESIAN_POINT ( 'NONE',  ( 2.500000000000000444, 0.1999999999999999833, -0.8749999999999990008 ) ) ;
#5024 = ORIENTED_EDGE ( 'NONE', *, *, #610, .T. ) ;
#5025 = EDGE_LOOP ( 'NONE', ( #3502, #2326, #802, #9424 ) ) ;
#5026 = PLANE ( 'NONE',  #10915 ) ;
#5027 = EDGE_LOOP ( 'NONE', ( #4702, #1671, #8262, #6237 ) ) ;
#5028 = VECTOR ( 'NONE', #10563, 1000.000000000000000 ) ;
#5029 = DIRECTION ( 'NONE',  ( 0.000000000000000000, -1.000000000000000000, 0.000000000000000000 ) ) ;
#5030 = PLANE ( 'NONE',  #10809 ) ;
#5031 = EDGE_CURVE ( 'NONE', #9339, #1210, #2182, .T. ) ;
#5032 =( NAMED_UNIT ( * ) SI_UNIT ( $, .STERADIAN. ) SOLID_ANGLE_UNIT ( ) );
#5033 = FACE_OUTER_BOUND ( 'NONE', #7961, .T. ) ;
#5034 = CARTESIAN_POINT ( 'NONE',  ( 1.625000000000000222, 0.04999999999999969746, -2.500000000000000444 ) ) ;
#5035 = EDGE_LOOP ( 'NONE', ( #10454, #3155, #2295, #154 ) ) ;
#5036 = FILL_AREA_STYLE_COLOUR ( '', #4792 ) ;
#5037 = VECTOR ( 'NONE', #7882, 1000.000000000000000 ) ;
#5038 = DIRECTION ( 'NONE',  ( -0.000000000000000000, 1.000000000000000000, -0.000000000000000000 ) ) ;
#5039 = ADVANCED_FACE ( 'NONE', ( #8401 ), #616, .F. ) ;
#5040 = CARTESIAN_POINT ( 'NONE',  ( 0.7499999999999997780, 0.2000000000000000111, 2.100000000000000089 ) ) ;
#5041 = ORIENTED_EDGE ( 'NONE', *, *, #1472, .T. ) ;
#5042 = ORIENTED_EDGE ( 'NONE', *, *, #8375, .F. ) ;
#5043 = DIRECTION ( 'NONE',  ( 1.000000000000000000, -0.000000000000000000, 7.885106708985485090E-16 ) ) ;
#5044 = PLANE ( 'NONE',  #9700 ) ;
#5045 = EDGE_LOOP ( 'NONE', ( #1216, #2826, #7816, #5535 ) ) ;
#5046 = VECTOR ( 'NONE', #2419, 1000.000000000000000 ) ;
#5047 = ORIENTED_EDGE ( 'NONE', *, *, #1566, .T. ) ;
#5048 = CARTESIAN_POINT ( 'NONE',  ( 2.500000000000000888, 0.6716990566028304688, -0.6249999999999992228 ) ) ;
#5049 = LINE ( 'NONE', #5001, #1948 ) ;
#5050 = VERTEX_POINT ( 'NONE', #3929 ) ;
#5051 = ORIENTED_EDGE ( 'NONE', *, *, #10094, .F. ) ;
#5052 = CARTESIAN_POINT ( 'NONE',  ( -2.500000000000000000, 0.2000000000000005107, 1.375000000000000888 ) ) ;
#5053 = PLANE ( 'NONE',  #456 ) ;
#5054 = EDGE_CURVE ( 'NONE', #5050, #9811, #11042, .T. ) ;
#5055 = VECTOR ( 'NONE', #2396, 1000.000000000000000 ) ;
#5056 = DIRECTION ( 'NONE',  ( 0.000000000000000000, -1.000000000000000000, 0.000000000000000000 ) ) ;
#5057 = AXIS2_PLACEMENT_3D ( 'NONE', #2308, #10151, #6553 ) ;
#5058 = AXIS2_PLACEMENT_3D ( 'NONE', #2323, #489, #5553 ) ;
#5059 = DIRECTION ( 'NONE',  ( 1.000000000000000000, -0.000000000000000000, 7.885106708985485090E-16 ) ) ;
#5060 = AXIS2_PLACEMENT_3D ( 'NONE', #8741, #9574, #9468 ) ;
#5061 = CARTESIAN_POINT ( 'NONE',  ( 2.500000000000000444, 0.6716990566028304688, 0.6250000000000009992 ) ) ;
#5062 =( GEOMETRIC_REPRESENTATION_CONTEXT ( 3 ) GLOBAL_UNCERTAINTY_ASSIGNED_CONTEXT ( ( #5486 ) ) GLOBAL_UNIT_ASSIGNED_CONTEXT ( ( #9639, #8962, #9685 ) ) REPRESENTATION_CONTEXT ( 'NONE', 'WORKASPACE' ) );
#5063 = EDGE_CURVE ( 'NONE', #10250, #6645, #10873, .T. ) ;
#5064 = DIRECTION ( 'NONE',  ( 1.000000000000000000, 0.000000000000000000, 0.000000000000000000 ) ) ;
#5065 = PLANE ( 'NONE',  #3320 ) ;
#5066 =( GEOMETRIC_REPRESENTATION_CONTEXT ( 3 ) GLOBAL_UNCERTAINTY_ASSIGNED_CONTEXT ( ( #10927 ) ) GLOBAL_UNIT_ASSIGNED_CONTEXT ( ( #3087, #6479, #10983 ) ) REPRESENTATION_CONTEXT ( 'NONE', 'WORKASPACE' ) );
#5067 = AXIS2_PLACEMENT_3D ( 'NONE', #970, #6758, #2244 ) ;
#5068 = ORIENTED_EDGE ( 'NONE', *, *, #5544, .T. ) ;
#5069 = PLANE ( 'NONE',  #2346 ) ;
#5070 = CARTESIAN_POINT ( 'NONE',  ( 0.8749999999999998890, 0.000000000000000000, 2.500000000000000444 ) ) ;
#5071 = DIRECTION ( 'NONE',  ( -1.000000000000000000, 0.000000000000000000, -7.885106708985485090E-16 ) ) ;
#5072 = PLANE ( 'NONE',  #8847 ) ;
#5073 = VERTEX_POINT ( 'NONE', #5641 ) ;
#5074 = COLOUR_RGB ( '',0.7921568627450980005, 0.8196078431372548767, 0.9333333333333333481 ) ;
#5075 = FACE_OUTER_BOUND ( 'NONE', #10566, .T. ) ;
#5076 = ORIENTED_EDGE ( 'NONE', *, *, #1139, .T. ) ;
#5077 = EDGE_CURVE ( 'NONE', #5785, #6324, #546, .T. ) ;
#5078 = CARTESIAN_POINT ( 'NONE',  ( 2.500000000000000888, 0.6716990566028304688, -1.124999999999999334 ) ) ;
#5079 = ORIENTED_EDGE ( 'NONE', *, *, #3753, .F. ) ;
#5080 = DIRECTION ( 'NONE',  ( 0.000000000000000000, -1.000000000000000000, 0.000000000000000000 ) ) ;
#5081 = EDGE_CURVE ( 'NONE', #6324, #126, #10073, .T. ) ;
#5082 = ORIENTED_EDGE ( 'NONE', *, *, #3939, .F. ) ;
#5083 = ORIENTED_EDGE ( 'NONE', *, *, #6836, .F. ) ;
#5084 = VECTOR ( 'NONE', #284, 1000.000000000000000 ) ;
#5085 = CYLINDRICAL_SURFACE ( 'NONE', #7861, 0.1250000000000002220 ) ;
#5086 = CARTESIAN_POINT ( 'NONE',  ( -2.225000000000000977, 0.1999999999999999833, -1.749999999999999334 ) ) ;
#5087 = ORIENTED_EDGE ( 'NONE', *, *, #10340, .F. ) ;
#5088 = DIRECTION ( 'NONE',  ( -1.000000000000000000, 0.000000000000000000, -0.000000000000000000 ) ) ;
#5089 = LINE ( 'NONE', #8691, #7604 ) ;
#5090 = EDGE_CURVE ( 'NONE', #7348, #10048, #5801, .T. ) ;
#5091 =( LENGTH_UNIT ( ) NAMED_UNIT ( * ) SI_UNIT ( .MILLI., .METRE. ) );
#5092 = VECTOR ( 'NONE', #5397, 1000.000000000000000 ) ;
#5093 = CARTESIAN_POINT ( 'NONE',  ( -2.225000000000000977, 0.6716990566028304688, 0.3750000000000005551 ) ) ;
#5094 = ORIENTED_EDGE ( 'NONE', *, *, #10226, .T. ) ;
#5095 = EDGE_CURVE ( 'NONE', #8135, #3221, #5748, .T. ) ;
#5096 = LINE ( 'NONE', #11126, #3845 ) ;
#5097 = CARTESIAN_POINT ( 'NONE',  ( -2.500000000000000000, 0.2000000000000005107, -0.6249999999999992228 ) ) ;
#5098 = EDGE_CURVE ( 'NONE', #5932, #9821, #9186, .T. ) ;
#5099 = ORIENTED_EDGE ( 'NONE', *, *, #1017, .F. ) ;
#5100 = VERTEX_POINT ( 'NONE', #4965 ) ;
#5101 = EDGE_CURVE ( 'NONE', #10330, #8052, #1445, .T. ) ;
#5102 = CARTESIAN_POINT ( 'NONE',  ( -1.725000000000000311, 0.1999999999999998168, -1.375000000000000000 ) ) ;
#5103 = AXIS2_PLACEMENT_3D ( 'NONE', #3995, #5862, #11049 ) ;
#5104 = VECTOR ( 'NONE', #5985, 1000.000000000000000 ) ;
#5105 = DIRECTION ( 'NONE',  ( 0.000000000000000000, -0.000000000000000000, -1.000000000000000000 ) ) ;
#5106 = VECTOR ( 'NONE', #1722, 1000.000000000000000 ) ;
#5107 = ORIENTED_EDGE ( 'NONE', *, *, #3909, .F. ) ;
#5108 = CARTESIAN_POINT ( 'NONE',  ( -1.875000000000000000, 0.04999999999999999584, 2.225000000000000533 ) ) ;
#5109 = PLANE ( 'NONE',  #7655 ) ;
#5110 = CARTESIAN_POINT ( 'NONE',  ( -2.225000000000000977, 0.1999999999999999833, -0.8749999999999995559 ) ) ;
#5111 = VERTEX_POINT ( 'NONE', #1559 ) ;
#5112 = ORIENTED_EDGE ( 'NONE', *, *, #5433, .T. ) ;
#5113 = CARTESIAN_POINT ( 'NONE',  ( -0.2499999999999997780, 0.04999999999999999584, -2.225000000000000533 ) ) ;
#5114 = DIRECTION ( 'NONE',  ( 1.000000000000000000, 0.000000000000000000, 0.000000000000000000 ) ) ;
#5115 = AXIS2_PLACEMENT_3D ( 'NONE', #3276, #5875, #1580 ) ;
#5116 = LINE ( 'NONE', #876, #10270 ) ;
#5117 = EDGE_CURVE ( 'NONE', #451, #4664, #8340, .T. ) ;
#5118 = DIRECTION ( 'NONE',  ( 0.000000000000000000, -1.000000000000000000, 0.000000000000000000 ) ) ;
#5119 = CARTESIAN_POINT ( 'NONE',  ( 2.225000000000000977, 0.05000000000000002359, -1.749999999999999334 ) ) ;
#5120 = FACE_OUTER_BOUND ( 'NONE', #1274, .T. ) ;
#5121 = CARTESIAN_POINT ( 'NONE',  ( -2.500000000000000888, 0.1999999999999999833, 0.3750000000000007772 ) ) ;
#5122 = VECTOR ( 'NONE', #4688, 1000.000000000000000 ) ;
#5123 = EDGE_LOOP ( 'NONE', ( #2698, #6551, #537, #2258 ) ) ;
#5124 = ORIENTED_EDGE ( 'NONE', *, *, #10015, .F. ) ;
#5125 = SURFACE_STYLE_USAGE ( .BOTH. , #47 ) ;
#5126 = EDGE_CURVE ( 'NONE', #5507, #4814, #6639, .T. ) ;
#5127 = EDGE_CURVE ( 'NONE', #7889, #3747, #891, .T. ) ;
#5128 = DIRECTION ( 'NONE',  ( 0.000000000000000000, 1.000000000000000000, 0.000000000000000000 ) ) ;
#5129 = EDGE_CURVE ( 'NONE', #10334, #5515, #1778, .T. ) ;
#5130 = CIRCLE ( 'NONE', #91, 0.1250000000000001110 ) ;
#5131 = DIRECTION ( 'NONE',  ( 0.000000000000000000, 0.000000000000000000, 1.000000000000000000 ) ) ;
#5132 = CARTESIAN_POINT ( 'NONE',  ( -1.750000000000000222, 0.2000000000000000111, 2.225000000000000533 ) ) ;
#5133 = CARTESIAN_POINT ( 'NONE',  ( -2.225000000000000977, 0.6716990566028304688, -0.1249999999999994588 ) ) ;
#5134 = VERTEX_POINT ( 'NONE', #11155 ) ;
#5135 = DIRECTION ( 'NONE',  ( 0.000000000000000000, 0.000000000000000000, -1.000000000000000000 ) ) ;
#5136 = AXIS2_PLACEMENT_3D ( 'NONE', #3226, #1701, #5151 ) ;
#5137 = CIRCLE ( 'NONE', #2777, 0.1250000000000001110 ) ;
#5138 = CARTESIAN_POINT ( 'NONE',  ( 1.875000000000000000, 0.6716990566028303578, -2.225000000000000533 ) ) ;
#5139 = ORIENTED_EDGE ( 'NONE', *, *, #932, .T. ) ;
#5140 = EDGE_LOOP ( 'NONE', ( #7062, #4899, #5936, #4639 ) ) ;
#5141 = CARTESIAN_POINT ( 'NONE',  ( 2.500000000000000444, 0.000000000000000000, 1.125000000000000888 ) ) ;
#5142 = EDGE_CURVE ( 'NONE', #6833, #3974, #9401, .T. ) ;
#5143 = VERTEX_POINT ( 'NONE', #8730 ) ;
#5144 = DIRECTION ( 'NONE',  ( 0.000000000000000000, 0.000000000000000000, -1.000000000000000000 ) ) ;
#5145 = DIRECTION ( 'NONE',  ( -1.000000000000000000, 0.000000000000000000, 0.000000000000000000 ) ) ;
#5146 = CARTESIAN_POINT ( 'NONE',  ( 2.225000000000000977, 0.1999999999999999833, 1.625000000000000666 ) ) ;
#5147 = VERTEX_POINT ( 'NONE', #836 ) ;
#5148 = ORIENTED_EDGE ( 'NONE', *, *, #1640, .F. ) ;
#5149 = CYLINDRICAL_SURFACE ( 'NONE', #10506, 0.1250000000000001110 ) ;
#5150 = CARTESIAN_POINT ( 'NONE',  ( 2.225000000000000977, 0.1999999999999999833, 1.750000000000000666 ) ) ;
#5151 = DIRECTION ( 'NONE',  ( 0.000000000000000000, -0.000000000000000000, -1.000000000000000000 ) ) ;
#5152 = ORIENTED_EDGE ( 'NONE', *, *, #735, .F. ) ;
#5153 = ORIENTED_EDGE ( 'NONE', *, *, #4842, .T. ) ;
#5154 = FILL_AREA_STYLE_COLOUR ( '', #5468 ) ;
#5155 = EDGE_CURVE ( 'NONE', #5254, #5111, #7834, .T. ) ;
#5156 = CARTESIAN_POINT ( 'NONE',  ( 2.500000000000000444, 0.000000000000000000, 0.1250000000000009714 ) ) ;
#5157 = VERTEX_POINT ( 'NONE', #8507 ) ;
#5158 = ORIENTED_EDGE ( 'NONE', *, *, #10387, .T. ) ;
#5160 = EDGE_CURVE ( 'NONE', #1020, #3097, #4332, .T. ) ;
#5159 = LINE ( 'NONE', #5939, #10451 ) ;
#5161 =( GEOMETRIC_REPRESENTATION_CONTEXT ( 3 ) GLOBAL_UNCERTAINTY_ASSIGNED_CONTEXT ( ( #6389 ) ) GLOBAL_UNIT_ASSIGNED_CONTEXT ( ( #5668, #8304, #10098 ) ) REPRESENTATION_CONTEXT ( 'NONE', 'WORKASPACE' ) );
#5162 = ADVANCED_FACE ( 'NONE', ( #11103 ), #5964, .F. ) ;
#5163 = CARTESIAN_POINT ( 'NONE',  ( 2.225000000000000977, 0.1999999999999999833, 1.125000000000000666 ) ) ;
#5164 = EDGE_CURVE ( 'NONE', #2175, #6519, #1837, .T. ) ;
#5165 = DIRECTION ( 'NONE',  ( -0.000000000000000000, -1.000000000000000000, -0.000000000000000000 ) ) ;
#5166 = VECTOR ( 'NONE', #7948, 1000.000000000000000 ) ;
#5167 = EDGE_LOOP ( 'NONE', ( #2300, #2059, #10832, #6043 ) ) ;
#5168 = DIRECTION ( 'NONE',  ( 0.000000000000000000, 1.000000000000000000, 0.000000000000000000 ) ) ;
#5169 = CARTESIAN_POINT ( 'NONE',  ( -2.500000000000000444, 0.000000000000000000, -1.874999999999999112 ) ) ;
#5170 = LINE ( 'NONE', #5841, #5683 ) ;
#5171 = DIRECTION ( 'NONE',  ( -1.000000000000000000, 0.000000000000000000, 8.673617379884035472E-17 ) ) ;
#5172 = CARTESIAN_POINT ( 'NONE',  ( -2.500000000000000000, 0.05000000000000000278, 2.499999999999999556 ) ) ;
#5173 = EDGE_CURVE ( 'NONE', #4600, #792, #884, .T. ) ;
#5174 = LINE ( 'NONE', #8500, #5808 ) ;
#5175 = FACE_OUTER_BOUND ( 'NONE', #10898, .T. ) ;
#5176 = FACE_OUTER_BOUND ( 'NONE', #7912, .T. ) ;
#5177 = ORIENTED_EDGE ( 'NONE', *, *, #5997, .T. ) ;
#5178 = EDGE_CURVE ( 'NONE', #5279, #1872, #1612, .T. ) ;
#5179 = CARTESIAN_POINT ( 'NONE',  ( 2.225000000000000977, 0.1999999999999999833, -1.249999999999999334 ) ) ;
#5180 = PLANE ( 'NONE',  #5402 ) ;
#5181 = PLANE ( 'NONE',  #10800 ) ;
#5182 = CARTESIAN_POINT ( 'NONE',  ( 1.749999999999999778, 0.1999999999999999833, 2.225000000000000533 ) ) ;
#5183 = ORIENTED_EDGE ( 'NONE', *, *, #7652, .T. ) ;
#5184 = CARTESIAN_POINT ( 'NONE',  ( -2.500000000000000444, 0.1999999999999999833, 1.625000000000001110 ) ) ;
#5185 = VERTEX_POINT ( 'NONE', #4218 ) ;
#5186 = EDGE_CURVE ( 'NONE', #10632, #6713, #2567, .T. ) ;
#5187 = CARTESIAN_POINT ( 'NONE',  ( -0.8749999999999998890, 0.6716990566028303578, 2.225000000000000533 ) ) ;
#5188 = ORIENTED_EDGE ( 'NONE', *, *, #9458, .F. ) ;
#5189 = SURFACE_STYLE_USAGE ( .BOTH. , #9470 ) ;
#5190 = CARTESIAN_POINT ( 'NONE',  ( 4.928191693115937672E-16, 0.05000000000000000278, -0.6250000000000012212 ) ) ;
#5191 = FACE_OUTER_BOUND ( 'NONE', #3797, .T. ) ;
#5192 = CIRCLE ( 'NONE', #2296, 0.2500000000000008882 ) ;
#5193 = DIRECTION ( 'NONE',  ( -1.000000000000000000, 0.000000000000000000, 0.000000000000000000 ) ) ;
#5194 = ORIENTED_EDGE ( 'NONE', *, *, #951, .F. ) ;
#5195 = LINE ( 'NONE', #10260, #10481 ) ;
#5196 = EDGE_LOOP ( 'NONE', ( #9600, #8876, #9494, #6039, #8594 ) ) ;
#5197 =( NAMED_UNIT ( * ) PLANE_ANGLE_UNIT ( ) SI_UNIT ( $, .RADIAN. ) );
#5198 = EDGE_CURVE ( 'NONE', #7175, #5134, #2624, .T. ) ;
#5199 = DIRECTION ( 'NONE',  ( -0.000000000000000000, -1.000000000000000000, -0.000000000000000000 ) ) ;
#5200 = AXIS2_PLACEMENT_3D ( 'NONE', #9326, #2388, #5212 ) ;
#5201 = LINE ( 'NONE', #3605, #2768 ) ;
#5202 = EDGE_LOOP ( 'NONE', ( #5714, #9672, #6577, #5124, #3777 ) ) ;
#5203 = ORIENTED_EDGE ( 'NONE', *, *, #2560, .T. ) ;
#5204 = AXIS2_PLACEMENT_3D ( 'NONE', #90, #6167, #10394 ) ;
#5205 = FACE_OUTER_BOUND ( 'NONE', #1152, .T. ) ;
#5206 = LINE ( 'NONE', #4468, #1600 ) ;
#5207 = ORIENTED_EDGE ( 'NONE', *, *, #1758, .T. ) ;
#5208 = ORIENTED_EDGE ( 'NONE', *, *, #1693, .F. ) ;
#5209 = DIRECTION ( 'NONE',  ( 1.000000000000000000, 0.000000000000000000, -7.885106708985485090E-16 ) ) ;
#5210 = VECTOR ( 'NONE', #5256, 1000.000000000000000 ) ;
#5211 = DIRECTION ( 'NONE',  ( 0.000000000000000000, 0.000000000000000000, -1.000000000000000000 ) ) ;
#5212 = DIRECTION ( 'NONE',  ( 0.000000000000000000, 0.000000000000000000, 1.000000000000000000 ) ) ;
#5213 = ORIENTED_EDGE ( 'NONE', *, *, #3529, .F. ) ;
#5214 = PLANE ( 'NONE',  #4255 ) ;
#5215 = FACE_OUTER_BOUND ( 'NONE', #6383, .T. ) ;
#5216 = CARTESIAN_POINT ( 'NONE',  ( 1.625000000000000222, 0.6716990566028303578, -2.500000000000000444 ) ) ;
#5217 = ADVANCED_FACE ( 'NONE', ( #3528 ), #9509, .F. ) ;
#5218 = DIRECTION ( 'NONE',  ( 0.000000000000000000, -1.000000000000000000, 0.000000000000000000 ) ) ;
#5219 = EDGE_CURVE ( 'NONE', #10790, #8742, #1730, .T. ) ;
#5220 = CIRCLE ( 'NONE', #5937, 0.04999999999999991257 ) ;
#5221 = ADVANCED_FACE ( 'NONE', ( #6973 ), #5180, .F. ) ;
#5222 = DIRECTION ( 'NONE',  ( 0.000000000000000000, 0.000000000000000000, -1.000000000000000000 ) ) ;
#5223 = CARTESIAN_POINT ( 'NONE',  ( 2.225000000000000977, 0.6716990566028304688, 0.7500000000000006661 ) ) ;
#5224 = DIRECTION ( 'NONE',  ( 0.000000000000000000, -1.000000000000000000, 0.000000000000000000 ) ) ;
#5225 = ORIENTED_EDGE ( 'NONE', *, *, #1200, .F. ) ;
#5226 = DIRECTION ( 'NONE',  ( 1.000000000000000000, -0.000000000000000000, 7.885106708985485090E-16 ) ) ;
#5227 = CARTESIAN_POINT ( 'NONE',  ( -1.950000000000000844, 0.7500000000000000000, -1.950000000000000400 ) ) ;
#5228 = EDGE_CURVE ( 'NONE', #2050, #1746, #992, .T. ) ;
#5229 = FILL_AREA_STYLE_COLOUR ( '', #2189 ) ;
#5230 = VECTOR ( 'NONE', #6117, 1000.000000000000000 ) ;
#5231 = CARTESIAN_POINT ( 'NONE',  ( 2.225000000000000977, 0.6716990566028304688, -0.1249999999999994588 ) ) ;
#5232 = VECTOR ( 'NONE', #10753, 1000.000000000000000 ) ;
#5233 =( NAMED_UNIT ( * ) PLANE_ANGLE_UNIT ( ) SI_UNIT ( $, .RADIAN. ) );
#5234 = CARTESIAN_POINT ( 'NONE',  ( 1.875000000000000000, 0.2000000000000000111, -2.225000000000000533 ) ) ;
#5235 = CARTESIAN_POINT ( 'NONE',  ( -0.7500000000000002220, 0.6716990566028303578, 2.225000000000000533 ) ) ;
#5236 = VERTEX_POINT ( 'NONE', #4442 ) ;
#5237 = VECTOR ( 'NONE', #6975, 1000.000000000000000 ) ;
#5238 = VECTOR ( 'NONE', #6735, 1000.000000000000000 ) ;
#5239 = CARTESIAN_POINT ( 'NONE',  ( 2.500000000000000000, 8.671067811865475150, -2.500000000000000444 ) ) ;
#5240 = CARTESIAN_POINT ( 'NONE',  ( 2.500000000000000000, 0.05000000000000000278, 2.499999999999999556 ) ) ;
#5241 = VERTEX_POINT ( 'NONE', #9566 ) ;
#5242 = CARTESIAN_POINT ( 'NONE',  ( -1.625000000000000222, 0.6716990566028303578, -2.225000000000000533 ) ) ;
#5243 = DIRECTION ( 'NONE',  ( -0.000000000000000000, -0.000000000000000000, 1.000000000000000000 ) ) ;
#5244 = VECTOR ( 'NONE', #4275, 1000.000000000000000 ) ;
#5245 = DIRECTION ( 'NONE',  ( -0.000000000000000000, -1.000000000000000000, -0.000000000000000000 ) ) ;
#5246 = DIRECTION ( 'NONE',  ( 0.000000000000000000, 0.000000000000000000, 1.000000000000000000 ) ) ;
#5247 = ADVANCED_FACE ( 'NONE', ( #7883 ), #149, .F. ) ;
#5248 = ORIENTED_EDGE ( 'NONE', *, *, #7711, .F. ) ;
#5249 = PRESENTATION_STYLE_ASSIGNMENT (( #10322 ) ) ;
#5250 = ORIENTED_EDGE ( 'NONE', *, *, #10912, .F. ) ;
#5251 = CARTESIAN_POINT ( 'NONE',  ( -1.874999999999999778, 0.2000000000000000111, -2.225000000000000533 ) ) ;
#5252 = VECTOR ( 'NONE', #10536, 1000.000000000000000 ) ;
#5253 = FACE_OUTER_BOUND ( 'NONE', #6968, .T. ) ;
#5254 = VERTEX_POINT ( 'NONE', #8950 ) ;
#5255 = ORIENTED_EDGE ( 'NONE', *, *, #5264, .F. ) ;
#5256 = DIRECTION ( 'NONE',  ( -0.000000000000000000, -1.000000000000000000, -0.000000000000000000 ) ) ;
#5257 = ADVANCED_FACE ( 'NONE', ( #3750 ), #373, .F. ) ;
#5258 = VERTEX_POINT ( 'NONE', #209 ) ;
#5259 = ORIENTED_EDGE ( 'NONE', *, *, #1080, .T. ) ;
#5260 = EDGE_CURVE ( 'NONE', #4999, #46, #3640, .T. ) ;
#5261 = STYLED_ITEM ( 'NONE', ( #8562 ), #4022 ) ;
#5262 = CARTESIAN_POINT ( 'NONE',  ( 0.1250000000000001110, 0.1999999999999999833, 2.500000000000000444 ) ) ;
#5263 = VECTOR ( 'NONE', #6592, 1000.000000000000000 ) ;
#5264 = EDGE_CURVE ( 'NONE', #3228, #492, #9001, .T. ) ;
#5265 = DIRECTION ( 'NONE',  ( -1.000000000000000000, 0.000000000000000000, 0.000000000000000000 ) ) ;
#5266 = LINE ( 'NONE', #303, #1846 ) ;
#5267 = EDGE_LOOP ( 'NONE', ( #9030, #4800, #8459, #10599 ) ) ;
#5268 = CARTESIAN_POINT ( 'NONE',  ( -2.225000000000000977, 0.000000000000000000, 0.1250000000000005551 ) ) ;
#5269 = CARTESIAN_POINT ( 'NONE',  ( -2.225000000000000977, 0.1999999999999999833, 1.875000000000000666 ) ) ;
#5270 = CARTESIAN_POINT ( 'NONE',  ( -2.225000000000000977, 0.6716990566028304688, 1.125000000000000666 ) ) ;
#5271 = VECTOR ( 'NONE', #10744, 1000.000000000000000 ) ;
#5272 = CARTESIAN_POINT ( 'NONE',  ( -2.500000000000000888, 0.000000000000000000, 1.375000000000000888 ) ) ;
#5273 = CIRCLE ( 'NONE', #2555, 0.1250000000000002220 ) ;
#5274 = FACE_OUTER_BOUND ( 'NONE', #10653, .T. ) ;
#5275 = EDGE_CURVE ( 'NONE', #4025, #7324, #9726, .T. ) ;
#5276 = AXIS2_PLACEMENT_3D ( 'NONE', #10041, #2310, #4924 ) ;
#5277 = CIRCLE ( 'NONE', #8160, 0.04999999999999991257 ) ;
#5278 = CARTESIAN_POINT ( 'NONE',  ( -0.8749999999999998890, 0.2000000000000000111, 2.225000000000000533 ) ) ;
#5279 = VERTEX_POINT ( 'NONE', #1262 ) ;
#5280 = CARTESIAN_POINT ( 'NONE',  ( -2.225000000000000977, 0.1999999999999999833, -0.6249999999999994449 ) ) ;
#5281 = CARTESIAN_POINT ( 'NONE',  ( -0.2500000000000002220, 0.2000000000000000111, 2.225000000000000533 ) ) ;
#5282 = ORIENTED_EDGE ( 'NONE', *, *, #344, .F. ) ;
#5283 = ORIENTED_EDGE ( 'NONE', *, *, #7743, .F. ) ;
#5284 = VECTOR ( 'NONE', #500, 1000.000000000000000 ) ;
#5285 = DIRECTION ( 'NONE',  ( 0.000000000000000000, 1.000000000000000000, 0.000000000000000000 ) ) ;
#5286 = DIRECTION ( 'NONE',  ( -1.734723475976808475E-15, 0.000000000000000000, 1.000000000000000000 ) ) ;
#5287 = VECTOR ( 'NONE', #24, 1000.000000000000000 ) ;
#5288 = LINE ( 'NONE', #4549, #1806 ) ;
#5290 = EDGE_CURVE ( 'NONE', #5959, #6439, #6121, .T. ) ;
#5289 = CARTESIAN_POINT ( 'NONE',  ( 2.225000000000000977, 0.1999999999999999833, 0.3750000000000005551 ) ) ;
#5291 = VECTOR ( 'NONE', #7905, 1000.000000000000000 ) ;
#5292 = LINE ( 'NONE', #8680, #8329 ) ;
#5293 = EDGE_LOOP ( 'NONE', ( #7208, #7285, #10768, #1878 ) ) ;
#5294 = EDGE_CURVE ( 'NONE', #6213, #7881, #2112, .T. ) ;
#5295 = DIRECTION ( 'NONE',  ( 0.000000000000000000, 0.000000000000000000, -1.000000000000000000 ) ) ;
#5296 = AXIS2_PLACEMENT_3D ( 'NONE', #8657, #707, #4316 ) ;
#5297 = ADVANCED_FACE ( 'NONE', ( #3805 ), #5345, .F. ) ;
#5298 = CARTESIAN_POINT ( 'NONE',  ( -0.1250000000000001110, 0.1999999999999999833, 2.225000000000000533 ) ) ;
#5299 = ORIENTED_EDGE ( 'NONE', *, *, #1729, .T. ) ;
#5300 = CARTESIAN_POINT ( 'NONE',  ( 2.225000000000000977, 0.000000000000000000, -0.6249999999999994449 ) ) ;
#5301 = ORIENTED_EDGE ( 'NONE', *, *, #781, .F. ) ;
#5302 = VERTEX_POINT ( 'NONE', #6245 ) ;
#5303 = CIRCLE ( 'NONE', #443, 0.1250000000000001110 ) ;
#5304 = DIRECTION ( 'NONE',  ( 0.000000000000000000, -1.000000000000000000, 0.000000000000000000 ) ) ;
#5305 = CARTESIAN_POINT ( 'NONE',  ( 2.225000000000000977, 0.1999999999999999833, -1.749999999999999334 ) ) ;
#5306 = DIRECTION ( 'NONE',  ( -1.000000000000000000, 0.000000000000000000, -7.885106708985485090E-16 ) ) ;
#5307 = DIRECTION ( 'NONE',  ( 0.000000000000000000, 0.000000000000000000, 1.000000000000000000 ) ) ;
#5308 = VERTEX_POINT ( 'NONE', #8839 ) ;
#5309 = ORIENTED_EDGE ( 'NONE', *, *, #9416, .F. ) ;
#5310 = DIRECTION ( 'NONE',  ( 0.000000000000000000, -0.000000000000000000, -1.000000000000000000 ) ) ;
#5311 = VECTOR ( 'NONE', #8998, 1000.000000000000000 ) ;
#5312 = CARTESIAN_POINT ( 'NONE',  ( 2.225000000000000977, 0.1999999999999999833, -0.6249999999999994449 ) ) ;
#5313 = DIRECTION ( 'NONE',  ( 1.000000000000000000, -0.000000000000000000, 3.154042683594199163E-15 ) ) ;
#5314 = ORIENTED_EDGE ( 'NONE', *, *, #4622, .T. ) ;
#5315 = EDGE_LOOP ( 'NONE', ( #7394, #9149, #6267, #4766 ) ) ;
#5316 = SURFACE_SIDE_STYLE ('',( #4188 ) ) ;
#5317 = EDGE_CURVE ( 'NONE', #1349, #9679, #9675, .T. ) ;
#5318 = DIRECTION ( 'NONE',  ( 7.885106708985485090E-16, 0.000000000000000000, -1.000000000000000000 ) ) ;
#5319 = VECTOR ( 'NONE', #10380, 1000.000000000000000 ) ;
#5320 = ORIENTED_EDGE ( 'NONE', *, *, #8461, .F. ) ;
#5321 = VECTOR ( 'NONE', #6063, 1000.000000000000000 ) ;
#5322 = ORIENTED_EDGE ( 'NONE', *, *, #2327, .F. ) ;
#5323 = CARTESIAN_POINT ( 'NONE',  ( -1.749999999999999778, 0.2000000000000000111, -2.225000000000000533 ) ) ;
#5324 = LINE ( 'NONE', #2035, #8083 ) ;
#5325 = VERTEX_POINT ( 'NONE', #8102 ) ;
#5326 = DIRECTION ( 'NONE',  ( 0.000000000000000000, 1.000000000000000000, 0.000000000000000000 ) ) ;
#5327 = DIRECTION ( 'NONE',  ( -0.000000000000000000, -1.000000000000000000, -0.000000000000000000 ) ) ;
#5328 = DIRECTION ( 'NONE',  ( 0.000000000000000000, -1.000000000000000000, 0.000000000000000000 ) ) ;
#5329 = ADVANCED_FACE ( 'NONE', ( #1894 ), #1942, .F. ) ;
#5330 = DIRECTION ( 'NONE',  ( 0.000000000000000000, 0.000000000000000000, -1.000000000000000000 ) ) ;
#5331 = AXIS2_PLACEMENT_3D ( 'NONE', #2861, #3888, #7222 ) ;
#5332 = FILL_AREA_STYLE_COLOUR ( '', #5439 ) ;
#5333 = CARTESIAN_POINT ( 'NONE',  ( -0.6250000000000001110, 0.05000000000000000278, 0.000000000000000000 ) ) ;
#5334 = ORIENTED_EDGE ( 'NONE', *, *, #10142, .F. ) ;
#5335 = ORIENTED_EDGE ( 'NONE', *, *, #10375, .T. ) ;
#5336 = LINE ( 'NONE', #10455, #4750 ) ;
#5337 = STYLED_ITEM ( 'NONE', ( #8630 ), #3872 ) ;
#5338 = FACE_OUTER_BOUND ( 'NONE', #1514, .T. ) ;
#5340 = EDGE_CURVE ( 'NONE', #2802, #7348, #4546, .T. ) ;
#5339 = CIRCLE ( 'NONE', #11100, 0.04999999999999991257 ) ;
#5341 = ORIENTED_EDGE ( 'NONE', *, *, #4852, .F. ) ;
#5342 = VECTOR ( 'NONE', #4554, 1000.000000000000000 ) ;
#5343 = ORIENTED_EDGE ( 'NONE', *, *, #6248, .F. ) ;
#5344 = CARTESIAN_POINT ( 'NONE',  ( 0.6250000000000003331, 0.2000000000000000111, -2.225000000000000533 ) ) ;
#5345 = PLANE ( 'NONE',  #10801 ) ;
#5346 = DIRECTION ( 'NONE',  ( 0.000000000000000000, -1.000000000000000000, 0.000000000000000000 ) ) ;
#5347 = DIRECTION ( 'NONE',  ( 0.000000000000000000, -0.000000000000000000, 1.000000000000000000 ) ) ;
#5348 = DIRECTION ( 'NONE',  ( 1.000000000000000000, 0.000000000000000000, 3.154042683594199163E-15 ) ) ;
#5349 = ORIENTED_EDGE ( 'NONE', *, *, #579, .T. ) ;
#5350 = DIRECTION ( 'NONE',  ( -0.000000000000000000, -0.000000000000000000, -1.000000000000000000 ) ) ;
#5351 = ADVANCED_FACE ( 'NONE', ( #7255 ), #8784, .F. ) ;
#5352 = CARTESIAN_POINT ( 'NONE',  ( -1.625000000000000444, 0.2000000000000000111, 2.225000000000000533 ) ) ;
#5353 = ORIENTED_EDGE ( 'NONE', *, *, #8651, .F. ) ;
#5354 = DIRECTION ( 'NONE',  ( -7.885106708985485090E-16, 0.000000000000000000, -1.000000000000000000 ) ) ;
#5355 = ORIENTED_EDGE ( 'NONE', *, *, #987, .F. ) ;
#5356 = LINE ( 'NONE', #1166, #4510 ) ;
#5357 = ADVANCED_FACE ( 'NONE', ( #3695 ), #6354, .F. ) ;
#5358 = CARTESIAN_POINT ( 'NONE',  ( 1.625000000000000222, 0.05000000000000000278, 0.000000000000000000 ) ) ;
#5359 =( LENGTH_UNIT ( ) NAMED_UNIT ( * ) SI_UNIT ( .MILLI., .METRE. ) );
#5360 = CARTESIAN_POINT ( 'NONE',  ( -0.3749999999999998890, 0.04999999999999969746, 2.500000000000000444 ) ) ;
#5361 = ORIENTED_EDGE ( 'NONE', *, *, #1909, .T. ) ;
#5362 = CARTESIAN_POINT ( 'NONE',  ( 1.749999999999999778, 0.2000000000000000111, 2.100000000000000089 ) ) ;
#5363 = DIRECTION ( 'NONE',  ( 0.000000000000000000, 0.000000000000000000, -1.000000000000000000 ) ) ;
#5364 = PLANE ( 'NONE',  #8739 ) ;
#5365 = ORIENTED_EDGE ( 'NONE', *, *, #9331, .F. ) ;
#5366 = ORIENTED_EDGE ( 'NONE', *, *, #5383, .F. ) ;
#5367 = EDGE_CURVE ( 'NONE', #2802, #8757, #10686, .T. ) ;
#5368 = PLANE ( 'NONE',  #8091 ) ;
#5369 = ORIENTED_EDGE ( 'NONE', *, *, #10111, .F. ) ;
#5370 = ORIENTED_EDGE ( 'NONE', *, *, #6318, .T. ) ;
#5371 = PLANE ( 'NONE',  #4942 ) ;
#5372 = CARTESIAN_POINT ( 'NONE',  ( 1.125000000000000222, 0.1999999999999999833, -2.500000000000000444 ) ) ;
#5373 = ORIENTED_EDGE ( 'NONE', *, *, #3909, .T. ) ;
#5374 = EDGE_CURVE ( 'NONE', #4107, #8603, #1999, .T. ) ;
#5375 = DIRECTION ( 'NONE',  ( 0.000000000000000000, -0.000000000000000000, 1.000000000000000000 ) ) ;
#5376 = CARTESIAN_POINT ( 'NONE',  ( 0.2499999999999997780, 0.04999999999999999584, 2.100000000000000089 ) ) ;
#5377 = DIRECTION ( 'NONE',  ( 0.7071067811865469066, 0.000000000000000000, -0.7071067811865482389 ) ) ;
#5378 = AXIS2_PLACEMENT_3D ( 'NONE', #5555, #2103, #9051 ) ;
#5379 = LINE ( 'NONE', #8772, #1981 ) ;
#5380 = CARTESIAN_POINT ( 'NONE',  ( -0.6250000000000001110, 0.000000000000000000, 2.500000000000000444 ) ) ;
#5381 = CARTESIAN_POINT ( 'NONE',  ( 2.225000000000000977, 0.1999999999999999833, -0.2499999999999993616 ) ) ;
#5382 = EDGE_LOOP ( 'NONE', ( #5578, #1621, #614, #1456 ) ) ;
#5383 = EDGE_CURVE ( 'NONE', #3938, #7966, #6412, .T. ) ;
#5384 = EDGE_LOOP ( 'NONE', ( #10698, #6438, #4121, #3033 ) ) ;
#5385 = DIRECTION ( 'NONE',  ( 0.000000000000000000, 0.000000000000000000, 1.000000000000000000 ) ) ;
#5386 = CARTESIAN_POINT ( 'NONE',  ( -2.225000000000000977, 0.1999999999999999833, -0.1249999999999994588 ) ) ;
#5387 = VECTOR ( 'NONE', #2058, 1000.000000000000000 ) ;
#5388 = EDGE_LOOP ( 'NONE', ( #2434, #377, #3536, #9797, #8353 ) ) ;
#5389 = ORIENTED_EDGE ( 'NONE', *, *, #344, .T. ) ;
#5390 = FACE_OUTER_BOUND ( 'NONE', #8522, .T. ) ;
#5391 = ORIENTED_EDGE ( 'NONE', *, *, #2315, .F. ) ;
#5392 = CARTESIAN_POINT ( 'NONE',  ( 1.249999999999999778, 0.2000000000000000111, 2.225000000000000533 ) ) ;
#5393 = AXIS2_PLACEMENT_3D ( 'NONE', #1057, #1168, #4618 ) ;
#5394 = CARTESIAN_POINT ( 'NONE',  ( 2.500000000000000888, 0.1999999999999999833, 1.875000000000000888 ) ) ;
#5395 = CARTESIAN_POINT ( 'NONE',  ( 1.724999999999999645, 5.079036790187180017, -1.674999999999999600 ) ) ;
#5396 = EDGE_CURVE ( 'NONE', #576, #4302, #7026, .T. ) ;
#5397 = DIRECTION ( 'NONE',  ( 0.000000000000000000, -1.000000000000000000, 0.000000000000000000 ) ) ;
#5398 = EDGE_LOOP ( 'NONE', ( #1269, #3338, #141, #7733 ) ) ;
#5399 = FACE_OUTER_BOUND ( 'NONE', #10085, .T. ) ;
#5400 = CARTESIAN_POINT ( 'NONE',  ( 1.375000000000000000, 0.1999999999999999833, -2.500000000000000444 ) ) ;
#5401 = VECTOR ( 'NONE', #5718, 1000.000000000000000 ) ;
#5402 = AXIS2_PLACEMENT_3D ( 'NONE', #5231, #9342, #10405 ) ;
#5403 = DIRECTION ( 'NONE',  ( 1.000000000000000000, -0.000000000000000000, 7.885106708985485090E-16 ) ) ;
#5404 = ORIENTED_EDGE ( 'NONE', *, *, #5980, .F. ) ;
#5405 = VECTOR ( 'NONE', #4501, 1000.000000000000000 ) ;
#5406 = CARTESIAN_POINT ( 'NONE',  ( 1.375000000000000000, 0.2000000000000000111, -2.225000000000000533 ) ) ;
#5407 = DIRECTION ( 'NONE',  ( -1.734723475976808475E-15, -0.000000000000000000, 1.000000000000000000 ) ) ;
#5408 = FILL_AREA_STYLE ('',( #10535 ) ) ;
#5409 = EDGE_CURVE ( 'NONE', #4782, #8685, #8388, .T. ) ;
#5410 = AXIS2_PLACEMENT_3D ( 'NONE', #10357, #2626, #1781 ) ;
#5411 = DIRECTION ( 'NONE',  ( -0.000000000000000000, -1.000000000000000000, -0.000000000000000000 ) ) ;
#5412 = ORIENTED_EDGE ( 'NONE', *, *, #8652, .F. ) ;
#5413 = VECTOR ( 'NONE', #2497, 1000.000000000000000 ) ;
#5414 = EDGE_CURVE ( 'NONE', #642, #10029, #603, .T. ) ;
#5415 = CARTESIAN_POINT ( 'NONE',  ( -2.500000000000000444, 0.1999999999999999833, -1.874999999999999112 ) ) ;
#5416 = EDGE_CURVE ( 'NONE', #7409, #9599, #6462, .T. ) ;
#5417 = FACE_OUTER_BOUND ( 'NONE', #3755, .T. ) ;
#5418 = DIRECTION ( 'NONE',  ( 1.000000000000000000, 0.000000000000000000, 3.154042683594199163E-15 ) ) ;
#5419 = ORIENTED_EDGE ( 'NONE', *, *, #5643, .F. ) ;
#5420 = EDGE_LOOP ( 'NONE', ( #1790, #4458, #4859, #4824 ) ) ;
#5421 = VECTOR ( 'NONE', #509, 1000.000000000000000 ) ;
#5422 = DIRECTION ( 'NONE',  ( 0.000000000000000000, 0.000000000000000000, -1.000000000000000000 ) ) ;
#5423 = AXIS2_PLACEMENT_3D ( 'NONE', #11044, #3148, #10876 ) ;
#5424 = DIRECTION ( 'NONE',  ( 0.000000000000000000, 1.000000000000000000, 0.000000000000000000 ) ) ;
#5425 = ORIENTED_EDGE ( 'NONE', *, *, #5886, .F. ) ;
#5426 = ORIENTED_EDGE ( 'NONE', *, *, #6942, .F. ) ;
#5427 = FACE_OUTER_BOUND ( 'NONE', #3267, .T. ) ;
#5428 = AXIS2_PLACEMENT_3D ( 'NONE', #2772, #2887, #10396 ) ;
#5429 = CARTESIAN_POINT ( 'NONE',  ( 2.500000000000000444, 0.6716990566028304688, -0.3749999999999990563 ) ) ;
#5430 = ORIENTED_EDGE ( 'NONE', *, *, #932, .F. ) ;
#5431 = FILL_AREA_STYLE ('',( #6447 ) ) ;
#5432 = AXIS2_PLACEMENT_3D ( 'NONE', #7181, #4763, #6279 ) ;
#5433 = EDGE_CURVE ( 'NONE', #2810, #4975, #10120, .T. ) ;
#5434 = PLANE ( 'NONE',  #2061 ) ;
#5435 = ADVANCED_FACE ( 'NONE', ( #5006 ), #2227, .T. ) ;
#5436 = CARTESIAN_POINT ( 'NONE',  ( -2.500000000000000888, 0.1999999999999999833, -0.6249999999999992228 ) ) ;
#5437 = ORIENTED_EDGE ( 'NONE', *, *, #11089, .T. ) ;
#5438 = CARTESIAN_POINT ( 'NONE',  ( -1.625000000000000222, 0.6716990566028303578, 2.500000000000000444 ) ) ;
#5439 = COLOUR_RGB ( '',0.7921568627450980005, 0.8196078431372548767, 0.9333333333333333481 ) ;
#5440 = AXIS2_PLACEMENT_3D ( 'NONE', #455, #6972, #719 ) ;
#5441 = DIRECTION ( 'NONE',  ( 0.000000000000000000, 0.000000000000000000, 1.000000000000000000 ) ) ;
#5442 = CARTESIAN_POINT ( 'NONE',  ( -2.500000000000000444, 0.1999999999999999833, -1.874999999999999112 ) ) ;
#5443 = DIRECTION ( 'NONE',  ( -7.885106708985485090E-16, 0.000000000000000000, -1.000000000000000000 ) ) ;
#5444 = ORIENTED_EDGE ( 'NONE', *, *, #4611, .T. ) ;
#5445 = EDGE_LOOP ( 'NONE', ( #3546, #4102, #8345, #1423 ) ) ;
#5446 = CARTESIAN_POINT ( 'NONE',  ( 2.225000000000000977, 0.000000000000000000, 0.2500000000000006661 ) ) ;
#5447 = LINE ( 'NONE', #8724, #7099 ) ;
#5448 = CIRCLE ( 'NONE', #8872, 0.1250000000000001110 ) ;
#5449 = ORIENTED_EDGE ( 'NONE', *, *, #9602, .T. ) ;
#5450 = ORIENTED_EDGE ( 'NONE', *, *, #4404, .F. ) ;
#5451 = DIRECTION ( 'NONE',  ( 0.000000000000000000, 0.000000000000000000, -1.000000000000000000 ) ) ;
#5452 = VECTOR ( 'NONE', #4103, 1000.000000000000000 ) ;
#5453 = ORIENTED_EDGE ( 'NONE', *, *, #9632, .T. ) ;
#5454 = PRESENTATION_LAYER_ASSIGNMENT (  '', '', ( #3464 ) ) ;
#5455 = CARTESIAN_POINT ( 'NONE',  ( -2.500000000000000444, 0.1999999999999999833, 0.6250000000000009992 ) ) ;
#5456 = AXIS2_PLACEMENT_3D ( 'NONE', #3167, #10722, #5720 ) ;
#5457 = CARTESIAN_POINT ( 'NONE',  ( -1.374999999999999778, 0.1999999999999999833, -2.225000000000000533 ) ) ;
#5458 = LINE ( 'NONE', #8952, #1819 ) ;
#5459 = DIRECTION ( 'NONE',  ( 0.000000000000000000, 0.000000000000000000, 1.000000000000000000 ) ) ;
#5460 = ORIENTED_EDGE ( 'NONE', *, *, #4828, .F. ) ;
#5461 = DIRECTION ( 'NONE',  ( -0.000000000000000000, -1.000000000000000000, -0.000000000000000000 ) ) ;
#5462 = CARTESIAN_POINT ( 'NONE',  ( -2.225000000000000977, 0.05000000000000002359, -1.624999999999999556 ) ) ;
#5463 = AXIS2_PLACEMENT_3D ( 'NONE', #5902, #832, #5956 ) ;
#5464 = ORIENTED_EDGE ( 'NONE', *, *, #8671, .F. ) ;
#5465 = EDGE_CURVE ( 'NONE', #4258, #4016, #5844, .T. ) ;
#5466 = LINE ( 'NONE', #8909, #2872 ) ;
#5467 = EDGE_LOOP ( 'NONE', ( #3258, #5012, #168, #8431 ) ) ;
#5468 = COLOUR_RGB ( '',0.7921568627450980005, 0.8196078431372548767, 0.9333333333333333481 ) ;
#5469 = EDGE_CURVE ( 'NONE', #7700, #3760, #5792, .T. ) ;
#5470 = LINE ( 'NONE', #7274, #714 ) ;
#5471 =( NAMED_UNIT ( * ) SI_UNIT ( $, .STERADIAN. ) SOLID_ANGLE_UNIT ( ) );
#5472 = DIRECTION ( 'NONE',  ( 0.000000000000000000, -0.000000000000000000, -1.000000000000000000 ) ) ;
#5473 = CARTESIAN_POINT ( 'NONE',  ( -0.6250000000000001110, 0.6716990566028303578, 2.225000000000000533 ) ) ;
#5474 = VERTEX_POINT ( 'NONE', #1548 ) ;
#5475 = SURFACE_SIDE_STYLE ('',( #10707 ) ) ;
#5476 = CARTESIAN_POINT ( 'NONE',  ( 1.375000000000000000, 0.000000000000000000, 2.500000000000000444 ) ) ;
#5477 = EDGE_LOOP ( 'NONE', ( #1095, #6732, #2267, #6227 ) ) ;
#5478 = AXIS2_PLACEMENT_3D ( 'NONE', #10667, #10842, #5550 ) ;
#5479 = EDGE_CURVE ( 'NONE', #5279, #1603, #7486, .T. ) ;
#5480 = CARTESIAN_POINT ( 'NONE',  ( -2.225000000000000977, 0.05000000000000002359, -0.8749999999999994449 ) ) ;
#5481 = VERTEX_POINT ( 'NONE', #1494 ) ;
#5482 = ORIENTED_EDGE ( 'NONE', *, *, #8937, .F. ) ;
#5483 = CARTESIAN_POINT ( 'NONE',  ( 2.500000000000000444, 0.1999999999999999833, 0.6250000000000009992 ) ) ;
#5484 = ORIENTED_EDGE ( 'NONE', *, *, #1607, .T. ) ;
#5485 = ORIENTED_EDGE ( 'NONE', *, *, #4086, .T. ) ;
#5486 = UNCERTAINTY_MEASURE_WITH_UNIT (LENGTH_MEASURE( 1.000000000000000082E-05 ), #9639, 'distance_accuracy_value', 'NONE');
#5487 = VECTOR ( 'NONE', #8672, 1000.000000000000000 ) ;
#5488 = CARTESIAN_POINT ( 'NONE',  ( 2.500000000000000888, 0.6716990566028304688, 1.875000000000000888 ) ) ;
#5489 = LINE ( 'NONE', #4525, #10231 ) ;
#5490 = VERTEX_POINT ( 'NONE', #9891 ) ;
#5491 = CARTESIAN_POINT ( 'NONE',  ( 1.749999999999999778, 0.04999999999999999584, 2.225000000000000533 ) ) ;
#5492 = FACE_OUTER_BOUND ( 'NONE', #2010, .T. ) ;
#5493 = ORIENTED_EDGE ( 'NONE', *, *, #407, .T. ) ;
#5494 = CARTESIAN_POINT ( 'NONE',  ( 2.225000000000000977, 0.6716990566028304688, -1.249999999999999334 ) ) ;
#5495 = VECTOR ( 'NONE', #5945, 1000.000000000000000 ) ;
#5496 = ADVANCED_FACE ( 'NONE', ( #3865 ), #496, .T. ) ;
#5497 = ADVANCED_FACE ( 'NONE', ( #2169 ), #4951, .T. ) ;
#5498 = FACE_OUTER_BOUND ( 'NONE', #1638, .T. ) ;
#5499 = DIRECTION ( 'NONE',  ( -1.000000000000000000, 0.000000000000000000, 7.885106708985485090E-16 ) ) ;
#5500 = AXIS2_PLACEMENT_3D ( 'NONE', #468, #8923, #8972 ) ;
#5501 = ORIENTED_EDGE ( 'NONE', *, *, #6391, .T. ) ;
#5502 = EDGE_LOOP ( 'NONE', ( #2320, #4003, #8896, #9148 ) ) ;
#5503 = PLANE ( 'NONE',  #3655 ) ;
#5504 = DIRECTION ( 'NONE',  ( 0.000000000000000000, 1.000000000000000000, -0.000000000000000000 ) ) ;
#5505 = ORIENTED_EDGE ( 'NONE', *, *, #2798, .F. ) ;
#5506 = CLOSED_SHELL ( 'NONE', ( #8508, #7371, #9671, #8042, #325, #8090, #4642 ) ) ;
#5507 = VERTEX_POINT ( 'NONE', #10916 ) ;
#5508 = VERTEX_POINT ( 'NONE', #4089 ) ;
#5509 = AXIS2_PLACEMENT_3D ( 'NONE', #2359, #8411, #1513 ) ;
#5510 = CARTESIAN_POINT ( 'NONE',  ( -2.500000000000000888, 0.6716990566028304688, -0.6249999999999992228 ) ) ;
#5511 = CARTESIAN_POINT ( 'NONE',  ( -0.6250000000000001110, 0.2000000000000000111, -2.500000000000000444 ) ) ;
#5512 = CARTESIAN_POINT ( 'NONE',  ( 1.375000000000000000, 0.6716990566028303578, -2.500000000000000444 ) ) ;
#5513 = CARTESIAN_POINT ( 'NONE',  ( -1.625000000000000222, 0.05000000000000000278, -2.500000000000000000 ) ) ;
#5514 = CARTESIAN_POINT ( 'NONE',  ( -2.500000000000000444, 0.6716990566028304688, -1.374999999999999112 ) ) ;
#5515 = VERTEX_POINT ( 'NONE', #3917 ) ;
#5516 = VECTOR ( 'NONE', #2765, 1000.000000000000000 ) ;
#5517 = CARTESIAN_POINT ( 'NONE',  ( 1.749999999999999778, 0.04999999999999999584, 2.100000000000000089 ) ) ;
#5518 = ORIENTED_EDGE ( 'NONE', *, *, #10935, .T. ) ;
#5519 = AXIS2_PLACEMENT_3D ( 'NONE', #10469, #2734, #9410 ) ;
#5520 = EDGE_CURVE ( 'NONE', #11021, #2298, #7372, .T. ) ;
#5521 = DIRECTION ( 'NONE',  ( 1.000000000000000000, 0.000000000000000000, -7.885106708985485090E-16 ) ) ;
#5522 = ORIENTED_EDGE ( 'NONE', *, *, #6434, .F. ) ;
#5523 = EDGE_LOOP ( 'NONE', ( #9576, #1484, #11153, #7958 ) ) ;
#5524 = DIRECTION ( 'NONE',  ( 0.000000000000000000, 0.000000000000000000, 1.000000000000000000 ) ) ;
#5525 = EDGE_LOOP ( 'NONE', ( #8725, #4806, #1295, #1213 ) ) ;
#5526 = LINE ( 'NONE', #8060, #3064 ) ;
#5527 = DIRECTION ( 'NONE',  ( 0.000000000000000000, 1.000000000000000000, 0.000000000000000000 ) ) ;
#5528 = CARTESIAN_POINT ( 'NONE',  ( -1.625000000000000222, 0.2000000000000000111, -2.225000000000000533 ) ) ;
#5529 = DIRECTION ( 'NONE',  ( 0.000000000000000000, 0.000000000000000000, -1.000000000000000000 ) ) ;
#5530 = LINE ( 'NONE', #8181, #5252 ) ;
#5531 = UNCERTAINTY_MEASURE_WITH_UNIT (LENGTH_MEASURE( 1.000000000000000082E-05 ), #9192, 'distance_accuracy_value', 'NONE');
#5532 = ORIENTED_EDGE ( 'NONE', *, *, #10718, .T. ) ;
#5533 = ADVANCED_FACE ( 'NONE', ( #10798 ), #3069, .T. ) ;
#5534 = PLANE ( 'NONE',  #771 ) ;
#5535 = ORIENTED_EDGE ( 'NONE', *, *, #843, .T. ) ;
#5536 = CARTESIAN_POINT ( 'NONE',  ( 2.225000000000000977, 0.6716990566028304688, 1.750000000000000666 ) ) ;
#5537 = ORIENTED_EDGE ( 'NONE', *, *, #1024, .F. ) ;
#5538 = ORIENTED_EDGE ( 'NONE', *, *, #8105, .F. ) ;
#5539 =( NAMED_UNIT ( * ) SI_UNIT ( $, .STERADIAN. ) SOLID_ANGLE_UNIT ( ) );
#5540 = CARTESIAN_POINT ( 'NONE',  ( -1.950000000000000844, 0.7500000000000000000, -1.950000000000000400 ) ) ;
#5541 = ORIENTED_EDGE ( 'NONE', *, *, #7711, .T. ) ;
#5542 = VERTEX_POINT ( 'NONE', #9952 ) ;
#5543 = EDGE_CURVE ( 'NONE', #7740, #6501, #555, .T. ) ;
#5544 = EDGE_CURVE ( 'NONE', #1239, #3818, #9119, .T. ) ;
#5545 = CARTESIAN_POINT ( 'NONE',  ( 0.2500000000000002220, 0.6716990566028303578, -2.225000000000000533 ) ) ;
#5546 = LINE ( 'NONE', #2207, #3299 ) ;
#5547 = ORIENTED_EDGE ( 'NONE', *, *, #7047, .F. ) ;
#5548 = CARTESIAN_POINT ( 'NONE',  ( 1.250000000000000222, 0.2000000000000000111, -2.225000000000000533 ) ) ;
#5549 = PLANE ( 'NONE',  #97 ) ;
#5550 = DIRECTION ( 'NONE',  ( 0.000000000000000000, 0.000000000000000000, 1.000000000000000000 ) ) ;
#5551 = ORIENTED_EDGE ( 'NONE', *, *, #2924, .T. ) ;
#5552 = FACE_OUTER_BOUND ( 'NONE', #6002, .T. ) ;
#5553 = DIRECTION ( 'NONE',  ( 0.000000000000000000, 0.000000000000000000, 1.000000000000000000 ) ) ;
#5554 = EDGE_CURVE ( 'NONE', #8038, #9782, #6626, .T. ) ;
#5555 = CARTESIAN_POINT ( 'NONE',  ( 2.500000000000000888, 0.6716990566028304688, 1.875000000000000888 ) ) ;
#5556 = ORIENTED_EDGE ( 'NONE', *, *, #7521, .T. ) ;
#5557 = ORIENTED_EDGE ( 'NONE', *, *, #9686, .T. ) ;
#5558 = EDGE_CURVE ( 'NONE', #4627, #9695, #2685, .T. ) ;
#5560 = EDGE_CURVE ( 'NONE', #1734, #8971, #11029, .T. ) ;
#5559 = DIRECTION ( 'NONE',  ( 0.000000000000000000, 0.000000000000000000, -1.000000000000000000 ) ) ;
#5561 = DIRECTION ( 'NONE',  ( 0.000000000000000000, -1.000000000000000000, 0.000000000000000000 ) ) ;
#5562 = EDGE_CURVE ( 'NONE', #4520, #1037, #7939, .T. ) ;
#5563 = VECTOR ( 'NONE', #85, 1000.000000000000000 ) ;
#5564 = DIRECTION ( 'NONE',  ( 0.000000000000000000, -1.000000000000000000, 0.000000000000000000 ) ) ;
#5565 = ORIENTED_EDGE ( 'NONE', *, *, #1758, .F. ) ;
#5566 = DIRECTION ( 'NONE',  ( 0.000000000000000000, -1.000000000000000000, 0.000000000000000000 ) ) ;
#5567 = LINE ( 'NONE', #9955, #11008 ) ;
#5568 = FACE_OUTER_BOUND ( 'NONE', #8792, .T. ) ;
#5569 = DIRECTION ( 'NONE',  ( -3.154042683594199163E-15, 0.000000000000000000, 1.000000000000000000 ) ) ;
#5570 = ORIENTED_EDGE ( 'NONE', *, *, #1409, .F. ) ;
#5571 = AXIS2_PLACEMENT_3D ( 'NONE', #4518, #1808, #6835 ) ;
#5572 = ADVANCED_FACE ( 'NONE', ( #6745 ), #5951, .T. ) ;
#5573 = DIRECTION ( 'NONE',  ( -1.734723475976808475E-15, 0.000000000000000000, 1.000000000000000000 ) ) ;
#5574 = ORIENTED_EDGE ( 'NONE', *, *, #8729, .T. ) ;
#5575 = CARTESIAN_POINT ( 'NONE',  ( 0.2499999999999997780, 0.04999999999999999584, 2.225000000000000533 ) ) ;
#5576 = EDGE_CURVE ( 'NONE', #7358, #11137, #5116, .T. ) ;
#5577 = FACE_OUTER_BOUND ( 'NONE', #7997, .T. ) ;
#5578 = ORIENTED_EDGE ( 'NONE', *, *, #7743, .T. ) ;
#5579 = CARTESIAN_POINT ( 'NONE',  ( 0.6250000000000001110, 0.1999999999999999833, 2.500000000000000444 ) ) ;
#5580 = ORIENTED_EDGE ( 'NONE', *, *, #1562, .T. ) ;
#5581 = AXIS2_PLACEMENT_3D ( 'NONE', #1907, #8523, #9419 ) ;
#5582 = CARTESIAN_POINT ( 'NONE',  ( -2.225000000000000977, 0.6716990566028304688, 1.250000000000000666 ) ) ;
#5583 = DIRECTION ( 'NONE',  ( 1.000000000000000000, -0.000000000000000000, 0.000000000000000000 ) ) ;
#5584 = LINE ( 'NONE', #7279, #3439 ) ;
#5585 = ORIENTED_EDGE ( 'NONE', *, *, #8232, .F. ) ;
#5586 = VECTOR ( 'NONE', #2290, 1000.000000000000000 ) ;
#5587 = DIRECTION ( 'NONE',  ( -1.000000000000000000, 0.000000000000000000, 3.154042683594199163E-15 ) ) ;
#5588 = ORIENTED_EDGE ( 'NONE', *, *, #6730, .T. ) ;
#5589 = LINE ( 'NONE', #8241, #2978 ) ;
#5590 = ORIENTED_EDGE ( 'NONE', *, *, #9097, .F. ) ;
#5591 = ORIENTED_EDGE ( 'NONE', *, *, #6811, .T. ) ;
#5592 = CARTESIAN_POINT ( 'NONE',  ( 2.500000000000000000, 8.671067811865475150, 2.499999999999999556 ) ) ;
#5593 = CARTESIAN_POINT ( 'NONE',  ( 1.125000000000000444, 0.2000000000000000111, -2.225000000000000533 ) ) ;
#5594 = MECHANICAL_DESIGN_GEOMETRIC_PRESENTATION_REPRESENTATION (  '', ( #2157 ), #1081 ) ;
#5595 = ADVANCED_FACE ( 'NONE', ( #928 ), #41, .F. ) ;
#5596 = ORIENTED_EDGE ( 'NONE', *, *, #6422, .T. ) ;
#5597 = AXIS2_PLACEMENT_3D ( 'NONE', #3186, #3242, #5684 ) ;
#5598 = VERTEX_POINT ( 'NONE', #3301 ) ;
#5599 = AXIS2_PLACEMENT_3D ( 'NONE', #6474, #7152, #10581 ) ;
#5600 = CYLINDRICAL_SURFACE ( 'NONE', #8000, 0.1250000000000001110 ) ;
#5601 = DIRECTION ( 'NONE',  ( -0.000000000000000000, -1.000000000000000000, -0.000000000000000000 ) ) ;
#5602 = ORIENTED_EDGE ( 'NONE', *, *, #8563, .F. ) ;
#5603 = CARTESIAN_POINT ( 'NONE',  ( -2.225000000000000977, 0.1999999999999999833, 0.8750000000000005551 ) ) ;
#5604 = CARTESIAN_POINT ( 'NONE',  ( -2.225000000000000977, 0.05000000000000002359, -0.2499999999999993616 ) ) ;
#5605 = AXIS2_PLACEMENT_3D ( 'NONE', #3363, #785, #10238 ) ;
#5606 = VECTOR ( 'NONE', #1651, 1000.000000000000000 ) ;
#5607 = LINE ( 'NONE', #4869, #10755 ) ;
#5608 = VERTEX_POINT ( 'NONE', #10178 ) ;
#5609 = DIRECTION ( 'NONE',  ( 1.000000000000000000, -0.000000000000000000, 0.000000000000000000 ) ) ;
#5610 = EDGE_CURVE ( 'NONE', #990, #4252, #6964, .T. ) ;
#5611 = ADVANCED_FACE ( 'NONE', ( #6012 ), #9390, .F. ) ;
#5612 = CARTESIAN_POINT ( 'NONE',  ( 1.625000000000000222, 0.2000000000000000111, 2.500000000000000444 ) ) ;
#5613 = VECTOR ( 'NONE', #4320, 1000.000000000000000 ) ;
#5614 = AXIS2_PLACEMENT_3D ( 'NONE', #9790, #7088, #7144 ) ;
#5615 = CARTESIAN_POINT ( 'NONE',  ( -0.7500000000000002220, 0.2000000000000000111, 2.100000000000000089 ) ) ;
#5616 = ORIENTED_EDGE ( 'NONE', *, *, #10925, .F. ) ;
#5617 = EDGE_LOOP ( 'NONE', ( #7561, #8292, #1537, #1762 ) ) ;
#5618 = DIRECTION ( 'NONE',  ( 1.000000000000000000, -0.000000000000000000, -0.000000000000000000 ) ) ;
#5619 = DIRECTION ( 'NONE',  ( 0.000000000000000000, 0.000000000000000000, -1.000000000000000000 ) ) ;
#5620 = VECTOR ( 'NONE', #2422, 1000.000000000000000 ) ;
#5621 = EDGE_CURVE ( 'NONE', #9712, #9684, #2614, .T. ) ;
#5622 = DIRECTION ( 'NONE',  ( 0.000000000000000000, -0.000000000000000000, -1.000000000000000000 ) ) ;
#5623 = DIRECTION ( 'NONE',  ( -0.000000000000000000, -1.000000000000000000, -0.000000000000000000 ) ) ;
#5624 = EDGE_LOOP ( 'NONE', ( #4128, #86, #7751, #10537 ) ) ;
#5625 = DIRECTION ( 'NONE',  ( -6.377659838150024995E-17, 0.000000000000000000, 1.000000000000000000 ) ) ;
#5626 =( GEOMETRIC_REPRESENTATION_CONTEXT ( 3 ) GLOBAL_UNCERTAINTY_ASSIGNED_CONTEXT ( ( #2348 ) ) GLOBAL_UNIT_ASSIGNED_CONTEXT ( ( #10234, #8451, #10184 ) ) REPRESENTATION_CONTEXT ( 'NONE', 'WORKASPACE' ) );
#5627 = AXIS2_PLACEMENT_3D ( 'NONE', #5514, #8953, #4716 ) ;
#5628 = FACE_OUTER_BOUND ( 'NONE', #3136, .T. ) ;
#5629 = CARTESIAN_POINT ( 'NONE',  ( -2.500000000000000888, 0.8000000000000003775, -2.500000000000000000 ) ) ;
#5630 = VERTEX_POINT ( 'NONE', #5272 ) ;
#5631 = LINE ( 'NONE', #4835, #798 ) ;
#5632 = LINE ( 'NONE', #2794, #1739 ) ;
#5633 = CIRCLE ( 'NONE', #3103, 0.1250000000000001110 ) ;
#5634 = EDGE_LOOP ( 'NONE', ( #622, #7250, #2969, #5591 ) ) ;
#5635 = EDGE_CURVE ( 'NONE', #9721, #1382, #9450, .T. ) ;
#5636 = CARTESIAN_POINT ( 'NONE',  ( -0.2499999999999997780, 0.2000000000000000111, -2.225000000000000533 ) ) ;
#5637 = ORIENTED_EDGE ( 'NONE', *, *, #8101, .T. ) ;
#5638 = VECTOR ( 'NONE', #6799, 1000.000000000000000 ) ;
#5639 = CARTESIAN_POINT ( 'NONE',  ( -1.250000000000000222, 0.1999999999999999833, 2.100000000000000089 ) ) ;
#5640 = EDGE_CURVE ( 'NONE', #7512, #10785, #4882, .T. ) ;
#5641 = CARTESIAN_POINT ( 'NONE',  ( 1.674999999999999822, 0.04999999999999969746, -1.724999999999999423 ) ) ;
#5642 = CARTESIAN_POINT ( 'NONE',  ( 0.3749999999999996669, 0.2000000000000000111, 2.225000000000000533 ) ) ;
#5643 = EDGE_CURVE ( 'NONE', #4752, #5474, #4319, .T. ) ;
#5644 = ADVANCED_FACE ( 'NONE', ( #8609 ), #11092, .T. ) ;
#5645 = CARTESIAN_POINT ( 'NONE',  ( 1.749999999999999778, 0.1999999999999999833, 2.225000000000000533 ) ) ;
#5646 = VERTEX_POINT ( 'NONE', #7664 ) ;
#5647 =( GEOMETRIC_REPRESENTATION_CONTEXT ( 3 ) GLOBAL_UNCERTAINTY_ASSIGNED_CONTEXT ( ( #5531 ) ) GLOBAL_UNIT_ASSIGNED_CONTEXT ( ( #9192, #7504, #7339 ) ) REPRESENTATION_CONTEXT ( 'NONE', 'WORKASPACE' ) );
#5648 = FILL_AREA_STYLE_COLOUR ( '', #7819 ) ;
#5649 = VECTOR ( 'NONE', #6418, 1000.000000000000000 ) ;
#5650 = DIRECTION ( 'NONE',  ( -1.000000000000000000, 0.000000000000000000, 0.000000000000000000 ) ) ;
#5651 = ORIENTED_EDGE ( 'NONE', *, *, #138, .T. ) ;
#5652 = EDGE_CURVE ( 'NONE', #2298, #2688, #1661, .T. ) ;
#5653 = DIRECTION ( 'NONE',  ( -0.000000000000000000, -0.000000000000000000, -1.000000000000000000 ) ) ;
#5654 = ORIENTED_EDGE ( 'NONE', *, *, #8886, .F. ) ;
#5655 = EDGE_LOOP ( 'NONE', ( #8464, #3324, #10955, #8996 ) ) ;
#5656 = CARTESIAN_POINT ( 'NONE',  ( 1.749999999999999778, 0.2000000000000000111, 2.225000000000000533 ) ) ;
#5657 = DIRECTION ( 'NONE',  ( 1.000000000000000000, 0.000000000000000000, -0.000000000000000000 ) ) ;
#5658 = VECTOR ( 'NONE', #316, 1000.000000000000000 ) ;
#5659 = ORIENTED_EDGE ( 'NONE', *, *, #2188, .T. ) ;
#5660 = VERTEX_POINT ( 'NONE', #6798 ) ;
#5661 = DIRECTION ( 'NONE',  ( 0.000000000000000000, 1.000000000000000000, 0.000000000000000000 ) ) ;
#5662 = EDGE_CURVE ( 'NONE', #9811, #6702, #3404, .T. ) ;
#5663 = DIRECTION ( 'NONE',  ( -0.000000000000000000, -1.000000000000000000, -0.000000000000000000 ) ) ;
#5664 = DIRECTION ( 'NONE',  ( 1.000000000000000000, -0.000000000000000000, 1.734723475976808475E-15 ) ) ;
#5665 = DIRECTION ( 'NONE',  ( 0.000000000000000000, -0.000000000000000000, 1.000000000000000000 ) ) ;
#5666 = VECTOR ( 'NONE', #10207, 1000.000000000000000 ) ;
#5667 = EDGE_LOOP ( 'NONE', ( #4163, #4663, #4465, #4000, #7744, #9932, #3400, #6816, #6601, #406, #518, #4439, #10659, #370, #3347, #3437, #2946, #4361, #6770, #7469, #8171, #2021, #7441, #7252, #2090, #10321, #8019, #9958, #2287, #6316, #8173, #9105, #5717, #4807, #8983, #2585 ) ) ;
#5668 =( LENGTH_UNIT ( ) NAMED_UNIT ( * ) SI_UNIT ( .MILLI., .METRE. ) );
#5669 = STYLED_ITEM ( 'NONE', ( #10485 ), #350 ) ;
#5670 = DIRECTION ( 'NONE',  ( 0.000000000000000000, 0.000000000000000000, -1.000000000000000000 ) ) ;
#5671 = VECTOR ( 'NONE', #5618, 1000.000000000000000 ) ;
#5672 = EDGE_CURVE ( 'NONE', #2050, #5258, #6908, .T. ) ;
#5673 = CARTESIAN_POINT ( 'NONE',  ( -1.125000000000000222, 0.6716990566028303578, -2.225000000000000533 ) ) ;
#5674 = ORIENTED_EDGE ( 'NONE', *, *, #4567, .F. ) ;
#5675 = DIRECTION ( 'NONE',  ( 0.000000000000000000, 0.000000000000000000, -1.000000000000000000 ) ) ;
#5676 = LINE ( 'NONE', #648, #3598 ) ;
#5677 = PLANE ( 'NONE',  #5378 ) ;
#5678 = ORIENTED_EDGE ( 'NONE', *, *, #4852, .T. ) ;
#5679 = ORIENTED_EDGE ( 'NONE', *, *, #10031, .T. ) ;
#5680 = DIRECTION ( 'NONE',  ( 0.000000000000000000, 0.000000000000000000, 1.000000000000000000 ) ) ;
#5681 = CARTESIAN_POINT ( 'NONE',  ( 1.125000000000000444, 0.04999999999999999584, -2.225000000000000533 ) ) ;
#5682 = EDGE_CURVE ( 'NONE', #842, #4252, #10346, .T. ) ;
#5683 = VECTOR ( 'NONE', #8550, 1000.000000000000000 ) ;
#5684 = DIRECTION ( 'NONE',  ( 0.000000000000000000, 0.000000000000000000, 1.000000000000000000 ) ) ;
#5685 = VECTOR ( 'NONE', #5653, 1000.000000000000000 ) ;
#5686 = DIRECTION ( 'NONE',  ( 0.000000000000000000, -1.000000000000000000, 0.000000000000000000 ) ) ;
#5687 = CARTESIAN_POINT ( 'NONE',  ( 2.500000000000000444, 0.04999999999999969746, 0.1250000000000009714 ) ) ;
#5688 = CARTESIAN_POINT ( 'NONE',  ( -2.500000000000000888, 0.1999999999999999833, 0.3750000000000007772 ) ) ;
#5689 = ADVANCED_FACE ( 'NONE', ( #92 ), #4142, .F. ) ;
#5690 = PLANE ( 'NONE',  #8887 ) ;
#5691 = ORIENTED_EDGE ( 'NONE', *, *, #6116, .F. ) ;
#5692 = DIRECTION ( 'NONE',  ( 0.000000000000000000, -1.000000000000000000, 0.000000000000000000 ) ) ;
#5693 = CARTESIAN_POINT ( 'NONE',  ( -1.749999999999999778, 0.2000000000000000111, -2.225000000000000533 ) ) ;
#5694 = ORIENTED_EDGE ( 'NONE', *, *, #463, .F. ) ;
#5695 = ORIENTED_EDGE ( 'NONE', *, *, #481, .F. ) ;
#5696 =( NAMED_UNIT ( * ) SI_UNIT ( $, .STERADIAN. ) SOLID_ANGLE_UNIT ( ) );
#5697 = DIRECTION ( 'NONE',  ( -1.734723475976808475E-15, 0.000000000000000000, -1.000000000000000000 ) ) ;
#5698 = CIRCLE ( 'NONE', #2264, 0.1250000000000001110 ) ;
#5699 = FACE_OUTER_BOUND ( 'NONE', #7104, .T. ) ;
#5700 = LINE ( 'NONE', #1448, #219 ) ;
#5701 = ORIENTED_EDGE ( 'NONE', *, *, #8375, .T. ) ;
#5702 = ADVANCED_FACE ( 'NONE', ( #4592 ), #10507, .T. ) ;
#5703 = DIRECTION ( 'NONE',  ( -7.885106708985485090E-16, 0.000000000000000000, -1.000000000000000000 ) ) ;
#5704 = EDGE_CURVE ( 'NONE', #332, #9206, #9544, .T. ) ;
#5705 = EDGE_CURVE ( 'NONE', #10752, #8838, #8822, .T. ) ;
#5706 = DIRECTION ( 'NONE',  ( -0.000000000000000000, -1.000000000000000000, -0.000000000000000000 ) ) ;
#5707 = EDGE_LOOP ( 'NONE', ( #7315, #7524, #5659, #8643 ) ) ;
#5708 = CARTESIAN_POINT ( 'NONE',  ( -2.225000000000000977, 0.1999999999999999833, 1.375000000000000666 ) ) ;
#5709 = EDGE_CURVE ( 'NONE', #9053, #556, #9832, .T. ) ;
#5710 = ORIENTED_EDGE ( 'NONE', *, *, #10571, .F. ) ;
#5711 = ORIENTED_EDGE ( 'NONE', *, *, #5054, .F. ) ;
#5712 = CIRCLE ( 'NONE', #7870, 0.1250000000000001110 ) ;
#5713 = CARTESIAN_POINT ( 'NONE',  ( -1.250000000000000222, 0.2000000000000000111, 2.225000000000000533 ) ) ;
#5714 = ORIENTED_EDGE ( 'NONE', *, *, #6778, .F. ) ;
#5715 = CARTESIAN_POINT ( 'NONE',  ( 1.375000000000000000, 0.6716990566028303578, 2.225000000000000533 ) ) ;
#5716 = ORIENTED_EDGE ( 'NONE', *, *, #3736, .T. ) ;
#5717 = ORIENTED_EDGE ( 'NONE', *, *, #1143, .T. ) ;
#5718 = DIRECTION ( 'NONE',  ( -0.000000000000000000, -1.000000000000000000, -0.000000000000000000 ) ) ;
#5719 = LINE ( 'NONE', #7467, #8514 ) ;
#5720 = DIRECTION ( 'NONE',  ( 0.000000000000000000, 0.000000000000000000, 1.000000000000000000 ) ) ;
#5721 = VERTEX_POINT ( 'NONE', #253 ) ;
#5722 = PLANE ( 'NONE',  #290 ) ;
#5723 = DIRECTION ( 'NONE',  ( 0.000000000000000000, 0.000000000000000000, 1.000000000000000000 ) ) ;
#5724 = LINE ( 'NONE', #587, #6192 ) ;
#5725 = EDGE_LOOP ( 'NONE', ( #10691, #8486, #1128, #2973 ) ) ;
#5726 = ORIENTED_EDGE ( 'NONE', *, *, #1202, .T. ) ;
#5727 = CARTESIAN_POINT ( 'NONE',  ( -1.375000000000000666, 0.1999999999999999833, -1.724999999999999867 ) ) ;
#5728 = CARTESIAN_POINT ( 'NONE',  ( 2.500000000000000000, 0.05000000000000000278, 2.499999999999999556 ) ) ;
#5729 = EDGE_CURVE ( 'NONE', #3527, #1239, #2885, .T. ) ;
#5730 = CARTESIAN_POINT ( 'NONE',  ( -1.375000000000000000, 0.05000000000000000278, 0.000000000000000000 ) ) ;
#5731 = ORIENTED_EDGE ( 'NONE', *, *, #7145, .F. ) ;
#5732 = VERTEX_POINT ( 'NONE', #9710 ) ;
#5733 = CARTESIAN_POINT ( 'NONE',  ( 0.6250000000000001110, 0.2000000000000000111, 2.225000000000000533 ) ) ;
#5734 = LINE ( 'NONE', #366, #4954 ) ;
#5735 = VECTOR ( 'NONE', #5304, 1000.000000000000000 ) ;
#5736 = CARTESIAN_POINT ( 'NONE',  ( -2.500000000000000444, 0.6716990566028304688, 1.125000000000000888 ) ) ;
#5737 = EDGE_CURVE ( 'NONE', #5073, #1866, #10672, .T. ) ;
#5738 = CARTESIAN_POINT ( 'NONE',  ( 2.225000000000000977, 0.1999999999999999833, 1.875000000000000666 ) ) ;
#5739 = EDGE_CURVE ( 'NONE', #239, #4752, #2161, .T. ) ;
#5740 = CARTESIAN_POINT ( 'NONE',  ( 2.225000000000000977, 0.1999999999999999833, -1.624999999999999556 ) ) ;
#5741 = DIRECTION ( 'NONE',  ( 0.000000000000000000, 1.000000000000000000, -0.000000000000000000 ) ) ;
#5742 = DIRECTION ( 'NONE',  ( -0.000000000000000000, -0.000000000000000000, 1.000000000000000000 ) ) ;
#5743 = VECTOR ( 'NONE', #1483, 1000.000000000000000 ) ;
#5744 = CYLINDRICAL_SURFACE ( 'NONE', #2123, 0.1250000000000001110 ) ;
#5745 = ORIENTED_EDGE ( 'NONE', *, *, #401, .T. ) ;
#5746 = FACE_OUTER_BOUND ( 'NONE', #6406, .T. ) ;
#5747 = EDGE_CURVE ( 'NONE', #6446, #562, #7205, .T. ) ;
#5748 = LINE ( 'NONE', #2243, #179 ) ;
#5749 = AXIS2_PLACEMENT_3D ( 'NONE', #815, #9273, #1587 ) ;
#5750 =( NAMED_UNIT ( * ) SI_UNIT ( $, .STERADIAN. ) SOLID_ANGLE_UNIT ( ) );
#5751 = DIRECTION ( 'NONE',  ( 1.000000000000000000, -0.000000000000000000, -0.000000000000000000 ) ) ;
#5752 = LINE ( 'NONE', #9084, #1287 ) ;
#5753 = VERTEX_POINT ( 'NONE', #2949 ) ;
#5754 = LINE ( 'NONE', #7681, #945 ) ;
#5755 = VERTEX_POINT ( 'NONE', #6403 ) ;
#5756 = AXIS2_PLACEMENT_3D ( 'NONE', #6769, #4915, #3266 ) ;
#5757 = CYLINDRICAL_SURFACE ( 'NONE', #651, 0.1250000000000001110 ) ;
#5758 = ORIENTED_EDGE ( 'NONE', *, *, #5416, .F. ) ;
#5759 = VERTEX_POINT ( 'NONE', #3625 ) ;
#5760 =( LENGTH_UNIT ( ) NAMED_UNIT ( * ) SI_UNIT ( .MILLI., .METRE. ) );
#5761 = ORIENTED_EDGE ( 'NONE', *, *, #481, .T. ) ;
#5762 = DIRECTION ( 'NONE',  ( 0.000000000000000000, 1.000000000000000000, -0.000000000000000000 ) ) ;
#5763 = EDGE_LOOP ( 'NONE', ( #462, #6561, #9850, #2601 ) ) ;
#5764 = DIRECTION ( 'NONE',  ( 0.000000000000000000, 1.000000000000000000, -0.000000000000000000 ) ) ;
#5765 = DIRECTION ( 'NONE',  ( 0.000000000000000000, 1.000000000000000000, 0.000000000000000000 ) ) ;
#5766 = VECTOR ( 'NONE', #10021, 1000.000000000000000 ) ;
#5767 = LINE ( 'NONE', #3109, #2726 ) ;
#5768 = FACE_OUTER_BOUND ( 'NONE', #6971, .T. ) ;
#5769 = EDGE_LOOP ( 'NONE', ( #5917, #9795, #813, #3741 ) ) ;
#5770 = SURFACE_STYLE_USAGE ( .BOTH. , #2313 ) ;
#5771 = DIRECTION ( 'NONE',  ( 0.000000000000000000, -1.000000000000000000, 0.000000000000000000 ) ) ;
#5772 = DIRECTION ( 'NONE',  ( 0.000000000000000000, -1.000000000000000000, 0.000000000000000000 ) ) ;
#5773 = ORIENTED_EDGE ( 'NONE', *, *, #4233, .T. ) ;
#5774 = ORIENTED_EDGE ( 'NONE', *, *, #320, .F. ) ;
#5775 = VECTOR ( 'NONE', #8470, 1000.000000000000000 ) ;
#5776 = FACE_OUTER_BOUND ( 'NONE', #8069, .T. ) ;
#5777 = VECTOR ( 'NONE', #6617, 1000.000000000000000 ) ;
#5778 = VECTOR ( 'NONE', #7646, 1000.000000000000000 ) ;
#5779 = ORIENTED_EDGE ( 'NONE', *, *, #4434, .T. ) ;
#5780 = DIRECTION ( 'NONE',  ( 1.000000000000000000, 0.000000000000000000, -3.154042683594199163E-15 ) ) ;
#5781 = EDGE_CURVE ( 'NONE', #10617, #5185, #5379, .T. ) ;
#5782 = EDGE_CURVE ( 'NONE', #2641, #10107, #10561, .T. ) ;
#5783 = AXIS2_PLACEMENT_3D ( 'NONE', #4220, #11104, #6921 ) ;
#5784 = DIRECTION ( 'NONE',  ( 7.885106708985485090E-16, 0.000000000000000000, -1.000000000000000000 ) ) ;
#5785 = VERTEX_POINT ( 'NONE', #1028 ) ;
#5786 = VERTEX_POINT ( 'NONE', #8718 ) ;
#5787 = VECTOR ( 'NONE', #10970, 1000.000000000000000 ) ;
#5788 = DIRECTION ( 'NONE',  ( -0.000000000000000000, -1.000000000000000000, -0.000000000000000000 ) ) ;
#5789 = CARTESIAN_POINT ( 'NONE',  ( -2.225000000000000977, 0.6716990566028304688, 0.7500000000000006661 ) ) ;
#5790 = CIRCLE ( 'NONE', #3794, 0.1250000000000001110 ) ;
#5791 = VECTOR ( 'NONE', #3713, 1000.000000000000000 ) ;
#5792 = LINE ( 'NONE', #661, #4500 ) ;
#5793 = SURFACE_STYLE_USAGE ( .BOTH. , #4952 ) ;
#5794 = LINE ( 'NONE', #7320, #5271 ) ;
#5795 = DIRECTION ( 'NONE',  ( 0.000000000000000000, -0.000000000000000000, 1.000000000000000000 ) ) ;
#5796 = DIRECTION ( 'NONE',  ( -1.000000000000000000, 0.000000000000000000, -1.913297951445008115E-16 ) ) ;
#5797 = VECTOR ( 'NONE', #2132, 1000.000000000000000 ) ;
#5798 = DIRECTION ( 'NONE',  ( 0.000000000000000000, -0.000000000000000000, 1.000000000000000000 ) ) ;
#5799 = EDGE_CURVE ( 'NONE', #11012, #2694, #4478, .T. ) ;
#5800 = EDGE_LOOP ( 'NONE', ( #102, #5366, #1401, #942 ) ) ;
#5801 = LINE ( 'NONE', #3146, #5766 ) ;
#5802 = VECTOR ( 'NONE', #1393, 1000.000000000000000 ) ;
#5803 =( NAMED_UNIT ( * ) PLANE_ANGLE_UNIT ( ) SI_UNIT ( $, .RADIAN. ) );
#5804 = CARTESIAN_POINT ( 'NONE',  ( 0.3749999999999996669, 0.000000000000000000, 2.225000000000000533 ) ) ;
#5805 = CARTESIAN_POINT ( 'NONE',  ( 0.6250000000000001110, 0.2000000000000000111, 2.500000000000000444 ) ) ;
#5806 = EDGE_LOOP ( 'NONE', ( #5651, #4787, #5314, #3030 ) ) ;
#5807 = DIRECTION ( 'NONE',  ( 0.000000000000000000, 0.000000000000000000, -1.000000000000000000 ) ) ;
#5808 = VECTOR ( 'NONE', #1602, 1000.000000000000000 ) ;
#5809 = ORIENTED_EDGE ( 'NONE', *, *, #2651, .T. ) ;
#5810 = ADVANCED_FACE ( 'NONE', ( #2771 ), #9664, .T. ) ;
#5811 = DIRECTION ( 'NONE',  ( -0.000000000000000000, -1.000000000000000000, -0.000000000000000000 ) ) ;
#5812 = ORIENTED_EDGE ( 'NONE', *, *, #4777, .F. ) ;
#5813 = VERTEX_POINT ( 'NONE', #7871 ) ;
#5814 = FILL_AREA_STYLE ('',( #4804 ) ) ;
#5815 = ORIENTED_EDGE ( 'NONE', *, *, #4466, .F. ) ;
#5816 = DIRECTION ( 'NONE',  ( -0.000000000000000000, -1.000000000000000000, -0.000000000000000000 ) ) ;
#5817 = ORIENTED_EDGE ( 'NONE', *, *, #5465, .T. ) ;
#5818 = AXIS2_PLACEMENT_3D ( 'NONE', #1786, #6871, #841 ) ;
#5819 = DIRECTION ( 'NONE',  ( 0.000000000000000000, 0.000000000000000000, 1.000000000000000000 ) ) ;
#5820 = COLOUR_RGB ( '',0.7921568627450980005, 0.8196078431372548767, 0.9333333333333333481 ) ;
#5821 = VECTOR ( 'NONE', #10897, 1000.000000000000000 ) ;
#5822 = DIRECTION ( 'NONE',  ( -3.154042683594199163E-15, 0.000000000000000000, 1.000000000000000000 ) ) ;
#5823 = DIRECTION ( 'NONE',  ( 0.000000000000000000, -1.000000000000000000, 0.000000000000000000 ) ) ;
#5824 = CARTESIAN_POINT ( 'NONE',  ( 2.225000000000000977, 0.000000000000000000, -0.8749999999999994449 ) ) ;
#5825 = ORIENTED_EDGE ( 'NONE', *, *, #5340, .F. ) ;
#5826 = DIRECTION ( 'NONE',  ( 0.000000000000000000, -1.000000000000000000, 0.000000000000000000 ) ) ;
#5827 = LINE ( 'NONE', #4929, #4588 ) ;
#5828 = VECTOR ( 'NONE', #6484, 1000.000000000000000 ) ;
#5829 = ORIENTED_EDGE ( 'NONE', *, *, #438, .T. ) ;
#5830 = VERTEX_POINT ( 'NONE', #7242 ) ;
#5831 = CIRCLE ( 'NONE', #954, 0.1250000000000002220 ) ;
#5832 = FILL_AREA_STYLE_COLOUR ( '', #957 ) ;
#5833 = CARTESIAN_POINT ( 'NONE',  ( -0.1250000000000003331, 0.04999999999999999584, 2.225000000000000533 ) ) ;
#5834 = ORIENTED_EDGE ( 'NONE', *, *, #1553, .T. ) ;
#5835 = CARTESIAN_POINT ( 'NONE',  ( 2.225000000000000977, 0.05000000000000002359, 0.1250000000000005551 ) ) ;
#5836 = VECTOR ( 'NONE', #2611, 1000.000000000000000 ) ;
#5837 = DIRECTION ( 'NONE',  ( 1.000000000000000000, 0.000000000000000000, -3.154042683594199163E-15 ) ) ;
#5838 = EDGE_LOOP ( 'NONE', ( #8475, #444, #6251, #2868 ) ) ;
#5839 = LINE ( 'NONE', #706, #4243 ) ;
#5840 = DIRECTION ( 'NONE',  ( -1.000000000000000000, -0.000000000000000000, 3.154042683594198769E-15 ) ) ;
#5841 = CARTESIAN_POINT ( 'NONE',  ( -2.500000000000000888, 0.6716990566028304688, -0.6249999999999992228 ) ) ;
#5842 = EDGE_CURVE ( 'NONE', #1966, #2474, #8482, .T. ) ;
#5843 = EDGE_CURVE ( 'NONE', #11021, #7721, #8035, .T. ) ;
#5844 = LINE ( 'NONE', #1322, #9363 ) ;
#5845 = CARTESIAN_POINT ( 'NONE',  ( 2.500000000000000888, 0.1999999999999999833, 1.375000000000000888 ) ) ;
#5846 = CARTESIAN_POINT ( 'NONE',  ( 0.8749999999999998890, 0.1999999999999999833, 2.500000000000000444 ) ) ;
#5847 = VECTOR ( 'NONE', #8086, 1000.000000000000000 ) ;
#5848 = AXIS2_PLACEMENT_3D ( 'NONE', #5227, #7670, #3247 ) ;
#5849 = LINE ( 'NONE', #8222, #5284 ) ;
#5850 = PLANE ( 'NONE',  #8006 ) ;
#5851 = DIRECTION ( 'NONE',  ( 0.000000000000000000, -1.000000000000000000, 0.000000000000000000 ) ) ;
#5852 = ORIENTED_EDGE ( 'NONE', *, *, #2117, .T. ) ;
#5853 = AXIS2_PLACEMENT_3D ( 'NONE', #8697, #8755, #5418 ) ;
#5854 = DIRECTION ( 'NONE',  ( -0.000000000000000000, -1.000000000000000000, -0.000000000000000000 ) ) ;
#5855 = VECTOR ( 'NONE', #1026, 1000.000000000000000 ) ;
#5856 = CARTESIAN_POINT ( 'NONE',  ( -1.125000000000000444, 0.6716990566028303578, 2.225000000000000533 ) ) ;
#5857 = FILL_AREA_STYLE ('',( #7550 ) ) ;
#5858 = DIRECTION ( 'NONE',  ( 1.000000000000000000, 0.000000000000000000, -3.154042683594199163E-15 ) ) ;
#5859 = DIRECTION ( 'NONE',  ( 0.000000000000000000, 0.000000000000000000, -1.000000000000000000 ) ) ;
#5860 = EDGE_CURVE ( 'NONE', #4909, #10696, #7184, .T. ) ;
#5861 = VERTEX_POINT ( 'NONE', #2046 ) ;
#5862 = DIRECTION ( 'NONE',  ( 0.000000000000000000, -1.000000000000000000, 0.000000000000000000 ) ) ;
#5863 = EDGE_LOOP ( 'NONE', ( #5370, #1395, #4880, #9420 ) ) ;
#5864 = DIRECTION ( 'NONE',  ( 0.000000000000000000, -1.000000000000000000, 0.000000000000000000 ) ) ;
#5865 = ORIENTED_EDGE ( 'NONE', *, *, #9185, .T. ) ;
#5866 = ORIENTED_EDGE ( 'NONE', *, *, #8802, .F. ) ;
#5867 = CARTESIAN_POINT ( 'NONE',  ( 1.875000000000000000, 0.1999999999999999833, -2.500000000000000444 ) ) ;
#5868 = VECTOR ( 'NONE', #8290, 1000.000000000000000 ) ;
#5869 = ORIENTED_EDGE ( 'NONE', *, *, #4249, .T. ) ;
#5870 = DIRECTION ( 'NONE',  ( -0.000000000000000000, -1.000000000000000000, -0.000000000000000000 ) ) ;
#5871 = CARTESIAN_POINT ( 'NONE',  ( 1.125000000000000222, 0.2000000000000000111, 2.500000000000000444 ) ) ;
#5872 = ADVANCED_FACE ( 'NONE', ( #5498 ), #8939, .F. ) ;
#5873 = DIRECTION ( 'NONE',  ( -1.000000000000000000, 0.000000000000000000, -7.885106708985485090E-16 ) ) ;
#5874 = VECTOR ( 'NONE', #2521, 1000.000000000000000 ) ;
#5875 = DIRECTION ( 'NONE',  ( 0.000000000000000000, 1.000000000000000000, 0.000000000000000000 ) ) ;
#5876 = ORIENTED_EDGE ( 'NONE', *, *, #11041, .F. ) ;
#5877 = MECHANICAL_DESIGN_GEOMETRIC_PRESENTATION_REPRESENTATION (  '', ( #7127 ), #10540 ) ;
#5878 = PRESENTATION_STYLE_ASSIGNMENT (( #5770 ) ) ;
#5879 = CARTESIAN_POINT ( 'NONE',  ( 2.500000000000000444, 0.000000000000000000, -0.3749999999999990563 ) ) ;
#5880 = VECTOR ( 'NONE', #9515, 1000.000000000000000 ) ;
#5881 = CARTESIAN_POINT ( 'NONE',  ( -2.500000000000000444, 0.04999999999999969746, -1.874999999999999112 ) ) ;
#5882 = ORIENTED_EDGE ( 'NONE', *, *, #3405, .F. ) ;
#5883 = ORIENTED_EDGE ( 'NONE', *, *, #6321, .F. ) ;
#5884 = CARTESIAN_POINT ( 'NONE',  ( 0.8749999999999996669, 0.1999999999999999833, 2.225000000000000533 ) ) ;
#5885 = CARTESIAN_POINT ( 'NONE',  ( -1.675000000000000711, 0.04999999999999969746, 1.725000000000000311 ) ) ;
#5886 = EDGE_CURVE ( 'NONE', #5308, #10081, #2515, .T. ) ;
#5887 = ORIENTED_EDGE ( 'NONE', *, *, #10623, .F. ) ;
#5888 = ORIENTED_EDGE ( 'NONE', *, *, #2635, .T. ) ;
#5889 = EDGE_CURVE ( 'NONE', #126, #5759, #1247, .T. ) ;
#5890 = PLANE ( 'NONE',  #9025 ) ;
#5891 = CYLINDRICAL_SURFACE ( 'NONE', #4844, 0.1250000000000002220 ) ;
#5892 = EDGE_LOOP ( 'NONE', ( #4519, #4647, #3557, #10385 ) ) ;
#5893 = DIRECTION ( 'NONE',  ( 0.000000000000000000, 0.000000000000000000, 1.000000000000000000 ) ) ;
#5894 = DIRECTION ( 'NONE',  ( -1.000000000000000000, 0.000000000000000000, 7.885106708985485090E-16 ) ) ;
#5895 = LINE ( 'NONE', #7661, #634 ) ;
#5896 = EDGE_CURVE ( 'NONE', #726, #2466, #10002, .T. ) ;
#5897 = CARTESIAN_POINT ( 'NONE',  ( -1.675000000000000711, 0.1999999999999996503, 1.675000000000000711 ) ) ;
#5898 = DIRECTION ( 'NONE',  ( 0.000000000000000000, 1.000000000000000000, 0.000000000000000000 ) ) ;
#5899 = EDGE_CURVE ( 'NONE', #6286, #1585, #10109, .T. ) ;
#5900 = LINE ( 'NONE', #5061, #5638 ) ;
#5901 = EDGE_CURVE ( 'NONE', #46, #7324, #8379, .T. ) ;
#5902 = CARTESIAN_POINT ( 'NONE',  ( -2.225000000000000977, 0.1999999999999999833, 0.2500000000000006661 ) ) ;
#5903 = FACE_OUTER_BOUND ( 'NONE', #10466, .T. ) ;
#5904 = VERTEX_POINT ( 'NONE', #6675 ) ;
#5905 = FACE_OUTER_BOUND ( 'NONE', #8046, .T. ) ;
#5906 = CARTESIAN_POINT ( 'NONE',  ( -1.281329840210142178E-15, 0.05000000000000000278, -1.625000000000001332 ) ) ;
#5907 = CARTESIAN_POINT ( 'NONE',  ( 0.6250000000000001110, 0.2000000000000000111, -2.500000000000000444 ) ) ;
#5909 = EDGE_CURVE ( 'NONE', #3770, #332, #5676, .T. ) ;
#5908 = DIRECTION ( 'NONE',  ( 0.000000000000000000, 0.000000000000000000, -1.000000000000000000 ) ) ;
#5910 = FACE_OUTER_BOUND ( 'NONE', #646, .T. ) ;
#5911 = ORIENTED_EDGE ( 'NONE', *, *, #310, .F. ) ;
#5912 = SURFACE_STYLE_USAGE ( .BOTH. , #7019 ) ;
#5913 = ADVANCED_FACE ( 'NONE', ( #9164 ), #2215, .F. ) ;
#5914 = LINE ( 'NONE', #4971, #3295 ) ;
#5915 = ORIENTED_EDGE ( 'NONE', *, *, #5560, .T. ) ;
#5916 = CARTESIAN_POINT ( 'NONE',  ( 2.225000000000000977, 0.1999999999999999833, -0.3749999999999994449 ) ) ;
#5917 = ORIENTED_EDGE ( 'NONE', *, *, #7953, .T. ) ;
#5918 = ORIENTED_EDGE ( 'NONE', *, *, #8143, .F. ) ;
#5919 = FACE_OUTER_BOUND ( 'NONE', #6890, .T. ) ;
#5920 = ORIENTED_EDGE ( 'NONE', *, *, #3043, .T. ) ;
#5921 = VECTOR ( 'NONE', #8489, 1000.000000000000000 ) ;
#5922 = CARTESIAN_POINT ( 'NONE',  ( 1.674999999999999822, 0.1999999999999996503, 1.675000000000000933 ) ) ;
#5923 = ORIENTED_EDGE ( 'NONE', *, *, #8447, .T. ) ;
#5924 = PLANE ( 'NONE',  #1433 ) ;
#5925 = CARTESIAN_POINT ( 'NONE',  ( 1.125000000000000222, 0.1999999999999999833, 2.500000000000000444 ) ) ;
#5926 = DIRECTION ( 'NONE',  ( -0.000000000000000000, -0.000000000000000000, -1.000000000000000000 ) ) ;
#5927 = ORIENTED_EDGE ( 'NONE', *, *, #9281, .F. ) ;
#5928 = PRESENTATION_STYLE_ASSIGNMENT (( #7638 ) ) ;
#5929 = AXIS2_PLACEMENT_3D ( 'NONE', #9890, #4996, #2167 ) ;
#5930 = CARTESIAN_POINT ( 'NONE',  ( -1.625000000000000222, 0.2000000000000000111, -2.500000000000000444 ) ) ;
#5931 = FACE_OUTER_BOUND ( 'NONE', #5025, .T. ) ;
#5932 = VERTEX_POINT ( 'NONE', #10788 ) ;
#5933 = VERTEX_POINT ( 'NONE', #9112 ) ;
#5934 = DIRECTION ( 'NONE',  ( 1.000000000000000000, -0.000000000000000000, 0.000000000000000000 ) ) ;
#5935 = CARTESIAN_POINT ( 'NONE',  ( 2.225000000000000977, 0.000000000000000000, 0.8750000000000005551 ) ) ;
#5936 = ORIENTED_EDGE ( 'NONE', *, *, #8747, .T. ) ;
#5937 = AXIS2_PLACEMENT_3D ( 'NONE', #5922, #8468, #739 ) ;
#5938 = EDGE_LOOP ( 'NONE', ( #4292, #362, #8706, #5464 ) ) ;
#5939 = CARTESIAN_POINT ( 'NONE',  ( -2.225000000000000977, 0.6716990566028304688, -1.374999999999999556 ) ) ;
#5940 = CARTESIAN_POINT ( 'NONE',  ( 1.971276677246352586E-15, 0.05000000000000000278, 0.6249999999999931166 ) ) ;
#5941 = DIRECTION ( 'NONE',  ( 0.000000000000000000, 1.000000000000000000, -0.000000000000000000 ) ) ;
#5942 = ORIENTED_EDGE ( 'NONE', *, *, #6196, .T. ) ;
#5943 = FACE_OUTER_BOUND ( 'NONE', #161, .T. ) ;
#5944 = LINE ( 'NONE', #5169, #4396 ) ;
#5945 = DIRECTION ( 'NONE',  ( 0.000000000000000000, -1.000000000000000000, 0.000000000000000000 ) ) ;
#5946 = VECTOR ( 'NONE', #6413, 1000.000000000000000 ) ;
#5947 = EDGE_CURVE ( 'NONE', #11057, #3670, #8148, .T. ) ;
#5948 = AXIS2_PLACEMENT_3D ( 'NONE', #3010, #4772, #4829 ) ;
#5949 = EDGE_CURVE ( 'NONE', #5598, #9358, #6125, .T. ) ;
#5950 = EDGE_CURVE ( 'NONE', #8027, #492, #2880, .T. ) ;
#5951 = PLANE ( 'NONE',  #10443 ) ;
#5952 = AXIS2_PLACEMENT_3D ( 'NONE', #4005, #9928, #11001 ) ;
#5953 = AXIS2_PLACEMENT_3D ( 'NONE', #1930, #8884, #1142 ) ;
#5954 = DIRECTION ( 'NONE',  ( 0.000000000000000000, 0.000000000000000000, 1.000000000000000000 ) ) ;
#5955 = LINE ( 'NONE', #11033, #227 ) ;
#5956 = DIRECTION ( 'NONE',  ( 0.000000000000000000, 0.000000000000000000, 1.000000000000000000 ) ) ;
#5957 = CARTESIAN_POINT ( 'NONE',  ( -1.874999999999999778, 0.2000000000000000111, -2.225000000000000533 ) ) ;
#5958 = ADVANCED_FACE ( 'NONE', ( #10733 ), #3854, .F. ) ;
#5959 = VERTEX_POINT ( 'NONE', #7306 ) ;
#5960 = VECTOR ( 'NONE', #6246, 1000.000000000000000 ) ;
#5961 = ADVANCED_FACE ( 'NONE', ( #3002 ), #9050, .F. ) ;
#5962 = VERTEX_POINT ( 'NONE', #8258 ) ;
#5963 = CARTESIAN_POINT ( 'NONE',  ( -2.500000000000000444, 0.6716990566028304688, -0.3749999999999990563 ) ) ;
#5964 = PLANE ( 'NONE',  #2869 ) ;
#5965 = DIRECTION ( 'NONE',  ( 1.000000000000000000, 0.000000000000000000, -0.000000000000000000 ) ) ;
#5966 = FACE_OUTER_BOUND ( 'NONE', #584, .T. ) ;
#5967 = AXIS2_PLACEMENT_3D ( 'NONE', #2616, #4378, #6068 ) ;
#5968 = CARTESIAN_POINT ( 'NONE',  ( -0.6250000000000003331, 0.1999999999999999833, 2.225000000000000533 ) ) ;
#5969 = EDGE_LOOP ( 'NONE', ( #8057, #2071, #10555, #223 ) ) ;
#5970 = VECTOR ( 'NONE', #6337, 1000.000000000000000 ) ;
#5971 = DIRECTION ( 'NONE',  ( 0.000000000000000000, 0.000000000000000000, -1.000000000000000000 ) ) ;
#5972 = ORIENTED_EDGE ( 'NONE', *, *, #874, .F. ) ;
#5973 = LINE ( 'NONE', #9352, #8484 ) ;
#5974 = VERTEX_POINT ( 'NONE', #10961 ) ;
#5975 = EDGE_LOOP ( 'NONE', ( #3022, #527, #5177, #76 ) ) ;
#5976 = VECTOR ( 'NONE', #5983, 1000.000000000000000 ) ;
#5977 = LINE ( 'NONE', #5406, #8763 ) ;
#5978 = ADVANCED_FACE ( 'NONE', ( #535 ), #6567, .T. ) ;
#5979 = FACE_OUTER_BOUND ( 'NONE', #2911, .T. ) ;
#5980 = EDGE_CURVE ( 'NONE', #9698, #3251, #1632, .T. ) ;
#5981 = UNCERTAINTY_MEASURE_WITH_UNIT (LENGTH_MEASURE( 1.000000000000000082E-05 ), #3436, 'distance_accuracy_value', 'NONE');
#5982 = PLANE ( 'NONE',  #10615 ) ;
#5983 = DIRECTION ( 'NONE',  ( -0.000000000000000000, -1.000000000000000000, -0.000000000000000000 ) ) ;
#5984 = VERTEX_POINT ( 'NONE', #5612 ) ;
#5985 = DIRECTION ( 'NONE',  ( -6.377659838150024995E-17, 0.000000000000000000, 1.000000000000000000 ) ) ;
#5986 = VECTOR ( 'NONE', #10525, 1000.000000000000000 ) ;
#5987 = LINE ( 'NONE', #2427, #7982 ) ;
#5988 = ORIENTED_EDGE ( 'NONE', *, *, #7611, .T. ) ;
#5989 = CARTESIAN_POINT ( 'NONE',  ( -2.225000000000000977, 0.05000000000000002359, 1.750000000000000666 ) ) ;
#5990 = LINE ( 'NONE', #2375, #10146 ) ;
#5991 = CARTESIAN_POINT ( 'NONE',  ( -2.225000000000000977, 0.000000000000000000, 0.7500000000000006661 ) ) ;
#5992 = ORIENTED_EDGE ( 'NONE', *, *, #1184, .T. ) ;
#5993 = ORIENTED_EDGE ( 'NONE', *, *, #9408, .F. ) ;
#5994 = CARTESIAN_POINT ( 'NONE',  ( 1.674999999999999822, 0.000000000000000000, 1.725000000000000533 ) ) ;
#5995 = VECTOR ( 'NONE', #4740, 1000.000000000000000 ) ;
#5996 =( GEOMETRIC_REPRESENTATION_CONTEXT ( 3 ) GLOBAL_UNCERTAINTY_ASSIGNED_CONTEXT ( ( #4980 ) ) GLOBAL_UNIT_ASSIGNED_CONTEXT ( ( #3658, #10538, #10482 ) ) REPRESENTATION_CONTEXT ( 'NONE', 'WORKASPACE' ) );
#5997 = EDGE_CURVE ( 'NONE', #7843, #7141, #7479, .T. ) ;
#5998 = CARTESIAN_POINT ( 'NONE',  ( -1.675000000000000711, 0.04999999999999969746, 1.675000000000000711 ) ) ;
#5999 = CIRCLE ( 'NONE', #5115, 0.1250000000000001110 ) ;
#6000 = AXIS2_PLACEMENT_3D ( 'NONE', #7928, #6173, #1087 ) ;
#6001 = VERTEX_POINT ( 'NONE', #1309 ) ;
#6002 = EDGE_LOOP ( 'NONE', ( #8570, #915, #3730, #9503 ) ) ;
#6003 = CARTESIAN_POINT ( 'NONE',  ( -2.225000000000000977, 0.1999999999999999833, 0.7500000000000006661 ) ) ;
#6004 = DIRECTION ( 'NONE',  ( 0.000000000000000000, 0.000000000000000000, -1.000000000000000000 ) ) ;
#6005 = DIRECTION ( 'NONE',  ( 3.154042683594199163E-15, 0.000000000000000000, 1.000000000000000000 ) ) ;
#6006 = ORIENTED_EDGE ( 'NONE', *, *, #8922, .F. ) ;
#6007 = EDGE_CURVE ( 'NONE', #1020, #7685, #592, .T. ) ;
#6008 = CARTESIAN_POINT ( 'NONE',  ( -2.500000000000000888, 0.6716990566028304688, -0.1249999999999992506 ) ) ;
#6009 = CARTESIAN_POINT ( 'NONE',  ( -0.6250000000000003331, 0.04999999999999999584, 2.225000000000000533 ) ) ;
#6010 = DIRECTION ( 'NONE',  ( -0.000000000000000000, -1.000000000000000000, -0.000000000000000000 ) ) ;
#6011 = AXIS2_PLACEMENT_3D ( 'NONE', #880, #99, #144 ) ;
#6012 = FACE_OUTER_BOUND ( 'NONE', #5624, .T. ) ;
#6013 = AXIS2_PLACEMENT_3D ( 'NONE', #10661, #7969, #1186 ) ;
#6014 =( NAMED_UNIT ( * ) SI_UNIT ( $, .STERADIAN. ) SOLID_ANGLE_UNIT ( ) );
#6015 = DIRECTION ( 'NONE',  ( 0.000000000000000000, 0.000000000000000000, 1.000000000000000000 ) ) ;
#6016 = ORIENTED_EDGE ( 'NONE', *, *, #7904, .T. ) ;
#6017 = EDGE_CURVE ( 'NONE', #3099, #8410, #5000, .T. ) ;
#6018 = LINE ( 'NONE', #9455, #604 ) ;
#6019 = CARTESIAN_POINT ( 'NONE',  ( -1.749999999999999778, 0.2000000000000000111, -2.225000000000000533 ) ) ;
#6020 = LINE ( 'NONE', #5510, #5037 ) ;
#6021 = DIRECTION ( 'NONE',  ( 1.000000000000000000, -0.000000000000000000, 1.734723475976808475E-15 ) ) ;
#6022 = EDGE_CURVE ( 'NONE', #5732, #5646, #3289, .T. ) ;
#6023 = VECTOR ( 'NONE', #4783, 1000.000000000000000 ) ;
#6024 = DIRECTION ( 'NONE',  ( -0.000000000000000000, -1.000000000000000000, -0.000000000000000000 ) ) ;
#6025 = DIRECTION ( 'NONE',  ( -0.000000000000000000, -1.000000000000000000, -0.000000000000000000 ) ) ;
#6026 = CYLINDRICAL_SURFACE ( 'NONE', #9577, 0.1250000000000002220 ) ;
#6027 = ORIENTED_EDGE ( 'NONE', *, *, #3422, .F. ) ;
#6028 = CARTESIAN_POINT ( 'NONE',  ( 0.1250000000000001110, 0.2000000000000000111, -2.500000000000000444 ) ) ;
#6029 = ORIENTED_EDGE ( 'NONE', *, *, #6055, .F. ) ;
#6030 = VECTOR ( 'NONE', #5313, 1000.000000000000000 ) ;
#6031 = CIRCLE ( 'NONE', #1155, 0.1250000000000001110 ) ;
#6032 = CYLINDRICAL_SURFACE ( 'NONE', #10082, 0.1250000000000001110 ) ;
#6033 = ORIENTED_EDGE ( 'NONE', *, *, #5101, .F. ) ;
#6034 = DIRECTION ( 'NONE',  ( 0.000000000000000000, -0.000000000000000000, 1.000000000000000000 ) ) ;
#6035 = DIRECTION ( 'NONE',  ( 0.000000000000000000, 1.000000000000000000, 0.000000000000000000 ) ) ;
#6036 = VERTEX_POINT ( 'NONE', #10217 ) ;
#6037 = FACE_OUTER_BOUND ( 'NONE', #8916, .T. ) ;
#6038 = LINE ( 'NONE', #9477, #10644 ) ;
#6039 = ORIENTED_EDGE ( 'NONE', *, *, #121, .F. ) ;
#6040 = ADVANCED_FACE ( 'NONE', ( #4254 ), #5890, .T. ) ;
#6041 = CARTESIAN_POINT ( 'NONE',  ( 0.3749999999999998890, 0.000000000000000000, 2.225000000000000533 ) ) ;
#6042 = ADVANCED_FACE ( 'NONE', ( #2544 ), #6053, .F. ) ;
#6043 = ORIENTED_EDGE ( 'NONE', *, *, #1326, .T. ) ;
#6044 = CARTESIAN_POINT ( 'NONE',  ( -0.3749999999999998890, 0.2000000000000000111, 2.500000000000000444 ) ) ;
#6045 = CARTESIAN_POINT ( 'NONE',  ( 2.500000000000000000, 0.05000000000000000278, 2.499999999999999556 ) ) ;
#6046 = DIRECTION ( 'NONE',  ( -0.000000000000000000, 0.000000000000000000, 1.000000000000000000 ) ) ;
#6047 = ORIENTED_EDGE ( 'NONE', *, *, #5950, .F. ) ;
#6048 = ORIENTED_EDGE ( 'NONE', *, *, #9198, .T. ) ;
#6049 = CIRCLE ( 'NONE', #5509, 0.1250000000000001110 ) ;
#6050 = DIRECTION ( 'NONE',  ( 0.000000000000000000, -1.000000000000000000, 0.000000000000000000 ) ) ;
#6051 = ORIENTED_EDGE ( 'NONE', *, *, #2070, .F. ) ;
#6052 = EDGE_LOOP ( 'NONE', ( #8593, #3727, #315, #1054 ) ) ;
#6053 = PLANE ( 'NONE',  #6860 ) ;
#6054 = PRESENTATION_LAYER_ASSIGNMENT (  '', '', ( #656 ) ) ;
#6055 = EDGE_CURVE ( 'NONE', #8752, #678, #11133, .T. ) ;
#6056 = AXIS2_PLACEMENT_3D ( 'NONE', #8414, #11060, #3212 ) ;
#6057 = DIRECTION ( 'NONE',  ( 1.000000000000000000, 0.000000000000000000, -3.154042683594199163E-15 ) ) ;
#6058 = CARTESIAN_POINT ( 'NONE',  ( 1.375000000000000000, 0.1999999999999999833, 2.500000000000000444 ) ) ;
#6059 = VERTEX_POINT ( 'NONE', #6954 ) ;
#6060 = DIRECTION ( 'NONE',  ( 0.000000000000000000, -0.000000000000000000, 1.000000000000000000 ) ) ;
#6061 = EDGE_CURVE ( 'NONE', #4999, #243, #8432, .T. ) ;
#6062 = DIRECTION ( 'NONE',  ( 0.000000000000000000, 1.000000000000000000, -0.000000000000000000 ) ) ;
#6063 = DIRECTION ( 'NONE',  ( -1.000000000000000000, 0.000000000000000000, 3.154042683594199163E-15 ) ) ;
#6064 = CARTESIAN_POINT ( 'NONE',  ( -1.875000000000000000, 0.6716990566028303578, 2.225000000000000533 ) ) ;
#6065 = ADVANCED_BREP_SHAPE_REPRESENTATION ( '32-Lead (5mm + 5mm) Plastic QFN_qfn_32_05-08-1693.pdf', ( #3872, #3943, #11146, #3567, #7292, #4022, #183, #302, #7640, #241, #3642, #7384, #7351, #11016, #7663, #4080, #3660, #11077, #7313, #3530, #7802, #11034, #202, #7273, #3890, #350, #3548, #279, #3696, #3907, #7332, #7714, #11053, #7595, #7614, #4198 ), #6182 ) ;
#6066 = EDGE_CURVE ( 'NONE', #6001, #4107, #7778, .T. ) ;
#6067 = DIRECTION ( 'NONE',  ( -0.000000000000000000, -1.000000000000000000, -0.000000000000000000 ) ) ;
#6068 = DIRECTION ( 'NONE',  ( 0.000000000000000000, 0.000000000000000000, -1.000000000000000000 ) ) ;
#6069 = DIRECTION ( 'NONE',  ( 1.000000000000000000, -0.000000000000000000, 7.885106708985485090E-16 ) ) ;
#6070 = ORIENTED_EDGE ( 'NONE', *, *, #389, .F. ) ;
#6071 = DIRECTION ( 'NONE',  ( 0.000000000000000000, -1.000000000000000000, 0.000000000000000000 ) ) ;
#6072 = DIRECTION ( 'NONE',  ( 0.000000000000000000, -1.000000000000000000, 0.000000000000000000 ) ) ;
#6073 = ORIENTED_EDGE ( 'NONE', *, *, #4404, .T. ) ;
#6074 = DIRECTION ( 'NONE',  ( 0.000000000000000000, 1.000000000000000000, 0.000000000000000000 ) ) ;
#6075 = EDGE_CURVE ( 'NONE', #7668, #1773, #7813, .T. ) ;
#6076 = CARTESIAN_POINT ( 'NONE',  ( 2.225000000000000977, 0.1999999999999999833, 0.7500000000000006661 ) ) ;
#6077 = SURFACE_STYLE_FILL_AREA ( #105 ) ;
#6078 = CARTESIAN_POINT ( 'NONE',  ( -0.8749999999999996669, 0.1999999999999999833, -2.225000000000000533 ) ) ;
#6079 = DIRECTION ( 'NONE',  ( -0.000000000000000000, -1.000000000000000000, 0.000000000000000000 ) ) ;
#6080 = ORIENTED_EDGE ( 'NONE', *, *, #9331, .T. ) ;
#6081 = CARTESIAN_POINT ( 'NONE',  ( 1.249999999999999778, 0.000000000000000000, 2.225000000000000533 ) ) ;
#6082 = ORIENTED_EDGE ( 'NONE', *, *, #1492, .F. ) ;
#6083 = EDGE_CURVE ( 'NONE', #9695, #6273, #819, .T. ) ;
#6084 = PRESENTATION_LAYER_ASSIGNMENT (  '', '', ( #4641 ) ) ;
#6085 = DIRECTION ( 'NONE',  ( 1.000000000000000000, 0.000000000000000000, -3.154042683594199163E-15 ) ) ;
#6086 = EDGE_LOOP ( 'NONE', ( #7790, #10564, #8150, #3387 ) ) ;
#6087 = ORIENTED_EDGE ( 'NONE', *, *, #10094, .T. ) ;
#6088 = SURFACE_STYLE_FILL_AREA ( #2580 ) ;
#6089 = CARTESIAN_POINT ( 'NONE',  ( 0.8749999999999998890, 0.1999999999999999833, -2.500000000000000444 ) ) ;
#6090 = CARTESIAN_POINT ( 'NONE',  ( -1.749999999999999778, 0.2000000000000000111, -2.225000000000000533 ) ) ;
#6091 = DIRECTION ( 'NONE',  ( 0.000000000000000000, 0.000000000000000000, -1.000000000000000000 ) ) ;
#6092 = ORIENTED_EDGE ( 'NONE', *, *, #6588, .F. ) ;
#6093 = SURFACE_STYLE_USAGE ( .BOTH. , #2686 ) ;
#6094 = ORIENTED_EDGE ( 'NONE', *, *, #8775, .T. ) ;
#6095 = CARTESIAN_POINT ( 'NONE',  ( -2.500000000000000888, 0.000000000000000000, -0.6249999999999992228 ) ) ;
#6096 = CYLINDRICAL_SURFACE ( 'NONE', #7808, 0.1250000000000002220 ) ;
#6097 = CIRCLE ( 'NONE', #8985, 0.1250000000000001110 ) ;
#6098 = LINE ( 'NONE', #232, #1521 ) ;
#6099 = ORIENTED_EDGE ( 'NONE', *, *, #11139, .T. ) ;
#6100 = ORIENTED_EDGE ( 'NONE', *, *, #8780, .T. ) ;
#6101 = FACE_OUTER_BOUND ( 'NONE', #8907, .T. ) ;
#6102 = DIRECTION ( 'NONE',  ( -1.000000000000000000, 0.000000000000000000, 7.885106708985485090E-16 ) ) ;
#6103 = ORIENTED_EDGE ( 'NONE', *, *, #10655, .T. ) ;
#6104 = ORIENTED_EDGE ( 'NONE', *, *, #7361, .T. ) ;
#6105 = ADVANCED_FACE ( 'NONE', ( #3449 ), #11081, .T. ) ;
#6106 = CARTESIAN_POINT ( 'NONE',  ( -1.950000000000000844, 0.8000000000000000444, -1.950000000000000400 ) ) ;
#6107 = AXIS2_PLACEMENT_3D ( 'NONE', #6294, #10685, #7140 ) ;
#6108 = CARTESIAN_POINT ( 'NONE',  ( 2.500000000000000444, 0.6716990566028304688, -0.3749999999999990563 ) ) ;
#6109 = DIRECTION ( 'NONE',  ( -0.000000000000000000, -1.000000000000000000, -0.000000000000000000 ) ) ;
#6110 = ORIENTED_EDGE ( 'NONE', *, *, #285, .T. ) ;
#6111 = CARTESIAN_POINT ( 'NONE',  ( 0.2500000000000002220, 0.1999999999999999833, -2.225000000000000533 ) ) ;
#6112 = CARTESIAN_POINT ( 'NONE',  ( 1.249999999999999778, 0.000000000000000000, 2.100000000000000089 ) ) ;
#6113 = DIRECTION ( 'NONE',  ( -1.000000000000000000, -0.000000000000000000, 3.154042683594198769E-15 ) ) ;
#6114 = VECTOR ( 'NONE', #6202, 1000.000000000000000 ) ;
#6115 = EDGE_CURVE ( 'NONE', #9651, #10632, #702, .T. ) ;
#6116 = EDGE_CURVE ( 'NONE', #8524, #1019, #8665, .T. ) ;
#6117 = DIRECTION ( 'NONE',  ( 0.000000000000000000, 0.000000000000000000, -1.000000000000000000 ) ) ;
#6118 = EDGE_CURVE ( 'NONE', #3889, #3974, #5159, .T. ) ;
#6119 = LINE ( 'NONE', #7666, #7798 ) ;
#6120 = ORIENTED_EDGE ( 'NONE', *, *, #2173, .F. ) ;
#6121 = CIRCLE ( 'NONE', #10071, 0.1250000000000002220 ) ;
#6122 = DIRECTION ( 'NONE',  ( 0.000000000000000000, -1.000000000000000000, 0.000000000000000000 ) ) ;
#6123 = FACE_OUTER_BOUND ( 'NONE', #4803, .T. ) ;
#6124 = AXIS2_PLACEMENT_3D ( 'NONE', #2682, #9521, #8525 ) ;
#6125 = CIRCLE ( 'NONE', #3965, 0.1250000000000001110 ) ;
#6126 = DIRECTION ( 'NONE',  ( 0.000000000000000000, 0.000000000000000000, -1.000000000000000000 ) ) ;
#6127 = CIRCLE ( 'NONE', #7027, 0.1250000000000001110 ) ;
#6128 = CARTESIAN_POINT ( 'NONE',  ( 1.250000000000000222, 0.000000000000000000, -2.225000000000000533 ) ) ;
#6129 = CARTESIAN_POINT ( 'NONE',  ( -1.950000000000000844, 0.7500000000000000000, -2.200000000000001066 ) ) ;
#6130 = CARTESIAN_POINT ( 'NONE',  ( -0.8749999999999998890, 0.2000000000000000111, -2.500000000000000444 ) ) ;
#6131 = VERTEX_POINT ( 'NONE', #1590 ) ;
#6132 = MECHANICAL_DESIGN_GEOMETRIC_PRESENTATION_REPRESENTATION (  '', ( #7768 ), #1259 ) ;
#6133 = AXIS2_PLACEMENT_3D ( 'NONE', #2184, #5583, #8914 ) ;
#6134 = CARTESIAN_POINT ( 'NONE',  ( 1.250000000000000222, 0.1999999999999999833, -2.225000000000000533 ) ) ;
#6135 = DIRECTION ( 'NONE',  ( 0.000000000000000000, -1.000000000000000000, 0.000000000000000000 ) ) ;
#6136 = EDGE_LOOP ( 'NONE', ( #851, #9406, #2797, #9537, #1301 ) ) ;
#6137 = DIRECTION ( 'NONE',  ( 0.000000000000000000, -1.000000000000000000, 0.000000000000000000 ) ) ;
#6138 = DIRECTION ( 'NONE',  ( -0.000000000000000000, -1.000000000000000000, -0.000000000000000000 ) ) ;
#6139 = CIRCLE ( 'NONE', #5967, 0.1250000000000001110 ) ;
#6140 = AXIS2_PLACEMENT_3D ( 'NONE', #9729, #2063, #2902 ) ;
#6141 = CARTESIAN_POINT ( 'NONE',  ( 2.225000000000000977, 0.6716990566028304688, 1.875000000000000666 ) ) ;
#6142 = CARTESIAN_POINT ( 'NONE',  ( 2.225000000000000977, 0.6716990566028304688, -0.6249999999999994449 ) ) ;
#6143 = VERTEX_POINT ( 'NONE', #10335 ) ;
#6144 = DIRECTION ( 'NONE',  ( 1.000000000000000000, -0.000000000000000000, -0.000000000000000000 ) ) ;
#6145 = ORIENTED_EDGE ( 'NONE', *, *, #7627, .F. ) ;
#6146 = EDGE_CURVE ( 'NONE', #6586, #3527, #2604, .T. ) ;
#6147 = FACE_OUTER_BOUND ( 'NONE', #8466, .T. ) ;
#6148 = LINE ( 'NONE', #3550, #3637 ) ;
#6149 = AXIS2_PLACEMENT_3D ( 'NONE', #9151, #10834, #3271 ) ;
#6150 = LINE ( 'NONE', #10487, #5319 ) ;
#6151 = ORIENTED_EDGE ( 'NONE', *, *, #5129, .F. ) ;
#6152 = VERTEX_POINT ( 'NONE', #7587 ) ;
#6153 = CARTESIAN_POINT ( 'NONE',  ( -2.500000000000000444, 0.6716990566028304688, -1.874999999999999112 ) ) ;
#6154 = LINE ( 'NONE', #10271, #5210 ) ;
#6155 = ORIENTED_EDGE ( 'NONE', *, *, #1935, .F. ) ;
#6156 = ORIENTED_EDGE ( 'NONE', *, *, #4388, .T. ) ;
#6157 = PRESENTATION_LAYER_ASSIGNMENT (  '', '', ( #11026 ) ) ;
#6158 = AXIS2_PLACEMENT_3D ( 'NONE', #11040, #1610, #5013 ) ;
#6159 = VECTOR ( 'NONE', #11045, 1000.000000000000000 ) ;
#6160 = EDGE_CURVE ( 'NONE', #2956, #3927, #9379, .T. ) ;
#6161 = CARTESIAN_POINT ( 'NONE',  ( 0.8749999999999998890, 0.1999999999999999833, -2.225000000000000533 ) ) ;
#6162 = FACE_OUTER_BOUND ( 'NONE', #7527, .T. ) ;
#6163 = VERTEX_POINT ( 'NONE', #5835 ) ;
#6164 = DIRECTION ( 'NONE',  ( -1.734723475976808475E-15, 0.000000000000000000, -1.000000000000000000 ) ) ;
#6165 = CARTESIAN_POINT ( 'NONE',  ( -2.500000000000000444, 0.1999999999999999833, -1.374999999999999112 ) ) ;
#6166 = AXIS2_PLACEMENT_3D ( 'NONE', #7282, #7219, #2083 ) ;
#6167 = DIRECTION ( 'NONE',  ( -1.000000000000000000, 0.000000000000000000, 0.000000000000000000 ) ) ;
#6168 = AXIS2_PLACEMENT_3D ( 'NONE', #10275, #7004, #10437 ) ;
#6169 = CIRCLE ( 'NONE', #6000, 0.04999999999999991257 ) ;
#6170 = CARTESIAN_POINT ( 'NONE',  ( -2.225000000000000977, 0.1999999999999999833, 0.7500000000000006661 ) ) ;
#6171 = VECTOR ( 'NONE', #9364, 1000.000000000000000 ) ;
#6172 = VECTOR ( 'NONE', #5295, 1000.000000000000000 ) ;
#6173 = DIRECTION ( 'NONE',  ( 0.000000000000000000, 1.000000000000000000, -0.000000000000000000 ) ) ;
#6174 = ORIENTED_EDGE ( 'NONE', *, *, #4674, .T. ) ;
#6175 = VERTEX_POINT ( 'NONE', #5108 ) ;
#6177 = EDGE_CURVE ( 'NONE', #10330, #2024, #11018, .T. ) ;
#6176 = CARTESIAN_POINT ( 'NONE',  ( -0.1250000000000001110, 0.1999999999999999833, 2.500000000000000444 ) ) ;
#6178 = DIRECTION ( 'NONE',  ( 1.000000000000000000, -0.000000000000000000, 3.154042683594199163E-15 ) ) ;
#6179 = EDGE_CURVE ( 'NONE', #10384, #8788, #9553, .T. ) ;
#6180 = ORIENTED_EDGE ( 'NONE', *, *, #6287, .T. ) ;
#6181 = VERTEX_POINT ( 'NONE', #6373 ) ;
#6182 =( GEOMETRIC_REPRESENTATION_CONTEXT ( 3 ) GLOBAL_UNCERTAINTY_ASSIGNED_CONTEXT ( ( #3029 ) ) GLOBAL_UNIT_ASSIGNED_CONTEXT ( ( #676, #8347, #9976 ) ) REPRESENTATION_CONTEXT ( 'NONE', 'WORKASPACE' ) );
#6183 = VECTOR ( 'NONE', #7986, 1000.000000000000000 ) ;
#6184 = CARTESIAN_POINT ( 'NONE',  ( -2.500000000000000888, 0.1999999999999999833, -0.1249999999999992506 ) ) ;
#6185 = DIRECTION ( 'NONE',  ( 0.000000000000000000, -1.000000000000000000, 0.000000000000000000 ) ) ;
#6186 = STYLED_ITEM ( 'NONE', ( #2753 ), #3567 ) ;
#6187 = ORIENTED_EDGE ( 'NONE', *, *, #4328, .T. ) ;
#6188 = CARTESIAN_POINT ( 'NONE',  ( 2.225000000000000977, 0.6716990566028304688, -0.3749999999999994449 ) ) ;
#6189 = CARTESIAN_POINT ( 'NONE',  ( -0.7499999999999997780, 0.000000000000000000, -2.225000000000000533 ) ) ;
#6190 = AXIS2_PLACEMENT_3D ( 'NONE', #6831, #10953, #7697 ) ;
#6191 = CARTESIAN_POINT ( 'NONE',  ( 2.225000000000000977, 0.6716990566028304688, 1.625000000000000666 ) ) ;
#6192 = VECTOR ( 'NONE', #9934, 1000.000000000000000 ) ;
#6193 = VERTEX_POINT ( 'NONE', #1279 ) ;
#6194 = DIRECTION ( 'NONE',  ( 0.000000000000000000, 0.000000000000000000, 1.000000000000000000 ) ) ;
#6195 = VECTOR ( 'NONE', #3125, 1000.000000000000000 ) ;
#6196 = EDGE_CURVE ( 'NONE', #9067, #556, #4562, .T. ) ;
#6197 = PLANE ( 'NONE',  #6724 ) ;
#6198 = DIRECTION ( 'NONE',  ( 0.000000000000000000, 0.000000000000000000, -1.000000000000000000 ) ) ;
#6199 = ORIENTED_EDGE ( 'NONE', *, *, #1962, .F. ) ;
#6200 =( NAMED_UNIT ( * ) SI_UNIT ( $, .STERADIAN. ) SOLID_ANGLE_UNIT ( ) );
#6201 = VECTOR ( 'NONE', #10748, 1000.000000000000000 ) ;
#6202 = DIRECTION ( 'NONE',  ( -1.000000000000000000, 0.000000000000000000, -7.885106708985485090E-16 ) ) ;
#6203 = EDGE_CURVE ( 'NONE', #10043, #4418, #4732, .T. ) ;
#6204 = SURFACE_STYLE_FILL_AREA ( #5408 ) ;
#6205 = DIRECTION ( 'NONE',  ( -0.000000000000000000, -1.000000000000000000, -0.000000000000000000 ) ) ;
#6206 = VERTEX_POINT ( 'NONE', #1223 ) ;
#6207 = CYLINDRICAL_SURFACE ( 'NONE', #3837, 0.1250000000000001110 ) ;
#6208 = AXIS2_PLACEMENT_3D ( 'NONE', #5991, #9431, #9215 ) ;
#6209 = DIRECTION ( 'NONE',  ( 0.000000000000000000, -1.000000000000000000, 0.000000000000000000 ) ) ;
#6210 = VECTOR ( 'NONE', #4210, 1000.000000000000000 ) ;
#6211 = CARTESIAN_POINT ( 'NONE',  ( -0.7500000000000002220, 0.04999999999999999584, 2.100000000000000089 ) ) ;
#6212 = CARTESIAN_POINT ( 'NONE',  ( -2.225000000000000977, 0.1999999999999999833, 1.875000000000000666 ) ) ;
#6213 = VERTEX_POINT ( 'NONE', #8063 ) ;
#6214 = ORIENTED_EDGE ( 'NONE', *, *, #3081, .T. ) ;
#6215 = SURFACE_STYLE_USAGE ( .BOTH. , #3503 ) ;
#6216 = DIRECTION ( 'NONE',  ( 0.000000000000000000, -1.000000000000000000, 0.000000000000000000 ) ) ;
#6217 = ADVANCED_FACE ( 'NONE', ( #6428 ), #510, .F. ) ;
#6218 = ORIENTED_EDGE ( 'NONE', *, *, #2536, .T. ) ;
#6219 = VECTOR ( 'NONE', #3298, 1000.000000000000000 ) ;
#6220 = VERTEX_POINT ( 'NONE', #3766 ) ;
#6221 = LINE ( 'NONE', #9657, #1688 ) ;
#6222 = DIRECTION ( 'NONE',  ( 1.000000000000000000, -0.000000000000000000, 1.734723475976808475E-15 ) ) ;
#6223 = ORIENTED_EDGE ( 'NONE', *, *, #9696, .T. ) ;
#6224 = CLOSED_SHELL ( 'NONE', ( #7191, #4262, #9858, #9436, #8325, #11109, #6290 ) ) ;
#6225 = CARTESIAN_POINT ( 'NONE',  ( 0.8749999999999998890, 0.04999999999999999584, -2.225000000000000533 ) ) ;
#6226 = CARTESIAN_POINT ( 'NONE',  ( 1.625000000000000222, 0.6716990566028303578, 2.500000000000000444 ) ) ;
#6227 = ORIENTED_EDGE ( 'NONE', *, *, #7145, .T. ) ;
#6228 = CIRCLE ( 'NONE', #9825, 0.1250000000000001110 ) ;
#6229 = DIRECTION ( 'NONE',  ( 0.000000000000000000, 0.000000000000000000, -1.000000000000000000 ) ) ;
#6230 = EDGE_CURVE ( 'NONE', #276, #213, #911, .T. ) ;
#6231 = EDGE_CURVE ( 'NONE', #6131, #6324, #8179, .T. ) ;
#6232 = EDGE_CURVE ( 'NONE', #9721, #6878, #10703, .T. ) ;
#6233 = VECTOR ( 'NONE', #9660, 1000.000000000000000 ) ;
#6234 = DIRECTION ( 'NONE',  ( 0.000000000000000000, 0.000000000000000000, -1.000000000000000000 ) ) ;
#6235 = CARTESIAN_POINT ( 'NONE',  ( -1.950000000000000844, 0.8000000000000000444, -1.699999999999999512 ) ) ;
#6236 = CARTESIAN_POINT ( 'NONE',  ( 0.7499999999999997780, 0.1999999999999999833, 2.225000000000000533 ) ) ;
#6237 = ORIENTED_EDGE ( 'NONE', *, *, #4875, .F. ) ;
#6238 = ORIENTED_EDGE ( 'NONE', *, *, #4035, .F. ) ;
#6239 = DIRECTION ( 'NONE',  ( 0.000000000000000000, 1.000000000000000000, 0.000000000000000000 ) ) ;
#6240 = COLOUR_RGB ( '',0.7921568627450980005, 0.8196078431372548767, 0.9333333333333333481 ) ;
#6241 = DIRECTION ( 'NONE',  ( -0.000000000000000000, -0.000000000000000000, -1.000000000000000000 ) ) ;
#6242 = ORIENTED_EDGE ( 'NONE', *, *, #9220, .T. ) ;
#6243 = ORIENTED_EDGE ( 'NONE', *, *, #1257, .T. ) ;
#6244 = EDGE_CURVE ( 'NONE', #9156, #2252, #8124, .T. ) ;
#6245 = CARTESIAN_POINT ( 'NONE',  ( -0.3749999999999996669, 0.2000000000000000111, -2.225000000000000533 ) ) ;
#6246 = DIRECTION ( 'NONE',  ( -0.000000000000000000, -0.000000000000000000, 1.000000000000000000 ) ) ;
#6247 = PLANE ( 'NONE',  #206 ) ;
#6248 = EDGE_CURVE ( 'NONE', #5147, #7138, #8235, .T. ) ;
#6249 = AXIS2_PLACEMENT_3D ( 'NONE', #10695, #1104, #2967 ) ;
#6250 = CARTESIAN_POINT ( 'NONE',  ( -0.1250000000000001110, 0.6716990566028303578, -2.500000000000000444 ) ) ;
#6251 = ORIENTED_EDGE ( 'NONE', *, *, #1471, .T. ) ;
#6252 = CARTESIAN_POINT ( 'NONE',  ( 1.625000000000000222, 0.2000000000000000111, 2.225000000000000533 ) ) ;
#6253 = FACE_OUTER_BOUND ( 'NONE', #8229, .T. ) ;
#6254 = LINE ( 'NONE', #5240, #10445 ) ;
#6255 = ORIENTED_EDGE ( 'NONE', *, *, #2706, .T. ) ;
#6256 = FILL_AREA_STYLE_COLOUR ( '', #6338 ) ;
#6257 = CARTESIAN_POINT ( 'NONE',  ( 1.724999999999999867, 0.000000000000000000, 1.675000000000000933 ) ) ;
#6258 = CARTESIAN_POINT ( 'NONE',  ( 0.3749999999999998890, 0.2000000000000000111, -2.225000000000000533 ) ) ;
#6259 = EDGE_CURVE ( 'NONE', #6466, #6501, #3882, .T. ) ;
#6260 = EDGE_CURVE ( 'NONE', #1697, #2860, #9854, .T. ) ;
#6261 = CARTESIAN_POINT ( 'NONE',  ( -1.749999999999999778, 0.2000000000000000111, -2.225000000000000533 ) ) ;
#6262 = ORIENTED_EDGE ( 'NONE', *, *, #5031, .F. ) ;
#6263 = CARTESIAN_POINT ( 'NONE',  ( 1.674999999999999822, 0.000000000000000000, -1.674999999999999600 ) ) ;
#6264 = CARTESIAN_POINT ( 'NONE',  ( -2.225000000000000977, 0.6716990566028304688, -0.7499999999999993339 ) ) ;
#6265 = DIRECTION ( 'NONE',  ( -1.000000000000000000, 0.000000000000000000, 7.885106708985485090E-16 ) ) ;
#6266 = EDGE_LOOP ( 'NONE', ( #2639, #2751, #3286, #11097 ) ) ;
#6267 = ORIENTED_EDGE ( 'NONE', *, *, #7902, .T. ) ;
#6268 = CARTESIAN_POINT ( 'NONE',  ( -2.225000000000000977, 0.05000000000000002359, 1.875000000000000666 ) ) ;
#6269 = ORIENTED_EDGE ( 'NONE', *, *, #5142, .T. ) ;
#6270 = EDGE_LOOP ( 'NONE', ( #10056, #6292, #10871, #6506 ) ) ;
#6271 = FACE_OUTER_BOUND ( 'NONE', #5196, .T. ) ;
#6272 = CARTESIAN_POINT ( 'NONE',  ( 1.749999999999999778, 0.000000000000000000, 2.225000000000000533 ) ) ;
#6273 = VERTEX_POINT ( 'NONE', #4670 ) ;
#6274 =( LENGTH_UNIT ( ) NAMED_UNIT ( * ) SI_UNIT ( .MILLI., .METRE. ) );
#6275 = VECTOR ( 'NONE', #1592, 1000.000000000000000 ) ;
#6276 = DIRECTION ( 'NONE',  ( -0.000000000000000000, -1.000000000000000000, -0.000000000000000000 ) ) ;
#6277 = EDGE_CURVE ( 'NONE', #4451, #7668, #3931, .T. ) ;
#6278 = CARTESIAN_POINT ( 'NONE',  ( -0.2500000000000002220, 0.2000000000000000111, 2.225000000000000533 ) ) ;
#6279 = DIRECTION ( 'NONE',  ( 0.000000000000000000, 0.000000000000000000, -1.000000000000000000 ) ) ;
#6280 = CIRCLE ( 'NONE', #7002, 0.1250000000000001110 ) ;
#6281 = DIRECTION ( 'NONE',  ( -1.000000000000000000, 0.000000000000000000, 7.885106708985485090E-16 ) ) ;
#6282 = DIRECTION ( 'NONE',  ( 1.000000000000000000, -0.000000000000000000, 1.734723475976808475E-15 ) ) ;
#6283 = FACE_OUTER_BOUND ( 'NONE', #8927, .T. ) ;
#6284 = EDGE_LOOP ( 'NONE', ( #7220, #7573, #308, #9146 ) ) ;
#6285 = ADVANCED_FACE ( 'NONE', ( #7336 ), #2130, .F. ) ;
#6286 = VERTEX_POINT ( 'NONE', #4620 ) ;
#6287 = EDGE_CURVE ( 'NONE', #6143, #4197, #2854, .T. ) ;
#6288 = FACE_OUTER_BOUND ( 'NONE', #1066, .T. ) ;
#6289 = DIRECTION ( 'NONE',  ( -0.000000000000000000, -1.000000000000000000, -0.000000000000000000 ) ) ;
#6290 = ADVANCED_FACE ( 'NONE', ( #9021 ), #10386, .F. ) ;
#6291 = VECTOR ( 'NONE', #208, 1000.000000000000000 ) ;
#6292 = ORIENTED_EDGE ( 'NONE', *, *, #8105, .T. ) ;
#6293 = ORIENTED_EDGE ( 'NONE', *, *, #5275, .F. ) ;
#6294 = CARTESIAN_POINT ( 'NONE',  ( 0.6250000000000001110, 0.6716990566028303578, -2.500000000000000444 ) ) ;
#6295 = DIRECTION ( 'NONE',  ( -1.000000000000000000, 0.000000000000000000, 0.000000000000000000 ) ) ;
#6296 = CARTESIAN_POINT ( 'NONE',  ( -0.8749999999999998890, 0.05000000000000000278, 0.000000000000000000 ) ) ;
#6297 = LINE ( 'NONE', #3698, #11009 ) ;
#6298 = CARTESIAN_POINT ( 'NONE',  ( 2.225000000000000977, 0.6716990566028304688, 0.8750000000000005551 ) ) ;
#6299 = EDGE_CURVE ( 'NONE', #845, #1002, #9805, .T. ) ;
#6300 = EDGE_CURVE ( 'NONE', #7689, #9513, #395, .T. ) ;
#6301 = FACE_OUTER_BOUND ( 'NONE', #2194, .T. ) ;
#6302 = LINE ( 'NONE', #10639, #9307 ) ;
#6303 = AXIS2_PLACEMENT_3D ( 'NONE', #8418, #5764, #9100 ) ;
#6304 = VECTOR ( 'NONE', #437, 1000.000000000000000 ) ;
#6305 = CARTESIAN_POINT ( 'NONE',  ( -2.500000000000000444, 0.04999999999999969746, -0.3749999999999990563 ) ) ;
#6306 = EDGE_LOOP ( 'NONE', ( #7171, #3858, #5158, #10552 ) ) ;
#6307 = VECTOR ( 'NONE', #10310, 1000.000000000000000 ) ;
#6308 = PLANE ( 'NONE',  #5393 ) ;
#6309 = PRESENTATION_STYLE_ASSIGNMENT (( #2853 ) ) ;
#6310 = CARTESIAN_POINT ( 'NONE',  ( -2.225000000000000977, 0.6716990566028304688, -0.6249999999999994449 ) ) ;
#6311 = CARTESIAN_POINT ( 'NONE',  ( -2.500000000000000444, 0.6716990566028304688, 1.625000000000001110 ) ) ;
#6312 = ORIENTED_EDGE ( 'NONE', *, *, #8638, .F. ) ;
#6313 = AXIS2_PLACEMENT_3D ( 'NONE', #9222, #9941, #1422 ) ;
#6314 = FILL_AREA_STYLE_COLOUR ( '', #5820 ) ;
#6315 = DIRECTION ( 'NONE',  ( 0.000000000000000000, 1.000000000000000000, 0.000000000000000000 ) ) ;
#6316 = ORIENTED_EDGE ( 'NONE', *, *, #1535, .T. ) ;
#6317 = DIRECTION ( 'NONE',  ( 0.000000000000000000, 0.000000000000000000, -1.000000000000000000 ) ) ;
#6318 = EDGE_CURVE ( 'NONE', #7966, #9981, #10999, .T. ) ;
#6319 = EDGE_LOOP ( 'NONE', ( #9417, #2054, #1501, #9556 ) ) ;
#6320 = STYLED_ITEM ( 'NONE', ( #3475 ), #4080 ) ;
#6321 = EDGE_CURVE ( 'NONE', #9684, #5933, #6504, .T. ) ;
#6322 = STYLED_ITEM ( 'NONE', ( #2279 ), #7640 ) ;
#6323 = DIRECTION ( 'NONE',  ( 0.000000000000000000, 0.000000000000000000, 1.000000000000000000 ) ) ;
#6324 = VERTEX_POINT ( 'NONE', #10816 ) ;
#6325 = VECTOR ( 'NONE', #5751, 1000.000000000000000 ) ;
#6326 = FACE_OUTER_BOUND ( 'NONE', #4495, .T. ) ;
#6327 = ORIENTED_EDGE ( 'NONE', *, *, #8870, .T. ) ;
#6328 = ORIENTED_EDGE ( 'NONE', *, *, #7992, .F. ) ;
#6329 = CARTESIAN_POINT ( 'NONE',  ( 2.500000000000000888, 0.04999999999999969746, -0.1249999999999992506 ) ) ;
#6330 = AXIS2_PLACEMENT_3D ( 'NONE', #1794, #165, #12 ) ;
#6331 = DIRECTION ( 'NONE',  ( 0.000000000000000000, -1.000000000000000000, 0.000000000000000000 ) ) ;
#6332 = VERTEX_POINT ( 'NONE', #8510 ) ;
#6333 =( NAMED_UNIT ( * ) PLANE_ANGLE_UNIT ( ) SI_UNIT ( $, .RADIAN. ) );
#6334 = DIRECTION ( 'NONE',  ( 0.000000000000000000, 0.000000000000000000, -1.000000000000000000 ) ) ;
#6335 = CARTESIAN_POINT ( 'NONE',  ( 1.375000000000000000, 0.6716990566028303578, 2.500000000000000444 ) ) ;
#6336 = ORIENTED_EDGE ( 'NONE', *, *, #3145, .F. ) ;
#6337 = DIRECTION ( 'NONE',  ( 1.000000000000000000, -0.000000000000000000, -7.885106708985485090E-16 ) ) ;
#6338 = COLOUR_RGB ( '',0.7921568627450980005, 0.8196078431372548767, 0.9333333333333333481 ) ;
#6339 = AXIS2_PLACEMENT_3D ( 'NONE', #10076, #8236, #9245 ) ;
#6340 = CARTESIAN_POINT ( 'NONE',  ( 0.8749999999999998890, 0.1999999999999999833, -2.225000000000000533 ) ) ;
#6341 = ADVANCED_FACE ( 'NONE', ( #5016 ), #9189, .F. ) ;
#6342 = DIRECTION ( 'NONE',  ( -1.000000000000000000, 0.000000000000000000, 3.154042683594199163E-15 ) ) ;
#6343 = DIRECTION ( 'NONE',  ( -0.000000000000000000, -1.000000000000000000, -0.000000000000000000 ) ) ;
#6344 = ORIENTED_EDGE ( 'NONE', *, *, #3544, .F. ) ;
#6345 = EDGE_LOOP ( 'NONE', ( #5430, #6538, #4053, #7074, #5188 ) ) ;
#6346 = DIRECTION ( 'NONE',  ( 0.000000000000000000, -0.000000000000000000, 1.000000000000000000 ) ) ;
#6347 = CARTESIAN_POINT ( 'NONE',  ( -1.971276677246352586E-15, 0.05000000000000000278, 0.6249999999999931166 ) ) ;
#6348 = AXIS2_PLACEMENT_3D ( 'NONE', #3921, #7434, #3188 ) ;
#6349 = ORIENTED_EDGE ( 'NONE', *, *, #9869, .T. ) ;
#6350 = CARTESIAN_POINT ( 'NONE',  ( 2.500000000000000444, 0.6716990566028304688, 0.6250000000000009992 ) ) ;
#6351 = AXIS2_PLACEMENT_3D ( 'NONE', #8015, #6315, #9859 ) ;
#6352 = ORIENTED_EDGE ( 'NONE', *, *, #245, .F. ) ;
#6353 = VECTOR ( 'NONE', #6144, 1000.000000000000000 ) ;
#6354 = PLANE ( 'NONE',  #9536 ) ;
#6355 = AXIS2_PLACEMENT_3D ( 'NONE', #2964, #5461, #7945 ) ;
#6356 = ADVANCED_FACE ( 'NONE', ( #786 ), #10187, .T. ) ;
#6357 = DIRECTION ( 'NONE',  ( 1.000000000000000000, 0.000000000000000000, 7.885106708985485090E-16 ) ) ;
#6358 = CARTESIAN_POINT ( 'NONE',  ( 0.3749999999999998890, 0.2000000000000005107, 2.499999999999999556 ) ) ;
#6359 = LINE ( 'NONE', #4656, #1119 ) ;
#6360 = ORIENTED_EDGE ( 'NONE', *, *, #10026, .F. ) ;
#6361 = DIRECTION ( 'NONE',  ( 1.000000000000000000, 0.000000000000000000, -0.000000000000000000 ) ) ;
#6362 = ORIENTED_EDGE ( 'NONE', *, *, #4424, .F. ) ;
#6363 = DIRECTION ( 'NONE',  ( 1.000000000000000000, 0.000000000000000000, 0.000000000000000000 ) ) ;
#6364 = CIRCLE ( 'NONE', #6011, 0.04999999999999991257 ) ;
#6365 = ORIENTED_EDGE ( 'NONE', *, *, #8155, .F. ) ;
#6366 = DIRECTION ( 'NONE',  ( 0.000000000000000000, 1.000000000000000000, 0.000000000000000000 ) ) ;
#6367 = VERTEX_POINT ( 'NONE', #9135 ) ;
#6368 = AXIS2_PLACEMENT_3D ( 'NONE', #8645, #910, #7806 ) ;
#6369 = ADVANCED_FACE ( 'NONE', ( #5699 ), #7387, .F. ) ;
#6370 = ORIENTED_EDGE ( 'NONE', *, *, #10558, .F. ) ;
#6371 = ADVANCED_FACE ( 'NONE', ( #723 ), #5072, .T. ) ;
#6372 = FACE_OUTER_BOUND ( 'NONE', #3195, .T. ) ;
#6373 = CARTESIAN_POINT ( 'NONE',  ( 2.500000000000000444, 0.04999999999999969746, -1.374999999999999112 ) ) ;
#6374 = VECTOR ( 'NONE', #2937, 1000.000000000000000 ) ;
#6375 = CARTESIAN_POINT ( 'NONE',  ( 0.8749999999999998890, 0.1999999999999999833, 2.500000000000000444 ) ) ;
#6376 = EDGE_LOOP ( 'NONE', ( #2437, #10242, #6679, #9984 ) ) ;
#6377 = CARTESIAN_POINT ( 'NONE',  ( 1.249999999999999778, 0.1999999999999999833, 2.225000000000000533 ) ) ;
#6378 = CARTESIAN_POINT ( 'NONE',  ( -1.125000000000000222, 0.1999999999999999833, -2.225000000000000533 ) ) ;
#6379 = VERTEX_POINT ( 'NONE', #7499 ) ;
#6380 = FACE_OUTER_BOUND ( 'NONE', #2540, .T. ) ;
#6381 = ORIENTED_EDGE ( 'NONE', *, *, #8088, .T. ) ;
#6382 =( LENGTH_UNIT ( ) NAMED_UNIT ( * ) SI_UNIT ( .MILLI., .METRE. ) );
#6383 = EDGE_LOOP ( 'NONE', ( #2195, #10773, #9323, #5590, #3454 ) ) ;
#6384 = CARTESIAN_POINT ( 'NONE',  ( -0.1250000000000001110, 0.04999999999999969746, -2.500000000000000444 ) ) ;
#6385 = ORIENTED_EDGE ( 'NONE', *, *, #7514, .F. ) ;
#6386 = ORIENTED_EDGE ( 'NONE', *, *, #3587, .T. ) ;
#6387 = EDGE_CURVE ( 'NONE', #3514, #9815, #9244, .T. ) ;
#6388 = EDGE_CURVE ( 'NONE', #7138, #1102, #3972, .T. ) ;
#6389 = UNCERTAINTY_MEASURE_WITH_UNIT (LENGTH_MEASURE( 1.000000000000000082E-05 ), #5668, 'distance_accuracy_value', 'NONE');
#6390 = AXIS2_PLACEMENT_3D ( 'NONE', #2828, #6289, #2052 ) ;
#6391 = EDGE_CURVE ( 'NONE', #3670, #9978, #3200, .T. ) ;
#6392 = CARTESIAN_POINT ( 'NONE',  ( -2.500000000000000444, 0.1999999999999999833, 0.1250000000000009714 ) ) ;
#6393 = CARTESIAN_POINT ( 'NONE',  ( -1.675000000000000711, 0.1999999999999996503, 1.675000000000000711 ) ) ;
#6394 = EDGE_LOOP ( 'NONE', ( #10998, #4734, #862, #4723 ) ) ;
#6395 = PLANE ( 'NONE',  #8221 ) ;
#6396 = DIRECTION ( 'NONE',  ( 1.734723475976808475E-15, 0.000000000000000000, 1.000000000000000000 ) ) ;
#6397 = LINE ( 'NONE', #5673, #2747 ) ;
#6398 = ORIENTED_EDGE ( 'NONE', *, *, #3118, .T. ) ;
#6399 = CIRCLE ( 'NONE', #8386, 0.1250000000000002220 ) ;
#6400 = PLANE ( 'NONE',  #573 ) ;
#6401 = CIRCLE ( 'NONE', #4393, 0.1250000000000001110 ) ;
#6402 = ADVANCED_FACE ( 'NONE', ( #3990 ), #7448, .F. ) ;
#6403 = CARTESIAN_POINT ( 'NONE',  ( 0.3749999999999998890, 0.2000000000000000111, -2.500000000000000444 ) ) ;
#6404 = EDGE_CURVE ( 'NONE', #8575, #9725, #563, .T. ) ;
#6405 = CARTESIAN_POINT ( 'NONE',  ( -2.225000000000000977, 0.000000000000000000, -1.124999999999999556 ) ) ;
#6406 = EDGE_LOOP ( 'NONE', ( #1334, #7401, #5361, #2073 ) ) ;
#6407 = ORIENTED_EDGE ( 'NONE', *, *, #5173, .T. ) ;
#6408 = DIRECTION ( 'NONE',  ( -1.000000000000000000, 0.000000000000000000, -3.154042683594198769E-15 ) ) ;
#6409 = DIRECTION ( 'NONE',  ( 0.000000000000000000, 0.000000000000000000, -1.000000000000000000 ) ) ;
#6410 = CLOSED_SHELL ( 'NONE', ( #3604, #9786, #10495, #11093, #7116, #5533 ) ) ;
#6411 = CARTESIAN_POINT ( 'NONE',  ( -2.500000000000000888, 0.6716990566028304688, 1.375000000000000888 ) ) ;
#6412 = LINE ( 'NONE', #8048, #4675 ) ;
#6413 = DIRECTION ( 'NONE',  ( -0.000000000000000000, -0.000000000000000000, 1.000000000000000000 ) ) ;
#6414 = CYLINDRICAL_SURFACE ( 'NONE', #4908, 0.04999999999999991257 ) ;
#6415 = ORIENTED_EDGE ( 'NONE', *, *, #944, .T. ) ;
#6416 =( GEOMETRIC_REPRESENTATION_CONTEXT ( 3 ) GLOBAL_UNCERTAINTY_ASSIGNED_CONTEXT ( ( #2871 ) ) GLOBAL_UNIT_ASSIGNED_CONTEXT ( ( #692, #9212, #2430 ) ) REPRESENTATION_CONTEXT ( 'NONE', 'WORKASPACE' ) );
#6417 = CIRCLE ( 'NONE', #9473, 0.1250000000000001110 ) ;
#6418 = DIRECTION ( 'NONE',  ( 0.000000000000000000, -1.000000000000000000, 0.000000000000000000 ) ) ;
#6419 = VERTEX_POINT ( 'NONE', #10984 ) ;
#6420 = DIRECTION ( 'NONE',  ( 1.913297951445008115E-16, 0.000000000000000000, -1.000000000000000000 ) ) ;
#6421 = DIRECTION ( 'NONE',  ( 0.000000000000000000, 1.000000000000000000, 0.000000000000000000 ) ) ;
#6422 = EDGE_CURVE ( 'NONE', #1734, #6710, #10022, .T. ) ;
#6423 = ORIENTED_EDGE ( 'NONE', *, *, #10558, .T. ) ;
#6424 = CARTESIAN_POINT ( 'NONE',  ( 2.500000000000000444, 0.000000000000000000, 0.6250000000000009992 ) ) ;
#6425 = ORIENTED_EDGE ( 'NONE', *, *, #2808, .F. ) ;
#6426 = DIRECTION ( 'NONE',  ( 0.000000000000000000, -1.000000000000000000, 0.000000000000000000 ) ) ;
#6427 = CARTESIAN_POINT ( 'NONE',  ( 2.225000000000000977, 0.6716990566028304688, 1.250000000000000666 ) ) ;
#6428 = FACE_OUTER_BOUND ( 'NONE', #5617, .T. ) ;
#6429 = CARTESIAN_POINT ( 'NONE',  ( 2.500000000000000888, 0.1999999999999999833, -0.6249999999999992228 ) ) ;
#6430 = PRODUCT_DEFINITION_CONTEXT ( 'detailed design', #9860, 'design' ) ;
#6431 = ORIENTED_EDGE ( 'NONE', *, *, #2133, .F. ) ;
#6432 = DIRECTION ( 'NONE',  ( -1.000000000000000000, 0.000000000000000000, -7.885106708985485090E-16 ) ) ;
#6433 = EDGE_CURVE ( 'NONE', #6367, #576, #8342, .T. ) ;
#6434 = EDGE_CURVE ( 'NONE', #1756, #5325, #10929, .T. ) ;
#6435 = DIRECTION ( 'NONE',  ( 0.000000000000000000, -1.000000000000000000, 0.000000000000000000 ) ) ;
#6436 = ORIENTED_EDGE ( 'NONE', *, *, #231, .T. ) ;
#6437 = LINE ( 'NONE', #7343, #1353 ) ;
#6438 = ORIENTED_EDGE ( 'NONE', *, *, #9765, .T. ) ;
#6439 = VERTEX_POINT ( 'NONE', #2349 ) ;
#6440 = FACE_OUTER_BOUND ( 'NONE', #5398, .T. ) ;
#6441 = CARTESIAN_POINT ( 'NONE',  ( 0.3749999999999998890, 0.04999999999999969746, 2.500000000000000444 ) ) ;
#6442 = ORIENTED_EDGE ( 'NONE', *, *, #196, .T. ) ;
#6443 = ORIENTED_EDGE ( 'NONE', *, *, #4051, .F. ) ;
#6444 = LINE ( 'NONE', #2812, #7278 ) ;
#6445 = DIRECTION ( 'NONE',  ( 0.000000000000000000, 1.000000000000000000, -0.000000000000000000 ) ) ;
#6446 = VERTEX_POINT ( 'NONE', #5804 ) ;
#6447 = FILL_AREA_STYLE_COLOUR ( '', #6955 ) ;
#6448 = DIRECTION ( 'NONE',  ( 0.000000000000000000, -1.000000000000000000, 0.000000000000000000 ) ) ;
#6449 = LINE ( 'NONE', #10901, #10165 ) ;
#6450 = ORIENTED_EDGE ( 'NONE', *, *, #9491, .T. ) ;
#6451 = DIRECTION ( 'NONE',  ( 0.000000000000000000, -0.000000000000000000, -1.000000000000000000 ) ) ;
#6452 = DIRECTION ( 'NONE',  ( 0.000000000000000000, 0.000000000000000000, 1.000000000000000000 ) ) ;
#6453 = CARTESIAN_POINT ( 'NONE',  ( -1.375000000000000000, 0.2000000000000000111, 2.225000000000000533 ) ) ;
#6454 = VERTEX_POINT ( 'NONE', #1505 ) ;
#6455 = VERTEX_POINT ( 'NONE', #8403 ) ;
#6456 = LINE ( 'NONE', #4947, #5671 ) ;
#6457 = CARTESIAN_POINT ( 'NONE',  ( 1.749999999999999778, 0.000000000000000000, 2.225000000000000533 ) ) ;
#6458 = VECTOR ( 'NONE', #140, 1000.000000000000000 ) ;
#6459 = EDGE_CURVE ( 'NONE', #1382, #6193, #10134, .T. ) ;
#6460 = EDGE_CURVE ( 'NONE', #8881, #10029, #9298, .T. ) ;
#6461 = CARTESIAN_POINT ( 'NONE',  ( 2.500000000000000000, 0.05000000000000000278, -2.500000000000000444 ) ) ;
#6462 = LINE ( 'NONE', #10742, #5055 ) ;
#6463 = DIRECTION ( 'NONE',  ( 0.000000000000000000, -1.000000000000000000, 0.000000000000000000 ) ) ;
#6464 = DIRECTION ( 'NONE',  ( -6.472848790958234544E-17, 0.000000000000000000, -1.000000000000000000 ) ) ;
#6465 = CARTESIAN_POINT ( 'NONE',  ( 1.125000000000000222, 0.1999999999999999833, 2.225000000000000533 ) ) ;
#6466 = VERTEX_POINT ( 'NONE', #6129 ) ;
#6467 = AXIS2_PLACEMENT_3D ( 'NONE', #644, #3008, #5105 ) ;
#6468 = PLANE ( 'NONE',  #9241 ) ;
#6469 = ORIENTED_EDGE ( 'NONE', *, *, #9360, .T. ) ;
#6470 = DIRECTION ( 'NONE',  ( 0.000000000000000000, -0.000000000000000000, 1.000000000000000000 ) ) ;
#6471 = DIRECTION ( 'NONE',  ( -1.000000000000000000, -0.000000000000000000, 3.154042683594198769E-15 ) ) ;
#6472 = VERTEX_POINT ( 'NONE', #5289 ) ;
#6473 = VERTEX_POINT ( 'NONE', #9404 ) ;
#6474 = CARTESIAN_POINT ( 'NONE',  ( 1.249999999999999778, 0.2000000000000000111, 2.225000000000000533 ) ) ;
#6475 = ORIENTED_EDGE ( 'NONE', *, *, #10324, .T. ) ;
#6476 = LINE ( 'NONE', #4900, #9744 ) ;
#6477 = AXIS2_PLACEMENT_3D ( 'NONE', #7170, #4112, #10830 ) ;
#6478 = LINE ( 'NONE', #3880, #1780 ) ;
#6479 =( NAMED_UNIT ( * ) PLANE_ANGLE_UNIT ( ) SI_UNIT ( $, .RADIAN. ) );
#6480 = CARTESIAN_POINT ( 'NONE',  ( 1.674999999999999822, 0.1999999999999996503, -1.724999999999999423 ) ) ;
#6481 = LINE ( 'NONE', #9913, #10474 ) ;
#6482 = EDGE_CURVE ( 'NONE', #6419, #1756, #2510, .T. ) ;
#6483 = ORIENTED_EDGE ( 'NONE', *, *, #8001, .T. ) ;
#6484 = DIRECTION ( 'NONE',  ( 1.000000000000000000, -0.000000000000000000, -7.885106708985485090E-16 ) ) ;
#6485 = VECTOR ( 'NONE', #8219, 1000.000000000000000 ) ;
#6486 = VECTOR ( 'NONE', #5623, 1000.000000000000000 ) ;
#6487 = LINE ( 'NONE', #9917, #9945 ) ;
#6488 = VERTEX_POINT ( 'NONE', #7029 ) ;
#6489 = CARTESIAN_POINT ( 'NONE',  ( -2.500000000000000444, 0.1999999999999999833, -1.874999999999999112 ) ) ;
#6490 = ORIENTED_EDGE ( 'NONE', *, *, #8937, .T. ) ;
#6491 = FACE_OUTER_BOUND ( 'NONE', #5315, .T. ) ;
#6492 = DIRECTION ( 'NONE',  ( -1.000000000000000000, 0.000000000000000000, 8.673617379884035472E-17 ) ) ;
#6493 = MECHANICAL_DESIGN_GEOMETRIC_PRESENTATION_REPRESENTATION (  '', ( #10256 ), #10988 ) ;
#6494 = ORIENTED_EDGE ( 'NONE', *, *, #4773, .T. ) ;
#6495 = ORIENTED_EDGE ( 'NONE', *, *, #9346, .F. ) ;
#6496 = DIRECTION ( 'NONE',  ( 0.000000000000000000, 1.000000000000000000, 0.000000000000000000 ) ) ;
#6497 = VECTOR ( 'NONE', #5864, 1000.000000000000000 ) ;
#6498 = ADVANCED_FACE ( 'NONE', ( #5966 ), #11157, .F. ) ;
#6499 = DIRECTION ( 'NONE',  ( 1.000000000000000000, 0.000000000000000000, 0.000000000000000000 ) ) ;
#6500 = DIRECTION ( 'NONE',  ( -1.734723475976808475E-15, 0.000000000000000000, -1.000000000000000000 ) ) ;
#6501 = VERTEX_POINT ( 'NONE', #1677 ) ;
#6502 = DIRECTION ( 'NONE',  ( 0.000000000000000000, -0.000000000000000000, 1.000000000000000000 ) ) ;
#6503 = PLANE ( 'NONE',  #2241 ) ;
#6504 = CIRCLE ( 'NONE', #7947, 0.1250000000000002220 ) ;
#6505 = CARTESIAN_POINT ( 'NONE',  ( -0.6250000000000001110, 0.2000000000000000111, -2.225000000000000533 ) ) ;
#6506 = ORIENTED_EDGE ( 'NONE', *, *, #770, .F. ) ;
#6507 = DIRECTION ( 'NONE',  ( -1.000000000000000000, 0.000000000000000000, 0.000000000000000000 ) ) ;
#6508 = EDGE_CURVE ( 'NONE', #1267, #4782, #4391, .T. ) ;
#6509 = EDGE_CURVE ( 'NONE', #562, #3493, #3259, .T. ) ;
#6510 = CARTESIAN_POINT ( 'NONE',  ( -1.250000000000000222, 0.2000000000000000111, 2.225000000000000533 ) ) ;
#6511 = VECTOR ( 'NONE', #10013, 1000.000000000000000 ) ;
#6512 = CARTESIAN_POINT ( 'NONE',  ( -2.225000000000000977, 0.05000000000000002359, 0.7500000000000006661 ) ) ;
#6513 = ORIENTED_EDGE ( 'NONE', *, *, #1736, .T. ) ;
#6514 = VERTEX_POINT ( 'NONE', #9568 ) ;
#6515 = DIRECTION ( 'NONE',  ( 7.885106708985485090E-16, 0.000000000000000000, -1.000000000000000000 ) ) ;
#6516 = CARTESIAN_POINT ( 'NONE',  ( 2.500000000000000888, 0.000000000000000000, 1.875000000000000888 ) ) ;
#6517 = VECTOR ( 'NONE', #2309, 1000.000000000000000 ) ;
#6518 = DIRECTION ( 'NONE',  ( 0.000000000000000000, 1.000000000000000000, 0.000000000000000000 ) ) ;
#6519 = VERTEX_POINT ( 'NONE', #10302 ) ;
#6520 = VERTEX_POINT ( 'NONE', #6808 ) ;
#6521 = SURFACE_STYLE_USAGE ( .BOTH. , #4830 ) ;
#6522 = CARTESIAN_POINT ( 'NONE',  ( -2.500000000000000444, 0.6716990566028304688, -0.8749999999999990008 ) ) ;
#6523 = AXIS2_PLACEMENT_3D ( 'NONE', #6701, #9136, #3932 ) ;
#6524 = PLANE ( 'NONE',  #6348 ) ;
#6525 = EDGE_CURVE ( 'NONE', #9225, #10005, #7837, .T. ) ;
#6526 = CARTESIAN_POINT ( 'NONE',  ( 1.125000000000000222, 0.000000000000000000, 2.500000000000000444 ) ) ;
#6527 = ORIENTED_EDGE ( 'NONE', *, *, #1046, .F. ) ;
#6528 = CARTESIAN_POINT ( 'NONE',  ( 2.225000000000000977, 0.6716990566028304688, 0.8750000000000005551 ) ) ;
#6529 = DIRECTION ( 'NONE',  ( 3.154042683594199163E-15, 0.000000000000000000, 1.000000000000000000 ) ) ;
#6530 = ORIENTED_EDGE ( 'NONE', *, *, #7575, .F. ) ;
#6531 = VECTOR ( 'NONE', #3897, 1000.000000000000000 ) ;
#6532 = ORIENTED_EDGE ( 'NONE', *, *, #4434, .F. ) ;
#6533 = AXIS2_PLACEMENT_3D ( 'NONE', #4381, #8443, #10397 ) ;
#6534 = DIRECTION ( 'NONE',  ( 0.000000000000000000, -1.000000000000000000, 0.000000000000000000 ) ) ;
#6535 = CARTESIAN_POINT ( 'NONE',  ( 2.500000000000000444, 0.000000000000000000, 0.6250000000000009992 ) ) ;
#6536 = DIRECTION ( 'NONE',  ( 0.000000000000000000, 0.000000000000000000, -1.000000000000000000 ) ) ;
#6537 = LINE ( 'NONE', #4101, #5802 ) ;
#6538 = ORIENTED_EDGE ( 'NONE', *, *, #5781, .F. ) ;
#6539 = ADVANCED_FACE ( 'NONE', ( #4444 ), #1896, .T. ) ;
#6540 = VECTOR ( 'NONE', #9104, 1000.000000000000000 ) ;
#6541 = CARTESIAN_POINT ( 'NONE',  ( 0.1250000000000001110, 0.000000000000000000, 2.500000000000000444 ) ) ;
#6542 = ORIENTED_EDGE ( 'NONE', *, *, #713, .T. ) ;
#6543 = CARTESIAN_POINT ( 'NONE',  ( 0.3749999999999996669, 0.1999999999999999833, 2.225000000000000533 ) ) ;
#6544 = ORIENTED_EDGE ( 'NONE', *, *, #2788, .F. ) ;
#6545 = VERTEX_POINT ( 'NONE', #838 ) ;
#6546 =( NAMED_UNIT ( * ) PLANE_ANGLE_UNIT ( ) SI_UNIT ( $, .RADIAN. ) );
#6547 = ADVANCED_FACE ( 'NONE', ( #6865 ), #5181, .F. ) ;
#6548 = ORIENTED_EDGE ( 'NONE', *, *, #10468, .F. ) ;
#6549 = LINE ( 'NONE', #3325, #2670 ) ;
#6550 = VECTOR ( 'NONE', #5680, 1000.000000000000000 ) ;
#6551 = ORIENTED_EDGE ( 'NONE', *, *, #245, .T. ) ;
#6552 = ORIENTED_EDGE ( 'NONE', *, *, #6602, .T. ) ;
#6553 = DIRECTION ( 'NONE',  ( 0.000000000000000000, 0.000000000000000000, -1.000000000000000000 ) ) ;
#6554 = DIRECTION ( 'NONE',  ( 0.000000000000000000, -1.000000000000000000, 0.000000000000000000 ) ) ;
#6555 = DIRECTION ( 'NONE',  ( 0.000000000000000000, 0.000000000000000000, -1.000000000000000000 ) ) ;
#6556 = ORIENTED_EDGE ( 'NONE', *, *, #5433, .F. ) ;
#6557 = CARTESIAN_POINT ( 'NONE',  ( -0.6250000000000001110, 0.05000000000000000278, 0.000000000000000000 ) ) ;
#6558 = CARTESIAN_POINT ( 'NONE',  ( 0.2500000000000002220, 0.000000000000000000, -2.225000000000000533 ) ) ;
#6559 = CIRCLE ( 'NONE', #5296, 0.1250000000000001110 ) ;
#6560 = CARTESIAN_POINT ( 'NONE',  ( 2.500000000000000000, 0.2000000000000005107, -1.374999999999999112 ) ) ;
#6561 = ORIENTED_EDGE ( 'NONE', *, *, #3290, .F. ) ;
#6562 = ORIENTED_EDGE ( 'NONE', *, *, #4058, .T. ) ;
#6563 = LINE ( 'NONE', #8481, #7086 ) ;
#6564 = EDGE_CURVE ( 'NONE', #8788, #7553, #2730, .T. ) ;
#6565 = VECTOR ( 'NONE', #9877, 1000.000000000000000 ) ;
#6566 = CIRCLE ( 'NONE', #9449, 0.1250000000000001110 ) ;
#6567 = PLANE ( 'NONE',  #2886 ) ;
#6568 = CARTESIAN_POINT ( 'NONE',  ( -0.3749999999999998890, 0.05000000000000000278, 0.000000000000000000 ) ) ;
#6569 = VERTEX_POINT ( 'NONE', #6078 ) ;
#6570 = ORIENTED_EDGE ( 'NONE', *, *, #5127, .F. ) ;
#6571 = LINE ( 'NONE', #10006, #3666 ) ;
#6572 = LINE ( 'NONE', #10739, #4219 ) ;
#6573 = ADVANCED_FACE ( 'NONE', ( #7727 ), #7678, .T. ) ;
#6574 = AXIS2_PLACEMENT_3D ( 'NONE', #4201, #1716, #871 ) ;
#6575 = ORIENTED_EDGE ( 'NONE', *, *, #3529, .T. ) ;
#6576 = DIRECTION ( 'NONE',  ( -0.000000000000000000, -1.000000000000000000, -0.000000000000000000 ) ) ;
#6577 = ORIENTED_EDGE ( 'NONE', *, *, #7599, .F. ) ;
#6578 = DIRECTION ( 'NONE',  ( -0.000000000000000000, -1.000000000000000000, -0.000000000000000000 ) ) ;
#6579 = DIRECTION ( 'NONE',  ( 0.000000000000000000, 1.000000000000000000, -0.000000000000000000 ) ) ;
#6580 = CARTESIAN_POINT ( 'NONE',  ( 1.674999999999999822, 0.1999999999999996503, -1.674999999999999600 ) ) ;
#6581 = LINE ( 'NONE', #1330, #6023 ) ;
#6582 = CLOSED_SHELL ( 'NONE', ( #9989, #10763, #601, #3224, #7206, #9004 ) ) ;
#6583 = FACE_OUTER_BOUND ( 'NONE', #10765, .T. ) ;
#6584 = VECTOR ( 'NONE', #10030, 1000.000000000000000 ) ;
#6585 = EDGE_CURVE ( 'NONE', #9143, #858, #2570, .T. ) ;
#6586 = VERTEX_POINT ( 'NONE', #3479 ) ;
#6587 =( LENGTH_UNIT ( ) NAMED_UNIT ( * ) SI_UNIT ( .MILLI., .METRE. ) );
#6588 = EDGE_CURVE ( 'NONE', #10713, #8928, #6922, .T. ) ;
#6589 = CARTESIAN_POINT ( 'NONE',  ( -2.500000000000000888, 0.6716990566028304688, 1.375000000000000888 ) ) ;
#6590 = AXIS2_PLACEMENT_3D ( 'NONE', #7817, #2815, #1025 ) ;
#6591 = CARTESIAN_POINT ( 'NONE',  ( -1.750000000000000222, 0.2000000000000000111, 2.225000000000000533 ) ) ;
#6592 = DIRECTION ( 'NONE',  ( 0.000000000000000000, 0.000000000000000000, 1.000000000000000000 ) ) ;
#6593 = ORIENTED_EDGE ( 'NONE', *, *, #10912, .T. ) ;
#6594 = CARTESIAN_POINT ( 'NONE',  ( -2.225000000000000977, 0.1999999999999999833, -1.624999999999999556 ) ) ;
#6595 = CARTESIAN_POINT ( 'NONE',  ( 2.500000000000000444, 0.6716990566028304688, 1.125000000000000888 ) ) ;
#6596 = VERTEX_POINT ( 'NONE', #10358 ) ;
#6597 = LINE ( 'NONE', #4910, #4786 ) ;
#6598 = VERTEX_POINT ( 'NONE', #994 ) ;
#6599 = EDGE_LOOP ( 'NONE', ( #5505, #5335, #10097, #1345 ) ) ;
#6600 = FACE_OUTER_BOUND ( 'NONE', #1723, .T. ) ;
#6601 = ORIENTED_EDGE ( 'NONE', *, *, #328, .T. ) ;
#6602 = EDGE_CURVE ( 'NONE', #7338, #6213, #2627, .T. ) ;
#6603 = LINE ( 'NONE', #10199, #3044 ) ;
#6604 = EDGE_CURVE ( 'NONE', #5100, #8027, #1782, .T. ) ;
#6605 = ORIENTED_EDGE ( 'NONE', *, *, #10783, .T. ) ;
#6606 = CARTESIAN_POINT ( 'NONE',  ( -2.500000000000000444, 0.000000000000000000, 1.625000000000001110 ) ) ;
#6607 = PLANE ( 'NONE',  #11019 ) ;
#6608 = PLANE ( 'NONE',  #5276 ) ;
#6609 = CARTESIAN_POINT ( 'NONE',  ( -1.749999999999999778, 0.2000000000000000111, -2.225000000000000533 ) ) ;
#6610 = EDGE_LOOP ( 'NONE', ( #790, #3399, #4575, #5087, #8598 ) ) ;
#6611 = DIRECTION ( 'NONE',  ( -1.000000000000000000, 0.000000000000000000, -7.885106708985485090E-16 ) ) ;
#6612 = EDGE_CURVE ( 'NONE', #10249, #5759, #2671, .T. ) ;
#6613 = CARTESIAN_POINT ( 'NONE',  ( 2.225000000000000977, 0.6716990566028304688, 1.125000000000000666 ) ) ;
#6614 = FACE_OUTER_BOUND ( 'NONE', #5800, .T. ) ;
#6615 = ORIENTED_EDGE ( 'NONE', *, *, #7560, .T. ) ;
#6616 = ORIENTED_EDGE ( 'NONE', *, *, #1967, .T. ) ;
#6617 = DIRECTION ( 'NONE',  ( -1.000000000000000000, 0.000000000000000000, -3.154042683594199163E-15 ) ) ;
#6618 = CARTESIAN_POINT ( 'NONE',  ( -0.6250000000000001110, 0.1999999999999999833, -2.225000000000000533 ) ) ;
#6619 = ORIENTED_EDGE ( 'NONE', *, *, #2553, .F. ) ;
#6620 = EDGE_CURVE ( 'NONE', #9725, #7000, #10575, .T. ) ;
#6621 = EDGE_LOOP ( 'NONE', ( #6991, #8592, #7874, #732 ) ) ;
#6622 = CARTESIAN_POINT ( 'NONE',  ( 1.749999999999999778, 0.2000000000000000111, 2.225000000000000533 ) ) ;
#6623 = DIRECTION ( 'NONE',  ( 0.000000000000000000, 0.000000000000000000, 1.000000000000000000 ) ) ;
#6624 = AXIS2_PLACEMENT_3D ( 'NONE', #5592, #5422, #8865 ) ;
#6625 = ORIENTED_EDGE ( 'NONE', *, *, #4309, .T. ) ;
#6626 = LINE ( 'NONE', #2332, #8660 ) ;
#6627 = LINE ( 'NONE', #8161, #32 ) ;
#6628 = FACE_OUTER_BOUND ( 'NONE', #4768, .T. ) ;
#6629 = DIRECTION ( 'NONE',  ( 0.000000000000000000, 0.000000000000000000, 1.000000000000000000 ) ) ;
#6630 = ADVANCED_FACE ( 'NONE', ( #1264 ), #323, .F. ) ;
#6631 = ORIENTED_EDGE ( 'NONE', *, *, #4726, .F. ) ;
#6632 = PLANE ( 'NONE',  #1495 ) ;
#6633 = DIRECTION ( 'NONE',  ( 0.000000000000000000, 1.000000000000000000, 0.000000000000000000 ) ) ;
#6634 = PRODUCT ( '32-Lead (5mm × 5mm) Plastic QFN_qfn_32_05-08-1693.pdf', '32-Lead (5mm × 5mm) Plastic QFN_qfn_32_05-08-1693.pdf', '', ( #7617 ) ) ;
#6635 = AXIS2_PLACEMENT_3D ( 'NONE', #8773, #8888, #982 ) ;
#6636 = PLANE ( 'NONE',  #3389 ) ;
#6637 = VERTEX_POINT ( 'NONE', #270 ) ;
#6638 = LINE ( 'NONE', #668, #3451 ) ;
#6639 = LINE ( 'NONE', #5070, #7392 ) ;
#6640 = ADVANCED_FACE ( 'NONE', ( #5568 ), #9894, .F. ) ;
#6641 = VECTOR ( 'NONE', #7287, 1000.000000000000000 ) ;
#6642 = SURFACE_STYLE_FILL_AREA ( #10133 ) ;
#6643 = CARTESIAN_POINT ( 'NONE',  ( 1.375000000000000000, 0.05000000000000000278, 0.000000000000000000 ) ) ;
#6644 = FACE_OUTER_BOUND ( 'NONE', #5035, .T. ) ;
#6645 = VERTEX_POINT ( 'NONE', #2170 ) ;
#6646 = DIRECTION ( 'NONE',  ( -1.000000000000000000, 0.000000000000000000, 7.885106708985485090E-16 ) ) ;
#6647 = DIRECTION ( 'NONE',  ( 0.000000000000000000, 1.000000000000000000, 0.000000000000000000 ) ) ;
#6648 = EDGE_LOOP ( 'NONE', ( #7850, #7735, #10398, #8490 ) ) ;
#6649 = VECTOR ( 'NONE', #9687, 1000.000000000000000 ) ;
#6650 = CYLINDRICAL_SURFACE ( 'NONE', #4603, 0.1250000000000001110 ) ;
#6651 = ORIENTED_EDGE ( 'NONE', *, *, #5479, .F. ) ;
#6652 = ORIENTED_EDGE ( 'NONE', *, *, #1667, .F. ) ;
#6653 = PLANE ( 'NONE',  #6056 ) ;
#6654 = LINE ( 'NONE', #10088, #3579 ) ;
#6655 = ORIENTED_EDGE ( 'NONE', *, *, #8922, .T. ) ;
#6656 = DIRECTION ( 'NONE',  ( 0.000000000000000000, 0.000000000000000000, 1.000000000000000000 ) ) ;
#6657 = DIRECTION ( 'NONE',  ( -7.885106708985485090E-16, 0.000000000000000000, -1.000000000000000000 ) ) ;
#6658 = AXIS2_PLACEMENT_3D ( 'NONE', #508, #2347, #7547 ) ;
#6659 = DIRECTION ( 'NONE',  ( 1.000000000000000000, 0.000000000000000000, 0.000000000000000000 ) ) ;
#6660 = CARTESIAN_POINT ( 'NONE',  ( -1.625000000000000222, 0.000000000000000000, 2.225000000000000533 ) ) ;
#6661 = ORIENTED_EDGE ( 'NONE', *, *, #48, .T. ) ;
#6662 = CARTESIAN_POINT ( 'NONE',  ( -2.225000000000000977, 0.6716990566028304688, -0.2499999999999993616 ) ) ;
#6663 = EDGE_CURVE ( 'NONE', #8360, #3141, #382, .T. ) ;
#6664 = CARTESIAN_POINT ( 'NONE',  ( 1.375000000000000000, 0.000000000000000000, -2.225000000000000533 ) ) ;
#6665 = DIRECTION ( 'NONE',  ( -1.734723475976808475E-15, -0.000000000000000000, 1.000000000000000000 ) ) ;
#6666 = ORIENTED_EDGE ( 'NONE', *, *, #2661, .T. ) ;
#6667 = VERTEX_POINT ( 'NONE', #1944 ) ;
#6668 = VECTOR ( 'NONE', #4561, 1000.000000000000000 ) ;
#6669 = CARTESIAN_POINT ( 'NONE',  ( -1.874999999999999778, 0.6716990566028303578, -2.225000000000000533 ) ) ;
#6670 = VECTOR ( 'NONE', #1985, 1000.000000000000000 ) ;
#6671 = DIRECTION ( 'NONE',  ( -1.000000000000000000, 0.000000000000000000, 8.673617379884035472E-17 ) ) ;
#6672 = VECTOR ( 'NONE', #2435, 1000.000000000000000 ) ;
#6673 = ORIENTED_EDGE ( 'NONE', *, *, #5621, .T. ) ;
#6674 = ORIENTED_EDGE ( 'NONE', *, *, #4363, .F. ) ;
#6675 = CARTESIAN_POINT ( 'NONE',  ( 2.225000000000000977, 0.1999999999999999833, 0.1250000000000005551 ) ) ;
#6676 = COLOUR_RGB ( '',0.7921568627450980005, 0.8196078431372548767, 0.9333333333333333481 ) ;
#6677 = LINE ( 'NONE', #11083, #7906 ) ;
#6678 = VERTEX_POINT ( 'NONE', #3012 ) ;
#6679 = ORIENTED_EDGE ( 'NONE', *, *, #6880, .T. ) ;
#6680 = AXIS2_PLACEMENT_3D ( 'NONE', #6788, #83, #3508 ) ;
#6681 = EDGE_CURVE ( 'NONE', #6206, #7280, #2114, .T. ) ;
#6682 = LINE ( 'NONE', #10116, #6195 ) ;
#6683 = DIRECTION ( 'NONE',  ( 1.000000000000000000, -0.000000000000000000, 3.154042683594199163E-15 ) ) ;
#6684 = ORIENTED_EDGE ( 'NONE', *, *, #3970, .F. ) ;
#6685 = EDGE_CURVE ( 'NONE', #4433, #9798, #7420, .T. ) ;
#6686 = CIRCLE ( 'NONE', #6140, 0.04999999999999991257 ) ;
#6687 = DIRECTION ( 'NONE',  ( -1.000000000000000000, 0.000000000000000000, 7.885106708985485090E-16 ) ) ;
#6688 = CARTESIAN_POINT ( 'NONE',  ( -1.125000000000000222, 0.1999999999999999833, -2.500000000000000444 ) ) ;
#6689 = LINE ( 'NONE', #5846, #2383 ) ;
#6690 = FACE_OUTER_BOUND ( 'NONE', #10511, .T. ) ;
#6691 = DIRECTION ( 'NONE',  ( 0.000000000000000000, 0.000000000000000000, -1.000000000000000000 ) ) ;
#6692 = VECTOR ( 'NONE', #2369, 1000.000000000000000 ) ;
#6693 = LINE ( 'NONE', #6064, #3565 ) ;
#6694 = EDGE_LOOP ( 'NONE', ( #8011, #5825, #10826, #10317 ) ) ;
#6695 = DIRECTION ( 'NONE',  ( 0.000000000000000000, -1.000000000000000000, 0.000000000000000000 ) ) ;
#6696 = ADVANCED_FACE ( 'NONE', ( #1099 ), #6247, .F. ) ;
#6697 = DIRECTION ( 'NONE',  ( 1.000000000000000000, -0.000000000000000000, 0.000000000000000000 ) ) ;
#6698 = VECTOR ( 'NONE', #5859, 1000.000000000000000 ) ;
#6699 = CARTESIAN_POINT ( 'NONE',  ( -2.500000000000000444, 0.04999999999999969746, -0.8749999999999990008 ) ) ;
#6700 = DIRECTION ( 'NONE',  ( -0.000000000000000000, -1.000000000000000000, -0.000000000000000000 ) ) ;
#6701 = CARTESIAN_POINT ( 'NONE',  ( 0.2499999999999997780, 0.1999999999999999833, 2.225000000000000533 ) ) ;
#6702 = VERTEX_POINT ( 'NONE', #5513 ) ;
#6703 = DIRECTION ( 'NONE',  ( -1.000000000000000000, 0.000000000000000000, -7.885106708985485090E-16 ) ) ;
#6704 = VECTOR ( 'NONE', #10179, 1000.000000000000000 ) ;
#6705 = ORIENTED_EDGE ( 'NONE', *, *, #10213, .F. ) ;
#6706 = EDGE_CURVE ( 'NONE', #1088, #61, #6297, .T. ) ;
#6707 = EDGE_CURVE ( 'NONE', #8774, #10598, #6686, .T. ) ;
#6708 = LINE ( 'NONE', #1683, #4428 ) ;
#6709 = ORIENTED_EDGE ( 'NONE', *, *, #4797, .T. ) ;
#6710 = VERTEX_POINT ( 'NONE', #6358 ) ;
#6711 = DIRECTION ( 'NONE',  ( 0.000000000000000000, -0.000000000000000000, -1.000000000000000000 ) ) ;
#6712 = ORIENTED_EDGE ( 'NONE', *, *, #6803, .F. ) ;
#6713 = VERTEX_POINT ( 'NONE', #2002 ) ;
#6714 = AXIS2_PLACEMENT_3D ( 'NONE', #9482, #5199, #2745 ) ;
#6715 = LINE ( 'NONE', #2420, #7400 ) ;
#6716 = AXIS2_PLACEMENT_3D ( 'NONE', #6377, #1117, #167 ) ;
#6717 = CIRCLE ( 'NONE', #9411, 0.1250000000000001110 ) ;
#6718 = CARTESIAN_POINT ( 'NONE',  ( 2.225000000000000977, 0.000000000000000000, -0.1249999999999994588 ) ) ;
#6719 = DIRECTION ( 'NONE',  ( 7.885106708985485090E-16, 0.000000000000000000, -1.000000000000000000 ) ) ;
#6720 = CARTESIAN_POINT ( 'NONE',  ( -0.6250000000000001110, 0.04999999999999969746, -2.500000000000000444 ) ) ;
#6721 = EDGE_LOOP ( 'NONE', ( #10168, #9272, #11128, #8520 ) ) ;
#6722 = CARTESIAN_POINT ( 'NONE',  ( -1.250000000000000222, 0.04999999999999999584, 2.100000000000000089 ) ) ;
#6723 = LINE ( 'NONE', #10159, #5666 ) ;
#6724 = AXIS2_PLACEMENT_3D ( 'NONE', #1050, #8627, #999 ) ;
#6725 = PLANE ( 'NONE',  #6208 ) ;
#6726 = EDGE_LOOP ( 'NONE', ( #1911, #9038, #9872, #1377 ) ) ;
#6727 = ORIENTED_EDGE ( 'NONE', *, *, #10432, .F. ) ;
#6728 = VECTOR ( 'NONE', #7719, 1000.000000000000000 ) ;
#6729 = CARTESIAN_POINT ( 'NONE',  ( 0.8749999999999998890, 0.2000000000000000111, -2.500000000000000444 ) ) ;
#6730 = EDGE_CURVE ( 'NONE', #860, #10351, #5458, .T. ) ;
#6731 = FACE_OUTER_BOUND ( 'NONE', #8540, .T. ) ;
#6732 = ORIENTED_EDGE ( 'NONE', *, *, #10053, .T. ) ;
#6733 = ORIENTED_EDGE ( 'NONE', *, *, #6604, .F. ) ;
#6734 = EDGE_CURVE ( 'NONE', #7482, #9126, #1157, .T. ) ;
#6735 = DIRECTION ( 'NONE',  ( -1.000000000000000000, 0.000000000000000000, -3.154042683594199163E-15 ) ) ;
#6736 = VECTOR ( 'NONE', #5038, 1000.000000000000000 ) ;
#6737 = CARTESIAN_POINT ( 'NONE',  ( -0.6250000000000003331, 0.2000000000000000111, 2.225000000000000533 ) ) ;
#6738 = ORIENTED_EDGE ( 'NONE', *, *, #3308, .F. ) ;
#6739 = CARTESIAN_POINT ( 'NONE',  ( 2.225000000000000977, 0.1999999999999999833, -0.1249999999999994588 ) ) ;
#6740 = DIRECTION ( 'NONE',  ( 0.000000000000000000, -0.000000000000000000, -1.000000000000000000 ) ) ;
#6741 = LINE ( 'NONE', #2447, #5495 ) ;
#6742 = PRESENTATION_LAYER_ASSIGNMENT (  '', '', ( #5669 ) ) ;
#6743 = ADVANCED_FACE ( 'NONE', ( #9003 ), #375, .F. ) ;
#6744 = EDGE_CURVE ( 'NONE', #9276, #4197, #8050, .T. ) ;
#6745 = FACE_OUTER_BOUND ( 'NONE', #2870, .T. ) ;
#6746 = FILL_AREA_STYLE_COLOUR ( '', #1986 ) ;
#6747 = CARTESIAN_POINT ( 'NONE',  ( -5.913830031739144928E-15, 0.05000000000000000278, -1.875000000000006883 ) ) ;
#6748 = VECTOR ( 'NONE', #7720, 1000.000000000000000 ) ;
#6749 = CARTESIAN_POINT ( 'NONE',  ( 1.375000000000000000, 0.6716990566028303578, -2.225000000000000533 ) ) ;
#6750 = FACE_OUTER_BOUND ( 'NONE', #9115, .T. ) ;
#6751 = ORIENTED_EDGE ( 'NONE', *, *, #8284, .T. ) ;
#6752 = VECTOR ( 'NONE', #1475, 1000.000000000000000 ) ;
#6753 = FILL_AREA_STYLE ('',( #5229 ) ) ;
#6754 = AXIS2_PLACEMENT_3D ( 'NONE', #7300, #586, #1303 ) ;
#6755 = CARTESIAN_POINT ( 'NONE',  ( -1.950000000000000844, 0.7500000000000000000, -1.699999999999999512 ) ) ;
#6756 = UNCERTAINTY_MEASURE_WITH_UNIT (LENGTH_MEASURE( 1.000000000000000082E-05 ), #4728, 'distance_accuracy_value', 'NONE');
#6757 = LINE ( 'NONE', #1613, #9022 ) ;
#6758 = DIRECTION ( 'NONE',  ( -0.000000000000000000, -1.000000000000000000, -0.000000000000000000 ) ) ;
#6759 = DIRECTION ( 'NONE',  ( 1.000000000000000000, 0.000000000000000000, 3.154042683594199163E-15 ) ) ;
#6760 = VERTEX_POINT ( 'NONE', #440 ) ;
#6761 = LINE ( 'NONE', #2355, #224 ) ;
#6762 = EDGE_LOOP ( 'NONE', ( #5194, #3583, #7474, #8059 ) ) ;
#6763 = FACE_OUTER_BOUND ( 'NONE', #3926, .T. ) ;
#6764 = ORIENTED_EDGE ( 'NONE', *, *, #9526, .F. ) ;
#6765 = ORIENTED_EDGE ( 'NONE', *, *, #2829, .T. ) ;
#6766 = DIRECTION ( 'NONE',  ( 0.000000000000000000, -0.000000000000000000, -1.000000000000000000 ) ) ;
#6767 = CLOSED_SHELL ( 'NONE', ( #5497, #5978, #2412, #6862, #10819, #4556, #10158 ) ) ;
#6768 = VERTEX_POINT ( 'NONE', #7319 ) ;
#6769 = CARTESIAN_POINT ( 'NONE',  ( 1.875000000000000000, 0.2000000000000000111, -2.225000000000000533 ) ) ;
#6770 = ORIENTED_EDGE ( 'NONE', *, *, #10943, .F. ) ;
#6771 = ORIENTED_EDGE ( 'NONE', *, *, #4009, .T. ) ;
#6772 = FACE_OUTER_BOUND ( 'NONE', #4796, .T. ) ;
#6773 = LINE ( 'NONE', #10202, #2003 ) ;
#6774 = EDGE_CURVE ( 'NONE', #9695, #1092, #10630, .T. ) ;
#6775 = EDGE_CURVE ( 'NONE', #10966, #4851, #4493, .T. ) ;
#6776 = CARTESIAN_POINT ( 'NONE',  ( -2.225000000000000977, 0.1999999999999999833, -0.6249999999999994449 ) ) ;
#6777 = ORIENTED_EDGE ( 'NONE', *, *, #5081, .F. ) ;
#6778 = EDGE_CURVE ( 'NONE', #7721, #9571, #3644, .T. ) ;
#6779 = AXIS2_PLACEMENT_3D ( 'NONE', #9873, #7411, #4691 ) ;
#6780 = DIRECTION ( 'NONE',  ( 0.000000000000000000, 0.000000000000000000, -1.000000000000000000 ) ) ;
#6781 = FACE_OUTER_BOUND ( 'NONE', #8726, .T. ) ;
#6782 = VERTEX_POINT ( 'NONE', #9956 ) ;
#6783 = ORIENTED_EDGE ( 'NONE', *, *, #10008, .T. ) ;
#6784 = DIRECTION ( 'NONE',  ( 0.000000000000000000, -0.000000000000000000, 1.000000000000000000 ) ) ;
#6785 = DIRECTION ( 'NONE',  ( -0.000000000000000000, -1.000000000000000000, -0.000000000000000000 ) ) ;
#6786 = ORIENTED_EDGE ( 'NONE', *, *, #8626, .T. ) ;
#6787 = VERTEX_POINT ( 'NONE', #5687 ) ;
#6788 = CARTESIAN_POINT ( 'NONE',  ( 2.500000000000000444, 0.6716990566028304688, -0.3749999999999990563 ) ) ;
#6789 = AXIS2_PLACEMENT_3D ( 'NONE', #8957, #2121, #3873 ) ;
#6790 = EDGE_CURVE ( 'NONE', #10351, #3384, #9176, .T. ) ;
#6791 = CARTESIAN_POINT ( 'NONE',  ( -1.725000000000000533, 0.000000000000000000, 1.675000000000000711 ) ) ;
#6792 = CARTESIAN_POINT ( 'NONE',  ( -0.3749999999999998890, 0.6716990566028303578, -2.500000000000000444 ) ) ;
#6793 = ORIENTED_EDGE ( 'NONE', *, *, #1246, .F. ) ;
#6794 = DIRECTION ( 'NONE',  ( -1.000000000000000000, 0.000000000000000000, -1.913297951445008115E-16 ) ) ;
#6795 = ADVANCED_FACE ( 'NONE', ( #6628 ), #8328, .T. ) ;
#6796 = CARTESIAN_POINT ( 'NONE',  ( -0.7499999999999997780, 0.6716990566028303578, -2.225000000000000533 ) ) ;
#6797 = CARTESIAN_POINT ( 'NONE',  ( 2.225000000000000977, 0.1999999999999999833, -0.2499999999999993616 ) ) ;
#6798 = CARTESIAN_POINT ( 'NONE',  ( -2.225000000000000977, 0.1999999999999999833, 1.625000000000000666 ) ) ;
#6799 = DIRECTION ( 'NONE',  ( -0.000000000000000000, -1.000000000000000000, -0.000000000000000000 ) ) ;
#6801 = ADVANCED_FACE ( 'NONE', ( #1379 ), #605, .T. ) ;
#6800 = DIRECTION ( 'NONE',  ( -1.000000000000000000, 0.000000000000000000, 0.000000000000000000 ) ) ;
#6802 = DIRECTION ( 'NONE',  ( 1.000000000000000000, 0.000000000000000000, 6.472848790958234544E-17 ) ) ;
#6803 = EDGE_CURVE ( 'NONE', #3481, #4016, #4891, .T. ) ;
#6804 = EDGE_CURVE ( 'NONE', #166, #3722, #4033, .T. ) ;
#6805 = ORIENTED_EDGE ( 'NONE', *, *, #2473, .T. ) ;
#6806 = DIRECTION ( 'NONE',  ( 3.154042683594199163E-15, -0.000000000000000000, 1.000000000000000000 ) ) ;
#6807 = DIRECTION ( 'NONE',  ( -0.000000000000000000, -1.000000000000000000, -0.000000000000000000 ) ) ;
#6808 = CARTESIAN_POINT ( 'NONE',  ( 1.249999999999999778, 0.04999999999999999584, 2.100000000000000089 ) ) ;
#6809 = PLANE ( 'NONE',  #9049 ) ;
#6810 = ORIENTED_EDGE ( 'NONE', *, *, #4773, .F. ) ;
#6811 = EDGE_CURVE ( 'NONE', #2119, #3523, #4776, .T. ) ;
#6812 = PLANE ( 'NONE',  #1486 ) ;
#6813 = ORIENTED_EDGE ( 'NONE', *, *, #10935, .F. ) ;
#6814 = CARTESIAN_POINT ( 'NONE',  ( 9.856383386231953737E-17, 0.05000000000000000278, -0.1250000000000012212 ) ) ;
#6815 = ORIENTED_EDGE ( 'NONE', *, *, #7077, .F. ) ;
#6816 = ORIENTED_EDGE ( 'NONE', *, *, #10213, .T. ) ;
#6817 = LINE ( 'NONE', #10251, #5874 ) ;
#6818 = ORIENTED_EDGE ( 'NONE', *, *, #8840, .F. ) ;
#6819 = CIRCLE ( 'NONE', #8625, 0.1250000000000002220 ) ;
#6820 = DIRECTION ( 'NONE',  ( 0.000000000000000000, -1.000000000000000000, 0.000000000000000000 ) ) ;
#6821 = EDGE_CURVE ( 'NONE', #9200, #1235, #3187, .T. ) ;
#6822 = VERTEX_POINT ( 'NONE', #5738 ) ;
#6823 = CYLINDRICAL_SURFACE ( 'NONE', #4143, 0.1250000000000001110 ) ;
#6824 = CARTESIAN_POINT ( 'NONE',  ( 2.225000000000000977, 0.05000000000000002359, -0.7499999999999993339 ) ) ;
#6825 = ORIENTED_EDGE ( 'NONE', *, *, #138, .F. ) ;
#6826 = DIRECTION ( 'NONE',  ( 0.000000000000000000, 0.000000000000000000, -1.000000000000000000 ) ) ;
#6827 = PLANE ( 'NONE',  #10130 ) ;
#6828 = ORIENTED_EDGE ( 'NONE', *, *, #5652, .F. ) ;
#6829 = CARTESIAN_POINT ( 'NONE',  ( 0.7500000000000002220, 0.000000000000000000, -2.225000000000000533 ) ) ;
#6830 = VECTOR ( 'NONE', #9816, 1000.000000000000000 ) ;
#6831 = CARTESIAN_POINT ( 'NONE',  ( -0.7500000000000002220, 0.2000000000000000111, 2.225000000000000533 ) ) ;
#6832 = CARTESIAN_POINT ( 'NONE',  ( 0.6250000000000001110, 0.2000000000000000111, -2.500000000000000444 ) ) ;
#6833 = VERTEX_POINT ( 'NONE', #548 ) ;
#6834 = ORIENTED_EDGE ( 'NONE', *, *, #2455, .F. ) ;
#6835 = DIRECTION ( 'NONE',  ( -0.000000000000000000, 0.000000000000000000, 1.000000000000000000 ) ) ;
#6836 = EDGE_CURVE ( 'NONE', #6782, #334, #498, .T. ) ;
#6837 = ORIENTED_EDGE ( 'NONE', *, *, #5997, .F. ) ;
#6838 = AXIS2_PLACEMENT_3D ( 'NONE', #8176, #2014, #392 ) ;
#6839 = ORIENTED_EDGE ( 'NONE', *, *, #2625, .F. ) ;
#6840 = CARTESIAN_POINT ( 'NONE',  ( -1.750000000000000222, 0.04999999999999999584, 2.225000000000000533 ) ) ;
#6841 = DIRECTION ( 'NONE',  ( -3.154042683594199163E-15, 0.000000000000000000, 1.000000000000000000 ) ) ;
#6842 = CARTESIAN_POINT ( 'NONE',  ( -0.8749999999999998890, 0.2000000000000000111, 2.500000000000000444 ) ) ;
#6843 = ORIENTED_EDGE ( 'NONE', *, *, #4567, .T. ) ;
#6844 = ORIENTED_EDGE ( 'NONE', *, *, #4706, .T. ) ;
#6845 = CARTESIAN_POINT ( 'NONE',  ( 2.225000000000000977, 0.000000000000000000, -0.6249999999999994449 ) ) ;
#6846 = DIRECTION ( 'NONE',  ( -0.000000000000000000, 0.000000000000000000, -1.000000000000000000 ) ) ;
#6847 = AXIS2_PLACEMENT_3D ( 'NONE', #10091, #5661, #5819 ) ;
#6848 = VECTOR ( 'NONE', #6126, 1000.000000000000000 ) ;
#6849 = VECTOR ( 'NONE', #275, 1000.000000000000000 ) ;
#6850 = EDGE_CURVE ( 'NONE', #6059, #2782, #7432, .T. ) ;
#6851 = EDGE_CURVE ( 'NONE', #10190, #2234, #1609, .T. ) ;
#6852 = DIRECTION ( 'NONE',  ( 0.000000000000000000, -0.000000000000000000, 1.000000000000000000 ) ) ;
#6853 = PRESENTATION_LAYER_ASSIGNMENT (  '', '', ( #8294 ) ) ;
#6854 = AXIS2_PLACEMENT_3D ( 'NONE', #7979, #3569, #6281 ) ;
#6855 = CARTESIAN_POINT ( 'NONE',  ( -0.8749999999999998890, 0.6716990566028303578, 2.500000000000000444 ) ) ;
#6856 = DIRECTION ( 'NONE',  ( 0.000000000000000000, 0.000000000000000000, 1.000000000000000000 ) ) ;
#6857 = DIRECTION ( 'NONE',  ( -1.000000000000000000, 0.000000000000000000, 0.000000000000000000 ) ) ;
#6858 = EDGE_LOOP ( 'NONE', ( #415, #741, #595, #10429, #9071, #6073, #3336, #4270, #10839, #7080, #5695, #6436, #10382, #1542, #3047, #575, #3215, #203, #9644, #2026, #3780, #1842, #3834, #3501, #5988, #2088, #7286, #6214, #4131, #9052, #8261, #10849, #2502, #3020, #2927, #1649 ) ) ;
#6859 = VECTOR ( 'NONE', #1357, 1000.000000000000000 ) ;
#6860 = AXIS2_PLACEMENT_3D ( 'NONE', #8650, #760, #4308 ) ;
#6861 = ORIENTED_EDGE ( 'NONE', *, *, #6880, .F. ) ;
#6862 = ADVANCED_FACE ( 'NONE', ( #2213 ), #7126, .F. ) ;
#6863 = DIRECTION ( 'NONE',  ( -0.7071067811865472397, 0.000000000000000000, 0.7071067811865479058 ) ) ;
#6864 = CARTESIAN_POINT ( 'NONE',  ( 1.724999999999999867, 5.079036790187180017, 1.675000000000000933 ) ) ;
#6865 = FACE_OUTER_BOUND ( 'NONE', #6266, .T. ) ;
#6866 = ADVANCED_FACE ( 'NONE', ( #4697 ), #421, .T. ) ;
#6867 = MECHANICAL_DESIGN_GEOMETRIC_PRESENTATION_REPRESENTATION (  '', ( #6322 ), #7419 ) ;
#6868 = DIRECTION ( 'NONE',  ( -0.000000000000000000, -0.000000000000000000, 1.000000000000000000 ) ) ;
#6869 = ORIENTED_EDGE ( 'NONE', *, *, #7900, .F. ) ;
#6870 = VECTOR ( 'NONE', #211, 1000.000000000000000 ) ;
#6871 = DIRECTION ( 'NONE',  ( 0.000000000000000000, 1.000000000000000000, 0.000000000000000000 ) ) ;
#6872 =( GEOMETRIC_REPRESENTATION_CONTEXT ( 3 ) GLOBAL_UNCERTAINTY_ASSIGNED_CONTEXT ( ( #6756 ) ) GLOBAL_UNIT_ASSIGNED_CONTEXT ( ( #4728, #390, #7271 ) ) REPRESENTATION_CONTEXT ( 'NONE', 'WORKASPACE' ) );
#6873 = DIRECTION ( 'NONE',  ( 0.000000000000000000, -0.000000000000000000, 1.000000000000000000 ) ) ;
#6874 = ORIENTED_EDGE ( 'NONE', *, *, #6774, .T. ) ;
#6875 = CIRCLE ( 'NONE', #761, 0.1250000000000001110 ) ;
#6876 = CARTESIAN_POINT ( 'NONE',  ( -1.749999999999999778, 0.2000000000000000111, -2.225000000000000533 ) ) ;
#6877 = CYLINDRICAL_SURFACE ( 'NONE', #348, 0.04999999999999991257 ) ;
#6878 = VERTEX_POINT ( 'NONE', #4640 ) ;
#6879 = FACE_OUTER_BOUND ( 'NONE', #8976, .T. ) ;
#6880 = EDGE_CURVE ( 'NONE', #8603, #7288, #10557, .T. ) ;
#6881 = CARTESIAN_POINT ( 'NONE',  ( -2.500000000000000444, 0.6716990566028304688, 0.6250000000000009992 ) ) ;
#6882 = VERTEX_POINT ( 'NONE', #2153 ) ;
#6883 = CARTESIAN_POINT ( 'NONE',  ( -0.6250000000000001110, 0.1999999999999999833, 2.500000000000000444 ) ) ;
#6884 = AXIS2_PLACEMENT_3D ( 'NONE', #5645, #7449, #8280 ) ;
#6885 = ORIENTED_EDGE ( 'NONE', *, *, #1599, .F. ) ;
#6886 = SURFACE_SIDE_STYLE ('',( #8695 ) ) ;
#6887 = CARTESIAN_POINT ( 'NONE',  ( -1.749999999999999778, 0.6716990566028303578, -2.225000000000000533 ) ) ;
#6888 = EDGE_CURVE ( 'NONE', #2548, #2933, #1138, .T. ) ;
#6889 = CARTESIAN_POINT ( 'NONE',  ( -0.7499999999999997780, 0.000000000000000000, -2.225000000000000533 ) ) ;
#6890 = EDGE_LOOP ( 'NONE', ( #1871, #3075, #6839, #7235 ) ) ;
#6891 = ORIENTED_EDGE ( 'NONE', *, *, #3460, .F. ) ;
#6892 = VECTOR ( 'NONE', #4799, 1000.000000000000000 ) ;
#6893 = MECHANICAL_DESIGN_GEOMETRIC_PRESENTATION_REPRESENTATION (  '', ( #3464 ), #4919 ) ;
#6894 = DIRECTION ( 'NONE',  ( 0.000000000000000000, -0.000000000000000000, -1.000000000000000000 ) ) ;
#6895 = VECTOR ( 'NONE', #9732, 1000.000000000000000 ) ;
#6896 = ORIENTED_EDGE ( 'NONE', *, *, #3380, .F. ) ;
#6897 = ORIENTED_EDGE ( 'NONE', *, *, #6061, .F. ) ;
#6898 = DIRECTION ( 'NONE',  ( 0.000000000000000000, 0.000000000000000000, 1.000000000000000000 ) ) ;
#6899 = CARTESIAN_POINT ( 'NONE',  ( 2.225000000000000977, 0.6716990566028304688, -1.624999999999999556 ) ) ;
#6900 = DIRECTION ( 'NONE',  ( 0.000000000000000000, 0.000000000000000000, -1.000000000000000000 ) ) ;
#6901 = ORIENTED_EDGE ( 'NONE', *, *, #6946, .F. ) ;
#6902 = FACE_OUTER_BOUND ( 'NONE', #921, .T. ) ;
#6903 = DIRECTION ( 'NONE',  ( 0.000000000000000000, 0.000000000000000000, 1.000000000000000000 ) ) ;
#6904 = CARTESIAN_POINT ( 'NONE',  ( 0.7499999999999997780, 0.2000000000000000111, 2.225000000000000533 ) ) ;
#6905 = AXIS2_PLACEMENT_3D ( 'NONE', #9557, #10229, #7830 ) ;
#6906 = CARTESIAN_POINT ( 'NONE',  ( -2.500000000000000444, 0.6716990566028304688, -1.874999999999999112 ) ) ;
#6907 = MECHANICAL_DESIGN_GEOMETRIC_PRESENTATION_REPRESENTATION (  '', ( #6186 ), #1316 ) ;
#6908 = LINE ( 'NONE', #9551, #7025 ) ;
#6909 = AXIS2_PLACEMENT_3D ( 'NONE', #9492, #5265, #4471 ) ;
#6910 = DIRECTION ( 'NONE',  ( -1.734723475976808475E-15, 0.000000000000000000, -1.000000000000000000 ) ) ;
#6911 = LINE ( 'NONE', #6855, #1480 ) ;
#6912 = ORIENTED_EDGE ( 'NONE', *, *, #5662, .F. ) ;
#6913 = ADVANCED_FACE ( 'NONE', ( #1367 ), #9047, .F. ) ;
#6914 = ORIENTED_EDGE ( 'NONE', *, *, #9060, .T. ) ;
#6915 = DIRECTION ( 'NONE',  ( 0.000000000000000000, -1.000000000000000000, 0.000000000000000000 ) ) ;
#6916 = PLANE ( 'NONE',  #4409 ) ;
#6917 = EDGE_CURVE ( 'NONE', #10750, #10032, #10612, .T. ) ;
#6918 =( GEOMETRIC_REPRESENTATION_CONTEXT ( 3 ) GLOBAL_UNCERTAINTY_ASSIGNED_CONTEXT ( ( #411 ) ) GLOBAL_UNIT_ASSIGNED_CONTEXT ( ( #2689, #120, #10425 ) ) REPRESENTATION_CONTEXT ( 'NONE', 'WORKASPACE' ) );
#6919 = DIRECTION ( 'NONE',  ( -0.000000000000000000, -1.000000000000000000, -0.000000000000000000 ) ) ;
#6920 = VECTOR ( 'NONE', #7021, 1000.000000000000000 ) ;
#6921 = DIRECTION ( 'NONE',  ( 0.000000000000000000, 0.000000000000000000, -1.000000000000000000 ) ) ;
#6922 = LINE ( 'NONE', #10407, #3440 ) ;
#6923 = DIRECTION ( 'NONE',  ( 0.000000000000000000, -1.000000000000000000, 0.000000000000000000 ) ) ;
#6924 = ORIENTED_EDGE ( 'NONE', *, *, #9937, .T. ) ;
#6925 = EDGE_CURVE ( 'NONE', #5786, #4975, #7956, .T. ) ;
#6926 = DIRECTION ( 'NONE',  ( 0.000000000000000000, -1.000000000000000000, 0.000000000000000000 ) ) ;
#6927 = VECTOR ( 'NONE', #6994, 1000.000000000000000 ) ;
#6928 = CIRCLE ( 'NONE', #8918, 0.1250000000000001110 ) ;
#6929 = LINE ( 'NONE', #10365, #10992 ) ;
#6930 = ORIENTED_EDGE ( 'NONE', *, *, #6179, .T. ) ;
#6931 = EDGE_CURVE ( 'NONE', #5474, #2795, #3853, .T. ) ;
#6932 = ORIENTED_EDGE ( 'NONE', *, *, #6663, .F. ) ;
#6933 =( LENGTH_UNIT ( ) NAMED_UNIT ( * ) SI_UNIT ( .MILLI., .METRE. ) );
#6934 = CARTESIAN_POINT ( 'NONE',  ( -2.225000000000000977, 0.000000000000000000, 0.8750000000000005551 ) ) ;
#6935 = DIRECTION ( 'NONE',  ( -1.734723475976808475E-15, 0.000000000000000000, -1.000000000000000000 ) ) ;
#6936 = VECTOR ( 'NONE', #569, 1000.000000000000000 ) ;
#6937 = DIRECTION ( 'NONE',  ( 0.000000000000000000, 0.000000000000000000, 1.000000000000000000 ) ) ;
#6938 = ORIENTED_EDGE ( 'NONE', *, *, #6259, .F. ) ;
#6939 = FILL_AREA_STYLE ('',( #7797 ) ) ;
#6940 = ORIENTED_EDGE ( 'NONE', *, *, #9564, .T. ) ;
#6941 = LINE ( 'NONE', #10377, #7092 ) ;
#6942 = EDGE_CURVE ( 'NONE', #8889, #4998, #7304, .T. ) ;
#6943 = DIRECTION ( 'NONE',  ( 1.000000000000000000, 0.000000000000000000, -7.885106708985485090E-16 ) ) ;
#6944 = CLOSED_SHELL ( 'NONE', ( #5961, #5913, #6217, #3592, #6957, #53 ) ) ;
#6945 = CARTESIAN_POINT ( 'NONE',  ( 1.875000000000000000, 0.2000000000000000111, -2.500000000000000444 ) ) ;
#6946 = EDGE_CURVE ( 'NONE', #4067, #10676, #8936, .T. ) ;
#6947 = VERTEX_POINT ( 'NONE', #8087 ) ;
#6948 = ORIENTED_EDGE ( 'NONE', *, *, #4591, .T. ) ;
#6949 = ADVANCED_FACE ( 'NONE', ( #5552 ), #6400, .T. ) ;
#6950 =( NAMED_UNIT ( * ) SI_UNIT ( $, .STERADIAN. ) SOLID_ANGLE_UNIT ( ) );
#6951 = DIRECTION ( 'NONE',  ( 0.000000000000000000, -1.000000000000000000, 0.000000000000000000 ) ) ;
#6952 = ORIENTED_EDGE ( 'NONE', *, *, #2358, .T. ) ;
#6953 = ORIENTED_EDGE ( 'NONE', *, *, #2386, .F. ) ;
#6954 = CARTESIAN_POINT ( 'NONE',  ( -2.500000000000000888, 0.04999999999999969746, -0.1249999999999992506 ) ) ;
#6955 = COLOUR_RGB ( '',0.7921568627450980005, 0.8196078431372548767, 0.9333333333333333481 ) ;
#6956 = AXIS2_PLACEMENT_3D ( 'NONE', #5656, #10034, #10828 ) ;
#6957 = ADVANCED_FACE ( 'NONE', ( #9110 ), #356, .T. ) ;
#6958 = CARTESIAN_POINT ( 'NONE',  ( -2.500000000000000444, 0.1999999999999999833, -1.374999999999999112 ) ) ;
#6959 = DIRECTION ( 'NONE',  ( 0.000000000000000000, 1.000000000000000000, 0.000000000000000000 ) ) ;
#6960 = ORIENTED_EDGE ( 'NONE', *, *, #3545, .T. ) ;
#6961 = DIRECTION ( 'NONE',  ( -0.000000000000000000, -1.000000000000000000, 0.000000000000000000 ) ) ;
#6962 = LINE ( 'NONE', #1979, #9991 ) ;
#6963 = PLANE ( 'NONE',  #5204 ) ;
#6964 = LINE ( 'NONE', #9332, #5413 ) ;
#6965 = EDGE_CURVE ( 'NONE', #4627, #5974, #7240, .T. ) ;
#6966 =( NAMED_UNIT ( * ) SI_UNIT ( $, .STERADIAN. ) SOLID_ANGLE_UNIT ( ) );
#6967 = FACE_OUTER_BOUND ( 'NONE', #1847, .T. ) ;
#6968 = EDGE_LOOP ( 'NONE', ( #8612, #8413, #5207, #6952 ) ) ;
#6969 = DIRECTION ( 'NONE',  ( 0.000000000000000000, -1.000000000000000000, 0.000000000000000000 ) ) ;
#6970 = CARTESIAN_POINT ( 'NONE',  ( 2.225000000000000977, 0.1999999999999999833, 1.875000000000000666 ) ) ;
#6971 = EDGE_LOOP ( 'NONE', ( #6104, #8750, #5444, #3342 ) ) ;
#6972 = DIRECTION ( 'NONE',  ( -0.000000000000000000, -1.000000000000000000, -0.000000000000000000 ) ) ;
#6973 = FACE_OUTER_BOUND ( 'NONE', #7913, .T. ) ;
#6974 = ADVANCED_FACE ( 'NONE', ( #1984 ), #8990, .T. ) ;
#6975 = DIRECTION ( 'NONE',  ( 0.000000000000000000, -1.000000000000000000, 0.000000000000000000 ) ) ;
#6976 = DIRECTION ( 'NONE',  ( 0.000000000000000000, -1.000000000000000000, 0.000000000000000000 ) ) ;
#6977 = CARTESIAN_POINT ( 'NONE',  ( 0.3749999999999998890, 0.000000000000000000, -2.500000000000000444 ) ) ;
#6978 = ORIENTED_EDGE ( 'NONE', *, *, #1378, .F. ) ;
#6979 = DIRECTION ( 'NONE',  ( -1.000000000000000000, 0.000000000000000000, 3.154042683594199163E-15 ) ) ;
#6980 = ORIENTED_EDGE ( 'NONE', *, *, #2986, .T. ) ;
#6981 = LINE ( 'NONE', #10415, #7584 ) ;
#6982 = ORIENTED_EDGE ( 'NONE', *, *, #5799, .F. ) ;
#6983 = LINE ( 'NONE', #8521, #4827 ) ;
#6984 = EDGE_CURVE ( 'NONE', #1092, #3876, #250, .T. ) ;
#6985 = EDGE_CURVE ( 'NONE', #5490, #10214, #2202, .T. ) ;
#6986 = PLANE ( 'NONE',  #10426 ) ;
#6987 = CARTESIAN_POINT ( 'NONE',  ( -2.225000000000000977, 0.000000000000000000, -1.749999999999999334 ) ) ;
#6988 = AXIS2_PLACEMENT_3D ( 'NONE', #4898, #611, #3248 ) ;
#6989 = LINE ( 'NONE', #898, #3623 ) ;
#6990 = ORIENTED_EDGE ( 'NONE', *, *, #3577, .T. ) ;
#6991 = ORIENTED_EDGE ( 'NONE', *, *, #1933, .F. ) ;
#6992 = CARTESIAN_POINT ( 'NONE',  ( -1.249999999999999778, 0.1999999999999999833, -2.225000000000000533 ) ) ;
#6993 = VECTOR ( 'NONE', #536, 1000.000000000000000 ) ;
#6994 = DIRECTION ( 'NONE',  ( 0.000000000000000000, -0.000000000000000000, 1.000000000000000000 ) ) ;
#6995 = ORIENTED_EDGE ( 'NONE', *, *, #3801, .F. ) ;
#6996 = ORIENTED_EDGE ( 'NONE', *, *, #6588, .T. ) ;
#6997 = SURFACE_STYLE_USAGE ( .BOTH. , #5316 ) ;
#6998 = DIRECTION ( 'NONE',  ( 0.000000000000000000, 0.000000000000000000, -1.000000000000000000 ) ) ;
#6999 = ORIENTED_EDGE ( 'NONE', *, *, #5260, .F. ) ;
#7000 = VERTEX_POINT ( 'NONE', #2260 ) ;
#7001 = EDGE_CURVE ( 'NONE', #2971, #4258, #1464, .T. ) ;
#7002 = AXIS2_PLACEMENT_3D ( 'NONE', #4414, #7858, #128 ) ;
#7003 = ADVANCED_FACE ( 'NONE', ( #9150 ), #4918, .T. ) ;
#7004 = DIRECTION ( 'NONE',  ( -3.154042683594199163E-15, 0.000000000000000000, 1.000000000000000000 ) ) ;
#7005 = DIRECTION ( 'NONE',  ( -1.000000000000000000, 0.000000000000000000, 7.885106708985485090E-16 ) ) ;
#7006 = ORIENTED_EDGE ( 'NONE', *, *, #2249, .T. ) ;
#7007 = SURFACE_SIDE_STYLE ('',( #7919 ) ) ;
#7008 = CARTESIAN_POINT ( 'NONE',  ( -0.2499999999999997780, 0.000000000000000000, -2.225000000000000533 ) ) ;
#7009 = LINE ( 'NONE', #9767, #8449 ) ;
#7010 = VECTOR ( 'NONE', #221, 1000.000000000000000 ) ;
#7011 = EDGE_CURVE ( 'NONE', #7141, #7988, #743, .T. ) ;
#7012 = DIRECTION ( 'NONE',  ( 0.000000000000000000, 1.000000000000000000, 0.000000000000000000 ) ) ;
#7013 = DIRECTION ( 'NONE',  ( 1.734723475976808475E-15, 0.000000000000000000, -1.000000000000000000 ) ) ;
#7014 = ADVANCED_FACE ( 'NONE', ( #3217 ), #2368, .F. ) ;
#7015 = CARTESIAN_POINT ( 'NONE',  ( 1.125000000000000444, 0.1999999999999999833, -2.225000000000000533 ) ) ;
#7016 = ORIENTED_EDGE ( 'NONE', *, *, #10240, .F. ) ;
#7017 = ORIENTED_EDGE ( 'NONE', *, *, #11125, .F. ) ;
#7018 = VECTOR ( 'NONE', #6295, 1000.000000000000000 ) ;
#7019 = SURFACE_SIDE_STYLE ('',( #2411 ) ) ;
#7020 = DIRECTION ( 'NONE',  ( -1.000000000000000000, 0.000000000000000000, 0.000000000000000000 ) ) ;
#7021 = DIRECTION ( 'NONE',  ( 0.000000000000000000, 0.000000000000000000, -1.000000000000000000 ) ) ;
#7022 = EDGE_LOOP ( 'NONE', ( #6837, #1940, #9776, #1784 ) ) ;
#7023 = EDGE_CURVE ( 'NONE', #6273, #5974, #2514, .T. ) ;
#7024 = CARTESIAN_POINT ( 'NONE',  ( -1.749999999999999778, 0.2000000000000000111, -2.225000000000000533 ) ) ;
#7025 = VECTOR ( 'NONE', #6067, 1000.000000000000000 ) ;
#7026 = LINE ( 'NONE', #10461, #3588 ) ;
#7027 = AXIS2_PLACEMENT_3D ( 'NONE', #387, #8228, #2846 ) ;
#7028 = DIRECTION ( 'NONE',  ( 0.000000000000000000, -0.000000000000000000, -1.000000000000000000 ) ) ;
#7029 = CARTESIAN_POINT ( 'NONE',  ( -0.1250000000000001110, 0.1999999999999999833, -2.225000000000000533 ) ) ;
#7030 = LINE ( 'NONE', #6298, #9747 ) ;
#7031 = ORIENTED_EDGE ( 'NONE', *, *, #10751, .F. ) ;
#7032 = DIRECTION ( 'NONE',  ( -0.000000000000000000, -1.000000000000000000, -0.000000000000000000 ) ) ;
#7033 = AXIS2_PLACEMENT_3D ( 'NONE', #6840, #282, #337 ) ;
#7034 = DIRECTION ( 'NONE',  ( 0.000000000000000000, -1.000000000000000000, 0.000000000000000000 ) ) ;
#7035 = EDGE_CURVE ( 'NONE', #9130, #4307, #7465, .T. ) ;
#7036 = LINE ( 'NONE', #3650, #6307 ) ;
#7037 = VERTEX_POINT ( 'NONE', #6606 ) ;
#7038 = CARTESIAN_POINT ( 'NONE',  ( 0.7500000000000002220, 0.2000000000000000111, -2.225000000000000533 ) ) ;
#7039 = DIRECTION ( 'NONE',  ( 1.000000000000000000, 0.000000000000000000, 0.000000000000000000 ) ) ;
#7040 = VECTOR ( 'NONE', #1263, 1000.000000000000000 ) ;
#7041 = VECTOR ( 'NONE', #9064, 1000.000000000000000 ) ;
#7042 = FILL_AREA_STYLE ('',( #3712 ) ) ;
#7043 = CARTESIAN_POINT ( 'NONE',  ( 2.225000000000000977, 0.6716990566028304688, 0.6250000000000005551 ) ) ;
#7044 = ORIENTED_EDGE ( 'NONE', *, *, #5126, .T. ) ;
#7045 = EDGE_CURVE ( 'NONE', #2795, #9599, #10038, .T. ) ;
#7046 = CARTESIAN_POINT ( 'NONE',  ( -0.7500000000000002220, 0.6716990566028303578, 2.225000000000000533 ) ) ;
#7047 = EDGE_CURVE ( 'NONE', #6220, #10190, #6715, .T. ) ;
#7048 = DIRECTION ( 'NONE',  ( 0.000000000000000000, 0.000000000000000000, -1.000000000000000000 ) ) ;
#7049 = EDGE_CURVE ( 'NONE', #10578, #7851, #9902, .T. ) ;
#7050 = CARTESIAN_POINT ( 'NONE',  ( 2.500000000000000888, 0.6716990566028304688, 1.375000000000000888 ) ) ;
#7051 = ORIENTED_EDGE ( 'NONE', *, *, #9704, .T. ) ;
#7052 = ORIENTED_EDGE ( 'NONE', *, *, #6685, .F. ) ;
#7053 = LINE ( 'NONE', #7753, #5287 ) ;
#7054 = DIRECTION ( 'NONE',  ( 0.000000000000000000, 1.000000000000000000, 0.000000000000000000 ) ) ;
#7055 = ORIENTED_EDGE ( 'NONE', *, *, #8089, .T. ) ;
#7056 = ORIENTED_EDGE ( 'NONE', *, *, #9007, .T. ) ;
#7057 = VECTOR ( 'NONE', #4394, 1000.000000000000000 ) ;
#7058 = CARTESIAN_POINT ( 'NONE',  ( -0.1250000000000001110, 0.2000000000000000111, -2.500000000000000444 ) ) ;
#7059 = CARTESIAN_POINT ( 'NONE',  ( -0.3749999999999998890, 0.6716990566028303578, 2.500000000000000444 ) ) ;
#7060 = ORIENTED_EDGE ( 'NONE', *, *, #4817, .T. ) ;
#7061 = CARTESIAN_POINT ( 'NONE',  ( -2.225000000000000977, 0.6716990566028304688, 1.375000000000000666 ) ) ;
#7062 = ORIENTED_EDGE ( 'NONE', *, *, #7113, .F. ) ;
#7063 = AXIS2_PLACEMENT_3D ( 'NONE', #10325, #1013, #9647 ) ;
#7064 = ADVANCED_FACE ( 'NONE', ( #9259 ), #1406, .F. ) ;
#7065 = CARTESIAN_POINT ( 'NONE',  ( 1.874999999999999778, 0.000000000000000000, 2.225000000000000533 ) ) ;
#7066 = AXIS2_PLACEMENT_3D ( 'NONE', #4065, #6659, #4864 ) ;
#7067 = VECTOR ( 'NONE', #2557, 1000.000000000000000 ) ;
#7068 = EDGE_CURVE ( 'NONE', #8705, #2862, #577, .T. ) ;
#7069 = DIRECTION ( 'NONE',  ( 0.000000000000000000, 0.000000000000000000, -1.000000000000000000 ) ) ;
#7070 =( NAMED_UNIT ( * ) PLANE_ANGLE_UNIT ( ) SI_UNIT ( $, .RADIAN. ) );
#7071 = STYLED_ITEM ( 'NONE', ( #4798 ), #11146 ) ;
#7072 = DIRECTION ( 'NONE',  ( 0.000000000000000000, 0.000000000000000000, 1.000000000000000000 ) ) ;
#7073 = ORIENTED_EDGE ( 'NONE', *, *, #1281, .T. ) ;
#7074 = ORIENTED_EDGE ( 'NONE', *, *, #3736, .F. ) ;
#7075 = CARTESIAN_POINT ( 'NONE',  ( 2.500000000000000888, 0.1999999999999999833, -1.124999999999999334 ) ) ;
#7076 = LINE ( 'NONE', #7831, #1336 ) ;
#7077 = EDGE_CURVE ( 'NONE', #6645, #9532, #1969, .T. ) ;
#7078 = EDGE_LOOP ( 'NONE', ( #3726, #823, #8867, #8288 ) ) ;
#7079 = EDGE_LOOP ( 'NONE', ( #545, #3686, #2663, #5887 ) ) ;
#7080 = ORIENTED_EDGE ( 'NONE', *, *, #8461, .T. ) ;
#7081 = EDGE_CURVE ( 'NONE', #7512, #10938, #8247, .T. ) ;
#7082 = AXIS2_PLACEMENT_3D ( 'NONE', #5446, #8943, #8891 ) ;
#7083 = ADVANCED_FACE ( 'NONE', ( #9988 ), #632, .F. ) ;
#7084 = LINE ( 'NONE', #5344, #3756 ) ;
#7085 = CARTESIAN_POINT ( 'NONE',  ( -2.500000000000000444, 0.6716990566028304688, -0.8749999999999990008 ) ) ;
#7086 = VECTOR ( 'NONE', #4934, 1000.000000000000000 ) ;
#7087 = DIRECTION ( 'NONE',  ( 0.000000000000000000, 0.000000000000000000, 1.000000000000000000 ) ) ;
#7088 = DIRECTION ( 'NONE',  ( 0.000000000000000000, 1.000000000000000000, 0.000000000000000000 ) ) ;
#7089 = CIRCLE ( 'NONE', #7275, 0.1250000000000001110 ) ;
#7090 = PLANE ( 'NONE',  #3459 ) ;
#7091 = ORIENTED_EDGE ( 'NONE', *, *, #10484, .T. ) ;
#7092 = VECTOR ( 'NONE', #959, 1000.000000000000000 ) ;
#7093 = CARTESIAN_POINT ( 'NONE',  ( -2.500000000000000888, 0.000000000000000000, -0.6249999999999992228 ) ) ;
#7094 = AXIS2_PLACEMENT_3D ( 'NONE', #5113, #7709, #6903 ) ;
#7095 = CARTESIAN_POINT ( 'NONE',  ( -2.500000000000000888, 0.000000000000000000, -0.1249999999999992506 ) ) ;
#7096 = CARTESIAN_POINT ( 'NONE',  ( 2.225000000000000977, 0.1999999999999999833, 0.8750000000000005551 ) ) ;
#7097 = ORIENTED_EDGE ( 'NONE', *, *, #10070, .F. ) ;
#7098 = DIRECTION ( 'NONE',  ( -1.734723475976808475E-15, 0.000000000000000000, -1.000000000000000000 ) ) ;
#7099 = VECTOR ( 'NONE', #986, 1000.000000000000000 ) ;
#7100 = CARTESIAN_POINT ( 'NONE',  ( -1.375000000000000000, 0.1999999999999999833, -2.500000000000000444 ) ) ;
#7101 = CARTESIAN_POINT ( 'NONE',  ( -2.225000000000000977, 0.000000000000000000, 0.3750000000000005551 ) ) ;
#7102 = CARTESIAN_POINT ( 'NONE',  ( -2.225000000000000977, 0.6716990566028304688, -0.1249999999999994588 ) ) ;
#7103 = ADVANCED_FACE ( 'NONE', ( #1577 ), #5030, .F. ) ;
#7104 = EDGE_LOOP ( 'NONE', ( #3082, #2996, #2389, #5282 ) ) ;
#7105 = SURFACE_STYLE_FILL_AREA ( #2080 ) ;
#7106 = AXIS2_PLACEMENT_3D ( 'NONE', #5491, #7412, #2997 ) ;
#7107 = PLANE ( 'NONE',  #2201 ) ;
#7108 = DIRECTION ( 'NONE',  ( 0.000000000000000000, 0.000000000000000000, -1.000000000000000000 ) ) ;
#7109 = ORIENTED_EDGE ( 'NONE', *, *, #3061, .T. ) ;
#7110 = ORIENTED_EDGE ( 'NONE', *, *, #4297, .T. ) ;
#7111 = FILL_AREA_STYLE_COLOUR ( '', #2820 ) ;
#7112 = DIRECTION ( 'NONE',  ( 0.000000000000000000, 0.000000000000000000, 1.000000000000000000 ) ) ;
#7113 = EDGE_CURVE ( 'NONE', #10262, #6520, #7568, .T. ) ;
#7114 = ORIENTED_EDGE ( 'NONE', *, *, #7866, .F. ) ;
#7115 = VERTEX_POINT ( 'NONE', #8298 ) ;
#7116 = ADVANCED_FACE ( 'NONE', ( #5191 ), #5924, .T. ) ;
#7117 = ADVANCED_FACE ( 'NONE', ( #6037 ), #1634, .T. ) ;
#7118 = CARTESIAN_POINT ( 'NONE',  ( -0.8749999999999996669, 0.2000000000000000111, -2.225000000000000533 ) ) ;
#7119 = FACE_OUTER_BOUND ( 'NONE', #1147, .T. ) ;
#7120 = VERTEX_POINT ( 'NONE', #11064 ) ;
#7121 = CLOSED_SHELL ( 'NONE', ( #6498, #8704, #6547, #10546, #7064, #4340 ) ) ;
#7122 = CARTESIAN_POINT ( 'NONE',  ( 0.2500000000000002220, 0.2000000000000000111, -2.225000000000000533 ) ) ;
#7123 = CARTESIAN_POINT ( 'NONE',  ( 2.500000000000000444, 0.6716990566028304688, 0.1250000000000009714 ) ) ;
#7124 = AXIS2_PLACEMENT_3D ( 'NONE', #5536, #2193, #6317 ) ;
#7125 = CARTESIAN_POINT ( 'NONE',  ( 2.225000000000000977, 0.1999999999999999833, -1.874999999999999556 ) ) ;
#7126 = PLANE ( 'NONE',  #4527 ) ;
#7128 = EDGE_CURVE ( 'NONE', #642, #5147, #9359, .T. ) ;
#7127 = STYLED_ITEM ( 'NONE', ( #9606 ), #183 ) ;
#7129 = DIRECTION ( 'NONE',  ( 0.000000000000000000, -0.000000000000000000, 1.000000000000000000 ) ) ;
#7130 = AXIS2_PLACEMENT_3D ( 'NONE', #7840, #6926, #5135 ) ;
#7131 = CARTESIAN_POINT ( 'NONE',  ( -2.500000000000000888, 0.6716990566028304688, -0.1249999999999992506 ) ) ;
#7132 = CARTESIAN_POINT ( 'NONE',  ( -1.950000000000000844, 0.7500000000000000000, -2.200000000000001066 ) ) ;
#7133 = ORIENTED_EDGE ( 'NONE', *, *, #6055, .T. ) ;
#7134 = ORIENTED_EDGE ( 'NONE', *, *, #8895, .F. ) ;
#7135 = CARTESIAN_POINT ( 'NONE',  ( 2.225000000000000977, 0.000000000000000000, 0.1250000000000005551 ) ) ;
#7136 = FACE_OUTER_BOUND ( 'NONE', #3825, .T. ) ;
#7137 = EDGE_LOOP ( 'NONE', ( #6033, #6652, #5425, #2463 ) ) ;
#7138 = VERTEX_POINT ( 'NONE', #8746 ) ;
#7139 = ORIENTED_EDGE ( 'NONE', *, *, #5469, .T. ) ;
#7140 = DIRECTION ( 'NONE',  ( 0.000000000000000000, 0.000000000000000000, -1.000000000000000000 ) ) ;
#7141 = VERTEX_POINT ( 'NONE', #1009 ) ;
#7142 = CARTESIAN_POINT ( 'NONE',  ( 1.375000000000000000, 0.2000000000000000111, 2.500000000000000444 ) ) ;
#7143 = LINE ( 'NONE', #10688, #9381 ) ;
#7144 = DIRECTION ( 'NONE',  ( 0.000000000000000000, 0.000000000000000000, 1.000000000000000000 ) ) ;
#7145 = EDGE_CURVE ( 'NONE', #1702, #9053, #7741, .T. ) ;
#7146 = CARTESIAN_POINT ( 'NONE',  ( -1.374999999999999778, 0.000000000000000000, -2.225000000000000533 ) ) ;
#7147 = EDGE_LOOP ( 'NONE', ( #5, #1015, #8018, #10777 ) ) ;
#7148 = EDGE_CURVE ( 'NONE', #8246, #4914, #4351, .T. ) ;
#7149 = CARTESIAN_POINT ( 'NONE',  ( -1.625000000000000222, 0.1999999999999999833, 2.500000000000000444 ) ) ;
#7150 = ADVANCED_FACE ( 'NONE', ( #6772 ), #7848, .T. ) ;
#7151 = DIRECTION ( 'NONE',  ( 0.000000000000000000, -1.000000000000000000, 0.000000000000000000 ) ) ;
#7152 = DIRECTION ( 'NONE',  ( 0.000000000000000000, 1.000000000000000000, -0.000000000000000000 ) ) ;
#7153 = ORIENTED_EDGE ( 'NONE', *, *, #1853, .T. ) ;
#7154 = SURFACE_STYLE_USAGE ( .BOTH. , #1954 ) ;
#7155 = DIRECTION ( 'NONE',  ( 0.000000000000000000, 0.000000000000000000, 1.000000000000000000 ) ) ;
#7156 =( NAMED_UNIT ( * ) PLANE_ANGLE_UNIT ( ) SI_UNIT ( $, .RADIAN. ) );
#7157 = CARTESIAN_POINT ( 'NONE',  ( -2.225000000000000977, 0.1999999999999999833, 1.375000000000000666 ) ) ;
#7158 = DIRECTION ( 'NONE',  ( -6.377659838150024995E-17, 0.000000000000000000, 1.000000000000000000 ) ) ;
#7159 = ORIENTED_EDGE ( 'NONE', *, *, #7922, .F. ) ;
#7160 = SURFACE_STYLE_USAGE ( .BOTH. , #8066 ) ;
#7161 = AXIS2_PLACEMENT_3D ( 'NONE', #405, #234, #7963 ) ;
#7162 = AXIS2_PLACEMENT_3D ( 'NONE', #6876, #1626, #6034 ) ;
#7163 = CARTESIAN_POINT ( 'NONE',  ( -2.500000000000000444, 0.6716990566028304688, -0.3749999999999990563 ) ) ;
#7164 = ORIENTED_EDGE ( 'NONE', *, *, #7476, .T. ) ;
#7165 = CARTESIAN_POINT ( 'NONE',  ( 1.375000000000000000, 0.2000000000000005107, 2.499999999999999556 ) ) ;
#7166 = ORIENTED_EDGE ( 'NONE', *, *, #5782, .T. ) ;
#7167 = ORIENTED_EDGE ( 'NONE', *, *, #2047, .T. ) ;
#7168 = FACE_OUTER_BOUND ( 'NONE', #675, .T. ) ;
#7169 = ADVANCED_FACE ( 'NONE', ( #7794 ), #803, .F. ) ;
#7170 = CARTESIAN_POINT ( 'NONE',  ( 2.225000000000000977, 0.6716990566028304688, -1.624999999999999556 ) ) ;
#7171 = ORIENTED_EDGE ( 'NONE', *, *, #7424, .T. ) ;
#7172 = ORIENTED_EDGE ( 'NONE', *, *, #2758, .F. ) ;
#7173 = CYLINDRICAL_SURFACE ( 'NONE', #9614, 0.1250000000000001110 ) ;
#7174 = DIRECTION ( 'NONE',  ( 0.000000000000000000, -1.000000000000000000, 0.000000000000000000 ) ) ;
#7175 = VERTEX_POINT ( 'NONE', #4236 ) ;
#7176 = SURFACE_STYLE_USAGE ( .BOTH. , #9106 ) ;
#7177 = AXIS2_PLACEMENT_3D ( 'NONE', #4081, #1371, #7529 ) ;
#7178 = LINE ( 'NONE', #2097, #3328 ) ;
#7179 = CARTESIAN_POINT ( 'NONE',  ( 2.225000000000000977, 0.1999999999999999833, -1.124999999999999556 ) ) ;
#7180 = ORIENTED_EDGE ( 'NONE', *, *, #1185, .T. ) ;
#7181 = CARTESIAN_POINT ( 'NONE',  ( -2.225000000000000977, 0.000000000000000000, 1.750000000000000666 ) ) ;
#7182 = EDGE_CURVE ( 'NONE', #9445, #9053, #10201, .T. ) ;
#7183 = AXIS2_PLACEMENT_3D ( 'NONE', #3863, #11014, #4130 ) ;
#7184 = LINE ( 'NONE', #6340, #9205 ) ;
#7185 = SURFACE_SIDE_STYLE ('',( #195 ) ) ;
#7186 = FACE_OUTER_BOUND ( 'NONE', #9935, .T. ) ;
#7187 = EDGE_LOOP ( 'NONE', ( #5992, #1921, #8199, #2951 ) ) ;
#7188 = ORIENTED_EDGE ( 'NONE', *, *, #2242, .F. ) ;
#7189 = CARTESIAN_POINT ( 'NONE',  ( 0.3749999999999998890, 0.6716990566028303578, 2.225000000000000533 ) ) ;
#7190 = CARTESIAN_POINT ( 'NONE',  ( 2.225000000000000977, 0.1999999999999999833, -1.374999999999999556 ) ) ;
#7191 = ADVANCED_FACE ( 'NONE', ( #3378 ), #6823, .T. ) ;
#7192 = VECTOR ( 'NONE', #7039, 1000.000000000000000 ) ;
#7193 = ORIENTED_EDGE ( 'NONE', *, *, #9097, .T. ) ;
#7194 = DIRECTION ( 'NONE',  ( -0.000000000000000000, -0.000000000000000000, 1.000000000000000000 ) ) ;
#7195 = DIRECTION ( 'NONE',  ( 0.000000000000000000, 1.000000000000000000, 0.000000000000000000 ) ) ;
#7196 = VECTOR ( 'NONE', #6919, 1000.000000000000000 ) ;
#7197 = CARTESIAN_POINT ( 'NONE',  ( 2.225000000000000977, 0.000000000000000000, -1.624999999999999556 ) ) ;
#7198 = DIRECTION ( 'NONE',  ( 0.000000000000000000, 0.000000000000000000, 1.000000000000000000 ) ) ;
#7199 = DIRECTION ( 'NONE',  ( 0.000000000000000000, -1.000000000000000000, 0.000000000000000000 ) ) ;
#7200 = ORIENTED_EDGE ( 'NONE', *, *, #10127, .T. ) ;
#7201 = DIRECTION ( 'NONE',  ( 0.000000000000000000, -0.000000000000000000, 1.000000000000000000 ) ) ;
#7202 = ORIENTED_EDGE ( 'NONE', *, *, #6620, .F. ) ;
#7203 = CARTESIAN_POINT ( 'NONE',  ( -0.6250000000000001110, 0.1999999999999999833, -2.500000000000000444 ) ) ;
#7204 = AXIS2_PLACEMENT_3D ( 'NONE', #6090, #1690, #10 ) ;
#7205 = CIRCLE ( 'NONE', #10810, 0.1250000000000001110 ) ;
#7206 = ADVANCED_FACE ( 'NONE', ( #3491 ), #5982, .F. ) ;
#7207 = LINE ( 'NONE', #3819, #16 ) ;
#7208 = ORIENTED_EDGE ( 'NONE', *, *, #4479, .F. ) ;
#7209 = EDGE_CURVE ( 'NONE', #7456, #6286, #3541, .T. ) ;
#7210 = VECTOR ( 'NONE', #1533, 1000.000000000000000 ) ;
#7211 = ADVANCED_FACE ( 'NONE', ( #1743 ), #9580, .T. ) ;
#7212 = FACE_OUTER_BOUND ( 'NONE', #10062, .T. ) ;
#7213 =( NAMED_UNIT ( * ) PLANE_ANGLE_UNIT ( ) SI_UNIT ( $, .RADIAN. ) );
#7214 = CARTESIAN_POINT ( 'NONE',  ( 0.8749999999999996669, 0.2000000000000000111, 2.225000000000000533 ) ) ;
#7215 = CARTESIAN_POINT ( 'NONE',  ( 1.750000000000000222, 0.000000000000000000, -2.225000000000000533 ) ) ;
#7216 = ORIENTED_EDGE ( 'NONE', *, *, #9831, .F. ) ;
#7217 = AXIS2_PLACEMENT_3D ( 'NONE', #9082, #9740, #1338 ) ;
#7218 = PRESENTATION_STYLE_ASSIGNMENT (( #7160 ) ) ;
#7219 = DIRECTION ( 'NONE',  ( 0.000000000000000000, 1.000000000000000000, 0.000000000000000000 ) ) ;
#7220 = ORIENTED_EDGE ( 'NONE', *, *, #9727, .F. ) ;
#7221 = ADVANCED_FACE ( 'NONE', ( #6879 ), #2637, .F. ) ;
#7222 = DIRECTION ( 'NONE',  ( 1.000000000000000000, 0.000000000000000000, -3.154042683594199163E-15 ) ) ;
#7223 = EDGE_LOOP ( 'NONE', ( #5322, #1835, #907, #4487 ) ) ;
#7224 = ORIENTED_EDGE ( 'NONE', *, *, #1347, .F. ) ;
#7225 = VECTOR ( 'NONE', #5059, 1000.000000000000000 ) ;
#7226 =( NAMED_UNIT ( * ) PLANE_ANGLE_UNIT ( ) SI_UNIT ( $, .RADIAN. ) );
#7227 = VECTOR ( 'NONE', #9441, 1000.000000000000000 ) ;
#7228 = ADVANCED_FACE ( 'NONE', ( #3433 ), #2583, .F. ) ;
#7229 = DIRECTION ( 'NONE',  ( 0.000000000000000000, 0.000000000000000000, 1.000000000000000000 ) ) ;
#7230 = VERTEX_POINT ( 'NONE', #3654 ) ;
#7231 = ORIENTED_EDGE ( 'NONE', *, *, #8948, .F. ) ;
#7232 = DIRECTION ( 'NONE',  ( 1.000000000000000000, 0.000000000000000000, 7.885106708985485090E-16 ) ) ;
#7233 = VECTOR ( 'NONE', #7926, 1000.000000000000000 ) ;
#7234 = CARTESIAN_POINT ( 'NONE',  ( -1.250000000000000222, 0.04999999999999999584, 2.225000000000000533 ) ) ;
#7235 = ORIENTED_EDGE ( 'NONE', *, *, #3489, .F. ) ;
#7236 = DIRECTION ( 'NONE',  ( 0.000000000000000000, 0.000000000000000000, -1.000000000000000000 ) ) ;
#7237 = DIRECTION ( 'NONE',  ( 1.000000000000000000, -0.000000000000000000, -0.000000000000000000 ) ) ;
#7238 = DIRECTION ( 'NONE',  ( 1.000000000000000000, -0.000000000000000000, -0.000000000000000000 ) ) ;
#7239 = ORIENTED_EDGE ( 'NONE', *, *, #4148, .F. ) ;
#7240 = LINE ( 'NONE', #8206, #3052 ) ;
#7241 = AXIS2_PLACEMENT_3D ( 'NONE', #995, #3420, #6759 ) ;
#7242 = CARTESIAN_POINT ( 'NONE',  ( 2.500000000000000888, 0.1999999999999999833, -1.624999999999999334 ) ) ;
#7243 = CARTESIAN_POINT ( 'NONE',  ( 2.500000000000000444, 0.1999999999999999833, -0.8749999999999990008 ) ) ;
#7244 = ORIENTED_EDGE ( 'NONE', *, *, #6850, .T. ) ;
#7245 = ADVANCED_FACE ( 'NONE', ( #1113 ), #2976, .T. ) ;
#7246 = ORIENTED_EDGE ( 'NONE', *, *, #10295, .T. ) ;
#7247 = DIRECTION ( 'NONE',  ( 0.000000000000000000, 1.000000000000000000, 0.000000000000000000 ) ) ;
#7248 = DIRECTION ( 'NONE',  ( 0.000000000000000000, -0.000000000000000000, 1.000000000000000000 ) ) ;
#7249 = VECTOR ( 'NONE', #1497, 1000.000000000000000 ) ;
#7250 = ORIENTED_EDGE ( 'NONE', *, *, #2173, .T. ) ;
#7251 = PLANE ( 'NONE',  #1056 ) ;
#7252 = ORIENTED_EDGE ( 'NONE', *, *, #10965, .T. ) ;
#7253 = ORIENTED_EDGE ( 'NONE', *, *, #4297, .F. ) ;
#7254 = AXIS2_PLACEMENT_3D ( 'NONE', #581, #9263, #8300 ) ;
#7255 = FACE_OUTER_BOUND ( 'NONE', #4116, .T. ) ;
#7256 = CIRCLE ( 'NONE', #4007, 0.1250000000000001110 ) ;
#7257 = FILL_AREA_STYLE_COLOUR ( '', #8121 ) ;
#7258 = DIRECTION ( 'NONE',  ( -0.000000000000000000, -1.000000000000000000, -0.000000000000000000 ) ) ;
#7259 = EDGE_CURVE ( 'NONE', #10029, #5630, #10477, .T. ) ;
#7260 = DIRECTION ( 'NONE',  ( -1.734723475976808475E-15, 0.000000000000000000, -1.000000000000000000 ) ) ;
#7261 = VERTEX_POINT ( 'NONE', #5528 ) ;
#7262 = CARTESIAN_POINT ( 'NONE',  ( -2.500000000000000888, 0.1999999999999999833, 1.875000000000000888 ) ) ;
#7263 = ORIENTED_EDGE ( 'NONE', *, *, #7683, .T. ) ;
#7264 = CARTESIAN_POINT ( 'NONE',  ( -1.375000000000000888, 0.05000000000000002359, -1.724999999999999867 ) ) ;
#7265 = DIRECTION ( 'NONE',  ( 0.000000000000000000, -1.000000000000000000, 0.000000000000000000 ) ) ;
#7266 = AXIS2_PLACEMENT_3D ( 'NONE', #933, #6969, #10400 ) ;
#7267 = VERTEX_POINT ( 'NONE', #2739 ) ;
#7268 = ORIENTED_EDGE ( 'NONE', *, *, #3331, .T. ) ;
#7269 = DIRECTION ( 'NONE',  ( 0.000000000000000000, 0.000000000000000000, 1.000000000000000000 ) ) ;
#7270 = ORIENTED_EDGE ( 'NONE', *, *, #9292, .T. ) ;
#7271 =( NAMED_UNIT ( * ) SI_UNIT ( $, .STERADIAN. ) SOLID_ANGLE_UNIT ( ) );
#7272 = ORIENTED_EDGE ( 'NONE', *, *, #2804, .F. ) ;
#7273 = MANIFOLD_SOLID_BREP ( 'LPattern3[14]', #10724 ) ;
#7274 = CARTESIAN_POINT ( 'NONE',  ( 0.6250000000000001110, 0.2000000000000000111, 2.500000000000000444 ) ) ;
#7275 = AXIS2_PLACEMENT_3D ( 'NONE', #3333, #639, #6780 ) ;
#7276 = CARTESIAN_POINT ( 'NONE',  ( -1.750000000000000222, 0.2000000000000000111, 2.225000000000000533 ) ) ;
#7277 = DIRECTION ( 'NONE',  ( -7.885106708985485090E-16, 0.000000000000000000, -1.000000000000000000 ) ) ;
#7278 = VECTOR ( 'NONE', #1922, 1000.000000000000000 ) ;
#7279 = CARTESIAN_POINT ( 'NONE',  ( 2.225000000000000977, 0.6716990566028304688, -1.624999999999999556 ) ) ;
#7280 = VERTEX_POINT ( 'NONE', #7101 ) ;
#7281 = CARTESIAN_POINT ( 'NONE',  ( -2.500000000000000000, 0.05000000000000000278, -2.500000000000000000 ) ) ;
#7282 = CARTESIAN_POINT ( 'NONE',  ( 0.7500000000000002220, 0.2000000000000000111, -2.225000000000000533 ) ) ;
#7283 = ORIENTED_EDGE ( 'NONE', *, *, #2425, .F. ) ;
#7284 = CARTESIAN_POINT ( 'NONE',  ( -1.375000000000000000, 0.6716990566028303578, -2.500000000000000444 ) ) ;
#7285 = ORIENTED_EDGE ( 'NONE', *, *, #2596, .T. ) ;
#7286 = ORIENTED_EDGE ( 'NONE', *, *, #6482, .F. ) ;
#7287 = DIRECTION ( 'NONE',  ( -0.000000000000000000, -1.000000000000000000, -0.000000000000000000 ) ) ;
#7288 = VERTEX_POINT ( 'NONE', #4454 ) ;
#7289 = EDGE_LOOP ( 'NONE', ( #2105, #9415, #5574, #7682 ) ) ;
#7290 = UNCERTAINTY_MEASURE_WITH_UNIT (LENGTH_MEASURE( 1.000000000000000082E-05 ), #175, 'distance_accuracy_value', 'NONE');
#7291 = AXIS2_PLACEMENT_3D ( 'NONE', #8370, #10160, #3280 ) ;
#7292 = MANIFOLD_SOLID_BREP ( 'LPattern4[3]', #6944 ) ;
#7293 = VECTOR ( 'NONE', #6178, 1000.000000000000000 ) ;
#7294 = ADVANCED_FACE ( 'NONE', ( #281 ), #8913, .T. ) ;
#7295 = CARTESIAN_POINT ( 'NONE',  ( -1.749999999999999778, 0.000000000000000000, -2.225000000000000533 ) ) ;
#7296 = CARTESIAN_POINT ( 'NONE',  ( -2.225000000000000977, 0.05000000000000002359, -1.249999999999999334 ) ) ;
#7297 = ORIENTED_EDGE ( 'NONE', *, *, #7361, .F. ) ;
#7298 = CARTESIAN_POINT ( 'NONE',  ( -1.125000000000000222, 0.2000000000000000111, -2.500000000000000444 ) ) ;
#7299 = ADVANCED_FACE ( 'NONE', ( #10587 ), #2916, .F. ) ;
#7300 = CARTESIAN_POINT ( 'NONE',  ( 2.225000000000000977, 0.000000000000000000, 1.750000000000000666 ) ) ;
#7301 = ADVANCED_FACE ( 'NONE', ( #394 ), #3822, .F. ) ;
#7302 = DIRECTION ( 'NONE',  ( -0.000000000000000000, 0.000000000000000000, 1.000000000000000000 ) ) ;
#7303 = EDGE_LOOP ( 'NONE', ( #10114, #3633, #6199, #8585 ) ) ;
#7304 = LINE ( 'NONE', #2042, #5970 ) ;
#7305 = CIRCLE ( 'NONE', #961, 0.1250000000000001110 ) ;
#7306 = CARTESIAN_POINT ( 'NONE',  ( 2.225000000000000977, 0.1999999999999999833, 0.6250000000000005551 ) ) ;
#7307 = CARTESIAN_POINT ( 'NONE',  ( -1.125000000000000222, 0.2000000000000000111, -2.225000000000000533 ) ) ;
#7308 = AXIS2_PLACEMENT_3D ( 'NONE', #7284, #2087, #7395 ) ;
#7309 = ORIENTED_EDGE ( 'NONE', *, *, #3227, .F. ) ;
#7310 = VERTEX_POINT ( 'NONE', #9910 ) ;
#7311 = DIRECTION ( 'NONE',  ( 0.000000000000000000, 0.000000000000000000, 1.000000000000000000 ) ) ;
#7312 = CARTESIAN_POINT ( 'NONE',  ( 1.375000000000000000, 0.000000000000000000, 2.500000000000000444 ) ) ;
#7313 = MANIFOLD_SOLID_BREP ( 'LPattern3[9]', #7314 ) ;
#7314 = CLOSED_SHELL ( 'NONE', ( #6369, #4949, #7014, #9812, #4105, #216 ) ) ;
#7315 = ORIENTED_EDGE ( 'NONE', *, *, #9601, .T. ) ;
#7316 = LINE ( 'NONE', #1534, #3940 ) ;
#7317 = EDGE_CURVE ( 'NONE', #9143, #4848, #8178, .T. ) ;
#7318 = DIRECTION ( 'NONE',  ( -6.472848790958234544E-17, 0.000000000000000000, -1.000000000000000000 ) ) ;
#7319 = CARTESIAN_POINT ( 'NONE',  ( 2.500000000000000444, 0.04999999999999969746, -0.8749999999999990008 ) ) ;
#7320 = CARTESIAN_POINT ( 'NONE',  ( 1.674999999999999822, 5.079036790187180017, 1.725000000000000755 ) ) ;
#7321 = ORIENTED_EDGE ( 'NONE', *, *, #2345, .F. ) ;
#7322 = MECHANICAL_DESIGN_GEOMETRIC_PRESENTATION_REPRESENTATION (  '', ( #1361 ), #7687 ) ;
#7323 = CARTESIAN_POINT ( 'NONE',  ( -0.1250000000000001110, 0.6716990566028303578, 2.500000000000000444 ) ) ;
#7324 = VERTEX_POINT ( 'NONE', #6699 ) ;
#7325 = DIRECTION ( 'NONE',  ( 0.000000000000000000, 0.000000000000000000, -1.000000000000000000 ) ) ;
#7326 = LINE ( 'NONE', #3758, #4813 ) ;
#7327 = EDGE_LOOP ( 'NONE', ( #9303, #9246, #8536, #4609 ) ) ;
#7328 = DIRECTION ( 'NONE',  ( -0.000000000000000000, -1.000000000000000000, -0.000000000000000000 ) ) ;
#7329 = EDGE_LOOP ( 'NONE', ( #3646, #3999, #11117, #10215 ) ) ;
#7330 = DIRECTION ( 'NONE',  ( 3.154042683594199163E-15, -0.000000000000000000, 1.000000000000000000 ) ) ;
#7331 = EDGE_CURVE ( 'NONE', #8959, #1692, #3930, .T. ) ;
#7332 = MANIFOLD_SOLID_BREP ( 'LPattern4[13]', #4059 ) ;
#7333 = CARTESIAN_POINT ( 'NONE',  ( -0.8749999999999996669, 0.6716990566028303578, -2.225000000000000533 ) ) ;
#7334 = AXIS2_PLACEMENT_3D ( 'NONE', #9734, #6421, #4785 ) ;
#7335 = CARTESIAN_POINT ( 'NONE',  ( -1.625000000000000222, 0.1999999999999999833, -2.500000000000000444 ) ) ;
#7336 = FACE_OUTER_BOUND ( 'NONE', #7289, .T. ) ;
#7337 = LINE ( 'NONE', #7102, #5084 ) ;
#7338 = VERTEX_POINT ( 'NONE', #7335 ) ;
#7339 =( NAMED_UNIT ( * ) SI_UNIT ( $, .STERADIAN. ) SOLID_ANGLE_UNIT ( ) );
#7340 = PLANE ( 'NONE',  #4917 ) ;
#7341 = ORIENTED_EDGE ( 'NONE', *, *, #7608, .F. ) ;
#7342 = EDGE_CURVE ( 'NONE', #10785, #9650, #10758, .T. ) ;
#7343 = CARTESIAN_POINT ( 'NONE',  ( -2.500000000000000444, 0.000000000000000000, 0.6250000000000009992 ) ) ;
#7344 = ORIENTED_EDGE ( 'NONE', *, *, #2239, .T. ) ;
#7345 = EDGE_LOOP ( 'NONE', ( #4926, #3607, #3721, #9926, #6896 ) ) ;
#7346 = DIRECTION ( 'NONE',  ( -1.000000000000000000, 0.000000000000000000, 0.000000000000000000 ) ) ;
#7347 = CARTESIAN_POINT ( 'NONE',  ( 0.7500000000000002220, 0.1999999999999999833, -2.225000000000000533 ) ) ;
#7348 = VERTEX_POINT ( 'NONE', #7498 ) ;
#7349 = ORIENTED_EDGE ( 'NONE', *, *, #8120, .F. ) ;
#7350 = AXIS2_PLACEMENT_3D ( 'NONE', #3174, #9108, #1364 ) ;
#7351 = MANIFOLD_SOLID_BREP ( 'LPattern3[3]', #7121 ) ;
#7352 = CARTESIAN_POINT ( 'NONE',  ( 0.8749999999999998890, 0.2000000000000000111, -2.225000000000000533 ) ) ;
#7353 = DIRECTION ( 'NONE',  ( -0.000000000000000000, -1.000000000000000000, -0.000000000000000000 ) ) ;
#7354 = EDGE_LOOP ( 'NONE', ( #7746, #7757, #6751, #8376 ) ) ;
#7355 = SURFACE_STYLE_FILL_AREA ( #5431 ) ;
#7356 = CARTESIAN_POINT ( 'NONE',  ( 1.724999999999999867, 0.1999999999999996503, 1.675000000000000488 ) ) ;
#7357 = LINE ( 'NONE', #484, #8551 ) ;
#7358 = VERTEX_POINT ( 'NONE', #7726 ) ;
#7359 = CARTESIAN_POINT ( 'NONE',  ( -2.225000000000000977, 0.000000000000000000, 0.2500000000000006661 ) ) ;
#7360 = EDGE_CURVE ( 'NONE', #9994, #11108, #671, .T. ) ;
#7361 = EDGE_CURVE ( 'NONE', #10940, #3945, #4693, .T. ) ;
#7362 = CARTESIAN_POINT ( 'NONE',  ( 2.225000000000000977, 0.6716990566028304688, 1.875000000000000666 ) ) ;
#7363 = AXIS2_PLACEMENT_3D ( 'NONE', #9498, #4151, #3139 ) ;
#7364 = CARTESIAN_POINT ( 'NONE',  ( -2.500000000000000888, 0.6716990566028304688, -1.124999999999999334 ) ) ;
#7365 = ORIENTED_EDGE ( 'NONE', *, *, #4463, .F. ) ;
#7366 = ORIENTED_EDGE ( 'NONE', *, *, #5558, .F. ) ;
#7367 = CARTESIAN_POINT ( 'NONE',  ( -0.6250000000000001110, 0.000000000000000000, -2.225000000000000533 ) ) ;
#7368 = DIRECTION ( 'NONE',  ( -1.734723475976808475E-15, 0.000000000000000000, -1.000000000000000000 ) ) ;
#7369 = VECTOR ( 'NONE', #2491, 1000.000000000000000 ) ;
#7370 = VECTOR ( 'NONE', #9826, 1000.000000000000000 ) ;
#7371 = ADVANCED_FACE ( 'NONE', ( #7781 ), #4390, .T. ) ;
#7372 = LINE ( 'NONE', #1432, #5787 ) ;
#7373 = VERTEX_POINT ( 'NONE', #2509 ) ;
#7374 =( NAMED_UNIT ( * ) PLANE_ANGLE_UNIT ( ) SI_UNIT ( $, .RADIAN. ) );
#7375 = DIRECTION ( 'NONE',  ( -1.734723475976808475E-15, 0.000000000000000000, -1.000000000000000000 ) ) ;
#7376 = CARTESIAN_POINT ( 'NONE',  ( 1.125000000000000222, 0.2000000000000000111, 2.225000000000000533 ) ) ;
#7377 = VECTOR ( 'NONE', #10492, 1000.000000000000000 ) ;
#7378 = LINE ( 'NONE', #4149, #3302 ) ;
#7379 = ORIENTED_EDGE ( 'NONE', *, *, #3190, .T. ) ;
#7380 = LINE ( 'NONE', #10807, #8552 ) ;
#7381 = ADVANCED_FACE ( 'NONE', ( #9510 ), #7612, .F. ) ;
#7382 = DIRECTION ( 'NONE',  ( 0.000000000000000000, 0.000000000000000000, 1.000000000000000000 ) ) ;
#7383 = VERTEX_POINT ( 'NONE', #11043 ) ;
#7384 = MANIFOLD_SOLID_BREP ( 'LPattern3[2]', #2254 ) ;
#7385 = CARTESIAN_POINT ( 'NONE',  ( -2.500000000000000000, 0.2000000000000005107, -1.124999999999999778 ) ) ;
#7386 = SURFACE_STYLE_FILL_AREA ( #5857 ) ;
#7387 = PLANE ( 'NONE',  #8307 ) ;
#7388 = DIRECTION ( 'NONE',  ( -0.000000000000000000, -1.000000000000000000, -0.000000000000000000 ) ) ;
#7389 = ORIENTED_EDGE ( 'NONE', *, *, #10112, .F. ) ;
#7390 = VECTOR ( 'NONE', #3071, 1000.000000000000000 ) ;
#7391 = ADVANCED_FACE ( 'NONE', ( #8621 ), #3418, .T. ) ;
#7392 = VECTOR ( 'NONE', #10299, 1000.000000000000000 ) ;
#7393 = PLANE ( 'NONE',  #9766 ) ;
#7394 = ORIENTED_EDGE ( 'NONE', *, *, #9158, .T. ) ;
#7395 = DIRECTION ( 'NONE',  ( 0.000000000000000000, 0.000000000000000000, -1.000000000000000000 ) ) ;
#7396 = ORIENTED_EDGE ( 'NONE', *, *, #3290, .T. ) ;
#7397 = ORIENTED_EDGE ( 'NONE', *, *, #1096, .F. ) ;
#7398 = CARTESIAN_POINT ( 'NONE',  ( -0.3749999999999998890, 0.2000000000000000111, 2.500000000000000444 ) ) ;
#7399 = CARTESIAN_POINT ( 'NONE',  ( 1.749999999999999778, 0.1999999999999999833, 2.100000000000000089 ) ) ;
#7400 = VECTOR ( 'NONE', #5870, 1000.000000000000000 ) ;
#7401 = ORIENTED_EDGE ( 'NONE', *, *, #9095, .T. ) ;
#7402 = VECTOR ( 'NONE', #2659, 1000.000000000000000 ) ;
#7403 = ORIENTED_EDGE ( 'NONE', *, *, #10350, .F. ) ;
#7404 = DIRECTION ( 'NONE',  ( -6.472848790958234544E-17, 0.000000000000000000, -1.000000000000000000 ) ) ;
#7405 = CARTESIAN_POINT ( 'NONE',  ( -1.375000000000000000, 0.2000000000000000111, 2.500000000000000444 ) ) ;
#7406 = EDGE_CURVE ( 'NONE', #5490, #4914, #8454, .T. ) ;
#7407 = CARTESIAN_POINT ( 'NONE',  ( 2.500000000000000888, 0.6716990566028304688, 1.875000000000000888 ) ) ;
#7408 = CARTESIAN_POINT ( 'NONE',  ( 1.625000000000000222, 0.000000000000000000, -2.500000000000000444 ) ) ;
#7409 = VERTEX_POINT ( 'NONE', #9344 ) ;
#7410 = EDGE_CURVE ( 'NONE', #11131, #8524, #6757, .T. ) ;
#7411 = DIRECTION ( 'NONE',  ( 0.000000000000000000, -1.000000000000000000, 0.000000000000000000 ) ) ;
#7412 = DIRECTION ( 'NONE',  ( -0.000000000000000000, -1.000000000000000000, -0.000000000000000000 ) ) ;
#7413 = AXIS2_PLACEMENT_3D ( 'NONE', #722, #3478, #4158 ) ;
#7414 = AXIS2_PLACEMENT_3D ( 'NONE', #2917, #3026, #5472 ) ;
#7415 = DIRECTION ( 'NONE',  ( 0.000000000000000000, 0.000000000000000000, -1.000000000000000000 ) ) ;
#7416 = ORIENTED_EDGE ( 'NONE', *, *, #1538, .F. ) ;
#7417 =( NAMED_UNIT ( * ) SI_UNIT ( $, .STERADIAN. ) SOLID_ANGLE_UNIT ( ) );
#7418 = CARTESIAN_POINT ( 'NONE',  ( 2.225000000000000977, 0.1999999999999999833, -0.7499999999999993339 ) ) ;
#7419 =( GEOMETRIC_REPRESENTATION_CONTEXT ( 3 ) GLOBAL_UNCERTAINTY_ASSIGNED_CONTEXT ( ( #3376 ) ) GLOBAL_UNIT_ASSIGNED_CONTEXT ( ( #4890, #10917, #10121 ) ) REPRESENTATION_CONTEXT ( 'NONE', 'WORKASPACE' ) );
#7420 = CIRCLE ( 'NONE', #5614, 0.1250000000000001110 ) ;
#7421 = DIRECTION ( 'NONE',  ( -0.000000000000000000, -1.000000000000000000, -0.000000000000000000 ) ) ;
#7422 = ORIENTED_EDGE ( 'NONE', *, *, #5031, .T. ) ;
#7423 = ORIENTED_EDGE ( 'NONE', *, *, #8075, .F. ) ;
#7424 = EDGE_CURVE ( 'NONE', #8757, #10262, #23, .T. ) ;
#7425 = DIRECTION ( 'NONE',  ( -0.000000000000000000, -1.000000000000000000, -0.000000000000000000 ) ) ;
#7426 = CYLINDRICAL_SURFACE ( 'NONE', #8911, 0.1250000000000001110 ) ;
#7427 = ADVANCED_FACE ( 'NONE', ( #9403 ), #7677, .T. ) ;
#7428 = VECTOR ( 'NONE', #4862, 1000.000000000000000 ) ;
#7429 = ORIENTED_EDGE ( 'NONE', *, *, #5860, .F. ) ;
#7430 = CARTESIAN_POINT ( 'NONE',  ( -1.750000000000000222, 0.1999999999999999833, 2.225000000000000533 ) ) ;
#7431 = SURFACE_STYLE_USAGE ( .BOTH. , #3975 ) ;
#7432 = LINE ( 'NONE', #10861, #10459 ) ;
#7433 = VECTOR ( 'NONE', #2838, 1000.000000000000000 ) ;
#7434 = DIRECTION ( 'NONE',  ( 7.885106708985485090E-16, 0.000000000000000000, -1.000000000000000000 ) ) ;
#7435 = CARTESIAN_POINT ( 'NONE',  ( -0.3749999999999998890, 0.2000000000000005107, -2.500000000000000000 ) ) ;
#7436 = DIRECTION ( 'NONE',  ( -0.000000000000000000, -1.000000000000000000, -0.000000000000000000 ) ) ;
#7437 = ADVANCED_FACE ( 'NONE', ( #8565 ), #4274, .T. ) ;
#7438 = CARTESIAN_POINT ( 'NONE',  ( 0.8749999999999998890, 0.6716990566028303578, -2.500000000000000444 ) ) ;
#7439 = EDGE_CURVE ( 'NONE', #7852, #4154, #4443, .T. ) ;
#7440 = VECTOR ( 'NONE', #3260, 1000.000000000000000 ) ;
#7441 = ORIENTED_EDGE ( 'NONE', *, *, #2283, .F. ) ;
#7442 = ORIENTED_EDGE ( 'NONE', *, *, #1853, .F. ) ;
#7443 = AXIS2_PLACEMENT_3D ( 'NONE', #7323, #3647, #3813 ) ;
#7444 = AXIS2_PLACEMENT_3D ( 'NONE', #499, #10123, #606 ) ;
#7445 = FILL_AREA_STYLE_COLOUR ( '', #3272 ) ;
#7446 = DIRECTION ( 'NONE',  ( 0.000000000000000000, 0.000000000000000000, 1.000000000000000000 ) ) ;
#7447 = SURFACE_SIDE_STYLE ('',( #6642 ) ) ;
#7448 = PLANE ( 'NONE',  #5423 ) ;
#7449 = DIRECTION ( 'NONE',  ( -0.000000000000000000, -1.000000000000000000, 0.000000000000000000 ) ) ;
#7450 = ORIENTED_EDGE ( 'NONE', *, *, #9727, .T. ) ;
#7451 = CARTESIAN_POINT ( 'NONE',  ( 0.1250000000000001110, 0.2000000000000000111, 2.225000000000000533 ) ) ;
#7452 = CIRCLE ( 'NONE', #4205, 0.1250000000000001110 ) ;
#7453 = DIRECTION ( 'NONE',  ( 1.000000000000000000, -0.000000000000000000, 6.472848790958234544E-17 ) ) ;
#7454 = ORIENTED_EDGE ( 'NONE', *, *, #2429, .F. ) ;
#7455 = CARTESIAN_POINT ( 'NONE',  ( 2.225000000000000977, 0.05000000000000002359, 0.8750000000000005551 ) ) ;
#7456 = VERTEX_POINT ( 'NONE', #5394 ) ;
#7457 = ORIENTED_EDGE ( 'NONE', *, *, #8, .T. ) ;
#7458 = CARTESIAN_POINT ( 'NONE',  ( 1.625000000000000222, 0.2000000000000000111, 2.500000000000000444 ) ) ;
#7459 = ORIENTED_EDGE ( 'NONE', *, *, #11150, .F. ) ;
#7460 = FACE_OUTER_BOUND ( 'NONE', #5725, .T. ) ;
#7461 = AXIS2_PLACEMENT_3D ( 'NONE', #10852, #8384, #1429 ) ;
#7462 = EDGE_CURVE ( 'NONE', #5933, #6782, #5288, .T. ) ;
#7463 = ORIENTED_EDGE ( 'NONE', *, *, #8571, .T. ) ;
#7464 = EDGE_LOOP ( 'NONE', ( #10198, #628, #8956, #7984 ) ) ;
#7465 = LINE ( 'NONE', #3042, #11 ) ;
#7466 = DIRECTION ( 'NONE',  ( -1.000000000000000000, 0.000000000000000000, 7.885106708985485090E-16 ) ) ;
#7467 = CARTESIAN_POINT ( 'NONE',  ( 0.7499999999999997780, 0.2000000000000000111, 2.100000000000000089 ) ) ;
#7468 = CARTESIAN_POINT ( 'NONE',  ( -2.500000000000000444, 0.1999999999999999833, -1.874999999999999112 ) ) ;
#7469 = ORIENTED_EDGE ( 'NONE', *, *, #7209, .T. ) ;
#7470 = CARTESIAN_POINT ( 'NONE',  ( -2.225000000000000977, 0.1999999999999999833, -1.124999999999999556 ) ) ;
#7471 = DIRECTION ( 'NONE',  ( 0.000000000000000000, 0.000000000000000000, -1.000000000000000000 ) ) ;
#7472 = LINE ( 'NONE', #9045, #1320 ) ;
#7473 = ORIENTED_EDGE ( 'NONE', *, *, #9027, .F. ) ;
#7474 = ORIENTED_EDGE ( 'NONE', *, *, #5396, .T. ) ;
#7475 = FILL_AREA_STYLE_COLOUR ( '', #8115 ) ;
#7476 = EDGE_CURVE ( 'NONE', #4520, #10598, #3580, .T. ) ;
#7477 = EDGE_CURVE ( 'NONE', #6455, #2325, #4606, .T. ) ;
#7478 = AXIS2_PLACEMENT_3D ( 'NONE', #6019, #11148, #776 ) ;
#7479 = LINE ( 'NONE', #3235, #2342 ) ;
#7480 = CARTESIAN_POINT ( 'NONE',  ( 2.225000000000000977, 0.1999999999999999833, -1.624999999999999556 ) ) ;
#7481 = ORIENTED_EDGE ( 'NONE', *, *, #9221, .F. ) ;
#7482 = VERTEX_POINT ( 'NONE', #3697 ) ;
#7483 = LINE ( 'NONE', #2162, #6550 ) ;
#7484 = FACE_OUTER_BOUND ( 'NONE', #6345, .T. ) ;
#7485 = ADVANCED_FACE ( 'NONE', ( #7941 ), #7885, .T. ) ;
#7486 = LINE ( 'NONE', #9174, #7765 ) ;
#7487 = CARTESIAN_POINT ( 'NONE',  ( -0.1250000000000001110, 0.000000000000000000, -2.500000000000000444 ) ) ;
#7488 = LINE ( 'NONE', #9065, #9412 ) ;
#7489 = DIRECTION ( 'NONE',  ( 0.000000000000000000, 1.000000000000000000, 0.000000000000000000 ) ) ;
#7490 = FACE_OUTER_BOUND ( 'NONE', #3277, .T. ) ;
#7491 = CARTESIAN_POINT ( 'NONE',  ( -2.225000000000000977, 0.000000000000000000, -1.624999999999999556 ) ) ;
#7492 = AXIS2_PLACEMENT_3D ( 'NONE', #342, #4626, #4802 ) ;
#7493 = ORIENTED_EDGE ( 'NONE', *, *, #3319, .F. ) ;
#7494 = SURFACE_SIDE_STYLE ('',( #1335 ) ) ;
#7495 = EDGE_CURVE ( 'NONE', #9964, #2377, #2786, .T. ) ;
#7496 = PLANE ( 'NONE',  #14 ) ;
#7497 = MECHANICAL_DESIGN_GEOMETRIC_PRESENTATION_REPRESENTATION (  '', ( #4989 ), #6416 ) ;
#7498 = CARTESIAN_POINT ( 'NONE',  ( 1.375000000000000000, 0.04999999999999969746, 2.500000000000000444 ) ) ;
#7499 = CARTESIAN_POINT ( 'NONE',  ( 0.8749999999999998890, 0.000000000000000000, -2.225000000000000533 ) ) ;
#7500 = EDGE_CURVE ( 'NONE', #9012, #2325, #322, .T. ) ;
#7501 = VECTOR ( 'NONE', #3425, 1000.000000000000000 ) ;
#7502 = CARTESIAN_POINT ( 'NONE',  ( -0.8749999999999998890, 0.05000000000000000278, 0.000000000000000000 ) ) ;
#7503 = VERTEX_POINT ( 'NONE', #269 ) ;
#7504 =( NAMED_UNIT ( * ) PLANE_ANGLE_UNIT ( ) SI_UNIT ( $, .RADIAN. ) );
#7505 = PLANE ( 'NONE',  #1843 ) ;
#7506 = EDGE_LOOP ( 'NONE', ( #9781, #1588, #570, #1178 ) ) ;
#7507 = LINE ( 'NONE', #9199, #3519 ) ;
#7508 = ORIENTED_EDGE ( 'NONE', *, *, #5160, .F. ) ;
#7509 = DIRECTION ( 'NONE',  ( 0.000000000000000000, 0.000000000000000000, -1.000000000000000000 ) ) ;
#7510 = CARTESIAN_POINT ( 'NONE',  ( -1.250000000000000222, 0.000000000000000000, 2.225000000000000533 ) ) ;
#7511 = ORIENTED_EDGE ( 'NONE', *, *, #4432, .F. ) ;
#7512 = VERTEX_POINT ( 'NONE', #8785 ) ;
#7513 = CARTESIAN_POINT ( 'NONE',  ( 1.125000000000000222, 0.6716990566028303578, 2.225000000000000533 ) ) ;
#7514 = EDGE_CURVE ( 'NONE', #9834, #3318, #3643, .T. ) ;
#7515 = FACE_OUTER_BOUND ( 'NONE', #173, .T. ) ;
#7516 = CARTESIAN_POINT ( 'NONE',  ( 2.500000000000000888, 0.1999999999999999833, 1.875000000000000888 ) ) ;
#7517 = VECTOR ( 'NONE', #5521, 1000.000000000000000 ) ;
#7518 = ORIENTED_EDGE ( 'NONE', *, *, #6942, .T. ) ;
#7519 = FACE_OUTER_BOUND ( 'NONE', #10311, .T. ) ;
#7520 = CARTESIAN_POINT ( 'NONE',  ( 0.8749999999999998890, 0.1999999999999999833, 2.225000000000000533 ) ) ;
#7521 = EDGE_CURVE ( 'NONE', #3693, #8027, #7143, .T. ) ;
#7522 = DIRECTION ( 'NONE',  ( 0.000000000000000000, 0.000000000000000000, -1.000000000000000000 ) ) ;
#7523 = VERTEX_POINT ( 'NONE', #5457 ) ;
#7524 = ORIENTED_EDGE ( 'NONE', *, *, #1950, .T. ) ;
#7525 = CARTESIAN_POINT ( 'NONE',  ( 2.500000000000000888, 0.000000000000000000, -1.624999999999999334 ) ) ;
#7526 = FACE_OUTER_BOUND ( 'NONE', #1916, .T. ) ;
#7527 = EDGE_LOOP ( 'NONE', ( #6834, #8354, #8427, #4108 ) ) ;
#7528 = CARTESIAN_POINT ( 'NONE',  ( -2.225000000000000977, 0.1999999999999999833, -1.249999999999999334 ) ) ;
#7529 = DIRECTION ( 'NONE',  ( 0.000000000000000000, 0.000000000000000000, -1.000000000000000000 ) ) ;
#7530 = ORIENTED_EDGE ( 'NONE', *, *, #10623, .T. ) ;
#7531 = ORIENTED_EDGE ( 'NONE', *, *, #4051, .T. ) ;
#7532 = PLANE ( 'NONE',  #10859 ) ;
#7533 = CARTESIAN_POINT ( 'NONE',  ( -1.125000000000000222, 0.6716990566028303578, 2.225000000000000533 ) ) ;
#7534 = EDGE_CURVE ( 'NONE', #4223, #1129, #210, .T. ) ;
#7535 = ORIENTED_EDGE ( 'NONE', *, *, #10331, .T. ) ;
#7536 = CARTESIAN_POINT ( 'NONE',  ( 1.249999999999999778, 0.6716990566028303578, 2.225000000000000533 ) ) ;
#7537 = PRESENTATION_STYLE_ASSIGNMENT (( #6521 ) ) ;
#7538 = DIRECTION ( 'NONE',  ( 1.000000000000000000, -0.000000000000000000, -0.000000000000000000 ) ) ;
#7539 = EDGE_CURVE ( 'NONE', #7685, #2024, #8951, .T. ) ;
#7540 = EDGE_CURVE ( 'NONE', #9751, #10578, #10462, .T. ) ;
#7541 = CARTESIAN_POINT ( 'NONE',  ( 1.250000000000000222, 0.000000000000000000, -2.225000000000000533 ) ) ;
#7542 = CARTESIAN_POINT ( 'NONE',  ( 1.125000000000000444, 0.000000000000000000, -2.225000000000000533 ) ) ;
#7543 = CIRCLE ( 'NONE', #2658, 0.2500000000000008882 ) ;
#7544 = DIRECTION ( 'NONE',  ( 0.000000000000000000, 0.000000000000000000, -1.000000000000000000 ) ) ;
#7545 = ORIENTED_EDGE ( 'NONE', *, *, #4157, .T. ) ;
#7546 = CARTESIAN_POINT ( 'NONE',  ( -2.500000000000000444, 0.000000000000000000, -1.374999999999999112 ) ) ;
#7547 = DIRECTION ( 'NONE',  ( 1.000000000000000000, 0.000000000000000000, -3.154042683594199163E-15 ) ) ;
#7548 = UNCERTAINTY_MEASURE_WITH_UNIT (LENGTH_MEASURE( 1.000000000000000082E-05 ), #3011, 'distance_accuracy_value', 'NONE');
#7549 = CIRCLE ( 'NONE', #2496, 0.04999999999999991257 ) ;
#7550 = FILL_AREA_STYLE_COLOUR ( '', #3056 ) ;
#7551 = DIRECTION ( 'NONE',  ( 0.000000000000000000, -1.000000000000000000, 0.000000000000000000 ) ) ;
#7552 = CARTESIAN_POINT ( 'NONE',  ( -1.875000000000000000, 0.000000000000000000, -2.500000000000000444 ) ) ;
#7553 = VERTEX_POINT ( 'NONE', #4492 ) ;
#7554 = EDGE_CURVE ( 'NONE', #5542, #7700, #10629, .T. ) ;
#7555 = ADVANCED_FACE ( 'NONE', ( #1156 ), #9627, .F. ) ;
#7556 = CARTESIAN_POINT ( 'NONE',  ( 2.225000000000000977, 0.6716990566028304688, 0.3750000000000005551 ) ) ;
#7557 = ORIENTED_EDGE ( 'NONE', *, *, #7554, .F. ) ;
#7558 = VECTOR ( 'NONE', #683, 1000.000000000000000 ) ;
#7559 = FACE_OUTER_BOUND ( 'NONE', #3393, .T. ) ;
#7560 = EDGE_CURVE ( 'NONE', #556, #1939, #10277, .T. ) ;
#7561 = ORIENTED_EDGE ( 'NONE', *, *, #5621, .F. ) ;
#7562 = EDGE_LOOP ( 'NONE', ( #6029, #6661, #7518, #9575 ) ) ;
#7563 = CARTESIAN_POINT ( 'NONE',  ( 1.250000000000000222, 0.2000000000000000111, -2.225000000000000533 ) ) ;
#7564 = ORIENTED_EDGE ( 'NONE', *, *, #9885, .F. ) ;
#7565 = CARTESIAN_POINT ( 'NONE',  ( 2.225000000000000977, 0.1999999999999999833, -0.1249999999999994588 ) ) ;
#7566 = EDGE_LOOP ( 'NONE', ( #8226, #8995, #4881, #4353, #1076, #2493, #7860, #7153, #4056, #1012, #2737, #9484, #233, #4757, #4542, #4365, #292, #11072, #10104, #1016, #4684, #9464, #10049, #3124, #7016, #6575, #7625, #1072, #6293, #893, #5485, #1313, #6385, #7971, #1750, #7244 ) ) ;
#7567 = ORIENTED_EDGE ( 'NONE', *, *, #285, .F. ) ;
#7568 = LINE ( 'NONE', #523, #3413 ) ;
#7569 = CARTESIAN_POINT ( 'NONE',  ( -1.875000000000000000, 0.000000000000000000, -2.500000000000000444 ) ) ;
#7570 = VECTOR ( 'NONE', #4389, 1000.000000000000000 ) ;
#7571 = DIRECTION ( 'NONE',  ( -1.734723475976808475E-15, 0.000000000000000000, -1.000000000000000000 ) ) ;
#7572 = DIRECTION ( 'NONE',  ( 0.000000000000000000, -1.000000000000000000, 0.000000000000000000 ) ) ;
#7573 = ORIENTED_EDGE ( 'NONE', *, *, #2936, .T. ) ;
#7574 = SURFACE_STYLE_FILL_AREA ( #809 ) ;
#7575 = EDGE_CURVE ( 'NONE', #2126, #1702, #2062, .T. ) ;
#7576 = LINE ( 'NONE', #2534, #1863 ) ;
#7577 = CARTESIAN_POINT ( 'NONE',  ( 2.500000000000000000, 0.05000000000000000278, 2.499999999999999556 ) ) ;
#7578 = ORIENTED_EDGE ( 'NONE', *, *, #6965, .F. ) ;
#7579 = VERTEX_POINT ( 'NONE', #8103 ) ;
#7580 = AXIS2_PLACEMENT_3D ( 'NONE', #10371, #8583, #10318 ) ;
#7581 = FACE_OUTER_BOUND ( 'NONE', #8958, .T. ) ;
#7582 = AXIS2_PLACEMENT_3D ( 'NONE', #10448, #8092, #2711 ) ;
#7583 = FACE_OUTER_BOUND ( 'NONE', #2519, .T. ) ;
#7584 = VECTOR ( 'NONE', #9683, 1000.000000000000000 ) ;
#7585 = STYLED_ITEM ( 'NONE', ( #1110 ), #3890 ) ;
#7586 = ORIENTED_EDGE ( 'NONE', *, *, #3486, .F. ) ;
#7587 = CARTESIAN_POINT ( 'NONE',  ( -0.8749999999999998890, 0.000000000000000000, 2.225000000000000533 ) ) ;
#7588 = AXIS2_PLACEMENT_3D ( 'NONE', #837, #1676, #5131 ) ;
#7589 = CARTESIAN_POINT ( 'NONE',  ( 2.500000000000000444, 0.000000000000000000, 1.625000000000001110 ) ) ;
#7590 = ORIENTED_EDGE ( 'NONE', *, *, #6730, .F. ) ;
#7591 = ORIENTED_EDGE ( 'NONE', *, *, #1598, .F. ) ;
#7592 = AXIS2_PLACEMENT_3D ( 'NONE', #6310, #7277, #8965 ) ;
#7593 = FACE_OUTER_BOUND ( 'NONE', #3442, .T. ) ;
#7594 = DIRECTION ( 'NONE',  ( 0.000000000000000000, 0.000000000000000000, 1.000000000000000000 ) ) ;
#7595 = MANIFOLD_SOLID_BREP ( 'Housing', #4784 ) ;
#7596 = MECHANICAL_DESIGN_GEOMETRIC_PRESENTATION_REPRESENTATION (  '', ( #3981 ), #10458 ) ;
#7597 = AXIS2_PLACEMENT_3D ( 'NONE', #3867, #2961, #8901 ) ;
#7598 = DIRECTION ( 'NONE',  ( 0.000000000000000000, 0.000000000000000000, -1.000000000000000000 ) ) ;
#7599 = EDGE_CURVE ( 'NONE', #6152, #159, #10860, .T. ) ;
#7600 = PLANE ( 'NONE',  #2350 ) ;
#7601 = CARTESIAN_POINT ( 'NONE',  ( -2.759787348144946159E-15, 0.05000000000000000278, -0.8750000000000069944 ) ) ;
#7602 = DIRECTION ( 'NONE',  ( 0.000000000000000000, 0.000000000000000000, -1.000000000000000000 ) ) ;
#7603 = DIRECTION ( 'NONE',  ( 0.000000000000000000, -1.000000000000000000, 0.000000000000000000 ) ) ;
#7604 = VECTOR ( 'NONE', #8528, 1000.000000000000000 ) ;
#7605 = DIRECTION ( 'NONE',  ( -0.000000000000000000, 0.000000000000000000, -1.000000000000000000 ) ) ;
#7606 = ORIENTED_EDGE ( 'NONE', *, *, #8869, .T. ) ;
#7607 = EDGE_CURVE ( 'NONE', #3770, #1804, #3806, .T. ) ;
#7608 = EDGE_CURVE ( 'NONE', #4456, #5542, #6627, .T. ) ;
#7609 = DIRECTION ( 'NONE',  ( -1.000000000000000000, -0.000000000000000000, 3.154042683594198769E-15 ) ) ;
#7610 = AXIS2_PLACEMENT_3D ( 'NONE', #6311, #338, #3769 ) ;
#7611 = EDGE_CURVE ( 'NONE', #6678, #9752, #3132, .T. ) ;
#7612 = PLANE ( 'NONE',  #5410 ) ;
#7613 = DIRECTION ( 'NONE',  ( 0.000000000000000000, -0.000000000000000000, -1.000000000000000000 ) ) ;
#7614 = MANIFOLD_SOLID_BREP ( 'Boss-Extrude6', #280 ) ;
#7615 = CARTESIAN_POINT ( 'NONE',  ( -0.2500000000000002220, 0.6716990566028303578, 2.225000000000000533 ) ) ;
#7616 = ORIENTED_EDGE ( 'NONE', *, *, #10286, .F. ) ;
#7617 = PRODUCT_CONTEXT ( 'NONE', #2948, 'mechanical' ) ;
#7618 = VECTOR ( 'NONE', #398, 1000.000000000000000 ) ;
#7619 = MECHANICAL_DESIGN_GEOMETRIC_PRESENTATION_REPRESENTATION (  '', ( #4006 ), #4545 ) ;
#7620 = DIRECTION ( 'NONE',  ( -0.000000000000000000, -1.000000000000000000, -0.000000000000000000 ) ) ;
#7621 = AXIS2_PLACEMENT_3D ( 'NONE', #3244, #10063, #9895 ) ;
#7622 = ORIENTED_EDGE ( 'NONE', *, *, #6230, .F. ) ;
#7623 = DIRECTION ( 'NONE',  ( -1.000000000000000000, 0.000000000000000000, 3.154042683594199163E-15 ) ) ;
#7624 = ORIENTED_EDGE ( 'NONE', *, *, #1214, .T. ) ;
#7625 = ORIENTED_EDGE ( 'NONE', *, *, #5260, .T. ) ;
#7626 = DIRECTION ( 'NONE',  ( 0.000000000000000000, 0.000000000000000000, -1.000000000000000000 ) ) ;
#7627 = EDGE_CURVE ( 'NONE', #10676, #4627, #5790, .T. ) ;
#7628 = LINE ( 'NONE', #9147, #4318 ) ;
#7629 = ORIENTED_EDGE ( 'NONE', *, *, #1927, .T. ) ;
#7630 = VECTOR ( 'NONE', #8791, 1000.000000000000000 ) ;
#7632 = EDGE_CURVE ( 'NONE', #9782, #10266, #5567, .T. ) ;
#7631 = DIRECTION ( 'NONE',  ( 6.472848790958234544E-17, 0.000000000000000000, 1.000000000000000000 ) ) ;
#7633 = MECHANICAL_DESIGN_GEOMETRIC_PRESENTATION_REPRESENTATION (  '', ( #8335 ), #418 ) ;
#7634 = AXIS2_PLACEMENT_3D ( 'NONE', #378, #214, #1048 ) ;
#7635 = LINE ( 'NONE', #524, #1822 ) ;
#7636 = CARTESIAN_POINT ( 'NONE',  ( 2.225000000000000977, 0.1999999999999999833, -0.3749999999999994449 ) ) ;
#7637 = ORIENTED_EDGE ( 'NONE', *, *, #8638, .T. ) ;
#7638 = SURFACE_STYLE_USAGE ( .BOTH. , #4182 ) ;
#7639 = DIRECTION ( 'NONE',  ( -0.000000000000000000, -0.000000000000000000, -1.000000000000000000 ) ) ;
#7640 = MANIFOLD_SOLID_BREP ( 'Boss-Extrude2[1]', #649 ) ;
#7641 = CARTESIAN_POINT ( 'NONE',  ( 1.674999999999999822, 0.1999999999999996503, 1.725000000000000755 ) ) ;
#7642 = ORIENTED_EDGE ( 'NONE', *, *, #1003, .F. ) ;
#7643 = ORIENTED_EDGE ( 'NONE', *, *, #1389, .T. ) ;
#7644 = ORIENTED_EDGE ( 'NONE', *, *, #3992, .T. ) ;
#7645 = AXIS2_PLACEMENT_3D ( 'NONE', #2893, #7247, #3630 ) ;
#7646 = DIRECTION ( 'NONE',  ( 0.000000000000000000, -1.000000000000000000, 0.000000000000000000 ) ) ;
#7647 = FACE_OUTER_BOUND ( 'NONE', #8077, .T. ) ;
#7648 = ORIENTED_EDGE ( 'NONE', *, *, #7068, .F. ) ;
#7649 = EDGE_LOOP ( 'NONE', ( #5248, #793, #3664, #8766 ) ) ;
#7650 = EDGE_CURVE ( 'NONE', #11057, #8240, #10100, .T. ) ;
#7652 = EDGE_CURVE ( 'NONE', #3946, #126, #11095, .T. ) ;
#7651 = DIRECTION ( 'NONE',  ( 0.000000000000000000, 1.000000000000000000, 0.000000000000000000 ) ) ;
#7653 = VECTOR ( 'NONE', #4357, 1000.000000000000000 ) ;
#7654 = ADVANCED_FACE ( 'NONE', ( #877 ), #7716, .T. ) ;
#7655 = AXIS2_PLACEMENT_3D ( 'NONE', #9603, #1021, #1814 ) ;
#7656 = ADVANCED_FACE ( 'NONE', ( #2450, #929 ), #4265, .F. ) ;
#7657 = CARTESIAN_POINT ( 'NONE',  ( -1.725000000000000311, 0.05000000000000002359, -1.375000000000000222 ) ) ;
#7658 = EDGE_LOOP ( 'NONE', ( #4945, #9965, #2882, #5493 ) ) ;
#7659 = CARTESIAN_POINT ( 'NONE',  ( -0.3749999999999998890, 0.04999999999999969746, -2.500000000000000444 ) ) ;
#7660 = FACE_OUTER_BOUND ( 'NONE', #7079, .T. ) ;
#7661 = CARTESIAN_POINT ( 'NONE',  ( 1.724999999999999645, 5.079036790187180017, -1.674999999999999600 ) ) ;
#7662 = AXIS2_PLACEMENT_3D ( 'NONE', #4126, #753, #2376 ) ;
#7663 = MANIFOLD_SOLID_BREP ( 'LPattern3[5]', #2613 ) ;
#7664 = CARTESIAN_POINT ( 'NONE',  ( -0.2500000000000002220, 0.04999999999999999584, 2.100000000000000089 ) ) ;
#7665 =( LENGTH_UNIT ( ) NAMED_UNIT ( * ) SI_UNIT ( .MILLI., .METRE. ) );
#7666 = CARTESIAN_POINT ( 'NONE',  ( -8.870745047608679724E-16, 0.05000000000000000278, -1.125000000000001110 ) ) ;
#7667 = VECTOR ( 'NONE', #6241, 1000.000000000000000 ) ;
#7668 = VERTEX_POINT ( 'NONE', #6688 ) ;
#7669 = CARTESIAN_POINT ( 'NONE',  ( -1.749999999999999778, 0.2000000000000000111, -2.225000000000000533 ) ) ;
#7670 = DIRECTION ( 'NONE',  ( -0.000000000000000000, 1.000000000000000000, -0.000000000000000000 ) ) ;
#7671 = ORIENTED_EDGE ( 'NONE', *, *, #4111, .F. ) ;
#7672 = EDGE_CURVE ( 'NONE', #1159, #2862, #6139, .T. ) ;
#7673 = ORIENTED_EDGE ( 'NONE', *, *, #6790, .T. ) ;
#7674 = LINE ( 'NONE', #9400, #767 ) ;
#7675 = VECTOR ( 'NONE', #4423, 1000.000000000000000 ) ;
#7676 = CARTESIAN_POINT ( 'NONE',  ( -2.500000000000000888, 0.1999999999999999833, 0.3750000000000007772 ) ) ;
#7677 = PLANE ( 'NONE',  #7588 ) ;
#7678 = PLANE ( 'NONE',  #8314 ) ;
#7679 = LINE ( 'NONE', #10303, #3275 ) ;
#7680 = ORIENTED_EDGE ( 'NONE', *, *, #7652, .F. ) ;
#7681 = CARTESIAN_POINT ( 'NONE',  ( 2.500000000000000888, 0.1999999999999999833, -1.124999999999999334 ) ) ;
#7682 = ORIENTED_EDGE ( 'NONE', *, *, #4682, .T. ) ;
#7683 = EDGE_CURVE ( 'NONE', #22, #2036, #8442, .T. ) ;
#7684 = CARTESIAN_POINT ( 'NONE',  ( 2.500000000000000444, 0.6716990566028304688, 0.6250000000000009992 ) ) ;
#7685 = VERTEX_POINT ( 'NONE', #9452 ) ;
#7686 = DIRECTION ( 'NONE',  ( 0.000000000000000000, -1.000000000000000000, 0.000000000000000000 ) ) ;
#7687 =( GEOMETRIC_REPRESENTATION_CONTEXT ( 3 ) GLOBAL_UNCERTAINTY_ASSIGNED_CONTEXT ( ( #9656 ) ) GLOBAL_UNIT_ASSIGNED_CONTEXT ( ( #9823, #8082, #305 ) ) REPRESENTATION_CONTEXT ( 'NONE', 'WORKASPACE' ) );
#7688 = DIRECTION ( 'NONE',  ( 0.000000000000000000, 0.000000000000000000, -1.000000000000000000 ) ) ;
#7689 = VERTEX_POINT ( 'NONE', #1721 ) ;
#7690 = ORIENTED_EDGE ( 'NONE', *, *, #3504, .F. ) ;
#7691 = DIRECTION ( 'NONE',  ( -0.000000000000000000, -1.000000000000000000, -0.000000000000000000 ) ) ;
#7692 = LINE ( 'NONE', #7898, #9569 ) ;
#7693 = DIRECTION ( 'NONE',  ( 0.000000000000000000, 0.000000000000000000, -1.000000000000000000 ) ) ;
#7694 = DIRECTION ( 'NONE',  ( 0.000000000000000000, 0.000000000000000000, -1.000000000000000000 ) ) ;
#7695 = ORIENTED_EDGE ( 'NONE', *, *, #1908, .T. ) ;
#7696 = PLANE ( 'NONE',  #9471 ) ;
#7697 = DIRECTION ( 'NONE',  ( 0.000000000000000000, 0.000000000000000000, -1.000000000000000000 ) ) ;
#7698 = LINE ( 'NONE', #7577, #4415 ) ;
#7699 = EDGE_LOOP ( 'NONE', ( #2595, #8782, #9943, #8382 ) ) ;
#7700 = VERTEX_POINT ( 'NONE', #5172 ) ;
#7701 =( NAMED_UNIT ( * ) PLANE_ANGLE_UNIT ( ) SI_UNIT ( $, .RADIAN. ) );
#7702 = LINE ( 'NONE', #6461, #3403 ) ;
#7703 = ORIENTED_EDGE ( 'NONE', *, *, #9490, .T. ) ;
#7704 = CARTESIAN_POINT ( 'NONE',  ( -1.625000000000000444, 0.6716990566028303578, 2.225000000000000533 ) ) ;
#7705 = DIRECTION ( 'NONE',  ( -0.000000000000000000, -1.000000000000000000, -0.000000000000000000 ) ) ;
#7706 = CARTESIAN_POINT ( 'NONE',  ( -0.1250000000000001110, 0.04999999999999969746, 2.500000000000000444 ) ) ;
#7707 = ORIENTED_EDGE ( 'NONE', *, *, #3558, .F. ) ;
#7708 = ORIENTED_EDGE ( 'NONE', *, *, #2327, .T. ) ;
#7709 = DIRECTION ( 'NONE',  ( -0.000000000000000000, -1.000000000000000000, -0.000000000000000000 ) ) ;
#7710 = DIRECTION ( 'NONE',  ( 0.000000000000000000, -1.000000000000000000, 0.000000000000000000 ) ) ;
#7711 = EDGE_CURVE ( 'NONE', #3111, #9651, #5007, .T. ) ;
#7712 = ADVANCED_FACE ( 'NONE', ( #4145 ), #7600, .F. ) ;
#7713 = EDGE_CURVE ( 'NONE', #9768, #10024, #10225, .T. ) ;
#7714 = MANIFOLD_SOLID_BREP ( 'LPattern4[14]', #109 ) ;
#7715 = CARTESIAN_POINT ( 'NONE',  ( 2.500000000000000444, 0.6716990566028304688, -1.374999999999999112 ) ) ;
#7716 = CYLINDRICAL_SURFACE ( 'NONE', #7777, 0.1250000000000002220 ) ;
#7717 = CARTESIAN_POINT ( 'NONE',  ( 2.225000000000000977, 0.1999999999999999833, -1.624999999999999556 ) ) ;
#7718 = MECHANICAL_DESIGN_GEOMETRIC_PRESENTATION_REPRESENTATION (  '', ( #1757 ), #3197 ) ;
#7719 = DIRECTION ( 'NONE',  ( -1.734723475976808475E-15, 0.000000000000000000, 1.000000000000000000 ) ) ;
#7720 = DIRECTION ( 'NONE',  ( -0.000000000000000000, -0.000000000000000000, 1.000000000000000000 ) ) ;
#7721 = VERTEX_POINT ( 'NONE', #5380 ) ;
#7723 = ORIENTED_EDGE ( 'NONE', *, *, #2155, .F. ) ;
#7722 = ADVANCED_FACE ( 'NONE', ( #5274 ), #772, .F. ) ;
#7724 = CARTESIAN_POINT ( 'NONE',  ( -2.500000000000000444, 0.1999999999999999833, -0.8749999999999990008 ) ) ;
#7725 = CARTESIAN_POINT ( 'NONE',  ( 0.6250000000000001110, 0.2000000000000000111, 2.225000000000000533 ) ) ;
#7726 = CARTESIAN_POINT ( 'NONE',  ( 2.500000000000000444, 0.04999999999999969746, 1.625000000000001110 ) ) ;
#7727 = FACE_OUTER_BOUND ( 'NONE', #1329, .T. ) ;
#7728 = CARTESIAN_POINT ( 'NONE',  ( 2.225000000000000977, 0.6716990566028304688, -0.6249999999999994449 ) ) ;
#7729 = EDGE_CURVE ( 'NONE', #243, #3889, #1093, .T. ) ;
#7730 = ORIENTED_EDGE ( 'NONE', *, *, #9501, .F. ) ;
#7731 = VECTOR ( 'NONE', #8994, 1000.000000000000000 ) ;
#7732 = CARTESIAN_POINT ( 'NONE',  ( 0.1250000000000001110, 0.6716990566028303578, 2.225000000000000533 ) ) ;
#7733 = ORIENTED_EDGE ( 'NONE', *, *, #6706, .F. ) ;
#7734 = PLANE ( 'NONE',  #1255 ) ;
#7735 = ORIENTED_EDGE ( 'NONE', *, *, #7331, .F. ) ;
#7736 = CARTESIAN_POINT ( 'NONE',  ( -1.750000000000000222, 0.000000000000000000, 2.225000000000000533 ) ) ;
#7737 = AXIS2_PLACEMENT_3D ( 'NONE', #7938, #4543, #9624 ) ;
#7738 = LINE ( 'NONE', #3430, #10974 ) ;
#7739 = ORIENTED_EDGE ( 'NONE', *, *, #5409, .T. ) ;
#7740 = VERTEX_POINT ( 'NONE', #6235 ) ;
#7741 = LINE ( 'NONE', #10420, #897 ) ;
#7742 = LINE ( 'NONE', #8584, #8504 ) ;
#7743 = EDGE_CURVE ( 'NONE', #5759, #2895, #8824, .T. ) ;
#7744 = ORIENTED_EDGE ( 'NONE', *, *, #10719, .T. ) ;
#7745 = ADVANCED_FACE ( 'NONE', ( #9554 ), #8036, .F. ) ;
#7746 = ORIENTED_EDGE ( 'NONE', *, *, #8610, .T. ) ;
#7747 = DIRECTION ( 'NONE',  ( 0.000000000000000000, 1.000000000000000000, 0.000000000000000000 ) ) ;
#7748 = VECTOR ( 'NONE', #9641, 1000.000000000000000 ) ;
#7749 = DIRECTION ( 'NONE',  ( -0.000000000000000000, -0.000000000000000000, 1.000000000000000000 ) ) ;
#7750 = LINE ( 'NONE', #1584, #9626 ) ;
#7751 = ORIENTED_EDGE ( 'NONE', *, *, #10177, .F. ) ;
#7752 = ORIENTED_EDGE ( 'NONE', *, *, #10142, .T. ) ;
#7753 = CARTESIAN_POINT ( 'NONE',  ( -2.225000000000000977, 0.6716990566028304688, 0.8750000000000005551 ) ) ;
#7754 = LINE ( 'NONE', #1068, #8631 ) ;
#7755 = EDGE_CURVE ( 'NONE', #2378, #7852, #3520, .T. ) ;
#7756 = AXIS2_PLACEMENT_3D ( 'NONE', #5582, #2127, #9020 ) ;
#7757 = ORIENTED_EDGE ( 'NONE', *, *, #8532, .F. ) ;
#7758 = CARTESIAN_POINT ( 'NONE',  ( -2.225000000000000977, 0.1999999999999999833, -0.1249999999999994588 ) ) ;
#7759 = LINE ( 'NONE', #10218, #3482 ) ;
#7760 = LINE ( 'NONE', #1655, #7369 ) ;
#7761 = ORIENTED_EDGE ( 'NONE', *, *, #6985, .T. ) ;
#7762 = DIRECTION ( 'NONE',  ( -0.000000000000000000, -0.000000000000000000, -1.000000000000000000 ) ) ;
#7763 = CARTESIAN_POINT ( 'NONE',  ( 2.225000000000000977, 0.05000000000000002359, -0.2499999999999993616 ) ) ;
#7764 = FACE_OUTER_BOUND ( 'NONE', #10799, .T. ) ;
#7765 = VECTOR ( 'NONE', #10010, 1000.000000000000000 ) ;
#7766 = CIRCLE ( 'NONE', #9907, 0.1250000000000001110 ) ;
#7767 = DIRECTION ( 'NONE',  ( -0.000000000000000000, -1.000000000000000000, 0.000000000000000000 ) ) ;
#7768 = STYLED_ITEM ( 'NONE', ( #4731 ), #7351 ) ;
#7769 = VECTOR ( 'NONE', #4699, 1000.000000000000000 ) ;
#7770 = DIRECTION ( 'NONE',  ( 0.000000000000000000, 1.000000000000000000, 0.000000000000000000 ) ) ;
#7771 = ADVANCED_FACE ( 'NONE', ( #7981 ), #254, .F. ) ;
#7772 = CARTESIAN_POINT ( 'NONE',  ( -2.500000000000000888, 0.000000000000000000, -0.1249999999999992506 ) ) ;
#7773 = EDGE_CURVE ( 'NONE', #130, #9531, #2823, .T. ) ;
#7774 = CARTESIAN_POINT ( 'NONE',  ( 2.225000000000000977, 0.1999999999999999833, -0.6249999999999994449 ) ) ;
#7775 = DIRECTION ( 'NONE',  ( 0.000000000000000000, 1.000000000000000000, -0.000000000000000000 ) ) ;
#7776 = EDGE_LOOP ( 'NONE', ( #1992, #7200, #3337, #6562 ) ) ;
#7777 = AXIS2_PLACEMENT_3D ( 'NONE', #5223, #9391, #8666 ) ;
#7778 = CIRCLE ( 'NONE', #3431, 0.1250000000000002220 ) ;
#7779 = SURFACE_STYLE_USAGE ( .BOTH. , #9457 ) ;
#7780 = CARTESIAN_POINT ( 'NONE',  ( 1.625000000000000222, 0.6716990566028303578, 2.225000000000000533 ) ) ;
#7781 = FACE_OUTER_BOUND ( 'NONE', #5202, .T. ) ;
#7782 = CARTESIAN_POINT ( 'NONE',  ( 1.374999999999999778, 0.6716990566028303578, 2.225000000000000533 ) ) ;
#7783 = AXIS2_PLACEMENT_3D ( 'NONE', #8249, #5822, #9260 ) ;
#7784 = FACE_OUTER_BOUND ( 'NONE', #5123, .T. ) ;
#7785 = EDGE_LOOP ( 'NONE', ( #7253, #10205, #6960, #7473 ) ) ;
#7786 = ADVANCED_FACE ( 'NONE', ( #9101 ), #9772, .F. ) ;
#7787 = EDGE_CURVE ( 'NONE', #10542, #2932, #4593, .T. ) ;
#7788 = LINE ( 'NONE', #5184, #9299 ) ;
#7789 = DIRECTION ( 'NONE',  ( 0.000000000000000000, 0.000000000000000000, -1.000000000000000000 ) ) ;
#7790 = ORIENTED_EDGE ( 'NONE', *, *, #2788, .T. ) ;
#7791 = EDGE_LOOP ( 'NONE', ( #5710, #7530, #10272, #6360 ) ) ;
#7792 = CIRCLE ( 'NONE', #11027, 0.2500000000000008882 ) ;
#7793 = CARTESIAN_POINT ( 'NONE',  ( 1.724999999999999867, 0.04999999999999969746, 1.675000000000000933 ) ) ;
#7794 = FACE_OUTER_BOUND ( 'NONE', #7078, .T. ) ;
#7795 = DIRECTION ( 'NONE',  ( 0.000000000000000000, 0.000000000000000000, 1.000000000000000000 ) ) ;
#7796 = ORIENTED_EDGE ( 'NONE', *, *, #7608, .T. ) ;
#7797 = FILL_AREA_STYLE_COLOUR ( '', #3105 ) ;
#7798 = VECTOR ( 'NONE', #2617, 1000.000000000000000 ) ;
#7799 = ORIENTED_EDGE ( 'NONE', *, *, #3767, .F. ) ;
#7800 = LINE ( 'NONE', #6044, #10157 ) ;
#7801 = DIRECTION ( 'NONE',  ( -0.000000000000000000, -1.000000000000000000, 0.000000000000000000 ) ) ;
#7802 = MANIFOLD_SOLID_BREP ( 'LPattern3[11]', #6582 ) ;
#7803 = CARTESIAN_POINT ( 'NONE',  ( -2.225000000000000977, 0.000000000000000000, -1.874999999999999556 ) ) ;
#7804 = VERTEX_POINT ( 'NONE', #9990 ) ;
#7805 = ORIENTED_EDGE ( 'NONE', *, *, #6203, .T. ) ;
#7806 = DIRECTION ( 'NONE',  ( 0.000000000000000000, 0.000000000000000000, -1.000000000000000000 ) ) ;
#7807 = EDGE_CURVE ( 'NONE', #9986, #10087, #2712, .T. ) ;
#7808 = AXIS2_PLACEMENT_3D ( 'NONE', #6264, #1064, #4512 ) ;
#7809 = CARTESIAN_POINT ( 'NONE',  ( 1.625000000000000444, 0.000000000000000000, -2.225000000000000533 ) ) ;
#7810 = CIRCLE ( 'NONE', #11039, 0.1250000000000001110 ) ;
#7811 = VERTEX_POINT ( 'NONE', #688 ) ;
#7812 = VERTEX_POINT ( 'NONE', #9208 ) ;
#7813 = LINE ( 'NONE', #1539, #5606 ) ;
#7814 = LINE ( 'NONE', #5940, #8545 ) ;
#7815 = FACE_OUTER_BOUND ( 'NONE', #9335, .T. ) ;
#7816 = ORIENTED_EDGE ( 'NONE', *, *, #1105, .T. ) ;
#7817 = CARTESIAN_POINT ( 'NONE',  ( -2.225000000000000977, 0.1999999999999999833, 1.750000000000000666 ) ) ;
#7818 = VECTOR ( 'NONE', #3483, 1000.000000000000000 ) ;
#7819 = COLOUR_RGB ( '',0.7921568627450980005, 0.8196078431372548767, 0.9333333333333333481 ) ;
#7820 = FACE_OUTER_BOUND ( 'NONE', #8004, .T. ) ;
#7821 = AXIS2_PLACEMENT_3D ( 'NONE', #775, #6800, #10180 ) ;
#7822 = LINE ( 'NONE', #8879, #3027 ) ;
#7823 = PRESENTATION_LAYER_ASSIGNMENT (  '', '', ( #2568 ) ) ;
#7824 = EDGE_CURVE ( 'NONE', #652, #2646, #7635, .T. ) ;
#7825 = DIRECTION ( 'NONE',  ( 0.000000000000000000, 0.000000000000000000, 1.000000000000000000 ) ) ;
#7826 = VECTOR ( 'NONE', #240, 1000.000000000000000 ) ;
#7827 = PRESENTATION_STYLE_ASSIGNMENT (( #2205 ) ) ;
#7828 = CARTESIAN_POINT ( 'NONE',  ( 2.500000000000000444, 0.1999999999999999833, -1.874999999999999112 ) ) ;
#7829 = ORIENTED_EDGE ( 'NONE', *, *, #8286, .F. ) ;
#7830 = DIRECTION ( 'NONE',  ( 0.000000000000000000, 0.000000000000000000, 1.000000000000000000 ) ) ;
#7831 = CARTESIAN_POINT ( 'NONE',  ( -2.500000000000000888, 0.6716990566028304688, 0.3750000000000007772 ) ) ;
#7832 = EDGE_CURVE ( 'NONE', #1210, #7338, #10946, .T. ) ;
#7833 = ORIENTED_EDGE ( 'NONE', *, *, #4278, .T. ) ;
#7834 = LINE ( 'NONE', #4272, #4873 ) ;
#7835 = VECTOR ( 'NONE', #8153, 1000.000000000000000 ) ;
#7836 = SURFACE_STYLE_USAGE ( .BOTH. , #9461 ) ;
#7837 = LINE ( 'NONE', #10239, #4164 ) ;
#7838 = DIRECTION ( 'NONE',  ( 0.000000000000000000, 0.000000000000000000, -1.000000000000000000 ) ) ;
#7839 = EDGE_LOOP ( 'NONE', ( #7796, #6684, #9162, #3628 ) ) ;
#7840 = CARTESIAN_POINT ( 'NONE',  ( 2.225000000000000977, 0.6716990566028304688, -0.2499999999999993616 ) ) ;
#7841 = CIRCLE ( 'NONE', #10682, 0.1250000000000002220 ) ;
#7842 = CARTESIAN_POINT ( 'NONE',  ( 2.500000000000000444, 0.1999999999999999833, -0.3749999999999990563 ) ) ;
#7843 = VERTEX_POINT ( 'NONE', #8419 ) ;
#7844 = EDGE_CURVE ( 'NONE', #1349, #10858, #11065, .T. ) ;
#7845 = CARTESIAN_POINT ( 'NONE',  ( -2.225000000000000977, 0.6716990566028304688, -1.874999999999999556 ) ) ;
#7846 = EDGE_CURVE ( 'NONE', #10938, #7579, #1458, .T. ) ;
#7847 = LINE ( 'NONE', #10369, #10064 ) ;
#7848 = PLANE ( 'NONE',  #360 ) ;
#7849 = LINE ( 'NONE', #6142, #3450 ) ;
#7850 = ORIENTED_EDGE ( 'NONE', *, *, #8044, .T. ) ;
#7851 = VERTEX_POINT ( 'NONE', #6718 ) ;
#7852 = VERTEX_POINT ( 'NONE', #2476 ) ;
#7853 = CARTESIAN_POINT ( 'NONE',  ( -2.500000000000000888, 0.04999999999999969746, 0.3750000000000007772 ) ) ;
#7854 = CLOSED_SHELL ( 'NONE', ( #3204, #5017, #7381, #4955, #3639, #873 ) ) ;
#7855 = LINE ( 'NONE', #7050, #10521 ) ;
#7856 = ORIENTED_EDGE ( 'NONE', *, *, #8337, .T. ) ;
#7857 = ORIENTED_EDGE ( 'NONE', *, *, #10375, .F. ) ;
#7858 = DIRECTION ( 'NONE',  ( 0.000000000000000000, 1.000000000000000000, -0.000000000000000000 ) ) ;
#7859 = ORIENTED_EDGE ( 'NONE', *, *, #1717, .F. ) ;
#7860 = ORIENTED_EDGE ( 'NONE', *, *, #7045, .T. ) ;
#7861 = AXIS2_PLACEMENT_3D ( 'NONE', #10417, #2680, #1851 ) ;
#7862 = VECTOR ( 'NONE', #638, 1000.000000000000000 ) ;
#7863 = DIRECTION ( 'NONE',  ( 0.000000000000000000, -0.000000000000000000, 1.000000000000000000 ) ) ;
#7864 = DIRECTION ( 'NONE',  ( 0.000000000000000000, 0.000000000000000000, -1.000000000000000000 ) ) ;
#7865 = ORIENTED_EDGE ( 'NONE', *, *, #9686, .F. ) ;
#7866 = EDGE_CURVE ( 'NONE', #2513, #8705, #578, .T. ) ;
#7867 = DIRECTION ( 'NONE',  ( 0.000000000000000000, 0.000000000000000000, -1.000000000000000000 ) ) ;
#7868 = LINE ( 'NONE', #7973, #8740 ) ;
#7869 = DIRECTION ( 'NONE',  ( 0.000000000000000000, 1.000000000000000000, 0.000000000000000000 ) ) ;
#7870 = AXIS2_PLACEMENT_3D ( 'NONE', #8110, #274, #1951 ) ;
#7871 = CARTESIAN_POINT ( 'NONE',  ( 0.1250000000000003331, 0.1999999999999999833, -2.225000000000000533 ) ) ;
#7872 = DIRECTION ( 'NONE',  ( 0.000000000000000000, -0.000000000000000000, 1.000000000000000000 ) ) ;
#7873 = CARTESIAN_POINT ( 'NONE',  ( 0.7499999999999997780, 0.000000000000000000, 2.100000000000000089 ) ) ;
#7874 = ORIENTED_EDGE ( 'NONE', *, *, #4363, .T. ) ;
#7875 = ADVANCED_FACE ( 'NONE', ( #4921 ), #9312, .T. ) ;
#7876 = ORIENTED_EDGE ( 'NONE', *, *, #1080, .F. ) ;
#7877 = FILL_AREA_STYLE_COLOUR ( '', #423 ) ;
#7878 = DIRECTION ( 'NONE',  ( -1.000000000000000000, 0.000000000000000000, -3.154042683594199163E-15 ) ) ;
#7879 = CARTESIAN_POINT ( 'NONE',  ( -0.1250000000000001110, 0.05000000000000000278, 0.000000000000000000 ) ) ;
#7880 = ORIENTED_EDGE ( 'NONE', *, *, #5374, .F. ) ;
#7881 = VERTEX_POINT ( 'NONE', #7569 ) ;
#7882 = DIRECTION ( 'NONE',  ( 0.000000000000000000, -1.000000000000000000, 0.000000000000000000 ) ) ;
#7883 = FACE_OUTER_BOUND ( 'NONE', #7566, .T. ) ;
#7884 = EDGE_CURVE ( 'NONE', #10632, #6367, #6875, .T. ) ;
#7885 = PLANE ( 'NONE',  #3608 ) ;
#7886 = DIRECTION ( 'NONE',  ( 0.000000000000000000, -0.000000000000000000, -1.000000000000000000 ) ) ;
#7887 = ADVANCED_FACE ( 'NONE', ( #1465 ), #6607, .T. ) ;
#7888 = LINE ( 'NONE', #9405, #4539 ) ;
#7889 = VERTEX_POINT ( 'NONE', #8471 ) ;
#7890 = CARTESIAN_POINT ( 'NONE',  ( -2.225000000000000977, 0.000000000000000000, -0.2499999999999993616 ) ) ;
#7891 = CARTESIAN_POINT ( 'NONE',  ( 1.875000000000000000, 0.2000000000000000111, -2.500000000000000444 ) ) ;
#7892 = DIRECTION ( 'NONE',  ( 0.000000000000000000, 0.000000000000000000, -1.000000000000000000 ) ) ;
#7893 = ORIENTED_EDGE ( 'NONE', *, *, #5186, .F. ) ;
#7894 = DIRECTION ( 'NONE',  ( -0.000000000000000000, -1.000000000000000000, -0.000000000000000000 ) ) ;
#7895 = PLANE ( 'NONE',  #5581 ) ;
#7896 = DIRECTION ( 'NONE',  ( 1.000000000000000000, -0.000000000000000000, 0.000000000000000000 ) ) ;
#7897 = AXIS2_PLACEMENT_3D ( 'NONE', #10126, #717, #7544 ) ;
#7898 = CARTESIAN_POINT ( 'NONE',  ( 2.500000000000000888, 0.6716990566028304688, -1.624999999999999334 ) ) ;
#7899 = ORIENTED_EDGE ( 'NONE', *, *, #7978, .F. ) ;
#7900 = EDGE_CURVE ( 'NONE', #6473, #10883, #3165, .T. ) ;
#7901 = CARTESIAN_POINT ( 'NONE',  ( -2.500000000000000444, 0.1999999999999999833, -1.374999999999999112 ) ) ;
#7902 = EDGE_CURVE ( 'NONE', #5481, #10043, #1578, .T. ) ;
#7903 = VERTEX_POINT ( 'NONE', #744 ) ;
#7904 = EDGE_CURVE ( 'NONE', #10333, #9328, #6773, .T. ) ;
#7905 = DIRECTION ( 'NONE',  ( 1.000000000000000000, -0.000000000000000000, -0.000000000000000000 ) ) ;
#7906 = VECTOR ( 'NONE', #9444, 1000.000000000000000 ) ;
#7907 = PLANE ( 'NONE',  #5853 ) ;
#7908 = ORIENTED_EDGE ( 'NONE', *, *, #3878, .F. ) ;
#7909 = ORIENTED_EDGE ( 'NONE', *, *, #1523, .T. ) ;
#7910 = PRESENTATION_STYLE_ASSIGNMENT (( #6997 ) ) ;
#7911 = PLANE ( 'NONE',  #10418 ) ;
#7912 = EDGE_LOOP ( 'NONE', ( #4245, #4416, #11073, #1569 ) ) ;
#7913 = EDGE_LOOP ( 'NONE', ( #8191, #10602, #5532, #3140 ) ) ;
#7914 = CIRCLE ( 'NONE', #3034, 0.1250000000000001110 ) ;
#7915 = ADVANCED_FACE ( 'NONE', ( #9362 ), #4809, .T. ) ;
#7916 = DIRECTION ( 'NONE',  ( -0.000000000000000000, -1.000000000000000000, -0.000000000000000000 ) ) ;
#7917 = DIRECTION ( 'NONE',  ( 1.000000000000000000, 0.000000000000000000, -7.885106708985485090E-16 ) ) ;
#7918 = ORIENTED_EDGE ( 'NONE', *, *, #4571, .F. ) ;
#7919 = SURFACE_STYLE_FILL_AREA ( #1077 ) ;
#7920 = ADVANCED_FACE ( 'NONE', ( #10039 ), #10093, .F. ) ;
#7921 = CARTESIAN_POINT ( 'NONE',  ( 2.225000000000000977, 0.6716990566028304688, -0.1249999999999994588 ) ) ;
#7922 = EDGE_CURVE ( 'NONE', #4956, #3381, #3492, .T. ) ;
#7923 = DIRECTION ( 'NONE',  ( 0.000000000000000000, 0.000000000000000000, 1.000000000000000000 ) ) ;
#7924 = AXIS2_PLACEMENT_3D ( 'NONE', #5540, #5424, #2990 ) ;
#7925 = CARTESIAN_POINT ( 'NONE',  ( 1.125000000000000222, 0.000000000000000000, -2.500000000000000444 ) ) ;
#7926 = DIRECTION ( 'NONE',  ( -0.000000000000000000, -1.000000000000000000, -0.000000000000000000 ) ) ;
#7927 = VECTOR ( 'NONE', #2947, 1000.000000000000000 ) ;
#7928 = CARTESIAN_POINT ( 'NONE',  ( 1.674999999999999822, 0.1999999999999996503, 1.675000000000000933 ) ) ;
#7929 = ORIENTED_EDGE ( 'NONE', *, *, #9526, .T. ) ;
#7930 = VERTEX_POINT ( 'NONE', #9522 ) ;
#7931 = AXIS2_PLACEMENT_3D ( 'NONE', #10061, #9232, #6687 ) ;
#7932 = APPLICATION_PROTOCOL_DEFINITION ( 'draft international standard', 'automotive_design', 1998, #2948 ) ;
#7933 = LINE ( 'NONE', #7075, #8170 ) ;
#7934 = DIRECTION ( 'NONE',  ( 7.885106708985485090E-16, 0.000000000000000000, -1.000000000000000000 ) ) ;
#7935 = ORIENTED_EDGE ( 'NONE', *, *, #4748, .T. ) ;
#7936 = VERTEX_POINT ( 'NONE', #5146 ) ;
#7937 = AXIS2_PLACEMENT_3D ( 'NONE', #7276, #10702, #3594 ) ;
#7938 = CARTESIAN_POINT ( 'NONE',  ( -1.750000000000000222, 0.2000000000000000111, 2.225000000000000533 ) ) ;
#7939 = CIRCLE ( 'NONE', #901, 0.04999999999999991257 ) ;
#7940 = DIRECTION ( 'NONE',  ( 0.000000000000000000, 0.000000000000000000, -1.000000000000000000 ) ) ;
#7941 = FACE_OUTER_BOUND ( 'NONE', #5388, .T. ) ;
#7942 = CARTESIAN_POINT ( 'NONE',  ( 2.225000000000000977, 0.1999999999999999833, 0.3750000000000005551 ) ) ;
#7943 = DIRECTION ( 'NONE',  ( -1.000000000000000000, 0.000000000000000000, 0.000000000000000000 ) ) ;
#7944 = ORIENTED_EDGE ( 'NONE', *, *, #9545, .T. ) ;
#7945 = DIRECTION ( 'NONE',  ( 0.000000000000000000, 0.000000000000000000, -1.000000000000000000 ) ) ;
#7946 = AXIS2_PLACEMENT_3D ( 'NONE', #5907, #5965, #1560 ) ;
#7947 = AXIS2_PLACEMENT_3D ( 'NONE', #1561, #3256, #8279 ) ;
#7948 = DIRECTION ( 'NONE',  ( 0.000000000000000000, -1.000000000000000000, 0.000000000000000000 ) ) ;
#7949 = ADVANCED_FACE ( 'NONE', ( #1010 ), #3596, .F. ) ;
#7950 = EDGE_CURVE ( 'NONE', #10436, #10761, #68, .T. ) ;
#7951 = LINE ( 'NONE', #7096, #8662 ) ;
#7952 = ORIENTED_EDGE ( 'NONE', *, *, #8806, .T. ) ;
#7953 = EDGE_CURVE ( 'NONE', #1250, #8271, #4895, .T. ) ;
#7954 = CARTESIAN_POINT ( 'NONE',  ( 2.225000000000000977, 0.000000000000000000, 0.7500000000000006661 ) ) ;
#7955 = AXIS2_PLACEMENT_3D ( 'NONE', #2398, #5898, #1663 ) ;
#7956 = CIRCLE ( 'NONE', #5432, 0.1250000000000001110 ) ;
#7957 = CARTESIAN_POINT ( 'NONE',  ( 1.875000000000000000, 0.6716990566028303578, 2.500000000000000444 ) ) ;
#7958 = ORIENTED_EDGE ( 'NONE', *, *, #1003, .T. ) ;
#7959 = CARTESIAN_POINT ( 'NONE',  ( -0.1250000000000001110, 0.05000000000000000278, 0.000000000000000000 ) ) ;
#7960 = DIRECTION ( 'NONE',  ( -1.000000000000000000, 0.000000000000000000, -0.000000000000000000 ) ) ;
#7961 = EDGE_LOOP ( 'NONE', ( #9756, #5076, #10033, #108 ) ) ;
#7962 = ORIENTED_EDGE ( 'NONE', *, *, #2188, .F. ) ;
#7963 = DIRECTION ( 'NONE',  ( 0.000000000000000000, -0.000000000000000000, -1.000000000000000000 ) ) ;
#7964 = EDGE_CURVE ( 'NONE', #10115, #2968, #40, .T. ) ;
#7965 = CARTESIAN_POINT ( 'NONE',  ( 1.749999999999999778, 0.2000000000000000111, 2.225000000000000533 ) ) ;
#7966 = VERTEX_POINT ( 'NONE', #4455 ) ;
#7967 = EDGE_LOOP ( 'NONE', ( #9265, #8130 ) ) ;
#7968 = VECTOR ( 'NONE', #941, 1000.000000000000000 ) ;
#7969 = DIRECTION ( 'NONE',  ( -0.000000000000000000, -1.000000000000000000, -0.000000000000000000 ) ) ;
#7970 = DIRECTION ( 'NONE',  ( 0.000000000000000000, 0.000000000000000000, 1.000000000000000000 ) ) ;
#7971 = ORIENTED_EDGE ( 'NONE', *, *, #4088, .T. ) ;
#7972 = FILL_AREA_STYLE_COLOUR ( '', #487 ) ;
#7973 = CARTESIAN_POINT ( 'NONE',  ( -1.375000000000000888, -0.4449747468305830789, -1.724999999999999867 ) ) ;
#7974 = CARTESIAN_POINT ( 'NONE',  ( -2.225000000000000977, 0.000000000000000000, 0.6250000000000005551 ) ) ;
#7975 = VECTOR ( 'NONE', #9425, 1000.000000000000000 ) ;
#7976 = VECTOR ( 'NONE', #1268, 1000.000000000000000 ) ;
#7977 = DIRECTION ( 'NONE',  ( 0.000000000000000000, -0.000000000000000000, -1.000000000000000000 ) ) ;
#7978 = EDGE_CURVE ( 'NONE', #8698, #5755, #7742, .T. ) ;
#7979 = CARTESIAN_POINT ( 'NONE',  ( -2.225000000000000977, 0.6716990566028304688, 1.375000000000000666 ) ) ;
#7980 = EDGE_CURVE ( 'NONE', #8135, #10402, #7692, .T. ) ;
#7981 = FACE_OUTER_BOUND ( 'NONE', #4277, .T. ) ;
#7982 = VECTOR ( 'NONE', #2477, 1000.000000000000000 ) ;
#7983 = DIRECTION ( 'NONE',  ( -0.000000000000000000, -1.000000000000000000, 0.000000000000000000 ) ) ;
#7984 = ORIENTED_EDGE ( 'NONE', *, *, #8440, .T. ) ;
#7985 = ORIENTED_EDGE ( 'NONE', *, *, #3366, .F. ) ;
#7986 = DIRECTION ( 'NONE',  ( -0.000000000000000000, -1.000000000000000000, -0.000000000000000000 ) ) ;
#7987 = DIRECTION ( 'NONE',  ( 0.000000000000000000, 0.000000000000000000, 1.000000000000000000 ) ) ;
#7988 = VERTEX_POINT ( 'NONE', #10320 ) ;
#7989 = ORIENTED_EDGE ( 'NONE', *, *, #48, .F. ) ;
#7990 = AXIS2_PLACEMENT_3D ( 'NONE', #3913, #10910, #1374 ) ;
#7991 = DIRECTION ( 'NONE',  ( 0.000000000000000000, 1.000000000000000000, 0.000000000000000000 ) ) ;
#7992 = EDGE_CURVE ( 'NONE', #990, #4433, #10421, .T. ) ;
#7993 = DIRECTION ( 'NONE',  ( 0.000000000000000000, -1.000000000000000000, 0.000000000000000000 ) ) ;
#7994 = DIRECTION ( 'NONE',  ( -0.000000000000000000, 0.000000000000000000, -1.000000000000000000 ) ) ;
#7995 = DIRECTION ( 'NONE',  ( 0.000000000000000000, -1.000000000000000000, 0.000000000000000000 ) ) ;
#7996 = DIRECTION ( 'NONE',  ( 0.000000000000000000, 0.000000000000000000, -1.000000000000000000 ) ) ;
#7997 = EDGE_LOOP ( 'NONE', ( #8316, #2913, #9864, #2093 ) ) ;
#7998 =( GEOMETRIC_REPRESENTATION_CONTEXT ( 3 ) GLOBAL_UNCERTAINTY_ASSIGNED_CONTEXT ( ( #10549 ) ) GLOBAL_UNIT_ASSIGNED_CONTEXT ( ( #3547, #5197, #4459 ) ) REPRESENTATION_CONTEXT ( 'NONE', 'WORKASPACE' ) );
#7999 = LINE ( 'NONE', #10527, #5649 ) ;
#8000 = AXIS2_PLACEMENT_3D ( 'NONE', #1299, #7916, #2762 ) ;
#8001 = EDGE_CURVE ( 'NONE', #5959, #4679, #9423, .T. ) ;
#8002 = PLANE ( 'NONE',  #660 ) ;
#8003 = CARTESIAN_POINT ( 'NONE',  ( -1.249999999999999778, 0.000000000000000000, -2.225000000000000533 ) ) ;
#8004 = EDGE_LOOP ( 'NONE', ( #1849, #198, #3933, #5299 ) ) ;
#8005 = CARTESIAN_POINT ( 'NONE',  ( -0.1250000000000001110, 0.000000000000000000, -2.225000000000000533 ) ) ;
#8006 = AXIS2_PLACEMENT_3D ( 'NONE', #2401, #6857, #1605 ) ;
#8007 = CARTESIAN_POINT ( 'NONE',  ( 1.125000000000000222, 0.1999999999999999833, -2.500000000000000444 ) ) ;
#8008 = SURFACE_SIDE_STYLE ('',( #4619 ) ) ;
#8009 = DIRECTION ( 'NONE',  ( -1.734723475976808475E-15, 0.000000000000000000, 1.000000000000000000 ) ) ;
#8010 = CARTESIAN_POINT ( 'NONE',  ( 2.500000000000000444, 0.6716990566028304688, -0.8749999999999990008 ) ) ;
#8011 = ORIENTED_EDGE ( 'NONE', *, *, #3737, .T. ) ;
#8012 = FILL_AREA_STYLE ('',( #226 ) ) ;
#8013 = EDGE_CURVE ( 'NONE', #2385, #4307, #3434, .T. ) ;
#8014 = CIRCLE ( 'NONE', #6754, 0.1250000000000001110 ) ;
#8015 = CARTESIAN_POINT ( 'NONE',  ( 2.225000000000000977, 0.000000000000000000, -1.749999999999999334 ) ) ;
#8016 = ORIENTED_EDGE ( 'NONE', *, *, #8040, .F. ) ;
#8017 = CARTESIAN_POINT ( 'NONE',  ( -2.500000000000000888, 0.6716990566028304688, 0.8750000000000007772 ) ) ;
#8018 = ORIENTED_EDGE ( 'NONE', *, *, #7035, .T. ) ;
#8019 = ORIENTED_EDGE ( 'NONE', *, *, #9900, .F. ) ;
#8020 = DIRECTION ( 'NONE',  ( 0.000000000000000000, 0.000000000000000000, -1.000000000000000000 ) ) ;
#8021 = DIRECTION ( 'NONE',  ( 0.000000000000000000, 0.000000000000000000, -1.000000000000000000 ) ) ;
#8022 = VERTEX_POINT ( 'NONE', #850 ) ;
#8023 = ORIENTED_EDGE ( 'NONE', *, *, #1800, .F. ) ;
#8024 = EDGE_CURVE ( 'NONE', #5308, #8271, #5089, .T. ) ;
#8025 = DIRECTION ( 'NONE',  ( -1.000000000000000000, 0.000000000000000000, -3.154042683594199163E-15 ) ) ;
#8026 = CARTESIAN_POINT ( 'NONE',  ( 0.6250000000000003331, 0.6716990566028303578, -2.225000000000000533 ) ) ;
#8027 = VERTEX_POINT ( 'NONE', #2683 ) ;
#8028 = DIRECTION ( 'NONE',  ( 0.000000000000000000, -0.000000000000000000, 1.000000000000000000 ) ) ;
#8029 = VECTOR ( 'NONE', #7623, 1000.000000000000000 ) ;
#8030 = CARTESIAN_POINT ( 'NONE',  ( 2.500000000000000444, 0.1999999999999999833, 0.1250000000000009159 ) ) ;
#8031 = ORIENTED_EDGE ( 'NONE', *, *, #7477, .F. ) ;
#8032 = DIRECTION ( 'NONE',  ( 1.000000000000000000, 0.000000000000000000, 0.000000000000000000 ) ) ;
#8033 = AXIS2_PLACEMENT_3D ( 'NONE', #6662, #10044, #11069 ) ;
#8034 = PRESENTATION_LAYER_ASSIGNMENT (  '', '', ( #2086 ) ) ;
#8035 = LINE ( 'NONE', #311, #8296 ) ;
#8036 = CYLINDRICAL_SURFACE ( 'NONE', #393, 0.1250000000000002220 ) ;
#8037 = LINE ( 'NONE', #7132, #5028 ) ;
#8038 = VERTEX_POINT ( 'NONE', #3379 ) ;
#8039 = ORIENTED_EDGE ( 'NONE', *, *, #8869, .F. ) ;
#8040 = EDGE_CURVE ( 'NONE', #914, #7141, #6038, .T. ) ;
#8042 = ADVANCED_FACE ( 'NONE', ( #8634 ), #10257, .F. ) ;
#8041 = CARTESIAN_POINT ( 'NONE',  ( 0.3749999999999998890, 0.6716990566028303578, -2.500000000000000444 ) ) ;
#8043 = DIRECTION ( 'NONE',  ( -1.000000000000000000, 0.000000000000000000, -7.885106708985485090E-16 ) ) ;
#8044 = EDGE_CURVE ( 'NONE', #8624, #1692, #6989, .T. ) ;
#8045 = ORIENTED_EDGE ( 'NONE', *, *, #1111, .T. ) ;
#8046 = EDGE_LOOP ( 'NONE', ( #9116, #7695, #4855, #1385 ) ) ;
#8047 = DIRECTION ( 'NONE',  ( 0.000000000000000000, -1.000000000000000000, 0.000000000000000000 ) ) ;
#8048 = CARTESIAN_POINT ( 'NONE',  ( -0.6250000000000001110, 0.2000000000000000111, -2.225000000000000533 ) ) ;
#8049 = CARTESIAN_POINT ( 'NONE',  ( 0.1250000000000001110, 0.05000000000000000278, 0.000000000000000000 ) ) ;
#8050 = LINE ( 'NONE', #3752, #8825 ) ;
#8051 = DIRECTION ( 'NONE',  ( 0.000000000000000000, -1.000000000000000000, 0.000000000000000000 ) ) ;
#8052 = VERTEX_POINT ( 'NONE', #10372 ) ;
#8053 = FACE_OUTER_BOUND ( 'NONE', #5769, .T. ) ;
#8054 = EDGE_CURVE ( 'NONE', #9226, #6332, #8138, .T. ) ;
#8055 = DIRECTION ( 'NONE',  ( 0.000000000000000000, -0.000000000000000000, -1.000000000000000000 ) ) ;
#8056 = ORIENTED_EDGE ( 'NONE', *, *, #441, .F. ) ;
#8057 = ORIENTED_EDGE ( 'NONE', *, *, #8823, .F. ) ;
#8058 = PLANE ( 'NONE',  #10622 ) ;
#8059 = ORIENTED_EDGE ( 'NONE', *, *, #2793, .F. ) ;
#8060 = CARTESIAN_POINT ( 'NONE',  ( 2.500000000000000888, 0.1999999999999999833, -0.1249999999999992506 ) ) ;
#8061 = CARTESIAN_POINT ( 'NONE',  ( 1.375000000000000000, 0.1999999999999999833, 2.500000000000000444 ) ) ;
#8062 = EDGE_CURVE ( 'NONE', #1372, #3251, #7849, .T. ) ;
#8063 = CARTESIAN_POINT ( 'NONE',  ( -1.625000000000000222, 0.000000000000000000, -2.500000000000000444 ) ) ;
#8064 = LINE ( 'NONE', #10760, #9040 ) ;
#8065 = ORIENTED_EDGE ( 'NONE', *, *, #7424, .F. ) ;
#8066 = SURFACE_SIDE_STYLE ('',( #7105 ) ) ;
#8067 = CIRCLE ( 'NONE', #8613, 0.04999999999999991257 ) ;
#8068 = CARTESIAN_POINT ( 'NONE',  ( -2.500000000000000444, 0.1999999999999999833, -0.8749999999999990008 ) ) ;
#8069 = EDGE_LOOP ( 'NONE', ( #4369, #11129, #4580, #5679 ) ) ;
#8070 = DIRECTION ( 'NONE',  ( 1.000000000000000000, -0.000000000000000000, 3.154042683594199163E-15 ) ) ;
#8071 = EDGE_LOOP ( 'NONE', ( #10364, #256, #7918, #6027 ) ) ;
#8072 = DIRECTION ( 'NONE',  ( 0.000000000000000000, -1.000000000000000000, 0.000000000000000000 ) ) ;
#8073 = LINE ( 'NONE', #345, #9880 ) ;
#8074 = VECTOR ( 'NONE', #9707, 1000.000000000000000 ) ;
#8075 = EDGE_CURVE ( 'NONE', #3228, #5100, #3803, .T. ) ;
#8076 = ORIENTED_EDGE ( 'NONE', *, *, #4742, .F. ) ;
#8077 = EDGE_LOOP ( 'NONE', ( #4710, #11051, #7055, #1934 ) ) ;
#8078 = UNCERTAINTY_MEASURE_WITH_UNIT (LENGTH_MEASURE( 1.000000000000000082E-05 ), #4467, 'distance_accuracy_value', 'NONE');
#8079 = CARTESIAN_POINT ( 'NONE',  ( 2.500000000000000888, 0.000000000000000000, -0.1249999999999992506 ) ) ;
#8080 = DIRECTION ( 'NONE',  ( -0.000000000000000000, -1.000000000000000000, -0.000000000000000000 ) ) ;
#8081 = ORIENTED_EDGE ( 'NONE', *, *, #2708, .F. ) ;
#8082 =( NAMED_UNIT ( * ) PLANE_ANGLE_UNIT ( ) SI_UNIT ( $, .RADIAN. ) );
#8083 = VECTOR ( 'NONE', #7917, 1000.000000000000000 ) ;
#8084 = EDGE_LOOP ( 'NONE', ( #3692, #7606, #1386, #9099 ) ) ;
#8085 = CARTESIAN_POINT ( 'NONE',  ( 0.2500000000000002220, 0.04999999999999999584, -2.225000000000000533 ) ) ;
#8086 = DIRECTION ( 'NONE',  ( -1.734723475976808475E-15, 0.000000000000000000, 1.000000000000000000 ) ) ;
#8087 = CARTESIAN_POINT ( 'NONE',  ( 2.225000000000000977, 0.05000000000000002359, -1.624999999999999556 ) ) ;
#8088 = EDGE_CURVE ( 'NONE', #7261, #6882, #4291, .T. ) ;
#8089 = EDGE_CURVE ( 'NONE', #5646, #4187, #927, .T. ) ;
#8090 = ADVANCED_FACE ( 'NONE', ( #3714 ), #1224, .F. ) ;
#8091 = AXIS2_PLACEMENT_3D ( 'NONE', #8646, #861, #2754 ) ;
#8092 = DIRECTION ( 'NONE',  ( 0.000000000000000000, 1.000000000000000000, -0.000000000000000000 ) ) ;
#8093 = CARTESIAN_POINT ( 'NONE',  ( -1.375000000000000888, 0.2000000000000000111, -1.724999999999999867 ) ) ;
#8094 = VERTEX_POINT ( 'NONE', #6375 ) ;
#8095 = ORIENTED_EDGE ( 'NONE', *, *, #2456, .F. ) ;
#8096 = LINE ( 'NONE', #6176, #9774 ) ;
#8097 = DIRECTION ( 'NONE',  ( -0.000000000000000000, -1.000000000000000000, -0.000000000000000000 ) ) ;
#8098 = CIRCLE ( 'NONE', #3233, 0.1250000000000002220 ) ;
#8099 = VERTEX_POINT ( 'NONE', #1910 ) ;
#8100 = CARTESIAN_POINT ( 'NONE',  ( 2.225000000000000977, 0.6716990566028304688, 1.750000000000000666 ) ) ;
#8101 = EDGE_CURVE ( 'NONE', #8857, #685, #9855, .T. ) ;
#8102 = CARTESIAN_POINT ( 'NONE',  ( 1.375000000000000000, 0.04999999999999999584, -2.225000000000000533 ) ) ;
#8103 = CARTESIAN_POINT ( 'NONE',  ( -0.3749999999999998890, 0.000000000000000000, 2.225000000000000533 ) ) ;
#8104 = DIRECTION ( 'NONE',  ( -0.000000000000000000, -1.000000000000000000, -0.000000000000000000 ) ) ;
#8105 = EDGE_CURVE ( 'NONE', #8710, #4223, #5584, .T. ) ;
#8106 = DIRECTION ( 'NONE',  ( -0.000000000000000000, 0.000000000000000000, -1.000000000000000000 ) ) ;
#8107 = ORIENTED_EDGE ( 'NONE', *, *, #9491, .F. ) ;
#8108 = DIRECTION ( 'NONE',  ( 0.000000000000000000, 1.000000000000000000, 0.000000000000000000 ) ) ;
#8109 = ORIENTED_EDGE ( 'NONE', *, *, #5077, .T. ) ;
#8110 = CARTESIAN_POINT ( 'NONE',  ( 1.249999999999999778, 0.04999999999999999584, 2.225000000000000533 ) ) ;
#8111 = PRESENTATION_LAYER_ASSIGNMENT (  '', '', ( #10256 ) ) ;
#8112 = AXIS2_PLACEMENT_3D ( 'NONE', #6170, #9613, #1883 ) ;
#8113 = PLANE ( 'NONE',  #2164 ) ;
#8114 = ORIENTED_EDGE ( 'NONE', *, *, #1424, .F. ) ;
#8115 = COLOUR_RGB ( '',0.7921568627450980005, 0.8196078431372548767, 0.9333333333333333481 ) ;
#8116 = DIRECTION ( 'NONE',  ( 0.000000000000000000, -1.000000000000000000, 0.000000000000000000 ) ) ;
#8117 = DIRECTION ( 'NONE',  ( -0.000000000000000000, 0.000000000000000000, 1.000000000000000000 ) ) ;
#8118 = DIRECTION ( 'NONE',  ( -0.000000000000000000, -1.000000000000000000, -0.000000000000000000 ) ) ;
#8119 = ADVANCED_FACE ( 'NONE', ( #4621 ), #9023, .F. ) ;
#8120 = EDGE_CURVE ( 'NONE', #3091, #10883, #9643, .T. ) ;
#8121 = COLOUR_RGB ( '',0.2509803921568627416, 0.2509803921568627416, 0.2509803921568627416 ) ;
#8122 = CARTESIAN_POINT ( 'NONE',  ( -1.950000000000000844, 0.7500000000000000000, -1.950000000000000400 ) ) ;
#8123 = EDGE_LOOP ( 'NONE', ( #2776, #701, #8213, #7545 ) ) ;
#8124 = CIRCLE ( 'NONE', #3250, 0.2500000000000008882 ) ;
#8125 =( NAMED_UNIT ( * ) PLANE_ANGLE_UNIT ( ) SI_UNIT ( $, .RADIAN. ) );
#8126 = AXIS2_PLACEMENT_3D ( 'NONE', #5179, #6074, #4155 ) ;
#8127 = LINE ( 'NONE', #1120, #7618 ) ;
#8128 = ORIENTED_EDGE ( 'NONE', *, *, #3687, .F. ) ;
#8129 = CARTESIAN_POINT ( 'NONE',  ( -1.749999999999999778, 0.2000000000000000111, -2.225000000000000533 ) ) ;
#8130 = ORIENTED_EDGE ( 'NONE', *, *, #9169, .T. ) ;
#8131 = EDGE_LOOP ( 'NONE', ( #8794, #6100, #4634, #7044 ) ) ;
#8132 = SURFACE_STYLE_USAGE ( .BOTH. , #2025 ) ;
#8133 = AXIS2_PLACEMENT_3D ( 'NONE', #9628, #940, #1732 ) ;
#8134 = CARTESIAN_POINT ( 'NONE',  ( 0.1250000000000001110, 0.2000000000000000111, 2.225000000000000533 ) ) ;
#8135 = VERTEX_POINT ( 'NONE', #4507 ) ;
#8136 = VERTEX_POINT ( 'NONE', #4671 ) ;
#8137 = CARTESIAN_POINT ( 'NONE',  ( 2.500000000000000000, 0.05000000000000000278, 2.499999999999999556 ) ) ;
#8138 = CIRCLE ( 'NONE', #8321, 0.1250000000000001110 ) ;
#8139 = CARTESIAN_POINT ( 'NONE',  ( -0.6250000000000003331, 0.000000000000000000, 2.225000000000000533 ) ) ;
#8140 = ORIENTED_EDGE ( 'NONE', *, *, #5896, .T. ) ;
#8141 = LINE ( 'NONE', #7298, #9830 ) ;
#8142 = CARTESIAN_POINT ( 'NONE',  ( 1.625000000000000222, 0.2000000000000000111, -2.500000000000000444 ) ) ;
#8143 = EDGE_CURVE ( 'NONE', #8099, #5185, #1282, .T. ) ;
#8144 = CARTESIAN_POINT ( 'NONE',  ( 0.1250000000000001110, 0.05000000000000000278, 0.000000000000000000 ) ) ;
#8145 = ORIENTED_EDGE ( 'NONE', *, *, #8190, .T. ) ;
#8146 = DIRECTION ( 'NONE',  ( 0.000000000000000000, 0.000000000000000000, -1.000000000000000000 ) ) ;
#8147 = AXIS2_PLACEMENT_3D ( 'NONE', #7615, #619, #4048 ) ;
#8148 = LINE ( 'NONE', #422, #9903 ) ;
#8149 = CARTESIAN_POINT ( 'NONE',  ( 2.500000000000000444, 0.1999999999999999833, -0.8749999999999990008 ) ) ;
#8150 = ORIENTED_EDGE ( 'NONE', *, *, #101, .T. ) ;
#8151 = ORIENTED_EDGE ( 'NONE', *, *, #5705, .F. ) ;
#8152 = DIRECTION ( 'NONE',  ( 0.000000000000000000, -1.000000000000000000, 0.000000000000000000 ) ) ;
#8153 = DIRECTION ( 'NONE',  ( -0.000000000000000000, -0.000000000000000000, -1.000000000000000000 ) ) ;
#8154 = CIRCLE ( 'NONE', #8516, 0.1250000000000001110 ) ;
#8155 = EDGE_CURVE ( 'NONE', #1283, #4834, #5530, .T. ) ;
#8156 = ORIENTED_EDGE ( 'NONE', *, *, #6231, .T. ) ;
#8157 = FACE_OUTER_BOUND ( 'NONE', #10162, .T. ) ;
#8158 = CIRCLE ( 'NONE', #4377, 0.1250000000000002220 ) ;
#8159 = DIRECTION ( 'NONE',  ( 0.000000000000000000, -1.000000000000000000, 0.000000000000000000 ) ) ;
#8160 = AXIS2_PLACEMENT_3D ( 'NONE', #6393, #6445, #9041 ) ;
#8161 = CARTESIAN_POINT ( 'NONE',  ( 1.478457507934777554E-15, 0.05000000000000000278, 1.874999999999998890 ) ) ;
#8162 = DIRECTION ( 'NONE',  ( 1.000000000000000000, -0.000000000000000000, -7.885106708985485090E-16 ) ) ;
#8163 = DIRECTION ( 'NONE',  ( -1.000000000000000000, 0.000000000000000000, 0.000000000000000000 ) ) ;
#8164 = ORIENTED_EDGE ( 'NONE', *, *, #1211, .T. ) ;
#8165 = EDGE_CURVE ( 'NONE', #6286, #7358, #8064, .T. ) ;
#8166 = LINE ( 'NONE', #9008, #7976 ) ;
#8167 = ORIENTED_EDGE ( 'NONE', *, *, #5173, .F. ) ;
#8168 = CARTESIAN_POINT ( 'NONE',  ( -1.750000000000000222, 0.04999999999999999584, 2.225000000000000533 ) ) ;
#8169 = CARTESIAN_POINT ( 'NONE',  ( 2.225000000000000977, 0.1999999999999999833, 0.8750000000000005551 ) ) ;
#8170 = VECTOR ( 'NONE', #8831, 1000.000000000000000 ) ;
#8171 = ORIENTED_EDGE ( 'NONE', *, *, #8165, .T. ) ;
#8172 = DIRECTION ( 'NONE',  ( 1.000000000000000000, 0.000000000000000000, -0.000000000000000000 ) ) ;
#8173 = ORIENTED_EDGE ( 'NONE', *, *, #11080, .F. ) ;
#8174 = MECHANICAL_DESIGN_GEOMETRIC_PRESENTATION_REPRESENTATION (  '', ( #2568 ), #8892 ) ;
#8175 = CARTESIAN_POINT ( 'NONE',  ( -2.225000000000000977, 0.6716990566028304688, -0.2499999999999993616 ) ) ;
#8176 = CARTESIAN_POINT ( 'NONE',  ( 0.7499999999999997780, 0.6716990566028303578, 2.225000000000000533 ) ) ;
#8177 = VECTOR ( 'NONE', #9430, 1000.000000000000000 ) ;
#8178 = LINE ( 'NONE', #4903, #5421 ) ;
#8179 = LINE ( 'NONE', #7214, #742 ) ;
#8180 = AXIS2_PLACEMENT_3D ( 'NONE', #8601, #1760, #6004 ) ;
#8181 = CARTESIAN_POINT ( 'NONE',  ( -2.225000000000000977, 0.6716990566028304688, 0.1250000000000005551 ) ) ;
#8182 = VERTEX_POINT ( 'NONE', #5360 ) ;
#8183 = DIRECTION ( 'NONE',  ( 1.000000000000000000, 0.000000000000000000, 3.154042683594199163E-15 ) ) ;
#8184 = EDGE_CURVE ( 'NONE', #3635, #3091, #222, .T. ) ;
#8185 = FACE_OUTER_BOUND ( 'NONE', #7354, .T. ) ;
#8186 = EDGE_LOOP ( 'NONE', ( #10547, #3923, #112, #9203 ) ) ;
#8187 = AXIS2_PLACEMENT_3D ( 'NONE', #4992, #2538, #1530 ) ;
#8188 = AXIS2_PLACEMENT_3D ( 'NONE', #1861, #6209, #5310 ) ;
#8189 = DIRECTION ( 'NONE',  ( -1.000000000000000000, 0.000000000000000000, 0.000000000000000000 ) ) ;
#8190 = EDGE_CURVE ( 'NONE', #3527, #3613, #3883, .T. ) ;
#8191 = ORIENTED_EDGE ( 'NONE', *, *, #7683, .F. ) ;
#8192 = PLANE ( 'NONE',  #7161 ) ;
#8193 = DIRECTION ( 'NONE',  ( 0.000000000000000000, -0.000000000000000000, 1.000000000000000000 ) ) ;
#8194 = EDGE_LOOP ( 'NONE', ( #4717, #3810, #1511, #5022 ) ) ;
#8195 = ORIENTED_EDGE ( 'NONE', *, *, #9393, .F. ) ;
#8196 = AXIS2_PLACEMENT_3D ( 'NONE', #3410, #6691, #8445 ) ;
#8197 = LINE ( 'NONE', #476, #11037 ) ;
#8198 = DIRECTION ( 'NONE',  ( 0.000000000000000000, 1.000000000000000000, 0.000000000000000000 ) ) ;
#8199 = ORIENTED_EDGE ( 'NONE', *, *, #5290, .T. ) ;
#8200 = SURFACE_SIDE_STYLE ('',( #7355 ) ) ;
#8201 = CARTESIAN_POINT ( 'NONE',  ( -1.950000000000000844, 0.7500000000000000000, -1.699999999999999512 ) ) ;
#8202 = LINE ( 'NONE', #4638, #5847 ) ;
#8203 = EDGE_CURVE ( 'NONE', #9328, #10210, #7337, .T. ) ;
#8204 = ORIENTED_EDGE ( 'NONE', *, *, #369, .T. ) ;
#8205 = CIRCLE ( 'NONE', #7492, 0.1250000000000001110 ) ;
#8206 = CARTESIAN_POINT ( 'NONE',  ( -1.750000000000000222, 0.6716990566028303578, 2.100000000000000089 ) ) ;
#8207 = VECTOR ( 'NONE', #3515, 1000.000000000000000 ) ;
#8208 = DIRECTION ( 'NONE',  ( 0.000000000000000000, 0.000000000000000000, 1.000000000000000000 ) ) ;
#8209 = EDGE_CURVE ( 'NONE', #1394, #6466, #7792, .T. ) ;
#8210 = CLOSED_SHELL ( 'NONE', ( #9997, #10528, #10316, #2667, #9802, #4229 ) ) ;
#8211 = LINE ( 'NONE', #7364, #11142 ) ;
#8212 = VERTEX_POINT ( 'NONE', #1957 ) ;
#8213 = ORIENTED_EDGE ( 'NONE', *, *, #2593, .T. ) ;
#8214 = LINE ( 'NONE', #7367, #10148 ) ;
#8215 = LINE ( 'NONE', #2954, #3861 ) ;
#8216 = DIRECTION ( 'NONE',  ( 1.000000000000000000, 0.000000000000000000, 7.885106708985485090E-16 ) ) ;
#8217 = EDGE_CURVE ( 'NONE', #3613, #4520, #8856, .T. ) ;
#8218 = FILL_AREA_STYLE_COLOUR ( '', #4348 ) ;
#8219 = DIRECTION ( 'NONE',  ( -1.000000000000000000, 0.000000000000000000, 0.000000000000000000 ) ) ;
#8220 = CARTESIAN_POINT ( 'NONE',  ( -0.7499999999999997780, 0.2000000000000000111, -2.225000000000000533 ) ) ;
#8221 = AXIS2_PLACEMENT_3D ( 'NONE', #5548, #1302, #6502 ) ;
#8222 = CARTESIAN_POINT ( 'NONE',  ( -1.875000000000000000, 0.000000000000000000, 2.500000000000000444 ) ) ;
#8223 = ORIENTED_EDGE ( 'NONE', *, *, #8248, .F. ) ;
#8224 = CARTESIAN_POINT ( 'NONE',  ( 1.625000000000000444, 0.04999999999999999584, -2.225000000000000533 ) ) ;
#8225 = DIRECTION ( 'NONE',  ( -0.000000000000000000, 0.000000000000000000, 1.000000000000000000 ) ) ;
#8226 = ORIENTED_EDGE ( 'NONE', *, *, #3896, .F. ) ;
#8227 = ORIENTED_EDGE ( 'NONE', *, *, #8439, .F. ) ;
#8228 = DIRECTION ( 'NONE',  ( -0.000000000000000000, -1.000000000000000000, 0.000000000000000000 ) ) ;
#8229 = EDGE_LOOP ( 'NONE', ( #6087, #501, #10636, #5865 ) ) ;
#8230 = DIRECTION ( 'NONE',  ( 0.000000000000000000, 0.000000000000000000, -1.000000000000000000 ) ) ;
#8231 = ADVANCED_FACE ( 'NONE', ( #10592 ), #2855, .T. ) ;
#8232 = EDGE_CURVE ( 'NONE', #4296, #3893, #5448, .T. ) ;
#8233 = LINE ( 'NONE', #6535, #5586 ) ;
#8234 = SURFACE_SIDE_STYLE ('',( #7386 ) ) ;
#8235 = LINE ( 'NONE', #7157, #9214 ) ;
#8236 = DIRECTION ( 'NONE',  ( 0.000000000000000000, -1.000000000000000000, 0.000000000000000000 ) ) ;
#8237 = ORIENTED_EDGE ( 'NONE', *, *, #5164, .T. ) ;
#8238 = CARTESIAN_POINT ( 'NONE',  ( 2.500000000000000444, 0.1999999999999999833, 0.6250000000000009992 ) ) ;
#8239 = LINE ( 'NONE', #6541, #6892 ) ;
#8240 = VERTEX_POINT ( 'NONE', #2918 ) ;
#8241 = CARTESIAN_POINT ( 'NONE',  ( 5.913830031739144928E-15, 0.05000000000000000278, -1.875000000000006883 ) ) ;
#8242 = EDGE_LOOP ( 'NONE', ( #2697, #8204, #1045, #10889 ) ) ;
#8243 = ORIENTED_EDGE ( 'NONE', *, *, #2055, .F. ) ;
#8244 = CARTESIAN_POINT ( 'NONE',  ( -0.3749999999999998890, 0.2000000000000000111, -2.500000000000000444 ) ) ;
#8245 = ORIENTED_EDGE ( 'NONE', *, *, #369, .F. ) ;
#8246 = VERTEX_POINT ( 'NONE', #8966 ) ;
#8248 = EDGE_CURVE ( 'NONE', #4584, #3553, #1832, .T. ) ;
#8247 = LINE ( 'NONE', #687, #5775 ) ;
#8249 = CARTESIAN_POINT ( 'NONE',  ( 2.500000000000000444, 0.6716990566028304688, -0.8749999999999990008 ) ) ;
#8250 = VECTOR ( 'NONE', #7894, 1000.000000000000000 ) ;
#8251 = EDGE_CURVE ( 'NONE', #10640, #3852, #10878, .T. ) ;
#8252 = LINE ( 'NONE', #7407, #597 ) ;
#8253 = FACE_OUTER_BOUND ( 'NONE', #10595, .T. ) ;
#8254 = ORIENTED_EDGE ( 'NONE', *, *, #1927, .F. ) ;
#8255 = DIRECTION ( 'NONE',  ( 0.000000000000000000, 0.000000000000000000, -1.000000000000000000 ) ) ;
#8256 = DIRECTION ( 'NONE',  ( -0.000000000000000000, -1.000000000000000000, -0.000000000000000000 ) ) ;
#8257 = EDGE_CURVE ( 'NONE', #6545, #5904, #3201, .T. ) ;
#8258 = CARTESIAN_POINT ( 'NONE',  ( 2.225000000000000977, 0.05000000000000002359, 1.875000000000000666 ) ) ;
#8259 = ADVANCED_FACE ( 'NONE', ( #3151 ), #5018, .F. ) ;
#8260 = CARTESIAN_POINT ( 'NONE',  ( 1.374999999999999778, 0.1999999999999999833, 2.225000000000000533 ) ) ;
#8261 = ORIENTED_EDGE ( 'NONE', *, *, #7824, .F. ) ;
#8262 = ORIENTED_EDGE ( 'NONE', *, *, #4293, .F. ) ;
#8263 = CARTESIAN_POINT ( 'NONE',  ( -2.500000000000000888, 0.6716990566028304688, 1.875000000000000888 ) ) ;
#8264 = LINE ( 'NONE', #3007, #8377 ) ;
#8265 = CIRCLE ( 'NONE', #4477, 0.1250000000000001110 ) ;
#8266 = AXIS2_PLACEMENT_3D ( 'NONE', #3516, #1821, #5377 ) ;
#8267 = CARTESIAN_POINT ( 'NONE',  ( -2.225000000000000977, 0.6716990566028304688, 1.625000000000000666 ) ) ;
#8268 = CARTESIAN_POINT ( 'NONE',  ( -0.3749999999999996669, 0.6716990566028303578, -2.225000000000000533 ) ) ;
#8269 = CARTESIAN_POINT ( 'NONE',  ( -1.675000000000000711, 0.000000000000000000, 1.725000000000000311 ) ) ;
#8270 = FACE_OUTER_BOUND ( 'NONE', #2192, .T. ) ;
#8271 = VERTEX_POINT ( 'NONE', #10930 ) ;
#8272 = DIRECTION ( 'NONE',  ( -1.000000000000000000, 0.000000000000000000, -3.154042683594198769E-15 ) ) ;
#8273 = PLANE ( 'NONE',  #10591 ) ;
#8274 = EDGE_CURVE ( 'NONE', #3978, #4630, #10818, .T. ) ;
#8275 = ORIENTED_EDGE ( 'NONE', *, *, #27, .F. ) ;
#8276 = ORIENTED_EDGE ( 'NONE', *, *, #7713, .F. ) ;
#8277 = CARTESIAN_POINT ( 'NONE',  ( -2.225000000000000977, 0.000000000000000000, 1.375000000000000666 ) ) ;
#8278 = CARTESIAN_POINT ( 'NONE',  ( -1.375000000000000000, 0.2000000000000000111, -2.500000000000000444 ) ) ;
#8279 = DIRECTION ( 'NONE',  ( 0.000000000000000000, 0.000000000000000000, 1.000000000000000000 ) ) ;
#8280 = DIRECTION ( 'NONE',  ( 0.000000000000000000, 0.000000000000000000, -1.000000000000000000 ) ) ;
#8281 = ORIENTED_EDGE ( 'NONE', *, *, #8467, .T. ) ;
#8282 = CARTESIAN_POINT ( 'NONE',  ( -2.225000000000000977, 0.000000000000000000, -1.624999999999999556 ) ) ;
#8283 = VECTOR ( 'NONE', #10774, 1000.000000000000000 ) ;
#8284 = EDGE_CURVE ( 'NONE', #6710, #7689, #5752, .T. ) ;
#8285 = VECTOR ( 'NONE', #1205, 1000.000000000000000 ) ;
#8286 = EDGE_CURVE ( 'NONE', #7881, #5721, #4905, .T. ) ;
#8287 = CARTESIAN_POINT ( 'NONE',  ( -1.749999999999999778, 0.000000000000000000, -2.225000000000000533 ) ) ;
#8288 = ORIENTED_EDGE ( 'NONE', *, *, #9547, .T. ) ;
#8289 = ADVANCED_FACE ( 'NONE', ( #1339 ), #2245, .F. ) ;
#8290 = DIRECTION ( 'NONE',  ( -6.472848790958234544E-17, 0.000000000000000000, -1.000000000000000000 ) ) ;
#8291 = ORIENTED_EDGE ( 'NONE', *, *, #7068, .T. ) ;
#8292 = ORIENTED_EDGE ( 'NONE', *, *, #1006, .T. ) ;
#8293 = CARTESIAN_POINT ( 'NONE',  ( -2.500000000000000888, 0.000000000000000000, -1.124999999999999334 ) ) ;
#8294 = STYLED_ITEM ( 'NONE', ( #459 ), #7332 ) ;
#8295 = ORIENTED_EDGE ( 'NONE', *, *, #3968, .T. ) ;
#8296 = VECTOR ( 'NONE', #3738, 1000.000000000000000 ) ;
#8297 = ORIENTED_EDGE ( 'NONE', *, *, #4726, .T. ) ;
#8298 = CARTESIAN_POINT ( 'NONE',  ( -2.500000000000000888, 0.000000000000000000, 0.8750000000000007772 ) ) ;
#8299 = DIRECTION ( 'NONE',  ( 1.000000000000000000, 0.000000000000000000, 0.000000000000000000 ) ) ;
#8300 = DIRECTION ( 'NONE',  ( 0.000000000000000000, 0.000000000000000000, 1.000000000000000000 ) ) ;
#8301 = LINE ( 'NONE', #4755, #5821 ) ;
#8302 = ORIENTED_EDGE ( 'NONE', *, *, #1975, .T. ) ;
#8303 = ADVANCED_FACE ( 'NONE', ( #2294 ), #674, .F. ) ;
#8304 =( NAMED_UNIT ( * ) PLANE_ANGLE_UNIT ( ) SI_UNIT ( $, .RADIAN. ) );
#8305 = DIRECTION ( 'NONE',  ( 0.000000000000000000, 1.000000000000000000, 0.000000000000000000 ) ) ;
#8306 = STYLED_ITEM ( 'NONE', ( #7537 ), #7614 ) ;
#8307 = AXIS2_PLACEMENT_3D ( 'NONE', #3088, #9970, #672 ) ;
#8308 = DIRECTION ( 'NONE',  ( -1.000000000000000000, 0.000000000000000000, 8.673617379884035472E-17 ) ) ;
#8309 = EDGE_LOOP ( 'NONE', ( #2303, #5726, #8579, #7929 ) ) ;
#8310 = EDGE_LOOP ( 'NONE', ( #3831, #8833, #10593, #5869 ) ) ;
#8311 = LINE ( 'NONE', #10001, #430 ) ;
#8312 = DIRECTION ( 'NONE',  ( -0.000000000000000000, -1.000000000000000000, -0.000000000000000000 ) ) ;
#8313 = AXIS2_PLACEMENT_3D ( 'NONE', #3824, #5411, #2801 ) ;
#8314 = AXIS2_PLACEMENT_3D ( 'NONE', #3531, #6976, #11105 ) ;
#8315 = FACE_OUTER_BOUND ( 'NONE', #8071, .T. ) ;
#8316 = ORIENTED_EDGE ( 'NONE', *, *, #1597, .T. ) ;
#8317 = ORIENTED_EDGE ( 'NONE', *, *, #888, .T. ) ;
#8318 = DIRECTION ( 'NONE',  ( 0.000000000000000000, -0.000000000000000000, 1.000000000000000000 ) ) ;
#8319 = LINE ( 'NONE', #599, #7835 ) ;
#8320 = EDGE_CURVE ( 'NONE', #5933, #3447, #5700, .T. ) ;
#8321 = AXIS2_PLACEMENT_3D ( 'NONE', #955, #1691, #7795 ) ;
#8322 = ORIENTED_EDGE ( 'NONE', *, *, #3986, .T. ) ;
#8323 = VECTOR ( 'NONE', #6534, 1000.000000000000000 ) ;
#8324 = EDGE_CURVE ( 'NONE', #2860, #10115, #2719, .T. ) ;
#8325 = ADVANCED_FACE ( 'NONE', ( #6644 ), #2351, .T. ) ;
#8326 = DIRECTION ( 'NONE',  ( -0.000000000000000000, -1.000000000000000000, -0.000000000000000000 ) ) ;
#8327 = DIRECTION ( 'NONE',  ( 0.000000000000000000, 0.000000000000000000, 1.000000000000000000 ) ) ;
#8328 = PLANE ( 'NONE',  #2704 ) ;
#8329 = VECTOR ( 'NONE', #3480, 1000.000000000000000 ) ;
#8330 = CARTESIAN_POINT ( 'NONE',  ( 1.724999999999999645, 0.04999999999999969746, -1.674999999999999600 ) ) ;
#8331 = EDGE_CURVE ( 'NONE', #9981, #2263, #3090, .T. ) ;
#8332 = CARTESIAN_POINT ( 'NONE',  ( 1.625000000000000222, 0.04999999999999969746, 2.500000000000000444 ) ) ;
#8333 = CARTESIAN_POINT ( 'NONE',  ( 1.674999999999999822, 5.079036790187180017, -1.724999999999999423 ) ) ;
#8334 = CARTESIAN_POINT ( 'NONE',  ( -1.950000000000000844, 0.8000000000000000444, -1.699999999999999512 ) ) ;
#8335 = STYLED_ITEM ( 'NONE', ( #5249 ), #11034 ) ;
#8337 = EDGE_CURVE ( 'NONE', #8561, #2939, #9300, .T. ) ;
#8336 = VERTEX_POINT ( 'NONE', #5805 ) ;
#8338 = AXIS2_PLACEMENT_3D ( 'NONE', #9993, #10042, #2938 ) ;
#8339 = CARTESIAN_POINT ( 'NONE',  ( -2.225000000000000977, 0.05000000000000002359, 1.125000000000000666 ) ) ;
#8340 = LINE ( 'NONE', #10926, #10980 ) ;
#8341 = SURFACE_SIDE_STYLE ('',( #3199 ) ) ;
#8342 = LINE ( 'NONE', #4100, #1450 ) ;
#8343 = CARTESIAN_POINT ( 'NONE',  ( 2.500000000000000444, 0.1999999999999999833, 0.1250000000000009714 ) ) ;
#8344 = EDGE_CURVE ( 'NONE', #7889, #207, #6537, .T. ) ;
#8345 = ORIENTED_EDGE ( 'NONE', *, *, #3549, .T. ) ;
#8346 = VECTOR ( 'NONE', #1735, 1000.000000000000000 ) ;
#8347 =( NAMED_UNIT ( * ) PLANE_ANGLE_UNIT ( ) SI_UNIT ( $, .RADIAN. ) );
#8348 = VECTOR ( 'NONE', #1438, 1000.000000000000000 ) ;
#8349 = LINE ( 'NONE', #5078, #2920 ) ;
#8350 = PRESENTATION_LAYER_ASSIGNMENT (  '', '', ( #3243 ) ) ;
#8351 = ORIENTED_EDGE ( 'NONE', *, *, #9387, .T. ) ;
#8352 = CARTESIAN_POINT ( 'NONE',  ( 2.225000000000000977, 0.6716990566028304688, -1.749999999999999334 ) ) ;
#8353 = ORIENTED_EDGE ( 'NONE', *, *, #5747, .F. ) ;
#8354 = ORIENTED_EDGE ( 'NONE', *, *, #8440, .F. ) ;
#8355 = LINE ( 'NONE', #627, #1929 ) ;
#8356 = ORIENTED_EDGE ( 'NONE', *, *, #265, .T. ) ;
#8357 = COLOUR_RGB ( '',0.7921568627450980005, 0.8196078431372548767, 0.9333333333333333481 ) ;
#8358 = CARTESIAN_POINT ( 'NONE',  ( -1.125000000000000222, 0.000000000000000000, -2.225000000000000533 ) ) ;
#8359 = VECTOR ( 'NONE', #3509, 1000.000000000000000 ) ;
#8360 = VERTEX_POINT ( 'NONE', #4847 ) ;
#8361 = ORIENTED_EDGE ( 'NONE', *, *, #7729, .F. ) ;
#8362 = DIRECTION ( 'NONE',  ( 0.000000000000000000, -1.000000000000000000, 0.000000000000000000 ) ) ;
#8363 = CARTESIAN_POINT ( 'NONE',  ( -1.625000000000000222, 0.2000000000000000111, 2.225000000000000533 ) ) ;
#8364 = EDGE_CURVE ( 'NONE', #7936, #853, #3991, .T. ) ;
#8365 = LINE ( 'NONE', #2426, #9055 ) ;
#8366 = DIRECTION ( 'NONE',  ( 0.000000000000000000, 0.000000000000000000, -1.000000000000000000 ) ) ;
#8367 = ORIENTED_EDGE ( 'NONE', *, *, #6203, .F. ) ;
#8368 = COLOUR_RGB ( '',0.7921568627450980005, 0.8196078431372548767, 0.9333333333333333481 ) ;
#8369 = CARTESIAN_POINT ( 'NONE',  ( -1.250000000000000222, 0.000000000000000000, 2.225000000000000533 ) ) ;
#8370 = CARTESIAN_POINT ( 'NONE',  ( 2.500000000000000888, 0.6716990566028304688, -1.624999999999999334 ) ) ;
#8371 = ORIENTED_EDGE ( 'NONE', *, *, #6287, .F. ) ;
#8372 = ORIENTED_EDGE ( 'NONE', *, *, #6508, .T. ) ;
#8373 = LINE ( 'NONE', #7525, #2935 ) ;
#8374 = DIRECTION ( 'NONE',  ( 1.000000000000000000, -0.000000000000000000, 7.885106708985485090E-16 ) ) ;
#8375 = EDGE_CURVE ( 'NONE', #5813, #2378, #2409, .T. ) ;
#8376 = ORIENTED_EDGE ( 'NONE', *, *, #6300, .T. ) ;
#8377 = VECTOR ( 'NONE', #3914, 1000.000000000000000 ) ;
#8378 = EDGE_CURVE ( 'NONE', #5236, #521, #6481, .T. ) ;
#8379 = LINE ( 'NONE', #10052, #10989 ) ;
#8380 = ORIENTED_EDGE ( 'NONE', *, *, #5164, .F. ) ;
#8381 = CARTESIAN_POINT ( 'NONE',  ( -1.950000000000000844, 0.7500000000000000000, -1.950000000000000400 ) ) ;
#8382 = ORIENTED_EDGE ( 'NONE', *, *, #6851, .F. ) ;
#8383 = CARTESIAN_POINT ( 'NONE',  ( 0.1250000000000001110, 0.2000000000000000111, -2.500000000000000444 ) ) ;
#8384 = DIRECTION ( 'NONE',  ( 8.673617379884035472E-17, -0.000000000000000000, 1.000000000000000000 ) ) ;
#8385 = DIRECTION ( 'NONE',  ( 0.000000000000000000, 0.000000000000000000, -1.000000000000000000 ) ) ;
#8386 = AXIS2_PLACEMENT_3D ( 'NONE', #1123, #123, #1065 ) ;
#8387 = VECTOR ( 'NONE', #9996, 1000.000000000000000 ) ;
#8388 = LINE ( 'NONE', #8441, #3054 ) ;
#8389 = DIRECTION ( 'NONE',  ( -1.000000000000000000, 0.000000000000000000, 7.885106708985485090E-16 ) ) ;
#8390 = ADVANCED_FACE ( 'NONE', ( #8511 ), #6809, .F. ) ;
#8391 = EDGE_CURVE ( 'NONE', #10858, #2263, #9347, .T. ) ;
#8392 = LINE ( 'NONE', #2231, #51 ) ;
#8393 = EDGE_CURVE ( 'NONE', #5241, #2175, #8567, .T. ) ;
#8394 = DIRECTION ( 'NONE',  ( 0.000000000000000000, 0.000000000000000000, -1.000000000000000000 ) ) ;
#8395 = DIRECTION ( 'NONE',  ( 0.000000000000000000, -1.000000000000000000, 0.000000000000000000 ) ) ;
#8396 = CLOSED_SHELL ( 'NONE', ( #3935, #9451, #607, #3671, #6974, #2690 ) ) ;
#8397 = CARTESIAN_POINT ( 'NONE',  ( 0.3749999999999998890, 0.6716990566028303578, 2.500000000000000444 ) ) ;
#8398 = ORIENTED_EDGE ( 'NONE', *, *, #3895, .F. ) ;
#8399 = DIRECTION ( 'NONE',  ( 1.000000000000000000, 0.000000000000000000, -3.154042683594199163E-15 ) ) ;
#8400 = EDGE_CURVE ( 'NONE', #5157, #4615, #5292, .T. ) ;
#8401 = FACE_OUTER_BOUND ( 'NONE', #5523, .T. ) ;
#8402 = CARTESIAN_POINT ( 'NONE',  ( -0.1250000000000003331, 0.6716990566028303578, 2.225000000000000533 ) ) ;
#8404 = EDGE_CURVE ( 'NONE', #9378, #8422, #3808, .T. ) ;
#8403 = CARTESIAN_POINT ( 'NONE',  ( -0.8749999999999998890, 0.04999999999999969746, 2.500000000000000444 ) ) ;
#8405 =( GEOMETRIC_REPRESENTATION_CONTEXT ( 3 ) GLOBAL_UNCERTAINTY_ASSIGNED_CONTEXT ( ( #3781 ) ) GLOBAL_UNIT_ASSIGNED_CONTEXT ( ( #5760, #6546, #9202 ) ) REPRESENTATION_CONTEXT ( 'NONE', 'WORKASPACE' ) );
#8406 = DIRECTION ( 'NONE',  ( -0.000000000000000000, 0.000000000000000000, -1.000000000000000000 ) ) ;
#8407 = ORIENTED_EDGE ( 'NONE', *, *, #8626, .F. ) ;
#8408 = ADVANCED_FACE ( 'NONE', ( #5910 ), #1783, .T. ) ;
#8409 = DIRECTION ( 'NONE',  ( -1.000000000000000000, 0.000000000000000000, -3.154042683594198769E-15 ) ) ;
#8410 = VERTEX_POINT ( 'NONE', #54 ) ;
#8411 = DIRECTION ( 'NONE',  ( -0.000000000000000000, -1.000000000000000000, 0.000000000000000000 ) ) ;
#8412 = VERTEX_POINT ( 'NONE', #2512 ) ;
#8413 = ORIENTED_EDGE ( 'NONE', *, *, #328, .F. ) ;
#8414 = CARTESIAN_POINT ( 'NONE',  ( 1.724999999999999645, 5.079036790187180017, -1.674999999999999600 ) ) ;
#8415 = DIRECTION ( 'NONE',  ( 0.000000000000000000, 0.000000000000000000, 1.000000000000000000 ) ) ;
#8416 = ORIENTED_EDGE ( 'NONE', *, *, #10414, .F. ) ;
#8417 = ORIENTED_EDGE ( 'NONE', *, *, #300, .T. ) ;
#8418 = CARTESIAN_POINT ( 'NONE',  ( -1.250000000000000222, 0.000000000000000000, 2.225000000000000533 ) ) ;
#8419 = CARTESIAN_POINT ( 'NONE',  ( -0.8749999999999998890, 0.1999999999999999833, -2.500000000000000444 ) ) ;
#8420 = FACE_OUTER_BOUND ( 'NONE', #9818, .T. ) ;
#8421 = CARTESIAN_POINT ( 'NONE',  ( 2.500000000000000444, 0.6716990566028304688, -1.874999999999999112 ) ) ;
#8422 = VERTEX_POINT ( 'NONE', #5968 ) ;
#8423 = DIRECTION ( 'NONE',  ( 1.734723475976808475E-15, 0.000000000000000000, 1.000000000000000000 ) ) ;
#8424 = LINE ( 'NONE', #5930, #9284 ) ;
#8425 = FACE_OUTER_BOUND ( 'NONE', #7785, .T. ) ;
#8426 = ORIENTED_EDGE ( 'NONE', *, *, #4981, .F. ) ;
#8427 = ORIENTED_EDGE ( 'NONE', *, *, #4157, .F. ) ;
#8428 = LINE ( 'NONE', #4019, #6672 ) ;
#8429 = EDGE_CURVE ( 'NONE', #9531, #2715, #7888, .T. ) ;
#8430 = PLANE ( 'NONE',  #1420 ) ;
#8431 = ORIENTED_EDGE ( 'NONE', *, *, #11041, .T. ) ;
#8432 = LINE ( 'NONE', #2487, #3068 ) ;
#8433 = LINE ( 'NONE', #6842, #5563 ) ;
#8434 = ORIENTED_EDGE ( 'NONE', *, *, #8467, .F. ) ;
#8435 = ORIENTED_EDGE ( 'NONE', *, *, #7607, .F. ) ;
#8436 = FACE_OUTER_BOUND ( 'NONE', #6136, .T. ) ;
#8437 = CARTESIAN_POINT ( 'NONE',  ( 0.6250000000000003331, 0.000000000000000000, -2.225000000000000533 ) ) ;
#8438 = ADVANCED_FACE ( 'NONE', ( #5075 ), #10241, .T. ) ;
#8439 = EDGE_CURVE ( 'NONE', #8422, #11021, #1678, .T. ) ;
#8440 = EDGE_CURVE ( 'NONE', #4154, #8910, #9570, .T. ) ;
#8441 = CARTESIAN_POINT ( 'NONE',  ( 1.724999999999999645, 0.05000000000000000278, -1.116566416440295262E-16 ) ) ;
#8442 = LINE ( 'NONE', #1549, #7225 ) ;
#8443 = DIRECTION ( 'NONE',  ( -0.000000000000000000, -1.000000000000000000, -0.000000000000000000 ) ) ;
#8444 = DIRECTION ( 'NONE',  ( -0.000000000000000000, 0.000000000000000000, -1.000000000000000000 ) ) ;
#8445 = DIRECTION ( 'NONE',  ( -1.000000000000000000, 0.000000000000000000, -0.000000000000000000 ) ) ;
#8446 = VECTOR ( 'NONE', #3616, 1000.000000000000000 ) ;
#8447 = EDGE_CURVE ( 'NONE', #11124, #1734, #2628, .T. ) ;
#8448 = FACE_OUTER_BOUND ( 'NONE', #4741, .T. ) ;
#8449 = VECTOR ( 'NONE', #5328, 1000.000000000000000 ) ;
#8450 = ORIENTED_EDGE ( 'NONE', *, *, #3632, .T. ) ;
#8451 =( NAMED_UNIT ( * ) PLANE_ANGLE_UNIT ( ) SI_UNIT ( $, .RADIAN. ) );
#8452 = LINE ( 'NONE', #6755, #3241 ) ;
#8453 = VECTOR ( 'NONE', #6492, 1000.000000000000000 ) ;
#8454 = LINE ( 'NONE', #6864, #5237 ) ;
#8455 = CARTESIAN_POINT ( 'NONE',  ( 1.249999999999999778, 0.2000000000000000111, 2.225000000000000533 ) ) ;
#8456 = CARTESIAN_POINT ( 'NONE',  ( 2.225000000000000977, 0.6716990566028304688, 1.625000000000000666 ) ) ;
#8457 = ORIENTED_EDGE ( 'NONE', *, *, #5781, .T. ) ;
#8458 = CARTESIAN_POINT ( 'NONE',  ( -1.375000000000000888, 0.05000000000000002359, -1.724999999999999867 ) ) ;
#8459 = ORIENTED_EDGE ( 'NONE', *, *, #5543, .F. ) ;
#8460 = VECTOR ( 'NONE', #2799, 1000.000000000000000 ) ;
#8461 = EDGE_CURVE ( 'NONE', #2263, #2057, #1841, .T. ) ;
#8462 = LINE ( 'NONE', #6814, #6584 ) ;
#8463 = ORIENTED_EDGE ( 'NONE', *, *, #6146, .F. ) ;
#8464 = ORIENTED_EDGE ( 'NONE', *, *, #6116, .T. ) ;
#8465 = DIRECTION ( 'NONE',  ( 0.000000000000000000, 1.000000000000000000, -0.000000000000000000 ) ) ;
#8466 = EDGE_LOOP ( 'NONE', ( #11084, #8367, #4486, #9904, #8128 ) ) ;
#8467 = EDGE_CURVE ( 'NONE', #10790, #4447, #7679, .T. ) ;
#8468 = DIRECTION ( 'NONE',  ( 0.000000000000000000, 1.000000000000000000, -0.000000000000000000 ) ) ;
#8469 = ORIENTED_EDGE ( 'NONE', *, *, #4463, .T. ) ;
#8470 = DIRECTION ( 'NONE',  ( -0.000000000000000000, -1.000000000000000000, -0.000000000000000000 ) ) ;
#8471 = CARTESIAN_POINT ( 'NONE',  ( 2.225000000000000977, 0.1999999999999999833, 0.6250000000000005551 ) ) ;
#8472 = AXIS2_PLACEMENT_3D ( 'NONE', #5392, #2835, #1097 ) ;
#8473 = CYLINDRICAL_SURFACE ( 'NONE', #1664, 0.1250000000000001110 ) ;
#8474 = CARTESIAN_POINT ( 'NONE',  ( -0.2500000000000002220, 0.000000000000000000, 2.225000000000000533 ) ) ;
#8475 = ORIENTED_EDGE ( 'NONE', *, *, #782, .T. ) ;
#8476 = FACE_OUTER_BOUND ( 'NONE', #3841, .T. ) ;
#8477 = DIRECTION ( 'NONE',  ( 0.000000000000000000, -0.000000000000000000, -1.000000000000000000 ) ) ;
#8478 = LINE ( 'NONE', #3386, #3496 ) ;
#8479 = ORIENTED_EDGE ( 'NONE', *, *, #1714, .T. ) ;
#8480 = ORIENTED_EDGE ( 'NONE', *, *, #8967, .T. ) ;
#8481 = CARTESIAN_POINT ( 'NONE',  ( 4.336808689942045346E-15, 0.05000000000000000278, -1.375000000000006883 ) ) ;
#8482 = CIRCLE ( 'NONE', #5953, 0.1250000000000002220 ) ;
#8483 = FACE_OUTER_BOUND ( 'NONE', #4337, .T. ) ;
#8484 = VECTOR ( 'NONE', #3370, 1000.000000000000000 ) ;
#8485 = ORIENTED_EDGE ( 'NONE', *, *, #1063, .F. ) ;
#8486 = ORIENTED_EDGE ( 'NONE', *, *, #7317, .T. ) ;
#8487 = DIRECTION ( 'NONE',  ( 0.000000000000000000, -1.000000000000000000, 0.000000000000000000 ) ) ;
#8488 = PRESENTATION_LAYER_ASSIGNMENT (  '', '', ( #7768 ) ) ;
#8489 = DIRECTION ( 'NONE',  ( -0.000000000000000000, 0.000000000000000000, 1.000000000000000000 ) ) ;
#8490 = ORIENTED_EDGE ( 'NONE', *, *, #9682, .T. ) ;
#8491 = ADVANCED_FACE ( 'NONE', ( #3365 ), #6026, .T. ) ;
#8492 = ORIENTED_EDGE ( 'NONE', *, *, #2676, .F. ) ;
#8493 = VECTOR ( 'NONE', #2387, 1000.000000000000000 ) ;
#8494 = CARTESIAN_POINT ( 'NONE',  ( -1.750000000000000222, 0.2000000000000000111, 2.225000000000000533 ) ) ;
#8495 = LINE ( 'NONE', #766, #4417 ) ;
#8496 = PRESENTATION_LAYER_ASSIGNMENT (  '', '', ( #1996 ) ) ;
#8497 = AXIS2_PLACEMENT_3D ( 'NONE', #5132, #106, #7886 ) ;
#8498 = CARTESIAN_POINT ( 'NONE',  ( -2.225000000000000977, 0.1999999999999999833, -0.6249999999999994449 ) ) ;
#8499 = DIRECTION ( 'NONE',  ( 0.000000000000000000, -0.000000000000000000, 1.000000000000000000 ) ) ;
#8500 = CARTESIAN_POINT ( 'NONE',  ( -0.1250000000000001110, 0.000000000000000000, 2.225000000000000533 ) ) ;
#8501 = EDGE_CURVE ( 'NONE', #4600, #4584, #2191, .T. ) ;
#8502 = LINE ( 'NONE', #1830, #9963 ) ;
#8503 = LINE ( 'NONE', #5121, #6210 ) ;
#8504 = VECTOR ( 'NONE', #6091, 1000.000000000000000 ) ;
#8505 = VERTEX_POINT ( 'NONE', #4336 ) ;
#8506 = LINE ( 'NONE', #780, #9558 ) ;
#8507 = CARTESIAN_POINT ( 'NONE',  ( 1.625000000000000222, 0.1999999999999999833, -2.500000000000000444 ) ) ;
#8508 = ADVANCED_FACE ( 'NONE', ( #7784 ), #9512, .T. ) ;
#8509 = CARTESIAN_POINT ( 'NONE',  ( -2.500000000000000000, 8.671067811865475150, -2.500000000000000000 ) ) ;
#8510 = CARTESIAN_POINT ( 'NONE',  ( -1.874999999999999778, 0.04999999999999999584, -2.225000000000000533 ) ) ;
#8511 = FACE_OUTER_BOUND ( 'NONE', #7562, .T. ) ;
#8512 = VERTEX_POINT ( 'NONE', #2672 ) ;
#8513 = AXIS2_PLACEMENT_3D ( 'NONE', #2982, #6435, #2135 ) ;
#8514 = VECTOR ( 'NONE', #10896, 1000.000000000000000 ) ;
#8515 = CYLINDRICAL_SURFACE ( 'NONE', #5103, 0.1250000000000001110 ) ;
#8516 = AXIS2_PLACEMENT_3D ( 'NONE', #2282, #10014, #1552 ) ;
#8517 = ORIENTED_EDGE ( 'NONE', *, *, #9602, .F. ) ;
#8518 = DIRECTION ( 'NONE',  ( 0.000000000000000000, 0.000000000000000000, -1.000000000000000000 ) ) ;
#8519 = ORIENTED_EDGE ( 'NONE', *, *, #9640, .F. ) ;
#8520 = ORIENTED_EDGE ( 'NONE', *, *, #1606, .T. ) ;
#8521 = CARTESIAN_POINT ( 'NONE',  ( -2.225000000000000977, 0.000000000000000000, 1.375000000000000666 ) ) ;
#8522 = EDGE_LOOP ( 'NONE', ( #5541, #1132, #4412, #4385 ) ) ;
#8523 = DIRECTION ( 'NONE',  ( -3.154042683594199163E-15, 0.000000000000000000, 1.000000000000000000 ) ) ;
#8524 = VERTEX_POINT ( 'NONE', #9005 ) ;
#8525 = DIRECTION ( 'NONE',  ( 0.000000000000000000, 0.000000000000000000, -1.000000000000000000 ) ) ;
#8526 = VECTOR ( 'NONE', #10880, 1000.000000000000000 ) ;
#8527 = VECTOR ( 'NONE', #8789, 1000.000000000000000 ) ;
#8528 = DIRECTION ( 'NONE',  ( 0.000000000000000000, -1.000000000000000000, 0.000000000000000000 ) ) ;
#8529 = ADVANCED_FACE ( 'NONE', ( #2064 ), #7090, .T. ) ;
#8530 = LINE ( 'NONE', #10467, #4547 ) ;
#8531 = ORIENTED_EDGE ( 'NONE', *, *, #10514, .F. ) ;
#8532 = EDGE_CURVE ( 'NONE', #6710, #4481, #1101, .T. ) ;
#8533 = CARTESIAN_POINT ( 'NONE',  ( 1.750000000000000222, 0.6716990566028303578, -2.225000000000000533 ) ) ;
#8534 = LINE ( 'NONE', #20, #3142 ) ;
#8535 = ORIENTED_EDGE ( 'NONE', *, *, #6391, .F. ) ;
#8536 = ORIENTED_EDGE ( 'NONE', *, *, #5899, .T. ) ;
#8537 = AXIS2_PLACEMENT_3D ( 'NONE', #7669, #3356, #43 ) ;
#8538 = DIRECTION ( 'NONE',  ( -0.000000000000000000, -1.000000000000000000, -0.000000000000000000 ) ) ;
#8539 = CARTESIAN_POINT ( 'NONE',  ( 1.125000000000000222, 0.04999999999999969746, -2.500000000000000444 ) ) ;
#8540 = EDGE_LOOP ( 'NONE', ( #10648, #1581, #5654, #9350, #4364 ) ) ;
#8541 = EDGE_LOOP ( 'NONE', ( #10108, #4745, #6619, #7985, #8065 ) ) ;
#8542 = DIRECTION ( 'NONE',  ( 0.000000000000000000, -1.000000000000000000, 0.000000000000000000 ) ) ;
#8543 = VECTOR ( 'NONE', #448, 1000.000000000000000 ) ;
#8544 = PLANE ( 'NONE',  #9083 ) ;
#8545 = VECTOR ( 'NONE', #6057, 1000.000000000000000 ) ;
#8546 = LINE ( 'NONE', #6792, #6275 ) ;
#8547 = ORIENTED_EDGE ( 'NONE', *, *, #6007, .F. ) ;
#8548 = DIRECTION ( 'NONE',  ( 1.000000000000000000, 0.000000000000000000, -0.000000000000000000 ) ) ;
#8549 = CARTESIAN_POINT ( 'NONE',  ( 0.8749999999999998890, 0.6716990566028303578, 2.500000000000000444 ) ) ;
#8550 = DIRECTION ( 'NONE',  ( -0.000000000000000000, -1.000000000000000000, -0.000000000000000000 ) ) ;
#8551 = VECTOR ( 'NONE', #3790, 1000.000000000000000 ) ;
#8552 = VECTOR ( 'NONE', #8272, 1000.000000000000000 ) ;
#8553 = ADVANCED_FACE ( 'NONE', ( #1158 ), #8787, .T. ) ;
#8554 = DIRECTION ( 'NONE',  ( -3.154042683594199163E-15, 0.000000000000000000, 1.000000000000000000 ) ) ;
#8555 = SURFACE_SIDE_STYLE ('',( #11144 ) ) ;
#8556 = LINE ( 'NONE', #831, #7067 ) ;
#8557 = CIRCLE ( 'NONE', #268, 0.1250000000000002220 ) ;
#8558 = CARTESIAN_POINT ( 'NONE',  ( -1.750000000000000222, 0.2000000000000000111, 2.225000000000000533 ) ) ;
#8559 = CARTESIAN_POINT ( 'NONE',  ( -2.500000000000000444, 0.000000000000000000, 0.1250000000000009714 ) ) ;
#8560 = ORIENTED_EDGE ( 'NONE', *, *, #3423, .T. ) ;
#8561 = VERTEX_POINT ( 'NONE', #8902 ) ;
#8562 = PRESENTATION_STYLE_ASSIGNMENT (( #5125 ) ) ;
#8563 = EDGE_CURVE ( 'NONE', #521, #9183, #2115, .T. ) ;
#8564 = CARTESIAN_POINT ( 'NONE',  ( -2.500000000000000888, 0.6716990566028304688, 1.875000000000000888 ) ) ;
#8565 = FACE_OUTER_BOUND ( 'NONE', #4974, .T. ) ;
#8566 = CARTESIAN_POINT ( 'NONE',  ( -0.6250000000000001110, 0.6716990566028303578, -2.225000000000000533 ) ) ;
#8567 = LINE ( 'NONE', #1615, #9402 ) ;
#8568 = ORIENTED_EDGE ( 'NONE', *, *, #5682, .T. ) ;
#8569 = LINE ( 'NONE', #7891, #7630 ) ;
#8570 = ORIENTED_EDGE ( 'NONE', *, *, #7477, .T. ) ;
#8571 = EDGE_CURVE ( 'NONE', #5660, #6193, #1044, .T. ) ;
#8572 = EDGE_CURVE ( 'NONE', #6882, #5279, #2731, .T. ) ;
#8573 = DIRECTION ( 'NONE',  ( -1.000000000000000000, 0.000000000000000000, 0.000000000000000000 ) ) ;
#8574 = ORIENTED_EDGE ( 'NONE', *, *, #7611, .F. ) ;
#8575 = VERTEX_POINT ( 'NONE', #376 ) ;
#8576 = CARTESIAN_POINT ( 'NONE',  ( 2.500000000000000000, 0.05000000000000000278, -2.500000000000000444 ) ) ;
#8577 = ADVANCED_FACE ( 'NONE', ( #9730 ), #212, .T. ) ;
#8578 = CIRCLE ( 'NONE', #6590, 0.1250000000000001110 ) ;
#8579 = ORIENTED_EDGE ( 'NONE', *, *, #1200, .T. ) ;
#8580 = LINE ( 'NONE', #5190, #6114 ) ;
#8581 = UNCERTAINTY_MEASURE_WITH_UNIT (LENGTH_MEASURE( 1.000000000000000082E-05 ), #5091, 'distance_accuracy_value', 'NONE');
#8582 = CIRCLE ( 'NONE', #1179, 0.1250000000000001110 ) ;
#8583 = DIRECTION ( 'NONE',  ( 0.000000000000000000, 1.000000000000000000, 0.000000000000000000 ) ) ;
#8584 = CARTESIAN_POINT ( 'NONE',  ( 0.3749999999999998890, 0.2000000000000000111, -2.225000000000000533 ) ) ;
#8585 = ORIENTED_EDGE ( 'NONE', *, *, #1975, .F. ) ;
#8586 = SURFACE_STYLE_FILL_AREA ( #6939 ) ;
#8587 = EDGE_LOOP ( 'NONE', ( #2228, #6365, #5678, #2783 ) ) ;
#8588 = CARTESIAN_POINT ( 'NONE',  ( -2.500000000000000444, 0.000000000000000000, -0.8749999999999990008 ) ) ;
#8589 = EDGE_LOOP ( 'NONE', ( #2572, #9631, #6180, #2825 ) ) ;
#8590 = CARTESIAN_POINT ( 'NONE',  ( 0.1250000000000001110, 0.04999999999999999584, 2.225000000000000533 ) ) ;
#8591 = CARTESIAN_POINT ( 'NONE',  ( -1.750000000000000222, 0.6716990566028303578, 2.225000000000000533 ) ) ;
#8592 = ORIENTED_EDGE ( 'NONE', *, *, #1965, .T. ) ;
#8593 = ORIENTED_EDGE ( 'NONE', *, *, #7128, .F. ) ;
#8594 = ORIENTED_EDGE ( 'NONE', *, *, #7964, .F. ) ;
#8595 = EDGE_CURVE ( 'NONE', #1585, #4259, #4551, .T. ) ;
#8596 = LINE ( 'NONE', #9486, #710 ) ;
#8597 = ORIENTED_EDGE ( 'NONE', *, *, #2357, .F. ) ;
#8598 = ORIENTED_EDGE ( 'NONE', *, *, #730, .F. ) ;
#8599 = EDGE_CURVE ( 'NONE', #11015, #2119, #9842, .T. ) ;
#8600 = DIRECTION ( 'NONE',  ( -1.000000000000000000, 0.000000000000000000, -1.913297951445008115E-16 ) ) ;
#8601 = CARTESIAN_POINT ( 'NONE',  ( -0.2499999999999997780, 0.1999999999999999833, -2.225000000000000533 ) ) ;
#8602 = DIRECTION ( 'NONE',  ( 0.000000000000000000, 0.000000000000000000, 1.000000000000000000 ) ) ;
#8603 = VERTEX_POINT ( 'NONE', #2789 ) ;
#8604 = LINE ( 'NONE', #1925, #10732 ) ;
#8605 = DIRECTION ( 'NONE',  ( -0.000000000000000000, -1.000000000000000000, -0.000000000000000000 ) ) ;
#8606 = CARTESIAN_POINT ( 'NONE',  ( 0.6250000000000001110, 0.000000000000000000, 2.500000000000000444 ) ) ;
#8607 = EDGE_CURVE ( 'NONE', #1400, #2956, #271, .T. ) ;
#8608 = ADVANCED_FACE ( 'NONE', ( #10465 ), #6414, .T. ) ;
#8609 = FACE_OUTER_BOUND ( 'NONE', #5267, .T. ) ;
#8610 = EDGE_CURVE ( 'NONE', #9513, #4481, #1265, .T. ) ;
#8611 = DIRECTION ( 'NONE',  ( -0.000000000000000000, -1.000000000000000000, 0.000000000000000000 ) ) ;
#8612 = ORIENTED_EDGE ( 'NONE', *, *, #3544, .T. ) ;
#8613 = AXIS2_PLACEMENT_3D ( 'NONE', #8975, #9753, #6323 ) ;
#8614 = AXIS2_PLACEMENT_3D ( 'NONE', #795, #2470, #3487 ) ;
#8615 = DIRECTION ( 'NONE',  ( -0.000000000000000000, -1.000000000000000000, -0.000000000000000000 ) ) ;
#8616 = LINE ( 'NONE', #11099, #3135 ) ;
#8617 = VERTEX_POINT ( 'NONE', #7146 ) ;
#8618 = AXIS2_PLACEMENT_3D ( 'NONE', #5693, #10018, #5798 ) ;
#8619 = DIRECTION ( 'NONE',  ( 1.000000000000000000, 0.000000000000000000, -3.154042683594199163E-15 ) ) ;
#8620 = DIRECTION ( 'NONE',  ( 0.000000000000000000, -1.000000000000000000, 0.000000000000000000 ) ) ;
#8621 = FACE_OUTER_BOUND ( 'NONE', #9975, .T. ) ;
#8622 = DIRECTION ( 'NONE',  ( -1.000000000000000000, 0.000000000000000000, 0.000000000000000000 ) ) ;
#8623 = DIRECTION ( 'NONE',  ( 0.000000000000000000, -1.000000000000000000, 0.000000000000000000 ) ) ;
#8624 = VERTEX_POINT ( 'NONE', #2905 ) ;
#8625 = AXIS2_PLACEMENT_3D ( 'NONE', #6512, #10907, #2217 ) ;
#8626 = EDGE_CURVE ( 'NONE', #3747, #2933, #7030, .T. ) ;
#8627 = DIRECTION ( 'NONE',  ( 0.000000000000000000, 1.000000000000000000, 0.000000000000000000 ) ) ;
#8628 = CARTESIAN_POINT ( 'NONE',  ( -1.749999999999999778, 0.2000000000000000111, -2.225000000000000533 ) ) ;
#8629 = ORIENTED_EDGE ( 'NONE', *, *, #6277, .T. ) ;
#8630 = PRESENTATION_STYLE_ASSIGNMENT (( #5189 ) ) ;
#8631 = VECTOR ( 'NONE', #2542, 1000.000000000000000 ) ;
#8632 = DIRECTION ( 'NONE',  ( 0.000000000000000000, -1.000000000000000000, 0.000000000000000000 ) ) ;
#8633 = DIRECTION ( 'NONE',  ( -0.000000000000000000, -1.000000000000000000, -0.000000000000000000 ) ) ;
#8634 = FACE_OUTER_BOUND ( 'NONE', #7329, .T. ) ;
#8635 = EDGE_LOOP ( 'NONE', ( #6242, #908, #4937, #9699 ) ) ;
#8636 = FILL_AREA_STYLE_COLOUR ( '', #4379 ) ;
#8637 = EDGE_LOOP ( 'NONE', ( #7134, #3506, #3359, #3293 ) ) ;
#8638 = EDGE_CURVE ( 'NONE', #6501, #7740, #4902, .T. ) ;
#8639 = DIRECTION ( 'NONE',  ( 0.000000000000000000, 0.000000000000000000, 1.000000000000000000 ) ) ;
#8640 = AXIS2_PLACEMENT_3D ( 'NONE', #5715, #1517, #2365 ) ;
#8641 = CARTESIAN_POINT ( 'NONE',  ( 2.225000000000000977, 0.1999999999999999833, 1.625000000000000666 ) ) ;
#8642 = FACE_OUTER_BOUND ( 'NONE', #8808, .T. ) ;
#8643 = ORIENTED_EDGE ( 'NONE', *, *, #3626, .T. ) ;
#8644 = ORIENTED_EDGE ( 'NONE', *, *, #4137, .T. ) ;
#8645 = CARTESIAN_POINT ( 'NONE',  ( -2.225000000000000977, 0.6716990566028304688, -0.7499999999999993339 ) ) ;
#8646 = CARTESIAN_POINT ( 'NONE',  ( -1.750000000000000222, 0.2000000000000000111, 2.225000000000000533 ) ) ;
#8647 = VERTEX_POINT ( 'NONE', #10631 ) ;
#8648 = VECTOR ( 'NONE', #4605, 1000.000000000000000 ) ;
#8649 = ORIENTED_EDGE ( 'NONE', *, *, #7755, .F. ) ;
#8650 = CARTESIAN_POINT ( 'NONE',  ( -1.725000000000000533, 5.079036790187180017, -1.724999999999999867 ) ) ;
#8651 = EDGE_CURVE ( 'NONE', #7804, #9811, #6359, .T. ) ;
#8652 = EDGE_CURVE ( 'NONE', #8812, #8505, #9791, .T. ) ;
#8653 = CARTESIAN_POINT ( 'NONE',  ( -2.225000000000000977, 0.6716990566028304688, -1.624999999999999556 ) ) ;
#8654 = LINE ( 'NONE', #6058, #10054 ) ;
#8655 = ORIENTED_EDGE ( 'NONE', *, *, #8873, .F. ) ;
#8656 = LINE ( 'NONE', #1818, #5516 ) ;
#8657 = CARTESIAN_POINT ( 'NONE',  ( 2.225000000000000977, 0.05000000000000002359, 1.250000000000000666 ) ) ;
#8658 = DIRECTION ( 'NONE',  ( 0.000000000000000000, -1.000000000000000000, 0.000000000000000000 ) ) ;
#8659 = AXIS2_PLACEMENT_3D ( 'NONE', #3269, #9207, #6656 ) ;
#8660 = VECTOR ( 'NONE', #3973, 1000.000000000000000 ) ;
#8661 = FACE_OUTER_BOUND ( 'NONE', #1679, .T. ) ;
#8662 = VECTOR ( 'NONE', #5403, 1000.000000000000000 ) ;
#8663 = CARTESIAN_POINT ( 'NONE',  ( 1.125000000000000222, 0.05000000000000000278, 0.000000000000000000 ) ) ;
#8664 = MECHANICAL_DESIGN_GEOMETRIC_PRESENTATION_REPRESENTATION (  '', ( #9372 ), #5066 ) ;
#8665 = CIRCLE ( 'NONE', #1807, 0.1250000000000001110 ) ;
#8666 = DIRECTION ( 'NONE',  ( 0.000000000000000000, 0.000000000000000000, -1.000000000000000000 ) ) ;
#8667 = DIRECTION ( 'NONE',  ( 1.000000000000000000, 0.000000000000000000, -3.154042683594199163E-15 ) ) ;
#8668 = EDGE_LOOP ( 'NONE', ( #5556, #6733, #7060, #7379 ) ) ;
#8669 = APPLICATION_PROTOCOL_DEFINITION ( 'draft international standard', 'automotive_design', 1998, #9860 ) ;
#8671 = EDGE_CURVE ( 'NONE', #6713, #576, #1665, .T. ) ;
#8670 = PLANE ( 'NONE',  #7266 ) ;
#8672 = DIRECTION ( 'NONE',  ( -0.000000000000000000, -1.000000000000000000, -0.000000000000000000 ) ) ;
#8673 = EDGE_CURVE ( 'NONE', #4752, #6596, #2337, .T. ) ;
#8674 = PRESENTATION_LAYER_ASSIGNMENT (  '', '', ( #8306 ) ) ;
#8675 = VECTOR ( 'NONE', #4589, 1000.000000000000000 ) ;
#8676 = DIRECTION ( 'NONE',  ( -0.000000000000000000, -1.000000000000000000, -0.000000000000000000 ) ) ;
#8677 = CARTESIAN_POINT ( 'NONE',  ( 2.225000000000000977, 0.6716990566028304688, 1.125000000000000666 ) ) ;
#8678 = DIRECTION ( 'NONE',  ( 0.000000000000000000, -1.000000000000000000, 0.000000000000000000 ) ) ;
#8679 = AXIS2_PLACEMENT_3D ( 'NONE', #6261, #9741, #3028 ) ;
#8680 = CARTESIAN_POINT ( 'NONE',  ( 1.875000000000000000, 0.1999999999999999833, -2.500000000000000444 ) ) ;
#8681 = ORIENTED_EDGE ( 'NONE', *, *, #6299, .F. ) ;
#8682 = EDGE_CURVE ( 'NONE', #9541, #2367, #8154, .T. ) ;
#8683 = CARTESIAN_POINT ( 'NONE',  ( 1.875000000000000000, 0.6716990566028303578, -2.225000000000000533 ) ) ;
#8684 = DIRECTION ( 'NONE',  ( -3.154042683594199163E-15, 0.000000000000000000, 1.000000000000000000 ) ) ;
#8685 = VERTEX_POINT ( 'NONE', #8330 ) ;
#8686 = VECTOR ( 'NONE', #6868, 1000.000000000000000 ) ;
#8687 = LINE ( 'NONE', #7845, #2468 ) ;
#8688 = LINE ( 'NONE', #6934, #7748 ) ;
#8689 = EDGE_CURVE ( 'NONE', #10843, #3938, #10122, .T. ) ;
#8690 = CARTESIAN_POINT ( 'NONE',  ( -2.500000000000000888, 0.1999999999999999833, 1.375000000000000888 ) ) ;
#8691 = CARTESIAN_POINT ( 'NONE',  ( 2.225000000000000977, 0.6716990566028304688, -0.8749999999999994449 ) ) ;
#8692 = ORIENTED_EDGE ( 'NONE', *, *, #7534, .F. ) ;
#8693 = CIRCLE ( 'NONE', #412, 0.1250000000000001110 ) ;
#8694 = ORIENTED_EDGE ( 'NONE', *, *, #8320, .F. ) ;
#8695 = SURFACE_STYLE_FILL_AREA ( #1801 ) ;
#8696 = DIRECTION ( 'NONE',  ( 1.000000000000000000, -0.000000000000000000, -0.000000000000000000 ) ) ;
#8697 = CARTESIAN_POINT ( 'NONE',  ( 2.500000000000000444, 0.6716990566028304688, -1.374999999999999112 ) ) ;
#8698 = VERTEX_POINT ( 'NONE', #9287 ) ;
#8699 = ORIENTED_EDGE ( 'NONE', *, *, #10925, .T. ) ;
#8700 =( NAMED_UNIT ( * ) PLANE_ANGLE_UNIT ( ) SI_UNIT ( $, .RADIAN. ) );
#8701 = VECTOR ( 'NONE', #1960, 1000.000000000000000 ) ;
#8702 = CARTESIAN_POINT ( 'NONE',  ( -0.1250000000000001110, 0.2000000000000000111, -2.225000000000000533 ) ) ;
#8703 = VECTOR ( 'NONE', #5926, 1000.000000000000000 ) ;
#8704 = ADVANCED_FACE ( 'NONE', ( #3868 ), #1325, .F. ) ;
#8705 = VERTEX_POINT ( 'NONE', #6465 ) ;
#8706 = ORIENTED_EDGE ( 'NONE', *, *, #5396, .F. ) ;
#8707 = CARTESIAN_POINT ( 'NONE',  ( -1.125000000000000222, 0.1999999999999999833, -2.500000000000000444 ) ) ;
#8708 = LINE ( 'NONE', #8653, #4576 ) ;
#8709 = DIRECTION ( 'NONE',  ( 0.000000000000000000, -0.000000000000000000, 1.000000000000000000 ) ) ;
#8710 = VERTEX_POINT ( 'NONE', #5740 ) ;
#8711 = CARTESIAN_POINT ( 'NONE',  ( -2.225000000000000977, 0.000000000000000000, 0.2500000000000006661 ) ) ;
#8712 = LINE ( 'NONE', #135, #5836 ) ;
#8713 = AXIS2_PLACEMENT_3D ( 'NONE', #8558, #6071, #1774 ) ;
#8714 = FACE_OUTER_BOUND ( 'NONE', #5045, .T. ) ;
#8715 = ADVANCED_FACE ( 'NONE', ( #9177 ), #4832, .T. ) ;
#8716 = EDGE_CURVE ( 'NONE', #6667, #8182, #8392, .T. ) ;
#8717 = AXIS2_PLACEMENT_3D ( 'NONE', #8533, #810, #1700 ) ;
#8718 = CARTESIAN_POINT ( 'NONE',  ( -2.225000000000000977, 0.000000000000000000, 1.875000000000000666 ) ) ;
#8719 = AXIS2_PLACEMENT_3D ( 'NONE', #7295, #4632, #9039 ) ;
#8720 = CARTESIAN_POINT ( 'NONE',  ( 0.3749999999999998890, 0.1999999999999999833, -2.500000000000000444 ) ) ;
#8721 = LINE ( 'NONE', #3684, #11149 ) ;
#8722 = ORIENTED_EDGE ( 'NONE', *, *, #7023, .F. ) ;
#8723 = LINE ( 'NONE', #1668, #10674 ) ;
#8724 = CARTESIAN_POINT ( 'NONE',  ( 1.875000000000000000, 0.2000000000000000111, 2.500000000000000444 ) ) ;
#8725 = ORIENTED_EDGE ( 'NONE', *, *, #1111, .F. ) ;
#8726 = EDGE_LOOP ( 'NONE', ( #7578, #571, #3534, #9960 ) ) ;
#8727 = CARTESIAN_POINT ( 'NONE',  ( 0.3749999999999998890, 0.000000000000000000, -2.225000000000000533 ) ) ;
#8728 = EDGE_CURVE ( 'NONE', #2694, #7120, #5794, .T. ) ;
#8729 = EDGE_CURVE ( 'NONE', #10940, #10279, #7488, .T. ) ;
#8730 = CARTESIAN_POINT ( 'NONE',  ( -0.1250000000000001110, 0.2000000000000000111, -2.225000000000000533 ) ) ;
#8731 = VECTOR ( 'NONE', #8097, 1000.000000000000000 ) ;
#8732 = DIRECTION ( 'NONE',  ( 0.000000000000000000, 0.000000000000000000, -1.000000000000000000 ) ) ;
#8733 = DIRECTION ( 'NONE',  ( -0.000000000000000000, -1.000000000000000000, -0.000000000000000000 ) ) ;
#8734 = EDGE_CURVE ( 'NONE', #6667, #6514, #4091, .T. ) ;
#8735 = CARTESIAN_POINT ( 'NONE',  ( -0.7500000000000002220, 0.1999999999999999833, 2.225000000000000533 ) ) ;
#8736 = ORIENTED_EDGE ( 'NONE', *, *, #3331, .F. ) ;
#8737 = LINE ( 'NONE', #9365, #6172 ) ;
#8738 = LINE ( 'NONE', #5239, #10370 ) ;
#8739 = AXIS2_PLACEMENT_3D ( 'NONE', #8017, #1864, #962 ) ;
#8740 = VECTOR ( 'NONE', #10554, 1000.000000000000000 ) ;
#8741 = CARTESIAN_POINT ( 'NONE',  ( 2.500000000000000888, 0.6716990566028304688, 1.375000000000000888 ) ) ;
#8742 = VERTEX_POINT ( 'NONE', #5688 ) ;
#8743 = LINE ( 'NONE', #5242, #8250 ) ;
#8744 = ADVANCED_FACE ( 'NONE', ( #10919 ), #6524, .T. ) ;
#8745 = DIRECTION ( 'NONE',  ( -0.000000000000000000, -1.000000000000000000, -0.000000000000000000 ) ) ;
#8746 = CARTESIAN_POINT ( 'NONE',  ( -2.225000000000000977, 0.1999999999999999833, 1.375000000000000666 ) ) ;
#8747 = EDGE_CURVE ( 'NONE', #4866, #2895, #10864, .T. ) ;
#8748 = CARTESIAN_POINT ( 'NONE',  ( 1.750000000000000222, 0.2000000000000000111, -2.225000000000000533 ) ) ;
#8749 = EDGE_LOOP ( 'NONE', ( #1428, #3432, #8109, #4231 ) ) ;
#8750 = ORIENTED_EDGE ( 'NONE', *, *, #3018, .T. ) ;
#8751 = LINE ( 'NONE', #5362, #2761 ) ;
#8752 = VERTEX_POINT ( 'NONE', #3013 ) ;
#8753 = LINE ( 'NONE', #1862, #4735 ) ;
#8754 = VECTOR ( 'NONE', #922, 1000.000000000000000 ) ;
#8755 = DIRECTION ( 'NONE',  ( -3.154042683594199163E-15, 0.000000000000000000, 1.000000000000000000 ) ) ;
#8756 = VERTEX_POINT ( 'NONE', #10804 ) ;
#8757 = VERTEX_POINT ( 'NONE', #2172 ) ;
#8758 = AXIS2_PLACEMENT_3D ( 'NONE', #3095, #9749, #9980 ) ;
#8759 =( NAMED_UNIT ( * ) SI_UNIT ( $, .STERADIAN. ) SOLID_ANGLE_UNIT ( ) );
#8760 = DIRECTION ( 'NONE',  ( -1.000000000000000000, 0.000000000000000000, -7.885106708985485090E-16 ) ) ;
#8761 = ORIENTED_EDGE ( 'NONE', *, *, #8501, .T. ) ;
#8762 = EDGE_LOOP ( 'NONE', ( #2443, #9488, #10944, #9253 ) ) ;
#8763 = VECTOR ( 'NONE', #9801, 1000.000000000000000 ) ;
#8764 = DIRECTION ( 'NONE',  ( 0.000000000000000000, -1.000000000000000000, 0.000000000000000000 ) ) ;
#8765 = LINE ( 'NONE', #4472, #8446 ) ;
#8766 = ORIENTED_EDGE ( 'NONE', *, *, #2829, .F. ) ;
#8767 = LINE ( 'NONE', #244, #1726 ) ;
#8768 = LINE ( 'NONE', #1765, #5855 ) ;
#8769 = ADVANCED_FACE ( 'NONE', ( #5628 ), #9123, .T. ) ;
#8770 = DIRECTION ( 'NONE',  ( 0.000000000000000000, 0.000000000000000000, -1.000000000000000000 ) ) ;
#8771 = AXIS2_PLACEMENT_3D ( 'NONE', #3019, #3816, #8225 ) ;
#8772 = CARTESIAN_POINT ( 'NONE',  ( 1.875000000000000000, 0.000000000000000000, 2.500000000000000444 ) ) ;
#8773 = CARTESIAN_POINT ( 'NONE',  ( -1.750000000000000222, 0.2000000000000000111, 2.225000000000000533 ) ) ;
#8774 = VERTEX_POINT ( 'NONE', #8269 ) ;
#8775 = EDGE_CURVE ( 'NONE', #10210, #6059, #549, .T. ) ;
#8776 = ORIENTED_EDGE ( 'NONE', *, *, #9158, .F. ) ;
#8777 = EDGE_CURVE ( 'NONE', #8928, #5111, #4191, .T. ) ;
#8778 = CARTESIAN_POINT ( 'NONE',  ( -2.500000000000000000, 8.671067811865475150, 2.499999999999999556 ) ) ;
#8779 = DIRECTION ( 'NONE',  ( -0.000000000000000000, -1.000000000000000000, -0.000000000000000000 ) ) ;
#8780 = EDGE_CURVE ( 'NONE', #8094, #7812, #6689, .T. ) ;
#8781 = ORIENTED_EDGE ( 'NONE', *, *, #5126, .F. ) ;
#8782 = ORIENTED_EDGE ( 'NONE', *, *, #7035, .F. ) ;
#8783 = LINE ( 'NONE', #10570, #5387 ) ;
#8784 = CYLINDRICAL_SURFACE ( 'NONE', #3415, 0.1250000000000001110 ) ;
#8785 = CARTESIAN_POINT ( 'NONE',  ( -0.2500000000000002220, 0.1999999999999999833, 2.100000000000000089 ) ) ;
#8786 = CARTESIAN_POINT ( 'NONE',  ( 1.375000000000000000, 0.2000000000000000111, -2.500000000000000444 ) ) ;
#8787 = PLANE ( 'NONE',  #5627 ) ;
#8788 = VERTEX_POINT ( 'NONE', #4266 ) ;
#8789 = DIRECTION ( 'NONE',  ( 0.000000000000000000, -1.000000000000000000, 0.000000000000000000 ) ) ;
#8790 = EDGE_CURVE ( 'NONE', #4932, #4456, #9555, .T. ) ;
#8791 = DIRECTION ( 'NONE',  ( -1.000000000000000000, 0.000000000000000000, 0.000000000000000000 ) ) ;
#8792 = EDGE_LOOP ( 'NONE', ( #6705, #4596, #6238, #5565 ) ) ;
#8793 = CARTESIAN_POINT ( 'NONE',  ( 0.8749999999999998890, 0.05000000000000000278, 0.000000000000000000 ) ) ;
#8794 = ORIENTED_EDGE ( 'NONE', *, *, #10560, .F. ) ;
#8795 = SURFACE_STYLE_FILL_AREA ( #3709 ) ;
#8796 = DIRECTION ( 'NONE',  ( 0.000000000000000000, 0.000000000000000000, -1.000000000000000000 ) ) ;
#8797 = CARTESIAN_POINT ( 'NONE',  ( -2.500000000000000888, 0.000000000000000000, 1.375000000000000888 ) ) ;
#8798 = VECTOR ( 'NONE', #10977, 1000.000000000000000 ) ;
#8799 = CARTESIAN_POINT ( 'NONE',  ( -1.625000000000000222, 0.2000000000000000111, -2.225000000000000533 ) ) ;
#8800 = VERTEX_POINT ( 'NONE', #7828 ) ;
#8801 = LINE ( 'NONE', #5415, #3827 ) ;
#8802 = EDGE_CURVE ( 'NONE', #7373, #3384, #5900, .T. ) ;
#8803 = CARTESIAN_POINT ( 'NONE',  ( 0.1250000000000001110, 0.1999999999999999833, 2.500000000000000444 ) ) ;
#8804 = VECTOR ( 'NONE', #1711, 1000.000000000000000 ) ;
#8805 = DIRECTION ( 'NONE',  ( -7.885106708985485090E-16, 0.000000000000000000, -1.000000000000000000 ) ) ;
#8806 = EDGE_CURVE ( 'NONE', #2298, #159, #6911, .T. ) ;
#8807 = VERTEX_POINT ( 'NONE', #1666 ) ;
#8808 = EDGE_LOOP ( 'NONE', ( #8417, #4395, #7629, #3041 ) ) ;
#8809 = EDGE_CURVE ( 'NONE', #8410, #9650, #5174, .T. ) ;
#8810 = CYLINDRICAL_SURFACE ( 'NONE', #324, 0.1250000000000001110 ) ;
#8811 = DIRECTION ( 'NONE',  ( 1.000000000000000000, 0.000000000000000000, 0.000000000000000000 ) ) ;
#8812 = VERTEX_POINT ( 'NONE', #3521 ) ;
#8813 = ORIENTED_EDGE ( 'NONE', *, *, #8532, .T. ) ;
#8814 = CARTESIAN_POINT ( 'NONE',  ( -1.375000000000000000, 0.000000000000000000, 2.500000000000000444 ) ) ;
#8815 = DIRECTION ( 'NONE',  ( 0.000000000000000000, 0.000000000000000000, -1.000000000000000000 ) ) ;
#8816 = ORIENTED_EDGE ( 'NONE', *, *, #10796, .T. ) ;
#8817 = CARTESIAN_POINT ( 'NONE',  ( -2.225000000000000977, 0.1999999999999999833, -1.874999999999999556 ) ) ;
#8818 = DIRECTION ( 'NONE',  ( -0.000000000000000000, -1.000000000000000000, -0.000000000000000000 ) ) ;
#8819 = DIRECTION ( 'NONE',  ( -0.000000000000000000, -1.000000000000000000, -0.000000000000000000 ) ) ;
#8820 = EDGE_CURVE ( 'NONE', #3481, #3846, #10348, .T. ) ;
#8821 = CIRCLE ( 'NONE', #9709, 0.1250000000000001110 ) ;
#8822 = LINE ( 'NONE', #359, #728 ) ;
#8823 = EDGE_CURVE ( 'NONE', #8800, #10542, #5955, .T. ) ;
#8824 = LINE ( 'NONE', #1989, #6859 ) ;
#8825 = VECTOR ( 'NONE', #5625, 1000.000000000000000 ) ;
#8826 = CARTESIAN_POINT ( 'NONE',  ( 0.1250000000000003331, 0.000000000000000000, -2.225000000000000533 ) ) ;
#8827 = ORIENTED_EDGE ( 'NONE', *, *, #8802, .T. ) ;
#8828 = ORIENTED_EDGE ( 'NONE', *, *, #8873, .T. ) ;
#8829 = VECTOR ( 'NONE', #3085, 1000.000000000000000 ) ;
#8830 = DIRECTION ( 'NONE',  ( 0.000000000000000000, 0.000000000000000000, 1.000000000000000000 ) ) ;
#8831 = DIRECTION ( 'NONE',  ( -1.734723475976808475E-15, 0.000000000000000000, -1.000000000000000000 ) ) ;
#8832 = FACE_OUTER_BOUND ( 'NONE', #2814, .T. ) ;
#8833 = ORIENTED_EDGE ( 'NONE', *, *, #2723, .T. ) ;
#8834 = ORIENTED_EDGE ( 'NONE', *, *, #5799, .T. ) ;
#8835 = VECTOR ( 'NONE', #7404, 1000.000000000000000 ) ;
#8836 = CARTESIAN_POINT ( 'NONE',  ( 0.3749999999999998890, 0.000000000000000000, -2.500000000000000444 ) ) ;
#8837 = AXIS2_PLACEMENT_3D ( 'NONE', #7418, #4021, #8208 ) ;
#8838 = VERTEX_POINT ( 'NONE', #2662 ) ;
#8839 = CARTESIAN_POINT ( 'NONE',  ( 2.225000000000000977, 0.1999999999999999833, -0.8749999999999994449 ) ) ;
#8840 = EDGE_CURVE ( 'NONE', #6947, #958, #8693, .T. ) ;
#8841 = CARTESIAN_POINT ( 'NONE',  ( 0.2499999999999997780, 0.000000000000000000, 2.225000000000000533 ) ) ;
#8842 = CARTESIAN_POINT ( 'NONE',  ( -1.875000000000000000, 0.2000000000000000111, 2.500000000000000444 ) ) ;
#8843 = DIRECTION ( 'NONE',  ( 0.000000000000000000, -1.000000000000000000, 0.000000000000000000 ) ) ;
#8844 = ORIENTED_EDGE ( 'NONE', *, *, #843, .F. ) ;
#8845 = CARTESIAN_POINT ( 'NONE',  ( -1.749999999999999778, 0.2000000000000000111, -2.225000000000000533 ) ) ;
#8846 = VECTOR ( 'NONE', #1206, 1000.000000000000000 ) ;
#8847 = AXIS2_PLACEMENT_3D ( 'NONE', #4846, #7551, #7613 ) ;
#8848 = FACE_OUTER_BOUND ( 'NONE', #4345, .T. ) ;
#8849 = FACE_OUTER_BOUND ( 'NONE', #8968, .T. ) ;
#8850 = ORIENTED_EDGE ( 'NONE', *, *, #516, .T. ) ;
#8851 = SURFACE_STYLE_USAGE ( .BOTH. , #2074 ) ;
#8852 = EDGE_CURVE ( 'NONE', #4686, #46, #6119, .T. ) ;
#8853 = FACE_OUTER_BOUND ( 'NONE', #2983, .T. ) ;
#8854 = VECTOR ( 'NONE', #9770, 1000.000000000000000 ) ;
#8855 = DIRECTION ( 'NONE',  ( 0.000000000000000000, 0.000000000000000000, -1.000000000000000000 ) ) ;
#8856 = LINE ( 'NONE', #1114, #2904 ) ;
#8857 = VERTEX_POINT ( 'NONE', #10227 ) ;
#8858 = PRESENTATION_LAYER_ASSIGNMENT (  '', '', ( #3448 ) ) ;
#8859 = FACE_OUTER_BOUND ( 'NONE', #4360, .T. ) ;
#8860 = AXIS2_PLACEMENT_3D ( 'NONE', #8748, #1856, #5307 ) ;
#8861 = EDGE_LOOP ( 'NONE', ( #6530, #5773, #1121, #8989 ) ) ;
#8862 = LINE ( 'NONE', #1749, #6030 ) ;
#8863 = ORIENTED_EDGE ( 'NONE', *, *, #6434, .T. ) ;
#8864 = ORIENTED_EDGE ( 'NONE', *, *, #7607, .T. ) ;
#8865 = DIRECTION ( 'NONE',  ( -1.000000000000000000, 0.000000000000000000, -0.000000000000000000 ) ) ;
#8866 = LINE ( 'NONE', #8134, #1414 ) ;
#8867 = ORIENTED_EDGE ( 'NONE', *, *, #463, .T. ) ;
#8868 = EDGE_LOOP ( 'NONE', ( #6495, #747, #4166, #5538 ) ) ;
#8869 = EDGE_CURVE ( 'NONE', #11015, #6488, #9392, .T. ) ;
#8870 = EDGE_CURVE ( 'NONE', #3945, #10250, #9234, .T. ) ;
#8871 = UNCERTAINTY_MEASURE_WITH_UNIT (LENGTH_MEASURE( 1.000000000000000082E-05 ), #6274, 'distance_accuracy_value', 'NONE');
#8872 = AXIS2_PLACEMENT_3D ( 'NONE', #7215, #10647, #2078 ) ;
#8873 = EDGE_CURVE ( 'NONE', #9216, #8135, #3466, .T. ) ;
#8874 = DIRECTION ( 'NONE',  ( 0.000000000000000000, -0.000000000000000000, -1.000000000000000000 ) ) ;
#8875 = CARTESIAN_POINT ( 'NONE',  ( 2.225000000000000977, 0.6716990566028304688, 0.7500000000000006661 ) ) ;
#8876 = ORIENTED_EDGE ( 'NONE', *, *, #6260, .F. ) ;
#8877 = CARTESIAN_POINT ( 'NONE',  ( 0.1250000000000001110, 0.6716990566028303578, 2.500000000000000444 ) ) ;
#8878 = VECTOR ( 'NONE', #7453, 1000.000000000000000 ) ;
#8879 = CARTESIAN_POINT ( 'NONE',  ( -0.6250000000000003331, 0.6716990566028303578, 2.225000000000000533 ) ) ;
#8880 = AXIS2_PLACEMENT_3D ( 'NONE', #6263, #1173, #9645 ) ;
#8881 = VERTEX_POINT ( 'NONE', #2498 ) ;
#8882 = VECTOR ( 'NONE', #4120, 1000.000000000000000 ) ;
#8883 = DIRECTION ( 'NONE',  ( -0.000000000000000000, -1.000000000000000000, -0.000000000000000000 ) ) ;
#8884 = DIRECTION ( 'NONE',  ( 0.000000000000000000, 1.000000000000000000, -0.000000000000000000 ) ) ;
#8885 = DIRECTION ( 'NONE',  ( 0.000000000000000000, 0.000000000000000000, -1.000000000000000000 ) ) ;
#8886 = EDGE_CURVE ( 'NONE', #7579, #3099, #8556, .T. ) ;
#8887 = AXIS2_PLACEMENT_3D ( 'NONE', #3137, #3074, #8444 ) ;
#8888 = DIRECTION ( 'NONE',  ( 0.000000000000000000, -1.000000000000000000, 0.000000000000000000 ) ) ;
#8889 = VERTEX_POINT ( 'NONE', #7772 ) ;
#8890 = ORIENTED_EDGE ( 'NONE', *, *, #4780, .T. ) ;
#8891 = DIRECTION ( 'NONE',  ( 0.000000000000000000, -0.000000000000000000, 1.000000000000000000 ) ) ;
#8892 =( GEOMETRIC_REPRESENTATION_CONTEXT ( 3 ) GLOBAL_UNCERTAINTY_ASSIGNED_CONTEXT ( ( #7290 ) ) GLOBAL_UNIT_ASSIGNED_CONTEXT ( ( #175, #7701, #8759 ) ) REPRESENTATION_CONTEXT ( 'NONE', 'WORKASPACE' ) );
#8893 = CARTESIAN_POINT ( 'NONE',  ( -2.225000000000000977, 0.05000000000000002359, -0.7499999999999993339 ) ) ;
#8894 = EDGE_LOOP ( 'NONE', ( #10543, #419, #2533, #1115 ) ) ;
#8895 = EDGE_CURVE ( 'NONE', #3523, #3722, #11145, .T. ) ;
#8896 = ORIENTED_EDGE ( 'NONE', *, *, #6460, .T. ) ;
#8897 = CIRCLE ( 'NONE', #10329, 0.1250000000000001110 ) ;
#8898 = CARTESIAN_POINT ( 'NONE',  ( -0.6250000000000001110, 0.000000000000000000, 2.500000000000000444 ) ) ;
#8899 = CARTESIAN_POINT ( 'NONE',  ( -2.500000000000000888, 0.6716990566028304688, -1.124999999999999334 ) ) ;
#8900 = CARTESIAN_POINT ( 'NONE',  ( -2.500000000000000000, 0.05000000000000000278, 2.499999999999999556 ) ) ;
#8901 = DIRECTION ( 'NONE',  ( 0.000000000000000000, 0.000000000000000000, 1.000000000000000000 ) ) ;
#8902 = CARTESIAN_POINT ( 'NONE',  ( 0.6249999999999998890, 0.2000000000000005107, -2.500000000000000444 ) ) ;
#8903 = VECTOR ( 'NONE', #7238, 1000.000000000000000 ) ;
#8904 = ORIENTED_EDGE ( 'NONE', *, *, #3687, .T. ) ;
#8905 = DIRECTION ( 'NONE',  ( -0.000000000000000000, -0.000000000000000000, 1.000000000000000000 ) ) ;
#8906 = FACE_OUTER_BOUND ( 'NONE', #1051, .T. ) ;
#8907 = EDGE_LOOP ( 'NONE', ( #4082, #1175, #6423, #9807 ) ) ;
#8908 = ADVANCED_FACE ( 'NONE', ( #9453 ), #878, .F. ) ;
#8909 = CARTESIAN_POINT ( 'NONE',  ( -1.125000000000000222, 0.6716990566028303578, -2.500000000000000444 ) ) ;
#8910 = VERTEX_POINT ( 'NONE', #9502 ) ;
#8911 = AXIS2_PLACEMENT_3D ( 'NONE', #10853, #4826, #5619 ) ;
#8912 = DIRECTION ( 'NONE',  ( 0.000000000000000000, 0.000000000000000000, -1.000000000000000000 ) ) ;
#8913 = CYLINDRICAL_SURFACE ( 'NONE', #1618, 0.1250000000000001110 ) ;
#8914 = DIRECTION ( 'NONE',  ( 0.000000000000000000, 0.000000000000000000, -1.000000000000000000 ) ) ;
#8915 = DIRECTION ( 'NONE',  ( -0.000000000000000000, -1.000000000000000000, -0.000000000000000000 ) ) ;
#8916 = EDGE_LOOP ( 'NONE', ( #3096, #6996, #3836, #4514 ) ) ;
#8917 = EDGE_CURVE ( 'NONE', #7324, #3004, #1772, .T. ) ;
#8918 = AXIS2_PLACEMENT_3D ( 'NONE', #10393, #246, #3677 ) ;
#8919 = ADVANCED_FACE ( 'NONE', ( #6967 ), #930, .T. ) ;
#8920 = LINE ( 'NONE', #10823, #3462 ) ;
#8921 = ORIENTED_EDGE ( 'NONE', *, *, #181, .T. ) ;
#8922 = EDGE_CURVE ( 'NONE', #2715, #3216, #712, .T. ) ;
#8923 = DIRECTION ( 'NONE',  ( -1.000000000000000000, 0.000000000000000000, 1.734723475976808475E-15 ) ) ;
#8924 = ORIENTED_EDGE ( 'NONE', *, *, #2899, .T. ) ;
#8925 = ORIENTED_EDGE ( 'NONE', *, *, #4293, .T. ) ;
#8926 = CARTESIAN_POINT ( 'NONE',  ( 0.6250000000000001110, 0.6716990566028303578, 2.500000000000000444 ) ) ;
#8927 = EDGE_LOOP ( 'NONE', ( #4747, #436, #9883, #3552 ) ) ;
#8928 = VERTEX_POINT ( 'NONE', #7873 ) ;
#8929 = CARTESIAN_POINT ( 'NONE',  ( 0.7499999999999997780, 0.1999999999999999833, 2.100000000000000089 ) ) ;
#8930 = LINE ( 'NONE', #2653, #2735 ) ;
#8931 = ORIENTED_EDGE ( 'NONE', *, *, #2455, .T. ) ;
#8932 =( NAMED_UNIT ( * ) SI_UNIT ( $, .STERADIAN. ) SOLID_ANGLE_UNIT ( ) );
#8933 = CARTESIAN_POINT ( 'NONE',  ( -0.6250000000000001110, 0.2000000000000000111, -2.500000000000000444 ) ) ;
#8934 = DIRECTION ( 'NONE',  ( -1.000000000000000000, 0.000000000000000000, -0.000000000000000000 ) ) ;
#8935 = ORIENTED_EDGE ( 'NONE', *, *, #3145, .T. ) ;
#8936 = LINE ( 'NONE', #3000, #8675 ) ;
#8937 = EDGE_CURVE ( 'NONE', #9225, #6569, #4548, .T. ) ;
#8938 = COLOUR_RGB ( '',0.7921568627450980005, 0.8196078431372548767, 0.9333333333333333481 ) ;
#8939 = PLANE ( 'NONE',  #10619 ) ;
#8940 = LINE ( 'NONE', #6568, #2831 ) ;
#8941 = EDGE_LOOP ( 'NONE', ( #3070, #9920, #8692, #1288 ) ) ;
#8942 = ORIENTED_EDGE ( 'NONE', *, *, #9133, .T. ) ;
#8943 = DIRECTION ( 'NONE',  ( 0.000000000000000000, 1.000000000000000000, 0.000000000000000000 ) ) ;
#8944 = CARTESIAN_POINT ( 'NONE',  ( -1.749999999999999778, 0.2000000000000000111, -2.225000000000000533 ) ) ;
#8945 = EDGE_CURVE ( 'NONE', #8052, #5308, #1990, .T. ) ;
#8946 = ORIENTED_EDGE ( 'NONE', *, *, #4874, .F. ) ;
#8947 = ADVANCED_FACE ( 'NONE', ( #7186 ), #2774, .T. ) ;
#8948 = EDGE_CURVE ( 'NONE', #10250, #4133, #2713, .T. ) ;
#8949 =( NAMED_UNIT ( * ) SI_UNIT ( $, .STERADIAN. ) SOLID_ANGLE_UNIT ( ) );
#8950 = CARTESIAN_POINT ( 'NONE',  ( 0.6250000000000001110, 0.1999999999999999833, 2.225000000000000533 ) ) ;
#8951 = LINE ( 'NONE', #10574, #8846 ) ;
#8952 = CARTESIAN_POINT ( 'NONE',  ( 2.500000000000000888, 0.6716990566028304688, 0.8750000000000007772 ) ) ;
#8953 = DIRECTION ( 'NONE',  ( 3.154042683594199163E-15, 0.000000000000000000, 1.000000000000000000 ) ) ;
#8954 = VERTEX_POINT ( 'NONE', #8826 ) ;
#8955 = CARTESIAN_POINT ( 'NONE',  ( 2.225000000000000977, 0.05000000000000002359, -0.1249999999999994588 ) ) ;
#8956 = ORIENTED_EDGE ( 'NONE', *, *, #7439, .T. ) ;
#8957 = CARTESIAN_POINT ( 'NONE',  ( 2.225000000000000977, 0.6716990566028304688, 0.8750000000000005551 ) ) ;
#8958 = EDGE_LOOP ( 'NONE', ( #1405, #3669, #478, #6813 ) ) ;
#8959 = VERTEX_POINT ( 'NONE', #3740 ) ;
#8960 = LINE ( 'NONE', #3875, #6849 ) ;
#8961 = ORIENTED_EDGE ( 'NONE', *, *, #1141, .F. ) ;
#8962 =( NAMED_UNIT ( * ) PLANE_ANGLE_UNIT ( ) SI_UNIT ( $, .RADIAN. ) );
#8963 = CARTESIAN_POINT ( 'NONE',  ( -1.374999999999999778, 0.2000000000000000111, -2.225000000000000533 ) ) ;
#8964 = DIRECTION ( 'NONE',  ( -0.000000000000000000, -1.000000000000000000, -0.000000000000000000 ) ) ;
#8965 = DIRECTION ( 'NONE',  ( -1.000000000000000000, 0.000000000000000000, 7.885106708985485090E-16 ) ) ;
#8966 = CARTESIAN_POINT ( 'NONE',  ( 1.724999999999999645, 0.000000000000000000, -1.674999999999999600 ) ) ;
#8967 = EDGE_CURVE ( 'NONE', #2722, #5490, #6169, .T. ) ;
#8968 = EDGE_LOOP ( 'NONE', ( #6651, #3791, #1946, #5694 ) ) ;
#8969 = CARTESIAN_POINT ( 'NONE',  ( 1.875000000000000000, 0.04999999999999969746, 2.500000000000000444 ) ) ;
#8970 = CARTESIAN_POINT ( 'NONE',  ( -0.6250000000000001110, 0.04999999999999969746, 2.500000000000000444 ) ) ;
#8971 = VERTEX_POINT ( 'NONE', #10616 ) ;
#8972 = DIRECTION ( 'NONE',  ( 1.734723475976808475E-15, 0.000000000000000000, 1.000000000000000000 ) ) ;
#8973 = ORIENTED_EDGE ( 'NONE', *, *, #10559, .T. ) ;
#8974 = ORIENTED_EDGE ( 'NONE', *, *, #4087, .T. ) ;
#8975 = CARTESIAN_POINT ( 'NONE',  ( 1.674999999999999822, 0.04999999999999969746, -1.674999999999999600 ) ) ;
#8976 = EDGE_LOOP ( 'NONE', ( #1031, #10827, #8081, #7859 ) ) ;
#8977 = LINE ( 'NONE', #2198, #533 ) ;
#8978 = ORIENTED_EDGE ( 'NONE', *, *, #1813, .T. ) ;
#8979 = ORIENTED_EDGE ( 'NONE', *, *, #9507, .F. ) ;
#8980 = EDGE_CURVE ( 'NONE', #5254, #10713, #8265, .T. ) ;
#8981 = CARTESIAN_POINT ( 'NONE',  ( 0.6250000000000001110, 0.2000000000000000111, 2.500000000000000444 ) ) ;
#8982 = LINE ( 'NONE', #4812, #6540 ) ;
#8983 = ORIENTED_EDGE ( 'NONE', *, *, #9847, .F. ) ;
#8984 = DIRECTION ( 'NONE',  ( -0.000000000000000000, -1.000000000000000000, -0.000000000000000000 ) ) ;
#8985 = AXIS2_PLACEMENT_3D ( 'NONE', #6272, #3729, #8815 ) ;
#8986 = LINE ( 'NONE', #9764, #8387 ) ;
#8987 = AXIS2_PLACEMENT_3D ( 'NONE', #10610, #7869, #1982 ) ;
#8988 = LINE ( 'NONE', #10046, #2043 ) ;
#8989 = ORIENTED_EDGE ( 'NONE', *, *, #1551, .T. ) ;
#8990 = PLANE ( 'NONE',  #3795 ) ;
#8991 = EDGE_CURVE ( 'NONE', #4630, #8360, #255, .T. ) ;
#8992 = VECTOR ( 'NONE', #3804, 1000.000000000000000 ) ;
#8993 = DIRECTION ( 'NONE',  ( -6.472848790958234544E-17, 0.000000000000000000, 1.000000000000000000 ) ) ;
#8994 = DIRECTION ( 'NONE',  ( -0.000000000000000000, -1.000000000000000000, -0.000000000000000000 ) ) ;
#8995 = ORIENTED_EDGE ( 'NONE', *, *, #566, .T. ) ;
#8996 = ORIENTED_EDGE ( 'NONE', *, *, #3558, .T. ) ;
#8997 = FACE_OUTER_BOUND ( 'NONE', #1251, .T. ) ;
#8998 = DIRECTION ( 'NONE',  ( 1.000000000000000000, -0.000000000000000000, 7.885106708985485090E-16 ) ) ;
#8999 = CIRCLE ( 'NONE', #9351, 0.04999999999999991257 ) ;
#9000 = CYLINDRICAL_SURFACE ( 'NONE', #7183, 0.1250000000000001110 ) ;
#9001 = LINE ( 'NONE', #9840, #8648 ) ;
#9002 = VECTOR ( 'NONE', #783, 1000.000000000000000 ) ;
#9003 = FACE_OUTER_BOUND ( 'NONE', #8084, .T. ) ;
#9004 = ADVANCED_FACE ( 'NONE', ( #1030 ), #1826, .F. ) ;
#9005 = CARTESIAN_POINT ( 'NONE',  ( 2.225000000000000977, 0.05000000000000002359, -1.124999999999999556 ) ) ;
#9006 = ORIENTED_EDGE ( 'NONE', *, *, #2507, .T. ) ;
#9007 = EDGE_CURVE ( 'NONE', #1002, #318, #4645, .T. ) ;
#9008 = CARTESIAN_POINT ( 'NONE',  ( 2.500000000000000888, 0.6716990566028304688, 0.8750000000000007772 ) ) ;
#9009 = ORIENTED_EDGE ( 'NONE', *, *, #10285, .T. ) ;
#9010 = PLANE ( 'NONE',  #9089 ) ;
#9011 = CYLINDRICAL_SURFACE ( 'NONE', #2276, 0.1250000000000001110 ) ;
#9012 = VERTEX_POINT ( 'NONE', #5278 ) ;
#9013 = VECTOR ( 'NONE', #7691, 1000.000000000000000 ) ;
#9014 = AXIS2_PLACEMENT_3D ( 'NONE', #10288, #7767, #1769 ) ;
#9015 = ORIENTED_EDGE ( 'NONE', *, *, #854, .F. ) ;
#9016 = DIRECTION ( 'NONE',  ( 0.000000000000000000, 0.000000000000000000, -1.000000000000000000 ) ) ;
#9017 = ORIENTED_EDGE ( 'NONE', *, *, #441, .T. ) ;
#9018 = SURFACE_STYLE_FILL_AREA ( #4503 ) ;
#9019 = VECTOR ( 'NONE', #1055, 1000.000000000000000 ) ;
#9020 = DIRECTION ( 'NONE',  ( 0.000000000000000000, 0.000000000000000000, -1.000000000000000000 ) ) ;
#9021 = FACE_OUTER_BOUND ( 'NONE', #388, .T. ) ;
#9022 = VECTOR ( 'NONE', #5071, 1000.000000000000000 ) ;
#9023 = PLANE ( 'NONE',  #8679 ) ;
#9024 = ORIENTED_EDGE ( 'NONE', *, *, #5843, .T. ) ;
#9025 = AXIS2_PLACEMENT_3D ( 'NONE', #10169, #4366, #10274 ) ;
#9026 = CARTESIAN_POINT ( 'NONE',  ( -2.500000000000000444, 0.1999999999999999833, 0.1250000000000009714 ) ) ;
#9027 = EDGE_CURVE ( 'NONE', #8800, #10767, #8721, .T. ) ;
#9028 = VECTOR ( 'NONE', #3361, 1000.000000000000000 ) ;
#9029 = LINE ( 'NONE', #10651, #1297 ) ;
#9030 = ORIENTED_EDGE ( 'NONE', *, *, #9169, .F. ) ;
#9031 = CARTESIAN_POINT ( 'NONE',  ( 0.6250000000000003331, 0.2000000000000000111, -2.225000000000000533 ) ) ;
#9032 = EDGE_LOOP ( 'NONE', ( #596, #8781, #7642, #2629, #13 ) ) ;
#9033 = PRESENTATION_STYLE_ASSIGNMENT (( #2863 ) ) ;
#9034 = EDGE_CURVE ( 'NONE', #9679, #7966, #1145, .T. ) ;
#9035 = VECTOR ( 'NONE', #3920, 1000.000000000000000 ) ;
#9036 = CARTESIAN_POINT ( 'NONE',  ( 1.674999999999999822, 0.1999999999999996503, 1.725000000000000533 ) ) ;
#9037 = ORIENTED_EDGE ( 'NONE', *, *, #5340, .T. ) ;
#9038 = ORIENTED_EDGE ( 'NONE', *, *, #3851, .F. ) ;
#9039 = DIRECTION ( 'NONE',  ( 0.000000000000000000, 0.000000000000000000, 1.000000000000000000 ) ) ;
#9040 = VECTOR ( 'NONE', #10704, 1000.000000000000000 ) ;
#9041 = DIRECTION ( 'NONE',  ( 0.000000000000000000, 0.000000000000000000, -1.000000000000000000 ) ) ;
#9042 = ORIENTED_EDGE ( 'NONE', *, *, #5635, .T. ) ;
#9043 = FACE_OUTER_BOUND ( 'NONE', #10745, .T. ) ;
#9044 = DIRECTION ( 'NONE',  ( -0.000000000000000000, -1.000000000000000000, -0.000000000000000000 ) ) ;
#9045 = CARTESIAN_POINT ( 'NONE',  ( 0.6250000000000001110, 0.05000000000000000278, 0.000000000000000000 ) ) ;
#9046 = ORIENTED_EDGE ( 'NONE', *, *, #3587, .F. ) ;
#9047 = PLANE ( 'NONE',  #10287 ) ;
#9048 = EDGE_CURVE ( 'NONE', #8240, #3927, #4534, .T. ) ;
#9049 = AXIS2_PLACEMENT_3D ( 'NONE', #5133, #2462, #4276 ) ;
#9050 = PLANE ( 'NONE',  #2168 ) ;
#9051 = DIRECTION ( 'NONE',  ( 1.734723475976808475E-15, 0.000000000000000000, 1.000000000000000000 ) ) ;
#9052 = ORIENTED_EDGE ( 'NONE', *, *, #10751, .T. ) ;
#9053 = VERTEX_POINT ( 'NONE', #4430 ) ;
#9054 = CIRCLE ( 'NONE', #3826, 0.1250000000000002220 ) ;
#9055 = VECTOR ( 'NONE', #1358, 1000.000000000000000 ) ;
#9056 = DIRECTION ( 'NONE',  ( 0.000000000000000000, 1.000000000000000000, 0.000000000000000000 ) ) ;
#9057 = DIRECTION ( 'NONE',  ( -1.734723475976808475E-15, 0.000000000000000000, -1.000000000000000000 ) ) ;
#9058 = VECTOR ( 'NONE', #6069, 1000.000000000000000 ) ;
#9059 = EDGE_CURVE ( 'NONE', #3097, #4587, #9514, .T. ) ;
#9060 = EDGE_CURVE ( 'NONE', #5003, #9339, #4110, .T. ) ;
#9061 = CARTESIAN_POINT ( 'NONE',  ( 1.375000000000000000, 0.1999999999999999833, -2.225000000000000533 ) ) ;
#9062 = DIRECTION ( 'NONE',  ( 0.000000000000000000, 0.000000000000000000, -1.000000000000000000 ) ) ;
#9063 = VECTOR ( 'NONE', #6109, 1000.000000000000000 ) ;
#9064 = DIRECTION ( 'NONE',  ( -0.000000000000000000, -1.000000000000000000, -0.000000000000000000 ) ) ;
#9065 = CARTESIAN_POINT ( 'NONE',  ( -1.375000000000000000, 0.6716990566028303578, 2.225000000000000533 ) ) ;
#9066 = DIRECTION ( 'NONE',  ( 1.000000000000000000, 0.000000000000000000, 3.154042683594199163E-15 ) ) ;
#9067 = VERTEX_POINT ( 'NONE', #7015 ) ;
#9068 = LINE ( 'NONE', #3138, #4950 ) ;
#9069 = FACE_OUTER_BOUND ( 'NONE', #5384, .T. ) ;
#9070 = CIRCLE ( 'NONE', #10501, 0.1250000000000001110 ) ;
#9071 = ORIENTED_EDGE ( 'NONE', *, *, #2425, .T. ) ;
#9072 = EDGE_CURVE ( 'NONE', #7903, #9156, #8037, .T. ) ;
#9073 = DIRECTION ( 'NONE',  ( 0.000000000000000000, 1.000000000000000000, 0.000000000000000000 ) ) ;
#9074 = VERTEX_POINT ( 'NONE', #2824 ) ;
#9075 = PRESENTATION_STYLE_ASSIGNMENT (( #9908 ) ) ;
#9076 = ADVANCED_FACE ( 'NONE', ( #6283 ), #4594, .T. ) ;
#9077 = CARTESIAN_POINT ( 'NONE',  ( 0.7499999999999997780, 0.04999999999999999584, 2.225000000000000533 ) ) ;
#9078 = CIRCLE ( 'NONE', #10504, 0.1250000000000001110 ) ;
#9079 = AXIS2_PLACEMENT_3D ( 'NONE', #3955, #1241, #7415 ) ;
#9080 = VECTOR ( 'NONE', #9237, 1000.000000000000000 ) ;
#9081 = FILL_AREA_STYLE_COLOUR ( '', #2879 ) ;
#9082 = CARTESIAN_POINT ( 'NONE',  ( -1.250000000000000222, 0.04999999999999999584, 2.225000000000000533 ) ) ;
#9083 = AXIS2_PLACEMENT_3D ( 'NONE', #6108, #6841, #1874 ) ;
#9084 = CARTESIAN_POINT ( 'NONE',  ( 0.3749999999999998890, 0.2000000000000000111, 2.225000000000000533 ) ) ;
#9085 = ORIENTED_EDGE ( 'NONE', *, *, #8209, .F. ) ;
#9086 = PLANE ( 'NONE',  #3300 ) ;
#9087 = DIRECTION ( 'NONE',  ( -0.000000000000000000, -0.000000000000000000, 1.000000000000000000 ) ) ;
#9088 = VERTEX_POINT ( 'NONE', #1195 ) ;
#9089 = AXIS2_PLACEMENT_3D ( 'NONE', #8333, #6420, #5796 ) ;
#9090 = EDGE_CURVE ( 'NONE', #4298, #29, #8940, .T. ) ;
#9091 = CYLINDRICAL_SURFACE ( 'NONE', #7124, 0.1250000000000001110 ) ;
#9092 = ORIENTED_EDGE ( 'NONE', *, *, #10778, .T. ) ;
#9093 = EDGE_LOOP ( 'NONE', ( #10663, #696, #6174, #10658 ) ) ;
#9094 = DIRECTION ( 'NONE',  ( 0.000000000000000000, 0.000000000000000000, -1.000000000000000000 ) ) ;
#9095 = EDGE_CURVE ( 'NONE', #3091, #9954, #1249, .T. ) ;
#9096 = CARTESIAN_POINT ( 'NONE',  ( -2.500000000000000444, 0.000000000000000000, 0.1250000000000009714 ) ) ;
#9097 = EDGE_CURVE ( 'NONE', #8756, #11124, #155, .T. ) ;
#9098 = EDGE_LOOP ( 'NONE', ( #447, #10035, #6082, #1197 ) ) ;
#9099 = ORIENTED_EDGE ( 'NONE', *, *, #3905, .T. ) ;
#9100 = DIRECTION ( 'NONE',  ( 0.000000000000000000, 0.000000000000000000, -1.000000000000000000 ) ) ;
#9101 = FACE_OUTER_BOUND ( 'NONE', #3543, .T. ) ;
#9102 = AXIS2_PLACEMENT_3D ( 'NONE', #8893, #259, #3690 ) ;
#9103 = FACE_OUTER_BOUND ( 'NONE', #8762, .T. ) ;
#9104 = DIRECTION ( 'NONE',  ( 0.000000000000000000, -1.000000000000000000, 0.000000000000000000 ) ) ;
#9105 = ORIENTED_EDGE ( 'NONE', *, *, #2485, .T. ) ;
#9106 = SURFACE_SIDE_STYLE ('',( #10725 ) ) ;
#9107 = CARTESIAN_POINT ( 'NONE',  ( 0.7499999999999997780, 0.000000000000000000, 2.225000000000000533 ) ) ;
#9108 = DIRECTION ( 'NONE',  ( -0.000000000000000000, -1.000000000000000000, -0.000000000000000000 ) ) ;
#9109 = ORIENTED_EDGE ( 'NONE', *, *, #7540, .T. ) ;
#9110 = FACE_OUTER_BOUND ( 'NONE', #602, .T. ) ;
#9111 = CIRCLE ( 'NONE', #7106, 0.1250000000000001110 ) ;
#9112 = CARTESIAN_POINT ( 'NONE',  ( -2.225000000000000977, 0.1999999999999999833, -0.8749999999999995559 ) ) ;
#9113 = AXIS2_PLACEMENT_3D ( 'NONE', #11138, #4315, #5375 ) ;
#9114 = PLANE ( 'NONE',  #2304 ) ;
#9115 = EDGE_LOOP ( 'NONE', ( #9703, #8629, #2645, #2301 ) ) ;
#9116 = ORIENTED_EDGE ( 'NONE', *, *, #9198, .F. ) ;
#9117 = CARTESIAN_POINT ( 'NONE',  ( -2.500000000000000000, 0.2000000000000005107, -0.1249999999999992506 ) ) ;
#9118 = CARTESIAN_POINT ( 'NONE',  ( 2.500000000000000888, 0.1999999999999999833, 0.8750000000000007772 ) ) ;
#9119 = LINE ( 'NONE', #1376, #4509 ) ;
#9120 = ADVANCED_FACE ( 'NONE', ( #4765 ), #5677, .F. ) ;
#9121 = FILL_AREA_STYLE_COLOUR ( '', #9561 ) ;
#9122 = CARTESIAN_POINT ( 'NONE',  ( 2.500000000000000888, 0.000000000000000000, 0.8750000000000007772 ) ) ;
#9123 = PLANE ( 'NONE',  #4374 ) ;
#9124 = EDGE_CURVE ( 'NONE', #1182, #5786, #3057, .T. ) ;
#9125 = PLANE ( 'NONE',  #2394 ) ;
#9126 = VERTEX_POINT ( 'NONE', #9224 ) ;
#9127 = LINE ( 'NONE', #4894, #9080 ) ;
#9128 = DIRECTION ( 'NONE',  ( -1.000000000000000000, 0.000000000000000000, -0.000000000000000000 ) ) ;
#9129 = ORIENTED_EDGE ( 'NONE', *, *, #9090, .T. ) ;
#9130 = VERTEX_POINT ( 'NONE', #2158 ) ;
#9131 = FACE_OUTER_BOUND ( 'NONE', #11152, .T. ) ;
#9132 = DIRECTION ( 'NONE',  ( -0.000000000000000000, -1.000000000000000000, -0.000000000000000000 ) ) ;
#9133 = EDGE_CURVE ( 'NONE', #4584, #8022, #10003, .T. ) ;
#9134 = FILL_AREA_STYLE_COLOUR ( '', #193 ) ;
#9135 = CARTESIAN_POINT ( 'NONE',  ( 2.225000000000000977, 0.1999999999999999833, 1.375000000000000666 ) ) ;
#9136 = DIRECTION ( 'NONE',  ( -0.000000000000000000, -1.000000000000000000, 0.000000000000000000 ) ) ;
#9137 = EDGE_LOOP ( 'NONE', ( #6861, #6990, #8921, #3058 ) ) ;
#9138 = EDGE_CURVE ( 'NONE', #5481, #3708, #4943, .T. ) ;
#9139 = LINE ( 'NONE', #8238, #10138 ) ;
#9140 = CARTESIAN_POINT ( 'NONE',  ( -2.225000000000000977, 0.000000000000000000, 0.8750000000000005551 ) ) ;
#9141 = ORIENTED_EDGE ( 'NONE', *, *, #10392, .F. ) ;
#9142 = CARTESIAN_POINT ( 'NONE',  ( 1.724999999999999645, 0.1999999999999996503, -1.674999999999999600 ) ) ;
#9143 = VERTEX_POINT ( 'NONE', #8260 ) ;
#9144 = EDGE_LOOP ( 'NONE', ( #2684, #8827, #3101, #3964 ) ) ;
#9145 = DIRECTION ( 'NONE',  ( 0.000000000000000000, -1.000000000000000000, 0.000000000000000000 ) ) ;
#9146 = ORIENTED_EDGE ( 'NONE', *, *, #9640, .T. ) ;
#9147 = CARTESIAN_POINT ( 'NONE',  ( 2.500000000000000888, 0.6716990566028304688, 0.3750000000000007772 ) ) ;
#9148 = ORIENTED_EDGE ( 'NONE', *, *, #5414, .F. ) ;
#9149 = ORIENTED_EDGE ( 'NONE', *, *, #9138, .F. ) ;
#9150 = FACE_OUTER_BOUND ( 'NONE', #339, .T. ) ;
#9151 = CARTESIAN_POINT ( 'NONE',  ( -0.2500000000000002220, 0.000000000000000000, 2.225000000000000533 ) ) ;
#9152 = CIRCLE ( 'NONE', #4283, 0.1250000000000001110 ) ;
#9153 = CARTESIAN_POINT ( 'NONE',  ( 2.500000000000000444, 0.000000000000000000, -0.8749999999999990008 ) ) ;
#9154 = ADVANCED_FACE ( 'NONE', ( #8315 ), #9114, .F. ) ;
#9155 = DIRECTION ( 'NONE',  ( 0.000000000000000000, 1.000000000000000000, 0.000000000000000000 ) ) ;
#9156 = VERTEX_POINT ( 'NONE', #4701 ) ;
#9157 = CARTESIAN_POINT ( 'NONE',  ( -0.7500000000000002220, 0.6716990566028303578, 2.100000000000000089 ) ) ;
#9158 = EDGE_CURVE ( 'NONE', #9413, #3708, #3236, .T. ) ;
#9159 = DIRECTION ( 'NONE',  ( -0.000000000000000000, -1.000000000000000000, -0.000000000000000000 ) ) ;
#9160 = DIRECTION ( 'NONE',  ( 0.000000000000000000, -1.000000000000000000, 0.000000000000000000 ) ) ;
#9161 = ORIENTED_EDGE ( 'NONE', *, *, #3764, .T. ) ;
#9162 = ORIENTED_EDGE ( 'NONE', *, *, #2236, .T. ) ;
#9163 = CARTESIAN_POINT ( 'NONE',  ( -2.500000000000000444, 0.1999999999999999833, 1.125000000000000888 ) ) ;
#9164 = FACE_OUTER_BOUND ( 'NONE', #2029, .T. ) ;
#9165 = VECTOR ( 'NONE', #9617, 1000.000000000000000 ) ;
#9166 = DIRECTION ( 'NONE',  ( -0.000000000000000000, -1.000000000000000000, -0.000000000000000000 ) ) ;
#9167 = ORIENTED_EDGE ( 'NONE', *, *, #713, .F. ) ;
#9168 = ORIENTED_EDGE ( 'NONE', *, *, #4659, .T. ) ;
#9169 = EDGE_CURVE ( 'NONE', #6466, #1394, #7543, .T. ) ;
#9170 = FACE_OUTER_BOUND ( 'NONE', #6394, .T. ) ;
#9171 = DIRECTION ( 'NONE',  ( -1.000000000000000000, 0.000000000000000000, 0.000000000000000000 ) ) ;
#9172 = AXIS2_PLACEMENT_3D ( 'NONE', #2930, #9866, #7112 ) ;
#9173 = ADVANCED_FACE ( 'NONE', ( #2324 ), #3856, .T. ) ;
#9174 = CARTESIAN_POINT ( 'NONE',  ( -1.875000000000000000, 0.2000000000000000111, -2.500000000000000444 ) ) ;
#9175 =( NAMED_UNIT ( * ) SI_UNIT ( $, .STERADIAN. ) SOLID_ANGLE_UNIT ( ) );
#9176 = LINE ( 'NONE', #9122, #4499 ) ;
#9177 = FACE_OUTER_BOUND ( 'NONE', #1713, .T. ) ;
#9178 = CIRCLE ( 'NONE', #7924, 0.2500000000000008882 ) ;
#9179 = CARTESIAN_POINT ( 'NONE',  ( 2.500000000000000444, 0.1999999999999999833, 1.625000000000001110 ) ) ;
#9180 = LINE ( 'NONE', #3980, #6201 ) ;
#9181 = CARTESIAN_POINT ( 'NONE',  ( -0.8749999999999998890, 0.04999999999999969746, -2.500000000000000444 ) ) ;
#9182 = ORIENTED_EDGE ( 'NONE', *, *, #8948, .T. ) ;
#9183 = VERTEX_POINT ( 'NONE', #3122 ) ;
#9184 = PLANE ( 'NONE',  #585 ) ;
#9185 = EDGE_CURVE ( 'NONE', #3514, #6598, #594, .T. ) ;
#9186 = CIRCLE ( 'NONE', #10613, 0.1250000000000001110 ) ;
#9187 = DIRECTION ( 'NONE',  ( 0.000000000000000000, 0.000000000000000000, 1.000000000000000000 ) ) ;
#9188 = PRESENTATION_STYLE_ASSIGNMENT (( #10928 ) ) ;
#9189 = CYLINDRICAL_SURFACE ( 'NONE', #4517, 0.1250000000000001110 ) ;
#9190 = DIRECTION ( 'NONE',  ( -1.000000000000000000, 0.000000000000000000, -3.154042683594199163E-15 ) ) ;
#9191 = VERTEX_POINT ( 'NONE', #3910 ) ;
#9192 =( LENGTH_UNIT ( ) NAMED_UNIT ( * ) SI_UNIT ( .MILLI., .METRE. ) );
#9193 = VECTOR ( 'NONE', #6935, 1000.000000000000000 ) ;
#9194 = AXIS2_PLACEMENT_3D ( 'NONE', #9242, #6697, #4843 ) ;
#9195 = DIRECTION ( 'NONE',  ( 7.885106708985485090E-16, 0.000000000000000000, -1.000000000000000000 ) ) ;
#9196 = ORIENTED_EDGE ( 'NONE', *, *, #11023, .T. ) ;
#9197 = AXIS2_PLACEMENT_3D ( 'NONE', #5138, #8573, #844 ) ;
#9198 = EDGE_CURVE ( 'NONE', #9720, #7482, #9942, .T. ) ;
#9199 = CARTESIAN_POINT ( 'NONE',  ( -1.250000000000000222, 0.6716990566028303578, 2.100000000000000089 ) ) ;
#9200 = VERTEX_POINT ( 'NONE', #9882 ) ;
#9201 = ORIENTED_EDGE ( 'NONE', *, *, #1812, .F. ) ;
#9202 =( NAMED_UNIT ( * ) SI_UNIT ( $, .STERADIAN. ) SOLID_ANGLE_UNIT ( ) );
#9203 = ORIENTED_EDGE ( 'NONE', *, *, #8809, .T. ) ;
#9204 = FACE_OUTER_BOUND ( 'NONE', #327, .T. ) ;
#9205 = VECTOR ( 'NONE', #9771, 1000.000000000000000 ) ;
#9206 = VERTEX_POINT ( 'NONE', #5615 ) ;
#9207 = DIRECTION ( 'NONE',  ( -1.000000000000000000, 0.000000000000000000, 0.000000000000000000 ) ) ;
#9208 = CARTESIAN_POINT ( 'NONE',  ( 0.6250000000000001110, 0.1999999999999999833, 2.500000000000000444 ) ) ;
#9209 = PLANE ( 'NONE',  #7066 ) ;
#9210 = CARTESIAN_POINT ( 'NONE',  ( -1.250000000000000222, 0.6716990566028303578, 2.225000000000000533 ) ) ;
#9211 = ORIENTED_EDGE ( 'NONE', *, *, #1365, .T. ) ;
#9212 =( NAMED_UNIT ( * ) PLANE_ANGLE_UNIT ( ) SI_UNIT ( $, .RADIAN. ) );
#9213 = LINE ( 'NONE', #11070, #432 ) ;
#9214 = VECTOR ( 'NONE', #10646, 1000.000000000000000 ) ;
#9215 = DIRECTION ( 'NONE',  ( 0.000000000000000000, -0.000000000000000000, -1.000000000000000000 ) ) ;
#9216 = VERTEX_POINT ( 'NONE', #7480 ) ;
#9217 = ORIENTED_EDGE ( 'NONE', *, *, #1421, .T. ) ;
#9218 = FILL_AREA_STYLE ('',( #7475 ) ) ;
#9219 = EDGE_CURVE ( 'NONE', #4912, #4630, #8211, .T. ) ;
#9220 = EDGE_CURVE ( 'NONE', #6596, #7409, #6819, .T. ) ;
#9221 = EDGE_CURVE ( 'NONE', #10024, #9324, #3962, .T. ) ;
#9222 = CARTESIAN_POINT ( 'NONE',  ( -2.500000000000000888, 0.6716990566028304688, -0.6249999999999992228 ) ) ;
#9223 = AXIS2_PLACEMENT_3D ( 'NONE', #6824, #2638, #6937 ) ;
#9224 = CARTESIAN_POINT ( 'NONE',  ( -2.500000000000000444, 0.000000000000000000, -0.3749999999999990563 ) ) ;
#9225 = VERTEX_POINT ( 'NONE', #6618 ) ;
#9226 = VERTEX_POINT ( 'NONE', #10055 ) ;
#9227 = DIRECTION ( 'NONE',  ( 0.000000000000000000, -0.000000000000000000, 1.000000000000000000 ) ) ;
#9228 = LINE ( 'NONE', #708, #9809 ) ;
#9229 = VECTOR ( 'NONE', #4608, 1000.000000000000000 ) ;
#9230 = EDGE_CURVE ( 'NONE', #2373, #958, #5049, .T. ) ;
#9231 = EDGE_CURVE ( 'NONE', #10290, #3523, #8546, .T. ) ;
#9232 = DIRECTION ( 'NONE',  ( -7.885106708985485090E-16, 0.000000000000000000, -1.000000000000000000 ) ) ;
#9233 = PRESENTATION_STYLE_ASSIGNMENT (( #5793 ) ) ;
#9234 = CIRCLE ( 'NONE', #2728, 0.1250000000000001110 ) ;
#9235 = CARTESIAN_POINT ( 'NONE',  ( -0.1250000000000001110, 0.2000000000000000111, 2.500000000000000444 ) ) ;
#9236 = CARTESIAN_POINT ( 'NONE',  ( -1.374999999999999778, 0.2000000000000000111, -2.225000000000000533 ) ) ;
#9237 = DIRECTION ( 'NONE',  ( -0.000000000000000000, -1.000000000000000000, -0.000000000000000000 ) ) ;
#9238 = DIRECTION ( 'NONE',  ( 0.000000000000000000, 0.000000000000000000, -1.000000000000000000 ) ) ;
#9239 = VECTOR ( 'NONE', #7034, 1000.000000000000000 ) ;
#9240 = ORIENTED_EDGE ( 'NONE', *, *, #10286, .T. ) ;
#9241 = AXIS2_PLACEMENT_3D ( 'NONE', #2908, #7201, #6361 ) ;
#9242 = CARTESIAN_POINT ( 'NONE',  ( 0.6250000000000001110, 0.6716990566028303578, 2.500000000000000444 ) ) ;
#9243 = UNCERTAINTY_MEASURE_WITH_UNIT (LENGTH_MEASURE( 1.000000000000000082E-05 ), #617, 'distance_accuracy_value', 'NONE');
#9244 = LINE ( 'NONE', #4159, #9733 ) ;
#9245 = DIRECTION ( 'NONE',  ( 0.000000000000000000, 0.000000000000000000, -1.000000000000000000 ) ) ;
#9246 = ORIENTED_EDGE ( 'NONE', *, *, #8165, .F. ) ;
#9247 = DIRECTION ( 'NONE',  ( -3.154042683594199163E-15, 0.000000000000000000, 1.000000000000000000 ) ) ;
#9248 = VECTOR ( 'NONE', #5064, 1000.000000000000000 ) ;
#9249 = EDGE_CURVE ( 'NONE', #9012, #10642, #8433, .T. ) ;
#9250 = CARTESIAN_POINT ( 'NONE',  ( -2.225000000000000977, 0.6716990566028304688, -0.3749999999999994449 ) ) ;
#9251 = ORIENTED_EDGE ( 'NONE', *, *, #6850, .F. ) ;
#9252 = DIRECTION ( 'NONE',  ( -1.000000000000000000, 0.000000000000000000, 0.000000000000000000 ) ) ;
#9253 = ORIENTED_EDGE ( 'NONE', *, *, #5014, .F. ) ;
#9254 = EDGE_LOOP ( 'NONE', ( #5501, #7564, #2579, #10548 ) ) ;
#9255 = PLANE ( 'NONE',  #3915 ) ;
#9256 = VERTEX_POINT ( 'NONE', #822 ) ;
#9257 = CARTESIAN_POINT ( 'NONE',  ( -2.225000000000000977, 0.1999999999999999833, -0.3749999999999995559 ) ) ;
#9258 = VECTOR ( 'NONE', #1654, 1000.000000000000000 ) ;
#9259 = FACE_OUTER_BOUND ( 'NONE', #5975, .T. ) ;
#9260 = DIRECTION ( 'NONE',  ( 1.000000000000000000, 0.000000000000000000, 3.154042683594199163E-15 ) ) ;
#9261 = EDGE_CURVE ( 'NONE', #3942, #8881, #336, .T. ) ;
#9262 = ADVANCED_FACE ( 'NONE', ( #2547 ), #10278, .F. ) ;
#9263 = DIRECTION ( 'NONE',  ( -0.000000000000000000, 1.000000000000000000, -0.000000000000000000 ) ) ;
#9264 = DIRECTION ( 'NONE',  ( 1.000000000000000000, -0.000000000000000000, -7.885106708985485090E-16 ) ) ;
#9265 = ORIENTED_EDGE ( 'NONE', *, *, #8209, .T. ) ;
#9266 = ADVANCED_FACE ( 'NONE', ( #7815 ), #33, .T. ) ;
#9267 = DIRECTION ( 'NONE',  ( -0.000000000000000000, -1.000000000000000000, -0.000000000000000000 ) ) ;
#9268 = MECHANICAL_DESIGN_GEOMETRIC_PRESENTATION_REPRESENTATION (  '', ( #5669 ), #6918 ) ;
#9269 = LINE ( 'NONE', #693, #6736 ) ;
#9270 = CARTESIAN_POINT ( 'NONE',  ( -2.500000000000000444, 0.04999999999999969746, 0.1250000000000009714 ) ) ;
#9271 = ORIENTED_EDGE ( 'NONE', *, *, #657, .T. ) ;
#9272 = ORIENTED_EDGE ( 'NONE', *, *, #228, .T. ) ;
#9273 = DIRECTION ( 'NONE',  ( 0.000000000000000000, 1.000000000000000000, 0.000000000000000000 ) ) ;
#9274 = VERTEX_POINT ( 'NONE', #5110 ) ;
#9275 = VECTOR ( 'NONE', #4093, 999.9999999999998863 ) ;
#9276 = VERTEX_POINT ( 'NONE', #7657 ) ;
#9277 = CARTESIAN_POINT ( 'NONE',  ( -0.1250000000000001110, 0.000000000000000000, 2.500000000000000444 ) ) ;
#9278 = CARTESIAN_POINT ( 'NONE',  ( -2.500000000000000000, 0.8000000000000003775, 2.499999999999999556 ) ) ;
#9279 = EDGE_LOOP ( 'NONE', ( #1953, #2991, #8681, #2649, #3426, #10373, #6982, #3665 ) ) ;
#9280 = DIRECTION ( 'NONE',  ( 0.000000000000000000, 0.000000000000000000, 1.000000000000000000 ) ) ;
#9281 = EDGE_CURVE ( 'NONE', #3742, #213, #6677, .T. ) ;
#9282 = PLANE ( 'NONE',  #9422 ) ;
#9283 = DIRECTION ( 'NONE',  ( -0.000000000000000000, -0.000000000000000000, 1.000000000000000000 ) ) ;
#9284 = VECTOR ( 'NONE', #4242, 1000.000000000000000 ) ;
#9285 = DIRECTION ( 'NONE',  ( -1.734723475976808475E-15, -0.000000000000000000, 1.000000000000000000 ) ) ;
#9286 = FILL_AREA_STYLE ('',( #6746 ) ) ;
#9287 = CARTESIAN_POINT ( 'NONE',  ( 0.3749999999999998890, 0.2000000000000000111, -2.225000000000000533 ) ) ;
#9288 = EDGE_CURVE ( 'NONE', #2722, #9256, #10170, .T. ) ;
#9289 = CARTESIAN_POINT ( 'NONE',  ( -1.375000000000000000, 0.2000000000000000111, 2.500000000000000444 ) ) ;
#9290 = DIRECTION ( 'NONE',  ( -1.000000000000000000, 0.000000000000000000, 7.885106708985485090E-16 ) ) ;
#9291 = AXIS2_PLACEMENT_3D ( 'NONE', #8383, #8548, #653 ) ;
#9292 = EDGE_CURVE ( 'NONE', #9994, #3997, #1761, .T. ) ;
#9293 = DIRECTION ( 'NONE',  ( -0.000000000000000000, -1.000000000000000000, -0.000000000000000000 ) ) ;
#9294 = EDGE_CURVE ( 'NONE', #3216, #2175, #3024, .T. ) ;
#9295 = EDGE_LOOP ( 'NONE', ( #9315, #467, #8828, #724 ) ) ;
#9296 = DIRECTION ( 'NONE',  ( -1.734723475976808475E-15, 0.000000000000000000, -1.000000000000000000 ) ) ;
#9297 = AXIS2_PLACEMENT_3D ( 'NONE', #748, #4241, #1528 ) ;
#9298 = LINE ( 'NONE', #10463, #1997 ) ;
#9299 = VECTOR ( 'NONE', #6979, 1000.000000000000000 ) ;
#9300 = LINE ( 'NONE', #4969, #2011 ) ;
#9301 = EDGE_LOOP ( 'NONE', ( #6269, #1557, #7180, #2582 ) ) ;
#9302 = DIRECTION ( 'NONE',  ( 0.000000000000000000, 1.000000000000000000, 0.000000000000000000 ) ) ;
#9303 = ORIENTED_EDGE ( 'NONE', *, *, #3270, .T. ) ;
#9304 = DIRECTION ( 'NONE',  ( 0.000000000000000000, 0.000000000000000000, -1.000000000000000000 ) ) ;
#9305 = ORIENTED_EDGE ( 'NONE', *, *, #4643, .T. ) ;
#9306 = ORIENTED_EDGE ( 'NONE', *, *, #1607, .F. ) ;
#9307 = VECTOR ( 'NONE', #6363, 1000.000000000000000 ) ;
#9308 = DIRECTION ( 'NONE',  ( -0.000000000000000000, -1.000000000000000000, -0.000000000000000000 ) ) ;
#9309 = CARTESIAN_POINT ( 'NONE',  ( -1.750000000000000222, 0.2000000000000000111, 2.225000000000000533 ) ) ;
#9310 = EDGE_CURVE ( 'NONE', #4848, #2513, #8654, .T. ) ;
#9311 = CARTESIAN_POINT ( 'NONE',  ( 2.500000000000000444, 0.6716990566028304688, 1.125000000000000888 ) ) ;
#9312 = PLANE ( 'NONE',  #3264 ) ;
#9313 = LINE ( 'NONE', #1525, #6531 ) ;
#9314 = CARTESIAN_POINT ( 'NONE',  ( -2.225000000000000977, 0.1999999999999999833, -0.3749999999999995559 ) ) ;
#9315 = ORIENTED_EDGE ( 'NONE', *, *, #11150, .T. ) ;
#9316 = DIRECTION ( 'NONE',  ( 0.000000000000000000, 1.000000000000000000, 0.000000000000000000 ) ) ;
#9317 = LINE ( 'NONE', #10263, #2746 ) ;
#9318 = PLANE ( 'NONE',  #5136 ) ;
#9319 = ORIENTED_EDGE ( 'NONE', *, *, #10609, .T. ) ;
#9320 = ORIENTED_EDGE ( 'NONE', *, *, #5949, .T. ) ;
#9321 = DIRECTION ( 'NONE',  ( 0.000000000000000000, -0.000000000000000000, -1.000000000000000000 ) ) ;
#9322 = ADVANCED_FACE ( 'NONE', ( #2441 ), #1541, .F. ) ;
#9323 = ORIENTED_EDGE ( 'NONE', *, *, #8447, .F. ) ;
#9324 = VERTEX_POINT ( 'NONE', #7589 ) ;
#9325 = DIRECTION ( 'NONE',  ( 0.000000000000000000, 0.000000000000000000, 1.000000000000000000 ) ) ;
#9326 = CARTESIAN_POINT ( 'NONE',  ( 2.225000000000000977, 0.1999999999999999833, -1.749999999999999334 ) ) ;
#9327 = ORIENTED_EDGE ( 'NONE', *, *, #11125, .T. ) ;
#9328 = VERTEX_POINT ( 'NONE', #4257 ) ;
#9329 = DIRECTION ( 'NONE',  ( 0.000000000000000000, 0.000000000000000000, -1.000000000000000000 ) ) ;
#9330 = DIRECTION ( 'NONE',  ( 0.000000000000000000, -1.000000000000000000, 0.000000000000000000 ) ) ;
#9331 = EDGE_CURVE ( 'NONE', #492, #9752, #10113, .T. ) ;
#9332 = CARTESIAN_POINT ( 'NONE',  ( 1.125000000000000222, 0.2000000000000000111, -2.500000000000000444 ) ) ;
#9333 = CARTESIAN_POINT ( 'NONE',  ( 2.500000000000000888, 0.1999999999999999833, 1.875000000000000888 ) ) ;
#9334 = CARTESIAN_POINT ( 'NONE',  ( -2.225000000000000977, 0.1999999999999999833, -1.624999999999999556 ) ) ;
#9335 = EDGE_LOOP ( 'NONE', ( #10145, #3202, #1972, #10891 ) ) ;
#9336 = DIRECTION ( 'NONE',  ( -0.000000000000000000, -1.000000000000000000, 0.000000000000000000 ) ) ;
#9337 = FACE_OUTER_BOUND ( 'NONE', #8861, .T. ) ;
#9338 = AXIS2_PLACEMENT_3D ( 'NONE', #10338, #5165, #8602 ) ;
#9339 = VERTEX_POINT ( 'NONE', #3292 ) ;
#9340 = SURFACE_STYLE_FILL_AREA ( #6753 ) ;
#9341 = EDGE_CURVE ( 'NONE', #1872, #11108, #7760, .T. ) ;
#9342 = DIRECTION ( 'NONE',  ( 7.885106708985485090E-16, 0.000000000000000000, -1.000000000000000000 ) ) ;
#9343 = VECTOR ( 'NONE', #8374, 1000.000000000000000 ) ;
#9344 = CARTESIAN_POINT ( 'NONE',  ( -2.225000000000000977, 0.05000000000000002359, 0.8750000000000005551 ) ) ;
#9345 = CARTESIAN_POINT ( 'NONE',  ( -2.225000000000000977, 0.6716990566028304688, -0.6249999999999994449 ) ) ;
#9346 = EDGE_CURVE ( 'NONE', #10542, #8710, #2488, .T. ) ;
#9347 = LINE ( 'NONE', #6130, #4715 ) ;
#9348 = ORIENTED_EDGE ( 'NONE', *, *, #2563, .T. ) ;
#9349 = CARTESIAN_POINT ( 'NONE',  ( -0.3749999999999998890, 0.04999999999999999584, 2.225000000000000533 ) ) ;
#9350 = ORIENTED_EDGE ( 'NONE', *, *, #7846, .F. ) ;
#9351 = AXIS2_PLACEMENT_3D ( 'NONE', #10036, #5029, #574 ) ;
#9352 = CARTESIAN_POINT ( 'NONE',  ( 1.874999999999999778, 0.2000000000000000111, 2.225000000000000533 ) ) ;
#9353 = ORIENTED_EDGE ( 'NONE', *, *, #2395, .F. ) ;
#9354 = ORIENTED_EDGE ( 'NONE', *, *, #2395, .T. ) ;
#9355 = CARTESIAN_POINT ( 'NONE',  ( -2.225000000000000977, 0.1999999999999999833, -1.624999999999999556 ) ) ;
#9356 = VERTEX_POINT ( 'NONE', #7706 ) ;
#9357 = LINE ( 'NONE', #3540, #3948 ) ;
#9358 = VERTEX_POINT ( 'NONE', #3453 ) ;
#9359 = LINE ( 'NONE', #8690, #4329 ) ;
#9360 = EDGE_CURVE ( 'NONE', #332, #10493, #11136, .T. ) ;
#9361 = VECTOR ( 'NONE', #8678, 1000.000000000000000 ) ;
#9362 = FACE_OUTER_BOUND ( 'NONE', #7839, .T. ) ;
#9363 = VECTOR ( 'NONE', #9285, 1000.000000000000000 ) ;
#9364 = DIRECTION ( 'NONE',  ( -0.000000000000000000, -0.000000000000000000, -1.000000000000000000 ) ) ;
#9365 = CARTESIAN_POINT ( 'NONE',  ( -0.3749999999999998890, 0.1999999999999999833, -2.500000000000000444 ) ) ;
#9366 = EDGE_LOOP ( 'NONE', ( #2526, #5079, #1137, #9863 ) ) ;
#9367 = DIRECTION ( 'NONE',  ( -1.000000000000000000, 0.000000000000000000, 3.154042683594199163E-15 ) ) ;
#9368 = ADVANCED_FACE ( 'NONE', ( #9493 ), #5891, .F. ) ;
#9369 = LINE ( 'NONE', #6832, #6752 ) ;
#9370 = ORIENTED_EDGE ( 'NONE', *, *, #5705, .T. ) ;
#9371 = ORIENTED_EDGE ( 'NONE', *, *, #7410, .F. ) ;
#9372 = STYLED_ITEM ( 'NONE', ( #9188 ), #7313 ) ;
#9373 = SURFACE_STYLE_FILL_AREA ( #9218 ) ;
#9374 = AXIS2_PLACEMENT_3D ( 'NONE', #4427, #2822, #7069 ) ;
#9375 = DIRECTION ( 'NONE',  ( 1.000000000000000000, 0.000000000000000000, 7.885106708985485090E-16 ) ) ;
#9376 = PRESENTATION_LAYER_ASSIGNMENT (  '', '', ( #7585 ) ) ;
#9377 = ORIENTED_EDGE ( 'NONE', *, *, #5562, .F. ) ;
#9378 = VERTEX_POINT ( 'NONE', #1923 ) ;
#9379 = LINE ( 'NONE', #1759, #8493 ) ;
#9380 = DIRECTION ( 'NONE',  ( -1.000000000000000000, 0.000000000000000000, -0.000000000000000000 ) ) ;
#9381 = VECTOR ( 'NONE', #7087, 1000.000000000000000 ) ;
#9382 = DIRECTION ( 'NONE',  ( 0.000000000000000000, 1.000000000000000000, 0.000000000000000000 ) ) ;
#9383 = ORIENTED_EDGE ( 'NONE', *, *, #3504, .T. ) ;
#9384 = ORIENTED_EDGE ( 'NONE', *, *, #5560, .F. ) ;
#9385 = DIRECTION ( 'NONE',  ( 0.000000000000000000, -1.000000000000000000, 0.000000000000000000 ) ) ;
#9386 = FACE_OUTER_BOUND ( 'NONE', #4355, .T. ) ;
#9387 = EDGE_CURVE ( 'NONE', #10923, #125, #8765, .T. ) ;
#9388 = VECTOR ( 'NONE', #4532, 1000.000000000000000 ) ;
#9389 = VECTOR ( 'NONE', #152, 1000.000000000000000 ) ;
#9390 = PLANE ( 'NONE',  #4144 ) ;
#9391 = DIRECTION ( 'NONE',  ( -0.000000000000000000, -1.000000000000000000, -0.000000000000000000 ) ) ;
#9392 = LINE ( 'NONE', #5008, #1298 ) ;
#9393 = EDGE_CURVE ( 'NONE', #10642, #3770, #2874, .T. ) ;
#9394 = LINE ( 'NONE', #11147, #4386 ) ;
#9395 = LINE ( 'NONE', #2620, #2589 ) ;
#9396 = MECHANICAL_DESIGN_GEOMETRIC_PRESENTATION_REPRESENTATION (  '', ( #582 ), #10464 ) ;
#9397 = EDGE_CURVE ( 'NONE', #7338, #5003, #5489, .T. ) ;
#9398 = VERTEX_POINT ( 'NONE', #972 ) ;
#9399 = ORIENTED_EDGE ( 'NONE', *, *, #1378, .T. ) ;
#9400 = CARTESIAN_POINT ( 'NONE',  ( 0.1250000000000003331, 0.2000000000000000111, -2.225000000000000533 ) ) ;
#9401 = LINE ( 'NONE', #10356, #7570 ) ;
#9402 = VECTOR ( 'NONE', #8623, 1000.000000000000000 ) ;
#9403 = FACE_OUTER_BOUND ( 'NONE', #538, .T. ) ;
#9404 = CARTESIAN_POINT ( 'NONE',  ( 2.500000000000000888, 0.000000000000000000, -0.6249999999999992228 ) ) ;
#9405 = CARTESIAN_POINT ( 'NONE',  ( -2.500000000000000444, 0.6716990566028304688, -1.874999999999999112 ) ) ;
#9406 = ORIENTED_EDGE ( 'NONE', *, *, #796, .F. ) ;
#9407 = VECTOR ( 'NONE', #7749, 1000.000000000000000 ) ;
#9408 = EDGE_CURVE ( 'NONE', #8959, #7503, #5324, .T. ) ;
#9409 = PRESENTATION_LAYER_ASSIGNMENT (  '', '', ( #9946 ) ) ;
#9410 = DIRECTION ( 'NONE',  ( 0.000000000000000000, -0.000000000000000000, -1.000000000000000000 ) ) ;
#9411 = AXIS2_PLACEMENT_3D ( 'NONE', #7234, #7032, #6194 ) ;
#9412 = VECTOR ( 'NONE', #663, 1000.000000000000000 ) ;
#9413 = VERTEX_POINT ( 'NONE', #132 ) ;
#9414 = PLANE ( 'NONE',  #9197 ) ;
#9415 = ORIENTED_EDGE ( 'NONE', *, *, #95, .T. ) ;
#9416 = EDGE_CURVE ( 'NONE', #6181, #10402, #9540, .T. ) ;
#9417 = ORIENTED_EDGE ( 'NONE', *, *, #6022, .F. ) ;
#9418 = LINE ( 'NONE', #1685, #5735 ) ;
#9419 = DIRECTION ( 'NONE',  ( 1.000000000000000000, 0.000000000000000000, 3.154042683594199163E-15 ) ) ;
#9420 = ORIENTED_EDGE ( 'NONE', *, *, #5383, .T. ) ;
#9421 = DIRECTION ( 'NONE',  ( 0.000000000000000000, 0.000000000000000000, -1.000000000000000000 ) ) ;
#9422 = AXIS2_PLACEMENT_3D ( 'NONE', #3006, #9056, #8318 ) ;
#9423 = LINE ( 'NONE', #7043, #4358 ) ;
#9424 = ORIENTED_EDGE ( 'NONE', *, *, #181, .F. ) ;
#9425 = DIRECTION ( 'NONE',  ( 1.000000000000000000, 0.000000000000000000, -3.154042683594199163E-15 ) ) ;
#9426 = DIRECTION ( 'NONE',  ( 0.000000000000000000, 1.000000000000000000, -0.000000000000000000 ) ) ;
#9427 = ORIENTED_EDGE ( 'NONE', *, *, #3319, .T. ) ;
#9428 = DIRECTION ( 'NONE',  ( -0.000000000000000000, -1.000000000000000000, -0.000000000000000000 ) ) ;
#9429 = PRODUCT_RELATED_PRODUCT_CATEGORY ( 'part', '', ( #6634 ) ) ;
#9430 = DIRECTION ( 'NONE',  ( 0.000000000000000000, 0.000000000000000000, 1.000000000000000000 ) ) ;
#9431 = DIRECTION ( 'NONE',  ( 0.000000000000000000, -1.000000000000000000, 0.000000000000000000 ) ) ;
#9432 = EDGE_CURVE ( 'NONE', #1706, #5753, #2763, .T. ) ;
#9433 = EDGE_LOOP ( 'NONE', ( #5099, #9109, #2410, #10327 ) ) ;
#9434 = ORIENTED_EDGE ( 'NONE', *, *, #9460, .F. ) ;
#9435 = AXIS2_PLACEMENT_3D ( 'NONE', #7541, #10975, #5795 ) ;
#9436 = ADVANCED_FACE ( 'NONE', ( #242 ), #4420, .F. ) ;
#9437 = CARTESIAN_POINT ( 'NONE',  ( 2.225000000000000977, 0.6716990566028304688, -1.124999999999999556 ) ) ;
#9438 = CARTESIAN_POINT ( 'NONE',  ( 2.225000000000000977, 0.000000000000000000, 0.8750000000000005551 ) ) ;
#9439 = ORIENTED_EDGE ( 'NONE', *, *, #2596, .F. ) ;
#9440 = ORIENTED_EDGE ( 'NONE', *, *, #98, .T. ) ;
#9441 = DIRECTION ( 'NONE',  ( -0.000000000000000000, -1.000000000000000000, -0.000000000000000000 ) ) ;
#9442 = FACE_OUTER_BOUND ( 'NONE', #738, .T. ) ;
#9443 = AXIS2_PLACEMENT_3D ( 'NONE', #2206, #6719, #1467 ) ;
#9444 = DIRECTION ( 'NONE',  ( 0.000000000000000000, -1.000000000000000000, 0.000000000000000000 ) ) ;
#9445 = VERTEX_POINT ( 'NONE', #5372 ) ;
#9446 = ORIENTED_EDGE ( 'NONE', *, *, #1139, .F. ) ;
#9447 = PLANE ( 'NONE',  #800 ) ;
#9448 = CARTESIAN_POINT ( 'NONE',  ( -1.675000000000000266, 0.1999999999999996503, 1.725000000000000311 ) ) ;
#9449 = AXIS2_PLACEMENT_3D ( 'NONE', #5281, #10568, #9621 ) ;
#9450 = LINE ( 'NONE', #4204, #7402 ) ;
#9451 = ADVANCED_FACE ( 'NONE', ( #7119 ), #9604, .F. ) ;
#9452 = CARTESIAN_POINT ( 'NONE',  ( 2.500000000000000444, 0.04999999999999969746, -0.3749999999999990563 ) ) ;
#9453 = FACE_OUTER_BOUND ( 'NONE', #9792, .T. ) ;
#9454 = AXIS2_PLACEMENT_3D ( 'NONE', #9824, #8305, #5723 ) ;
#9455 = CARTESIAN_POINT ( 'NONE',  ( 2.225000000000000977, 0.1999999999999999833, -1.624999999999999556 ) ) ;
#9456 = CARTESIAN_POINT ( 'NONE',  ( 2.225000000000000977, 0.000000000000000000, 1.375000000000000666 ) ) ;
#9457 = SURFACE_SIDE_STYLE ('',( #103 ) ) ;
#9458 = EDGE_CURVE ( 'NONE', #2503, #8022, #6097, .T. ) ;
#9459 = DIRECTION ( 'NONE',  ( -1.000000000000000000, 0.000000000000000000, 7.885106708985485090E-16 ) ) ;
#9460 = EDGE_CURVE ( 'NONE', #3734, #9225, #8930, .T. ) ;
#9461 = SURFACE_SIDE_STYLE ('',( #6077 ) ) ;
#9462 = DIRECTION ( 'NONE',  ( 0.000000000000000000, 1.000000000000000000, 0.000000000000000000 ) ) ;
#9463 = DIRECTION ( 'NONE',  ( -0.000000000000000000, -1.000000000000000000, -0.000000000000000000 ) ) ;
#9464 = ORIENTED_EDGE ( 'NONE', *, *, #784, .T. ) ;
#9465 = CLOSED_SHELL ( 'NONE', ( #9154, #645, #6913, #205, #2903, #10189 ) ) ;
#9466 = DIRECTION ( 'NONE',  ( 0.000000000000000000, 0.000000000000000000, 1.000000000000000000 ) ) ;
#9467 = EDGE_LOOP ( 'NONE', ( #2092, #2764, #9755, #7423 ) ) ;
#9468 = DIRECTION ( 'NONE',  ( 1.734723475976808475E-15, 0.000000000000000000, 1.000000000000000000 ) ) ;
#9469 = EDGE_LOOP ( 'NONE', ( #4077, #5437, #6349, #286 ) ) ;
#9470 = SURFACE_SIDE_STYLE ('',( #6088 ) ) ;
#9472 = ADVANCED_FACE ( 'NONE', ( #10551 ), #1875, .F. ) ;
#9471 = AXIS2_PLACEMENT_3D ( 'NONE', #1582, #10206, #8423 ) ;
#9473 = AXIS2_PLACEMENT_3D ( 'NONE', #5713, #8465, #572 ) ;
#9474 = CARTESIAN_POINT ( 'NONE',  ( 1.125000000000000444, 0.2000000000000000111, -2.225000000000000533 ) ) ;
#9475 = VECTOR ( 'NONE', #10363, 1000.000000000000000 ) ;
#9476 = CARTESIAN_POINT ( 'NONE',  ( 1.724999999999999645, 0.000000000000000000, -1.674999999999999600 ) ) ;
#9477 = CARTESIAN_POINT ( 'NONE',  ( -0.6250000000000001110, 0.000000000000000000, -2.500000000000000444 ) ) ;
#9478 = ORIENTED_EDGE ( 'NONE', *, *, #9582, .F. ) ;
#9479 = ORIENTED_EDGE ( 'NONE', *, *, #3079, .T. ) ;
#9480 = CLOSED_SHELL ( 'NONE', ( #10447, #8608, #630, #10576, #3691, #10228, #427, #4217, #2108, #2380 ) ) ;
#9481 = DIRECTION ( 'NONE',  ( 0.000000000000000000, 0.000000000000000000, 1.000000000000000000 ) ) ;
#9482 = CARTESIAN_POINT ( 'NONE',  ( 0.7499999999999997780, 0.04999999999999999584, 2.225000000000000533 ) ) ;
#9483 = FACE_OUTER_BOUND ( 'NONE', #9366, .T. ) ;
#9484 = ORIENTED_EDGE ( 'NONE', *, *, #10634, .T. ) ;
#9485 = ORIENTED_EDGE ( 'NONE', *, *, #1897, .T. ) ;
#9486 = CARTESIAN_POINT ( 'NONE',  ( 2.500000000000000888, 0.000000000000000000, -1.124999999999999334 ) ) ;
#9487 = ORIENTED_EDGE ( 'NONE', *, *, #9219, .T. ) ;
#9488 = ORIENTED_EDGE ( 'NONE', *, *, #9072, .T. ) ;
#9490 = EDGE_CURVE ( 'NONE', #4912, #5598, #9658, .T. ) ;
#9489 = CARTESIAN_POINT ( 'NONE',  ( 1.674999999999999822, 0.1999999999999996503, -1.724999999999999423 ) ) ;
#9491 = EDGE_CURVE ( 'NONE', #4186, #1460, #1977, .T. ) ;
#9492 = CARTESIAN_POINT ( 'NONE',  ( 1.375000000000000000, 0.2000000000000000111, 2.225000000000000533 ) ) ;
#9493 = FACE_OUTER_BOUND ( 'NONE', #10297, .T. ) ;
#9494 = ORIENTED_EDGE ( 'NONE', *, *, #228, .F. ) ;
#9495 = DIRECTION ( 'NONE',  ( 0.000000000000000000, 0.000000000000000000, 1.000000000000000000 ) ) ;
#9496 = DIRECTION ( 'NONE',  ( 3.154042683594199163E-15, -0.000000000000000000, 1.000000000000000000 ) ) ;
#9497 = FACE_OUTER_BOUND ( 'NONE', #8637, .T. ) ;
#9498 = CARTESIAN_POINT ( 'NONE',  ( -0.7500000000000002220, 0.04999999999999999584, 2.225000000000000533 ) ) ;
#9499 = CARTESIAN_POINT ( 'NONE',  ( -1.950000000000000844, 0.04289321881345033172, -1.950000000000000400 ) ) ;
#9500 = SURFACE_STYLE_FILL_AREA ( #10347 ) ;
#9501 = EDGE_CURVE ( 'NONE', #5236, #973, #4583, .T. ) ;
#9502 = CARTESIAN_POINT ( 'NONE',  ( 0.1250000000000001110, 0.000000000000000000, -2.500000000000000444 ) ) ;
#9503 = ORIENTED_EDGE ( 'NONE', *, *, #2848, .T. ) ;
#9504 = COLOUR_RGB ( '',0.7921568627450980005, 0.8196078431372548767, 0.9333333333333333481 ) ;
#9505 = FACE_OUTER_BOUND ( 'NONE', #4193, .T. ) ;
#9506 = LINE ( 'NONE', #1775, #10699 ) ;
#9507 = EDGE_CURVE ( 'NONE', #10043, #9413, #5266, .T. ) ;
#9508 = LINE ( 'NONE', #4271, #3089 ) ;
#9509 = PLANE ( 'NONE',  #1071 ) ;
#9510 = FACE_OUTER_BOUND ( 'NONE', #626, .T. ) ;
#9511 = CARTESIAN_POINT ( 'NONE',  ( -1.625000000000000222, 0.6716990566028303578, -2.500000000000000444 ) ) ;
#9512 = CYLINDRICAL_SURFACE ( 'NONE', #10652, 0.1250000000000001110 ) ;
#9513 = VERTEX_POINT ( 'NONE', #3510 ) ;
#9514 = CIRCLE ( 'NONE', #10586, 0.1250000000000002220 ) ;
#9515 = DIRECTION ( 'NONE',  ( 0.000000000000000000, 0.000000000000000000, 1.000000000000000000 ) ) ;
#9516 = ADVANCED_FACE ( 'NONE', ( #6162 ), #10606, .F. ) ;
#9517 = FACE_OUTER_BOUND ( 'NONE', #2067, .T. ) ;
#9518 = EDGE_LOOP ( 'NONE', ( #2980, #8463, #6593, #10960 ) ) ;
#9519 = PLANE ( 'NONE',  #7162 ) ;
#9520 = CARTESIAN_POINT ( 'NONE',  ( 1.674999999999999822, 5.079036790187180017, -1.674999999999999600 ) ) ;
#9521 = DIRECTION ( 'NONE',  ( 0.000000000000000000, -1.000000000000000000, 0.000000000000000000 ) ) ;
#9522 = CARTESIAN_POINT ( 'NONE',  ( 1.249999999999999778, 0.1999999999999999833, 2.100000000000000089 ) ) ;
#9523 = ORIENTED_EDGE ( 'NONE', *, *, #7884, .F. ) ;
#9524 = CARTESIAN_POINT ( 'NONE',  ( -1.675000000000000266, 0.1999999999999996503, 1.725000000000000311 ) ) ;
#9525 = ORIENTED_EDGE ( 'NONE', *, *, #2249, .F. ) ;
#9526 = EDGE_CURVE ( 'NONE', #685, #4296, #9820, .T. ) ;
#9527 = CARTESIAN_POINT ( 'NONE',  ( 1.875000000000000000, 0.1999999999999999833, -2.225000000000000533 ) ) ;
#9528 = CIRCLE ( 'NONE', #4132, 0.1250000000000001110 ) ;
#9529 = LINE ( 'NONE', #6045, #5291 ) ;
#9530 = CARTESIAN_POINT ( 'NONE',  ( 2.225000000000000977, 0.6716990566028304688, 0.2500000000000006661 ) ) ;
#9531 = VERTEX_POINT ( 'NONE', #7468 ) ;
#9532 = VERTEX_POINT ( 'NONE', #477 ) ;
#9533 = FILL_AREA_STYLE ('',( #5154 ) ) ;
#9534 = DIRECTION ( 'NONE',  ( 0.000000000000000000, -1.000000000000000000, 0.000000000000000000 ) ) ;
#9535 = ORIENTED_EDGE ( 'NONE', *, *, #1965, .F. ) ;
#9536 = AXIS2_PLACEMENT_3D ( 'NONE', #10573, #8159, #9788 ) ;
#9537 = ORIENTED_EDGE ( 'NONE', *, *, #3704, .F. ) ;
#9538 = DIRECTION ( 'NONE',  ( 0.000000000000000000, 0.000000000000000000, 1.000000000000000000 ) ) ;
#9539 = FACE_OUTER_BOUND ( 'NONE', #8310, .T. ) ;
#9540 = LINE ( 'NONE', #1131, #3213 ) ;
#9541 = VERTEX_POINT ( 'NONE', #4925 ) ;
#9542 = CARTESIAN_POINT ( 'NONE',  ( 2.500000000000000888, 0.1999999999999999833, 0.3750000000000007772 ) ) ;
#9543 = PLANE ( 'NONE',  #10175 ) ;
#9544 = CIRCLE ( 'NONE', #7582, 0.1250000000000001110 ) ;
#9545 = EDGE_CURVE ( 'NONE', #6143, #11012, #5277, .T. ) ;
#9546 = PLANE ( 'NONE',  #8266 ) ;
#9547 = EDGE_CURVE ( 'NONE', #7261, #9226, #5546, .T. ) ;
#9548 = VECTOR ( 'NONE', #4, 1000.000000000000000 ) ;
#9549 = EDGE_CURVE ( 'NONE', #6760, #4187, #8982, .T. ) ;
#9550 = PRESENTATION_LAYER_ASSIGNMENT (  '', '', ( #6320 ) ) ;
#9551 = CARTESIAN_POINT ( 'NONE',  ( 2.500000000000000000, 8.671067811865475150, 2.499999999999999556 ) ) ;
#9552 = VECTOR ( 'NONE', #4654, 1000.000000000000000 ) ;
#9553 = CIRCLE ( 'NONE', #7033, 0.1250000000000001110 ) ;
#9554 = FACE_OUTER_BOUND ( 'NONE', #8635, .T. ) ;
#9555 = LINE ( 'NONE', #11096, #5106 ) ;
#9556 = ORIENTED_EDGE ( 'NONE', *, *, #2528, .T. ) ;
#9557 = CARTESIAN_POINT ( 'NONE',  ( -1.249999999999999778, 0.04999999999999999584, -2.225000000000000533 ) ) ;
#9558 = VECTOR ( 'NONE', #2505, 1000.000000000000000 ) ;
#9559 = CYLINDRICAL_SURFACE ( 'NONE', #6390, 0.04999999999999991257 ) ;
#9560 = ADVANCED_FACE ( 'NONE', ( #4865 ), #1238, .T. ) ;
#9561 = COLOUR_RGB ( '',0.7921568627450980005, 0.8196078431372548767, 0.9333333333333333481 ) ;
#9562 = VECTOR ( 'NONE', #10075, 1000.000000000000000 ) ;
#9563 = ORIENTED_EDGE ( 'NONE', *, *, #2357, .T. ) ;
#9564 = EDGE_CURVE ( 'NONE', #845, #5073, #10662, .T. ) ;
#9565 = CARTESIAN_POINT ( 'NONE',  ( -2.500000000000000888, 0.000000000000000000, -1.624999999999999334 ) ) ;
#9566 = CARTESIAN_POINT ( 'NONE',  ( -2.225000000000000977, 0.1999999999999999833, -1.624999999999999556 ) ) ;
#9567 = FILL_AREA_STYLE ('',( #7257 ) ) ;
#9568 = CARTESIAN_POINT ( 'NONE',  ( -0.1250000000000001110, 0.2000000000000005107, 2.499999999999999556 ) ) ;
#9569 = VECTOR ( 'NONE', #1635, 1000.000000000000000 ) ;
#9570 = LINE ( 'NONE', #6977, #4179 ) ;
#9571 = VERTEX_POINT ( 'NONE', #8139 ) ;
#9572 = DIRECTION ( 'NONE',  ( -0.000000000000000000, -1.000000000000000000, 0.000000000000000000 ) ) ;
#9573 = AXIS2_PLACEMENT_3D ( 'NONE', #4043, #3084, #10069 ) ;
#9574 = DIRECTION ( 'NONE',  ( -1.000000000000000000, 0.000000000000000000, 1.734723475976808475E-15 ) ) ;
#9575 = ORIENTED_EDGE ( 'NONE', *, *, #3986, .F. ) ;
#9576 = ORIENTED_EDGE ( 'NONE', *, *, #4460, .F. ) ;
#9577 = AXIS2_PLACEMENT_3D ( 'NONE', #2571, #9463, #7838 ) ;
#9578 = FACE_OUTER_BOUND ( 'NONE', #7187, .T. ) ;
#9579 = LINE ( 'NONE', #11116, #10604 ) ;
#9580 = PLANE ( 'NONE',  #7580 ) ;
#9581 = DIRECTION ( 'NONE',  ( -0.000000000000000000, -1.000000000000000000, -0.000000000000000000 ) ) ;
#9582 = EDGE_CURVE ( 'NONE', #10883, #9698, #8301, .T. ) ;
#9583 = ORIENTED_EDGE ( 'NONE', *, *, #6244, .F. ) ;
#9584 = VECTOR ( 'NONE', #1914, 1000.000000000000000 ) ;
#9585 = PLANE ( 'NONE',  #2740 ) ;
#9586 = AXIS2_PLACEMENT_3D ( 'NONE', #3627, #5443, #361 ) ;
#9587 = ORIENTED_EDGE ( 'NONE', *, *, #1006, .F. ) ;
#9588 = PLANE ( 'NONE',  #8188 ) ;
#9589 = LINE ( 'NONE', #7959, #4756 ) ;
#9590 = FACE_OUTER_BOUND ( 'NONE', #9137, .T. ) ;
#9591 = ORIENTED_EDGE ( 'NONE', *, *, #7047, .T. ) ;
#9592 = ORIENTED_EDGE ( 'NONE', *, *, #2559, .T. ) ;
#9593 = DIRECTION ( 'NONE',  ( 3.154042683594199163E-15, -0.000000000000000000, 1.000000000000000000 ) ) ;
#9594 = CIRCLE ( 'NONE', #6714, 0.1250000000000001110 ) ;
#9595 = AXIS2_PLACEMENT_3D ( 'NONE', #10836, #5664, #4010 ) ;
#9596 = PLANE ( 'NONE',  #10060 ) ;
#9597 = VECTOR ( 'NONE', #7572, 1000.000000000000000 ) ;
#9598 = ADVANCED_FACE ( 'NONE', ( #10838, #4011 ), #3110, .T. ) ;
#9599 = VERTEX_POINT ( 'NONE', #2148 ) ;
#9600 = ORIENTED_EDGE ( 'NONE', *, *, #8324, .F. ) ;
#9601 = EDGE_CURVE ( 'NONE', #142, #2385, #414, .T. ) ;
#9602 = EDGE_CURVE ( 'NONE', #3974, #4686, #7256, .T. ) ;
#9603 = CARTESIAN_POINT ( 'NONE',  ( 2.500000000000000888, 0.6716990566028304688, -1.124999999999999334 ) ) ;
#9604 = PLANE ( 'NONE',  #10962 ) ;
#9605 = ORIENTED_EDGE ( 'NONE', *, *, #10943, .T. ) ;
#9606 = PRESENTATION_STYLE_ASSIGNMENT (( #2703 ) ) ;
#9607 = AXIS2_PLACEMENT_3D ( 'NONE', #1396, #9247, #8183 ) ;
#9608 = LINE ( 'NONE', #7123, #3866 ) ;
#9609 = AXIS2_PLACEMENT_3D ( 'NONE', #985, #9336, #2500 ) ;
#9610 = DIRECTION ( 'NONE',  ( 0.000000000000000000, 0.000000000000000000, -1.000000000000000000 ) ) ;
#9611 = AXIS2_PLACEMENT_3D ( 'NONE', #8369, #5771, #8477 ) ;
#9612 = ADVANCED_FACE ( 'NONE', ( #1359 ), #2095, .F. ) ;
#9613 = DIRECTION ( 'NONE',  ( 0.000000000000000000, 1.000000000000000000, 0.000000000000000000 ) ) ;
#9614 = AXIS2_PLACEMENT_3D ( 'NONE', #5545, #10605, #413 ) ;
#9615 =( NAMED_UNIT ( * ) PLANE_ANGLE_UNIT ( ) SI_UNIT ( $, .RADIAN. ) );
#9616 = ADVANCED_FACE ( 'NONE', ( #8253 ), #2994, .F. ) ;
#9617 = DIRECTION ( 'NONE',  ( 0.000000000000000000, 0.000000000000000000, 1.000000000000000000 ) ) ;
#9618 = ORIENTED_EDGE ( 'NONE', *, *, #1472, .F. ) ;
#9619 = ORIENTED_EDGE ( 'NONE', *, *, #2934, .F. ) ;
#9620 = CARTESIAN_POINT ( 'NONE',  ( 0.3749999999999998890, 0.04999999999999999584, -2.225000000000000533 ) ) ;
#9621 = DIRECTION ( 'NONE',  ( 0.000000000000000000, 0.000000000000000000, -1.000000000000000000 ) ) ;
#9622 = ORIENTED_EDGE ( 'NONE', *, *, #10203, .F. ) ;
#9623 = ORIENTED_EDGE ( 'NONE', *, *, #5842, .T. ) ;
#9624 = DIRECTION ( 'NONE',  ( 0.000000000000000000, -0.000000000000000000, -1.000000000000000000 ) ) ;
#9625 = DIRECTION ( 'NONE',  ( 0.000000000000000000, -1.000000000000000000, 0.000000000000000000 ) ) ;
#9626 = VECTOR ( 'NONE', #6665, 1000.000000000000000 ) ;
#9627 = PLANE ( 'NONE',  #3971 ) ;
#9629 = ADVANCED_FACE ( 'NONE', ( #9871 ), #2311, .F. ) ;
#9628 = CARTESIAN_POINT ( 'NONE',  ( 0.2499999999999997780, 0.000000000000000000, 2.225000000000000533 ) ) ;
#9630 = CARTESIAN_POINT ( 'NONE',  ( -2.225000000000000977, 0.6716990566028304688, 1.625000000000000666 ) ) ;
#9631 = ORIENTED_EDGE ( 'NONE', *, *, #10982, .T. ) ;
#9632 = EDGE_CURVE ( 'NONE', #1586, #10493, #9769, .T. ) ;
#9633 = LINE ( 'NONE', #1900, #8882 ) ;
#9634 = ADVANCED_FACE ( 'NONE', ( #5768 ), #351, .T. ) ;
#9635 = LINE ( 'NONE', #7732, #8346 ) ;
#9636 = CIRCLE ( 'NONE', #9454, 0.1250000000000002220 ) ;
#9637 = LINE ( 'NONE', #7842, #1622 ) ;
#9638 = ORIENTED_EDGE ( 'NONE', *, *, #9034, .F. ) ;
#9639 =( LENGTH_UNIT ( ) NAMED_UNIT ( * ) SI_UNIT ( .MILLI., .METRE. ) );
#9640 = EDGE_CURVE ( 'NONE', #3708, #276, #6717, .T. ) ;
#9641 = DIRECTION ( 'NONE',  ( 1.000000000000000000, -0.000000000000000000, -7.885106708985485090E-16 ) ) ;
#9642 = DIRECTION ( 'NONE',  ( -1.000000000000000000, 0.000000000000000000, -0.000000000000000000 ) ) ;
#9643 = LINE ( 'NONE', #8010, #1652 ) ;
#9644 = ORIENTED_EDGE ( 'NONE', *, *, #7360, .F. ) ;
#9645 = DIRECTION ( 'NONE',  ( 0.000000000000000000, 0.000000000000000000, -1.000000000000000000 ) ) ;
#9646 = DIRECTION ( 'NONE',  ( 0.000000000000000000, 0.000000000000000000, -1.000000000000000000 ) ) ;
#9647 = DIRECTION ( 'NONE',  ( 0.000000000000000000, -0.000000000000000000, -1.000000000000000000 ) ) ;
#9648 = VECTOR ( 'NONE', #6611, 1000.000000000000000 ) ;
#9649 = DIRECTION ( 'NONE',  ( 0.000000000000000000, 0.000000000000000000, -1.000000000000000000 ) ) ;
#9650 = VERTEX_POINT ( 'NONE', #2733 ) ;
#9651 = VERTEX_POINT ( 'NONE', #1526 ) ;
#9652 = EDGE_CURVE ( 'NONE', #1692, #7230, #9633, .T. ) ;
#9653 = FACE_OUTER_BOUND ( 'NONE', #10135, .T. ) ;
#9654 = ORIENTED_EDGE ( 'NONE', *, *, #6564, .F. ) ;
#9655 = ORIENTED_EDGE ( 'NONE', *, *, #5219, .T. ) ;
#9656 = UNCERTAINTY_MEASURE_WITH_UNIT (LENGTH_MEASURE( 1.000000000000000082E-05 ), #9823, 'distance_accuracy_value', 'NONE');
#9657 = CARTESIAN_POINT ( 'NONE',  ( 2.225000000000000977, 0.6716990566028304688, -1.124999999999999556 ) ) ;
#9658 = LINE ( 'NONE', #1075, #10308 ) ;
#9659 = EDGE_LOOP ( 'NONE', ( #9523, #1751, #4399, #2864 ) ) ;
#9660 = DIRECTION ( 'NONE',  ( -0.000000000000000000, -1.000000000000000000, -0.000000000000000000 ) ) ;
#9661 = CARTESIAN_POINT ( 'NONE',  ( 0.1250000000000001110, 0.000000000000000000, 2.500000000000000444 ) ) ;
#9662 = LINE ( 'NONE', #4373, #10782 ) ;
#9663 = EDGE_CURVE ( 'NONE', #3722, #7811, #5999, .T. ) ;
#9664 = CYLINDRICAL_SURFACE ( 'NONE', #9374, 0.1250000000000001110 ) ;
#9665 = CARTESIAN_POINT ( 'NONE',  ( -2.225000000000000977, 0.6716990566028304688, 0.7500000000000006661 ) ) ;
#9666 = DIRECTION ( 'NONE',  ( 1.000000000000000000, -0.000000000000000000, -7.885106708985485090E-16 ) ) ;
#9667 = EDGE_LOOP ( 'NONE', ( #2492, #6450, #758, #1574 ) ) ;
#9668 = ORIENTED_EDGE ( 'NONE', *, *, #4659, .F. ) ;
#9669 = CARTESIAN_POINT ( 'NONE',  ( 1.674999999999999822, 5.079036790187180017, -1.674999999999999600 ) ) ;
#9670 = CARTESIAN_POINT ( 'NONE',  ( -1.125000000000000222, 0.2000000000000000111, 2.225000000000000533 ) ) ;
#9671 = ADVANCED_FACE ( 'NONE', ( #4987 ), #6827, .F. ) ;
#9672 = ORIENTED_EDGE ( 'NONE', *, *, #4160, .F. ) ;
#9673 = EDGE_LOOP ( 'NONE', ( #10339, #812, #2539, #5373 ) ) ;
#9674 = LINE ( 'NONE', #8727, #8992 ) ;
#9675 = LINE ( 'NONE', #5511, #1611 ) ;
#9676 = CARTESIAN_POINT ( 'NONE',  ( -1.625000000000000222, 0.6716990566028303578, 2.500000000000000444 ) ) ;
#9677 = DIRECTION ( 'NONE',  ( 0.000000000000000000, -1.000000000000000000, 0.000000000000000000 ) ) ;
#9678 = DIRECTION ( 'NONE',  ( 0.000000000000000000, -1.000000000000000000, 0.000000000000000000 ) ) ;
#9679 = VERTEX_POINT ( 'NONE', #6720 ) ;
#9680 = CARTESIAN_POINT ( 'NONE',  ( -2.500000000000000888, 0.1999999999999999833, -1.624999999999999334 ) ) ;
#9681 = LINE ( 'NONE', #8169, #5342 ) ;
#9682 = EDGE_CURVE ( 'NONE', #7503, #8624, #2532, .T. ) ;
#9683 = DIRECTION ( 'NONE',  ( 0.000000000000000000, -1.000000000000000000, 0.000000000000000000 ) ) ;
#9684 = VERTEX_POINT ( 'NONE', #6776 ) ;
#9685 =( NAMED_UNIT ( * ) SI_UNIT ( $, .STERADIAN. ) SOLID_ANGLE_UNIT ( ) );
#9686 = EDGE_CURVE ( 'NONE', #6332, #1872, #5987, .T. ) ;
#9687 = DIRECTION ( 'NONE',  ( 0.000000000000000000, 0.000000000000000000, -1.000000000000000000 ) ) ;
#9688 =( NAMED_UNIT ( * ) SI_UNIT ( $, .STERADIAN. ) SOLID_ANGLE_UNIT ( ) );
#9689 = DIRECTION ( 'NONE',  ( 0.000000000000000000, 0.000000000000000000, 1.000000000000000000 ) ) ;
#9690 = ORIENTED_EDGE ( 'NONE', *, *, #7182, .T. ) ;
#9691 = CARTESIAN_POINT ( 'NONE',  ( 2.500000000000000888, 0.6716990566028304688, 0.3750000000000007772 ) ) ;
#9692 = LINE ( 'NONE', #4299, #9407 ) ;
#9693 = AXIS2_PLACEMENT_3D ( 'NONE', #762, #4195, #10219 ) ;
#9694 = CARTESIAN_POINT ( 'NONE',  ( 0.3749999999999998890, 0.1999999999999999833, -2.225000000000000533 ) ) ;
#9695 = VERTEX_POINT ( 'NONE', #4180 ) ;
#9696 = EDGE_CURVE ( 'NONE', #3876, #6273, #11004, .T. ) ;
#9697 = DIRECTION ( 'NONE',  ( 0.000000000000000000, 1.000000000000000000, 0.000000000000000000 ) ) ;
#9698 = VERTEX_POINT ( 'NONE', #5824 ) ;
#9699 = ORIENTED_EDGE ( 'NONE', *, *, #8673, .T. ) ;
#9700 = AXIS2_PLACEMENT_3D ( 'NONE', #4190, #1648, #5622 ) ;
#9701 = CARTESIAN_POINT ( 'NONE',  ( 3.942553354492531031E-16, 0.05000000000000000278, 0.1249999999999930889 ) ) ;
#9702 = DIRECTION ( 'NONE',  ( -1.000000000000000000, 0.000000000000000000, 0.000000000000000000 ) ) ;
#9703 = ORIENTED_EDGE ( 'NONE', *, *, #10404, .F. ) ;
#9704 = EDGE_CURVE ( 'NONE', #4998, #5861, #9953, .T. ) ;
#9705 = CARTESIAN_POINT ( 'NONE',  ( 0.3749999999999998890, 0.1999999999999999833, 2.225000000000000533 ) ) ;
#9706 = CARTESIAN_POINT ( 'NONE',  ( -1.625000000000000222, 0.1999999999999999833, 2.500000000000000444 ) ) ;
#9707 = DIRECTION ( 'NONE',  ( 0.000000000000000000, -1.000000000000000000, 0.000000000000000000 ) ) ;
#9708 = DIRECTION ( 'NONE',  ( -0.000000000000000000, -0.000000000000000000, 1.000000000000000000 ) ) ;
#9709 = AXIS2_PLACEMENT_3D ( 'NONE', #5086, #10890, #8415 ) ;
#9710 = CARTESIAN_POINT ( 'NONE',  ( -0.2500000000000002220, 0.2000000000000000111, 2.100000000000000089 ) ) ;
#9711 = DIRECTION ( 'NONE',  ( -0.000000000000000000, -1.000000000000000000, 0.000000000000000000 ) ) ;
#9712 = VERTEX_POINT ( 'NONE', #3383 ) ;
#9713 = EDGE_CURVE ( 'NONE', #3221, #754, #10096, .T. ) ;
#9714 = ORIENTED_EDGE ( 'NONE', *, *, #7317, .F. ) ;
#9715 = VECTOR ( 'NONE', #1154, 1000.000000000000000 ) ;
#9716 = FACE_OUTER_BOUND ( 'NONE', #7699, .T. ) ;
#9717 = CARTESIAN_POINT ( 'NONE',  ( 1.625000000000000222, 0.000000000000000000, 2.225000000000000533 ) ) ;
#9718 = VECTOR ( 'NONE', #7328, 1000.000000000000000 ) ;
#9719 = ORIENTED_EDGE ( 'NONE', *, *, #7081, .T. ) ;
#9720 = VERTEX_POINT ( 'NONE', #9314 ) ;
#9721 = VERTEX_POINT ( 'NONE', #4066 ) ;
#9722 = VECTOR ( 'NONE', #6024, 1000.000000000000000 ) ;
#9723 = CARTESIAN_POINT ( 'NONE',  ( 1.125000000000000222, 0.000000000000000000, 2.500000000000000444 ) ) ;
#9724 = VECTOR ( 'NONE', #769, 1000.000000000000000 ) ;
#9725 = VERTEX_POINT ( 'NONE', #690 ) ;
#9726 = LINE ( 'NONE', #7085, #10435 ) ;
#9727 = EDGE_CURVE ( 'NONE', #11101, #276, #807, .T. ) ;
#9728 = CARTESIAN_POINT ( 'NONE',  ( -0.8749999999999998890, 0.2000000000000000111, 2.225000000000000533 ) ) ;
#9729 = CARTESIAN_POINT ( 'NONE',  ( -1.675000000000000711, 0.000000000000000000, 1.675000000000000711 ) ) ;
#9730 = FACE_OUTER_BOUND ( 'NONE', #989, .T. ) ;
#9731 = ORIENTED_EDGE ( 'NONE', *, *, #5160, .T. ) ;
#9732 = DIRECTION ( 'NONE',  ( -1.000000000000000000, 0.000000000000000000, 0.000000000000000000 ) ) ;
#9733 = VECTOR ( 'NONE', #5908, 1000.000000000000000 ) ;
#9734 = CARTESIAN_POINT ( 'NONE',  ( 2.225000000000000977, 0.1999999999999999833, 0.2500000000000006661 ) ) ;
#9735 = LINE ( 'NONE', #9851, #1436 ) ;
#9736 = VERTEX_POINT ( 'NONE', #1696 ) ;
#9737 = CARTESIAN_POINT ( 'NONE',  ( 1.875000000000000000, 0.2000000000000000111, 2.500000000000000444 ) ) ;
#9738 = AXIS2_PLACEMENT_3D ( 'NONE', #10894, #6657, #7466 ) ;
#9739 = AXIS2_PLACEMENT_3D ( 'NONE', #5395, #10524, #6464 ) ;
#9740 = DIRECTION ( 'NONE',  ( -0.000000000000000000, -1.000000000000000000, -0.000000000000000000 ) ) ;
#9741 = DIRECTION ( 'NONE',  ( 0.000000000000000000, 1.000000000000000000, 0.000000000000000000 ) ) ;
#9742 = ORIENTED_EDGE ( 'NONE', *, *, #5178, .F. ) ;
#9743 =( NAMED_UNIT ( * ) SI_UNIT ( $, .STERADIAN. ) SOLID_ANGLE_UNIT ( ) );
#9744 = VECTOR ( 'NONE', #1558, 1000.000000000000000 ) ;
#9745 = EDGE_CURVE ( 'NONE', #9884, #7383, #8530, .T. ) ;
#9746 = DIRECTION ( 'NONE',  ( 3.154042683594199163E-15, 0.000000000000000000, 1.000000000000000000 ) ) ;
#9747 = VECTOR ( 'NONE', #8051, 1000.000000000000000 ) ;
#9748 = EDGE_LOOP ( 'NONE', ( #1203, #8844, #2929, #1527, #6051 ) ) ;
#9749 = DIRECTION ( 'NONE',  ( 0.000000000000000000, -1.000000000000000000, 0.000000000000000000 ) ) ;
#9750 = MECHANICAL_DESIGN_GEOMETRIC_PRESENTATION_REPRESENTATION (  '', ( #6320 ), #2666 ) ;
#9751 = VERTEX_POINT ( 'NONE', #7636 ) ;
#9752 = VERTEX_POINT ( 'NONE', #5034 ) ;
#9753 = DIRECTION ( 'NONE',  ( 0.000000000000000000, 1.000000000000000000, 0.000000000000000000 ) ) ;
#9754 = PLANE ( 'NONE',  #3575 ) ;
#9755 = ORIENTED_EDGE ( 'NONE', *, *, #4817, .F. ) ;
#9756 = ORIENTED_EDGE ( 'NONE', *, *, #10952, .F. ) ;
#9757 = UNCERTAINTY_MEASURE_WITH_UNIT (LENGTH_MEASURE( 1.000000000000000082E-05 ), #10904, 'distance_accuracy_value', 'NONE');
#9758 = VECTOR ( 'NONE', #7943, 1000.000000000000000 ) ;
#9759 = LINE ( 'NONE', #349, #10869 ) ;
#9760 = CARTESIAN_POINT ( 'NONE',  ( 0.2500000000000002220, 0.000000000000000000, -2.225000000000000533 ) ) ;
#9761 = ORIENTED_EDGE ( 'NONE', *, *, #7259, .F. ) ;
#9762 = PRESENTATION_STYLE_ASSIGNMENT (( #7176 ) ) ;
#9763 = EDGE_CURVE ( 'NONE', #9650, #10938, #7810, .T. ) ;
#9764 = CARTESIAN_POINT ( 'NONE',  ( -2.500000000000000444, 0.1999999999999999833, 1.125000000000000888 ) ) ;
#9765 = EDGE_CURVE ( 'NONE', #166, #10290, #8737, .T. ) ;
#9766 = AXIS2_PLACEMENT_3D ( 'NONE', #4624, #2190, #1174 ) ;
#9767 = CARTESIAN_POINT ( 'NONE',  ( -0.3749999999999998890, 0.2000000000000000111, -2.500000000000000444 ) ) ;
#9768 = VERTEX_POINT ( 'NONE', #7516 ) ;
#9769 = CIRCLE ( 'NONE', #8338, 0.1250000000000001110 ) ;
#9770 = DIRECTION ( 'NONE',  ( -1.734723475976808475E-15, 0.000000000000000000, 1.000000000000000000 ) ) ;
#9771 = DIRECTION ( 'NONE',  ( 0.000000000000000000, 0.000000000000000000, 1.000000000000000000 ) ) ;
#9772 = PLANE ( 'NONE',  #1100 ) ;
#9773 = VECTOR ( 'NONE', #6432, 1000.000000000000000 ) ;
#9774 = VECTOR ( 'NONE', #10678, 1000.000000000000000 ) ;
#9775 = CARTESIAN_POINT ( 'NONE',  ( -2.225000000000000977, 0.6716990566028304688, 1.125000000000000666 ) ) ;
#9776 = ORIENTED_EDGE ( 'NONE', *, *, #4568, .T. ) ;
#9777 = ORIENTED_EDGE ( 'NONE', *, *, #9968, .T. ) ;
#9778 = ORIENTED_EDGE ( 'NONE', *, *, #7824, .T. ) ;
#9779 = DIRECTION ( 'NONE',  ( 1.000000000000000000, 0.000000000000000000, -0.000000000000000000 ) ) ;
#9780 = CARTESIAN_POINT ( 'NONE',  ( -1.125000000000000222, 0.6716990566028303578, 2.500000000000000444 ) ) ;
#9781 = ORIENTED_EDGE ( 'NONE', *, *, #2944, .T. ) ;
#9782 = VERTEX_POINT ( 'NONE', #2372 ) ;
#9783 = ORIENTED_EDGE ( 'NONE', *, *, #9937, .F. ) ;
#9784 = AXIS2_PLACEMENT_3D ( 'NONE', #5323, #821, #7863 ) ;
#9785 = DIRECTION ( 'NONE',  ( -3.154042683594199163E-15, 0.000000000000000000, 1.000000000000000000 ) ) ;
#9786 = ADVANCED_FACE ( 'NONE', ( #998 ), #4448, .F. ) ;
#9787 = VERTEX_POINT ( 'NONE', #11067 ) ;
#9788 = DIRECTION ( 'NONE',  ( 0.000000000000000000, -0.000000000000000000, -1.000000000000000000 ) ) ;
#9789 = DIRECTION ( 'NONE',  ( 0.000000000000000000, 0.000000000000000000, 1.000000000000000000 ) ) ;
#9790 = CARTESIAN_POINT ( 'NONE',  ( 1.250000000000000222, 0.2000000000000000111, -2.225000000000000533 ) ) ;
#9791 = LINE ( 'NONE', #3809, #10483 ) ;
#9792 = EDGE_LOOP ( 'NONE', ( #5812, #4235, #2608, #5829 ) ) ;
#9793 = AXIS2_PLACEMENT_3D ( 'NONE', #2176, #10867, #2235 ) ;
#9794 = PLANE ( 'NONE',  #7443 ) ;
#9795 = ORIENTED_EDGE ( 'NONE', *, *, #8024, .F. ) ;
#9796 = CARTESIAN_POINT ( 'NONE',  ( -2.225000000000000977, 0.1999999999999999833, 1.875000000000000666 ) ) ;
#9797 = ORIENTED_EDGE ( 'NONE', *, *, #6509, .F. ) ;
#9798 = VERTEX_POINT ( 'NONE', #10949 ) ;
#9799 = CARTESIAN_POINT ( 'NONE',  ( -1.875000000000000000, 0.2000000000000000111, -2.500000000000000444 ) ) ;
#9800 = ORIENTED_EDGE ( 'NONE', *, *, #8823, .T. ) ;
#9801 = DIRECTION ( 'NONE',  ( 0.000000000000000000, 0.000000000000000000, -1.000000000000000000 ) ) ;
#9802 = ADVANCED_FACE ( 'NONE', ( #3329 ), #1637, .F. ) ;
#9803 = AXIS2_PLACEMENT_3D ( 'NONE', #2221, #10793, #6623 ) ;
#9804 = DIRECTION ( 'NONE',  ( 0.000000000000000000, -0.000000000000000000, 1.000000000000000000 ) ) ;
#9805 = LINE ( 'NONE', #6480, #3610 ) ;
#9806 = DIRECTION ( 'NONE',  ( -0.000000000000000000, -1.000000000000000000, -0.000000000000000000 ) ) ;
#9807 = ORIENTED_EDGE ( 'NONE', *, *, #7001, .F. ) ;
#9808 = CARTESIAN_POINT ( 'NONE',  ( -2.225000000000000977, 0.1999999999999999833, 1.375000000000000666 ) ) ;
#9809 = VECTOR ( 'NONE', #7710, 1000.000000000000000 ) ;
#9810 = CARTESIAN_POINT ( 'NONE',  ( -2.225000000000000977, 0.6716990566028304688, -1.374999999999999556 ) ) ;
#9811 = VERTEX_POINT ( 'NONE', #9897 ) ;
#9812 = ADVANCED_FACE ( 'NONE', ( #2066 ), #4553, .T. ) ;
#9813 = CARTESIAN_POINT ( 'NONE',  ( -1.125000000000000222, 0.2000000000000000111, 2.225000000000000533 ) ) ;
#9814 = VERTEX_POINT ( 'NONE', #2792 ) ;
#9815 = VERTEX_POINT ( 'NONE', #446 ) ;
#9816 = DIRECTION ( 'NONE',  ( 1.000000000000000000, 0.000000000000000000, 6.472848790958234544E-17 ) ) ;
#9817 = EDGE_LOOP ( 'NONE', ( #4657, #5041, #9240, #10565 ) ) ;
#9818 = EDGE_LOOP ( 'NONE', ( #2160, #5701, #10747, #8931 ) ) ;
#9819 = DIRECTION ( 'NONE',  ( 0.000000000000000000, -1.000000000000000000, 0.000000000000000000 ) ) ;
#9820 = LINE ( 'NONE', #7408, #237 ) ;
#9821 = VERTEX_POINT ( 'NONE', #5517 ) ;
#9822 = CLOSED_SHELL ( 'NONE', ( #10669, #2278, #5221, #264, #1987, #10374 ) ) ;
#9823 =( LENGTH_UNIT ( ) NAMED_UNIT ( * ) SI_UNIT ( .MILLI., .METRE. ) );
#9824 = CARTESIAN_POINT ( 'NONE',  ( -2.225000000000000977, 0.1999999999999999833, -0.7499999999999993339 ) ) ;
#9825 = AXIS2_PLACEMENT_3D ( 'NONE', #3156, #10083, #1455 ) ;
#9826 = DIRECTION ( 'NONE',  ( 1.000000000000000000, -0.000000000000000000, 7.885106708985485090E-16 ) ) ;
#9827 = VERTEX_POINT ( 'NONE', #8955 ) ;
#9828 = CARTESIAN_POINT ( 'NONE',  ( -2.500000000000000888, 0.1999999999999999833, 0.8750000000000007772 ) ) ;
#9829 = EDGE_CURVE ( 'NONE', #1092, #4067, #273, .T. ) ;
#9830 = VECTOR ( 'NONE', #3900, 1000.000000000000000 ) ;
#9831 = EDGE_CURVE ( 'NONE', #5753, #3318, #1212, .T. ) ;
#9832 = LINE ( 'NONE', #7925, #364 ) ;
#9833 = DIRECTION ( 'NONE',  ( 0.000000000000000000, 0.000000000000000000, 1.000000000000000000 ) ) ;
#9834 = VERTEX_POINT ( 'NONE', #2842 ) ;
#9835 = EDGE_LOOP ( 'NONE', ( #8276, #6605, #10712, #7481 ) ) ;
#9836 = CARTESIAN_POINT ( 'NONE',  ( -2.225000000000000977, 0.05000000000000002359, -0.1249999999999994588 ) ) ;
#9837 = CARTESIAN_POINT ( 'NONE',  ( 2.225000000000000977, 0.1999999999999999833, 1.375000000000000666 ) ) ;
#9838 = CARTESIAN_POINT ( 'NONE',  ( 2.225000000000000977, 0.05000000000000002359, 1.625000000000000666 ) ) ;
#9839 = ADVANCED_FACE ( 'NONE', ( #8053 ), #1103, .F. ) ;
#9840 = CARTESIAN_POINT ( 'NONE',  ( 1.625000000000000444, 0.2000000000000000111, -2.225000000000000533 ) ) ;
#9841 = DIRECTION ( 'NONE',  ( 0.000000000000000000, 1.000000000000000000, -0.000000000000000000 ) ) ;
#9842 = LINE ( 'NONE', #6250, #1109 ) ;
#9843 = ORIENTED_EDGE ( 'NONE', *, *, #1246, .T. ) ;
#9844 = LINE ( 'NONE', #2118, #2212 ) ;
#9845 = ORIENTED_EDGE ( 'NONE', *, *, #4875, .T. ) ;
#9846 = DIRECTION ( 'NONE',  ( 0.000000000000000000, 0.000000000000000000, 1.000000000000000000 ) ) ;
#9847 = EDGE_CURVE ( 'NONE', #2952, #10820, #10692, .T. ) ;
#9848 = LINE ( 'NONE', #1162, #3352 ) ;
#9849 = ORIENTED_EDGE ( 'NONE', *, *, #6075, .T. ) ;
#9850 = ORIENTED_EDGE ( 'NONE', *, *, #4959, .T. ) ;
#9851 = CARTESIAN_POINT ( 'NONE',  ( 1.875000000000000000, 0.1999999999999999833, 2.225000000000000533 ) ) ;
#9852 = EDGE_LOOP ( 'NONE', ( #2428, #7167, #5942, #6615 ) ) ;
#9853 = DIRECTION ( 'NONE',  ( 1.000000000000000000, 0.000000000000000000, -0.000000000000000000 ) ) ;
#9854 = LINE ( 'NONE', #5262, #1988 ) ;
#9855 = LINE ( 'NONE', #1059, #2362 ) ;
#9856 = EDGE_LOOP ( 'NONE', ( #10772, #3759, #9196, #10737 ) ) ;
#9857 = FACE_OUTER_BOUND ( 'NONE', #4931, .T. ) ;
#9858 = ADVANCED_FACE ( 'NONE', ( #10635 ), #9794, .F. ) ;
#9859 = DIRECTION ( 'NONE',  ( 0.000000000000000000, 0.000000000000000000, 1.000000000000000000 ) ) ;
#9860 = APPLICATION_CONTEXT ( 'automotive_design' ) ;
#9861 = VERTEX_POINT ( 'NONE', #7262 ) ;
#9862 = CARTESIAN_POINT ( 'NONE',  ( 1.875000000000000000, 0.1999999999999999833, 2.500000000000000444 ) ) ;
#9863 = ORIENTED_EDGE ( 'NONE', *, *, #10446, .T. ) ;
#9864 = ORIENTED_EDGE ( 'NONE', *, *, #1598, .T. ) ;
#9865 = FILL_AREA_STYLE_COLOUR ( '', #9504 ) ;
#9866 = DIRECTION ( 'NONE',  ( -0.000000000000000000, -1.000000000000000000, -0.000000000000000000 ) ) ;
#9867 = EDGE_LOOP ( 'NONE', ( #879, #5484, #10280, #4440 ) ) ;
#9868 = ORIENTED_EDGE ( 'NONE', *, *, #3577, .F. ) ;
#9869 = EDGE_CURVE ( 'NONE', #2971, #3481, #3015, .T. ) ;
#9870 = FACE_OUTER_BOUND ( 'NONE', #5477, .T. ) ;
#9871 = FACE_OUTER_BOUND ( 'NONE', #3857, .T. ) ;
#9872 = ORIENTED_EDGE ( 'NONE', *, *, #2082, .T. ) ;
#9873 = CARTESIAN_POINT ( 'NONE',  ( -1.750000000000000222, 0.2000000000000000111, 2.225000000000000533 ) ) ;
#9874 = VECTOR ( 'NONE', #9666, 1000.000000000000000 ) ;
#9875 = PLANE ( 'NONE',  #1524 ) ;
#9876 = AXIS2_PLACEMENT_3D ( 'NONE', #6278, #1880, #8770 ) ;
#9877 = DIRECTION ( 'NONE',  ( -0.000000000000000000, -1.000000000000000000, -0.000000000000000000 ) ) ;
#9878 = ORIENTED_EDGE ( 'NONE', *, *, #6965, .T. ) ;
#9879 = DIRECTION ( 'NONE',  ( -1.000000000000000000, 0.000000000000000000, -7.885106708985485090E-16 ) ) ;
#9880 = VECTOR ( 'NONE', #3778, 1000.000000000000000 ) ;
#9881 = CARTESIAN_POINT ( 'NONE',  ( -2.500000000000000444, 0.6716990566028304688, -0.8749999999999990008 ) ) ;
#9882 = CARTESIAN_POINT ( 'NONE',  ( 0.3749999999999998890, 0.1999999999999999833, 2.500000000000000444 ) ) ;
#9883 = ORIENTED_EDGE ( 'NONE', *, *, #3895, .T. ) ;
#9884 = VERTEX_POINT ( 'NONE', #7093 ) ;
#9885 = EDGE_CURVE ( 'NONE', #10473, #9978, #7999, .T. ) ;
#9886 = CARTESIAN_POINT ( 'NONE',  ( 2.225000000000000977, 0.6716990566028304688, -1.624999999999999556 ) ) ;
#9887 = DIRECTION ( 'NONE',  ( 1.000000000000000000, -0.000000000000000000, -0.000000000000000000 ) ) ;
#9888 = AXIS2_PLACEMENT_3D ( 'NONE', #4749, #3892, #8021 ) ;
#9889 = ADVANCED_FACE ( 'NONE', ( #6301 ), #6468, .F. ) ;
#9890 = CARTESIAN_POINT ( 'NONE',  ( -1.749999999999999778, 0.2000000000000000111, -2.225000000000000533 ) ) ;
#9891 = CARTESIAN_POINT ( 'NONE',  ( 1.724999999999999867, 0.1999999999999996503, 1.675000000000000488 ) ) ;
#9892 = VECTOR ( 'NONE', #3311, 1000.000000000000000 ) ;
#9893 =( LENGTH_UNIT ( ) NAMED_UNIT ( * ) SI_UNIT ( .MILLI., .METRE. ) );
#9894 = PLANE ( 'NONE',  #9924 ) ;
#9895 = DIRECTION ( 'NONE',  ( 1.000000000000000000, 0.000000000000000000, -0.000000000000000000 ) ) ;
#9896 = EDGE_CURVE ( 'NONE', #1779, #858, #9844, .T. ) ;
#9897 = CARTESIAN_POINT ( 'NONE',  ( -1.375000000000000000, 0.04999999999999969746, -2.500000000000000444 ) ) ;
#9898 = ORIENTED_EDGE ( 'NONE', *, *, #6160, .F. ) ;
#9899 = FACE_OUTER_BOUND ( 'NONE', #10908, .T. ) ;
#9900 = EDGE_CURVE ( 'NONE', #8812, #2548, #8166, .T. ) ;
#9901 = CARTESIAN_POINT ( 'NONE',  ( 2.225000000000000977, 0.000000000000000000, 0.3750000000000005551 ) ) ;
#9902 = CIRCLE ( 'NONE', #6847, 0.1250000000000002220 ) ;
#9903 = VECTOR ( 'NONE', #4079, 1000.000000000000000 ) ;
#9904 = ORIENTED_EDGE ( 'NONE', *, *, #2936, .F. ) ;
#9905 = CARTESIAN_POINT ( 'NONE',  ( -2.500000000000000444, 0.1999999999999999833, -1.374999999999999112 ) ) ;
#9906 = ORIENTED_EDGE ( 'NONE', *, *, #5843, .F. ) ;
#9907 = AXIS2_PLACEMENT_3D ( 'NONE', #8003, #2072, #5524 ) ;
#9908 = SURFACE_STYLE_USAGE ( .BOTH. , #7494 ) ;
#9909 = LINE ( 'NONE', #5358, #7010 ) ;
#9910 = CARTESIAN_POINT ( 'NONE',  ( -1.125000000000000222, 0.000000000000000000, -2.225000000000000533 ) ) ;
#9911 = DIRECTION ( 'NONE',  ( -1.000000000000000000, 0.000000000000000000, -1.913297951445008115E-16 ) ) ;
#9912 = VECTOR ( 'NONE', #5346, 1000.000000000000000 ) ;
#9913 = CARTESIAN_POINT ( 'NONE',  ( 0.6250000000000001110, 0.1999999999999999833, -2.500000000000000444 ) ) ;
#9914 = ORIENTED_EDGE ( 'NONE', *, *, #8967, .F. ) ;
#9915 = VECTOR ( 'NONE', #2650, 1000.000000000000000 ) ;
#9916 = SURFACE_STYLE_USAGE ( .BOTH. , #10025 ) ;
#9917 = CARTESIAN_POINT ( 'NONE',  ( -2.500000000000000000, 0.05000000000000000278, 2.499999999999999556 ) ) ;
#9918 = ORIENTED_EDGE ( 'NONE', *, *, #1017, .T. ) ;
#9919 = DIRECTION ( 'NONE',  ( 1.000000000000000000, 0.000000000000000000, -7.885106708985485090E-16 ) ) ;
#9920 = ORIENTED_EDGE ( 'NONE', *, *, #3545, .F. ) ;
#9921 = ORIENTED_EDGE ( 'NONE', *, *, #7148, .F. ) ;
#9922 =( GEOMETRIC_REPRESENTATION_CONTEXT ( 3 ) GLOBAL_UNCERTAINTY_ASSIGNED_CONTEXT ( ( #801 ) ) GLOBAL_UNIT_ASSIGNED_CONTEXT ( ( #7665, #1771, #6014 ) ) REPRESENTATION_CONTEXT ( 'NONE', 'WORKASPACE' ) );
#9923 = FACE_OUTER_BOUND ( 'NONE', #4343, .T. ) ;
#9924 = AXIS2_PLACEMENT_3D ( 'NONE', #2787, #1207, #4714 ) ;
#9925 = LINE ( 'NONE', #5483, #4485 ) ;
#9926 = ORIENTED_EDGE ( 'NONE', *, *, #1550, .F. ) ;
#9927 = ORIENTED_EDGE ( 'NONE', *, *, #2070, .T. ) ;
#9928 = DIRECTION ( 'NONE',  ( -0.000000000000000000, -1.000000000000000000, -0.000000000000000000 ) ) ;
#9929 = FACE_OUTER_BOUND ( 'NONE', #3612, .T. ) ;
#9930 = VECTOR ( 'NONE', #3656, 1000.000000000000000 ) ;
#9931 = CARTESIAN_POINT ( 'NONE',  ( 1.674999999999999822, 5.079036790187180017, -1.724999999999999423 ) ) ;
#9932 = ORIENTED_EDGE ( 'NONE', *, *, #4739, .T. ) ;
#9933 = DIRECTION ( 'NONE',  ( -1.000000000000000000, 0.000000000000000000, 1.734723475976808475E-15 ) ) ;
#9934 = DIRECTION ( 'NONE',  ( -0.000000000000000000, -0.000000000000000000, 1.000000000000000000 ) ) ;
#9935 = EDGE_LOOP ( 'NONE', ( #8237, #4938, #9327, #2319 ) ) ;
#9936 = DIRECTION ( 'NONE',  ( 0.000000000000000000, 1.000000000000000000, 0.000000000000000000 ) ) ;
#9937 = EDGE_CURVE ( 'NONE', #8212, #5932, #4718, .T. ) ;
#9938 = ADVANCED_FACE ( 'NONE', ( #5399 ), #10746, .T. ) ;
#9939 = VECTOR ( 'NONE', #3257, 1000.000000000000000 ) ;
#9940 = EDGE_CURVE ( 'NONE', #243, #4686, #2006, .T. ) ;
#9941 = DIRECTION ( 'NONE',  ( 1.000000000000000000, -0.000000000000000000, 1.734723475976808475E-15 ) ) ;
#9942 = LINE ( 'NONE', #10735, #6993 ) ;
#9943 = ORIENTED_EDGE ( 'NONE', *, *, #1491, .F. ) ;
#9944 = ORIENTED_EDGE ( 'NONE', *, *, #10796, .F. ) ;
#9945 = VECTOR ( 'NONE', #9087, 1000.000000000000000 ) ;
#9946 = STYLED_ITEM ( 'NONE', ( #10649 ), #11053 ) ;
#9947 = PLANE ( 'NONE',  #4563 ) ;
#9948 = CARTESIAN_POINT ( 'NONE',  ( 2.225000000000000977, 0.05000000000000002359, -1.874999999999999556 ) ) ;
#9949 = AXIS2_PLACEMENT_3D ( 'NONE', #10690, #3072, #6629 ) ;
#9950 = ADVANCED_FACE ( 'NONE', ( #3757 ), #9125, .F. ) ;
#9951 = EDGE_CURVE ( 'NONE', #6822, #7456, #7378, .T. ) ;
#9952 = CARTESIAN_POINT ( 'NONE',  ( -2.500000000000000888, 0.04999999999999969746, 1.875000000000000888 ) ) ;
#9953 = CIRCLE ( 'NONE', #3465, 0.1250000000000002220 ) ;
#9954 = VERTEX_POINT ( 'NONE', #10016 ) ;
#9955 = CARTESIAN_POINT ( 'NONE',  ( 0.3749999999999998890, 0.05000000000000000278, 0.000000000000000000 ) ) ;
#9956 = CARTESIAN_POINT ( 'NONE',  ( -2.500000000000000444, 0.1999999999999999833, -0.8749999999999990008 ) ) ;
#9957 = CARTESIAN_POINT ( 'NONE',  ( -2.225000000000000977, 0.6716990566028304688, 0.6250000000000005551 ) ) ;
#9958 = ORIENTED_EDGE ( 'NONE', *, *, #8652, .T. ) ;
#9959 = CARTESIAN_POINT ( 'NONE',  ( 2.500000000000000444, 0.6716990566028304688, -1.874999999999999112 ) ) ;
#9960 = ORIENTED_EDGE ( 'NONE', *, *, #7023, .T. ) ;
#9961 = LINE ( 'NONE', #7264, #9275 ) ;
#9962 = CYLINDRICAL_SURFACE ( 'NONE', #7897, 0.1250000000000002220 ) ;
#9963 = VECTOR ( 'NONE', #6122, 1000.000000000000000 ) ;
#9964 = VERTEX_POINT ( 'NONE', #1381 ) ;
#9965 = ORIENTED_EDGE ( 'NONE', *, *, #8673, .F. ) ;
#9966 = FACE_OUTER_BOUND ( 'NONE', #2356, .T. ) ;
#9967 = ORIENTED_EDGE ( 'NONE', *, *, #5063, .F. ) ;
#9968 = EDGE_CURVE ( 'NONE', #96, #845, #2931, .T. ) ;
#9969 = DIRECTION ( 'NONE',  ( -0.000000000000000000, -1.000000000000000000, -0.000000000000000000 ) ) ;
#9970 = DIRECTION ( 'NONE',  ( 0.000000000000000000, 1.000000000000000000, 0.000000000000000000 ) ) ;
#9971 = EDGE_CURVE ( 'NONE', #6454, #1939, #2284, .T. ) ;
#9972 = VECTOR ( 'NONE', #1976, 1000.000000000000000 ) ;
#9973 = EDGE_CURVE ( 'NONE', #4856, #7804, #10805, .T. ) ;
#9974 = DIRECTION ( 'NONE',  ( 0.000000000000000000, 1.000000000000000000, 0.000000000000000000 ) ) ;
#9975 = EDGE_LOOP ( 'NONE', ( #5203, #7172, #7856, #409 ) ) ;
#9976 =( NAMED_UNIT ( * ) SI_UNIT ( $, .STERADIAN. ) SOLID_ANGLE_UNIT ( ) );
#9977 = LINE ( 'NONE', #8068, #2725 ) ;
#9978 = VERTEX_POINT ( 'NONE', #2338 ) ;
#9979 = VECTOR ( 'NONE', #9887, 1000.000000000000000 ) ;
#9980 = DIRECTION ( 'NONE',  ( 0.000000000000000000, 0.000000000000000000, -1.000000000000000000 ) ) ;
#9981 = VERTEX_POINT ( 'NONE', #4833 ) ;
#9982 = ORIENTED_EDGE ( 'NONE', *, *, #1184, .F. ) ;
#9983 = CARTESIAN_POINT ( 'NONE',  ( -1.375000000000000000, 0.2000000000000000111, 2.500000000000000444 ) ) ;
#9984 = ORIENTED_EDGE ( 'NONE', *, *, #10203, .T. ) ;
#9985 = LINE ( 'NONE', #8358, #5046 ) ;
#9986 = VERTEX_POINT ( 'NONE', #1498 ) ;
#9987 = ORIENTED_EDGE ( 'NONE', *, *, #1935, .T. ) ;
#9988 = FACE_OUTER_BOUND ( 'NONE', #4978, .T. ) ;
#9989 = ADVANCED_FACE ( 'NONE', ( #8270 ), #10124, .F. ) ;
#9990 = CARTESIAN_POINT ( 'NONE',  ( -1.374999999999999778, 0.04999999999999999584, -2.225000000000000533 ) ) ;
#9991 = VECTOR ( 'NONE', #4585, 1000.000000000000000 ) ;
#9992 = DIRECTION ( 'NONE',  ( 7.885106708985485090E-16, 0.000000000000000000, -1.000000000000000000 ) ) ;
#9993 = CARTESIAN_POINT ( 'NONE',  ( -0.7500000000000002220, 0.04999999999999999584, 2.225000000000000533 ) ) ;
#9994 = VERTEX_POINT ( 'NONE', #5629 ) ;
#9995 = LINE ( 'NONE', #1913, #10336 ) ;
#9996 = DIRECTION ( 'NONE',  ( -1.000000000000000000, 0.000000000000000000, 3.154042683594199163E-15 ) ) ;
#9997 = ADVANCED_FACE ( 'NONE', ( #2174 ), #550, .F. ) ;
#9998 = LINE ( 'NONE', #4761, #794 ) ;
#9999 = VERTEX_POINT ( 'NONE', #6526 ) ;
#10000 = ORIENTED_EDGE ( 'NONE', *, *, #5127, .T. ) ;
#10001 = CARTESIAN_POINT ( 'NONE',  ( 2.225000000000000977, 0.1999999999999999833, -0.6249999999999994449 ) ) ;
#10002 = LINE ( 'NONE', #7362, #4685 ) ;
#10003 = LINE ( 'NONE', #10848, #7731 ) ;
#10004 = ORIENTED_EDGE ( 'NONE', *, *, #4622, .F. ) ;
#10005 = VERTEX_POINT ( 'NONE', #1328 ) ;
#10006 = CARTESIAN_POINT ( 'NONE',  ( 2.225000000000000977, 0.6716990566028304688, 0.3750000000000005551 ) ) ;
#10007 = LINE ( 'NONE', #3126, #8731 ) ;
#10008 = EDGE_CURVE ( 'NONE', #10598, #4498, #3246, .T. ) ;
#10009 = PRESENTATION_LAYER_ASSIGNMENT (  '', '', ( #1361 ) ) ;
#10010 = DIRECTION ( 'NONE',  ( 0.000000000000000000, 0.000000000000000000, 1.000000000000000000 ) ) ;
#10011 = ORIENTED_EDGE ( 'NONE', *, *, #3270, .F. ) ;
#10012 = FILL_AREA_STYLE ('',( #9121 ) ) ;
#10013 = DIRECTION ( 'NONE',  ( -0.000000000000000000, -0.000000000000000000, -1.000000000000000000 ) ) ;
#10014 = DIRECTION ( 'NONE',  ( 0.000000000000000000, 1.000000000000000000, 0.000000000000000000 ) ) ;
#10015 = EDGE_CURVE ( 'NONE', #1571, #6152, #7452, .T. ) ;
#10016 = CARTESIAN_POINT ( 'NONE',  ( 2.225000000000000977, 0.1999999999999999833, -0.8749999999999994449 ) ) ;
#10017 = CARTESIAN_POINT ( 'NONE',  ( -2.225000000000000977, 0.6716990566028304688, -1.249999999999999334 ) ) ;
#10018 = DIRECTION ( 'NONE',  ( 0.000000000000000000, 1.000000000000000000, 0.000000000000000000 ) ) ;
#10019 = ORIENTED_EDGE ( 'NONE', *, *, #8400, .T. ) ;
#10020 = DIRECTION ( 'NONE',  ( -0.000000000000000000, -1.000000000000000000, -0.000000000000000000 ) ) ;
#10021 = DIRECTION ( 'NONE',  ( 1.000000000000000000, -0.000000000000000000, -0.000000000000000000 ) ) ;
#10022 = LINE ( 'NONE', #2292, #6325 ) ;
#10023 = CARTESIAN_POINT ( 'NONE',  ( 2.500000000000000444, 0.6716990566028304688, -1.374999999999999112 ) ) ;
#10024 = VERTEX_POINT ( 'NONE', #9179 ) ;
#10025 = SURFACE_SIDE_STYLE ('',( #10932 ) ) ;
#10026 = EDGE_CURVE ( 'NONE', #9787, #2841, #4092, .T. ) ;
#10027 = ADVANCED_FACE ( 'NONE', ( #6690 ), #6632, .T. ) ;
#10028 = CARTESIAN_POINT ( 'NONE',  ( 2.225000000000000977, 0.1999999999999999833, -0.7499999999999993339 ) ) ;
#10029 = VERTEX_POINT ( 'NONE', #3979 ) ;
#10030 = DIRECTION ( 'NONE',  ( -1.000000000000000000, 0.000000000000000000, -7.885106708985485090E-16 ) ) ;
#10031 = EDGE_CURVE ( 'NONE', #10258, #314, #5849, .T. ) ;
#10032 = VERTEX_POINT ( 'NONE', #7435 ) ;
#10033 = ORIENTED_EDGE ( 'NONE', *, *, #5129, .T. ) ;
#10034 = DIRECTION ( 'NONE',  ( 0.000000000000000000, 1.000000000000000000, -0.000000000000000000 ) ) ;
#10035 = ORIENTED_EDGE ( 'NONE', *, *, #9951, .F. ) ;
#10036 = CARTESIAN_POINT ( 'NONE',  ( 1.674999999999999822, 0.000000000000000000, 1.675000000000000933 ) ) ;
#10037 = VERTEX_POINT ( 'NONE', #10866 ) ;
#10038 = LINE ( 'NONE', #3104, #4872 ) ;
#10039 = FACE_OUTER_BOUND ( 'NONE', #3586, .T. ) ;
#10040 = PRESENTATION_LAYER_ASSIGNMENT (  '', '', ( #1757 ) ) ;
#10041 = CARTESIAN_POINT ( 'NONE',  ( 2.500000000000000444, 0.6716990566028304688, 0.1250000000000009714 ) ) ;
#10042 = DIRECTION ( 'NONE',  ( -0.000000000000000000, -1.000000000000000000, -0.000000000000000000 ) ) ;
#10043 = VERTEX_POINT ( 'NONE', #9289 ) ;
#10044 = DIRECTION ( 'NONE',  ( 0.000000000000000000, -1.000000000000000000, 0.000000000000000000 ) ) ;
#10045 = DIRECTION ( 'NONE',  ( -0.000000000000000000, -1.000000000000000000, -0.000000000000000000 ) ) ;
#10046 = CARTESIAN_POINT ( 'NONE',  ( -1.675000000000000711, 5.079036790187180017, 1.725000000000000311 ) ) ;
#10047 = ADVANCED_FACE ( 'NONE', ( #1554 ), #5690, .T. ) ;
#10048 = VERTEX_POINT ( 'NONE', #8332 ) ;
#10049 = ORIENTED_EDGE ( 'NONE', *, *, #4047, .T. ) ;
#10050 = VECTOR ( 'NONE', #7382, 1000.000000000000000 ) ;
#10051 = DIRECTION ( 'NONE',  ( 3.154042683594199163E-15, -0.000000000000000000, 1.000000000000000000 ) ) ;
#10052 = CARTESIAN_POINT ( 'NONE',  ( -2.500000000000000000, 0.05000000000000000278, 2.499999999999999556 ) ) ;
#10053 = EDGE_CURVE ( 'NONE', #9445, #2126, #3922, .T. ) ;
#10054 = VECTOR ( 'NONE', #704, 1000.000000000000000 ) ;
#10055 = CARTESIAN_POINT ( 'NONE',  ( -1.625000000000000222, 0.04999999999999999584, -2.225000000000000533 ) ) ;
#10056 = ORIENTED_EDGE ( 'NONE', *, *, #10183, .F. ) ;
#10057 = ORIENTED_EDGE ( 'NONE', *, *, #8062, .T. ) ;
#10058 = CARTESIAN_POINT ( 'NONE',  ( -1.750000000000000222, 0.04999999999999999584, 2.100000000000000089 ) ) ;
#10059 = CARTESIAN_POINT ( 'NONE',  ( 2.225000000000000977, 0.6716990566028304688, 1.375000000000000666 ) ) ;
#10060 = AXIS2_PLACEMENT_3D ( 'NONE', #1869, #5318, #8760 ) ;
#10061 = CARTESIAN_POINT ( 'NONE',  ( -2.225000000000000977, 0.6716990566028304688, -1.124999999999999556 ) ) ;
#10062 = EDGE_LOOP ( 'NONE', ( #5602, #8297, #7708, #6948 ) ) ;
#10063 = DIRECTION ( 'NONE',  ( 0.000000000000000000, -0.000000000000000000, 1.000000000000000000 ) ) ;
#10064 = VECTOR ( 'NONE', #7, 1000.000000000000000 ) ;
#10065 = CARTESIAN_POINT ( 'NONE',  ( 2.500000000000000888, 0.6716990566028304688, 0.8750000000000007772 ) ) ;
#10066 = CARTESIAN_POINT ( 'NONE',  ( 2.225000000000000977, 0.05000000000000002359, -0.3749999999999994449 ) ) ;
#10067 = CARTESIAN_POINT ( 'NONE',  ( -0.8749999999999998890, 0.1999999999999999833, 2.500000000000000444 ) ) ;
#10068 = ORIENTED_EDGE ( 'NONE', *, *, #1211, .F. ) ;
#10069 = DIRECTION ( 'NONE',  ( -1.000000000000000000, 0.000000000000000000, 7.885106708985485090E-16 ) ) ;
#10070 = EDGE_CURVE ( 'NONE', #5984, #10048, #8502, .T. ) ;
#10071 = AXIS2_PLACEMENT_3D ( 'NONE', #2785, #7195, #4711 ) ;
#10072 = ADVANCED_FACE ( 'NONE', ( #1604 ), #4383, .F. ) ;
#10073 = LINE ( 'NONE', #4045, #2506 ) ;
#10074 = EDGE_CURVE ( 'NONE', #2390, #4296, #4324, .T. ) ;
#10075 = DIRECTION ( 'NONE',  ( 0.000000000000000000, 0.000000000000000000, 1.000000000000000000 ) ) ;
#10076 = CARTESIAN_POINT ( 'NONE',  ( -0.7499999999999997780, 0.2000000000000000111, -2.225000000000000533 ) ) ;
#10077 = ORIENTED_EDGE ( 'NONE', *, *, #7495, .F. ) ;
#10078 = PLANE ( 'NONE',  #9607 ) ;
#10079 = VECTOR ( 'NONE', #5056, 1000.000000000000000 ) ;
#10080 = PLANE ( 'NONE',  #4722 ) ;
#10081 = VERTEX_POINT ( 'NONE', #7774 ) ;
#10082 = AXIS2_PLACEMENT_3D ( 'NONE', #4344, #2577, #6198 ) ;
#10083 = DIRECTION ( 'NONE',  ( -0.000000000000000000, -1.000000000000000000, -0.000000000000000000 ) ) ;
#10084 = ORIENTED_EDGE ( 'NONE', *, *, #6061, .T. ) ;
#10085 = EDGE_LOOP ( 'NONE', ( #6513, #6048, #7752, #7133 ) ) ;
#10086 = SURFACE_STYLE_FILL_AREA ( #5814 ) ;
#10087 = VERTEX_POINT ( 'NONE', #11098 ) ;
#10088 = CARTESIAN_POINT ( 'NONE',  ( 0.3749999999999996669, 0.6716990566028303578, 2.225000000000000533 ) ) ;
#10089 = VECTOR ( 'NONE', #5209, 1000.000000000000000 ) ;
#10090 = ORIENTED_EDGE ( 'NONE', *, *, #5889, .F. ) ;
#10092 = ADVANCED_FACE ( 'NONE', ( #10352 ), #4209, .F. ) ;
#10091 = CARTESIAN_POINT ( 'NONE',  ( 2.225000000000000977, 0.000000000000000000, -0.2499999999999993616 ) ) ;
#10093 = PLANE ( 'NONE',  #7783 ) ;
#10094 = EDGE_CURVE ( 'NONE', #6598, #7804, #10319, .T. ) ;
#10095 = CARTESIAN_POINT ( 'NONE',  ( -0.8749999999999998890, 0.2000000000000005107, -2.500000000000000000 ) ) ;
#10096 = LINE ( 'NONE', #8421, #4738 ) ;
#10097 = ORIENTED_EDGE ( 'NONE', *, *, #3255, .T. ) ;
#10098 =( NAMED_UNIT ( * ) SI_UNIT ( $, .STERADIAN. ) SOLID_ANGLE_UNIT ( ) );
#10099 = CARTESIAN_POINT ( 'NONE',  ( -2.500000000000000444, 0.1999999999999999833, -0.3749999999999990563 ) ) ;
#10100 = CIRCLE ( 'NONE', #381, 0.1250000000000001110 ) ;
#10101 = VECTOR ( 'NONE', #1840, 1000.000000000000000 ) ;
#10102 = CYLINDRICAL_SURFACE ( 'NONE', #4226, 0.1250000000000001110 ) ;
#10103 = ORIENTED_EDGE ( 'NONE', *, *, #330, .T. ) ;
#10104 = ORIENTED_EDGE ( 'NONE', *, *, #7360, .T. ) ;
#10105 = DIRECTION ( 'NONE',  ( 0.000000000000000000, 0.000000000000000000, -1.000000000000000000 ) ) ;
#10106 = PLANE ( 'NONE',  #5929 ) ;
#10107 = VERTEX_POINT ( 'NONE', #5280 ) ;
#10108 = ORIENTED_EDGE ( 'NONE', *, *, #5367, .F. ) ;
#10109 = LINE ( 'NONE', #3120, #5777 ) ;
#10110 = VECTOR ( 'NONE', #8915, 1000.000000000000000 ) ;
#10111 = EDGE_CURVE ( 'NONE', #10214, #6586, #6364, .T. ) ;
#10112 = EDGE_CURVE ( 'NONE', #7930, #9143, #11048, .T. ) ;
#10113 = LINE ( 'NONE', #4135, #10410 ) ;
#10114 = ORIENTED_EDGE ( 'NONE', *, *, #8337, .F. ) ;
#10115 = VERTEX_POINT ( 'NONE', #10292 ) ;
#10116 = CARTESIAN_POINT ( 'NONE',  ( 2.500000000000000444, 0.000000000000000000, -1.374999999999999112 ) ) ;
#10117 = CARTESIAN_POINT ( 'NONE',  ( -1.375000000000000000, 0.2000000000000000111, -2.500000000000000444 ) ) ;
#10118 = AXIS2_PLACEMENT_3D ( 'NONE', #7728, #10360, #11159 ) ;
#10119 = EDGE_CURVE ( 'NONE', #10171, #1088, #1127, .T. ) ;
#10120 = LINE ( 'NONE', #8267, #6486 ) ;
#10121 =( NAMED_UNIT ( * ) SI_UNIT ( $, .STERADIAN. ) SOLID_ANGLE_UNIT ( ) );
#10122 = CIRCLE ( 'NONE', #2914, 0.1250000000000001110 ) ;
#10123 = DIRECTION ( 'NONE',  ( 3.154042683594199163E-15, 0.000000000000000000, 1.000000000000000000 ) ) ;
#10124 = PLANE ( 'NONE',  #9435 ) ;
#10125 = LINE ( 'NONE', #5957, #261 ) ;
#10126 = CARTESIAN_POINT ( 'NONE',  ( 2.225000000000000977, 0.6716990566028304688, -0.2499999999999993616 ) ) ;
#10127 = EDGE_CURVE ( 'NONE', #10640, #9541, #9394, .T. ) ;
#10128 = CIRCLE ( 'NONE', #6716, 0.1250000000000001110 ) ;
#10129 = EDGE_LOOP ( 'NONE', ( #6398, #9719, #4251, #6336 ) ) ;
#10130 = AXIS2_PLACEMENT_3D ( 'NONE', #10261, #8366, #10204 ) ;
#10131 = LINE ( 'NONE', #2406, #1473 ) ;
#10132 = CARTESIAN_POINT ( 'NONE',  ( 2.500000000000000888, 0.1999999999999999833, -0.6249999999999992228 ) ) ;
#10133 = FILL_AREA_STYLE ('',( #9081 ) ) ;
#10134 = LINE ( 'NONE', #2408, #10829 ) ;
#10135 = EDGE_LOOP ( 'NONE', ( #7457, #1991, #1646, #5761 ) ) ;
#10136 = DIRECTION ( 'NONE',  ( 0.000000000000000000, -0.000000000000000000, 1.000000000000000000 ) ) ;
#10137 = ORIENTED_EDGE ( 'NONE', *, *, #5142, .F. ) ;
#10138 = VECTOR ( 'NONE', #513, 1000.000000000000000 ) ;
#10139 = CARTESIAN_POINT ( 'NONE',  ( 0.000000000000000000, 0.000000000000000000, 0.000000000000000000 ) ) ;
#10140 = DIRECTION ( 'NONE',  ( -1.734723475976808475E-15, 0.000000000000000000, -1.000000000000000000 ) ) ;
#10141 = ORIENTED_EDGE ( 'NONE', *, *, #7001, .T. ) ;
#10142 = EDGE_CURVE ( 'NONE', #7482, #8752, #4435, .T. ) ;
#10143 = CARTESIAN_POINT ( 'NONE',  ( -2.225000000000000977, 0.000000000000000000, -1.374999999999999556 ) ) ;
#10144 = ORIENTED_EDGE ( 'NONE', *, *, #1078, .T. ) ;
#10145 = ORIENTED_EDGE ( 'NONE', *, *, #6160, .T. ) ;
#10146 = VECTOR ( 'NONE', #3385, 1000.000000000000000 ) ;
#10147 = LINE ( 'NONE', #10942, #2858 ) ;
#10148 = VECTOR ( 'NONE', #10792, 1000.000000000000000 ) ;
#10149 = ORIENTED_EDGE ( 'NONE', *, *, #4922, .T. ) ;
#10150 = ORIENTED_EDGE ( 'NONE', *, *, #6585, .T. ) ;
#10151 = DIRECTION ( 'NONE',  ( 1.000000000000000000, 0.000000000000000000, 0.000000000000000000 ) ) ;
#10152 = CARTESIAN_POINT ( 'NONE',  ( -1.125000000000000222, 0.000000000000000000, -2.500000000000000444 ) ) ;
#10153 = CARTESIAN_POINT ( 'NONE',  ( 2.225000000000000977, 0.6716990566028304688, 0.3750000000000005551 ) ) ;
#10154 = CARTESIAN_POINT ( 'NONE',  ( -1.250000000000000222, 0.2000000000000000111, 2.100000000000000089 ) ) ;
#10155 = ORIENTED_EDGE ( 'NONE', *, *, #3308, .T. ) ;
#10156 = EDGE_CURVE ( 'NONE', #6514, #9356, #8723, .T. ) ;
#10157 = VECTOR ( 'NONE', #72, 1000.000000000000000 ) ;
#10158 = ADVANCED_FACE ( 'NONE', ( #5120 ), #2619, .F. ) ;
#10159 = CARTESIAN_POINT ( 'NONE',  ( 2.500000000000000888, 0.6716990566028304688, -1.124999999999999334 ) ) ;
#10160 = DIRECTION ( 'NONE',  ( -1.000000000000000000, 0.000000000000000000, 1.734723475976808475E-15 ) ) ;
#10161 = ORIENTED_EDGE ( 'NONE', *, *, #9090, .F. ) ;
#10162 = EDGE_LOOP ( 'NONE', ( #8275, #2721, #7591, #2384 ) ) ;
#10163 = CARTESIAN_POINT ( 'NONE',  ( -1.875000000000000000, 0.6716990566028303578, 2.500000000000000444 ) ) ;
#10164 = DIRECTION ( 'NONE',  ( 0.000000000000000000, -0.000000000000000000, -1.000000000000000000 ) ) ;
#10165 = VECTOR ( 'NONE', #417, 1000.000000000000000 ) ;
#10166 = EDGE_LOOP ( 'NONE', ( #5918, #6980, #2273, #8457 ) ) ;
#10167 = AXIS2_PLACEMENT_3D ( 'NONE', #1149, #10621, #3574 ) ;
#10168 = ORIENTED_EDGE ( 'NONE', *, *, #6821, .F. ) ;
#10169 = CARTESIAN_POINT ( 'NONE',  ( -1.750000000000000222, 0.2000000000000000111, 2.225000000000000533 ) ) ;
#10170 = LINE ( 'NONE', #3346, #703 ) ;
#10171 = VERTEX_POINT ( 'NONE', #2664 ) ;
#10172 = EDGE_LOOP ( 'NONE', ( #6891, #9849, #9348, #4994 ) ) ;
#10173 = LINE ( 'NONE', #6845, #3130 ) ;
#10174 = PLANE ( 'NONE',  #6574 ) ;
#10175 = AXIS2_PLACEMENT_3D ( 'NONE', #8877, #2705, #1820 ) ;
#10176 = ADVANCED_FACE ( 'NONE', ( #9505 ), #4267, .F. ) ;
#10177 = EDGE_CURVE ( 'NONE', #5904, #10966, #5831, .T. ) ;
#10178 = CARTESIAN_POINT ( 'NONE',  ( -1.625000000000000444, 0.2000000000000000111, 2.225000000000000533 ) ) ;
#10179 = DIRECTION ( 'NONE',  ( 1.000000000000000000, 0.000000000000000000, -3.154042683594199163E-15 ) ) ;
#10180 = DIRECTION ( 'NONE',  ( 0.000000000000000000, 0.000000000000000000, 1.000000000000000000 ) ) ;
#10181 = CARTESIAN_POINT ( 'NONE',  ( -1.125000000000000222, 0.6716990566028303578, -2.500000000000000444 ) ) ;
#10183 = EDGE_CURVE ( 'NONE', #8710, #5830, #6018, .T. ) ;
#10182 = ORIENTED_EDGE ( 'NONE', *, *, #10720, .F. ) ;
#10184 =( NAMED_UNIT ( * ) SI_UNIT ( $, .STERADIAN. ) SOLID_ANGLE_UNIT ( ) );
#10185 = CARTESIAN_POINT ( 'NONE',  ( -2.500000000000000000, 8.671067811865475150, 2.499999999999999556 ) ) ;
#10186 = PRESENTATION_LAYER_ASSIGNMENT (  '', '', ( #7127 ) ) ;
#10187 = PLANE ( 'NONE',  #2525 ) ;
#10188 = CARTESIAN_POINT ( 'NONE',  ( 2.500000000000000000, 0.05000000000000000278, -2.500000000000000444 ) ) ;
#10189 = ADVANCED_FACE ( 'NONE', ( #5175 ), #8670, .F. ) ;
#10190 = VERTEX_POINT ( 'NONE', #7135 ) ;
#10191 =( NAMED_UNIT ( * ) SI_UNIT ( $, .STERADIAN. ) SOLID_ANGLE_UNIT ( ) );
#10192 = CYLINDRICAL_SURFACE ( 'NONE', #1116, 0.1250000000000001110 ) ;
#10193 = ORIENTED_EDGE ( 'NONE', *, *, #4777, .T. ) ;
#10194 = LINE ( 'NONE', #7684, #6497 ) ;
#10195 = EDGE_LOOP ( 'NONE', ( #637, #6243, #1124, #1404 ) ) ;
#10196 = ORIENTED_EDGE ( 'NONE', *, *, #1425, .F. ) ;
#10197 = CARTESIAN_POINT ( 'NONE',  ( -0.6250000000000001110, 0.2000000000000005107, 2.499999999999999556 ) ) ;
#10198 = ORIENTED_EDGE ( 'NONE', *, *, #4294, .F. ) ;
#10199 = CARTESIAN_POINT ( 'NONE',  ( -2.500000000000000888, 0.1999999999999999833, 1.875000000000000888 ) ) ;
#10200 = ORIENTED_EDGE ( 'NONE', *, *, #1909, .F. ) ;
#10201 = LINE ( 'NONE', #115, #9013 ) ;
#10202 = CARTESIAN_POINT ( 'NONE',  ( -2.225000000000000977, 0.1999999999999999833, -0.1249999999999994588 ) ) ;
#10203 = EDGE_CURVE ( 'NONE', #7288, #6001, #1199, .T. ) ;
#10204 = DIRECTION ( 'NONE',  ( -1.000000000000000000, 0.000000000000000000, -0.000000000000000000 ) ) ;
#10205 = ORIENTED_EDGE ( 'NONE', *, *, #770, .T. ) ;
#10206 = DIRECTION ( 'NONE',  ( -1.000000000000000000, 0.000000000000000000, 1.734723475976808475E-15 ) ) ;
#10207 = DIRECTION ( 'NONE',  ( 0.000000000000000000, -1.000000000000000000, 0.000000000000000000 ) ) ;
#10208 = DIRECTION ( 'NONE',  ( 0.000000000000000000, 0.000000000000000000, -1.000000000000000000 ) ) ;
#10209 = ORIENTED_EDGE ( 'NONE', *, *, #2536, .F. ) ;
#10210 = VERTEX_POINT ( 'NONE', #9836 ) ;
#10211 = CARTESIAN_POINT ( 'NONE',  ( 2.225000000000000977, 0.6716990566028304688, -0.6249999999999994449 ) ) ;
#10212 = DIRECTION ( 'NONE',  ( 0.000000000000000000, 0.000000000000000000, 1.000000000000000000 ) ) ;
#10213 = EDGE_CURVE ( 'NONE', #9074, #2588, #7933, .T. ) ;
#10214 = VERTEX_POINT ( 'NONE', #10513 ) ;
#10215 = ORIENTED_EDGE ( 'NONE', *, *, #7599, .T. ) ;
#10216 = AXIS2_PLACEMENT_3D ( 'NONE', #7736, #6137, #6766 ) ;
#10217 = CARTESIAN_POINT ( 'NONE',  ( -1.125000000000000222, 0.04999999999999969746, 2.500000000000000444 ) ) ;
#10218 = CARTESIAN_POINT ( 'NONE',  ( -2.500000000000000000, 0.05000000000000000278, 2.499999999999999556 ) ) ;
#10219 = DIRECTION ( 'NONE',  ( 0.000000000000000000, -0.000000000000000000, 1.000000000000000000 ) ) ;
#10220 = EDGE_LOOP ( 'NONE', ( #5674, #7017, #1443, #1589 ) ) ;
#10221 = LINE ( 'NONE', #4138, #3334 ) ;
#10222 = DIRECTION ( 'NONE',  ( 0.000000000000000000, 0.000000000000000000, -1.000000000000000000 ) ) ;
#10223 = CARTESIAN_POINT ( 'NONE',  ( 2.500000000000000000, 0.2000000000000005107, -0.3749999999999994449 ) ) ;
#10224 = DIRECTION ( 'NONE',  ( -0.000000000000000000, 0.000000000000000000, -1.000000000000000000 ) ) ;
#10225 = LINE ( 'NONE', #9333, #3077 ) ;
#10226 = EDGE_CURVE ( 'NONE', #11132, #10752, #8096, .T. ) ;
#10227 = CARTESIAN_POINT ( 'NONE',  ( 1.875000000000000000, 0.000000000000000000, -2.500000000000000444 ) ) ;
#10228 = ADVANCED_FACE ( 'NONE', ( #8997 ), #365, .T. ) ;
#10229 = DIRECTION ( 'NONE',  ( -0.000000000000000000, -1.000000000000000000, -0.000000000000000000 ) ) ;
#10230 = DIRECTION ( 'NONE',  ( 1.000000000000000000, 0.000000000000000000, -0.000000000000000000 ) ) ;
#10231 = VECTOR ( 'NONE', #1022, 1000.000000000000000 ) ;
#10232 = ORIENTED_EDGE ( 'NONE', *, *, #4748, .F. ) ;
#10233 = ORIENTED_EDGE ( 'NONE', *, *, #9696, .F. ) ;
#10234 =( LENGTH_UNIT ( ) NAMED_UNIT ( * ) SI_UNIT ( .MILLI., .METRE. ) );
#10235 = DIRECTION ( 'NONE',  ( 1.000000000000000000, -0.000000000000000000, 3.154042683594199163E-15 ) ) ;
#10236 = UNCERTAINTY_MEASURE_WITH_UNIT (LENGTH_MEASURE( 1.000000000000000082E-05 ), #2800, 'distance_accuracy_value', 'NONE');
#10237 = VECTOR ( 'NONE', #3838, 1000.000000000000000 ) ;
#10238 = DIRECTION ( 'NONE',  ( 0.000000000000000000, 0.000000000000000000, -1.000000000000000000 ) ) ;
#10240 = EDGE_CURVE ( 'NONE', #3309, #6833, #429, .T. ) ;
#10239 = CARTESIAN_POINT ( 'NONE',  ( -0.6250000000000001110, 0.6716990566028303578, -2.225000000000000533 ) ) ;
#10241 = PLANE ( 'NONE',  #7241 ) ;
#10242 = ORIENTED_EDGE ( 'NONE', *, *, #5374, .T. ) ;
#10243 = ADVANCED_FACE ( 'NONE', ( #1253 ), #1035, .F. ) ;
#10244 = EDGE_CURVE ( 'NONE', #8757, #2218, #5336, .T. ) ;
#10245 = DIRECTION ( 'NONE',  ( 0.000000000000000000, 0.000000000000000000, 1.000000000000000000 ) ) ;
#10246 = ORIENTED_EDGE ( 'NONE', *, *, #11091, .T. ) ;
#10247 = VECTOR ( 'NONE', #8796, 1000.000000000000000 ) ;
#10248 = FACE_OUTER_BOUND ( 'NONE', #5167, .T. ) ;
#10249 = VERTEX_POINT ( 'NONE', #4704 ) ;
#10250 = VERTEX_POINT ( 'NONE', #10620 ) ;
#10251 = CARTESIAN_POINT ( 'NONE',  ( -2.500000000000000888, 0.1999999999999999833, -1.124999999999999334 ) ) ;
#10252 = ORIENTED_EDGE ( 'NONE', *, *, #5909, .T. ) ;
#10253 = DIRECTION ( 'NONE',  ( -0.000000000000000000, -1.000000000000000000, -0.000000000000000000 ) ) ;
#10254 = UNCERTAINTY_MEASURE_WITH_UNIT (LENGTH_MEASURE( 1.000000000000000082E-05 ), #93, 'distance_accuracy_value', 'NONE');
#10255 = CARTESIAN_POINT ( 'NONE',  ( -0.2500000000000002220, 0.6716990566028303578, 2.225000000000000533 ) ) ;
#10256 = STYLED_ITEM ( 'NONE', ( #6309 ), #7292 ) ;
#10257 = PLANE ( 'NONE',  #2710 ) ;
#10258 = VERTEX_POINT ( 'NONE', #1888 ) ;
#10259 = VECTOR ( 'NONE', #4791, 1000.000000000000000 ) ;
#10260 = CARTESIAN_POINT ( 'NONE',  ( 1.724999999999999645, 5.079036790187180017, -1.674999999999999600 ) ) ;
#10261 = CARTESIAN_POINT ( 'NONE',  ( -0.6250000000000001110, 0.6716990566028303578, 2.500000000000000444 ) ) ;
#10262 = VERTEX_POINT ( 'NONE', #2717 ) ;
#10263 = CARTESIAN_POINT ( 'NONE',  ( 2.225000000000000977, 0.6716990566028304688, -1.374999999999999556 ) ) ;
#10264 = CARTESIAN_POINT ( 'NONE',  ( 1.674999999999999822, 0.1999999999999996503, 1.725000000000000755 ) ) ;
#10265 = ORIENTED_EDGE ( 'NONE', *, *, #7992, .T. ) ;
#10266 = VERTEX_POINT ( 'NONE', #9620 ) ;
#10267 = VECTOR ( 'NONE', #7631, 1000.000000000000000 ) ;
#10268 = LINE ( 'NONE', #9437, #11050 ) ;
#10269 = EDGE_CURVE ( 'NONE', #3997, #7700, #200, .T. ) ;
#10270 = VECTOR ( 'NONE', #5222, 1000.000000000000000 ) ;
#10271 = CARTESIAN_POINT ( 'NONE',  ( 0.1250000000000001110, 0.6716990566028303578, 2.500000000000000444 ) ) ;
#10272 = ORIENTED_EDGE ( 'NONE', *, *, #913, .T. ) ;
#10273 = ORIENTED_EDGE ( 'NONE', *, *, #9294, .F. ) ;
#10274 = DIRECTION ( 'NONE',  ( 0.000000000000000000, -0.000000000000000000, -1.000000000000000000 ) ) ;
#10275 = CARTESIAN_POINT ( 'NONE',  ( 2.500000000000000444, 0.6716990566028304688, -1.874999999999999112 ) ) ;
#10276 = COLOUR_RGB ( '',0.7921568627450980005, 0.8196078431372548767, 0.9333333333333333481 ) ;
#10277 = CIRCLE ( 'NONE', #554, 0.1250000000000001110 ) ;
#10278 = PLANE ( 'NONE',  #3746 ) ;
#10279 = VERTEX_POINT ( 'NONE', #2827 ) ;
#10280 = ORIENTED_EDGE ( 'NONE', *, *, #2552, .T. ) ;
#10281 = VECTOR ( 'NONE', #4046, 1000.000000000000000 ) ;
#10282 = DIRECTION ( 'NONE',  ( -1.000000000000000000, 0.000000000000000000, -6.377659838150024995E-17 ) ) ;
#10283 = CARTESIAN_POINT ( 'NONE',  ( 1.125000000000000222, 0.2000000000000005107, -2.500000000000000444 ) ) ;
#10284 = ADVANCED_FACE ( 'NONE', ( #6288 ), #4483, .T. ) ;
#10285 = EDGE_CURVE ( 'NONE', #3773, #6713, #2953, .T. ) ;
#10286 = EDGE_CURVE ( 'NONE', #3706, #8412, #9070, .T. ) ;
#10287 = AXIS2_PLACEMENT_3D ( 'NONE', #10786, #3735, #1308 ) ;
#10288 = CARTESIAN_POINT ( 'NONE',  ( -0.2500000000000002220, 0.1999999999999999833, 2.225000000000000533 ) ) ;
#10289 = DIRECTION ( 'NONE',  ( -0.000000000000000000, -1.000000000000000000, -0.000000000000000000 ) ) ;
#10290 = VERTEX_POINT ( 'NONE', #4537 ) ;
#10291 = AXIS2_PLACEMENT_3D ( 'NONE', #7038, #3877, #1444 ) ;
#10292 = CARTESIAN_POINT ( 'NONE',  ( 0.2499999999999997780, 0.1999999999999999833, 2.100000000000000089 ) ) ;
#10293 = CARTESIAN_POINT ( 'NONE',  ( -2.225000000000000977, 0.6716990566028304688, 0.3750000000000005551 ) ) ;
#10294 = VECTOR ( 'NONE', #4985, 1000.000000000000000 ) ;
#10295 = EDGE_CURVE ( 'NONE', #8412, #4406, #258, .T. ) ;
#10296 = AXIS2_PLACEMENT_3D ( 'NONE', #8175, #10020, #8230 ) ;
#10297 = EDGE_LOOP ( 'NONE', ( #2238, #3884, #10000, #6786 ) ) ;
#10298 = LINE ( 'NONE', #2566, #1258 ) ;
#10299 = DIRECTION ( 'NONE',  ( 1.000000000000000000, -0.000000000000000000, -0.000000000000000000 ) ) ;
#10300 = VECTOR ( 'NONE', #2185, 1000.000000000000000 ) ;
#10301 = CARTESIAN_POINT ( 'NONE',  ( 1.749999999999999778, 0.6716990566028303578, 2.225000000000000533 ) ) ;
#10302 = CARTESIAN_POINT ( 'NONE',  ( -2.500000000000000888, 0.04999999999999969746, -1.624999999999999334 ) ) ;
#10303 = CARTESIAN_POINT ( 'NONE',  ( -2.500000000000000444, 0.6716990566028304688, 0.1250000000000009714 ) ) ;
#10304 = ORIENTED_EDGE ( 'NONE', *, *, #4095, .T. ) ;
#10305 = VECTOR ( 'NONE', #1568, 1000.000000000000000 ) ;
#10306 = PRESENTATION_LAYER_ASSIGNMENT (  '', '', ( #4006 ) ) ;
#10307 = CARTESIAN_POINT ( 'NONE',  ( -2.500000000000000444, 0.1999999999999999833, 0.1250000000000009714 ) ) ;
#10308 = VECTOR ( 'NONE', #1816, 1000.000000000000000 ) ;
#10309 = ORIENTED_EDGE ( 'NONE', *, *, #4828, .T. ) ;
#10310 = DIRECTION ( 'NONE',  ( 1.000000000000000000, -0.000000000000000000, 3.154042683594199163E-15 ) ) ;
#10311 = EDGE_LOOP ( 'NONE', ( #2405, #589, #7624, #8107 ) ) ;
#10312 = ADVANCED_FACE ( 'NONE', ( #9716 ), #1993, .F. ) ;
#10313 = FILL_AREA_STYLE_COLOUR ( '', #6240 ) ;
#10314 = ADVANCED_FACE ( 'NONE', ( #1148 ), #4597, .F. ) ;
#10315 = LINE ( 'NONE', #6089, #7192 ) ;
#10316 = ADVANCED_FACE ( 'NONE', ( #2051 ), #5503, .F. ) ;
#10317 = ORIENTED_EDGE ( 'NONE', *, *, #10244, .T. ) ;
#10318 = DIRECTION ( 'NONE',  ( 0.000000000000000000, -0.000000000000000000, 1.000000000000000000 ) ) ;
#10319 = CIRCLE ( 'NONE', #6905, 0.1250000000000001110 ) ;
#10320 = CARTESIAN_POINT ( 'NONE',  ( -0.8749999999999996669, 0.000000000000000000, -2.225000000000000533 ) ) ;
#10321 = ORIENTED_EDGE ( 'NONE', *, *, #10813, .T. ) ;
#10322 = SURFACE_STYLE_USAGE ( .BOTH. , #3494 ) ;
#10323 = ORIENTED_EDGE ( 'NONE', *, *, #3252, .T. ) ;
#10324 = EDGE_CURVE ( 'NONE', #1746, #9994, #4825, .T. ) ;
#10325 = CARTESIAN_POINT ( 'NONE',  ( -2.225000000000000977, 0.000000000000000000, 1.750000000000000666 ) ) ;
#10326 = CARTESIAN_POINT ( 'NONE',  ( 0.8749999999999998890, 0.04999999999999969746, -2.500000000000000444 ) ) ;
#10327 = ORIENTED_EDGE ( 'NONE', *, *, #1280, .F. ) ;
#10328 = ORIENTED_EDGE ( 'NONE', *, *, #4088, .F. ) ;
#10329 = AXIS2_PLACEMENT_3D ( 'NONE', #8494, #6062, #2610 ) ;
#10330 = VERTEX_POINT ( 'NONE', #4883 ) ;
#10331 = EDGE_CURVE ( 'NONE', #10087, #8617, #7483, .T. ) ;
#10332 = PLANE ( 'NONE',  #4658 ) ;
#10333 = VERTEX_POINT ( 'NONE', #9117 ) ;
#10334 = VERTEX_POINT ( 'NONE', #5733 ) ;
#10335 = CARTESIAN_POINT ( 'NONE',  ( -1.725000000000000533, 0.1999999999999996503, 1.675000000000000711 ) ) ;
#10336 = VECTOR ( 'NONE', #8639, 1000.000000000000000 ) ;
#10337 = FACE_OUTER_BOUND ( 'NONE', #2089, .T. ) ;
#10338 = CARTESIAN_POINT ( 'NONE',  ( -2.225000000000000977, 0.05000000000000002359, -1.749999999999999334 ) ) ;
#10339 = ORIENTED_EDGE ( 'NONE', *, *, #1032, .T. ) ;
#10340 = EDGE_CURVE ( 'NONE', #5732, #8512, #1680, .T. ) ;
#10341 = CARTESIAN_POINT ( 'NONE',  ( 1.724999999999999645, 0.1999999999999996503, -1.674999999999999600 ) ) ;
#10342 = CARTESIAN_POINT ( 'NONE',  ( -2.225000000000000977, 0.1999999999999999833, -1.749999999999999334 ) ) ;
#10343 = DIRECTION ( 'NONE',  ( 0.000000000000000000, 1.000000000000000000, 0.000000000000000000 ) ) ;
#10344 = DIRECTION ( 'NONE',  ( 0.000000000000000000, -1.000000000000000000, 0.000000000000000000 ) ) ;
#10345 = CIRCLE ( 'NONE', #2955, 0.1250000000000001110 ) ;
#10346 = LINE ( 'NONE', #8663, #1796 ) ;
#10347 = FILL_AREA_STYLE ('',( #4206 ) ) ;
#10348 = LINE ( 'NONE', #9334, #938 ) ;
#10349 = AXIS2_PLACEMENT_3D ( 'NONE', #4513, #7960, #6046 ) ;
#10350 = EDGE_CURVE ( 'NONE', #4975, #7037, #539, .T. ) ;
#10351 = VERTEX_POINT ( 'NONE', #4084 ) ;
#10352 = FACE_OUTER_BOUND ( 'NONE', #10220, .T. ) ;
#10353 = DIRECTION ( 'NONE',  ( 0.000000000000000000, -0.000000000000000000, 1.000000000000000000 ) ) ;
#10354 = ORIENTED_EDGE ( 'NONE', *, *, #8716, .F. ) ;
#10355 = CYLINDRICAL_SURFACE ( 'NONE', #6158, 0.1250000000000001110 ) ;
#10356 = CARTESIAN_POINT ( 'NONE',  ( -4.336808689942045346E-15, 0.05000000000000000278, -1.375000000000006883 ) ) ;
#10357 = CARTESIAN_POINT ( 'NONE',  ( -2.225000000000000977, 0.6716990566028304688, 1.375000000000000666 ) ) ;
#10358 = CARTESIAN_POINT ( 'NONE',  ( -2.225000000000000977, 0.05000000000000002359, 0.6250000000000005551 ) ) ;
#10359 = ADVANCED_FACE ( 'NONE', ( #3182 ), #9947, .F. ) ;
#10360 = DIRECTION ( 'NONE',  ( 7.885106708985485090E-16, 0.000000000000000000, -1.000000000000000000 ) ) ;
#10361 = ORIENTED_EDGE ( 'NONE', *, *, #3423, .F. ) ;
#10362 = CLOSED_SHELL ( 'NONE', ( #3031, #3812, #7555, #3522, #2755, #1041, #5357 ) ) ;
#10363 = DIRECTION ( 'NONE',  ( -1.734723475976808475E-15, -0.000000000000000000, 1.000000000000000000 ) ) ;
#10364 = ORIENTED_EDGE ( 'NONE', *, *, #10331, .F. ) ;
#10365 = CARTESIAN_POINT ( 'NONE',  ( 1.875000000000000000, 0.2000000000000000111, -2.500000000000000444 ) ) ;
#10366 = ORIENTED_EDGE ( 'NONE', *, *, #5950, .T. ) ;
#10367 = FACE_OUTER_BOUND ( 'NONE', #4060, .T. ) ;
#10368 = AXIS2_PLACEMENT_3D ( 'NONE', #7563, #9145, #7626 ) ;
#10369 = CARTESIAN_POINT ( 'NONE',  ( 1.874999999999999778, 0.6716990566028303578, 2.225000000000000533 ) ) ;
#10370 = VECTOR ( 'NONE', #4397, 1000.000000000000000 ) ;
#10371 = CARTESIAN_POINT ( 'NONE',  ( -1.749999999999999778, 0.2000000000000000111, -2.225000000000000533 ) ) ;
#10372 = CARTESIAN_POINT ( 'NONE',  ( 2.500000000000000000, 0.2000000000000005107, -0.8749999999999994449 ) ) ;
#10373 = ORIENTED_EDGE ( 'NONE', *, *, #4668, .F. ) ;
#10374 = ADVANCED_FACE ( 'NONE', ( #5004 ), #9282, .T. ) ;
#10375 = EDGE_CURVE ( 'NONE', #9861, #1689, #1488, .T. ) ;
#10376 = ORIENTED_EDGE ( 'NONE', *, *, #5554, .F. ) ;
#10377 = CARTESIAN_POINT ( 'NONE',  ( 2.500000000000000444, 0.6716990566028304688, -1.374999999999999112 ) ) ;
#10378 = ADVANCED_FACE ( 'NONE', ( #8436 ), #7532, .T. ) ;
#10379 = CARTESIAN_POINT ( 'NONE',  ( -1.125000000000000222, 0.000000000000000000, 2.500000000000000444 ) ) ;
#10380 = DIRECTION ( 'NONE',  ( -0.000000000000000000, -1.000000000000000000, -0.000000000000000000 ) ) ;
#10381 = EDGE_LOOP ( 'NONE', ( #1891, #10986, #10328, #10196 ) ) ;
#10382 = ORIENTED_EDGE ( 'NONE', *, *, #5054, .T. ) ;
#10383 = CARTESIAN_POINT ( 'NONE',  ( -1.750000000000000222, 0.2000000000000000111, 2.225000000000000533 ) ) ;
#10384 = VERTEX_POINT ( 'NONE', #10058 ) ;
#10385 = ORIENTED_EDGE ( 'NONE', *, *, #2720, .F. ) ;
#10386 = PLANE ( 'NONE',  #7414 ) ;
#10387 = EDGE_CURVE ( 'NONE', #6520, #2218, #2039, .T. ) ;
#10388 = PLANE ( 'NONE',  #2943 ) ;
#10389 = CARTESIAN_POINT ( 'NONE',  ( -0.6250000000000001110, 0.2000000000000000111, 2.500000000000000444 ) ) ;
#10390 = ORIENTED_EDGE ( 'NONE', *, *, #3061, .F. ) ;
#10391 = CARTESIAN_POINT ( 'NONE',  ( 2.500000000000000888, 0.1999999999999999833, -0.1249999999999992506 ) ) ;
#10392 = EDGE_CURVE ( 'NONE', #7000, #11076, #6456, .T. ) ;
#10393 = CARTESIAN_POINT ( 'NONE',  ( 0.7499999999999997780, 0.2000000000000000111, 2.225000000000000533 ) ) ;
#10394 = DIRECTION ( 'NONE',  ( 0.000000000000000000, 0.000000000000000000, 1.000000000000000000 ) ) ;
#10395 = DIRECTION ( 'NONE',  ( 0.000000000000000000, 1.000000000000000000, -0.000000000000000000 ) ) ;
#10396 = DIRECTION ( 'NONE',  ( 0.000000000000000000, 0.000000000000000000, 1.000000000000000000 ) ) ;
#10397 = DIRECTION ( 'NONE',  ( 0.000000000000000000, 0.000000000000000000, -1.000000000000000000 ) ) ;
#10398 = ORIENTED_EDGE ( 'NONE', *, *, #9408, .T. ) ;
#10399 =( NAMED_UNIT ( * ) PLANE_ANGLE_UNIT ( ) SI_UNIT ( $, .RADIAN. ) );
#10400 = DIRECTION ( 'NONE',  ( 0.000000000000000000, -0.000000000000000000, -1.000000000000000000 ) ) ;
#10401 = DIRECTION ( 'NONE',  ( -0.000000000000000000, -1.000000000000000000, -0.000000000000000000 ) ) ;
#10402 = VERTEX_POINT ( 'NONE', #2328 ) ;
#10403 = DIRECTION ( 'NONE',  ( 0.000000000000000000, -1.000000000000000000, 0.000000000000000000 ) ) ;
#10404 = EDGE_CURVE ( 'NONE', #4451, #10087, #3239, .T. ) ;
#10405 = DIRECTION ( 'NONE',  ( -1.000000000000000000, 0.000000000000000000, -7.885106708985485090E-16 ) ) ;
#10406 =( LENGTH_UNIT ( ) NAMED_UNIT ( * ) SI_UNIT ( .MILLI., .METRE. ) );
#10407 = CARTESIAN_POINT ( 'NONE',  ( 0.7499999999999997780, 0.6716990566028303578, 2.100000000000000089 ) ) ;
#10408 = DIRECTION ( 'NONE',  ( 0.000000000000000000, 0.000000000000000000, -1.000000000000000000 ) ) ;
#10409 = ORIENTED_EDGE ( 'NONE', *, *, #6851, .T. ) ;
#10410 = VECTOR ( 'NONE', #11020, 1000.000000000000000 ) ;
#10411 = LINE ( 'NONE', #5352, #5166 ) ;
#10412 = ORIENTED_EDGE ( 'NONE', *, *, #1597, .F. ) ;
#10413 = ADVANCED_FACE ( 'NONE', ( #2220 ), #2392, .F. ) ;
#10414 = EDGE_CURVE ( 'NONE', #10005, #914, #8214, .T. ) ;
#10415 = CARTESIAN_POINT ( 'NONE',  ( -1.625000000000000222, 0.2000000000000000111, 2.500000000000000444 ) ) ;
#10416 = EDGE_LOOP ( 'NONE', ( #2104, #7909, #3181, #3358 ) ) ;
#10417 = CARTESIAN_POINT ( 'NONE',  ( 2.225000000000000977, 0.6716990566028304688, 0.2500000000000006661 ) ) ;
#10418 = AXIS2_PLACEMENT_3D ( 'NONE', #10383, #6216, #6894 ) ;
#10419 = CARTESIAN_POINT ( 'NONE',  ( 2.500000000000000888, 0.6716990566028304688, -0.1249999999999992506 ) ) ;
#10420 = CARTESIAN_POINT ( 'NONE',  ( 1.375000000000000000, 0.000000000000000000, -2.500000000000000444 ) ) ;
#10421 = LINE ( 'NONE', #4237, #2896 ) ;
#10422 = ORIENTED_EDGE ( 'NONE', *, *, #5081, .T. ) ;
#10423 = CARTESIAN_POINT ( 'NONE',  ( -1.625000000000000222, 0.000000000000000000, 2.500000000000000444 ) ) ;
#10424 = ORIENTED_EDGE ( 'NONE', *, *, #4631, .T. ) ;
#10425 =( NAMED_UNIT ( * ) SI_UNIT ( $, .STERADIAN. ) SOLID_ANGLE_UNIT ( ) );
#10426 = AXIS2_PLACEMENT_3D ( 'NONE', #2738, #1791, #4453 ) ;
#10427 = CARTESIAN_POINT ( 'NONE',  ( 0.3749999999999998890, 0.000000000000000000, -2.225000000000000533 ) ) ;
#10428 = CARTESIAN_POINT ( 'NONE',  ( -2.225000000000000977, 0.6716990566028304688, 0.2500000000000006661 ) ) ;
#10429 = ORIENTED_EDGE ( 'NONE', *, *, #6917, .T. ) ;
#10430 = EDGE_LOOP ( 'NONE', ( #5537, #4666, #10489, #7309, #7272, #1995, #7159, #4115, #9167, #6425, #3232, #2618, #1332, #4625, #1958, #3446, #10011, #2444, #2186, #3762, #4988, #6544, #7224, #3102, #8946, #1291, #4823, #470, #7723, #5283, #10090, #6777, #129, #5148, #9525, #9668, #3694, #3287, #4840, #10209, #7876, #620, #2438, #2005, #1684, #9046, #178, #3374, #7321, #8031, #8485, #9, #7622, #8519, #8776, #6885, #9654, #4196, #10572, #10706, #3745, #7557, #7341, #868, #2343, #10994, #8535, #10390, #9898, #7442, #5758, #363, #1828, #4127, #4916, #3556, #10526, #9251, #1366, #1616, #1457, #7216, #10885, #1924, #4762, #504, #2906, #8517, #10137, #4215, #8380, #10273, #6006, #3388, #840, #7865, #4751, #1196, #6912, #5353, #5051, #3281, #5320, #174, #3597, #9638, #5450, #10161, #1314, #10412, #3059, #10077, #6978, #3211, #10376, #1418, #3817, #147, #7031, #3561, #1146, #5522, #2096, #5365, #6047, #2418, #949, #5301, #298, #6818, #7459, #5309, #6344, #5691, #9371, #1650, #3066, #4346, #8076, #4508 ) ) ;
#10431 = LINE ( 'NONE', #5994, #3477 ) ;
#10432 = EDGE_CURVE ( 'NONE', #3852, #3706, #6682, .T. ) ;
#10433 = FACE_OUTER_BOUND ( 'NONE', #8242, .T. ) ;
#10434 = ORIENTED_EDGE ( 'NONE', *, *, #729, .F. ) ;
#10435 = VECTOR ( 'NONE', #10520, 1000.000000000000000 ) ;
#10436 = VERTEX_POINT ( 'NONE', #3062 ) ;
#10437 = DIRECTION ( 'NONE',  ( 1.000000000000000000, 0.000000000000000000, 3.154042683594199163E-15 ) ) ;
#10438 = DIRECTION ( 'NONE',  ( 0.000000000000000000, 0.000000000000000000, -1.000000000000000000 ) ) ;
#10439 = ORIENTED_EDGE ( 'NONE', *, *, #4682, .F. ) ;
#10440 = CARTESIAN_POINT ( 'NONE',  ( -0.3749999999999996669, 0.1999999999999999833, -2.225000000000000533 ) ) ;
#10441 = LINE ( 'NONE', #975, #817 ) ;
#10442 = AXIS2_PLACEMENT_3D ( 'NONE', #6141, #1854, #5306 ) ;
#10443 = AXIS2_PLACEMENT_3D ( 'NONE', #1823, #4263, #7598 ) ;
#10444 = CARTESIAN_POINT ( 'NONE',  ( -1.750000000000000222, 0.000000000000000000, 2.225000000000000533 ) ) ;
#10445 = VECTOR ( 'NONE', #7789, 1000.000000000000000 ) ;
#10446 = EDGE_CURVE ( 'NONE', #10966, #3381, #6571, .T. ) ;
#10447 = ADVANCED_FACE ( 'NONE', ( #9170 ), #1764, .T. ) ;
#10448 = CARTESIAN_POINT ( 'NONE',  ( -0.7500000000000002220, 0.2000000000000000111, 2.225000000000000533 ) ) ;
#10449 = ADVANCED_FACE ( 'NONE', ( #5215 ), #2550, .T. ) ;
#10450 = AXIS2_PLACEMENT_3D ( 'NONE', #10301, #2569, #1042 ) ;
#10451 = VECTOR ( 'NONE', #3395, 1000.000000000000000 ) ;
#10452 = DIRECTION ( 'NONE',  ( -1.000000000000000000, 0.000000000000000000, -3.154042683594199163E-15 ) ) ;
#10453 = ORIENTED_EDGE ( 'NONE', *, *, #3801, .T. ) ;
#10454 = ORIENTED_EDGE ( 'NONE', *, *, #7081, .F. ) ;
#10455 = CARTESIAN_POINT ( 'NONE',  ( 1.374999999999999778, 0.2000000000000000111, 2.225000000000000533 ) ) ;
#10456 = CARTESIAN_POINT ( 'NONE',  ( 0.2499999999999997780, 0.2000000000000000111, 2.225000000000000533 ) ) ;
#10457 = EDGE_LOOP ( 'NONE', ( #7297, #1857, #8023, #7231, #3894 ) ) ;
#10458 =( GEOMETRIC_REPRESENTATION_CONTEXT ( 3 ) GLOBAL_UNCERTAINTY_ASSIGNED_CONTEXT ( ( #11063 ) ) GLOBAL_UNIT_ASSIGNED_CONTEXT ( ( #4429, #9615, #6966 ) ) REPRESENTATION_CONTEXT ( 'NONE', 'WORKASPACE' ) );
#10459 = VECTOR ( 'NONE', #9708, 1000.000000000000000 ) ;
#10460 = PLANE ( 'NONE',  #2137 ) ;
#10461 = CARTESIAN_POINT ( 'NONE',  ( 2.225000000000000977, 0.000000000000000000, 1.375000000000000666 ) ) ;
#10462 = LINE ( 'NONE', #6188, #909 ) ;
#10463 = CARTESIAN_POINT ( 'NONE',  ( -2.500000000000000444, 0.000000000000000000, 1.125000000000000888 ) ) ;
#10464 =( GEOMETRIC_REPRESENTATION_CONTEXT ( 3 ) GLOBAL_UNCERTAINTY_ASSIGNED_CONTEXT ( ( #10254 ) ) GLOBAL_UNIT_ASSIGNED_CONTEXT ( ( #93, #7070, #5032 ) ) REPRESENTATION_CONTEXT ( 'NONE', 'WORKASPACE' ) );
#10465 = FACE_OUTER_BOUND ( 'NONE', #1738, .T. ) ;
#10466 = EDGE_LOOP ( 'NONE', ( #4552, #2598, #3180, #7344 ) ) ;
#10467 = CARTESIAN_POINT ( 'NONE',  ( -2.225000000000000977, 0.000000000000000000, -0.6249999999999994449 ) ) ;
#10468 = EDGE_CURVE ( 'NONE', #3251, #6473, #10173, .T. ) ;
#10469 = CARTESIAN_POINT ( 'NONE',  ( -1.750000000000000222, 0.2000000000000000111, 2.225000000000000533 ) ) ;
#10470 = ORIENTED_EDGE ( 'NONE', *, *, #8945, .T. ) ;
#10471 = FACE_OUTER_BOUND ( 'NONE', #6648, .T. ) ;
#10472 = MECHANICAL_DESIGN_GEOMETRIC_PRESENTATION_REPRESENTATION (  '', ( #5261 ), #5626 ) ;
#10473 = VERTEX_POINT ( 'NONE', #5052 ) ;
#10474 = VECTOR ( 'NONE', #1733, 1000.000000000000000 ) ;
#10475 =( NAMED_UNIT ( * ) PLANE_ANGLE_UNIT ( ) SI_UNIT ( $, .RADIAN. ) );
#10476 = FACE_OUTER_BOUND ( 'NONE', #10518, .T. ) ;
#10477 = LINE ( 'NONE', #8797, #6668 ) ;
#10478 = DIRECTION ( 'NONE',  ( -0.000000000000000000, -1.000000000000000000, -0.000000000000000000 ) ) ;
#10479 = ORIENTED_EDGE ( 'NONE', *, *, #7844, .F. ) ;
#10480 = CIRCLE ( 'NONE', #6351, 0.1250000000000001110 ) ;
#10481 = VECTOR ( 'NONE', #11122, 1000.000000000000000 ) ;
#10482 =( NAMED_UNIT ( * ) SI_UNIT ( $, .STERADIAN. ) SOLID_ANGLE_UNIT ( ) );
#10483 = VECTOR ( 'NONE', #7260, 1000.000000000000000 ) ;
#10484 = EDGE_CURVE ( 'NONE', #9827, #400, #1321, .T. ) ;
#10485 = PRESENTATION_STYLE_ASSIGNMENT (( #380 ) ) ;
#10486 = DIRECTION ( 'NONE',  ( -0.000000000000000000, -1.000000000000000000, -0.000000000000000000 ) ) ;
#10487 = CARTESIAN_POINT ( 'NONE',  ( 2.500000000000000444, 0.6716990566028304688, 1.125000000000000888 ) ) ;
#10488 = ORIENTED_EDGE ( 'NONE', *, *, #3291, .T. ) ;
#10489 = ORIENTED_EDGE ( 'NONE', *, *, #3079, .F. ) ;
#10490 = CARTESIAN_POINT ( 'NONE',  ( 1.874999999999999778, 0.04999999999999999584, 2.225000000000000533 ) ) ;
#10491 = PRODUCT_DEFINITION_FORMATION_WITH_SPECIFIED_SOURCE ( 'ANY', '', #6634, .NOT_KNOWN. ) ;
#10492 = DIRECTION ( 'NONE',  ( -0.000000000000000000, -1.000000000000000000, -0.000000000000000000 ) ) ;
#10493 = VERTEX_POINT ( 'NONE', #6009 ) ;
#10494 = ORIENTED_EDGE ( 'NONE', *, *, #10392, .T. ) ;
#10495 = ADVANCED_FACE ( 'NONE', ( #7660 ), #870, .F. ) ;
#10496 = LINE ( 'NONE', #9701, #9972 ) ;
#10497 = DIRECTION ( 'NONE',  ( 1.000000000000000000, -0.000000000000000000, 0.000000000000000000 ) ) ;
#10498 = EDGE_LOOP ( 'NONE', ( #7829, #4677, #7493, #3037 ) ) ;
#10499 = LINE ( 'NONE', #1877, #8754 ) ;
#10500 = LINE ( 'NONE', #5216, #4044 ) ;
#10501 = AXIS2_PLACEMENT_3D ( 'NONE', #1090, #6239, #5385 ) ;
#10502 = DIRECTION ( 'NONE',  ( -1.734723475976808475E-15, 0.000000000000000000, 1.000000000000000000 ) ) ;
#10503 = VECTOR ( 'NONE', #3609, 1000.000000000000000 ) ;
#10504 = AXIS2_PLACEMENT_3D ( 'NONE', #5150, #1583, #1474 ) ;
#10505 = AXIS2_PLACEMENT_3D ( 'NONE', #6505, #4015, #7302 ) ;
#10506 = AXIS2_PLACEMENT_3D ( 'NONE', #7046, #904, #9646 ) ;
#10507 = PLANE ( 'NONE',  #6854 ) ;
#10508 = VECTOR ( 'NONE', #182, 1000.000000000000000 ) ;
#10509 = CARTESIAN_POINT ( 'NONE',  ( -1.675000000000000711, 5.079036790187180017, 1.675000000000000711 ) ) ;
#10510 = DIRECTION ( 'NONE',  ( 0.000000000000000000, 0.000000000000000000, -1.000000000000000000 ) ) ;
#10511 = EDGE_LOOP ( 'NONE', ( #257, #8317 ) ) ;
#10512 = ORIENTED_EDGE ( 'NONE', *, *, #8393, .F. ) ;
#10514 = EDGE_CURVE ( 'NONE', #5608, #8575, #8897, .T. ) ;
#10513 = CARTESIAN_POINT ( 'NONE',  ( 1.724999999999999645, 0.1999999999999996503, -1.674999999999999600 ) ) ;
#10515 = PLANE ( 'NONE',  #10167 ) ;
#10516 = AXIS2_PLACEMENT_3D ( 'NONE', #10059, #1254, #1375 ) ;
#10517 = ADVANCED_FACE ( 'NONE', ( #7593 ), #9447, .F. ) ;
#10518 = EDGE_LOOP ( 'NONE', ( #11011, #9777, #6940, #10931 ) ) ;
#10519 = ORIENTED_EDGE ( 'NONE', *, *, #10468, .T. ) ;
#10520 = DIRECTION ( 'NONE',  ( 0.000000000000000000, -1.000000000000000000, 0.000000000000000000 ) ) ;
#10521 = VECTOR ( 'NONE', #4573, 1000.000000000000000 ) ;
#10522 = VECTOR ( 'NONE', #9057, 1000.000000000000000 ) ;
#10523 = DIRECTION ( 'NONE',  ( -0.000000000000000000, -1.000000000000000000, -0.000000000000000000 ) ) ;
#10524 = DIRECTION ( 'NONE',  ( 1.000000000000000000, 0.000000000000000000, -6.472848790958234544E-17 ) ) ;
#10525 = DIRECTION ( 'NONE',  ( 0.000000000000000000, -1.000000000000000000, 0.000000000000000000 ) ) ;
#10526 = ORIENTED_EDGE ( 'NONE', *, *, #10797, .F. ) ;
#10527 = CARTESIAN_POINT ( 'NONE',  ( -2.500000000000000888, 0.6716990566028304688, 1.375000000000000888 ) ) ;
#10528 = ADVANCED_FACE ( 'NONE', ( #4260 ), #11024, .T. ) ;
#10529 = CARTESIAN_POINT ( 'NONE',  ( -0.3749999999999998890, 0.6716990566028303578, -2.500000000000000444 ) ) ;
#10530 = CARTESIAN_POINT ( 'NONE',  ( 2.500000000000000000, 0.2000000000000005107, -1.875000000000000000 ) ) ;
#10531 = EDGE_LOOP ( 'NONE', ( #10879, #4072, #4078, #2134 ) ) ;
#10532 = FILL_AREA_STYLE_COLOUR ( '', #1256 ) ;
#10533 = DIRECTION ( 'NONE',  ( 0.000000000000000000, -1.000000000000000000, 0.000000000000000000 ) ) ;
#10534 = EDGE_CURVE ( 'NONE', #125, #7175, #6559, .T. ) ;
#10535 = FILL_AREA_STYLE_COLOUR ( '', #727 ) ;
#10536 = DIRECTION ( 'NONE',  ( 0.000000000000000000, -1.000000000000000000, 0.000000000000000000 ) ) ;
#10537 = ORIENTED_EDGE ( 'NONE', *, *, #8257, .F. ) ;
#10538 =( NAMED_UNIT ( * ) PLANE_ANGLE_UNIT ( ) SI_UNIT ( $, .RADIAN. ) );
#10539 = FACE_OUTER_BOUND ( 'NONE', #2149, .T. ) ;
#10540 =( GEOMETRIC_REPRESENTATION_CONTEXT ( 3 ) GLOBAL_UNCERTAINTY_ASSIGNED_CONTEXT ( ( #8871 ) ) GLOBAL_UNIT_ASSIGNED_CONTEXT ( ( #6274, #6333, #8932 ) ) REPRESENTATION_CONTEXT ( 'NONE', 'WORKASPACE' ) );
#10541 = LINE ( 'NONE', #6212, #3679 ) ;
#10542 = VERTEX_POINT ( 'NONE', #1715 ) ;
#10543 = ORIENTED_EDGE ( 'NONE', *, *, #2047, .F. ) ;
#10544 = SURFACE_STYLE_FILL_AREA ( #3723 ) ;
#10545 = DIRECTION ( 'NONE',  ( 0.000000000000000000, 0.000000000000000000, -1.000000000000000000 ) ) ;
#10546 = ADVANCED_FACE ( 'NONE', ( #37 ), #3456, .T. ) ;
#10547 = ORIENTED_EDGE ( 'NONE', *, *, #7342, .F. ) ;
#10548 = ORIENTED_EDGE ( 'NONE', *, *, #5947, .T. ) ;
#10549 = UNCERTAINTY_MEASURE_WITH_UNIT (LENGTH_MEASURE( 1.000000000000000082E-05 ), #3547, 'distance_accuracy_value', 'NONE');
#10550 = FACE_OUTER_BOUND ( 'NONE', #5445, .T. ) ;
#10551 = FACE_OUTER_BOUND ( 'NONE', #403, .T. ) ;
#10552 = ORIENTED_EDGE ( 'NONE', *, *, #10244, .F. ) ;
#10553 = LINE ( 'NONE', #869, #6233 ) ;
#10554 = DIRECTION ( 'NONE',  ( -0.000000000000000000, 1.000000000000000000, -0.000000000000000000 ) ) ;
#10555 = ORIENTED_EDGE ( 'NONE', *, *, #507, .T. ) ;
#10556 = LINE ( 'NONE', #5270, #2131 ) ;
#10557 = LINE ( 'NONE', #2818, #8854 ) ;
#10558 = EDGE_CURVE ( 'NONE', #2841, #4258, #5944, .T. ) ;
#10559 = EDGE_CURVE ( 'NONE', #3485, #4298, #10877, .T. ) ;
#10560 = EDGE_CURVE ( 'NONE', #8094, #4814, #825, .T. ) ;
#10561 = LINE ( 'NONE', #2102, #1442 ) ;
#10562 = DIRECTION ( 'NONE',  ( 0.000000000000000000, 0.000000000000000000, -1.000000000000000000 ) ) ;
#10563 = DIRECTION ( 'NONE',  ( -0.000000000000000000, 1.000000000000000000, -0.000000000000000000 ) ) ;
#10564 = ORIENTED_EDGE ( 'NONE', *, *, #4876, .F. ) ;
#10565 = ORIENTED_EDGE ( 'NONE', *, *, #10835, .F. ) ;
#10566 = EDGE_LOOP ( 'NONE', ( #6542, #3775, #2856, #557 ) ) ;
#10567 = DIRECTION ( 'NONE',  ( 0.000000000000000000, 0.000000000000000000, 1.000000000000000000 ) ) ;
#10568 = DIRECTION ( 'NONE',  ( 0.000000000000000000, 1.000000000000000000, -0.000000000000000000 ) ) ;
#10569 = ORIENTED_EDGE ( 'NONE', *, *, #6925, .T. ) ;
#10570 = CARTESIAN_POINT ( 'NONE',  ( 0.6250000000000001110, 0.000000000000000000, -2.500000000000000444 ) ) ;
#10571 = EDGE_CURVE ( 'NONE', #3846, #9787, #612, .T. ) ;
#10572 = ORIENTED_EDGE ( 'NONE', *, *, #438, .F. ) ;
#10573 = CARTESIAN_POINT ( 'NONE',  ( -1.750000000000000222, 0.2000000000000000111, 2.225000000000000533 ) ) ;
#10574 = CARTESIAN_POINT ( 'NONE',  ( 2.500000000000000000, 0.05000000000000000278, 2.499999999999999556 ) ) ;
#10575 = LINE ( 'NONE', #8842, #5946 ) ;
#10576 = ADVANCED_FACE ( 'NONE', ( #9442 ), #11135, .T. ) ;
#10577 = CARTESIAN_POINT ( 'NONE',  ( 0.3749999999999998890, 0.2000000000000000111, 2.500000000000000444 ) ) ;
#10578 = VERTEX_POINT ( 'NONE', #2606 ) ;
#10579 = CARTESIAN_POINT ( 'NONE',  ( 2.500000000000000888, 0.6716990566028304688, -0.1249999999999992506 ) ) ;
#10580 = PLANE ( 'NONE',  #2995 ) ;
#10581 = DIRECTION ( 'NONE',  ( 0.000000000000000000, 0.000000000000000000, -1.000000000000000000 ) ) ;
#10582 = ORIENTED_EDGE ( 'NONE', *, *, #5672, .F. ) ;
#10583 = PRESENTATION_STYLE_ASSIGNMENT (( #7154 ) ) ;
#10584 = ADVANCED_FACE ( 'NONE', ( #4312 ), #5109, .F. ) ;
#10585 = CYLINDRICAL_SURFACE ( 'NONE', #6838, 0.1250000000000001110 ) ;
#10586 = AXIS2_PLACEMENT_3D ( 'NONE', #5381, #10675, #3570 ) ;
#10587 = FACE_OUTER_BOUND ( 'NONE', #4972, .T. ) ;
#10588 = DIRECTION ( 'NONE',  ( 1.000000000000000000, 0.000000000000000000, 0.000000000000000000 ) ) ;
#10589 = EDGE_CURVE ( 'NONE', #7230, #6596, #7814, .T. ) ;
#10590 = ADVANCED_FACE ( 'NONE', ( #4256 ), #2546, .T. ) ;
#10591 = AXIS2_PLACEMENT_3D ( 'NONE', #8397, #9238, #9128 ) ;
#10592 = FACE_OUTER_BOUND ( 'NONE', #2889, .T. ) ;
#10593 = ORIENTED_EDGE ( 'NONE', *, *, #3392, .T. ) ;
#10594 = FACE_OUTER_BOUND ( 'NONE', #5634, .T. ) ;
#10595 = EDGE_LOOP ( 'NONE', ( #2575, #4382, #7239, #485 ) ) ;
#10596 = VECTOR ( 'NONE', #2724, 1000.000000000000000 ) ;
#10597 = CARTESIAN_POINT ( 'NONE',  ( 1.875000000000000000, 0.05000000000000000278, 0.000000000000000000 ) ) ;
#10598 = VERTEX_POINT ( 'NONE', #6791 ) ;
#10599 = ORIENTED_EDGE ( 'NONE', *, *, #1657, .F. ) ;
#10600 = SURFACE_SIDE_STYLE ('',( #3038 ) ) ;
#10601 = CARTESIAN_POINT ( 'NONE',  ( 0.8749999999999998890, 0.2000000000000000111, 2.225000000000000533 ) ) ;
#10602 = ORIENTED_EDGE ( 'NONE', *, *, #1280, .T. ) ;
#10603 = VERTEX_POINT ( 'NONE', #6958 ) ;
#10604 = VECTOR ( 'NONE', #1007, 1000.000000000000000 ) ;
#10605 = DIRECTION ( 'NONE',  ( -0.000000000000000000, -1.000000000000000000, -0.000000000000000000 ) ) ;
#10606 = PLANE ( 'NONE',  #600 ) ;
#10607 = ORIENTED_EDGE ( 'NONE', *, *, #1491, .T. ) ;
#10608 = CARTESIAN_POINT ( 'NONE',  ( 2.500000000000000000, 0.05000000000000000278, 2.499999999999999556 ) ) ;
#10609 = EDGE_CURVE ( 'NONE', #6488, #166, #11062, .T. ) ;
#10610 = CARTESIAN_POINT ( 'NONE',  ( 1.750000000000000222, 0.2000000000000000111, -2.225000000000000533 ) ) ;
#10611 = EDGE_LOOP ( 'NONE', ( #9479, #10068, #3467, #4104 ) ) ;
#10612 = LINE ( 'NONE', #1193, #2353 ) ;
#10613 = AXIS2_PLACEMENT_3D ( 'NONE', #1504, #9132, #9187 ) ;
#10614 = DIRECTION ( 'NONE',  ( 1.000000000000000000, 0.000000000000000000, 6.472848790958234544E-17 ) ) ;
#10615 = AXIS2_PLACEMENT_3D ( 'NONE', #4290, #3326, #9421 ) ;
#10616 = CARTESIAN_POINT ( 'NONE',  ( 0.1250000000000001110, 0.04999999999999969746, 2.500000000000000444 ) ) ;
#10617 = VERTEX_POINT ( 'NONE', #1710 ) ;
#10618 = ORIENTED_EDGE ( 'NONE', *, *, #8203, .T. ) ;
#10619 = AXIS2_PLACEMENT_3D ( 'NONE', #4644, #8993, #4764 ) ;
#10620 = CARTESIAN_POINT ( 'NONE',  ( -1.125000000000000444, 0.1999999999999999833, 2.225000000000000533 ) ) ;
#10621 = DIRECTION ( 'NONE',  ( 0.000000000000000000, 1.000000000000000000, 0.000000000000000000 ) ) ;
#10622 = AXIS2_PLACEMENT_3D ( 'NONE', #1217, #4665, #6784 ) ;
#10623 = EDGE_CURVE ( 'NONE', #3846, #2248, #8708, .T. ) ;
#10624 = ORIENTED_EDGE ( 'NONE', *, *, #3184, .F. ) ;
#10625 = ORIENTED_EDGE ( 'NONE', *, *, #1950, .F. ) ;
#10626 = STYLED_ITEM ( 'NONE', ( #1731 ), #7384 ) ;
#10627 = AXIS2_PLACEMENT_3D ( 'NONE', #3518, #7012, #7129 ) ;
#10628 = CARTESIAN_POINT ( 'NONE',  ( 2.225000000000000977, 0.000000000000000000, 1.250000000000000666 ) ) ;
#10629 = LINE ( 'NONE', #8900, #5960 ) ;
#10630 = LINE ( 'NONE', #1043, #2537 ) ;
#10631 = CARTESIAN_POINT ( 'NONE',  ( 0.1250000000000003331, 0.2000000000000000111, -2.225000000000000533 ) ) ;
#10632 = VERTEX_POINT ( 'NONE', #5163 ) ;
#10633 = EDGE_CURVE ( 'NONE', #3635, #6473, #971, .T. ) ;
#10634 = EDGE_CURVE ( 'NONE', #9978, #1382, #7759, .T. ) ;
#10635 = FACE_OUTER_BOUND ( 'NONE', #1307, .T. ) ;
#10636 = ORIENTED_EDGE ( 'NONE', *, *, #4466, .T. ) ;
#10637 = MECHANICAL_DESIGN_GEOMETRIC_PRESENTATION_REPRESENTATION (  '', ( #8306 ), #1815 ) ;
#10638 = VECTOR ( 'NONE', #10759, 1000.000000000000000 ) ;
#10639 = CARTESIAN_POINT ( 'NONE',  ( -0.1250000000000001110, 0.1999999999999999833, -2.500000000000000444 ) ) ;
#10640 = VERTEX_POINT ( 'NONE', #2489 ) ;
#10641 = DIRECTION ( 'NONE',  ( 0.000000000000000000, -1.000000000000000000, 0.000000000000000000 ) ) ;
#10642 = VERTEX_POINT ( 'NONE', #866 ) ;
#10643 = PLANE ( 'NONE',  #1961 ) ;
#10644 = VECTOR ( 'NONE', #5193, 1000.000000000000000 ) ;
#10645 = CARTESIAN_POINT ( 'NONE',  ( -1.250000000000000222, 0.6716990566028303578, 2.225000000000000533 ) ) ;
#10646 = DIRECTION ( 'NONE',  ( 1.000000000000000000, 0.000000000000000000, -7.885106708985485090E-16 ) ) ;
#10647 = DIRECTION ( 'NONE',  ( 0.000000000000000000, 1.000000000000000000, 0.000000000000000000 ) ) ;
#10648 = ORIENTED_EDGE ( 'NONE', *, *, #8809, .F. ) ;
#10649 = PRESENTATION_STYLE_ASSIGNMENT (( #287 ) ) ;
#10650 = ADVANCED_FACE ( 'NONE', ( #10337 ), #10388, .T. ) ;
#10651 = CARTESIAN_POINT ( 'NONE',  ( 2.500000000000000444, 0.1999999999999999833, -1.374999999999999112 ) ) ;
#10652 = AXIS2_PLACEMENT_3D ( 'NONE', #5235, #107, #10408 ) ;
#10653 = EDGE_LOOP ( 'NONE', ( #8371, #7944, #1564, #1515 ) ) ;
#10654 = LINE ( 'NONE', #9862, #1720 ) ;
#10655 = EDGE_CURVE ( 'NONE', #9216, #6947, #3397, .T. ) ;
#10656 = ORIENTED_EDGE ( 'NONE', *, *, #7406, .T. ) ;
#10657 = LINE ( 'NONE', #9036, #6830 ) ;
#10658 = ORIENTED_EDGE ( 'NONE', *, *, #5747, .T. ) ;
#10659 = ORIENTED_EDGE ( 'NONE', *, *, #9713, .T. ) ;
#10660 = VECTOR ( 'NONE', #3977, 1000.000000000000000 ) ;
#10661 = CARTESIAN_POINT ( 'NONE',  ( 0.7500000000000002220, 0.04999999999999999584, -2.225000000000000533 ) ) ;
#10662 = LINE ( 'NONE', #9931, #4202 ) ;
#10663 = ORIENTED_EDGE ( 'NONE', *, *, #98, .F. ) ;
#10664 = DIRECTION ( 'NONE',  ( -1.000000000000000000, 0.000000000000000000, 0.000000000000000000 ) ) ;
#10665 = CARTESIAN_POINT ( 'NONE',  ( -1.375000000000000666, 0.000000000000000000, -1.724999999999999867 ) ) ;
#10666 = CIRCLE ( 'NONE', #5818, 0.1250000000000001110 ) ;
#10667 = CARTESIAN_POINT ( 'NONE',  ( -0.2499999999999997780, 0.2000000000000000111, -2.225000000000000533 ) ) ;
#10668 = COLOUR_RGB ( '',0.7921568627450980005, 0.8196078431372548767, 0.9333333333333333481 ) ;
#10669 = ADVANCED_FACE ( 'NONE', ( #2652 ), #8544, .F. ) ;
#10670 = VECTOR ( 'NONE', #8905, 1000.000000000000000 ) ;
#10671 = DIRECTION ( 'NONE',  ( -0.000000000000000000, -1.000000000000000000, -0.000000000000000000 ) ) ;
#10672 = LINE ( 'NONE', #3793, #6670 ) ;
#10673 = ADVANCED_FACE ( 'NONE', ( #9539 ), #4419, .T. ) ;
#10674 = VECTOR ( 'NONE', #6915, 1000.000000000000000 ) ;
#10675 = DIRECTION ( 'NONE',  ( 0.000000000000000000, 1.000000000000000000, 0.000000000000000000 ) ) ;
#10676 = VERTEX_POINT ( 'NONE', #131 ) ;
#10677 = EDGE_LOOP ( 'NONE', ( #7643, #2069, #8978, #5024 ) ) ;
#10678 = DIRECTION ( 'NONE',  ( -1.000000000000000000, 0.000000000000000000, 0.000000000000000000 ) ) ;
#10679 = MECHANICAL_DESIGN_GEOMETRIC_PRESENTATION_REPRESENTATION (  '', ( #3243 ), #1859 ) ;
#10680 = FACE_OUTER_BOUND ( 'NONE', #6762, .T. ) ;
#10681 = ORIENTED_EDGE ( 'NONE', *, *, #3127, .T. ) ;
#10682 = AXIS2_PLACEMENT_3D ( 'NONE', #5604, #9044, #4759 ) ;
#10683 = PRESENTATION_LAYER_ASSIGNMENT (  '', '', ( #4941 ) ) ;
#10684 = AXIS2_PLACEMENT_3D ( 'NONE', #4367, #8764, #5211 ) ;
#10685 = DIRECTION ( 'NONE',  ( 1.000000000000000000, 0.000000000000000000, 0.000000000000000000 ) ) ;
#10686 = LINE ( 'NONE', #2959, #6304 ) ;
#10687 = ADVANCED_FACE ( 'NONE', ( #2700 ), #3559, .T. ) ;
#10688 = CARTESIAN_POINT ( 'NONE',  ( 1.875000000000000000, 0.05000000000000000278, 0.000000000000000000 ) ) ;
#10689 = DIRECTION ( 'NONE',  ( 0.000000000000000000, -0.000000000000000000, -1.000000000000000000 ) ) ;
#10690 = CARTESIAN_POINT ( 'NONE',  ( 2.225000000000000977, 0.000000000000000000, 1.250000000000000666 ) ) ;
#10691 = ORIENTED_EDGE ( 'NONE', *, *, #6585, .F. ) ;
#10692 = LINE ( 'NONE', #10579, #1672 ) ;
#10693 = ORIENTED_EDGE ( 'NONE', *, *, #1304, .T. ) ;
#10694 = CARTESIAN_POINT ( 'NONE',  ( 0.6250000000000001110, 0.1999999999999999833, -2.500000000000000444 ) ) ;
#10695 = CARTESIAN_POINT ( 'NONE',  ( -1.249999999999999778, 0.2000000000000000111, -2.225000000000000533 ) ) ;
#10696 = VERTEX_POINT ( 'NONE', #6161 ) ;
#10697 = FACE_OUTER_BOUND ( 'NONE', #4870, .T. ) ;
#10698 = ORIENTED_EDGE ( 'NONE', *, *, #6804, .F. ) ;
#10699 = VECTOR ( 'NONE', #934, 1000.000000000000000 ) ;
#10700 = EDGE_CURVE ( 'NONE', #5721, #9191, #2404, .T. ) ;
#10701 = LINE ( 'NONE', #3765, #1431 ) ;
#10702 = DIRECTION ( 'NONE',  ( 0.000000000000000000, -1.000000000000000000, 0.000000000000000000 ) ) ;
#10703 = LINE ( 'NONE', #4794, #372 ) ;
#10704 = DIRECTION ( 'NONE',  ( 0.000000000000000000, -1.000000000000000000, 0.000000000000000000 ) ) ;
#10705 = UNCERTAINTY_MEASURE_WITH_UNIT (LENGTH_MEASURE( 1.000000000000000082E-05 ), #1829, 'distance_accuracy_value', 'NONE');
#10706 = ORIENTED_EDGE ( 'NONE', *, *, #1566, .F. ) ;
#10707 = SURFACE_STYLE_FILL_AREA ( #8012 ) ;
#10708 = AXIS2_PLACEMENT_3D ( 'NONE', #5789, #1545, #655 ) ;
#10709 = DIRECTION ( 'NONE',  ( -1.000000000000000000, 0.000000000000000000, 0.000000000000000000 ) ) ;
#10710 = VERTEX_POINT ( 'NONE', #8079 ) ;
#10711 = CARTESIAN_POINT ( 'NONE',  ( -0.3749999999999998890, 0.05000000000000000278, 0.000000000000000000 ) ) ;
#10712 = ORIENTED_EDGE ( 'NONE', *, *, #854, .T. ) ;
#10713 = VERTEX_POINT ( 'NONE', #8929 ) ;
#10714 = ORIENTED_EDGE ( 'NONE', *, *, #1106, .F. ) ;
#10715 = FACE_OUTER_BOUND ( 'NONE', #5707, .T. ) ;
#10716 = ORIENTED_EDGE ( 'NONE', *, *, #4401, .F. ) ;
#10717 = ORIENTED_EDGE ( 'NONE', *, *, #6707, .F. ) ;
#10718 = EDGE_CURVE ( 'NONE', #7851, #10710, #10721, .T. ) ;
#10719 = EDGE_CURVE ( 'NONE', #8052, #6768, #6444, .T. ) ;
#10720 = EDGE_CURVE ( 'NONE', #3221, #2373, #9759, .T. ) ;
#10721 = LINE ( 'NONE', #3843, #3849 ) ;
#10722 = DIRECTION ( 'NONE',  ( -1.000000000000000000, 0.000000000000000000, 0.000000000000000000 ) ) ;
#10723 = ORIENTED_EDGE ( 'NONE', *, *, #2634, .F. ) ;
#10724 = CLOSED_SHELL ( 'NONE', ( #7437, #918, #542, #7299, #3768, #2381, #6696 ) ) ;
#10725 = SURFACE_STYLE_FILL_AREA ( #1133 ) ;
#10726 = LINE ( 'NONE', #8142, #4590 ) ;
#10727 = VECTOR ( 'NONE', #2467, 1000.000000000000000 ) ;
#10728 = CARTESIAN_POINT ( 'NONE',  ( 0.8749999999999996669, 0.6716990566028303578, 2.225000000000000533 ) ) ;
#10729 = ORIENTED_EDGE ( 'NONE', *, *, #4780, .F. ) ;
#10730 = CARTESIAN_POINT ( 'NONE',  ( 1.125000000000000222, 0.6716990566028303578, 2.500000000000000444 ) ) ;
#10731 = VECTOR ( 'NONE', #7686, 1000.000000000000000 ) ;
#10732 = VECTOR ( 'NONE', #3562, 1000.000000000000000 ) ;
#10733 = FACE_OUTER_BOUND ( 'NONE', #6284, .T. ) ;
#10734 = ADVANCED_FACE ( 'NONE', ( #6271 ), #5371, .F. ) ;
#10735 = CARTESIAN_POINT ( 'NONE',  ( -2.500000000000000444, 0.1999999999999999833, -0.3749999999999990563 ) ) ;
#10736 = ORIENTED_EDGE ( 'NONE', *, *, #6925, .F. ) ;
#10737 = ORIENTED_EDGE ( 'NONE', *, *, #5409, .F. ) ;
#10738 = DIRECTION ( 'NONE',  ( 0.000000000000000000, -0.000000000000000000, -1.000000000000000000 ) ) ;
#10739 = CARTESIAN_POINT ( 'NONE',  ( 2.500000000000000888, 0.000000000000000000, 1.375000000000000888 ) ) ;
#10740 = CLOSED_SHELL ( 'NONE', ( #3205, #3833, #10881, #2921, #10312, #4490 ) ) ;
#10741 = CARTESIAN_POINT ( 'NONE',  ( 2.500000000000000444, 0.1999999999999999833, -0.3749999999999990563 ) ) ;
#10742 = CARTESIAN_POINT ( 'NONE',  ( 6.899468370362290455E-16, 0.05000000000000000278, 0.8749999999999987788 ) ) ;
#10743 = DIRECTION ( 'NONE',  ( -0.000000000000000000, -1.000000000000000000, -0.000000000000000000 ) ) ;
#10744 = DIRECTION ( 'NONE',  ( -0.000000000000000000, -1.000000000000000000, -0.000000000000000000 ) ) ;
#10745 = EDGE_LOOP ( 'NONE', ( #6328, #4421, #7908, #7052 ) ) ;
#10746 = PLANE ( 'NONE',  #3106 ) ;
#10747 = ORIENTED_EDGE ( 'NONE', *, *, #4294, .T. ) ;
#10748 = DIRECTION ( 'NONE',  ( 0.000000000000000000, -1.000000000000000000, 0.000000000000000000 ) ) ;
#10749 = PLANE ( 'NONE',  #6789 ) ;
#10750 = VERTEX_POINT ( 'NONE', #7058 ) ;
#10751 = EDGE_CURVE ( 'NONE', #4252, #2646, #3728, .T. ) ;
#10752 = VERTEX_POINT ( 'NONE', #1130 ) ;
#10753 = DIRECTION ( 'NONE',  ( 0.000000000000000000, 0.000000000000000000, -1.000000000000000000 ) ) ;
#10754 = ORIENTED_EDGE ( 'NONE', *, *, #7077, .T. ) ;
#10755 = VECTOR ( 'NONE', #8308, 1000.000000000000000 ) ;
#10756 = PLANE ( 'NONE',  #9573 ) ;
#10757 = CARTESIAN_POINT ( 'NONE',  ( -1.625000000000000222, 0.2000000000000000111, 2.225000000000000533 ) ) ;
#10758 = LINE ( 'NONE', #8402, #4152 ) ;
#10759 = DIRECTION ( 'NONE',  ( -0.000000000000000000, -1.000000000000000000, -0.000000000000000000 ) ) ;
#10760 = CARTESIAN_POINT ( 'NONE',  ( 2.500000000000000444, 0.6716990566028304688, 1.625000000000001110 ) ) ;
#10761 = VERTEX_POINT ( 'NONE', #8814 ) ;
#10762 = DIRECTION ( 'NONE',  ( 0.000000000000000000, 0.000000000000000000, 1.000000000000000000 ) ) ;
#10763 = ADVANCED_FACE ( 'NONE', ( #9870 ), #4582, .F. ) ;
#10764 = CARTESIAN_POINT ( 'NONE',  ( 0.3749999999999998890, 0.2000000000000000111, 2.225000000000000533 ) ) ;
#10765 = EDGE_LOOP ( 'NONE', ( #3014, #10512, #6843, #3657 ) ) ;
#10766 = PLANE ( 'NONE',  #5500 ) ;
#10767 = VERTEX_POINT ( 'NONE', #301 ) ;
#10768 = ORIENTED_EDGE ( 'NONE', *, *, #3563, .F. ) ;
#10769 = FACE_OUTER_BOUND ( 'NONE', #8749, .T. ) ;
#10770 = DIRECTION ( 'NONE',  ( -0.000000000000000000, -1.000000000000000000, 0.000000000000000000 ) ) ;
#10771 = VECTOR ( 'NONE', #5011, 1000.000000000000000 ) ;
#10772 = ORIENTED_EDGE ( 'NONE', *, *, #6508, .F. ) ;
#10773 = ORIENTED_EDGE ( 'NONE', *, *, #6422, .F. ) ;
#10774 = DIRECTION ( 'NONE',  ( 0.000000000000000000, 0.000000000000000000, 1.000000000000000000 ) ) ;
#10775 = CARTESIAN_POINT ( 'NONE',  ( -0.2500000000000002220, 0.000000000000000000, 2.100000000000000089 ) ) ;
#10776 = CARTESIAN_POINT ( 'NONE',  ( 2.500000000000000888, 0.1999999999999999833, 0.3750000000000007772 ) ) ;
#10777 = ORIENTED_EDGE ( 'NONE', *, *, #8013, .F. ) ;
#10778 = EDGE_CURVE ( 'NONE', #119, #6637, #3307, .T. ) ;
#10779 = PRESENTATION_STYLE_ASSIGNMENT (( #480 ) ) ;
#10780 = VECTOR ( 'NONE', #7421, 1000.000000000000000 ) ;
#10781 = DIRECTION ( 'NONE',  ( -0.000000000000000000, -1.000000000000000000, -0.000000000000000000 ) ) ;
#10782 = VECTOR ( 'NONE', #7923, 1000.000000000000000 ) ;
#10783 = EDGE_CURVE ( 'NONE', #9768, #4993, #2094, .T. ) ;
#10784 = LINE ( 'NONE', #3050, #11059 ) ;
#10785 = VERTEX_POINT ( 'NONE', #4523 ) ;
#10786 = CARTESIAN_POINT ( 'NONE',  ( -1.125000000000000222, 0.6716990566028303578, -2.225000000000000533 ) ) ;
#10787 = VECTOR ( 'NONE', #9534, 1000.000000000000000 ) ;
#10788 = CARTESIAN_POINT ( 'NONE',  ( 1.625000000000000222, 0.04999999999999999584, 2.225000000000000533 ) ) ;
#10789 = DIRECTION ( 'NONE',  ( -0.000000000000000000, -1.000000000000000000, -0.000000000000000000 ) ) ;
#10790 = VERTEX_POINT ( 'NONE', #6392 ) ;
#10791 = ORIENTED_EDGE ( 'NONE', *, *, #6663, .T. ) ;
#10792 = DIRECTION ( 'NONE',  ( 0.000000000000000000, 0.000000000000000000, -1.000000000000000000 ) ) ;
#10793 = DIRECTION ( 'NONE',  ( 0.000000000000000000, 1.000000000000000000, 0.000000000000000000 ) ) ;
#10794 = VECTOR ( 'NONE', #6820, 1000.000000000000000 ) ;
#10795 = ADVANCED_FACE ( 'NONE', ( #10550 ), #7173, .T. ) ;
#10796 = EDGE_CURVE ( 'NONE', #10334, #8336, #2873, .T. ) ;
#10797 = EDGE_CURVE ( 'NONE', #2782, #4834, #10496, .T. ) ;
#10798 = FACE_OUTER_BOUND ( 'NONE', #9469, .T. ) ;
#10799 = EDGE_LOOP ( 'NONE', ( #1572, #6874, #1476, #6223 ) ) ;
#10800 = AXIS2_PLACEMENT_3D ( 'NONE', #8566, #8622, #886 ) ;
#10801 = AXIS2_PLACEMENT_3D ( 'NONE', #10628, #4653, #2898 ) ;
#10802 =( NAMED_UNIT ( * ) SI_UNIT ( $, .STERADIAN. ) SOLID_ANGLE_UNIT ( ) );
#10803 = CARTESIAN_POINT ( 'NONE',  ( -2.500000000000000888, 0.6716990566028304688, -1.624999999999999334 ) ) ;
#10804 = CARTESIAN_POINT ( 'NONE',  ( 0.2499999999999997780, 0.2000000000000000111, 2.100000000000000089 ) ) ;
#10805 = LINE ( 'NONE', #9236, #67 ) ;
#10806 = EDGE_LOOP ( 'NONE', ( #4192, #10323, #9918, #7263 ) ) ;
#10807 = CARTESIAN_POINT ( 'NONE',  ( 2.500000000000000444, 0.000000000000000000, -0.3749999999999990563 ) ) ;
#10808 = LINE ( 'NONE', #1083, #8074 ) ;
#10809 = AXIS2_PLACEMENT_3D ( 'NONE', #4063, #6496, #1356 ) ;
#10810 = AXIS2_PLACEMENT_3D ( 'NONE', #980, #192, #5330 ) ;
#10811 = ORIENTED_EDGE ( 'NONE', *, *, #9281, .T. ) ;
#10813 = EDGE_CURVE ( 'NONE', #5134, #2548, #1237, .T. ) ;
#10812 = ORIENTED_EDGE ( 'NONE', *, *, #6931, .F. ) ;
#10814 = CARTESIAN_POINT ( 'NONE',  ( -2.500000000000000444, 0.000000000000000000, -1.374999999999999112 ) ) ;
#10815 = CARTESIAN_POINT ( 'NONE',  ( -2.500000000000000888, 0.6716990566028304688, 0.3750000000000007772 ) ) ;
#10816 = CARTESIAN_POINT ( 'NONE',  ( 0.8749999999999996669, 0.04999999999999999584, 2.225000000000000533 ) ) ;
#10817 = VECTOR ( 'NONE', #6357, 1000.000000000000000 ) ;
#10818 = LINE ( 'NONE', #1506, #6159 ) ;
#10819 = ADVANCED_FACE ( 'NONE', ( #2147 ), #5600, .T. ) ;
#10820 = VERTEX_POINT ( 'NONE', #6329 ) ;
#10821 = VECTOR ( 'NONE', #4194, 1000.000000000000000 ) ;
#10822 = FACE_OUTER_BOUND ( 'NONE', #3864, .T. ) ;
#10823 = CARTESIAN_POINT ( 'NONE',  ( -1.125000000000000222, 0.1999999999999999833, 2.500000000000000444 ) ) ;
#10824 = ORIENTED_EDGE ( 'NONE', *, *, #8391, .F. ) ;
#10825 = PLANE ( 'NONE',  #5331 ) ;
#10826 = ORIENTED_EDGE ( 'NONE', *, *, #5367, .T. ) ;
#10827 = ORIENTED_EDGE ( 'NONE', *, *, #5782, .F. ) ;
#10828 = DIRECTION ( 'NONE',  ( 0.000000000000000000, 0.000000000000000000, -1.000000000000000000 ) ) ;
#10829 = VECTOR ( 'NONE', #5858, 1000.000000000000000 ) ;
#10830 = DIRECTION ( 'NONE',  ( -1.000000000000000000, 0.000000000000000000, -7.885106708985485090E-16 ) ) ;
#10831 = ORIENTED_EDGE ( 'NONE', *, *, #8120, .T. ) ;
#10832 = ORIENTED_EDGE ( 'NONE', *, *, #2032, .T. ) ;
#10833 = DIRECTION ( 'NONE',  ( -3.154042683594199163E-15, 0.000000000000000000, 1.000000000000000000 ) ) ;
#10834 = DIRECTION ( 'NONE',  ( 0.000000000000000000, 1.000000000000000000, -0.000000000000000000 ) ) ;
#10835 = EDGE_CURVE ( 'NONE', #2367, #8412, #6221, .T. ) ;
#10836 = CARTESIAN_POINT ( 'NONE',  ( -2.500000000000000888, 0.6716990566028304688, -1.124999999999999334 ) ) ;
#10837 = AXIS2_PLACEMENT_3D ( 'NONE', #6881, #2742, #1744 ) ;
#10838 = FACE_BOUND ( 'NONE', #2200, .T. ) ;
#10839 = ORIENTED_EDGE ( 'NONE', *, *, #8391, .T. ) ;
#10840 = FILL_AREA_STYLE_COLOUR ( '', #8938 ) ;
#10841 = CYLINDRICAL_SURFACE ( 'NONE', #465, 0.1250000000000001110 ) ;
#10842 = DIRECTION ( 'NONE',  ( 0.000000000000000000, 1.000000000000000000, 0.000000000000000000 ) ) ;
#10843 = VERTEX_POINT ( 'NONE', #7118 ) ;
#10844 = CARTESIAN_POINT ( 'NONE',  ( -2.500000000000000888, 0.1999999999999999833, -1.624999999999999334 ) ) ;
#10845 = AXIS2_PLACEMENT_3D ( 'NONE', #1898, #5569, #5348 ) ;
#10846 = ADVANCED_FACE ( 'NONE', ( #5427 ), #4986, .T. ) ;
#10847 = DIRECTION ( 'NONE',  ( -0.000000000000000000, -1.000000000000000000, -0.000000000000000000 ) ) ;
#10848 = CARTESIAN_POINT ( 'NONE',  ( 1.749999999999999778, 0.6716990566028303578, 2.100000000000000089 ) ) ;
#10849 = ORIENTED_EDGE ( 'NONE', *, *, #3512, .T. ) ;
#10850 = ORIENTED_EDGE ( 'NONE', *, *, #1551, .F. ) ;
#10851 = VECTOR ( 'NONE', #1286, 1000.000000000000000 ) ;
#10852 = CARTESIAN_POINT ( 'NONE',  ( 2.500000000000000000, 8.671067811865475150, -2.500000000000000444 ) ) ;
#10853 = CARTESIAN_POINT ( 'NONE',  ( 1.750000000000000222, 0.2000000000000000111, -2.225000000000000533 ) ) ;
#10854 = AXIS2_PLACEMENT_3D ( 'NONE', #6609, #9155, #1411 ) ;
#10855 = AXIS2_PLACEMENT_3D ( 'NONE', #3796, #9711, #10510 ) ;
#10856 = EDGE_LOOP ( 'NONE', ( #9320, #863, #4136, #7703 ) ) ;
#10857 = DIRECTION ( 'NONE',  ( -0.000000000000000000, -1.000000000000000000, 0.000000000000000000 ) ) ;
#10858 = VERTEX_POINT ( 'NONE', #10095 ) ;
#10859 = AXIS2_PLACEMENT_3D ( 'NONE', #6622, #3859, #10738 ) ;
#10860 = LINE ( 'NONE', #4775, #7040 ) ;
#10862 = EDGE_CURVE ( 'NONE', #10249, #2802, #8197, .T. ) ;
#10861 = CARTESIAN_POINT ( 'NONE',  ( -2.500000000000000000, 0.05000000000000000278, 2.499999999999999556 ) ) ;
#10863 = ADVANCED_FACE ( 'NONE', ( #9929 ), #6608, .T. ) ;
#10864 = LINE ( 'NONE', #7376, #7249 ) ;
#10865 = ADVANCED_FACE ( 'NONE', ( #7515 ), #635, .F. ) ;
#10866 = CARTESIAN_POINT ( 'NONE',  ( 2.500000000000000888, 0.04999999999999969746, 1.875000000000000888 ) ) ;
#10867 = DIRECTION ( 'NONE',  ( 0.000000000000000000, 1.000000000000000000, 0.000000000000000000 ) ) ;
#10868 = DIRECTION ( 'NONE',  ( 0.000000000000000000, 0.000000000000000000, -1.000000000000000000 ) ) ;
#10869 = VECTOR ( 'NONE', #8025, 1000.000000000000000 ) ;
#10870 = ORIENTED_EDGE ( 'NONE', *, *, #4631, .F. ) ;
#10871 = ORIENTED_EDGE ( 'NONE', *, *, #7534, .T. ) ;
#10872 = LINE ( 'NONE', #3928, #4712 ) ;
#10873 = LINE ( 'NONE', #5856, #9892 ) ;
#10874 = AXIS2_PLACEMENT_3D ( 'NONE', #10017, #3924, #7325 ) ;
#10875 = SURFACE_STYLE_USAGE ( .BOTH. , #7447 ) ;
#10876 = DIRECTION ( 'NONE',  ( 0.000000000000000000, -0.000000000000000000, 1.000000000000000000 ) ) ;
#10877 = CIRCLE ( 'NONE', #7094, 0.1250000000000001110 ) ;
#10878 = LINE ( 'NONE', #10023, #10300 ) ;
#10879 = ORIENTED_EDGE ( 'NONE', *, *, #7922, .T. ) ;
#10880 = DIRECTION ( 'NONE',  ( -1.000000000000000000, 0.000000000000000000, 3.154042683594199163E-15 ) ) ;
#10881 = ADVANCED_FACE ( 'NONE', ( #3045 ), #525, .F. ) ;
#10882 = LINE ( 'NONE', #1452, #2018 ) ;
#10883 = VERTEX_POINT ( 'NONE', #9153 ) ;
#10884 = CARTESIAN_POINT ( 'NONE',  ( -1.125000000000000222, 0.000000000000000000, 2.500000000000000444 ) ) ;
#10885 = ORIENTED_EDGE ( 'NONE', *, *, #9432, .F. ) ;
#10886 = ORIENTED_EDGE ( 'NONE', *, *, #10862, .T. ) ;
#10887 = FACE_OUTER_BOUND ( 'NONE', #1165, .T. ) ;
#10888 = ADVANCED_FACE ( 'NONE', ( #9103 ), #10948, .F. ) ;
#10889 = ORIENTED_EDGE ( 'NONE', *, *, #3150, .F. ) ;
#10890 = DIRECTION ( 'NONE',  ( 0.000000000000000000, 1.000000000000000000, 0.000000000000000000 ) ) ;
#10891 = ORIENTED_EDGE ( 'NONE', *, *, #8607, .T. ) ;
#10892 = ORIENTED_EDGE ( 'NONE', *, *, #2445, .T. ) ;
#10893 = CARTESIAN_POINT ( 'NONE',  ( -2.500000000000000444, 0.6716990566028304688, -1.874999999999999112 ) ) ;
#10894 = CARTESIAN_POINT ( 'NONE',  ( -2.225000000000000977, 0.6716990566028304688, 1.875000000000000666 ) ) ;
#10895 = VECTOR ( 'NONE', #6448, 1000.000000000000000 ) ;
#10896 = DIRECTION ( 'NONE',  ( 0.000000000000000000, -1.000000000000000000, 0.000000000000000000 ) ) ;
#10897 = DIRECTION ( 'NONE',  ( -1.000000000000000000, 0.000000000000000000, -3.154042683594198769E-15 ) ) ;
#10898 = EDGE_LOOP ( 'NONE', ( #9306, #3160, #2632, #5460 ) ) ;
#10899 = LINE ( 'NONE', #3332, #9648 ) ;
#10900 = LINE ( 'NONE', #10099, #3306 ) ;
#10901 = CARTESIAN_POINT ( 'NONE',  ( 0.8749999999999998890, 0.000000000000000000, -2.225000000000000533 ) ) ;
#10902 = ORIENTED_EDGE ( 'NONE', *, *, #386, .T. ) ;
#10903 = ORIENTED_EDGE ( 'NONE', *, *, #4698, .T. ) ;
#10904 =( LENGTH_UNIT ( ) NAMED_UNIT ( * ) SI_UNIT ( .MILLI., .METRE. ) );
#10905 = EDGE_CURVE ( 'NONE', #11132, #8410, #8365, .T. ) ;
#10906 = DIRECTION ( 'NONE',  ( 0.000000000000000000, -1.000000000000000000, 0.000000000000000000 ) ) ;
#10907 = DIRECTION ( 'NONE',  ( -0.000000000000000000, -1.000000000000000000, -0.000000000000000000 ) ) ;
#10908 = EDGE_LOOP ( 'NONE', ( #6764, #1340, #2152, #5585 ) ) ;
#10909 = ORIENTED_EDGE ( 'NONE', *, *, #5610, .F. ) ;
#10910 = DIRECTION ( 'NONE',  ( 0.000000000000000000, 1.000000000000000000, -0.000000000000000000 ) ) ;
#10911 = FACE_OUTER_BOUND ( 'NONE', #4314, .T. ) ;
#10912 = EDGE_CURVE ( 'NONE', #6586, #3818, #5767, .T. ) ;
#10913 = ADVANCED_FACE ( 'NONE', ( #8420 ), #9209, .F. ) ;
#10914 = AXIS2_PLACEMENT_3D ( 'NONE', #2877, #8984, #7236 ) ;
#10915 = AXIS2_PLACEMENT_3D ( 'NONE', #7398, #1350, #4976 ) ;
#10916 = CARTESIAN_POINT ( 'NONE',  ( 0.6250000000000001110, 0.000000000000000000, 2.500000000000000444 ) ) ;
#10917 =( NAMED_UNIT ( * ) PLANE_ANGLE_UNIT ( ) SI_UNIT ( $, .RADIAN. ) );
#10918 = DIRECTION ( 'NONE',  ( -1.000000000000000000, 0.000000000000000000, 0.000000000000000000 ) ) ;
#10919 = FACE_OUTER_BOUND ( 'NONE', #10611, .T. ) ;
#10920 = DIRECTION ( 'NONE',  ( 0.000000000000000000, -0.000000000000000000, 1.000000000000000000 ) ) ;
#10921 = CARTESIAN_POINT ( 'NONE',  ( 2.500000000000000444, 0.000000000000000000, -1.874999999999999112 ) ) ;
#10922 = FACE_OUTER_BOUND ( 'NONE', #450, .T. ) ;
#10923 = VERTEX_POINT ( 'NONE', #2261 ) ;
#10924 = DIRECTION ( 'NONE',  ( 0.000000000000000000, 0.000000000000000000, 1.000000000000000000 ) ) ;
#10925 = EDGE_CURVE ( 'NONE', #8807, #119, #2370, .T. ) ;
#10926 = CARTESIAN_POINT ( 'NONE',  ( 2.500000000000000444, 0.1999999999999999833, 1.125000000000000888 ) ) ;
#10927 = UNCERTAINTY_MEASURE_WITH_UNIT (LENGTH_MEASURE( 1.000000000000000082E-05 ), #3087, 'distance_accuracy_value', 'NONE');
#10928 = SURFACE_STYLE_USAGE ( .BOTH. , #8234 ) ;
#10929 = LINE ( 'NONE', #6643, #9562 ) ;
#10930 = CARTESIAN_POINT ( 'NONE',  ( 2.225000000000000977, 0.05000000000000002359, -0.8749999999999994449 ) ) ;
#10931 = ORIENTED_EDGE ( 'NONE', *, *, #3632, .F. ) ;
#10932 = SURFACE_STYLE_FILL_AREA ( #1509 ) ;
#10933 = DIRECTION ( 'NONE',  ( 0.000000000000000000, -0.000000000000000000, 1.000000000000000000 ) ) ;
#10934 = ORIENTED_EDGE ( 'NONE', *, *, #5095, .F. ) ;
#10935 = EDGE_CURVE ( 'NONE', #10603, #3978, #9313, .T. ) ;
#10936 = FACE_OUTER_BOUND ( 'NONE', #5838, .T. ) ;
#10937 = ORIENTED_EDGE ( 'NONE', *, *, #8429, .T. ) ;
#10938 = VERTEX_POINT ( 'NONE', #10775 ) ;
#10939 = CARTESIAN_POINT ( 'NONE',  ( 1.749999999999999778, 0.000000000000000000, 2.225000000000000533 ) ) ;
#10940 = VERTEX_POINT ( 'NONE', #3949 ) ;
#10941 = ADVANCED_FACE ( 'NONE', ( #1410 ), #4810, .F. ) ;
#10942 = CARTESIAN_POINT ( 'NONE',  ( 2.500000000000000000, 0.05000000000000000278, 2.499999999999999556 ) ) ;
#10943 = EDGE_CURVE ( 'NONE', #7456, #10037, #8252, .T. ) ;
#10944 = ORIENTED_EDGE ( 'NONE', *, *, #6244, .T. ) ;
#10945 = CARTESIAN_POINT ( 'NONE',  ( 1.724999999999999645, 0.1999999999999996503, -1.674999999999999600 ) ) ;
#10946 = LINE ( 'NONE', #4118, #4708 ) ;
#10947 = VECTOR ( 'NONE', #4746, 1000.000000000000000 ) ;
#10948 = CYLINDRICAL_SURFACE ( 'NONE', #7254, 0.2500000000000008882 ) ;
#10949 = CARTESIAN_POINT ( 'NONE',  ( 1.375000000000000000, 0.2000000000000000111, -2.225000000000000533 ) ) ;
#10950 = ORIENTED_EDGE ( 'NONE', *, *, #2848, .F. ) ;
#10951 = FILL_AREA_STYLE ('',( #5036 ) ) ;
#10952 = EDGE_CURVE ( 'NONE', #2743, #5785, #5719, .T. ) ;
#10953 = DIRECTION ( 'NONE',  ( 0.000000000000000000, 1.000000000000000000, -0.000000000000000000 ) ) ;
#10954 = DIRECTION ( 'NONE',  ( 0.000000000000000000, 0.000000000000000000, -1.000000000000000000 ) ) ;
#10955 = ORIENTED_EDGE ( 'NONE', *, *, #4035, .T. ) ;
#10956 = ORIENTED_EDGE ( 'NONE', *, *, #1800, .T. ) ;
#10957 = DIRECTION ( 'NONE',  ( -1.734723475976808475E-15, 0.000000000000000000, -1.000000000000000000 ) ) ;
#10958 = PLANE ( 'NONE',  #6467 ) ;
#10959 = ORIENTED_EDGE ( 'NONE', *, *, #9765, .F. ) ;
#10960 = ORIENTED_EDGE ( 'NONE', *, *, #5544, .F. ) ;
#10961 = CARTESIAN_POINT ( 'NONE',  ( -1.750000000000000222, 0.000000000000000000, 2.100000000000000089 ) ) ;
#10962 = AXIS2_PLACEMENT_3D ( 'NONE', #3560, #6222, #3674 ) ;
#10963 = DIRECTION ( 'NONE',  ( 0.000000000000000000, 1.000000000000000000, 0.000000000000000000 ) ) ;
#10964 = ORIENTED_EDGE ( 'NONE', *, *, #6196, .F. ) ;
#10965 = EDGE_CURVE ( 'NONE', #2268, #451, #3166, .T. ) ;
#10966 = VERTEX_POINT ( 'NONE', #11003 ) ;
#10967 = DIRECTION ( 'NONE',  ( -1.000000000000000000, 0.000000000000000000, -7.885106708985485090E-16 ) ) ;
#10968 = DIRECTION ( 'NONE',  ( -1.000000000000000000, 0.000000000000000000, 0.000000000000000000 ) ) ;
#10969 = AXIS2_PLACEMENT_3D ( 'NONE', #8100, #148, #5451 ) ;
#10970 = DIRECTION ( 'NONE',  ( -1.000000000000000000, 0.000000000000000000, 0.000000000000000000 ) ) ;
#10971 = PRESENTATION_STYLE_ASSIGNMENT (( #829 ) ) ;
#10972 = CARTESIAN_POINT ( 'NONE',  ( -9.856383386231953737E-17, 0.05000000000000000278, -0.1250000000000012212 ) ) ;
#10973 = ADVANCED_FACE ( 'NONE', ( #11066 ), #3382, .T. ) ;
#10974 = VECTOR ( 'NONE', #895, 1000.000000000000000 ) ;
#10975 = DIRECTION ( 'NONE',  ( 0.000000000000000000, 1.000000000000000000, 0.000000000000000000 ) ) ;
#10976 = PLANE ( 'NONE',  #8196 ) ;
#10977 = DIRECTION ( 'NONE',  ( -0.000000000000000000, -1.000000000000000000, -0.000000000000000000 ) ) ;
#10978 = ORIENTED_EDGE ( 'NONE', *, *, #10112, .T. ) ;
#10979 = CARTESIAN_POINT ( 'NONE',  ( -0.6250000000000001110, 0.2000000000000000111, -2.225000000000000533 ) ) ;
#10980 = VECTOR ( 'NONE', #3198, 1000.000000000000000 ) ;
#10981 = CARTESIAN_POINT ( 'NONE',  ( -2.225000000000000977, 0.000000000000000000, -0.1249999999999994588 ) ) ;
#10982 = EDGE_CURVE ( 'NONE', #318, #6143, #1579, .T. ) ;
#10983 =( NAMED_UNIT ( * ) SI_UNIT ( $, .STERADIAN. ) SOLID_ANGLE_UNIT ( ) );
#10984 = CARTESIAN_POINT ( 'NONE',  ( 1.375000000000000000, 0.2000000000000000111, -2.500000000000000444 ) ) ;
#10985 = CARTESIAN_POINT ( 'NONE',  ( 2.225000000000000977, 0.000000000000000000, 1.750000000000000666 ) ) ;
#10986 = ORIENTED_EDGE ( 'NONE', *, *, #7904, .F. ) ;
#10987 = CARTESIAN_POINT ( 'NONE',  ( -0.7499999999999997780, 0.2000000000000000111, -2.225000000000000533 ) ) ;
#10988 =( GEOMETRIC_REPRESENTATION_CONTEXT ( 3 ) GLOBAL_UNCERTAINTY_ASSIGNED_CONTEXT ( ( #4273 ) ) GLOBAL_UNIT_ASSIGNED_CONTEXT ( ( #5359, #7213, #5471 ) ) REPRESENTATION_CONTEXT ( 'NONE', 'WORKASPACE' ) );
#10989 = VECTOR ( 'NONE', #3906, 1000.000000000000000 ) ;
#10990 = CARTESIAN_POINT ( 'NONE',  ( 2.225000000000000977, 0.6716990566028304688, -1.124999999999999556 ) ) ;
#10991 = ORIENTED_EDGE ( 'NONE', *, *, #6509, .T. ) ;
#10992 = VECTOR ( 'NONE', #6135, 1000.000000000000000 ) ;
#10993 = DIRECTION ( 'NONE',  ( -0.000000000000000000, -1.000000000000000000, -0.000000000000000000 ) ) ;
#10994 = ORIENTED_EDGE ( 'NONE', *, *, #10634, .F. ) ;
#10995 = EDGE_LOOP ( 'NONE', ( #1917, #8140, #5580, #4944 ) ) ;
#10996 = SURFACE_SIDE_STYLE ('',( #10086 ) ) ;
#10997 = CARTESIAN_POINT ( 'NONE',  ( -1.950000000000000844, 0.7500000000000000000, -1.699999999999999512 ) ) ;
#10998 = ORIENTED_EDGE ( 'NONE', *, *, #1122, .T. ) ;
#10999 = CIRCLE ( 'NONE', #5067, 0.1250000000000001110 ) ;
#11000 = ORIENTED_EDGE ( 'NONE', *, *, #9397, .F. ) ;
#11001 = DIRECTION ( 'NONE',  ( 0.000000000000000000, 0.000000000000000000, -1.000000000000000000 ) ) ;
#11002 = CARTESIAN_POINT ( 'NONE',  ( 2.225000000000000977, 0.1999999999999999833, 1.250000000000000666 ) ) ;
#11003 = CARTESIAN_POINT ( 'NONE',  ( 2.225000000000000977, 0.1999999999999999833, 0.3750000000000005551 ) ) ;
#11004 = LINE ( 'NONE', #6660, #8703 ) ;
#11005 = ORIENTED_EDGE ( 'NONE', *, *, #9288, .T. ) ;
#11006 = EDGE_CURVE ( 'NONE', #3318, #7267, #15, .T. ) ;
#11007 = DIRECTION ( 'NONE',  ( 0.000000000000000000, 0.000000000000000000, -1.000000000000000000 ) ) ;
#11008 = VECTOR ( 'NONE', #8327, 1000.000000000000000 ) ;
#11009 = VECTOR ( 'NONE', #7258, 1000.000000000000000 ) ;
#11010 = PLANE ( 'NONE',  #7291 ) ;
#11011 = ORIENTED_EDGE ( 'NONE', *, *, #11023, .F. ) ;
#11012 = VERTEX_POINT ( 'NONE', #9524 ) ;
#11013 = LINE ( 'NONE', #10211, #5778 ) ;
#11014 = DIRECTION ( 'NONE',  ( 0.000000000000000000, -1.000000000000000000, 0.000000000000000000 ) ) ;
#11015 = VERTEX_POINT ( 'NONE', #4177 ) ;
#11016 = MANIFOLD_SOLID_BREP ( 'LPattern3[4]', #5506 ) ;
#11017 = ORIENTED_EDGE ( 'NONE', *, *, #4767, .T. ) ;
#11018 = LINE ( 'NONE', #5048, #2695 ) ;
#11019 = AXIS2_PLACEMENT_3D ( 'NONE', #5871, #3108, #1408 ) ;
#11020 = DIRECTION ( 'NONE',  ( -0.000000000000000000, 0.000000000000000000, -1.000000000000000000 ) ) ;
#11021 = VERTEX_POINT ( 'NONE', #6883 ) ;
#11022 = CARTESIAN_POINT ( 'NONE',  ( -2.500000000000000888, 0.04999999999999969746, -1.124999999999999334 ) ) ;
#11023 = EDGE_CURVE ( 'NONE', #96, #8685, #5195, .T. ) ;
#11024 = CYLINDRICAL_SURFACE ( 'NONE', #2226, 0.1250000000000001110 ) ;
#11025 = PLANE ( 'NONE',  #1343 ) ;
#11026 = STYLED_ITEM ( 'NONE', ( #9075 ), #3943 ) ;
#11027 = AXIS2_PLACEMENT_3D ( 'NONE', #8122, #396, #9689 ) ;
#11028 = EDGE_CURVE ( 'NONE', #1235, #6446, #852, .T. ) ;
#11029 = LINE ( 'NONE', #2449, #10079 ) ;
#11030 = VECTOR ( 'NONE', #6943, 1000.000000000000000 ) ;
#11031 = CARTESIAN_POINT ( 'NONE',  ( -1.950000000000000844, 0.7500000000000000000, -1.950000000000000400 ) ) ;
#11032 = VECTOR ( 'NONE', #10452, 1000.000000000000000 ) ;
#11033 = CARTESIAN_POINT ( 'NONE',  ( 2.500000000000000444, 0.1999999999999999833, -1.874999999999999112 ) ) ;
#11034 = MANIFOLD_SOLID_BREP ( 'LPattern3[12]', #6767 ) ;
#11035 = DIRECTION ( 'NONE',  ( 0.000000000000000000, -1.000000000000000000, 0.000000000000000000 ) ) ;
#11036 = CARTESIAN_POINT ( 'NONE',  ( -2.500000000000000000, 0.05000000000000000278, 2.499999999999999556 ) ) ;
#11037 = VECTOR ( 'NONE', #3219, 1000.000000000000000 ) ;
#11038 = ORIENTED_EDGE ( 'NONE', *, *, #3753, .T. ) ;
#11039 = AXIS2_PLACEMENT_3D ( 'NONE', #8474, #4239, #636 ) ;
#11040 = CARTESIAN_POINT ( 'NONE',  ( 0.2499999999999997780, 0.2000000000000000111, 2.225000000000000533 ) ) ;
#11041 = EDGE_CURVE ( 'NONE', #314, #3876, #1636, .T. ) ;
#11042 = LINE ( 'NONE', #8278, #8829 ) ;
#11043 = CARTESIAN_POINT ( 'NONE',  ( -2.225000000000000977, 0.000000000000000000, -0.6249999999999994449 ) ) ;
#11044 = CARTESIAN_POINT ( 'NONE',  ( -1.749999999999999778, 0.2000000000000000111, -2.225000000000000533 ) ) ;
#11045 = DIRECTION ( 'NONE',  ( -1.734723475976808475E-15, -0.000000000000000000, 1.000000000000000000 ) ) ;
#11046 = ORIENTED_EDGE ( 'NONE', *, *, #10719, .F. ) ;
#11047 = VECTOR ( 'NONE', #1341, 1000.000000000000000 ) ;
#11048 = CIRCLE ( 'NONE', #9609, 0.1250000000000001110 ) ;
#11049 = DIRECTION ( 'NONE',  ( 0.000000000000000000, 0.000000000000000000, -1.000000000000000000 ) ) ;
#11050 = VECTOR ( 'NONE', #2541, 1000.000000000000000 ) ;
#11051 = ORIENTED_EDGE ( 'NONE', *, *, #6022, .T. ) ;
#11052 = ADVANCED_FACE ( 'NONE', ( #5033 ), #8473, .F. ) ;
#11053 = MANIFOLD_SOLID_BREP ( 'Thermal Pad', #9480 ) ;
#11054 = EDGE_CURVE ( 'NONE', #9358, #10603, #2803, .T. ) ;
#11055 = CARTESIAN_POINT ( 'NONE',  ( 1.375000000000000000, 0.2000000000000000111, -2.500000000000000444 ) ) ;
#11056 = VERTEX_POINT ( 'NONE', #8969 ) ;
#11057 = VERTEX_POINT ( 'NONE', #9808 ) ;
#11058 = VECTOR ( 'NONE', #7639, 1000.000000000000000 ) ;
#11059 = VECTOR ( 'NONE', #8256, 1000.000000000000000 ) ;
#11060 = DIRECTION ( 'NONE',  ( 1.000000000000000000, 0.000000000000000000, -6.472848790958234544E-17 ) ) ;
#11061 = CARTESIAN_POINT ( 'NONE',  ( 2.225000000000000977, 0.000000000000000000, 0.6250000000000005551 ) ) ;
#11062 = CIRCLE ( 'NONE', #8180, 0.1250000000000001110 ) ;
#11063 = UNCERTAINTY_MEASURE_WITH_UNIT (LENGTH_MEASURE( 1.000000000000000082E-05 ), #4429, 'distance_accuracy_value', 'NONE');
#11064 = CARTESIAN_POINT ( 'NONE',  ( 1.674999999999999822, 0.04999999999999969746, 1.725000000000000755 ) ) ;
#11065 = LINE ( 'NONE', #3327, #5620 ) ;
#11066 = FACE_OUTER_BOUND ( 'NONE', #4026, .T. ) ;
#11067 = CARTESIAN_POINT ( 'NONE',  ( -2.225000000000000977, 0.1999999999999999833, -1.874999999999999556 ) ) ;
#11068 = ORIENTED_EDGE ( 'NONE', *, *, #11134, .F. ) ;
#11069 = DIRECTION ( 'NONE',  ( 0.000000000000000000, 0.000000000000000000, -1.000000000000000000 ) ) ;
#11070 = CARTESIAN_POINT ( 'NONE',  ( 2.225000000000000977, 0.000000000000000000, 0.3750000000000005551 ) ) ;
#11071 = FACE_OUTER_BOUND ( 'NONE', #2140, .T. ) ;
#11072 = ORIENTED_EDGE ( 'NONE', *, *, #9292, .F. ) ;
#11073 = ORIENTED_EDGE ( 'NONE', *, *, #6681, .T. ) ;
#11074 = EDGE_CURVE ( 'NONE', #3818, #8246, #3296, .T. ) ;
#11075 = CARTESIAN_POINT ( 'NONE',  ( -1.625000000000000222, 0.6716990566028303578, -2.225000000000000533 ) ) ;
#11076 = VERTEX_POINT ( 'NONE', #3716 ) ;
#11077 = MANIFOLD_SOLID_BREP ( 'LPattern3[8]', #3344 ) ;
#11078 = AXIS2_PLACEMENT_3D ( 'NONE', #2107, #5504, #6409 ) ;
#11079 = ORIENTED_EDGE ( 'NONE', *, *, #6387, .F. ) ;
#11080 = EDGE_CURVE ( 'NONE', #4851, #4956, #2857, .T. ) ;
#11081 = PLANE ( 'NONE',  #6680 ) ;
#11082 = DIRECTION ( 'NONE',  ( 0.000000000000000000, 0.000000000000000000, 1.000000000000000000 ) ) ;
#11083 = CARTESIAN_POINT ( 'NONE',  ( -1.125000000000000444, 0.2000000000000000111, 2.225000000000000533 ) ) ;
#11084 = ORIENTED_EDGE ( 'NONE', *, *, #2899, .F. ) ;
#11085 = DIRECTION ( 'NONE',  ( 1.913297951445008115E-16, 0.000000000000000000, -1.000000000000000000 ) ) ;
#11086 = CARTESIAN_POINT ( 'NONE',  ( -1.725000000000000533, 5.079036790187180017, -1.724999999999999867 ) ) ;
#11087 = DIRECTION ( 'NONE',  ( 1.000000000000000000, -0.000000000000000000, -0.000000000000000000 ) ) ;
#11088 = VECTOR ( 'NONE', #6276, 1000.000000000000000 ) ;
#11089 = EDGE_CURVE ( 'NONE', #9787, #2971, #8801, .T. ) ;
#11090 = VECTOR ( 'NONE', #3348, 1000.000000000000000 ) ;
#11091 = EDGE_CURVE ( 'NONE', #8705, #7930, #10128, .T. ) ;
#11092 = CYLINDRICAL_SURFACE ( 'NONE', #1252, 0.2500000000000008882 ) ;
#11093 = ADVANCED_FACE ( 'NONE', ( #2744 ), #6207, .T. ) ;
#11094 = AXIS2_PLACEMENT_3D ( 'NONE', #1623, #679, #1570 ) ;
#11095 = LINE ( 'NONE', #3354, #1447 ) ;
#11096 = CARTESIAN_POINT ( 'NONE',  ( -2.225000000000000977, 0.6716990566028304688, 1.875000000000000666 ) ) ;
#11097 = ORIENTED_EDGE ( 'NONE', *, *, #10414, .T. ) ;
#11098 = CARTESIAN_POINT ( 'NONE',  ( -1.375000000000000000, 0.000000000000000000, -2.500000000000000444 ) ) ;
#11099 = CARTESIAN_POINT ( 'NONE',  ( -2.225000000000000977, 0.6716990566028304688, -0.3749999999999994449 ) ) ;
#11100 = AXIS2_PLACEMENT_3D ( 'NONE', #87, #4422, #9495 ) ;
#11101 = VERTEX_POINT ( 'NONE', #4673 ) ;
#11102 = CARTESIAN_POINT ( 'NONE',  ( -1.125000000000000222, 0.2000000000000000111, 2.500000000000000444 ) ) ;
#11103 = FACE_OUTER_BOUND ( 'NONE', #641, .T. ) ;
#11104 = DIRECTION ( 'NONE',  ( -0.000000000000000000, -1.000000000000000000, 0.000000000000000000 ) ) ;
#11105 = DIRECTION ( 'NONE',  ( 0.000000000000000000, -0.000000000000000000, -1.000000000000000000 ) ) ;
#11106 = CIRCLE ( 'NONE', #1363, 0.1250000000000001110 ) ;
#11107 = DIRECTION ( 'NONE',  ( -0.000000000000000000, -1.000000000000000000, -0.000000000000000000 ) ) ;
#11108 = VERTEX_POINT ( 'NONE', #7281 ) ;
#11109 = ADVANCED_FACE ( 'NONE', ( #2981 ), #9585, .F. ) ;
#11110 = CARTESIAN_POINT ( 'NONE',  ( 2.500000000000000444, 0.1999999999999999833, 0.1250000000000009714 ) ) ;
#11111 = ORIENTED_EDGE ( 'NONE', *, *, #5640, .F. ) ;
#11112 = CYLINDRICAL_SURFACE ( 'NONE', #283, 0.1250000000000001110 ) ;
#11113 = ORIENTED_EDGE ( 'NONE', *, *, #3563, .T. ) ;
#11114 = LINE ( 'NONE', #4232, #10731 ) ;
#11115 = ORIENTED_EDGE ( 'NONE', *, *, #8571, .F. ) ;
#11116 = CARTESIAN_POINT ( 'NONE',  ( 2.500000000000000444, 0.000000000000000000, 1.625000000000001110 ) ) ;
#11117 = ORIENTED_EDGE ( 'NONE', *, *, #3209, .T. ) ;
#11118 = CARTESIAN_POINT ( 'NONE',  ( 0.8749999999999998890, 0.2000000000000000111, -2.225000000000000533 ) ) ;
#11119 = CARTESIAN_POINT ( 'NONE',  ( -2.956915015869547911E-16, 0.05000000000000000278, 0.3749999999999988343 ) ) ;
#11120 = ADVANCED_FACE ( 'NONE', ( #3203 ), #4849, .F. ) ;
#11121 = ADVANCED_FACE ( 'NONE', ( #10822 ), #9086, .F. ) ;
#11122 = DIRECTION ( 'NONE',  ( -0.000000000000000000, -1.000000000000000000, -0.000000000000000000 ) ) ;
#11123 = DIRECTION ( 'NONE',  ( 0.000000000000000000, -1.000000000000000000, 0.000000000000000000 ) ) ;
#11124 = VERTEX_POINT ( 'NONE', #7451 ) ;
#11125 = EDGE_CURVE ( 'NONE', #9814, #5241, #3994, .T. ) ;
#11126 = CARTESIAN_POINT ( 'NONE',  ( -1.875000000000000000, 0.05000000000000000278, 0.000000000000000000 ) ) ;
#11127 = DIRECTION ( 'NONE',  ( -1.000000000000000000, 0.000000000000000000, -3.154042683594199163E-15 ) ) ;
#11128 = ORIENTED_EDGE ( 'NONE', *, *, #4387, .T. ) ;
#11129 = ORIENTED_EDGE ( 'NONE', *, *, #6946, .T. ) ;
#11130 = CARTESIAN_POINT ( 'NONE',  ( -1.725000000000000533, 0.04999999999999969746, 1.675000000000000711 ) ) ;
#11131 = VERTEX_POINT ( 'NONE', #564 ) ;
#11132 = VERTEX_POINT ( 'NONE', #464 ) ;
#11133 = LINE ( 'NONE', #7758, #10089 ) ;
#11134 = EDGE_CURVE ( 'NONE', #4016, #2248, #2187, .T. ) ;
#11135 = CYLINDRICAL_SURFACE ( 'NONE', #10684, 0.04999999999999991257 ) ;
#11136 = LINE ( 'NONE', #6737, #8804 ) ;
#11137 = VERTEX_POINT ( 'NONE', #3934 ) ;
#11138 = CARTESIAN_POINT ( 'NONE',  ( -1.749999999999999778, 0.2000000000000000111, -2.225000000000000533 ) ) ;
#11139 = EDGE_CURVE ( 'NONE', #1088, #10790, #4050, .T. ) ;
#11140 = DIRECTION ( 'NONE',  ( -6.377659838150024995E-17, 0.000000000000000000, 1.000000000000000000 ) ) ;
#11141 = LINE ( 'NONE', #8606, #2602 ) ;
#11142 = VECTOR ( 'NONE', #10789, 1000.000000000000000 ) ;
#11143 = DIRECTION ( 'NONE',  ( 0.000000000000000000, 1.000000000000000000, 0.000000000000000000 ) ) ;
#11144 = SURFACE_STYLE_FILL_AREA ( #9286 ) ;
#11145 = LINE ( 'NONE', #4322, #3641 ) ;
#11146 = MANIFOLD_SOLID_BREP ( 'LPattern4[1]', #997 ) ;
#11147 = CARTESIAN_POINT ( 'NONE',  ( 2.500000000000000444, 0.1999999999999999833, -1.374999999999999112 ) ) ;
#11148 = DIRECTION ( 'NONE',  ( 0.000000000000000000, 1.000000000000000000, 0.000000000000000000 ) ) ;
#11149 = VECTOR ( 'NONE', #6343, 1000.000000000000000 ) ;
#11150 = EDGE_CURVE ( 'NONE', #10402, #6947, #4737, .T. ) ;
#11151 = EDGE_CURVE ( 'NONE', #7373, #5959, #9139, .T. ) ;
#11152 = EDGE_LOOP ( 'NONE', ( #4719, #8322, #7051, #2056 ) ) ;
#11153 = ORIENTED_EDGE ( 'NONE', *, *, #5155, .T. ) ;
#11154 = CARTESIAN_POINT ( 'NONE',  ( 2.225000000000000977, 0.1999999999999999833, -1.124999999999999556 ) ) ;
#11155 = CARTESIAN_POINT ( 'NONE',  ( 2.500000000000000444, 0.04999999999999969746, 1.125000000000000888 ) ) ;
#11156 = AXIS2_PLACEMENT_3D ( 'NONE', #176, #80, #6102 ) ;
#11157 = PLANE ( 'NONE',  #4700 ) ;
#11158 = ADVANCED_FACE ( 'NONE', ( #9857 ), #10078, .F. ) ;
#11159 = DIRECTION ( 'NONE',  ( -1.000000000000000000, 0.000000000000000000, -7.885106708985485090E-16 ) ) ;
#11160 = ORIENTED_EDGE ( 'NONE', *, *, #9048, .T. ) ;
ENDSEC;
END-ISO-10303-21;
