ISO-10303-21;
HEADER;
FILE_DESCRIPTION((''),'2;1');
FILE_NAME('100-25FEMALE-ASSMBLY_ASM','2015-10-15T',('admin'),(''),
'PRO/ENGINEER BY PARAMETRIC TECHNOLOGY CORPORATION, 2009280',
'PRO/ENGINEER BY PARAMETRIC TECHNOLOGY CORPORATION, 2009280','');
FILE_SCHEMA(('CONFIG_CONTROL_DESIGN'));
ENDSEC;
DATA;
#2=CARTESIAN_POINT('',(-1.722369990530E1,-3.1E0,-1.95E0));
#3=DIRECTION('',(0.E0,1.E0,0.E0));
#4=DIRECTION('',(0.E0,0.E0,-1.E0));
#5=AXIS2_PLACEMENT_3D('',#2,#3,#4);
#7=DIRECTION('',(1.736481776669E-1,0.E0,9.848077530122E-1));
#8=VECTOR('',#7,3.960163786354E0);
#9=CARTESIAN_POINT('',(-1.876E1,-3.1E0,-1.679108842840E0));
#10=LINE('',#9,#8);
#11=CARTESIAN_POINT('',(-1.653602468054E1,-3.1E0,1.95E0));
#12=DIRECTION('',(0.E0,1.E0,0.E0));
#13=DIRECTION('',(-9.848077530122E-1,0.E0,1.736481776669E-1));
#14=AXIS2_PLACEMENT_3D('',#11,#12,#13);
#16=DIRECTION('',(1.E0,0.E0,0.E0));
#17=VECTOR('',#16,3.307204936108E1);
#18=CARTESIAN_POINT('',(-1.653602468054E1,-3.1E0,3.51E0));
#19=LINE('',#18,#17);
#20=CARTESIAN_POINT('',(1.653602468054E1,-3.1E0,1.95E0));
#21=DIRECTION('',(0.E0,1.E0,0.E0));
#22=DIRECTION('',(0.E0,0.E0,1.E0));
#23=AXIS2_PLACEMENT_3D('',#20,#21,#22);
#25=DIRECTION('',(1.736481776669E-1,0.E0,-9.848077530122E-1));
#26=VECTOR('',#25,3.960163786354E0);
#27=CARTESIAN_POINT('',(1.807232477524E1,-3.1E0,2.220891157160E0));
#28=LINE('',#27,#26);
#29=CARTESIAN_POINT('',(1.722369990530E1,-3.1E0,-1.95E0));
#30=DIRECTION('',(0.E0,1.E0,0.E0));
#31=DIRECTION('',(9.848077530122E-1,0.E0,1.736481776669E-1));
#32=AXIS2_PLACEMENT_3D('',#29,#30,#31);
#34=DIRECTION('',(-1.E0,0.E0,0.E0));
#35=VECTOR('',#34,3.444739981060E1);
#36=CARTESIAN_POINT('',(1.722369990530E1,-3.1E0,-3.51E0));
#37=LINE('',#36,#35);
#38=CARTESIAN_POINT('',(-1.523E1,-3.1E0,1.42E0));
#39=DIRECTION('',(0.E0,1.E0,0.E0));
#40=DIRECTION('',(-1.E0,0.E0,0.E0));
#41=AXIS2_PLACEMENT_3D('',#38,#39,#40);
#43=CARTESIAN_POINT('',(-1.523E1,-3.1E0,1.42E0));
#44=DIRECTION('',(0.E0,1.E0,0.E0));
#45=DIRECTION('',(1.E0,0.E0,0.E0));
#46=AXIS2_PLACEMENT_3D('',#43,#44,#45);
#48=CARTESIAN_POINT('',(-1.246E1,-3.1E0,1.42E0));
#49=DIRECTION('',(0.E0,1.E0,0.E0));
#50=DIRECTION('',(-1.E0,0.E0,0.E0));
#51=AXIS2_PLACEMENT_3D('',#48,#49,#50);
#53=CARTESIAN_POINT('',(-1.246E1,-3.1E0,1.42E0));
#54=DIRECTION('',(0.E0,1.E0,0.E0));
#55=DIRECTION('',(1.E0,0.E0,0.E0));
#56=AXIS2_PLACEMENT_3D('',#53,#54,#55);
#58=CARTESIAN_POINT('',(-9.69E0,-3.1E0,1.42E0));
#59=DIRECTION('',(0.E0,1.E0,0.E0));
#60=DIRECTION('',(-1.E0,0.E0,0.E0));
#61=AXIS2_PLACEMENT_3D('',#58,#59,#60);
#63=CARTESIAN_POINT('',(-9.69E0,-3.1E0,1.42E0));
#64=DIRECTION('',(0.E0,1.E0,0.E0));
#65=DIRECTION('',(1.E0,0.E0,0.E0));
#66=AXIS2_PLACEMENT_3D('',#63,#64,#65);
#68=CARTESIAN_POINT('',(-6.92E0,-3.1E0,1.42E0));
#69=DIRECTION('',(0.E0,1.E0,0.E0));
#70=DIRECTION('',(-1.E0,0.E0,0.E0));
#71=AXIS2_PLACEMENT_3D('',#68,#69,#70);
#73=CARTESIAN_POINT('',(-6.92E0,-3.1E0,1.42E0));
#74=DIRECTION('',(0.E0,1.E0,0.E0));
#75=DIRECTION('',(1.E0,0.E0,0.E0));
#76=AXIS2_PLACEMENT_3D('',#73,#74,#75);
#78=CARTESIAN_POINT('',(-4.15E0,-3.1E0,1.42E0));
#79=DIRECTION('',(0.E0,1.E0,0.E0));
#80=DIRECTION('',(-1.E0,0.E0,0.E0));
#81=AXIS2_PLACEMENT_3D('',#78,#79,#80);
#83=CARTESIAN_POINT('',(-4.15E0,-3.1E0,1.42E0));
#84=DIRECTION('',(0.E0,1.E0,0.E0));
#85=DIRECTION('',(1.E0,0.E0,0.E0));
#86=AXIS2_PLACEMENT_3D('',#83,#84,#85);
#88=CARTESIAN_POINT('',(-1.38E0,-3.1E0,1.42E0));
#89=DIRECTION('',(0.E0,1.E0,0.E0));
#90=DIRECTION('',(-1.E0,0.E0,0.E0));
#91=AXIS2_PLACEMENT_3D('',#88,#89,#90);
#93=CARTESIAN_POINT('',(-1.38E0,-3.1E0,1.42E0));
#94=DIRECTION('',(0.E0,1.E0,0.E0));
#95=DIRECTION('',(1.E0,0.E0,0.E0));
#96=AXIS2_PLACEMENT_3D('',#93,#94,#95);
#98=CARTESIAN_POINT('',(1.39E0,-3.1E0,1.42E0));
#99=DIRECTION('',(0.E0,1.E0,0.E0));
#100=DIRECTION('',(-1.E0,0.E0,0.E0));
#101=AXIS2_PLACEMENT_3D('',#98,#99,#100);
#103=CARTESIAN_POINT('',(1.39E0,-3.1E0,1.42E0));
#104=DIRECTION('',(0.E0,1.E0,0.E0));
#105=DIRECTION('',(1.E0,0.E0,0.E0));
#106=AXIS2_PLACEMENT_3D('',#103,#104,#105);
#108=CARTESIAN_POINT('',(4.16E0,-3.1E0,1.42E0));
#109=DIRECTION('',(0.E0,1.E0,0.E0));
#110=DIRECTION('',(-1.E0,0.E0,0.E0));
#111=AXIS2_PLACEMENT_3D('',#108,#109,#110);
#113=CARTESIAN_POINT('',(4.16E0,-3.1E0,1.42E0));
#114=DIRECTION('',(0.E0,1.E0,0.E0));
#115=DIRECTION('',(1.E0,0.E0,0.E0));
#116=AXIS2_PLACEMENT_3D('',#113,#114,#115);
#118=CARTESIAN_POINT('',(6.93E0,-3.1E0,1.42E0));
#119=DIRECTION('',(0.E0,1.E0,0.E0));
#120=DIRECTION('',(-1.E0,0.E0,0.E0));
#121=AXIS2_PLACEMENT_3D('',#118,#119,#120);
#123=CARTESIAN_POINT('',(6.93E0,-3.1E0,1.42E0));
#124=DIRECTION('',(0.E0,1.E0,0.E0));
#125=DIRECTION('',(1.E0,0.E0,0.E0));
#126=AXIS2_PLACEMENT_3D('',#123,#124,#125);
#128=CARTESIAN_POINT('',(9.7E0,-3.1E0,1.42E0));
#129=DIRECTION('',(0.E0,1.E0,0.E0));
#130=DIRECTION('',(-1.E0,0.E0,0.E0));
#131=AXIS2_PLACEMENT_3D('',#128,#129,#130);
#133=CARTESIAN_POINT('',(9.7E0,-3.1E0,1.42E0));
#134=DIRECTION('',(0.E0,1.E0,0.E0));
#135=DIRECTION('',(1.E0,0.E0,0.E0));
#136=AXIS2_PLACEMENT_3D('',#133,#134,#135);
#138=CARTESIAN_POINT('',(1.247E1,-3.1E0,1.42E0));
#139=DIRECTION('',(0.E0,1.E0,0.E0));
#140=DIRECTION('',(-1.E0,0.E0,0.E0));
#141=AXIS2_PLACEMENT_3D('',#138,#139,#140);
#143=CARTESIAN_POINT('',(1.247E1,-3.1E0,1.42E0));
#144=DIRECTION('',(0.E0,1.E0,0.E0));
#145=DIRECTION('',(1.E0,0.E0,0.E0));
#146=AXIS2_PLACEMENT_3D('',#143,#144,#145);
#148=CARTESIAN_POINT('',(1.524E1,-3.1E0,1.42E0));
#149=DIRECTION('',(0.E0,1.E0,0.E0));
#150=DIRECTION('',(-1.E0,0.E0,0.E0));
#151=AXIS2_PLACEMENT_3D('',#148,#149,#150);
#153=CARTESIAN_POINT('',(1.524E1,-3.1E0,1.42E0));
#154=DIRECTION('',(0.E0,1.E0,0.E0));
#155=DIRECTION('',(1.E0,0.E0,0.E0));
#156=AXIS2_PLACEMENT_3D('',#153,#154,#155);
#158=CARTESIAN_POINT('',(-1.662E1,-3.1E0,-1.42E0));
#159=DIRECTION('',(0.E0,1.E0,0.E0));
#160=DIRECTION('',(-1.E0,0.E0,0.E0));
#161=AXIS2_PLACEMENT_3D('',#158,#159,#160);
#163=CARTESIAN_POINT('',(-1.662E1,-3.1E0,-1.42E0));
#164=DIRECTION('',(0.E0,1.E0,0.E0));
#165=DIRECTION('',(1.E0,0.E0,0.E0));
#166=AXIS2_PLACEMENT_3D('',#163,#164,#165);
#168=CARTESIAN_POINT('',(-1.385E1,-3.1E0,-1.42E0));
#169=DIRECTION('',(0.E0,1.E0,0.E0));
#170=DIRECTION('',(-1.E0,0.E0,0.E0));
#171=AXIS2_PLACEMENT_3D('',#168,#169,#170);
#173=CARTESIAN_POINT('',(-1.385E1,-3.1E0,-1.42E0));
#174=DIRECTION('',(0.E0,1.E0,0.E0));
#175=DIRECTION('',(1.E0,0.E0,0.E0));
#176=AXIS2_PLACEMENT_3D('',#173,#174,#175);
#178=CARTESIAN_POINT('',(-1.108E1,-3.1E0,-1.42E0));
#179=DIRECTION('',(0.E0,1.E0,0.E0));
#180=DIRECTION('',(-1.E0,0.E0,0.E0));
#181=AXIS2_PLACEMENT_3D('',#178,#179,#180);
#183=CARTESIAN_POINT('',(-1.108E1,-3.1E0,-1.42E0));
#184=DIRECTION('',(0.E0,1.E0,0.E0));
#185=DIRECTION('',(1.E0,0.E0,0.E0));
#186=AXIS2_PLACEMENT_3D('',#183,#184,#185);
#188=CARTESIAN_POINT('',(-8.31E0,-3.1E0,-1.42E0));
#189=DIRECTION('',(0.E0,1.E0,0.E0));
#190=DIRECTION('',(-1.E0,0.E0,0.E0));
#191=AXIS2_PLACEMENT_3D('',#188,#189,#190);
#193=CARTESIAN_POINT('',(-8.31E0,-3.1E0,-1.42E0));
#194=DIRECTION('',(0.E0,1.E0,0.E0));
#195=DIRECTION('',(1.E0,0.E0,0.E0));
#196=AXIS2_PLACEMENT_3D('',#193,#194,#195);
#198=CARTESIAN_POINT('',(-5.54E0,-3.1E0,-1.42E0));
#199=DIRECTION('',(0.E0,1.E0,0.E0));
#200=DIRECTION('',(-1.E0,0.E0,0.E0));
#201=AXIS2_PLACEMENT_3D('',#198,#199,#200);
#203=CARTESIAN_POINT('',(-5.54E0,-3.1E0,-1.42E0));
#204=DIRECTION('',(0.E0,1.E0,0.E0));
#205=DIRECTION('',(1.E0,0.E0,0.E0));
#206=AXIS2_PLACEMENT_3D('',#203,#204,#205);
#208=CARTESIAN_POINT('',(-2.77E0,-3.1E0,-1.42E0));
#209=DIRECTION('',(0.E0,1.E0,0.E0));
#210=DIRECTION('',(-1.E0,0.E0,0.E0));
#211=AXIS2_PLACEMENT_3D('',#208,#209,#210);
#213=CARTESIAN_POINT('',(-2.77E0,-3.1E0,-1.42E0));
#214=DIRECTION('',(0.E0,1.E0,0.E0));
#215=DIRECTION('',(1.E0,0.E0,0.E0));
#216=AXIS2_PLACEMENT_3D('',#213,#214,#215);
#218=CARTESIAN_POINT('',(0.E0,-3.1E0,-1.42E0));
#219=DIRECTION('',(0.E0,1.E0,0.E0));
#220=DIRECTION('',(-1.E0,0.E0,0.E0));
#221=AXIS2_PLACEMENT_3D('',#218,#219,#220);
#223=CARTESIAN_POINT('',(0.E0,-3.1E0,-1.42E0));
#224=DIRECTION('',(0.E0,1.E0,0.E0));
#225=DIRECTION('',(1.E0,0.E0,0.E0));
#226=AXIS2_PLACEMENT_3D('',#223,#224,#225);
#228=CARTESIAN_POINT('',(2.77E0,-3.1E0,-1.42E0));
#229=DIRECTION('',(0.E0,1.E0,0.E0));
#230=DIRECTION('',(-1.E0,0.E0,0.E0));
#231=AXIS2_PLACEMENT_3D('',#228,#229,#230);
#233=CARTESIAN_POINT('',(2.77E0,-3.1E0,-1.42E0));
#234=DIRECTION('',(0.E0,1.E0,0.E0));
#235=DIRECTION('',(1.E0,0.E0,0.E0));
#236=AXIS2_PLACEMENT_3D('',#233,#234,#235);
#238=CARTESIAN_POINT('',(5.54E0,-3.1E0,-1.42E0));
#239=DIRECTION('',(0.E0,1.E0,0.E0));
#240=DIRECTION('',(-1.E0,0.E0,0.E0));
#241=AXIS2_PLACEMENT_3D('',#238,#239,#240);
#243=CARTESIAN_POINT('',(5.54E0,-3.1E0,-1.42E0));
#244=DIRECTION('',(0.E0,1.E0,0.E0));
#245=DIRECTION('',(1.E0,0.E0,0.E0));
#246=AXIS2_PLACEMENT_3D('',#243,#244,#245);
#248=CARTESIAN_POINT('',(8.31E0,-3.1E0,-1.42E0));
#249=DIRECTION('',(0.E0,1.E0,0.E0));
#250=DIRECTION('',(-1.E0,0.E0,0.E0));
#251=AXIS2_PLACEMENT_3D('',#248,#249,#250);
#253=CARTESIAN_POINT('',(8.31E0,-3.1E0,-1.42E0));
#254=DIRECTION('',(0.E0,1.E0,0.E0));
#255=DIRECTION('',(1.E0,0.E0,0.E0));
#256=AXIS2_PLACEMENT_3D('',#253,#254,#255);
#258=CARTESIAN_POINT('',(1.108E1,-3.1E0,-1.42E0));
#259=DIRECTION('',(0.E0,1.E0,0.E0));
#260=DIRECTION('',(-1.E0,0.E0,0.E0));
#261=AXIS2_PLACEMENT_3D('',#258,#259,#260);
#263=CARTESIAN_POINT('',(1.108E1,-3.1E0,-1.42E0));
#264=DIRECTION('',(0.E0,1.E0,0.E0));
#265=DIRECTION('',(1.E0,0.E0,0.E0));
#266=AXIS2_PLACEMENT_3D('',#263,#264,#265);
#268=CARTESIAN_POINT('',(1.385E1,-3.1E0,-1.42E0));
#269=DIRECTION('',(0.E0,1.E0,0.E0));
#270=DIRECTION('',(-1.E0,0.E0,0.E0));
#271=AXIS2_PLACEMENT_3D('',#268,#269,#270);
#273=CARTESIAN_POINT('',(1.385E1,-3.1E0,-1.42E0));
#274=DIRECTION('',(0.E0,1.E0,0.E0));
#275=DIRECTION('',(1.E0,0.E0,0.E0));
#276=AXIS2_PLACEMENT_3D('',#273,#274,#275);
#278=CARTESIAN_POINT('',(1.662E1,-3.1E0,-1.42E0));
#279=DIRECTION('',(0.E0,1.E0,0.E0));
#280=DIRECTION('',(-1.E0,0.E0,0.E0));
#281=AXIS2_PLACEMENT_3D('',#278,#279,#280);
#283=CARTESIAN_POINT('',(1.662E1,-3.1E0,-1.42E0));
#284=DIRECTION('',(0.E0,1.E0,0.E0));
#285=DIRECTION('',(1.E0,0.E0,0.E0));
#286=AXIS2_PLACEMENT_3D('',#283,#284,#285);
#288=CARTESIAN_POINT('',(-1.722369990530E1,3.1E0,-1.95E0));
#289=DIRECTION('',(0.E0,1.E0,0.E0));
#290=DIRECTION('',(0.E0,0.E0,-1.E0));
#291=AXIS2_PLACEMENT_3D('',#288,#289,#290);
#293=DIRECTION('',(0.E0,1.E0,0.E0));
#294=VECTOR('',#293,6.2E0);
#295=CARTESIAN_POINT('',(-1.722369990530E1,-3.1E0,-3.51E0));
#296=LINE('',#295,#294);
#297=CARTESIAN_POINT('',(-1.848038449398E1,3.1E0,-3.E0));
#298=DIRECTION('',(0.E0,1.E0,0.E0));
#299=DIRECTION('',(0.E0,0.E0,-1.E0));
#300=AXIS2_PLACEMENT_3D('',#297,#298,#299);
#302=DIRECTION('',(1.736481776669E-1,0.E0,9.848077530122E-1));
#303=VECTOR('',#302,6.011325542364E0);
#304=CARTESIAN_POINT('',(-2.045E1,3.1E0,-2.652703644666E0));
#305=LINE('',#304,#303);
#306=CARTESIAN_POINT('',(-1.743652876818E1,3.1E0,2.92E0));
#307=DIRECTION('',(0.E0,1.E0,0.E0));
#308=DIRECTION('',(-9.848077530122E-1,0.E0,1.736481776669E-1));
#309=AXIS2_PLACEMENT_3D('',#306,#307,#308);
#311=DIRECTION('',(1.E0,0.E0,0.E0));
#312=VECTOR('',#311,3.487305753636E1);
#313=CARTESIAN_POINT('',(-1.743652876818E1,3.1E0,4.92E0));
#314=LINE('',#313,#312);
#315=CARTESIAN_POINT('',(1.743652876818E1,3.1E0,2.92E0));
#316=DIRECTION('',(0.E0,1.E0,0.E0));
#317=DIRECTION('',(0.E0,0.E0,1.E0));
#318=AXIS2_PLACEMENT_3D('',#315,#316,#317);
#320=DIRECTION('',(1.736481776669E-1,0.E0,-9.848077530122E-1));
#321=VECTOR('',#320,6.011325542364E0);
#322=CARTESIAN_POINT('',(1.940614427421E1,3.1E0,3.267296355334E0));
#323=LINE('',#322,#321);
#324=CARTESIAN_POINT('',(1.848038449398E1,3.1E0,-3.E0));
#325=DIRECTION('',(0.E0,1.E0,0.E0));
#326=DIRECTION('',(9.848077530122E-1,0.E0,1.736481776669E-1));
#327=AXIS2_PLACEMENT_3D('',#324,#325,#326);
#329=DIRECTION('',(-1.E0,0.E0,0.E0));
#330=VECTOR('',#329,3.696076898795E1);
#331=CARTESIAN_POINT('',(1.848038449398E1,3.1E0,-5.E0));
#332=LINE('',#331,#330);
#333=CARTESIAN_POINT('',(-1.848038449398E1,5.6E0,-3.E0));
#334=DIRECTION('',(0.E0,1.E0,0.E0));
#335=DIRECTION('',(0.E0,0.E0,-1.E0));
#336=AXIS2_PLACEMENT_3D('',#333,#334,#335);
#338=DIRECTION('',(1.415045858266E-10,1.E0,0.E0));
#339=VECTOR('',#338,2.5E0);
#340=CARTESIAN_POINT('',(-1.848038449398E1,3.1E0,-5.E0));
#341=LINE('',#340,#339);
#342=CARTESIAN_POINT('',(-1.848038449398E1,5.6E0,-3.E0));
#343=DIRECTION('',(-1.E0,0.E0,0.E0));
#344=DIRECTION('',(0.E0,1.E0,0.E0));
#345=AXIS2_PLACEMENT_3D('',#342,#343,#344);
#347=DIRECTION('',(-1.E0,0.E0,0.E0));
#348=VECTOR('',#347,4.247126555274E-1);
#349=CARTESIAN_POINT('',(-1.805567183845E1,7.6E0,-3.E0));
#350=LINE('',#349,#348);
#351=CARTESIAN_POINT('',(1.848038449398E1,5.6E0,-3.E0));
#352=DIRECTION('',(-1.E0,0.E0,0.E0));
#353=DIRECTION('',(0.E0,1.E0,0.E0));
#354=AXIS2_PLACEMENT_3D('',#351,#352,#353);
#356=DIRECTION('',(-1.E0,0.E0,1.045622738269E-14));
#357=VECTOR('',#356,4.247126555274E-1);
#358=CARTESIAN_POINT('',(1.848038449398E1,7.6E0,-3.E0));
#359=LINE('',#358,#357);
#360=DIRECTION('',(-1.E0,0.E0,0.E0));
#361=VECTOR('',#360,3.611134367690E1);
#362=CARTESIAN_POINT('',(1.805567183845E1,7.6E0,-3.E0));
#363=LINE('',#362,#361);
#364=DIRECTION('',(-1.736481776669E-1,0.E0,-9.848077530122E-1));
#365=VECTOR('',#364,8.871256090285E-1);
#366=CARTESIAN_POINT('',(-1.832633674861E1,7.6E0,-2.126351822333E0));
#367=LINE('',#366,#365);
#368=DIRECTION('',(1.736481776669E-1,0.E0,9.848077530122E-1));
#369=VECTOR('',#368,4.782659341982E0);
#370=CARTESIAN_POINT('',(-1.832633674861E1,7.6E0,-2.126351822333E0));
#371=LINE('',#370,#369);
#372=DIRECTION('',(1.736481776669E-1,0.E0,9.848077530122E-1));
#373=VECTOR('',#372,3.415405913533E-1);
#374=CARTESIAN_POINT('',(-1.749583666947E1,7.6E0,2.583648177667E0));
#375=LINE('',#374,#373);
#376=CARTESIAN_POINT('',(-1.848038449398E1,5.6E0,-3.E0));
#377=DIRECTION('',(1.736481776669E-1,0.E0,9.848077530122E-1));
#378=DIRECTION('',(0.E0,1.E0,0.E0));
#379=AXIS2_PLACEMENT_3D('',#376,#377,#378);
#381=DIRECTION('',(0.E0,-1.E0,0.E0));
#382=VECTOR('',#381,1.2E0);
#383=CARTESIAN_POINT('',(-1.832633674861E1,8.8E0,-2.126351822333E0));
#384=LINE('',#383,#382);
#385=DIRECTION('',(1.736481776669E-1,0.E0,9.848077530122E-1));
#386=VECTOR('',#385,4.782659341982E0);
#387=CARTESIAN_POINT('',(-1.832633674861E1,8.8E0,-2.126351822333E0));
#388=LINE('',#387,#386);
#389=DIRECTION('',(0.E0,-1.E0,0.E0));
#390=VECTOR('',#389,1.2E0);
#391=CARTESIAN_POINT('',(-1.749583666947E1,8.8E0,2.583648177667E0));
#392=LINE('',#391,#390);
#393=CARTESIAN_POINT('',(-1.734152899559E1,7.6E0,-2.3E0));
#394=DIRECTION('',(0.E0,-1.E0,0.E0));
#395=DIRECTION('',(-9.848077530122E-1,0.E0,1.736481776669E-1));
#396=AXIS2_PLACEMENT_3D('',#393,#394,#395);
#398=CARTESIAN_POINT('',(1.737120541703E1,7.599611943062E0,2.919996212717E0));
#399=CARTESIAN_POINT('',(1.734907668021E1,7.599611943062E0,2.957319404220E0));
#400=CARTESIAN_POINT('',(1.730042724421E1,7.600180097854E0,3.028403865745E0));
#401=CARTESIAN_POINT('',(1.721391031897E1,7.599951742919E0,3.125244385745E0));
#402=CARTESIAN_POINT('',(1.711571948195E1,7.600012930469E0,3.209965112597E0));
#403=CARTESIAN_POINT('',(1.700738910200E1,7.599996535206E0,3.281339370273E0));
#404=CARTESIAN_POINT('',(1.689074608976E1,7.600000928708E0,3.338121565404E0));
#405=CARTESIAN_POINT('',(1.676779485197E1,7.599999749963E0,3.379375207623E0));
#406=CARTESIAN_POINT('',(1.664036893473E1,7.600000071439E0,3.404406265869E0));
#407=CARTESIAN_POINT('',(1.655441902613E1,7.6E0,3.41E0));
#408=CARTESIAN_POINT('',(1.651102891646E1,7.6E0,3.41E0));
#410=CARTESIAN_POINT('',(-1.651102891646E1,7.6E0,2.41E0));
#411=DIRECTION('',(0.E0,-1.E0,0.E0));
#412=DIRECTION('',(0.E0,0.E0,1.E0));
#413=AXIS2_PLACEMENT_3D('',#410,#411,#412);
#415=DIRECTION('',(1.E0,0.E0,0.E0));
#416=VECTOR('',#415,3.302205783291E1);
#417=CARTESIAN_POINT('',(-1.651102891646E1,7.6E0,3.41E0));
#418=LINE('',#417,#416);
#419=CARTESIAN_POINT('',(-1.734152899559E1,7.6E0,-2.3E0));
#420=DIRECTION('',(0.E0,-1.E0,0.E0));
#421=DIRECTION('',(-7.141428428543E-1,0.E0,-7.E-1));
#422=AXIS2_PLACEMENT_3D('',#419,#420,#421);
#424=CARTESIAN_POINT('',(1.734152899559E1,7.6E0,-2.3E0));
#425=DIRECTION('',(0.E0,-1.E0,0.E0));
#426=DIRECTION('',(0.E0,0.E0,-1.E0));
#427=AXIS2_PLACEMENT_3D('',#424,#425,#426);
#429=DIRECTION('',(-1.E0,0.E0,0.E0));
#430=VECTOR('',#429,3.468305799119E1);
#431=CARTESIAN_POINT('',(1.734152899559E1,7.6E0,-3.3E0));
#432=LINE('',#431,#430);
#433=DIRECTION('',(0.E0,-1.E0,0.E0));
#434=VECTOR('',#433,1.2E0);
#435=CARTESIAN_POINT('',(1.651102891646E1,8.8E0,3.41E0));
#436=LINE('',#435,#434);
#437=DIRECTION('',(0.E0,-1.E0,0.E0));
#438=VECTOR('',#437,1.2E0);
#439=CARTESIAN_POINT('',(-1.651102891646E1,8.8E0,3.41E0));
#440=LINE('',#439,#438);
#441=CARTESIAN_POINT('',(-1.651102891646E1,7.6E0,2.41E0));
#442=DIRECTION('',(0.E0,-1.E0,0.E0));
#443=DIRECTION('',(-8.601744009211E-1,0.E0,5.1E-1));
#444=AXIS2_PLACEMENT_3D('',#441,#442,#443);
#446=CARTESIAN_POINT('',(1.727416043702E1,7.595354050940E0,3.056243206797E0));
#447=CARTESIAN_POINT('',(1.729219108070E1,7.596386918174E0,3.041116318138E0));
#448=CARTESIAN_POINT('',(1.732825930860E1,7.598107992713E0,3.010847294409E0));
#449=CARTESIAN_POINT('',(1.738238942598E1,7.599656041075E0,2.965429867534E0));
#450=CARTESIAN_POINT('',(1.741848077994E1,7.6E0,2.935141453656E0));
#451=CARTESIAN_POINT('',(1.743652876818E1,7.6E0,2.92E0));
#453=CARTESIAN_POINT('',(-1.743652876818E1,5.6E0,2.92E0));
#454=DIRECTION('',(1.E0,0.E0,0.E0));
#455=DIRECTION('',(0.E0,1.E0,0.E0));
#456=AXIS2_PLACEMENT_3D('',#453,#454,#455);
#458=DIRECTION('',(1.E0,-2.719241608831E-14,0.E0));
#459=VECTOR('',#458,6.532545080331E-2);
#460=CARTESIAN_POINT('',(-1.743652876818E1,7.6E0,2.92E0));
#461=LINE('',#460,#459);
#462=DIRECTION('',(9.999999999376E-1,-1.116954616792E-5,-1.090103677584E-7));
#463=VECTOR('',#462,3.474240873658E1);
#464=CARTESIAN_POINT('',(-1.737120331738E1,7.6E0,2.92E0));
#465=LINE('',#464,#463);
#466=CARTESIAN_POINT('',(1.737120541703E1,7.599611943062E0,2.919996212717E0));
#467=CARTESIAN_POINT('',(1.735701284969E1,7.599611943062E0,2.943966581820E0));
#468=CARTESIAN_POINT('',(1.732495823713E1,7.599447678066E0,2.988982149448E0));
#469=CARTESIAN_POINT('',(1.729568391143E1,7.596587214829E0,3.038182867356E0));
#470=CARTESIAN_POINT('',(1.727416043702E1,7.595354050940E0,3.056243206797E0));
#472=DIRECTION('',(1.736481776670E-1,0.E0,-9.848077530122E-1));
#473=VECTOR('',#472,8.871256090285E-1);
#474=CARTESIAN_POINT('',(1.832633674861E1,7.6E0,-2.126351822333E0));
#475=LINE('',#474,#473);
#476=CARTESIAN_POINT('',(1.743652876818E1,5.6E0,2.92E0));
#477=DIRECTION('',(1.736481776669E-1,0.E0,-9.848077530122E-1));
#478=DIRECTION('',(0.E0,1.E0,0.E0));
#479=AXIS2_PLACEMENT_3D('',#476,#477,#478);
#481=CARTESIAN_POINT('',(1.749583666947E1,7.6E0,2.583648177667E0));
#482=CARTESIAN_POINT('',(1.748880288465E1,7.6E0,2.623538753621E0));
#483=CARTESIAN_POINT('',(1.747007023773E1,7.600095115633E0,2.701627605612E0));
#484=CARTESIAN_POINT('',(1.742828311542E1,7.599587928432E0,2.814266994206E0));
#485=CARTESIAN_POINT('',(1.739172780537E1,7.600068913597E0,2.885382351297E0));
#486=CARTESIAN_POINT('',(1.737120541703E1,7.599611943062E0,2.919996212717E0));
#488=DIRECTION('',(1.736481776669E-1,0.E0,-9.848077530122E-1));
#489=VECTOR('',#488,4.782659341982E0);
#490=CARTESIAN_POINT('',(1.749583666947E1,7.6E0,2.583648177667E0));
#491=LINE('',#490,#489);
#492=CARTESIAN_POINT('',(1.734152899559E1,7.6E0,-2.3E0));
#493=DIRECTION('',(0.E0,-1.E0,0.E0));
#494=DIRECTION('',(7.141428428543E-1,0.E0,-7.E-1));
#495=AXIS2_PLACEMENT_3D('',#492,#493,#494);
#497=DIRECTION('',(0.E0,-1.E0,0.E0));
#498=VECTOR('',#497,1.2E0);
#499=CARTESIAN_POINT('',(1.832633674861E1,8.8E0,-2.126351822333E0));
#500=LINE('',#499,#498);
#501=DIRECTION('',(0.E0,-1.E0,0.E0));
#502=VECTOR('',#501,1.2E0);
#503=CARTESIAN_POINT('',(1.749583666947E1,8.8E0,2.583648177667E0));
#504=LINE('',#503,#502);
#505=DIRECTION('',(1.736481776669E-1,0.E0,-9.848077530122E-1));
#506=VECTOR('',#505,4.782659341982E0);
#507=CARTESIAN_POINT('',(1.749583666947E1,8.8E0,2.583648177667E0));
#508=LINE('',#507,#506);
#509=CARTESIAN_POINT('',(-1.734152899559E1,8.8E0,-2.3E0));
#510=DIRECTION('',(0.E0,1.E0,0.E0));
#511=DIRECTION('',(0.E0,0.E0,-1.E0));
#512=AXIS2_PLACEMENT_3D('',#509,#510,#511);
#514=DIRECTION('',(-1.E0,0.E0,0.E0));
#515=VECTOR('',#514,3.468305799119E1);
#516=CARTESIAN_POINT('',(1.734152899559E1,8.8E0,-3.3E0));
#517=LINE('',#516,#515);
#518=CARTESIAN_POINT('',(1.734152899559E1,8.8E0,-2.3E0));
#519=DIRECTION('',(0.E0,1.E0,0.E0));
#520=DIRECTION('',(9.848077530122E-1,0.E0,1.736481776669E-1));
#521=AXIS2_PLACEMENT_3D('',#518,#519,#520);
#523=CARTESIAN_POINT('',(1.651102891646E1,8.8E0,2.41E0));
#524=DIRECTION('',(0.E0,1.E0,0.E0));
#525=DIRECTION('',(0.E0,0.E0,1.E0));
#526=AXIS2_PLACEMENT_3D('',#523,#524,#525);
#528=DIRECTION('',(1.E0,0.E0,0.E0));
#529=VECTOR('',#528,3.302205783291E1);
#530=CARTESIAN_POINT('',(-1.651102891646E1,8.8E0,3.41E0));
#531=LINE('',#530,#529);
#532=CARTESIAN_POINT('',(-1.651102891646E1,8.8E0,2.41E0));
#533=DIRECTION('',(0.E0,1.E0,0.E0));
#534=DIRECTION('',(-9.848077530122E-1,0.E0,1.736481776669E-1));
#535=AXIS2_PLACEMENT_3D('',#532,#533,#534);
#537=CARTESIAN_POINT('',(-1.523E1,8.8E0,1.42E0));
#538=DIRECTION('',(0.E0,-1.E0,0.E0));
#539=DIRECTION('',(1.E0,0.E0,0.E0));
#540=AXIS2_PLACEMENT_3D('',#537,#538,#539);
#542=CARTESIAN_POINT('',(-1.523E1,8.8E0,1.42E0));
#543=DIRECTION('',(0.E0,-1.E0,0.E0));
#544=DIRECTION('',(-1.E0,0.E0,0.E0));
#545=AXIS2_PLACEMENT_3D('',#542,#543,#544);
#547=CARTESIAN_POINT('',(-1.246E1,8.8E0,1.42E0));
#548=DIRECTION('',(0.E0,-1.E0,0.E0));
#549=DIRECTION('',(1.E0,0.E0,0.E0));
#550=AXIS2_PLACEMENT_3D('',#547,#548,#549);
#552=CARTESIAN_POINT('',(-1.246E1,8.8E0,1.42E0));
#553=DIRECTION('',(0.E0,-1.E0,0.E0));
#554=DIRECTION('',(-1.E0,0.E0,0.E0));
#555=AXIS2_PLACEMENT_3D('',#552,#553,#554);
#557=CARTESIAN_POINT('',(-9.69E0,8.8E0,1.42E0));
#558=DIRECTION('',(0.E0,-1.E0,0.E0));
#559=DIRECTION('',(1.E0,0.E0,0.E0));
#560=AXIS2_PLACEMENT_3D('',#557,#558,#559);
#562=CARTESIAN_POINT('',(-9.69E0,8.8E0,1.42E0));
#563=DIRECTION('',(0.E0,-1.E0,0.E0));
#564=DIRECTION('',(-1.E0,0.E0,0.E0));
#565=AXIS2_PLACEMENT_3D('',#562,#563,#564);
#567=CARTESIAN_POINT('',(-6.92E0,8.8E0,1.42E0));
#568=DIRECTION('',(0.E0,-1.E0,0.E0));
#569=DIRECTION('',(1.E0,0.E0,0.E0));
#570=AXIS2_PLACEMENT_3D('',#567,#568,#569);
#572=CARTESIAN_POINT('',(-6.92E0,8.8E0,1.42E0));
#573=DIRECTION('',(0.E0,-1.E0,0.E0));
#574=DIRECTION('',(-1.E0,0.E0,0.E0));
#575=AXIS2_PLACEMENT_3D('',#572,#573,#574);
#577=CARTESIAN_POINT('',(-4.15E0,8.8E0,1.42E0));
#578=DIRECTION('',(0.E0,-1.E0,0.E0));
#579=DIRECTION('',(1.E0,0.E0,0.E0));
#580=AXIS2_PLACEMENT_3D('',#577,#578,#579);
#582=CARTESIAN_POINT('',(-4.15E0,8.8E0,1.42E0));
#583=DIRECTION('',(0.E0,-1.E0,0.E0));
#584=DIRECTION('',(-1.E0,0.E0,0.E0));
#585=AXIS2_PLACEMENT_3D('',#582,#583,#584);
#587=CARTESIAN_POINT('',(-1.38E0,8.8E0,1.42E0));
#588=DIRECTION('',(0.E0,-1.E0,0.E0));
#589=DIRECTION('',(1.E0,0.E0,0.E0));
#590=AXIS2_PLACEMENT_3D('',#587,#588,#589);
#592=CARTESIAN_POINT('',(-1.38E0,8.8E0,1.42E0));
#593=DIRECTION('',(0.E0,-1.E0,0.E0));
#594=DIRECTION('',(-1.E0,0.E0,0.E0));
#595=AXIS2_PLACEMENT_3D('',#592,#593,#594);
#597=CARTESIAN_POINT('',(1.39E0,8.8E0,1.42E0));
#598=DIRECTION('',(0.E0,-1.E0,0.E0));
#599=DIRECTION('',(1.E0,0.E0,0.E0));
#600=AXIS2_PLACEMENT_3D('',#597,#598,#599);
#602=CARTESIAN_POINT('',(1.39E0,8.8E0,1.42E0));
#603=DIRECTION('',(0.E0,-1.E0,0.E0));
#604=DIRECTION('',(-1.E0,0.E0,0.E0));
#605=AXIS2_PLACEMENT_3D('',#602,#603,#604);
#607=CARTESIAN_POINT('',(4.16E0,8.8E0,1.42E0));
#608=DIRECTION('',(0.E0,-1.E0,0.E0));
#609=DIRECTION('',(1.E0,0.E0,0.E0));
#610=AXIS2_PLACEMENT_3D('',#607,#608,#609);
#612=CARTESIAN_POINT('',(4.16E0,8.8E0,1.42E0));
#613=DIRECTION('',(0.E0,-1.E0,0.E0));
#614=DIRECTION('',(-1.E0,0.E0,0.E0));
#615=AXIS2_PLACEMENT_3D('',#612,#613,#614);
#617=CARTESIAN_POINT('',(6.93E0,8.8E0,1.42E0));
#618=DIRECTION('',(0.E0,-1.E0,0.E0));
#619=DIRECTION('',(1.E0,0.E0,0.E0));
#620=AXIS2_PLACEMENT_3D('',#617,#618,#619);
#622=CARTESIAN_POINT('',(6.93E0,8.8E0,1.42E0));
#623=DIRECTION('',(0.E0,-1.E0,0.E0));
#624=DIRECTION('',(-1.E0,0.E0,0.E0));
#625=AXIS2_PLACEMENT_3D('',#622,#623,#624);
#627=CARTESIAN_POINT('',(9.7E0,8.8E0,1.42E0));
#628=DIRECTION('',(0.E0,-1.E0,0.E0));
#629=DIRECTION('',(1.E0,0.E0,0.E0));
#630=AXIS2_PLACEMENT_3D('',#627,#628,#629);
#632=CARTESIAN_POINT('',(9.7E0,8.8E0,1.42E0));
#633=DIRECTION('',(0.E0,-1.E0,0.E0));
#634=DIRECTION('',(-1.E0,0.E0,0.E0));
#635=AXIS2_PLACEMENT_3D('',#632,#633,#634);
#637=CARTESIAN_POINT('',(1.247E1,8.8E0,1.42E0));
#638=DIRECTION('',(0.E0,-1.E0,0.E0));
#639=DIRECTION('',(1.E0,0.E0,0.E0));
#640=AXIS2_PLACEMENT_3D('',#637,#638,#639);
#642=CARTESIAN_POINT('',(1.247E1,8.8E0,1.42E0));
#643=DIRECTION('',(0.E0,-1.E0,0.E0));
#644=DIRECTION('',(-1.E0,0.E0,0.E0));
#645=AXIS2_PLACEMENT_3D('',#642,#643,#644);
#647=CARTESIAN_POINT('',(1.524E1,8.8E0,1.42E0));
#648=DIRECTION('',(0.E0,-1.E0,0.E0));
#649=DIRECTION('',(1.E0,0.E0,0.E0));
#650=AXIS2_PLACEMENT_3D('',#647,#648,#649);
#652=CARTESIAN_POINT('',(1.524E1,8.8E0,1.42E0));
#653=DIRECTION('',(0.E0,-1.E0,0.E0));
#654=DIRECTION('',(-1.E0,0.E0,0.E0));
#655=AXIS2_PLACEMENT_3D('',#652,#653,#654);
#657=CARTESIAN_POINT('',(-1.662E1,8.8E0,-1.42E0));
#658=DIRECTION('',(0.E0,-1.E0,0.E0));
#659=DIRECTION('',(1.E0,0.E0,0.E0));
#660=AXIS2_PLACEMENT_3D('',#657,#658,#659);
#662=CARTESIAN_POINT('',(-1.662E1,8.8E0,-1.42E0));
#663=DIRECTION('',(0.E0,-1.E0,0.E0));
#664=DIRECTION('',(-1.E0,0.E0,0.E0));
#665=AXIS2_PLACEMENT_3D('',#662,#663,#664);
#667=CARTESIAN_POINT('',(-1.385E1,8.8E0,-1.42E0));
#668=DIRECTION('',(0.E0,-1.E0,0.E0));
#669=DIRECTION('',(1.E0,0.E0,0.E0));
#670=AXIS2_PLACEMENT_3D('',#667,#668,#669);
#672=CARTESIAN_POINT('',(-1.385E1,8.8E0,-1.42E0));
#673=DIRECTION('',(0.E0,-1.E0,0.E0));
#674=DIRECTION('',(-1.E0,0.E0,0.E0));
#675=AXIS2_PLACEMENT_3D('',#672,#673,#674);
#677=CARTESIAN_POINT('',(-1.108E1,8.8E0,-1.42E0));
#678=DIRECTION('',(0.E0,-1.E0,0.E0));
#679=DIRECTION('',(1.E0,0.E0,0.E0));
#680=AXIS2_PLACEMENT_3D('',#677,#678,#679);
#682=CARTESIAN_POINT('',(-1.108E1,8.8E0,-1.42E0));
#683=DIRECTION('',(0.E0,-1.E0,0.E0));
#684=DIRECTION('',(-1.E0,0.E0,0.E0));
#685=AXIS2_PLACEMENT_3D('',#682,#683,#684);
#687=CARTESIAN_POINT('',(-8.31E0,8.8E0,-1.42E0));
#688=DIRECTION('',(0.E0,-1.E0,0.E0));
#689=DIRECTION('',(1.E0,0.E0,0.E0));
#690=AXIS2_PLACEMENT_3D('',#687,#688,#689);
#692=CARTESIAN_POINT('',(-8.31E0,8.8E0,-1.42E0));
#693=DIRECTION('',(0.E0,-1.E0,0.E0));
#694=DIRECTION('',(-1.E0,0.E0,0.E0));
#695=AXIS2_PLACEMENT_3D('',#692,#693,#694);
#697=CARTESIAN_POINT('',(-5.54E0,8.8E0,-1.42E0));
#698=DIRECTION('',(0.E0,-1.E0,0.E0));
#699=DIRECTION('',(1.E0,0.E0,0.E0));
#700=AXIS2_PLACEMENT_3D('',#697,#698,#699);
#702=CARTESIAN_POINT('',(-5.54E0,8.8E0,-1.42E0));
#703=DIRECTION('',(0.E0,-1.E0,0.E0));
#704=DIRECTION('',(-1.E0,0.E0,0.E0));
#705=AXIS2_PLACEMENT_3D('',#702,#703,#704);
#707=CARTESIAN_POINT('',(-2.77E0,8.8E0,-1.42E0));
#708=DIRECTION('',(0.E0,-1.E0,0.E0));
#709=DIRECTION('',(1.E0,0.E0,0.E0));
#710=AXIS2_PLACEMENT_3D('',#707,#708,#709);
#712=CARTESIAN_POINT('',(-2.77E0,8.8E0,-1.42E0));
#713=DIRECTION('',(0.E0,-1.E0,0.E0));
#714=DIRECTION('',(-1.E0,0.E0,0.E0));
#715=AXIS2_PLACEMENT_3D('',#712,#713,#714);
#717=CARTESIAN_POINT('',(0.E0,8.8E0,-1.42E0));
#718=DIRECTION('',(0.E0,-1.E0,0.E0));
#719=DIRECTION('',(1.E0,0.E0,0.E0));
#720=AXIS2_PLACEMENT_3D('',#717,#718,#719);
#722=CARTESIAN_POINT('',(0.E0,8.8E0,-1.42E0));
#723=DIRECTION('',(0.E0,-1.E0,0.E0));
#724=DIRECTION('',(-1.E0,0.E0,0.E0));
#725=AXIS2_PLACEMENT_3D('',#722,#723,#724);
#727=CARTESIAN_POINT('',(2.77E0,8.8E0,-1.42E0));
#728=DIRECTION('',(0.E0,-1.E0,0.E0));
#729=DIRECTION('',(1.E0,0.E0,0.E0));
#730=AXIS2_PLACEMENT_3D('',#727,#728,#729);
#732=CARTESIAN_POINT('',(2.77E0,8.8E0,-1.42E0));
#733=DIRECTION('',(0.E0,-1.E0,0.E0));
#734=DIRECTION('',(-1.E0,0.E0,0.E0));
#735=AXIS2_PLACEMENT_3D('',#732,#733,#734);
#737=CARTESIAN_POINT('',(5.54E0,8.8E0,-1.42E0));
#738=DIRECTION('',(0.E0,-1.E0,0.E0));
#739=DIRECTION('',(1.E0,0.E0,0.E0));
#740=AXIS2_PLACEMENT_3D('',#737,#738,#739);
#742=CARTESIAN_POINT('',(5.54E0,8.8E0,-1.42E0));
#743=DIRECTION('',(0.E0,-1.E0,0.E0));
#744=DIRECTION('',(-1.E0,0.E0,0.E0));
#745=AXIS2_PLACEMENT_3D('',#742,#743,#744);
#747=CARTESIAN_POINT('',(8.31E0,8.8E0,-1.42E0));
#748=DIRECTION('',(0.E0,-1.E0,0.E0));
#749=DIRECTION('',(1.E0,0.E0,0.E0));
#750=AXIS2_PLACEMENT_3D('',#747,#748,#749);
#752=CARTESIAN_POINT('',(8.31E0,8.8E0,-1.42E0));
#753=DIRECTION('',(0.E0,-1.E0,0.E0));
#754=DIRECTION('',(-1.E0,0.E0,0.E0));
#755=AXIS2_PLACEMENT_3D('',#752,#753,#754);
#757=CARTESIAN_POINT('',(1.108E1,8.8E0,-1.42E0));
#758=DIRECTION('',(0.E0,-1.E0,0.E0));
#759=DIRECTION('',(1.E0,0.E0,0.E0));
#760=AXIS2_PLACEMENT_3D('',#757,#758,#759);
#762=CARTESIAN_POINT('',(1.108E1,8.8E0,-1.42E0));
#763=DIRECTION('',(0.E0,-1.E0,0.E0));
#764=DIRECTION('',(-1.E0,0.E0,0.E0));
#765=AXIS2_PLACEMENT_3D('',#762,#763,#764);
#767=CARTESIAN_POINT('',(1.385E1,8.8E0,-1.42E0));
#768=DIRECTION('',(0.E0,-1.E0,0.E0));
#769=DIRECTION('',(1.E0,0.E0,0.E0));
#770=AXIS2_PLACEMENT_3D('',#767,#768,#769);
#772=CARTESIAN_POINT('',(1.385E1,8.8E0,-1.42E0));
#773=DIRECTION('',(0.E0,-1.E0,0.E0));
#774=DIRECTION('',(-1.E0,0.E0,0.E0));
#775=AXIS2_PLACEMENT_3D('',#772,#773,#774);
#777=CARTESIAN_POINT('',(1.662E1,8.8E0,-1.42E0));
#778=DIRECTION('',(0.E0,-1.E0,0.E0));
#779=DIRECTION('',(1.E0,0.E0,0.E0));
#780=AXIS2_PLACEMENT_3D('',#777,#778,#779);
#782=CARTESIAN_POINT('',(1.662E1,8.8E0,-1.42E0));
#783=DIRECTION('',(0.E0,-1.E0,0.E0));
#784=DIRECTION('',(-1.E0,0.E0,0.E0));
#785=AXIS2_PLACEMENT_3D('',#782,#783,#784);
#787=DIRECTION('',(0.E0,-1.E0,0.E0));
#788=VECTOR('',#787,1.2E0);
#789=CARTESIAN_POINT('',(-1.734152899559E1,8.8E0,-3.3E0));
#790=LINE('',#789,#788);
#791=DIRECTION('',(0.E0,-1.E0,0.E0));
#792=VECTOR('',#791,1.2E0);
#793=CARTESIAN_POINT('',(1.734152899559E1,8.8E0,-3.3E0));
#794=LINE('',#793,#792);
#795=CARTESIAN_POINT('',(-1.523E1,-2.8E0,1.42E0));
#796=DIRECTION('',(0.E0,1.E0,0.E0));
#797=DIRECTION('',(-1.E0,0.E0,0.E0));
#798=AXIS2_PLACEMENT_3D('',#795,#796,#797);
#800=DIRECTION('',(2.387971813197E-10,1.E0,-2.061048075995E-9));
#801=VECTOR('',#800,1.159999999723E1);
#802=CARTESIAN_POINT('',(-1.473000000277E1,-2.799999997230E0,1.420000023908E0));
#803=LINE('',#802,#801);
#804=DIRECTION('',(7.071067811865E-1,7.071067811866E-1,6.386567815289E-8));
#805=VECTOR('',#804,4.242640642722E-1);
#806=CARTESIAN_POINT('',(-1.602999999409E1,-3.099999994091E0,1.419999948996E0));
#807=LINE('',#806,#805);
#808=DIRECTION('',(-7.071067811865E-1,7.071067811865E-1,-6.386567710616E-8));
#809=VECTOR('',#808,4.242640642722E-1);
#810=CARTESIAN_POINT('',(-1.443000000591E1,-3.099999994091E0,1.420000051004E0));
#811=LINE('',#810,#809);
#812=CARTESIAN_POINT('',(-1.523E1,-2.8E0,1.42E0));
#813=DIRECTION('',(0.E0,1.E0,0.E0));
#814=DIRECTION('',(1.E0,0.E0,0.E0));
#815=AXIS2_PLACEMENT_3D('',#812,#813,#814);
#817=DIRECTION('',(-2.387970281855E-10,1.E0,2.061048075995E-9));
#818=VECTOR('',#817,1.159999999723E1);
#819=CARTESIAN_POINT('',(-1.572999999723E1,-2.799999997230E0,1.419999976092E0));
#820=LINE('',#819,#818);
#821=CARTESIAN_POINT('',(-1.246E1,-2.8E0,1.42E0));
#822=DIRECTION('',(0.E0,1.E0,0.E0));
#823=DIRECTION('',(-1.E0,0.E0,0.E0));
#824=AXIS2_PLACEMENT_3D('',#821,#822,#823);
#826=DIRECTION('',(2.387970281855E-10,1.E0,-2.061048056853E-9));
#827=VECTOR('',#826,1.159999999723E1);
#828=CARTESIAN_POINT('',(-1.196000000277E1,-2.799999997230E0,1.420000023908E0));
#829=LINE('',#828,#827);
#830=DIRECTION('',(7.071067811865E-1,7.071067811866E-1,6.386567815289E-8));
#831=VECTOR('',#830,4.242640642722E-1);
#832=CARTESIAN_POINT('',(-1.325999999409E1,-3.099999994091E0,1.419999948996E0));
#833=LINE('',#832,#831);
#834=DIRECTION('',(-7.071067811865E-1,7.071067811865E-1,-6.386567710616E-8));
#835=VECTOR('',#834,4.242640642722E-1);
#836=CARTESIAN_POINT('',(-1.166000000591E1,-3.099999994091E0,1.420000051004E0));
#837=LINE('',#836,#835);
#838=CARTESIAN_POINT('',(-1.246E1,-2.8E0,1.42E0));
#839=DIRECTION('',(0.E0,1.E0,0.E0));
#840=DIRECTION('',(1.E0,0.E0,0.E0));
#841=AXIS2_PLACEMENT_3D('',#838,#839,#840);
#843=DIRECTION('',(-2.387970281855E-10,1.E0,2.061048075995E-9));
#844=VECTOR('',#843,1.159999999723E1);
#845=CARTESIAN_POINT('',(-1.295999999723E1,-2.799999997230E0,1.419999976092E0));
#846=LINE('',#845,#844);
#847=CARTESIAN_POINT('',(-9.69E0,-2.8E0,1.42E0));
#848=DIRECTION('',(0.E0,1.E0,0.E0));
#849=DIRECTION('',(-1.E0,0.E0,0.E0));
#850=AXIS2_PLACEMENT_3D('',#847,#848,#849);
#852=DIRECTION('',(2.387971813197E-10,1.E0,-2.061048056853E-9));
#853=VECTOR('',#852,1.159999999723E1);
#854=CARTESIAN_POINT('',(-9.190000002770E0,-2.799999997230E0,1.420000023908E0));
#855=LINE('',#854,#853);
#856=DIRECTION('',(7.071067811865E-1,7.071067811865E-1,6.386567815289E-8));
#857=VECTOR('',#856,4.242640642722E-1);
#858=CARTESIAN_POINT('',(-1.048999999409E1,-3.099999994091E0,1.419999948996E0));
#859=LINE('',#858,#857);
#860=DIRECTION('',(-7.071067811865E-1,7.071067811865E-1,-6.386567710616E-8));
#861=VECTOR('',#860,4.242640642722E-1);
#862=CARTESIAN_POINT('',(-8.890000005909E0,-3.099999994091E0,1.420000051004E0));
#863=LINE('',#862,#861);
#864=CARTESIAN_POINT('',(-9.69E0,-2.8E0,1.42E0));
#865=DIRECTION('',(0.E0,1.E0,0.E0));
#866=DIRECTION('',(1.E0,0.E0,0.E0));
#867=AXIS2_PLACEMENT_3D('',#864,#865,#866);
#869=DIRECTION('',(-2.387967219171E-10,1.E0,2.061048056853E-9));
#870=VECTOR('',#869,1.159999999723E1);
#871=CARTESIAN_POINT('',(-1.018999999723E1,-2.799999997230E0,1.419999976092E0));
#872=LINE('',#871,#870);
#873=CARTESIAN_POINT('',(-6.92E0,-2.8E0,1.42E0));
#874=DIRECTION('',(0.E0,1.E0,0.E0));
#875=DIRECTION('',(-1.E0,0.E0,0.E0));
#876=AXIS2_PLACEMENT_3D('',#873,#874,#875);
#878=DIRECTION('',(2.387970281855E-10,1.E0,-2.061048056853E-9));
#879=VECTOR('',#878,1.159999999723E1);
#880=CARTESIAN_POINT('',(-6.420000002770E0,-2.799999997230E0,1.420000023908E0));
#881=LINE('',#880,#879);
#882=DIRECTION('',(7.071067811865E-1,7.071067811866E-1,6.386567710616E-8));
#883=VECTOR('',#882,4.242640642722E-1);
#884=CARTESIAN_POINT('',(-7.719999994091E0,-3.099999994091E0,1.419999948996E0));
#885=LINE('',#884,#883);
#886=DIRECTION('',(-7.071067811865E-1,7.071067811865E-1,-6.386567710616E-8));
#887=VECTOR('',#886,4.242640642722E-1);
#888=CARTESIAN_POINT('',(-6.120000005909E0,-3.099999994091E0,1.420000051004E0));
#889=LINE('',#888,#887);
#890=CARTESIAN_POINT('',(-6.92E0,-2.8E0,1.42E0));
#891=DIRECTION('',(0.E0,1.E0,0.E0));
#892=DIRECTION('',(1.E0,0.E0,0.E0));
#893=AXIS2_PLACEMENT_3D('',#890,#891,#892);
#895=DIRECTION('',(-2.387971047526E-10,1.E0,2.061048075995E-9));
#896=VECTOR('',#895,1.159999999723E1);
#897=CARTESIAN_POINT('',(-7.419999997230E0,-2.799999997230E0,1.419999976092E0));
#898=LINE('',#897,#896);
#899=CARTESIAN_POINT('',(-4.15E0,-2.8E0,1.42E0));
#900=DIRECTION('',(0.E0,1.E0,0.E0));
#901=DIRECTION('',(-1.E0,0.E0,0.E0));
#902=AXIS2_PLACEMENT_3D('',#899,#900,#901);
#904=DIRECTION('',(2.387971047526E-10,1.E0,-2.061048075995E-9));
#905=VECTOR('',#904,1.159999999723E1);
#906=CARTESIAN_POINT('',(-3.650000002770E0,-2.799999997230E0,1.420000023908E0));
#907=LINE('',#906,#905);
#908=DIRECTION('',(7.071067811865E-1,7.071067811866E-1,6.386567815289E-8));
#909=VECTOR('',#908,4.242640642722E-1);
#910=CARTESIAN_POINT('',(-4.949999994091E0,-3.099999994091E0,1.419999948996E0));
#911=LINE('',#910,#909);
#912=DIRECTION('',(-7.071067811865E-1,7.071067811865E-1,-6.386567710616E-8));
#913=VECTOR('',#912,4.242640642722E-1);
#914=CARTESIAN_POINT('',(-3.350000005909E0,-3.099999994091E0,1.420000051004E0));
#915=LINE('',#914,#913);
#916=CARTESIAN_POINT('',(-4.15E0,-2.8E0,1.42E0));
#917=DIRECTION('',(0.E0,1.E0,0.E0));
#918=DIRECTION('',(1.E0,0.E0,0.E0));
#919=AXIS2_PLACEMENT_3D('',#916,#917,#918);
#921=DIRECTION('',(-2.387969516184E-10,1.E0,2.061048075995E-9));
#922=VECTOR('',#921,1.159999999723E1);
#923=CARTESIAN_POINT('',(-4.649999997230E0,-2.799999997230E0,1.419999976092E0));
#924=LINE('',#923,#922);
#925=CARTESIAN_POINT('',(-1.38E0,-2.8E0,1.42E0));
#926=DIRECTION('',(0.E0,1.E0,0.E0));
#927=DIRECTION('',(-1.E0,0.E0,0.E0));
#928=AXIS2_PLACEMENT_3D('',#925,#926,#927);
#930=DIRECTION('',(2.387970473273E-10,1.E0,-2.061048056853E-9));
#931=VECTOR('',#930,1.159999999723E1);
#932=CARTESIAN_POINT('',(-8.800000027700E-1,-2.799999997230E0,
1.420000023908E0));
#933=LINE('',#932,#931);
#934=DIRECTION('',(7.071067811865E-1,7.071067811866E-1,6.386567815289E-8));
#935=VECTOR('',#934,4.242640642722E-1);
#936=CARTESIAN_POINT('',(-2.179999994091E0,-3.099999994091E0,1.419999948996E0));
#937=LINE('',#936,#935);
#938=DIRECTION('',(-7.071067811865E-1,7.071067811865E-1,-6.386567762952E-8));
#939=VECTOR('',#938,4.242640642722E-1);
#940=CARTESIAN_POINT('',(-5.800000059094E-1,-3.099999994091E0,
1.420000051004E0));
#941=LINE('',#940,#939);
#942=CARTESIAN_POINT('',(-1.38E0,-2.8E0,1.42E0));
#943=DIRECTION('',(0.E0,1.E0,0.E0));
#944=DIRECTION('',(1.E0,0.E0,0.E0));
#945=AXIS2_PLACEMENT_3D('',#942,#943,#944);
#947=DIRECTION('',(-2.387970281855E-10,1.E0,2.061048075995E-9));
#948=VECTOR('',#947,1.159999999723E1);
#949=CARTESIAN_POINT('',(-1.879999997230E0,-2.799999997230E0,1.419999976092E0));
#950=LINE('',#949,#948);
#951=CARTESIAN_POINT('',(1.39E0,-2.8E0,1.42E0));
#952=DIRECTION('',(0.E0,1.E0,0.E0));
#953=DIRECTION('',(-1.E0,0.E0,0.E0));
#954=AXIS2_PLACEMENT_3D('',#951,#952,#953);
#956=DIRECTION('',(2.387970473273E-10,1.E0,-2.061048075995E-9));
#957=VECTOR('',#956,1.159999999723E1);
#958=CARTESIAN_POINT('',(1.889999997230E0,-2.799999997230E0,1.420000023908E0));
#959=LINE('',#958,#957);
#960=DIRECTION('',(7.071067811865E-1,7.071067811865E-1,6.386567710616E-8));
#961=VECTOR('',#960,4.242640642722E-1);
#962=CARTESIAN_POINT('',(5.900000059094E-1,-3.099999994091E0,1.419999948996E0));
#963=LINE('',#962,#961);
#964=DIRECTION('',(-7.071067811865E-1,7.071067811865E-1,-6.386567710616E-8));
#965=VECTOR('',#964,4.242640642722E-1);
#966=CARTESIAN_POINT('',(2.189999994091E0,-3.099999994091E0,1.420000051004E0));
#967=LINE('',#966,#965);
#968=CARTESIAN_POINT('',(1.39E0,-2.8E0,1.42E0));
#969=DIRECTION('',(0.E0,1.E0,0.E0));
#970=DIRECTION('',(1.E0,0.E0,0.E0));
#971=AXIS2_PLACEMENT_3D('',#968,#969,#970);
#973=DIRECTION('',(-2.387970473273E-10,1.E0,2.061048075995E-9));
#974=VECTOR('',#973,1.159999999723E1);
#975=CARTESIAN_POINT('',(8.900000027700E-1,-2.799999997230E0,1.419999976092E0));
#976=LINE('',#975,#974);
#977=CARTESIAN_POINT('',(4.16E0,-2.8E0,1.42E0));
#978=DIRECTION('',(0.E0,1.E0,0.E0));
#979=DIRECTION('',(-1.E0,0.E0,0.E0));
#980=AXIS2_PLACEMENT_3D('',#977,#978,#979);
#982=DIRECTION('',(2.387971047526E-10,1.E0,-2.061048056853E-9));
#983=VECTOR('',#982,1.159999999723E1);
#984=CARTESIAN_POINT('',(4.659999997230E0,-2.799999997230E0,1.420000023908E0));
#985=LINE('',#984,#983);
#986=DIRECTION('',(7.071067811865E-1,7.071067811865E-1,6.386567710616E-8));
#987=VECTOR('',#986,4.242640642722E-1);
#988=CARTESIAN_POINT('',(3.360000005909E0,-3.099999994091E0,1.419999948996E0));
#989=LINE('',#988,#987);
#990=DIRECTION('',(-7.071067811865E-1,7.071067811865E-1,-6.386567710616E-8));
#991=VECTOR('',#990,4.242640642722E-1);
#992=CARTESIAN_POINT('',(4.959999994091E0,-3.099999994091E0,1.420000051004E0));
#993=LINE('',#992,#991);
#994=CARTESIAN_POINT('',(4.16E0,-2.8E0,1.42E0));
#995=DIRECTION('',(0.E0,1.E0,0.E0));
#996=DIRECTION('',(1.E0,0.E0,0.E0));
#997=AXIS2_PLACEMENT_3D('',#994,#995,#996);
#999=DIRECTION('',(-2.387970281855E-10,1.E0,2.061048075995E-9));
#1000=VECTOR('',#999,1.159999999723E1);
#1001=CARTESIAN_POINT('',(3.660000002770E0,-2.799999997230E0,1.419999976092E0));
#1002=LINE('',#1001,#1000);
#1003=CARTESIAN_POINT('',(6.93E0,-2.8E0,1.42E0));
#1004=DIRECTION('',(0.E0,1.E0,0.E0));
#1005=DIRECTION('',(-1.E0,0.E0,0.E0));
#1006=AXIS2_PLACEMENT_3D('',#1003,#1004,#1005);
#1008=DIRECTION('',(2.387970281855E-10,1.E0,-2.061048056853E-9));
#1009=VECTOR('',#1008,1.159999999723E1);
#1010=CARTESIAN_POINT('',(7.429999997230E0,-2.799999997230E0,1.420000023908E0));
#1011=LINE('',#1010,#1009);
#1012=DIRECTION('',(7.071067811865E-1,7.071067811865E-1,6.386567658279E-8));
#1013=VECTOR('',#1012,4.242640642722E-1);
#1014=CARTESIAN_POINT('',(6.130000005909E0,-3.099999994091E0,1.419999948996E0));
#1015=LINE('',#1014,#1013);
#1016=DIRECTION('',(-7.071067811865E-1,7.071067811865E-1,-6.386567762952E-8));
#1017=VECTOR('',#1016,4.242640642722E-1);
#1018=CARTESIAN_POINT('',(7.729999994091E0,-3.099999994091E0,1.420000051004E0));
#1019=LINE('',#1018,#1017);
#1020=CARTESIAN_POINT('',(6.93E0,-2.8E0,1.42E0));
#1021=DIRECTION('',(0.E0,1.E0,0.E0));
#1022=DIRECTION('',(1.E0,0.E0,0.E0));
#1023=AXIS2_PLACEMENT_3D('',#1020,#1021,#1022);
#1025=DIRECTION('',(-2.387971047526E-10,1.E0,2.061048075995E-9));
#1026=VECTOR('',#1025,1.159999999723E1);
#1027=CARTESIAN_POINT('',(6.430000002770E0,-2.799999997230E0,1.419999976092E0));
#1028=LINE('',#1027,#1026);
#1029=CARTESIAN_POINT('',(9.7E0,-2.8E0,1.42E0));
#1030=DIRECTION('',(0.E0,1.E0,0.E0));
#1031=DIRECTION('',(-1.E0,0.E0,0.E0));
#1032=AXIS2_PLACEMENT_3D('',#1029,#1030,#1031);
#1034=DIRECTION('',(2.387970281855E-10,1.E0,-2.061048056853E-9));
#1035=VECTOR('',#1034,1.159999999723E1);
#1036=CARTESIAN_POINT('',(1.019999999723E1,-2.799999997230E0,1.420000023908E0));
#1037=LINE('',#1036,#1035);
#1038=DIRECTION('',(7.071067811865E-1,7.071067811865E-1,6.386567815288E-8));
#1039=VECTOR('',#1038,4.242640642722E-1);
#1040=CARTESIAN_POINT('',(8.900000005909E0,-3.099999994091E0,1.419999948996E0));
#1041=LINE('',#1040,#1039);
#1042=DIRECTION('',(-7.071067811865E-1,7.071067811866E-1,-6.386567762952E-8));
#1043=VECTOR('',#1042,4.242640642722E-1);
#1044=CARTESIAN_POINT('',(1.049999999409E1,-3.099999994091E0,1.420000051004E0));
#1045=LINE('',#1044,#1043);
#1046=CARTESIAN_POINT('',(9.7E0,-2.8E0,1.42E0));
#1047=DIRECTION('',(0.E0,1.E0,0.E0));
#1048=DIRECTION('',(1.E0,0.E0,0.E0));
#1049=AXIS2_PLACEMENT_3D('',#1046,#1047,#1048);
#1051=DIRECTION('',(-2.387971813197E-10,1.E0,2.061048056853E-9));
#1052=VECTOR('',#1051,1.159999999723E1);
#1053=CARTESIAN_POINT('',(9.200000002770E0,-2.799999997230E0,1.419999976092E0));
#1054=LINE('',#1053,#1052);
#1055=CARTESIAN_POINT('',(1.247E1,-2.8E0,1.42E0));
#1056=DIRECTION('',(0.E0,1.E0,0.E0));
#1057=DIRECTION('',(-1.E0,0.E0,0.E0));
#1058=AXIS2_PLACEMENT_3D('',#1055,#1056,#1057);
#1060=DIRECTION('',(2.387970281855E-10,1.E0,-2.061048056853E-9));
#1061=VECTOR('',#1060,1.159999999723E1);
#1062=CARTESIAN_POINT('',(1.296999999723E1,-2.799999997230E0,1.420000023908E0));
#1063=LINE('',#1062,#1061);
#1064=DIRECTION('',(7.071067811865E-1,7.071067811865E-1,6.386567815289E-8));
#1065=VECTOR('',#1064,4.242640642722E-1);
#1066=CARTESIAN_POINT('',(1.167000000591E1,-3.099999994091E0,1.419999948996E0));
#1067=LINE('',#1066,#1065);
#1068=DIRECTION('',(-7.071067811865E-1,7.071067811865E-1,-6.386567762952E-8));
#1069=VECTOR('',#1068,4.242640642722E-1);
#1070=CARTESIAN_POINT('',(1.326999999409E1,-3.099999994091E0,1.420000051004E0));
#1071=LINE('',#1070,#1069);
#1072=CARTESIAN_POINT('',(1.247E1,-2.8E0,1.42E0));
#1073=DIRECTION('',(0.E0,1.E0,0.E0));
#1074=DIRECTION('',(1.E0,0.E0,0.E0));
#1075=AXIS2_PLACEMENT_3D('',#1072,#1073,#1074);
#1077=DIRECTION('',(-2.387971813197E-10,1.E0,2.061048075995E-9));
#1078=VECTOR('',#1077,1.159999999723E1);
#1079=CARTESIAN_POINT('',(1.197000000277E1,-2.799999997230E0,1.419999976092E0));
#1080=LINE('',#1079,#1078);
#1081=CARTESIAN_POINT('',(1.524E1,-2.8E0,1.42E0));
#1082=DIRECTION('',(0.E0,1.E0,0.E0));
#1083=DIRECTION('',(-1.E0,0.E0,0.E0));
#1084=AXIS2_PLACEMENT_3D('',#1081,#1082,#1083);
#1086=DIRECTION('',(2.387970281855E-10,1.E0,-2.061048056853E-9));
#1087=VECTOR('',#1086,1.159999999723E1);
#1088=CARTESIAN_POINT('',(1.573999999723E1,-2.799999997230E0,1.420000023908E0));
#1089=LINE('',#1088,#1087);
#1090=DIRECTION('',(7.071067811865E-1,7.071067811866E-1,6.386567658279E-8));
#1091=VECTOR('',#1090,4.242640642722E-1);
#1092=CARTESIAN_POINT('',(1.444000000591E1,-3.099999994091E0,1.419999948996E0));
#1093=LINE('',#1092,#1091);
#1094=DIRECTION('',(-7.071067811865E-1,7.071067811865E-1,-6.386567815288E-8));
#1095=VECTOR('',#1094,4.242640642722E-1);
#1096=CARTESIAN_POINT('',(1.603999999409E1,-3.099999994091E0,1.420000051004E0));
#1097=LINE('',#1096,#1095);
#1098=CARTESIAN_POINT('',(1.524E1,-2.8E0,1.42E0));
#1099=DIRECTION('',(0.E0,1.E0,0.E0));
#1100=DIRECTION('',(1.E0,0.E0,0.E0));
#1101=AXIS2_PLACEMENT_3D('',#1098,#1099,#1100);
#1103=DIRECTION('',(-2.387971813197E-10,1.E0,2.061048075995E-9));
#1104=VECTOR('',#1103,1.159999999723E1);
#1105=CARTESIAN_POINT('',(1.474000000277E1,-2.799999997230E0,1.419999976092E0));
#1106=LINE('',#1105,#1104);
#1107=CARTESIAN_POINT('',(-1.662E1,-2.8E0,-1.42E0));
#1108=DIRECTION('',(0.E0,1.E0,0.E0));
#1109=DIRECTION('',(-1.E0,0.E0,0.E0));
#1110=AXIS2_PLACEMENT_3D('',#1107,#1108,#1109);
#1112=DIRECTION('',(2.387971813197E-10,1.E0,-2.061048075995E-9));
#1113=VECTOR('',#1112,1.159999999723E1);
#1114=CARTESIAN_POINT('',(-1.612000000277E1,-2.799999997230E0,
-1.419999976092E0));
#1115=LINE('',#1114,#1113);
#1116=DIRECTION('',(7.071067811865E-1,7.071067811866E-1,6.386567762952E-8));
#1117=VECTOR('',#1116,4.242640642722E-1);
#1118=CARTESIAN_POINT('',(-1.741999999409E1,-3.099999994091E0,
-1.420000051004E0));
#1119=LINE('',#1118,#1117);
#1120=DIRECTION('',(-7.071067811865E-1,7.071067811865E-1,-6.386567710616E-8));
#1121=VECTOR('',#1120,4.242640642722E-1);
#1122=CARTESIAN_POINT('',(-1.582000000591E1,-3.099999994091E0,
-1.419999948996E0));
#1123=LINE('',#1122,#1121);
#1124=CARTESIAN_POINT('',(-1.662E1,-2.8E0,-1.42E0));
#1125=DIRECTION('',(0.E0,1.E0,0.E0));
#1126=DIRECTION('',(1.E0,0.E0,0.E0));
#1127=AXIS2_PLACEMENT_3D('',#1124,#1125,#1126);
#1129=DIRECTION('',(-2.387971813197E-10,1.E0,2.061048075995E-9));
#1130=VECTOR('',#1129,1.159999999723E1);
#1131=CARTESIAN_POINT('',(-1.711999999723E1,-2.799999997230E0,
-1.420000023908E0));
#1132=LINE('',#1131,#1130);
#1133=CARTESIAN_POINT('',(-1.385E1,-2.8E0,-1.42E0));
#1134=DIRECTION('',(0.E0,1.E0,0.E0));
#1135=DIRECTION('',(-1.E0,0.E0,0.E0));
#1136=AXIS2_PLACEMENT_3D('',#1133,#1134,#1135);
#1138=DIRECTION('',(2.387971813197E-10,1.E0,-2.061048056853E-9));
#1139=VECTOR('',#1138,1.159999999723E1);
#1140=CARTESIAN_POINT('',(-1.335000000277E1,-2.799999997230E0,
-1.419999976092E0));
#1141=LINE('',#1140,#1139);
#1142=DIRECTION('',(7.071067811865E-1,7.071067811865E-1,6.386567710616E-8));
#1143=VECTOR('',#1142,4.242640642722E-1);
#1144=CARTESIAN_POINT('',(-1.464999999409E1,-3.099999994091E0,
-1.420000051004E0));
#1145=LINE('',#1144,#1143);
#1146=DIRECTION('',(-7.071067811865E-1,7.071067811865E-1,-6.386567815288E-8));
#1147=VECTOR('',#1146,4.242640642722E-1);
#1148=CARTESIAN_POINT('',(-1.305000000591E1,-3.099999994091E0,
-1.419999948996E0));
#1149=LINE('',#1148,#1147);
#1150=CARTESIAN_POINT('',(-1.385E1,-2.8E0,-1.42E0));
#1151=DIRECTION('',(0.E0,1.E0,0.E0));
#1152=DIRECTION('',(1.E0,0.E0,0.E0));
#1153=AXIS2_PLACEMENT_3D('',#1150,#1151,#1152);
#1155=DIRECTION('',(-2.387967219171E-10,1.E0,2.061048075995E-9));
#1156=VECTOR('',#1155,1.159999999723E1);
#1157=CARTESIAN_POINT('',(-1.434999999723E1,-2.799999997230E0,
-1.420000023908E0));
#1158=LINE('',#1157,#1156);
#1159=CARTESIAN_POINT('',(-1.108E1,-2.8E0,-1.42E0));
#1160=DIRECTION('',(0.E0,1.E0,0.E0));
#1161=DIRECTION('',(-1.E0,0.E0,0.E0));
#1162=AXIS2_PLACEMENT_3D('',#1159,#1160,#1161);
#1164=DIRECTION('',(2.387971813197E-10,1.E0,-2.061048056853E-9));
#1165=VECTOR('',#1164,1.159999999723E1);
#1166=CARTESIAN_POINT('',(-1.058000000277E1,-2.799999997230E0,
-1.419999976092E0));
#1167=LINE('',#1166,#1165);
#1168=DIRECTION('',(7.071067811865E-1,7.071067811865E-1,6.386567710616E-8));
#1169=VECTOR('',#1168,4.242640642722E-1);
#1170=CARTESIAN_POINT('',(-1.187999999409E1,-3.099999994091E0,
-1.420000051004E0));
#1171=LINE('',#1170,#1169);
#1172=DIRECTION('',(-7.071067811865E-1,7.071067811865E-1,-6.386567815289E-8));
#1173=VECTOR('',#1172,4.242640642722E-1);
#1174=CARTESIAN_POINT('',(-1.028000000591E1,-3.099999994091E0,
-1.419999948996E0));
#1175=LINE('',#1174,#1173);
#1176=CARTESIAN_POINT('',(-1.108E1,-2.8E0,-1.42E0));
#1177=DIRECTION('',(0.E0,1.E0,0.E0));
#1178=DIRECTION('',(1.E0,0.E0,0.E0));
#1179=AXIS2_PLACEMENT_3D('',#1176,#1177,#1178);
#1181=DIRECTION('',(-2.387970281855E-10,1.E0,2.061048075995E-9));
#1182=VECTOR('',#1181,1.159999999723E1);
#1183=CARTESIAN_POINT('',(-1.157999999723E1,-2.799999997230E0,
-1.420000023908E0));
#1184=LINE('',#1183,#1182);
#1185=CARTESIAN_POINT('',(-8.31E0,-2.8E0,-1.42E0));
#1186=DIRECTION('',(0.E0,1.E0,0.E0));
#1187=DIRECTION('',(-1.E0,0.E0,0.E0));
#1188=AXIS2_PLACEMENT_3D('',#1185,#1186,#1187);
#1190=DIRECTION('',(2.387970281855E-10,1.E0,-2.061048056853E-9));
#1191=VECTOR('',#1190,1.159999999723E1);
#1192=CARTESIAN_POINT('',(-7.810000002770E0,-2.799999997230E0,
-1.419999976092E0));
#1193=LINE('',#1192,#1191);
#1194=DIRECTION('',(7.071067811865E-1,7.071067811866E-1,6.386567762952E-8));
#1195=VECTOR('',#1194,4.242640642722E-1);
#1196=CARTESIAN_POINT('',(-9.109999994091E0,-3.099999994091E0,
-1.420000051004E0));
#1197=LINE('',#1196,#1195);
#1198=DIRECTION('',(-7.071067811865E-1,7.071067811865E-1,-6.386567710616E-8));
#1199=VECTOR('',#1198,4.242640642722E-1);
#1200=CARTESIAN_POINT('',(-7.510000005909E0,-3.099999994091E0,
-1.419999948996E0));
#1201=LINE('',#1200,#1199);
#1202=CARTESIAN_POINT('',(-8.31E0,-2.8E0,-1.42E0));
#1203=DIRECTION('',(0.E0,1.E0,0.E0));
#1204=DIRECTION('',(1.E0,0.E0,0.E0));
#1205=AXIS2_PLACEMENT_3D('',#1202,#1203,#1204);
#1207=DIRECTION('',(-2.387970281855E-10,1.E0,2.061048075995E-9));
#1208=VECTOR('',#1207,1.159999999723E1);
#1209=CARTESIAN_POINT('',(-8.809999997230E0,-2.799999997230E0,
-1.420000023908E0));
#1210=LINE('',#1209,#1208);
#1211=CARTESIAN_POINT('',(-5.54E0,-2.8E0,-1.42E0));
#1212=DIRECTION('',(0.E0,1.E0,0.E0));
#1213=DIRECTION('',(-1.E0,0.E0,0.E0));
#1214=AXIS2_PLACEMENT_3D('',#1211,#1212,#1213);
#1216=DIRECTION('',(2.387971047526E-10,1.E0,-2.061048056853E-9));
#1217=VECTOR('',#1216,1.159999999723E1);
#1218=CARTESIAN_POINT('',(-5.040000002770E0,-2.799999997230E0,
-1.419999976092E0));
#1219=LINE('',#1218,#1217);
#1220=DIRECTION('',(7.071067811865E-1,7.071067811866E-1,6.386567762952E-8));
#1221=VECTOR('',#1220,4.242640642722E-1);
#1222=CARTESIAN_POINT('',(-6.339999994091E0,-3.099999994091E0,
-1.420000051004E0));
#1223=LINE('',#1222,#1221);
#1224=DIRECTION('',(-7.071067811865E-1,7.071067811865E-1,-6.386567815288E-8));
#1225=VECTOR('',#1224,4.242640642722E-1);
#1226=CARTESIAN_POINT('',(-4.740000005909E0,-3.099999994091E0,
-1.419999948996E0));
#1227=LINE('',#1226,#1225);
#1228=CARTESIAN_POINT('',(-5.54E0,-2.8E0,-1.42E0));
#1229=DIRECTION('',(0.E0,1.E0,0.E0));
#1230=DIRECTION('',(1.E0,0.E0,0.E0));
#1231=AXIS2_PLACEMENT_3D('',#1228,#1229,#1230);
#1233=DIRECTION('',(-2.387969516184E-10,1.E0,2.061048075995E-9));
#1234=VECTOR('',#1233,1.159999999723E1);
#1235=CARTESIAN_POINT('',(-6.039999997230E0,-2.799999997230E0,
-1.420000023908E0));
#1236=LINE('',#1235,#1234);
#1237=CARTESIAN_POINT('',(-2.77E0,-2.8E0,-1.42E0));
#1238=DIRECTION('',(0.E0,1.E0,0.E0));
#1239=DIRECTION('',(-1.E0,0.E0,0.E0));
#1240=AXIS2_PLACEMENT_3D('',#1237,#1238,#1239);
#1242=DIRECTION('',(2.387970664690E-10,1.E0,-2.061048056853E-9));
#1243=VECTOR('',#1242,1.159999999723E1);
#1244=CARTESIAN_POINT('',(-2.270000002770E0,-2.799999997230E0,
-1.419999976092E0));
#1245=LINE('',#1244,#1243);
#1246=DIRECTION('',(7.071067811865E-1,7.071067811866E-1,6.386567658279E-8));
#1247=VECTOR('',#1246,4.242640642722E-1);
#1248=CARTESIAN_POINT('',(-3.569999994091E0,-3.099999994091E0,
-1.420000051004E0));
#1249=LINE('',#1248,#1247);
#1250=DIRECTION('',(-7.071067811865E-1,7.071067811865E-1,-6.386567815288E-8));
#1251=VECTOR('',#1250,4.242640642722E-1);
#1252=CARTESIAN_POINT('',(-1.970000005909E0,-3.099999994091E0,
-1.419999948996E0));
#1253=LINE('',#1252,#1251);
#1254=CARTESIAN_POINT('',(-2.77E0,-2.8E0,-1.42E0));
#1255=DIRECTION('',(0.E0,1.E0,0.E0));
#1256=DIRECTION('',(1.E0,0.E0,0.E0));
#1257=AXIS2_PLACEMENT_3D('',#1254,#1255,#1256);
#1259=DIRECTION('',(-2.387970664690E-10,1.E0,2.061048075995E-9));
#1260=VECTOR('',#1259,1.159999999723E1);
#1261=CARTESIAN_POINT('',(-3.269999997230E0,-2.799999997230E0,
-1.420000023908E0));
#1262=LINE('',#1261,#1260);
#1263=CARTESIAN_POINT('',(0.E0,-2.8E0,-1.42E0));
#1264=DIRECTION('',(0.E0,1.E0,0.E0));
#1265=DIRECTION('',(-1.E0,0.E0,0.E0));
#1266=AXIS2_PLACEMENT_3D('',#1263,#1264,#1265);
#1268=DIRECTION('',(2.387970377564E-10,1.E0,-2.061048056853E-9));
#1269=VECTOR('',#1268,1.159999999723E1);
#1270=CARTESIAN_POINT('',(4.999999972300E-1,-2.799999997230E0,
-1.419999976092E0));
#1271=LINE('',#1270,#1269);
#1272=DIRECTION('',(7.071067811865E-1,7.071067811865E-1,6.386567762952E-8));
#1273=VECTOR('',#1272,4.242640642722E-1);
#1274=CARTESIAN_POINT('',(-7.999999940906E-1,-3.099999994091E0,
-1.420000051004E0));
#1275=LINE('',#1274,#1273);
#1276=DIRECTION('',(-7.071067811865E-1,7.071067811865E-1,-6.386567710616E-8));
#1277=VECTOR('',#1276,4.242640642722E-1);
#1278=CARTESIAN_POINT('',(7.999999940906E-1,-3.099999994091E0,
-1.419999948996E0));
#1279=LINE('',#1278,#1277);
#1280=CARTESIAN_POINT('',(0.E0,-2.8E0,-1.42E0));
#1281=DIRECTION('',(0.E0,1.E0,0.E0));
#1282=DIRECTION('',(1.E0,0.E0,0.E0));
#1283=AXIS2_PLACEMENT_3D('',#1280,#1281,#1282);
#1285=DIRECTION('',(-2.387970377564E-10,1.E0,2.061048075995E-9));
#1286=VECTOR('',#1285,1.159999999723E1);
#1287=CARTESIAN_POINT('',(-4.999999972300E-1,-2.799999997230E0,
-1.420000023908E0));
#1288=LINE('',#1287,#1286);
#1289=CARTESIAN_POINT('',(2.77E0,-2.8E0,-1.42E0));
#1290=DIRECTION('',(0.E0,1.E0,0.E0));
#1291=DIRECTION('',(-1.E0,0.E0,0.E0));
#1292=AXIS2_PLACEMENT_3D('',#1289,#1290,#1291);
#1294=DIRECTION('',(2.387971047526E-10,1.E0,-2.061048056853E-9));
#1295=VECTOR('',#1294,1.159999999723E1);
#1296=CARTESIAN_POINT('',(3.269999997230E0,-2.799999997230E0,
-1.419999976092E0));
#1297=LINE('',#1296,#1295);
#1298=DIRECTION('',(7.071067811865E-1,7.071067811865E-1,6.386567762952E-8));
#1299=VECTOR('',#1298,4.242640642722E-1);
#1300=CARTESIAN_POINT('',(1.970000005909E0,-3.099999994091E0,
-1.420000051004E0));
#1301=LINE('',#1300,#1299);
#1302=DIRECTION('',(-7.071067811865E-1,7.071067811865E-1,-6.386567762952E-8));
#1303=VECTOR('',#1302,4.242640642722E-1);
#1304=CARTESIAN_POINT('',(3.569999994091E0,-3.099999994091E0,
-1.419999948996E0));
#1305=LINE('',#1304,#1303);
#1306=CARTESIAN_POINT('',(2.77E0,-2.8E0,-1.42E0));
#1307=DIRECTION('',(0.E0,1.E0,0.E0));
#1308=DIRECTION('',(1.E0,0.E0,0.E0));
#1309=AXIS2_PLACEMENT_3D('',#1306,#1307,#1308);
#1311=DIRECTION('',(-2.387970664690E-10,1.E0,2.061048056853E-9));
#1312=VECTOR('',#1311,1.159999999723E1);
#1313=CARTESIAN_POINT('',(2.270000002770E0,-2.799999997230E0,
-1.420000023908E0));
#1314=LINE('',#1313,#1312);
#1315=CARTESIAN_POINT('',(5.54E0,-2.8E0,-1.42E0));
#1316=DIRECTION('',(0.E0,1.E0,0.E0));
#1317=DIRECTION('',(-1.E0,0.E0,0.E0));
#1318=AXIS2_PLACEMENT_3D('',#1315,#1316,#1317);
#1320=DIRECTION('',(2.387971047526E-10,1.E0,-2.061048056853E-9));
#1321=VECTOR('',#1320,1.159999999723E1);
#1322=CARTESIAN_POINT('',(6.039999997230E0,-2.799999997230E0,
-1.419999976092E0));
#1323=LINE('',#1322,#1321);
#1324=DIRECTION('',(7.071067811865E-1,7.071067811865E-1,6.386567762952E-8));
#1325=VECTOR('',#1324,4.242640642722E-1);
#1326=CARTESIAN_POINT('',(4.740000005909E0,-3.099999994091E0,
-1.420000051004E0));
#1327=LINE('',#1326,#1325);
#1328=DIRECTION('',(-7.071067811865E-1,7.071067811865E-1,-6.386567710616E-8));
#1329=VECTOR('',#1328,4.242640642722E-1);
#1330=CARTESIAN_POINT('',(6.339999994091E0,-3.099999994091E0,
-1.419999948996E0));
#1331=LINE('',#1330,#1329);
#1332=CARTESIAN_POINT('',(5.54E0,-2.8E0,-1.42E0));
#1333=DIRECTION('',(0.E0,1.E0,0.E0));
#1334=DIRECTION('',(1.E0,0.E0,0.E0));
#1335=AXIS2_PLACEMENT_3D('',#1332,#1333,#1334);
#1337=DIRECTION('',(-2.387971047526E-10,1.E0,2.061048075995E-9));
#1338=VECTOR('',#1337,1.159999999723E1);
#1339=CARTESIAN_POINT('',(5.040000002770E0,-2.799999997230E0,
-1.420000023908E0));
#1340=LINE('',#1339,#1338);
#1341=CARTESIAN_POINT('',(8.31E0,-2.8E0,-1.42E0));
#1342=DIRECTION('',(0.E0,1.E0,0.E0));
#1343=DIRECTION('',(-1.E0,0.E0,0.E0));
#1344=AXIS2_PLACEMENT_3D('',#1341,#1342,#1343);
#1346=DIRECTION('',(2.387970281855E-10,1.E0,-2.061048075995E-9));
#1347=VECTOR('',#1346,1.159999999723E1);
#1348=CARTESIAN_POINT('',(8.809999997230E0,-2.799999997230E0,
-1.419999976092E0));
#1349=LINE('',#1348,#1347);
#1350=DIRECTION('',(7.071067811865E-1,7.071067811865E-1,6.386567762952E-8));
#1351=VECTOR('',#1350,4.242640642722E-1);
#1352=CARTESIAN_POINT('',(7.510000005909E0,-3.099999994091E0,
-1.420000051004E0));
#1353=LINE('',#1352,#1351);
#1354=DIRECTION('',(-7.071067811865E-1,7.071067811866E-1,-6.386567710616E-8));
#1355=VECTOR('',#1354,4.242640642722E-1);
#1356=CARTESIAN_POINT('',(9.109999994091E0,-3.099999994091E0,
-1.419999948996E0));
#1357=LINE('',#1356,#1355);
#1358=CARTESIAN_POINT('',(8.31E0,-2.8E0,-1.42E0));
#1359=DIRECTION('',(0.E0,1.E0,0.E0));
#1360=DIRECTION('',(1.E0,0.E0,0.E0));
#1361=AXIS2_PLACEMENT_3D('',#1358,#1359,#1360);
#1363=DIRECTION('',(-2.387968750513E-10,1.E0,2.061048075995E-9));
#1364=VECTOR('',#1363,1.159999999723E1);
#1365=CARTESIAN_POINT('',(7.810000002770E0,-2.799999997230E0,
-1.420000023908E0));
#1366=LINE('',#1365,#1364);
#1367=CARTESIAN_POINT('',(1.108E1,-2.8E0,-1.42E0));
#1368=DIRECTION('',(0.E0,1.E0,0.E0));
#1369=DIRECTION('',(-1.E0,0.E0,0.E0));
#1370=AXIS2_PLACEMENT_3D('',#1367,#1368,#1369);
#1372=DIRECTION('',(2.387971813197E-10,1.E0,-2.061048075995E-9));
#1373=VECTOR('',#1372,1.159999999723E1);
#1374=CARTESIAN_POINT('',(1.157999999723E1,-2.799999997230E0,
-1.419999976092E0));
#1375=LINE('',#1374,#1373);
#1376=DIRECTION('',(7.071067811865E-1,7.071067811865E-1,6.386567762952E-8));
#1377=VECTOR('',#1376,4.242640642722E-1);
#1378=CARTESIAN_POINT('',(1.028000000591E1,-3.099999994091E0,
-1.420000051004E0));
#1379=LINE('',#1378,#1377);
#1380=DIRECTION('',(-7.071067811865E-1,7.071067811865E-1,-6.386567710616E-8));
#1381=VECTOR('',#1380,4.242640642722E-1);
#1382=CARTESIAN_POINT('',(1.187999999409E1,-3.099999994091E0,
-1.419999948996E0));
#1383=LINE('',#1382,#1381);
#1384=CARTESIAN_POINT('',(1.108E1,-2.8E0,-1.42E0));
#1385=DIRECTION('',(0.E0,1.E0,0.E0));
#1386=DIRECTION('',(1.E0,0.E0,0.E0));
#1387=AXIS2_PLACEMENT_3D('',#1384,#1385,#1386);
#1389=DIRECTION('',(-2.387971813197E-10,1.E0,2.061048075995E-9));
#1390=VECTOR('',#1389,1.159999999723E1);
#1391=CARTESIAN_POINT('',(1.058000000277E1,-2.799999997230E0,
-1.420000023908E0));
#1392=LINE('',#1391,#1390);
#1393=CARTESIAN_POINT('',(1.385E1,-2.8E0,-1.42E0));
#1394=DIRECTION('',(0.E0,1.E0,0.E0));
#1395=DIRECTION('',(-1.E0,0.E0,0.E0));
#1396=AXIS2_PLACEMENT_3D('',#1393,#1394,#1395);
#1398=DIRECTION('',(2.387970281855E-10,1.E0,-2.061048056853E-9));
#1399=VECTOR('',#1398,1.159999999723E1);
#1400=CARTESIAN_POINT('',(1.434999999723E1,-2.799999997230E0,
-1.419999976092E0));
#1401=LINE('',#1400,#1399);
#1402=DIRECTION('',(7.071067811865E-1,7.071067811865E-1,6.386567762952E-8));
#1403=VECTOR('',#1402,4.242640642722E-1);
#1404=CARTESIAN_POINT('',(1.305000000591E1,-3.099999994091E0,
-1.420000051004E0));
#1405=LINE('',#1404,#1403);
#1406=DIRECTION('',(-7.071067811865E-1,7.071067811865E-1,-6.386567815288E-8));
#1407=VECTOR('',#1406,4.242640642722E-1);
#1408=CARTESIAN_POINT('',(1.464999999409E1,-3.099999994091E0,
-1.419999948996E0));
#1409=LINE('',#1408,#1407);
#1410=CARTESIAN_POINT('',(1.385E1,-2.8E0,-1.42E0));
#1411=DIRECTION('',(0.E0,1.E0,0.E0));
#1412=DIRECTION('',(1.E0,0.E0,0.E0));
#1413=AXIS2_PLACEMENT_3D('',#1410,#1411,#1412);
#1415=DIRECTION('',(-2.387971813197E-10,1.E0,2.061048075995E-9));
#1416=VECTOR('',#1415,1.159999999723E1);
#1417=CARTESIAN_POINT('',(1.335000000277E1,-2.799999997230E0,
-1.420000023908E0));
#1418=LINE('',#1417,#1416);
#1419=CARTESIAN_POINT('',(1.662E1,-2.8E0,-1.42E0));
#1420=DIRECTION('',(0.E0,1.E0,0.E0));
#1421=DIRECTION('',(-1.E0,0.E0,0.E0));
#1422=AXIS2_PLACEMENT_3D('',#1419,#1420,#1421);
#1424=DIRECTION('',(2.387971813197E-10,1.E0,-2.061048075995E-9));
#1425=VECTOR('',#1424,1.159999999723E1);
#1426=CARTESIAN_POINT('',(1.711999999723E1,-2.799999997230E0,
-1.419999976092E0));
#1427=LINE('',#1426,#1425);
#1428=DIRECTION('',(7.071067811865E-1,7.071067811865E-1,6.386567710616E-8));
#1429=VECTOR('',#1428,4.242640642722E-1);
#1430=CARTESIAN_POINT('',(1.582000000591E1,-3.099999994091E0,
-1.420000051004E0));
#1431=LINE('',#1430,#1429);
#1432=DIRECTION('',(-7.071067811865E-1,7.071067811866E-1,-6.386567815289E-8));
#1433=VECTOR('',#1432,4.242640642722E-1);
#1434=CARTESIAN_POINT('',(1.741999999409E1,-3.099999994091E0,
-1.419999948996E0));
#1435=LINE('',#1434,#1433);
#1436=CARTESIAN_POINT('',(1.662E1,-2.8E0,-1.42E0));
#1437=DIRECTION('',(0.E0,1.E0,0.E0));
#1438=DIRECTION('',(1.E0,0.E0,0.E0));
#1439=AXIS2_PLACEMENT_3D('',#1436,#1437,#1438);
#1441=DIRECTION('',(-2.387971813197E-10,1.E0,2.061048075995E-9));
#1442=VECTOR('',#1441,1.159999999723E1);
#1443=CARTESIAN_POINT('',(1.612000000277E1,-2.799999997230E0,
-1.420000023908E0));
#1444=LINE('',#1443,#1442);
#1445=CARTESIAN_POINT('',(1.848038449398E1,5.6E0,-3.E0));
#1446=DIRECTION('',(1.736481776669E-1,0.E0,-9.848077530122E-1));
#1447=DIRECTION('',(-5.684341886081E-14,1.E0,0.E0));
#1448=AXIS2_PLACEMENT_3D('',#1445,#1446,#1447);
#1450=CARTESIAN_POINT('',(1.848038449398E1,5.6E0,-3.E0));
#1451=DIRECTION('',(0.E0,1.E0,0.E0));
#1452=DIRECTION('',(9.848077530122E-1,0.E0,1.736481776669E-1));
#1453=AXIS2_PLACEMENT_3D('',#1450,#1451,#1452);
#1455=DIRECTION('',(-2.457198888806E-11,1.E0,1.393573256792E-10));
#1456=VECTOR('',#1455,2.5E0);
#1457=CARTESIAN_POINT('',(2.045E1,3.1E0,-2.652703644666E0));
#1458=LINE('',#1457,#1456);
#1459=DIRECTION('',(-1.E0,0.E0,0.E0));
#1460=VECTOR('',#1459,3.696076898721E1);
#1461=CARTESIAN_POINT('',(1.848038449359E1,5.6E0,-5.E0));
#1462=LINE('',#1461,#1460);
#1463=DIRECTION('',(-1.540712446513E-10,1.E0,0.E0));
#1464=VECTOR('',#1463,2.5E0);
#1465=CARTESIAN_POINT('',(1.848038449398E1,3.1E0,-5.E0));
#1466=LINE('',#1465,#1464);
#1467=DIRECTION('',(1.736481776669E-1,0.E0,-9.848077530122E-1));
#1468=VECTOR('',#1467,6.011325541756E0);
#1469=CARTESIAN_POINT('',(1.940614427425E1,5.6E0,3.267296355084E0));
#1470=LINE('',#1469,#1468);
#1471=DIRECTION('',(1.764988155628E-11,1.E0,-1.001005500711E-10));
#1472=VECTOR('',#1471,2.5E0);
#1473=CARTESIAN_POINT('',(1.940614427421E1,3.1E0,3.267296355334E0));
#1474=LINE('',#1473,#1472);
#1475=CARTESIAN_POINT('',(1.743652876818E1,5.6E0,2.92E0));
#1476=DIRECTION('',(0.E0,1.E0,0.E0));
#1477=DIRECTION('',(0.E0,0.E0,1.E0));
#1478=AXIS2_PLACEMENT_3D('',#1475,#1476,#1477);
#1480=DIRECTION('',(-9.799236977415E-11,1.E0,0.E0));
#1481=VECTOR('',#1480,2.5E0);
#1482=CARTESIAN_POINT('',(1.743652876818E1,3.1E0,4.92E0));
#1483=LINE('',#1482,#1481);
#1484=CARTESIAN_POINT('',(1.743652876818E1,5.6E0,2.92E0));
#1485=DIRECTION('',(1.E0,0.E0,0.E0));
#1486=DIRECTION('',(0.E0,1.E0,0.E0));
#1487=AXIS2_PLACEMENT_3D('',#1484,#1485,#1486);
#1489=DIRECTION('',(1.E0,0.E0,0.E0));
#1490=VECTOR('',#1489,3.487305753586E1);
#1491=CARTESIAN_POINT('',(-1.743652876793E1,5.6E0,4.92E0));
#1492=LINE('',#1491,#1490);
#1493=DIRECTION('',(1.016445594360E-10,1.E0,0.E0));
#1494=VECTOR('',#1493,2.5E0);
#1495=CARTESIAN_POINT('',(-1.743652876818E1,3.1E0,4.92E0));
#1496=LINE('',#1495,#1494);
#1497=CARTESIAN_POINT('',(-1.743652876818E1,5.6E0,2.92E0));
#1498=DIRECTION('',(0.E0,1.E0,0.E0));
#1499=DIRECTION('',(-9.848077530122E-1,0.E0,1.736481776669E-1));
#1500=AXIS2_PLACEMENT_3D('',#1497,#1498,#1499);
#1502=DIRECTION('',(-1.701607743598E-11,1.E0,-9.650289456431E-11));
#1503=VECTOR('',#1502,2.5E0);
#1504=CARTESIAN_POINT('',(-1.940614427421E1,3.1E0,3.267296355334E0));
#1505=LINE('',#1504,#1503);
#1506=CARTESIAN_POINT('',(-1.743652876818E1,5.6E0,2.92E0));
#1507=DIRECTION('',(1.736481776669E-1,0.E0,9.848077530122E-1));
#1508=DIRECTION('',(0.E0,1.E0,0.E0));
#1509=AXIS2_PLACEMENT_3D('',#1506,#1507,#1508);
#1511=DIRECTION('',(1.736481776669E-1,0.E0,9.848077530122E-1));
#1512=VECTOR('',#1511,6.011325541733E0);
#1513=CARTESIAN_POINT('',(-2.044999999993E1,5.6E0,-2.652703644287E0));
#1514=LINE('',#1513,#1512);
#1515=DIRECTION('',(2.675477617231E-11,1.E0,1.517335590506E-10));
#1516=VECTOR('',#1515,2.5E0);
#1517=CARTESIAN_POINT('',(-2.045E1,3.1E0,-2.652703644666E0));
#1518=LINE('',#1517,#1516);
#1519=DIRECTION('',(-1.E0,0.E0,0.E0));
#1520=VECTOR('',#1519,3.444739981060E1);
#1521=CARTESIAN_POINT('',(1.722369990530E1,3.1E0,-3.51E0));
#1522=LINE('',#1521,#1520);
#1523=DIRECTION('',(0.E0,1.E0,0.E0));
#1524=VECTOR('',#1523,6.2E0);
#1525=CARTESIAN_POINT('',(1.722369990530E1,-3.1E0,-3.51E0));
#1526=LINE('',#1525,#1524);
#1527=CARTESIAN_POINT('',(1.722369990530E1,3.1E0,-1.95E0));
#1528=DIRECTION('',(0.E0,1.E0,0.E0));
#1529=DIRECTION('',(9.848077530122E-1,0.E0,1.736481776669E-1));
#1530=AXIS2_PLACEMENT_3D('',#1527,#1528,#1529);
#1532=DIRECTION('',(0.E0,1.E0,0.E0));
#1533=VECTOR('',#1532,6.2E0);
#1534=CARTESIAN_POINT('',(1.876E1,-3.1E0,-1.679108842840E0));
#1535=LINE('',#1534,#1533);
#1536=DIRECTION('',(1.736481776669E-1,0.E0,-9.848077530122E-1));
#1537=VECTOR('',#1536,3.960163786354E0);
#1538=CARTESIAN_POINT('',(1.807232477524E1,3.1E0,2.220891157160E0));
#1539=LINE('',#1538,#1537);
#1540=DIRECTION('',(0.E0,1.E0,0.E0));
#1541=VECTOR('',#1540,6.2E0);
#1542=CARTESIAN_POINT('',(1.807232477524E1,-3.1E0,2.220891157160E0));
#1543=LINE('',#1542,#1541);
#1544=CARTESIAN_POINT('',(1.653602468054E1,3.1E0,1.95E0));
#1545=DIRECTION('',(0.E0,1.E0,0.E0));
#1546=DIRECTION('',(0.E0,0.E0,1.E0));
#1547=AXIS2_PLACEMENT_3D('',#1544,#1545,#1546);
#1549=DIRECTION('',(0.E0,1.E0,0.E0));
#1550=VECTOR('',#1549,6.2E0);
#1551=CARTESIAN_POINT('',(1.653602468054E1,-3.1E0,3.51E0));
#1552=LINE('',#1551,#1550);
#1553=DIRECTION('',(1.E0,0.E0,0.E0));
#1554=VECTOR('',#1553,3.307204936108E1);
#1555=CARTESIAN_POINT('',(-1.653602468054E1,3.1E0,3.51E0));
#1556=LINE('',#1555,#1554);
#1557=DIRECTION('',(0.E0,1.E0,0.E0));
#1558=VECTOR('',#1557,6.2E0);
#1559=CARTESIAN_POINT('',(-1.653602468054E1,-3.1E0,3.51E0));
#1560=LINE('',#1559,#1558);
#1561=CARTESIAN_POINT('',(-1.653602468054E1,3.1E0,1.95E0));
#1562=DIRECTION('',(0.E0,1.E0,0.E0));
#1563=DIRECTION('',(-9.848077530122E-1,0.E0,1.736481776669E-1));
#1564=AXIS2_PLACEMENT_3D('',#1561,#1562,#1563);
#1566=DIRECTION('',(0.E0,1.E0,0.E0));
#1567=VECTOR('',#1566,6.2E0);
#1568=CARTESIAN_POINT('',(-1.807232477524E1,-3.1E0,2.220891157160E0));
#1569=LINE('',#1568,#1567);
#1570=DIRECTION('',(1.736481776669E-1,0.E0,9.848077530122E-1));
#1571=VECTOR('',#1570,3.960163786354E0);
#1572=CARTESIAN_POINT('',(-1.876E1,3.1E0,-1.679108842840E0));
#1573=LINE('',#1572,#1571);
#1574=DIRECTION('',(0.E0,1.E0,0.E0));
#1575=VECTOR('',#1574,6.2E0);
#1576=CARTESIAN_POINT('',(-1.876E1,-3.1E0,-1.679108842840E0));
#1577=LINE('',#1576,#1575);
#1578=CARTESIAN_POINT('',(-1.722369990530E1,-3.1E0,-3.51E0));
#1579=CARTESIAN_POINT('',(-1.876E1,-3.1E0,-1.679108842840E0));
#1580=VERTEX_POINT('',#1578);
#1581=VERTEX_POINT('',#1579);
#1582=CARTESIAN_POINT('',(-1.807232477524E1,-3.1E0,2.220891157160E0));
#1583=VERTEX_POINT('',#1582);
#1584=CARTESIAN_POINT('',(-1.653602468054E1,-3.1E0,3.51E0));
#1585=VERTEX_POINT('',#1584);
#1586=CARTESIAN_POINT('',(1.653602468054E1,-3.1E0,3.51E0));
#1587=VERTEX_POINT('',#1586);
#1588=CARTESIAN_POINT('',(1.807232477524E1,-3.1E0,2.220891157160E0));
#1589=VERTEX_POINT('',#1588);
#1590=CARTESIAN_POINT('',(1.876E1,-3.1E0,-1.679108842840E0));
#1591=VERTEX_POINT('',#1590);
#1592=CARTESIAN_POINT('',(1.722369990530E1,-3.1E0,-3.51E0));
#1593=VERTEX_POINT('',#1592);
#1594=CARTESIAN_POINT('',(-1.848038449398E1,3.1E0,-5.E0));
#1595=CARTESIAN_POINT('',(-2.045E1,3.1E0,-2.652703644666E0));
#1596=VERTEX_POINT('',#1594);
#1597=VERTEX_POINT('',#1595);
#1598=CARTESIAN_POINT('',(-1.940614427421E1,3.1E0,3.267296355334E0));
#1599=VERTEX_POINT('',#1598);
#1600=CARTESIAN_POINT('',(-1.743652876818E1,3.1E0,4.92E0));
#1601=VERTEX_POINT('',#1600);
#1602=CARTESIAN_POINT('',(1.743652876818E1,3.1E0,4.92E0));
#1603=VERTEX_POINT('',#1602);
#1604=CARTESIAN_POINT('',(1.940614427421E1,3.1E0,3.267296355334E0));
#1605=VERTEX_POINT('',#1604);
#1606=CARTESIAN_POINT('',(2.045E1,3.1E0,-2.652703644666E0));
#1607=VERTEX_POINT('',#1606);
#1608=CARTESIAN_POINT('',(1.848038449398E1,3.1E0,-5.E0));
#1609=VERTEX_POINT('',#1608);
#1610=CARTESIAN_POINT('',(-1.722369990530E1,3.1E0,-3.51E0));
#1611=CARTESIAN_POINT('',(-1.876E1,3.1E0,-1.679108842840E0));
#1612=VERTEX_POINT('',#1610);
#1613=VERTEX_POINT('',#1611);
#1614=CARTESIAN_POINT('',(-1.807232477524E1,3.1E0,2.220891157160E0));
#1615=VERTEX_POINT('',#1614);
#1616=CARTESIAN_POINT('',(-1.653602468054E1,3.1E0,3.51E0));
#1617=VERTEX_POINT('',#1616);
#1618=CARTESIAN_POINT('',(1.653602468054E1,3.1E0,3.51E0));
#1619=VERTEX_POINT('',#1618);
#1620=CARTESIAN_POINT('',(1.807232477524E1,3.1E0,2.220891157160E0));
#1621=VERTEX_POINT('',#1620);
#1622=CARTESIAN_POINT('',(1.876E1,3.1E0,-1.679108842840E0));
#1623=VERTEX_POINT('',#1622);
#1624=CARTESIAN_POINT('',(1.722369990530E1,3.1E0,-3.51E0));
#1625=VERTEX_POINT('',#1624);
#1626=CARTESIAN_POINT('',(-1.848038449398E1,5.6E0,-5.E0));
#1627=CARTESIAN_POINT('',(-2.045E1,5.6E0,-2.652703644666E0));
#1628=VERTEX_POINT('',#1626);
#1629=VERTEX_POINT('',#1627);
#1630=CARTESIAN_POINT('',(-1.940614427425E1,5.6E0,3.267296355093E0));
#1631=VERTEX_POINT('',#1630);
#1632=CARTESIAN_POINT('',(-1.743652876818E1,5.6E0,4.92E0));
#1633=VERTEX_POINT('',#1632);
#1634=CARTESIAN_POINT('',(1.743652876794E1,5.6E0,4.92E0));
#1635=VERTEX_POINT('',#1634);
#1636=CARTESIAN_POINT('',(1.940614427421E1,5.6E0,3.267296355334E0));
#1637=VERTEX_POINT('',#1636);
#1638=CARTESIAN_POINT('',(2.044999999994E1,5.6E0,-2.652703644318E0));
#1639=VERTEX_POINT('',#1638);
#1640=CARTESIAN_POINT('',(1.848038449398E1,5.6E0,-5.E0));
#1641=VERTEX_POINT('',#1640);
#1642=CARTESIAN_POINT('',(-1.651102891646E1,7.6E0,3.41E0));
#1643=CARTESIAN_POINT('',(-1.737120331738E1,7.6E0,2.92E0));
#1644=VERTEX_POINT('',#1642);
#1645=VERTEX_POINT('',#1643);
#1646=CARTESIAN_POINT('',(-1.749583666947E1,8.8E0,2.583648177667E0));
#1647=CARTESIAN_POINT('',(-1.749583666947E1,7.6E0,2.583648177667E0));
#1648=VERTEX_POINT('',#1646);
#1649=VERTEX_POINT('',#1647);
#1650=CARTESIAN_POINT('',(-1.651102891646E1,8.8E0,3.41E0));
#1651=VERTEX_POINT('',#1650);
#1652=CARTESIAN_POINT('',(-1.743652876818E1,7.6E0,2.92E0));
#1653=VERTEX_POINT('',#1652);
#1654=VERTEX_POINT('',#398);
#1655=VERTEX_POINT('',#408);
#1656=CARTESIAN_POINT('',(1.651102891646E1,8.8E0,3.41E0));
#1657=VERTEX_POINT('',#1656);
#1658=CARTESIAN_POINT('',(1.749583666947E1,8.8E0,2.583648177667E0));
#1659=VERTEX_POINT('',#1658);
#1660=CARTESIAN_POINT('',(1.749583666947E1,7.6E0,2.583648177667E0));
#1661=VERTEX_POINT('',#1660);
#1662=VERTEX_POINT('',#446);
#1663=VERTEX_POINT('',#451);
#1664=CARTESIAN_POINT('',(1.734152899559E1,7.6E0,-3.3E0));
#1665=CARTESIAN_POINT('',(1.805567183845E1,7.6E0,-3.E0));
#1666=VERTEX_POINT('',#1664);
#1667=VERTEX_POINT('',#1665);
#1668=CARTESIAN_POINT('',(1.832633674861E1,8.8E0,-2.126351822333E0));
#1669=CARTESIAN_POINT('',(1.832633674861E1,7.6E0,-2.126351822333E0));
#1670=VERTEX_POINT('',#1668);
#1671=VERTEX_POINT('',#1669);
#1672=CARTESIAN_POINT('',(1.734152899559E1,8.8E0,-3.3E0));
#1673=VERTEX_POINT('',#1672);
#1674=CARTESIAN_POINT('',(1.848038449398E1,7.6E0,-3.E0));
#1675=VERTEX_POINT('',#1674);
#1676=CARTESIAN_POINT('',(-1.805567183845E1,7.6E0,-3.E0));
#1677=CARTESIAN_POINT('',(-1.734152899559E1,7.6E0,-3.3E0));
#1678=VERTEX_POINT('',#1676);
#1679=VERTEX_POINT('',#1677);
#1680=CARTESIAN_POINT('',(-1.734152899559E1,8.8E0,-3.3E0));
#1681=VERTEX_POINT('',#1680);
#1682=CARTESIAN_POINT('',(-1.832633674861E1,8.8E0,-2.126351822333E0));
#1683=VERTEX_POINT('',#1682);
#1684=CARTESIAN_POINT('',(-1.832633674861E1,7.6E0,-2.126351822333E0));
#1685=VERTEX_POINT('',#1684);
#1686=CARTESIAN_POINT('',(-1.848038449398E1,7.6E0,-3.E0));
#1687=VERTEX_POINT('',#1686);
#1688=CARTESIAN_POINT('',(-1.473E1,8.8E0,1.42E0));
#1689=CARTESIAN_POINT('',(-1.573E1,8.8E0,1.42E0));
#1690=VERTEX_POINT('',#1688);
#1691=VERTEX_POINT('',#1689);
#1692=CARTESIAN_POINT('',(-1.196E1,8.8E0,1.42E0));
#1693=CARTESIAN_POINT('',(-1.296E1,8.8E0,1.42E0));
#1694=VERTEX_POINT('',#1692);
#1695=VERTEX_POINT('',#1693);
#1696=CARTESIAN_POINT('',(-9.19E0,8.8E0,1.42E0));
#1697=CARTESIAN_POINT('',(-1.019E1,8.8E0,1.42E0));
#1698=VERTEX_POINT('',#1696);
#1699=VERTEX_POINT('',#1697);
#1700=CARTESIAN_POINT('',(-6.42E0,8.8E0,1.42E0));
#1701=CARTESIAN_POINT('',(-7.42E0,8.8E0,1.42E0));
#1702=VERTEX_POINT('',#1700);
#1703=VERTEX_POINT('',#1701);
#1704=CARTESIAN_POINT('',(-3.65E0,8.8E0,1.42E0));
#1705=CARTESIAN_POINT('',(-4.65E0,8.8E0,1.42E0));
#1706=VERTEX_POINT('',#1704);
#1707=VERTEX_POINT('',#1705);
#1708=CARTESIAN_POINT('',(-8.8E-1,8.8E0,1.42E0));
#1709=CARTESIAN_POINT('',(-1.88E0,8.8E0,1.42E0));
#1710=VERTEX_POINT('',#1708);
#1711=VERTEX_POINT('',#1709);
#1712=CARTESIAN_POINT('',(1.89E0,8.8E0,1.42E0));
#1713=CARTESIAN_POINT('',(8.9E-1,8.8E0,1.42E0));
#1714=VERTEX_POINT('',#1712);
#1715=VERTEX_POINT('',#1713);
#1716=CARTESIAN_POINT('',(4.66E0,8.8E0,1.42E0));
#1717=CARTESIAN_POINT('',(3.66E0,8.8E0,1.42E0));
#1718=VERTEX_POINT('',#1716);
#1719=VERTEX_POINT('',#1717);
#1720=CARTESIAN_POINT('',(7.43E0,8.8E0,1.42E0));
#1721=CARTESIAN_POINT('',(6.43E0,8.8E0,1.42E0));
#1722=VERTEX_POINT('',#1720);
#1723=VERTEX_POINT('',#1721);
#1724=CARTESIAN_POINT('',(1.02E1,8.8E0,1.42E0));
#1725=CARTESIAN_POINT('',(9.2E0,8.8E0,1.42E0));
#1726=VERTEX_POINT('',#1724);
#1727=VERTEX_POINT('',#1725);
#1728=CARTESIAN_POINT('',(1.297E1,8.8E0,1.42E0));
#1729=CARTESIAN_POINT('',(1.197E1,8.8E0,1.42E0));
#1730=VERTEX_POINT('',#1728);
#1731=VERTEX_POINT('',#1729);
#1732=CARTESIAN_POINT('',(1.574E1,8.8E0,1.42E0));
#1733=CARTESIAN_POINT('',(1.474E1,8.8E0,1.42E0));
#1734=VERTEX_POINT('',#1732);
#1735=VERTEX_POINT('',#1733);
#1736=CARTESIAN_POINT('',(-1.603E1,-3.1E0,1.42E0));
#1737=CARTESIAN_POINT('',(-1.443E1,-3.1E0,1.42E0));
#1738=VERTEX_POINT('',#1736);
#1739=VERTEX_POINT('',#1737);
#1740=CARTESIAN_POINT('',(-1.573E1,-2.8E0,1.42E0));
#1741=CARTESIAN_POINT('',(-1.473E1,-2.8E0,1.42E0));
#1742=VERTEX_POINT('',#1740);
#1743=VERTEX_POINT('',#1741);
#1744=CARTESIAN_POINT('',(-1.326E1,-3.1E0,1.42E0));
#1745=CARTESIAN_POINT('',(-1.166E1,-3.1E0,1.42E0));
#1746=VERTEX_POINT('',#1744);
#1747=VERTEX_POINT('',#1745);
#1748=CARTESIAN_POINT('',(-1.296E1,-2.8E0,1.42E0));
#1749=CARTESIAN_POINT('',(-1.196E1,-2.8E0,1.42E0));
#1750=VERTEX_POINT('',#1748);
#1751=VERTEX_POINT('',#1749);
#1752=CARTESIAN_POINT('',(-1.049E1,-3.1E0,1.42E0));
#1753=CARTESIAN_POINT('',(-8.89E0,-3.1E0,1.42E0));
#1754=VERTEX_POINT('',#1752);
#1755=VERTEX_POINT('',#1753);
#1756=CARTESIAN_POINT('',(-1.019E1,-2.8E0,1.42E0));
#1757=CARTESIAN_POINT('',(-9.19E0,-2.8E0,1.42E0));
#1758=VERTEX_POINT('',#1756);
#1759=VERTEX_POINT('',#1757);
#1760=CARTESIAN_POINT('',(-7.72E0,-3.1E0,1.42E0));
#1761=CARTESIAN_POINT('',(-6.12E0,-3.1E0,1.42E0));
#1762=VERTEX_POINT('',#1760);
#1763=VERTEX_POINT('',#1761);
#1764=CARTESIAN_POINT('',(-7.42E0,-2.8E0,1.42E0));
#1765=CARTESIAN_POINT('',(-6.42E0,-2.8E0,1.42E0));
#1766=VERTEX_POINT('',#1764);
#1767=VERTEX_POINT('',#1765);
#1768=CARTESIAN_POINT('',(-4.95E0,-3.1E0,1.42E0));
#1769=CARTESIAN_POINT('',(-3.35E0,-3.1E0,1.42E0));
#1770=VERTEX_POINT('',#1768);
#1771=VERTEX_POINT('',#1769);
#1772=CARTESIAN_POINT('',(-4.65E0,-2.8E0,1.42E0));
#1773=CARTESIAN_POINT('',(-3.65E0,-2.8E0,1.42E0));
#1774=VERTEX_POINT('',#1772);
#1775=VERTEX_POINT('',#1773);
#1776=CARTESIAN_POINT('',(-2.18E0,-3.1E0,1.42E0));
#1777=CARTESIAN_POINT('',(-5.8E-1,-3.1E0,1.42E0));
#1778=VERTEX_POINT('',#1776);
#1779=VERTEX_POINT('',#1777);
#1780=CARTESIAN_POINT('',(-1.88E0,-2.8E0,1.42E0));
#1781=CARTESIAN_POINT('',(-8.8E-1,-2.8E0,1.42E0));
#1782=VERTEX_POINT('',#1780);
#1783=VERTEX_POINT('',#1781);
#1784=CARTESIAN_POINT('',(5.9E-1,-3.1E0,1.42E0));
#1785=CARTESIAN_POINT('',(2.19E0,-3.1E0,1.42E0));
#1786=VERTEX_POINT('',#1784);
#1787=VERTEX_POINT('',#1785);
#1788=CARTESIAN_POINT('',(8.9E-1,-2.8E0,1.42E0));
#1789=CARTESIAN_POINT('',(1.89E0,-2.8E0,1.42E0));
#1790=VERTEX_POINT('',#1788);
#1791=VERTEX_POINT('',#1789);
#1792=CARTESIAN_POINT('',(3.36E0,-3.1E0,1.42E0));
#1793=CARTESIAN_POINT('',(4.96E0,-3.1E0,1.42E0));
#1794=VERTEX_POINT('',#1792);
#1795=VERTEX_POINT('',#1793);
#1796=CARTESIAN_POINT('',(3.66E0,-2.8E0,1.42E0));
#1797=CARTESIAN_POINT('',(4.66E0,-2.8E0,1.42E0));
#1798=VERTEX_POINT('',#1796);
#1799=VERTEX_POINT('',#1797);
#1800=CARTESIAN_POINT('',(6.13E0,-3.1E0,1.42E0));
#1801=CARTESIAN_POINT('',(7.73E0,-3.1E0,1.42E0));
#1802=VERTEX_POINT('',#1800);
#1803=VERTEX_POINT('',#1801);
#1804=CARTESIAN_POINT('',(6.43E0,-2.8E0,1.42E0));
#1805=CARTESIAN_POINT('',(7.43E0,-2.8E0,1.42E0));
#1806=VERTEX_POINT('',#1804);
#1807=VERTEX_POINT('',#1805);
#1808=CARTESIAN_POINT('',(8.9E0,-3.1E0,1.42E0));
#1809=CARTESIAN_POINT('',(1.05E1,-3.1E0,1.42E0));
#1810=VERTEX_POINT('',#1808);
#1811=VERTEX_POINT('',#1809);
#1812=CARTESIAN_POINT('',(9.2E0,-2.8E0,1.42E0));
#1813=CARTESIAN_POINT('',(1.02E1,-2.8E0,1.42E0));
#1814=VERTEX_POINT('',#1812);
#1815=VERTEX_POINT('',#1813);
#1816=CARTESIAN_POINT('',(1.167E1,-3.1E0,1.42E0));
#1817=CARTESIAN_POINT('',(1.327E1,-3.1E0,1.42E0));
#1818=VERTEX_POINT('',#1816);
#1819=VERTEX_POINT('',#1817);
#1820=CARTESIAN_POINT('',(1.197E1,-2.8E0,1.42E0));
#1821=CARTESIAN_POINT('',(1.297E1,-2.8E0,1.42E0));
#1822=VERTEX_POINT('',#1820);
#1823=VERTEX_POINT('',#1821);
#1824=CARTESIAN_POINT('',(1.444E1,-3.1E0,1.42E0));
#1825=CARTESIAN_POINT('',(1.604E1,-3.1E0,1.42E0));
#1826=VERTEX_POINT('',#1824);
#1827=VERTEX_POINT('',#1825);
#1828=CARTESIAN_POINT('',(1.474E1,-2.8E0,1.42E0));
#1829=CARTESIAN_POINT('',(1.574E1,-2.8E0,1.42E0));
#1830=VERTEX_POINT('',#1828);
#1831=VERTEX_POINT('',#1829);
#1832=CARTESIAN_POINT('',(-1.612E1,8.8E0,-1.42E0));
#1833=CARTESIAN_POINT('',(-1.712E1,8.8E0,-1.42E0));
#1834=VERTEX_POINT('',#1832);
#1835=VERTEX_POINT('',#1833);
#1836=CARTESIAN_POINT('',(-1.335E1,8.8E0,-1.42E0));
#1837=CARTESIAN_POINT('',(-1.435E1,8.8E0,-1.42E0));
#1838=VERTEX_POINT('',#1836);
#1839=VERTEX_POINT('',#1837);
#1840=CARTESIAN_POINT('',(-1.058E1,8.8E0,-1.42E0));
#1841=CARTESIAN_POINT('',(-1.158E1,8.8E0,-1.42E0));
#1842=VERTEX_POINT('',#1840);
#1843=VERTEX_POINT('',#1841);
#1844=CARTESIAN_POINT('',(-7.81E0,8.8E0,-1.42E0));
#1845=CARTESIAN_POINT('',(-8.81E0,8.8E0,-1.42E0));
#1846=VERTEX_POINT('',#1844);
#1847=VERTEX_POINT('',#1845);
#1848=CARTESIAN_POINT('',(-5.04E0,8.8E0,-1.42E0));
#1849=CARTESIAN_POINT('',(-6.04E0,8.8E0,-1.42E0));
#1850=VERTEX_POINT('',#1848);
#1851=VERTEX_POINT('',#1849);
#1852=CARTESIAN_POINT('',(-2.27E0,8.8E0,-1.42E0));
#1853=CARTESIAN_POINT('',(-3.27E0,8.8E0,-1.42E0));
#1854=VERTEX_POINT('',#1852);
#1855=VERTEX_POINT('',#1853);
#1856=CARTESIAN_POINT('',(5.E-1,8.8E0,-1.42E0));
#1857=CARTESIAN_POINT('',(-5.E-1,8.8E0,-1.42E0));
#1858=VERTEX_POINT('',#1856);
#1859=VERTEX_POINT('',#1857);
#1860=CARTESIAN_POINT('',(3.27E0,8.8E0,-1.42E0));
#1861=CARTESIAN_POINT('',(2.27E0,8.8E0,-1.42E0));
#1862=VERTEX_POINT('',#1860);
#1863=VERTEX_POINT('',#1861);
#1864=CARTESIAN_POINT('',(6.04E0,8.8E0,-1.42E0));
#1865=CARTESIAN_POINT('',(5.04E0,8.8E0,-1.42E0));
#1866=VERTEX_POINT('',#1864);
#1867=VERTEX_POINT('',#1865);
#1868=CARTESIAN_POINT('',(8.81E0,8.8E0,-1.42E0));
#1869=CARTESIAN_POINT('',(7.81E0,8.8E0,-1.42E0));
#1870=VERTEX_POINT('',#1868);
#1871=VERTEX_POINT('',#1869);
#1872=CARTESIAN_POINT('',(1.158E1,8.8E0,-1.42E0));
#1873=CARTESIAN_POINT('',(1.058E1,8.8E0,-1.42E0));
#1874=VERTEX_POINT('',#1872);
#1875=VERTEX_POINT('',#1873);
#1876=CARTESIAN_POINT('',(1.435E1,8.8E0,-1.42E0));
#1877=CARTESIAN_POINT('',(1.335E1,8.8E0,-1.42E0));
#1878=VERTEX_POINT('',#1876);
#1879=VERTEX_POINT('',#1877);
#1880=CARTESIAN_POINT('',(1.712E1,8.8E0,-1.42E0));
#1881=CARTESIAN_POINT('',(1.612E1,8.8E0,-1.42E0));
#1882=VERTEX_POINT('',#1880);
#1883=VERTEX_POINT('',#1881);
#1884=CARTESIAN_POINT('',(-1.742E1,-3.1E0,-1.42E0));
#1885=CARTESIAN_POINT('',(-1.582E1,-3.1E0,-1.42E0));
#1886=VERTEX_POINT('',#1884);
#1887=VERTEX_POINT('',#1885);
#1888=CARTESIAN_POINT('',(-1.712E1,-2.8E0,-1.42E0));
#1889=CARTESIAN_POINT('',(-1.612E1,-2.8E0,-1.42E0));
#1890=VERTEX_POINT('',#1888);
#1891=VERTEX_POINT('',#1889);
#1892=CARTESIAN_POINT('',(-1.465E1,-3.1E0,-1.42E0));
#1893=CARTESIAN_POINT('',(-1.305E1,-3.1E0,-1.42E0));
#1894=VERTEX_POINT('',#1892);
#1895=VERTEX_POINT('',#1893);
#1896=CARTESIAN_POINT('',(-1.435E1,-2.8E0,-1.42E0));
#1897=CARTESIAN_POINT('',(-1.335E1,-2.8E0,-1.42E0));
#1898=VERTEX_POINT('',#1896);
#1899=VERTEX_POINT('',#1897);
#1900=CARTESIAN_POINT('',(-1.188E1,-3.1E0,-1.42E0));
#1901=CARTESIAN_POINT('',(-1.028E1,-3.1E0,-1.42E0));
#1902=VERTEX_POINT('',#1900);
#1903=VERTEX_POINT('',#1901);
#1904=CARTESIAN_POINT('',(-1.158E1,-2.8E0,-1.42E0));
#1905=CARTESIAN_POINT('',(-1.058E1,-2.8E0,-1.42E0));
#1906=VERTEX_POINT('',#1904);
#1907=VERTEX_POINT('',#1905);
#1908=CARTESIAN_POINT('',(-9.11E0,-3.1E0,-1.42E0));
#1909=CARTESIAN_POINT('',(-7.51E0,-3.1E0,-1.42E0));
#1910=VERTEX_POINT('',#1908);
#1911=VERTEX_POINT('',#1909);
#1912=CARTESIAN_POINT('',(-8.81E0,-2.8E0,-1.42E0));
#1913=CARTESIAN_POINT('',(-7.81E0,-2.8E0,-1.42E0));
#1914=VERTEX_POINT('',#1912);
#1915=VERTEX_POINT('',#1913);
#1916=CARTESIAN_POINT('',(-6.34E0,-3.1E0,-1.42E0));
#1917=CARTESIAN_POINT('',(-4.74E0,-3.1E0,-1.42E0));
#1918=VERTEX_POINT('',#1916);
#1919=VERTEX_POINT('',#1917);
#1920=CARTESIAN_POINT('',(-6.04E0,-2.8E0,-1.42E0));
#1921=CARTESIAN_POINT('',(-5.04E0,-2.8E0,-1.42E0));
#1922=VERTEX_POINT('',#1920);
#1923=VERTEX_POINT('',#1921);
#1924=CARTESIAN_POINT('',(-3.57E0,-3.1E0,-1.42E0));
#1925=CARTESIAN_POINT('',(-1.97E0,-3.1E0,-1.42E0));
#1926=VERTEX_POINT('',#1924);
#1927=VERTEX_POINT('',#1925);
#1928=CARTESIAN_POINT('',(-3.27E0,-2.8E0,-1.42E0));
#1929=CARTESIAN_POINT('',(-2.27E0,-2.8E0,-1.42E0));
#1930=VERTEX_POINT('',#1928);
#1931=VERTEX_POINT('',#1929);
#1932=CARTESIAN_POINT('',(-8.E-1,-3.1E0,-1.42E0));
#1933=CARTESIAN_POINT('',(8.E-1,-3.1E0,-1.42E0));
#1934=VERTEX_POINT('',#1932);
#1935=VERTEX_POINT('',#1933);
#1936=CARTESIAN_POINT('',(-5.E-1,-2.8E0,-1.42E0));
#1937=CARTESIAN_POINT('',(5.E-1,-2.8E0,-1.42E0));
#1938=VERTEX_POINT('',#1936);
#1939=VERTEX_POINT('',#1937);
#1940=CARTESIAN_POINT('',(1.97E0,-3.1E0,-1.42E0));
#1941=CARTESIAN_POINT('',(3.57E0,-3.1E0,-1.42E0));
#1942=VERTEX_POINT('',#1940);
#1943=VERTEX_POINT('',#1941);
#1944=CARTESIAN_POINT('',(2.27E0,-2.8E0,-1.42E0));
#1945=CARTESIAN_POINT('',(3.27E0,-2.8E0,-1.42E0));
#1946=VERTEX_POINT('',#1944);
#1947=VERTEX_POINT('',#1945);
#1948=CARTESIAN_POINT('',(4.74E0,-3.1E0,-1.42E0));
#1949=CARTESIAN_POINT('',(6.34E0,-3.1E0,-1.42E0));
#1950=VERTEX_POINT('',#1948);
#1951=VERTEX_POINT('',#1949);
#1952=CARTESIAN_POINT('',(5.04E0,-2.8E0,-1.42E0));
#1953=CARTESIAN_POINT('',(6.04E0,-2.8E0,-1.42E0));
#1954=VERTEX_POINT('',#1952);
#1955=VERTEX_POINT('',#1953);
#1956=CARTESIAN_POINT('',(7.51E0,-3.1E0,-1.42E0));
#1957=CARTESIAN_POINT('',(9.11E0,-3.1E0,-1.42E0));
#1958=VERTEX_POINT('',#1956);
#1959=VERTEX_POINT('',#1957);
#1960=CARTESIAN_POINT('',(7.81E0,-2.8E0,-1.42E0));
#1961=CARTESIAN_POINT('',(8.81E0,-2.8E0,-1.42E0));
#1962=VERTEX_POINT('',#1960);
#1963=VERTEX_POINT('',#1961);
#1964=CARTESIAN_POINT('',(1.028E1,-3.1E0,-1.42E0));
#1965=CARTESIAN_POINT('',(1.188E1,-3.1E0,-1.42E0));
#1966=VERTEX_POINT('',#1964);
#1967=VERTEX_POINT('',#1965);
#1968=CARTESIAN_POINT('',(1.058E1,-2.8E0,-1.42E0));
#1969=CARTESIAN_POINT('',(1.158E1,-2.8E0,-1.42E0));
#1970=VERTEX_POINT('',#1968);
#1971=VERTEX_POINT('',#1969);
#1972=CARTESIAN_POINT('',(1.305E1,-3.1E0,-1.42E0));
#1973=CARTESIAN_POINT('',(1.465E1,-3.1E0,-1.42E0));
#1974=VERTEX_POINT('',#1972);
#1975=VERTEX_POINT('',#1973);
#1976=CARTESIAN_POINT('',(1.335E1,-2.8E0,-1.42E0));
#1977=CARTESIAN_POINT('',(1.435E1,-2.8E0,-1.42E0));
#1978=VERTEX_POINT('',#1976);
#1979=VERTEX_POINT('',#1977);
#1980=CARTESIAN_POINT('',(1.582E1,-3.1E0,-1.42E0));
#1981=CARTESIAN_POINT('',(1.742E1,-3.1E0,-1.42E0));
#1982=VERTEX_POINT('',#1980);
#1983=VERTEX_POINT('',#1981);
#1984=CARTESIAN_POINT('',(1.612E1,-2.8E0,-1.42E0));
#1985=CARTESIAN_POINT('',(1.712E1,-2.8E0,-1.42E0));
#1986=VERTEX_POINT('',#1984);
#1987=VERTEX_POINT('',#1985);
#1988=CARTESIAN_POINT('',(0.E0,-3.1E0,0.E0));
#1989=DIRECTION('',(0.E0,1.E0,0.E0));
#1990=DIRECTION('',(1.E0,0.E0,0.E0));
#1991=AXIS2_PLACEMENT_3D('',#1988,#1989,#1990);
#1992=PLANE('',#1991);
#1994=ORIENTED_EDGE('',*,*,#1993,.T.);
#1996=ORIENTED_EDGE('',*,*,#1995,.T.);
#1998=ORIENTED_EDGE('',*,*,#1997,.T.);
#2000=ORIENTED_EDGE('',*,*,#1999,.T.);
#2002=ORIENTED_EDGE('',*,*,#2001,.T.);
#2004=ORIENTED_EDGE('',*,*,#2003,.T.);
#2006=ORIENTED_EDGE('',*,*,#2005,.T.);
#2008=ORIENTED_EDGE('',*,*,#2007,.T.);
#2009=EDGE_LOOP('',(#1994,#1996,#1998,#2000,#2002,#2004,#2006,#2008));
#2010=FACE_OUTER_BOUND('',#2009,.F.);
#2012=ORIENTED_EDGE('',*,*,#2011,.F.);
#2014=ORIENTED_EDGE('',*,*,#2013,.F.);
#2015=EDGE_LOOP('',(#2012,#2014));
#2016=FACE_BOUND('',#2015,.F.);
#2018=ORIENTED_EDGE('',*,*,#2017,.F.);
#2020=ORIENTED_EDGE('',*,*,#2019,.F.);
#2021=EDGE_LOOP('',(#2018,#2020));
#2022=FACE_BOUND('',#2021,.F.);
#2024=ORIENTED_EDGE('',*,*,#2023,.F.);
#2026=ORIENTED_EDGE('',*,*,#2025,.F.);
#2027=EDGE_LOOP('',(#2024,#2026));
#2028=FACE_BOUND('',#2027,.F.);
#2030=ORIENTED_EDGE('',*,*,#2029,.F.);
#2032=ORIENTED_EDGE('',*,*,#2031,.F.);
#2033=EDGE_LOOP('',(#2030,#2032));
#2034=FACE_BOUND('',#2033,.F.);
#2036=ORIENTED_EDGE('',*,*,#2035,.F.);
#2038=ORIENTED_EDGE('',*,*,#2037,.F.);
#2039=EDGE_LOOP('',(#2036,#2038));
#2040=FACE_BOUND('',#2039,.F.);
#2042=ORIENTED_EDGE('',*,*,#2041,.F.);
#2044=ORIENTED_EDGE('',*,*,#2043,.F.);
#2045=EDGE_LOOP('',(#2042,#2044));
#2046=FACE_BOUND('',#2045,.F.);
#2048=ORIENTED_EDGE('',*,*,#2047,.F.);
#2050=ORIENTED_EDGE('',*,*,#2049,.F.);
#2051=EDGE_LOOP('',(#2048,#2050));
#2052=FACE_BOUND('',#2051,.F.);
#2054=ORIENTED_EDGE('',*,*,#2053,.F.);
#2056=ORIENTED_EDGE('',*,*,#2055,.F.);
#2057=EDGE_LOOP('',(#2054,#2056));
#2058=FACE_BOUND('',#2057,.F.);
#2060=ORIENTED_EDGE('',*,*,#2059,.F.);
#2062=ORIENTED_EDGE('',*,*,#2061,.F.);
#2063=EDGE_LOOP('',(#2060,#2062));
#2064=FACE_BOUND('',#2063,.F.);
#2066=ORIENTED_EDGE('',*,*,#2065,.F.);
#2068=ORIENTED_EDGE('',*,*,#2067,.F.);
#2069=EDGE_LOOP('',(#2066,#2068));
#2070=FACE_BOUND('',#2069,.F.);
#2072=ORIENTED_EDGE('',*,*,#2071,.F.);
#2074=ORIENTED_EDGE('',*,*,#2073,.F.);
#2075=EDGE_LOOP('',(#2072,#2074));
#2076=FACE_BOUND('',#2075,.F.);
#2078=ORIENTED_EDGE('',*,*,#2077,.F.);
#2080=ORIENTED_EDGE('',*,*,#2079,.F.);
#2081=EDGE_LOOP('',(#2078,#2080));
#2082=FACE_BOUND('',#2081,.F.);
#2084=ORIENTED_EDGE('',*,*,#2083,.F.);
#2086=ORIENTED_EDGE('',*,*,#2085,.F.);
#2087=EDGE_LOOP('',(#2084,#2086));
#2088=FACE_BOUND('',#2087,.F.);
#2090=ORIENTED_EDGE('',*,*,#2089,.F.);
#2092=ORIENTED_EDGE('',*,*,#2091,.F.);
#2093=EDGE_LOOP('',(#2090,#2092));
#2094=FACE_BOUND('',#2093,.F.);
#2096=ORIENTED_EDGE('',*,*,#2095,.F.);
#2098=ORIENTED_EDGE('',*,*,#2097,.F.);
#2099=EDGE_LOOP('',(#2096,#2098));
#2100=FACE_BOUND('',#2099,.F.);
#2102=ORIENTED_EDGE('',*,*,#2101,.F.);
#2104=ORIENTED_EDGE('',*,*,#2103,.F.);
#2105=EDGE_LOOP('',(#2102,#2104));
#2106=FACE_BOUND('',#2105,.F.);
#2108=ORIENTED_EDGE('',*,*,#2107,.F.);
#2110=ORIENTED_EDGE('',*,*,#2109,.F.);
#2111=EDGE_LOOP('',(#2108,#2110));
#2112=FACE_BOUND('',#2111,.F.);
#2114=ORIENTED_EDGE('',*,*,#2113,.F.);
#2116=ORIENTED_EDGE('',*,*,#2115,.F.);
#2117=EDGE_LOOP('',(#2114,#2116));
#2118=FACE_BOUND('',#2117,.F.);
#2120=ORIENTED_EDGE('',*,*,#2119,.F.);
#2122=ORIENTED_EDGE('',*,*,#2121,.F.);
#2123=EDGE_LOOP('',(#2120,#2122));
#2124=FACE_BOUND('',#2123,.F.);
#2126=ORIENTED_EDGE('',*,*,#2125,.F.);
#2128=ORIENTED_EDGE('',*,*,#2127,.F.);
#2129=EDGE_LOOP('',(#2126,#2128));
#2130=FACE_BOUND('',#2129,.F.);
#2132=ORIENTED_EDGE('',*,*,#2131,.F.);
#2134=ORIENTED_EDGE('',*,*,#2133,.F.);
#2135=EDGE_LOOP('',(#2132,#2134));
#2136=FACE_BOUND('',#2135,.F.);
#2138=ORIENTED_EDGE('',*,*,#2137,.F.);
#2140=ORIENTED_EDGE('',*,*,#2139,.F.);
#2141=EDGE_LOOP('',(#2138,#2140));
#2142=FACE_BOUND('',#2141,.F.);
#2144=ORIENTED_EDGE('',*,*,#2143,.F.);
#2146=ORIENTED_EDGE('',*,*,#2145,.F.);
#2147=EDGE_LOOP('',(#2144,#2146));
#2148=FACE_BOUND('',#2147,.F.);
#2150=ORIENTED_EDGE('',*,*,#2149,.F.);
#2152=ORIENTED_EDGE('',*,*,#2151,.F.);
#2153=EDGE_LOOP('',(#2150,#2152));
#2154=FACE_BOUND('',#2153,.F.);
#2156=ORIENTED_EDGE('',*,*,#2155,.F.);
#2158=ORIENTED_EDGE('',*,*,#2157,.F.);
#2159=EDGE_LOOP('',(#2156,#2158));
#2160=FACE_BOUND('',#2159,.F.);
#2162=CARTESIAN_POINT('',(-1.722369990530E1,-3.1E0,-1.95E0));
#2163=DIRECTION('',(0.E0,1.E0,0.E0));
#2164=DIRECTION('',(1.E0,0.E0,0.E0));
#2165=AXIS2_PLACEMENT_3D('',#2162,#2163,#2164);
#2166=CYLINDRICAL_SURFACE('',#2165,1.56E0);
#2168=ORIENTED_EDGE('',*,*,#2167,.T.);
#2170=ORIENTED_EDGE('',*,*,#2169,.F.);
#2171=ORIENTED_EDGE('',*,*,#1993,.F.);
#2173=ORIENTED_EDGE('',*,*,#2172,.T.);
#2174=EDGE_LOOP('',(#2168,#2170,#2171,#2173));
#2175=FACE_OUTER_BOUND('',#2174,.F.);
#2177=CARTESIAN_POINT('',(0.E0,3.1E0,0.E0));
#2178=DIRECTION('',(0.E0,1.E0,0.E0));
#2179=DIRECTION('',(1.E0,0.E0,0.E0));
#2180=AXIS2_PLACEMENT_3D('',#2177,#2178,#2179);
#2181=PLANE('',#2180);
#2183=ORIENTED_EDGE('',*,*,#2182,.T.);
#2185=ORIENTED_EDGE('',*,*,#2184,.T.);
#2187=ORIENTED_EDGE('',*,*,#2186,.T.);
#2189=ORIENTED_EDGE('',*,*,#2188,.T.);
#2191=ORIENTED_EDGE('',*,*,#2190,.T.);
#2193=ORIENTED_EDGE('',*,*,#2192,.T.);
#2195=ORIENTED_EDGE('',*,*,#2194,.T.);
#2197=ORIENTED_EDGE('',*,*,#2196,.T.);
#2198=EDGE_LOOP('',(#2183,#2185,#2187,#2189,#2191,#2193,#2195,#2197));
#2199=FACE_OUTER_BOUND('',#2198,.F.);
#2200=ORIENTED_EDGE('',*,*,#2167,.F.);
#2202=ORIENTED_EDGE('',*,*,#2201,.F.);
#2204=ORIENTED_EDGE('',*,*,#2203,.F.);
#2206=ORIENTED_EDGE('',*,*,#2205,.F.);
#2208=ORIENTED_EDGE('',*,*,#2207,.F.);
#2210=ORIENTED_EDGE('',*,*,#2209,.F.);
#2212=ORIENTED_EDGE('',*,*,#2211,.F.);
#2214=ORIENTED_EDGE('',*,*,#2213,.F.);
#2215=EDGE_LOOP('',(#2200,#2202,#2204,#2206,#2208,#2210,#2212,#2214));
#2216=FACE_BOUND('',#2215,.F.);
#2218=CARTESIAN_POINT('',(-1.848038449398E1,3.1E0,-3.E0));
#2219=DIRECTION('',(0.E0,1.E0,0.E0));
#2220=DIRECTION('',(1.E0,0.E0,0.E0));
#2221=AXIS2_PLACEMENT_3D('',#2218,#2219,#2220);
#2222=CYLINDRICAL_SURFACE('',#2221,2.E0);
#2224=ORIENTED_EDGE('',*,*,#2223,.T.);
#2226=ORIENTED_EDGE('',*,*,#2225,.F.);
#2227=ORIENTED_EDGE('',*,*,#2182,.F.);
#2229=ORIENTED_EDGE('',*,*,#2228,.T.);
#2230=EDGE_LOOP('',(#2224,#2226,#2227,#2229));
#2231=FACE_OUTER_BOUND('',#2230,.F.);
#2233=CARTESIAN_POINT('',(-1.848038449398E1,5.6E0,-3.E0));
#2234=DIRECTION('',(6.427876095270E-1,0.E0,-7.660444432529E-1));
#2235=DIRECTION('',(-7.660444432529E-1,0.E0,-6.427876095270E-1));
#2236=AXIS2_PLACEMENT_3D('',#2233,#2234,#2235);
#2237=SPHERICAL_SURFACE('',#2236,2.E0);
#2239=ORIENTED_EDGE('',*,*,#2238,.F.);
#2241=ORIENTED_EDGE('',*,*,#2240,.T.);
#2242=ORIENTED_EDGE('',*,*,#2223,.F.);
#2243=EDGE_LOOP('',(#2239,#2241,#2242));
#2244=FACE_OUTER_BOUND('',#2243,.F.);
#2246=CARTESIAN_POINT('',(1.854724772613E1,5.6E0,-3.E0));
#2247=DIRECTION('',(-1.E0,0.E0,0.E0));
#2248=DIRECTION('',(0.E0,1.E0,0.E0));
#2249=AXIS2_PLACEMENT_3D('',#2246,#2247,#2248);
#2250=CYLINDRICAL_SURFACE('',#2249,2.E0);
#2252=ORIENTED_EDGE('',*,*,#2251,.T.);
#2253=ORIENTED_EDGE('',*,*,#2238,.T.);
#2255=ORIENTED_EDGE('',*,*,#2254,.F.);
#2257=ORIENTED_EDGE('',*,*,#2256,.F.);
#2259=ORIENTED_EDGE('',*,*,#2258,.T.);
#2261=ORIENTED_EDGE('',*,*,#2260,.T.);
#2262=EDGE_LOOP('',(#2252,#2253,#2255,#2257,#2259,#2261));
#2263=FACE_OUTER_BOUND('',#2262,.F.);
#2265=CARTESIAN_POINT('',(0.E0,7.6E0,0.E0));
#2266=DIRECTION('',(0.E0,1.E0,0.E0));
#2267=DIRECTION('',(1.E0,0.E0,0.E0));
#2268=AXIS2_PLACEMENT_3D('',#2265,#2266,#2267);
#2269=PLANE('',#2268);
#2271=ORIENTED_EDGE('',*,*,#2270,.T.);
#2272=ORIENTED_EDGE('',*,*,#2251,.F.);
#2274=ORIENTED_EDGE('',*,*,#2273,.F.);
#2275=EDGE_LOOP('',(#2271,#2272,#2274));
#2276=FACE_OUTER_BOUND('',#2275,.F.);
#2278=CARTESIAN_POINT('',(-1.849199517239E1,5.6E0,-3.065847429422E0));
#2279=DIRECTION('',(1.736481776669E-1,0.E0,9.848077530122E-1));
#2280=DIRECTION('',(0.E0,1.E0,0.E0));
#2281=AXIS2_PLACEMENT_3D('',#2278,#2279,#2280);
#2282=CYLINDRICAL_SURFACE('',#2281,2.E0);
#2283=ORIENTED_EDGE('',*,*,#2270,.F.);
#2285=ORIENTED_EDGE('',*,*,#2284,.T.);
#2287=ORIENTED_EDGE('',*,*,#2286,.T.);
#2289=ORIENTED_EDGE('',*,*,#2288,.T.);
#2291=ORIENTED_EDGE('',*,*,#2290,.F.);
#2292=ORIENTED_EDGE('',*,*,#2240,.F.);
#2293=EDGE_LOOP('',(#2283,#2285,#2287,#2289,#2291,#2292));
#2294=FACE_OUTER_BOUND('',#2293,.F.);
#2296=CARTESIAN_POINT('',(-1.848038449398E1,7.6E0,-3.E0));
#2297=DIRECTION('',(-9.848077530122E-1,0.E0,1.736481776669E-1));
#2298=DIRECTION('',(1.736481776669E-1,0.E0,9.848077530122E-1));
#2299=AXIS2_PLACEMENT_3D('',#2296,#2297,#2298);
#2300=PLANE('',#2299);
#2302=ORIENTED_EDGE('',*,*,#2301,.F.);
#2304=ORIENTED_EDGE('',*,*,#2303,.T.);
#2306=ORIENTED_EDGE('',*,*,#2305,.T.);
#2307=ORIENTED_EDGE('',*,*,#2284,.F.);
#2308=EDGE_LOOP('',(#2302,#2304,#2306,#2307));
#2309=FACE_OUTER_BOUND('',#2308,.F.);
#2311=CARTESIAN_POINT('',(-1.734152899559E1,2.431284E1,-2.3E0));
#2312=DIRECTION('',(0.E0,-1.E0,0.E0));
#2313=DIRECTION('',(-9.848077530122E-1,0.E0,1.736481776669E-1));
#2314=AXIS2_PLACEMENT_3D('',#2311,#2312,#2313);
#2315=CYLINDRICAL_SURFACE('',#2314,1.E0);
#2317=ORIENTED_EDGE('',*,*,#2316,.T.);
#2319=ORIENTED_EDGE('',*,*,#2318,.F.);
#2321=ORIENTED_EDGE('',*,*,#2320,.T.);
#2322=ORIENTED_EDGE('',*,*,#2301,.T.);
#2323=ORIENTED_EDGE('',*,*,#2273,.T.);
#2324=EDGE_LOOP('',(#2317,#2319,#2321,#2322,#2323));
#2325=FACE_OUTER_BOUND('',#2324,.F.);
#2327=CARTESIAN_POINT('',(0.E0,7.6E0,0.E0));
#2328=DIRECTION('',(0.E0,1.E0,0.E0));
#2329=DIRECTION('',(1.E0,0.E0,0.E0));
#2330=AXIS2_PLACEMENT_3D('',#2327,#2328,#2329);
#2331=PLANE('',#2330);
#2333=ORIENTED_EDGE('',*,*,#2332,.F.);
#2335=ORIENTED_EDGE('',*,*,#2334,.F.);
#2337=ORIENTED_EDGE('',*,*,#2336,.F.);
#2339=ORIENTED_EDGE('',*,*,#2338,.T.);
#2340=EDGE_LOOP('',(#2333,#2335,#2337,#2339));
#2341=FACE_OUTER_BOUND('',#2340,.F.);
#2343=CARTESIAN_POINT('',(0.E0,7.6E0,0.E0));
#2344=DIRECTION('',(0.E0,1.E0,0.E0));
#2345=DIRECTION('',(1.E0,0.E0,0.E0));
#2346=AXIS2_PLACEMENT_3D('',#2343,#2344,#2345);
#2347=PLANE('',#2346);
#2348=ORIENTED_EDGE('',*,*,#2316,.F.);
#2349=ORIENTED_EDGE('',*,*,#2260,.F.);
#2351=ORIENTED_EDGE('',*,*,#2350,.F.);
#2353=ORIENTED_EDGE('',*,*,#2352,.T.);
#2354=EDGE_LOOP('',(#2348,#2349,#2351,#2353));
#2355=FACE_OUTER_BOUND('',#2354,.F.);
#2357=CARTESIAN_POINT('',(1.651102891646E1,2.431284E1,2.41E0));
#2358=DIRECTION('',(0.E0,-1.E0,0.E0));
#2359=DIRECTION('',(9.848077530122E-1,0.E0,1.736481776669E-1));
#2360=AXIS2_PLACEMENT_3D('',#2357,#2358,#2359);
#2361=CYLINDRICAL_SURFACE('',#2360,1.E0);
#2362=ORIENTED_EDGE('',*,*,#2332,.T.);
#2364=ORIENTED_EDGE('',*,*,#2363,.F.);
#2366=ORIENTED_EDGE('',*,*,#2365,.T.);
#2368=ORIENTED_EDGE('',*,*,#2367,.T.);
#2370=ORIENTED_EDGE('',*,*,#2369,.T.);
#2371=EDGE_LOOP('',(#2362,#2364,#2366,#2368,#2370));
#2372=FACE_OUTER_BOUND('',#2371,.F.);
#2374=CARTESIAN_POINT('',(-1.735012854763E1,7.6E0,3.41E0));
#2375=DIRECTION('',(0.E0,0.E0,1.E0));
#2376=DIRECTION('',(1.E0,0.E0,0.E0));
#2377=AXIS2_PLACEMENT_3D('',#2374,#2375,#2376);
#2378=PLANE('',#2377);
#2379=ORIENTED_EDGE('',*,*,#2363,.T.);
#2380=ORIENTED_EDGE('',*,*,#2338,.F.);
#2382=ORIENTED_EDGE('',*,*,#2381,.F.);
#2384=ORIENTED_EDGE('',*,*,#2383,.T.);
#2385=EDGE_LOOP('',(#2379,#2380,#2382,#2384));
#2386=FACE_OUTER_BOUND('',#2385,.F.);
#2388=CARTESIAN_POINT('',(-1.651102891646E1,2.431284E1,2.41E0));
#2389=DIRECTION('',(0.E0,-1.E0,0.E0));
#2390=DIRECTION('',(0.E0,0.E0,1.E0));
#2391=AXIS2_PLACEMENT_3D('',#2388,#2389,#2390);
#2392=CYLINDRICAL_SURFACE('',#2391,1.E0);
#2393=ORIENTED_EDGE('',*,*,#2336,.T.);
#2395=ORIENTED_EDGE('',*,*,#2394,.T.);
#2396=ORIENTED_EDGE('',*,*,#2305,.F.);
#2398=ORIENTED_EDGE('',*,*,#2397,.T.);
#2399=ORIENTED_EDGE('',*,*,#2381,.T.);
#2400=EDGE_LOOP('',(#2393,#2395,#2396,#2398,#2399));
#2401=FACE_OUTER_BOUND('',#2400,.F.);
#2403=CARTESIAN_POINT('',(0.E0,7.6E0,0.E0));
#2404=DIRECTION('',(0.E0,1.E0,0.E0));
#2405=DIRECTION('',(1.E0,0.E0,0.E0));
#2406=AXIS2_PLACEMENT_3D('',#2403,#2404,#2405);
#2407=PLANE('',#2406);
#2409=ORIENTED_EDGE('',*,*,#2408,.F.);
#2410=ORIENTED_EDGE('',*,*,#2286,.F.);
#2411=ORIENTED_EDGE('',*,*,#2394,.F.);
#2412=EDGE_LOOP('',(#2409,#2410,#2411));
#2413=FACE_OUTER_BOUND('',#2412,.F.);
#2415=CARTESIAN_POINT('',(-1.750339200034E1,5.6E0,2.92E0));
#2416=DIRECTION('',(1.E0,0.E0,0.E0));
#2417=DIRECTION('',(0.E0,1.E0,0.E0));
#2418=AXIS2_PLACEMENT_3D('',#2415,#2416,#2417);
#2419=CYLINDRICAL_SURFACE('',#2418,2.E0);
#2421=ORIENTED_EDGE('',*,*,#2420,.T.);
#2423=ORIENTED_EDGE('',*,*,#2422,.T.);
#2425=ORIENTED_EDGE('',*,*,#2424,.F.);
#2427=ORIENTED_EDGE('',*,*,#2426,.F.);
#2428=ORIENTED_EDGE('',*,*,#2408,.T.);
#2429=ORIENTED_EDGE('',*,*,#2334,.T.);
#2431=ORIENTED_EDGE('',*,*,#2430,.T.);
#2432=EDGE_LOOP('',(#2421,#2423,#2425,#2427,#2428,#2429,#2431));
#2433=FACE_OUTER_BOUND('',#2432,.F.);
#2435=CARTESIAN_POINT('',(1.742491808976E1,5.6E0,2.985847429422E0));
#2436=DIRECTION('',(1.736481776669E-1,0.E0,-9.848077530122E-1));
#2437=DIRECTION('',(0.E0,1.E0,0.E0));
#2438=AXIS2_PLACEMENT_3D('',#2435,#2436,#2437);
#2439=CYLINDRICAL_SURFACE('',#2438,2.E0);
#2441=ORIENTED_EDGE('',*,*,#2440,.T.);
#2443=ORIENTED_EDGE('',*,*,#2442,.T.);
#2445=ORIENTED_EDGE('',*,*,#2444,.F.);
#2447=ORIENTED_EDGE('',*,*,#2446,.F.);
#2448=ORIENTED_EDGE('',*,*,#2420,.F.);
#2449=ORIENTED_EDGE('',*,*,#2430,.F.);
#2450=ORIENTED_EDGE('',*,*,#2369,.F.);
#2452=ORIENTED_EDGE('',*,*,#2451,.T.);
#2453=EDGE_LOOP('',(#2441,#2443,#2445,#2447,#2448,#2449,#2450,#2452));
#2454=FACE_OUTER_BOUND('',#2453,.F.);
#2456=CARTESIAN_POINT('',(0.E0,7.6E0,0.E0));
#2457=DIRECTION('',(0.E0,1.E0,0.E0));
#2458=DIRECTION('',(1.E0,0.E0,0.E0));
#2459=AXIS2_PLACEMENT_3D('',#2456,#2457,#2458);
#2460=PLANE('',#2459);
#2461=ORIENTED_EDGE('',*,*,#2258,.F.);
#2462=ORIENTED_EDGE('',*,*,#2440,.F.);
#2464=ORIENTED_EDGE('',*,*,#2463,.F.);
#2465=EDGE_LOOP('',(#2461,#2462,#2464));
#2466=FACE_OUTER_BOUND('',#2465,.F.);
#2468=CARTESIAN_POINT('',(1.734152899559E1,2.431284E1,-2.3E0));
#2469=DIRECTION('',(0.E0,-1.E0,0.E0));
#2470=DIRECTION('',(0.E0,0.E0,-1.E0));
#2471=AXIS2_PLACEMENT_3D('',#2468,#2469,#2470);
#2472=CYLINDRICAL_SURFACE('',#2471,1.E0);
#2473=ORIENTED_EDGE('',*,*,#2350,.T.);
#2474=ORIENTED_EDGE('',*,*,#2463,.T.);
#2476=ORIENTED_EDGE('',*,*,#2475,.F.);
#2478=ORIENTED_EDGE('',*,*,#2477,.T.);
#2480=ORIENTED_EDGE('',*,*,#2479,.T.);
#2481=EDGE_LOOP('',(#2473,#2474,#2476,#2478,#2480));
#2482=FACE_OUTER_BOUND('',#2481,.F.);
#2484=CARTESIAN_POINT('',(1.735012854763E1,7.6E0,3.41E0));
#2485=DIRECTION('',(9.848077530122E-1,0.E0,1.736481776669E-1));
#2486=DIRECTION('',(1.736481776669E-1,0.E0,-9.848077530122E-1));
#2487=AXIS2_PLACEMENT_3D('',#2484,#2485,#2486);
#2488=PLANE('',#2487);
#2489=ORIENTED_EDGE('',*,*,#2475,.T.);
#2490=ORIENTED_EDGE('',*,*,#2451,.F.);
#2491=ORIENTED_EDGE('',*,*,#2367,.F.);
#2493=ORIENTED_EDGE('',*,*,#2492,.T.);
#2494=EDGE_LOOP('',(#2489,#2490,#2491,#2493));
#2495=FACE_OUTER_BOUND('',#2494,.F.);
#2497=CARTESIAN_POINT('',(0.E0,8.8E0,0.E0));
#2498=DIRECTION('',(0.E0,1.E0,0.E0));
#2499=DIRECTION('',(1.E0,0.E0,0.E0));
#2500=AXIS2_PLACEMENT_3D('',#2497,#2498,#2499);
#2501=PLANE('',#2500);
#2502=ORIENTED_EDGE('',*,*,#2320,.F.);
#2504=ORIENTED_EDGE('',*,*,#2503,.F.);
#2505=ORIENTED_EDGE('',*,*,#2477,.F.);
#2506=ORIENTED_EDGE('',*,*,#2492,.F.);
#2507=ORIENTED_EDGE('',*,*,#2365,.F.);
#2508=ORIENTED_EDGE('',*,*,#2383,.F.);
#2509=ORIENTED_EDGE('',*,*,#2397,.F.);
#2510=ORIENTED_EDGE('',*,*,#2303,.F.);
#2511=EDGE_LOOP('',(#2502,#2504,#2505,#2506,#2507,#2508,#2509,#2510));
#2512=FACE_OUTER_BOUND('',#2511,.F.);
#2514=ORIENTED_EDGE('',*,*,#2513,.F.);
#2516=ORIENTED_EDGE('',*,*,#2515,.F.);
#2517=EDGE_LOOP('',(#2514,#2516));
#2518=FACE_BOUND('',#2517,.F.);
#2520=ORIENTED_EDGE('',*,*,#2519,.F.);
#2522=ORIENTED_EDGE('',*,*,#2521,.F.);
#2523=EDGE_LOOP('',(#2520,#2522));
#2524=FACE_BOUND('',#2523,.F.);
#2526=ORIENTED_EDGE('',*,*,#2525,.F.);
#2528=ORIENTED_EDGE('',*,*,#2527,.F.);
#2529=EDGE_LOOP('',(#2526,#2528));
#2530=FACE_BOUND('',#2529,.F.);
#2532=ORIENTED_EDGE('',*,*,#2531,.F.);
#2534=ORIENTED_EDGE('',*,*,#2533,.F.);
#2535=EDGE_LOOP('',(#2532,#2534));
#2536=FACE_BOUND('',#2535,.F.);
#2538=ORIENTED_EDGE('',*,*,#2537,.F.);
#2540=ORIENTED_EDGE('',*,*,#2539,.F.);
#2541=EDGE_LOOP('',(#2538,#2540));
#2542=FACE_BOUND('',#2541,.F.);
#2544=ORIENTED_EDGE('',*,*,#2543,.F.);
#2546=ORIENTED_EDGE('',*,*,#2545,.F.);
#2547=EDGE_LOOP('',(#2544,#2546));
#2548=FACE_BOUND('',#2547,.F.);
#2550=ORIENTED_EDGE('',*,*,#2549,.F.);
#2552=ORIENTED_EDGE('',*,*,#2551,.F.);
#2553=EDGE_LOOP('',(#2550,#2552));
#2554=FACE_BOUND('',#2553,.F.);
#2556=ORIENTED_EDGE('',*,*,#2555,.F.);
#2558=ORIENTED_EDGE('',*,*,#2557,.F.);
#2559=EDGE_LOOP('',(#2556,#2558));
#2560=FACE_BOUND('',#2559,.F.);
#2562=ORIENTED_EDGE('',*,*,#2561,.F.);
#2564=ORIENTED_EDGE('',*,*,#2563,.F.);
#2565=EDGE_LOOP('',(#2562,#2564));
#2566=FACE_BOUND('',#2565,.F.);
#2568=ORIENTED_EDGE('',*,*,#2567,.F.);
#2570=ORIENTED_EDGE('',*,*,#2569,.F.);
#2571=EDGE_LOOP('',(#2568,#2570));
#2572=FACE_BOUND('',#2571,.F.);
#2574=ORIENTED_EDGE('',*,*,#2573,.F.);
#2576=ORIENTED_EDGE('',*,*,#2575,.F.);
#2577=EDGE_LOOP('',(#2574,#2576));
#2578=FACE_BOUND('',#2577,.F.);
#2580=ORIENTED_EDGE('',*,*,#2579,.F.);
#2582=ORIENTED_EDGE('',*,*,#2581,.F.);
#2583=EDGE_LOOP('',(#2580,#2582));
#2584=FACE_BOUND('',#2583,.F.);
#2586=ORIENTED_EDGE('',*,*,#2585,.F.);
#2588=ORIENTED_EDGE('',*,*,#2587,.F.);
#2589=EDGE_LOOP('',(#2586,#2588));
#2590=FACE_BOUND('',#2589,.F.);
#2592=ORIENTED_EDGE('',*,*,#2591,.F.);
#2594=ORIENTED_EDGE('',*,*,#2593,.F.);
#2595=EDGE_LOOP('',(#2592,#2594));
#2596=FACE_BOUND('',#2595,.F.);
#2598=ORIENTED_EDGE('',*,*,#2597,.F.);
#2600=ORIENTED_EDGE('',*,*,#2599,.F.);
#2601=EDGE_LOOP('',(#2598,#2600));
#2602=FACE_BOUND('',#2601,.F.);
#2604=ORIENTED_EDGE('',*,*,#2603,.F.);
#2606=ORIENTED_EDGE('',*,*,#2605,.F.);
#2607=EDGE_LOOP('',(#2604,#2606));
#2608=FACE_BOUND('',#2607,.F.);
#2610=ORIENTED_EDGE('',*,*,#2609,.F.);
#2612=ORIENTED_EDGE('',*,*,#2611,.F.);
#2613=EDGE_LOOP('',(#2610,#2612));
#2614=FACE_BOUND('',#2613,.F.);
#2616=ORIENTED_EDGE('',*,*,#2615,.F.);
#2618=ORIENTED_EDGE('',*,*,#2617,.F.);
#2619=EDGE_LOOP('',(#2616,#2618));
#2620=FACE_BOUND('',#2619,.F.);
#2622=ORIENTED_EDGE('',*,*,#2621,.F.);
#2624=ORIENTED_EDGE('',*,*,#2623,.F.);
#2625=EDGE_LOOP('',(#2622,#2624));
#2626=FACE_BOUND('',#2625,.F.);
#2628=ORIENTED_EDGE('',*,*,#2627,.F.);
#2630=ORIENTED_EDGE('',*,*,#2629,.F.);
#2631=EDGE_LOOP('',(#2628,#2630));
#2632=FACE_BOUND('',#2631,.F.);
#2634=ORIENTED_EDGE('',*,*,#2633,.F.);
#2636=ORIENTED_EDGE('',*,*,#2635,.F.);
#2637=EDGE_LOOP('',(#2634,#2636));
#2638=FACE_BOUND('',#2637,.F.);
#2640=ORIENTED_EDGE('',*,*,#2639,.F.);
#2642=ORIENTED_EDGE('',*,*,#2641,.F.);
#2643=EDGE_LOOP('',(#2640,#2642));
#2644=FACE_BOUND('',#2643,.F.);
#2646=ORIENTED_EDGE('',*,*,#2645,.F.);
#2648=ORIENTED_EDGE('',*,*,#2647,.F.);
#2649=EDGE_LOOP('',(#2646,#2648));
#2650=FACE_BOUND('',#2649,.F.);
#2652=ORIENTED_EDGE('',*,*,#2651,.F.);
#2654=ORIENTED_EDGE('',*,*,#2653,.F.);
#2655=EDGE_LOOP('',(#2652,#2654));
#2656=FACE_BOUND('',#2655,.F.);
#2658=ORIENTED_EDGE('',*,*,#2657,.F.);
#2660=ORIENTED_EDGE('',*,*,#2659,.F.);
#2661=EDGE_LOOP('',(#2658,#2660));
#2662=FACE_BOUND('',#2661,.F.);
#2664=CARTESIAN_POINT('',(1.853328258819E1,7.6E0,-3.3E0));
#2665=DIRECTION('',(0.E0,0.E0,-1.E0));
#2666=DIRECTION('',(-1.E0,0.E0,0.E0));
#2667=AXIS2_PLACEMENT_3D('',#2664,#2665,#2666);
#2668=PLANE('',#2667);
#2669=ORIENTED_EDGE('',*,*,#2318,.T.);
#2670=ORIENTED_EDGE('',*,*,#2352,.F.);
#2671=ORIENTED_EDGE('',*,*,#2479,.F.);
#2672=ORIENTED_EDGE('',*,*,#2503,.T.);
#2673=EDGE_LOOP('',(#2669,#2670,#2671,#2672));
#2674=FACE_OUTER_BOUND('',#2673,.F.);
#2676=CARTESIAN_POINT('',(-1.523E1,-3.1E0,1.42E0));
#2677=DIRECTION('',(0.E0,-1.E0,0.E0));
#2678=DIRECTION('',(1.E0,0.E0,0.E0));
#2679=AXIS2_PLACEMENT_3D('',#2676,#2677,#2678);
#2680=CYLINDRICAL_SURFACE('',#2679,5.E-1);
#2682=ORIENTED_EDGE('',*,*,#2681,.T.);
#2684=ORIENTED_EDGE('',*,*,#2683,.T.);
#2685=ORIENTED_EDGE('',*,*,#2513,.T.);
#2687=ORIENTED_EDGE('',*,*,#2686,.F.);
#2688=EDGE_LOOP('',(#2682,#2684,#2685,#2687));
#2689=FACE_OUTER_BOUND('',#2688,.F.);
#2691=CARTESIAN_POINT('',(-1.523E1,-2.949999995434E0,1.42E0));
#2692=DIRECTION('',(0.E0,-1.E0,0.E0));
#2693=DIRECTION('',(0.E0,0.E0,-1.E0));
#2694=AXIS2_PLACEMENT_3D('',#2691,#2692,#2693);
#2695=CONICAL_SURFACE('',#2694,6.499999954338E-1,4.5E1);
#2696=ORIENTED_EDGE('',*,*,#2011,.T.);
#2698=ORIENTED_EDGE('',*,*,#2697,.T.);
#2699=ORIENTED_EDGE('',*,*,#2681,.F.);
#2701=ORIENTED_EDGE('',*,*,#2700,.F.);
#2702=EDGE_LOOP('',(#2696,#2698,#2699,#2701));
#2703=FACE_OUTER_BOUND('',#2702,.F.);
#2705=CARTESIAN_POINT('',(-1.523E1,-2.949999995434E0,1.42E0));
#2706=DIRECTION('',(0.E0,-1.E0,0.E0));
#2707=DIRECTION('',(0.E0,0.E0,-1.E0));
#2708=AXIS2_PLACEMENT_3D('',#2705,#2706,#2707);
#2709=CONICAL_SURFACE('',#2708,6.499999954338E-1,4.5E1);
#2710=ORIENTED_EDGE('',*,*,#2013,.T.);
#2711=ORIENTED_EDGE('',*,*,#2700,.T.);
#2713=ORIENTED_EDGE('',*,*,#2712,.F.);
#2714=ORIENTED_EDGE('',*,*,#2697,.F.);
#2715=EDGE_LOOP('',(#2710,#2711,#2713,#2714));
#2716=FACE_OUTER_BOUND('',#2715,.F.);
#2718=CARTESIAN_POINT('',(-1.523E1,-3.1E0,1.42E0));
#2719=DIRECTION('',(0.E0,-1.E0,0.E0));
#2720=DIRECTION('',(1.E0,0.E0,0.E0));
#2721=AXIS2_PLACEMENT_3D('',#2718,#2719,#2720);
#2722=CYLINDRICAL_SURFACE('',#2721,5.E-1);
#2723=ORIENTED_EDGE('',*,*,#2712,.T.);
#2724=ORIENTED_EDGE('',*,*,#2686,.T.);
#2725=ORIENTED_EDGE('',*,*,#2515,.T.);
#2726=ORIENTED_EDGE('',*,*,#2683,.F.);
#2727=EDGE_LOOP('',(#2723,#2724,#2725,#2726));
#2728=FACE_OUTER_BOUND('',#2727,.F.);
#2730=CARTESIAN_POINT('',(-1.246E1,-3.1E0,1.42E0));
#2731=DIRECTION('',(0.E0,-1.E0,0.E0));
#2732=DIRECTION('',(1.E0,0.E0,0.E0));
#2733=AXIS2_PLACEMENT_3D('',#2730,#2731,#2732);
#2734=CYLINDRICAL_SURFACE('',#2733,5.E-1);
#2736=ORIENTED_EDGE('',*,*,#2735,.T.);
#2738=ORIENTED_EDGE('',*,*,#2737,.T.);
#2739=ORIENTED_EDGE('',*,*,#2519,.T.);
#2741=ORIENTED_EDGE('',*,*,#2740,.F.);
#2742=EDGE_LOOP('',(#2736,#2738,#2739,#2741));
#2743=FACE_OUTER_BOUND('',#2742,.F.);
#2745=CARTESIAN_POINT('',(-1.246E1,-2.949999995434E0,1.42E0));
#2746=DIRECTION('',(0.E0,-1.E0,0.E0));
#2747=DIRECTION('',(0.E0,0.E0,-1.E0));
#2748=AXIS2_PLACEMENT_3D('',#2745,#2746,#2747);
#2749=CONICAL_SURFACE('',#2748,6.499999954338E-1,4.5E1);
#2750=ORIENTED_EDGE('',*,*,#2017,.T.);
#2752=ORIENTED_EDGE('',*,*,#2751,.T.);
#2753=ORIENTED_EDGE('',*,*,#2735,.F.);
#2755=ORIENTED_EDGE('',*,*,#2754,.F.);
#2756=EDGE_LOOP('',(#2750,#2752,#2753,#2755));
#2757=FACE_OUTER_BOUND('',#2756,.F.);
#2759=CARTESIAN_POINT('',(-1.246E1,-2.949999995434E0,1.42E0));
#2760=DIRECTION('',(0.E0,-1.E0,0.E0));
#2761=DIRECTION('',(0.E0,0.E0,-1.E0));
#2762=AXIS2_PLACEMENT_3D('',#2759,#2760,#2761);
#2763=CONICAL_SURFACE('',#2762,6.499999954338E-1,4.5E1);
#2764=ORIENTED_EDGE('',*,*,#2019,.T.);
#2765=ORIENTED_EDGE('',*,*,#2754,.T.);
#2767=ORIENTED_EDGE('',*,*,#2766,.F.);
#2768=ORIENTED_EDGE('',*,*,#2751,.F.);
#2769=EDGE_LOOP('',(#2764,#2765,#2767,#2768));
#2770=FACE_OUTER_BOUND('',#2769,.F.);
#2772=CARTESIAN_POINT('',(-1.246E1,-3.1E0,1.42E0));
#2773=DIRECTION('',(0.E0,-1.E0,0.E0));
#2774=DIRECTION('',(1.E0,0.E0,0.E0));
#2775=AXIS2_PLACEMENT_3D('',#2772,#2773,#2774);
#2776=CYLINDRICAL_SURFACE('',#2775,5.E-1);
#2777=ORIENTED_EDGE('',*,*,#2766,.T.);
#2778=ORIENTED_EDGE('',*,*,#2740,.T.);
#2779=ORIENTED_EDGE('',*,*,#2521,.T.);
#2780=ORIENTED_EDGE('',*,*,#2737,.F.);
#2781=EDGE_LOOP('',(#2777,#2778,#2779,#2780));
#2782=FACE_OUTER_BOUND('',#2781,.F.);
#2784=CARTESIAN_POINT('',(-9.69E0,-3.1E0,1.42E0));
#2785=DIRECTION('',(0.E0,-1.E0,0.E0));
#2786=DIRECTION('',(1.E0,0.E0,0.E0));
#2787=AXIS2_PLACEMENT_3D('',#2784,#2785,#2786);
#2788=CYLINDRICAL_SURFACE('',#2787,5.E-1);
#2790=ORIENTED_EDGE('',*,*,#2789,.T.);
#2792=ORIENTED_EDGE('',*,*,#2791,.T.);
#2793=ORIENTED_EDGE('',*,*,#2525,.T.);
#2795=ORIENTED_EDGE('',*,*,#2794,.F.);
#2796=EDGE_LOOP('',(#2790,#2792,#2793,#2795));
#2797=FACE_OUTER_BOUND('',#2796,.F.);
#2799=CARTESIAN_POINT('',(-9.69E0,-2.949999995434E0,1.42E0));
#2800=DIRECTION('',(0.E0,-1.E0,0.E0));
#2801=DIRECTION('',(0.E0,0.E0,-1.E0));
#2802=AXIS2_PLACEMENT_3D('',#2799,#2800,#2801);
#2803=CONICAL_SURFACE('',#2802,6.499999954338E-1,4.5E1);
#2804=ORIENTED_EDGE('',*,*,#2023,.T.);
#2806=ORIENTED_EDGE('',*,*,#2805,.T.);
#2807=ORIENTED_EDGE('',*,*,#2789,.F.);
#2809=ORIENTED_EDGE('',*,*,#2808,.F.);
#2810=EDGE_LOOP('',(#2804,#2806,#2807,#2809));
#2811=FACE_OUTER_BOUND('',#2810,.F.);
#2813=CARTESIAN_POINT('',(-9.69E0,-2.949999995434E0,1.42E0));
#2814=DIRECTION('',(0.E0,-1.E0,0.E0));
#2815=DIRECTION('',(0.E0,0.E0,-1.E0));
#2816=AXIS2_PLACEMENT_3D('',#2813,#2814,#2815);
#2817=CONICAL_SURFACE('',#2816,6.499999954338E-1,4.5E1);
#2818=ORIENTED_EDGE('',*,*,#2025,.T.);
#2819=ORIENTED_EDGE('',*,*,#2808,.T.);
#2821=ORIENTED_EDGE('',*,*,#2820,.F.);
#2822=ORIENTED_EDGE('',*,*,#2805,.F.);
#2823=EDGE_LOOP('',(#2818,#2819,#2821,#2822));
#2824=FACE_OUTER_BOUND('',#2823,.F.);
#2826=CARTESIAN_POINT('',(-9.69E0,-3.1E0,1.42E0));
#2827=DIRECTION('',(0.E0,-1.E0,0.E0));
#2828=DIRECTION('',(1.E0,0.E0,0.E0));
#2829=AXIS2_PLACEMENT_3D('',#2826,#2827,#2828);
#2830=CYLINDRICAL_SURFACE('',#2829,5.E-1);
#2831=ORIENTED_EDGE('',*,*,#2820,.T.);
#2832=ORIENTED_EDGE('',*,*,#2794,.T.);
#2833=ORIENTED_EDGE('',*,*,#2527,.T.);
#2834=ORIENTED_EDGE('',*,*,#2791,.F.);
#2835=EDGE_LOOP('',(#2831,#2832,#2833,#2834));
#2836=FACE_OUTER_BOUND('',#2835,.F.);
#2838=CARTESIAN_POINT('',(-6.92E0,-3.1E0,1.42E0));
#2839=DIRECTION('',(0.E0,-1.E0,0.E0));
#2840=DIRECTION('',(1.E0,0.E0,0.E0));
#2841=AXIS2_PLACEMENT_3D('',#2838,#2839,#2840);
#2842=CYLINDRICAL_SURFACE('',#2841,5.E-1);
#2844=ORIENTED_EDGE('',*,*,#2843,.T.);
#2846=ORIENTED_EDGE('',*,*,#2845,.T.);
#2847=ORIENTED_EDGE('',*,*,#2531,.T.);
#2849=ORIENTED_EDGE('',*,*,#2848,.F.);
#2850=EDGE_LOOP('',(#2844,#2846,#2847,#2849));
#2851=FACE_OUTER_BOUND('',#2850,.F.);
#2853=CARTESIAN_POINT('',(-6.92E0,-2.949999995434E0,1.42E0));
#2854=DIRECTION('',(0.E0,-1.E0,0.E0));
#2855=DIRECTION('',(0.E0,0.E0,-1.E0));
#2856=AXIS2_PLACEMENT_3D('',#2853,#2854,#2855);
#2857=CONICAL_SURFACE('',#2856,6.499999954338E-1,4.5E1);
#2858=ORIENTED_EDGE('',*,*,#2029,.T.);
#2860=ORIENTED_EDGE('',*,*,#2859,.T.);
#2861=ORIENTED_EDGE('',*,*,#2843,.F.);
#2863=ORIENTED_EDGE('',*,*,#2862,.F.);
#2864=EDGE_LOOP('',(#2858,#2860,#2861,#2863));
#2865=FACE_OUTER_BOUND('',#2864,.F.);
#2867=CARTESIAN_POINT('',(-6.92E0,-2.949999995434E0,1.42E0));
#2868=DIRECTION('',(0.E0,-1.E0,0.E0));
#2869=DIRECTION('',(0.E0,0.E0,-1.E0));
#2870=AXIS2_PLACEMENT_3D('',#2867,#2868,#2869);
#2871=CONICAL_SURFACE('',#2870,6.499999954338E-1,4.5E1);
#2872=ORIENTED_EDGE('',*,*,#2031,.T.);
#2873=ORIENTED_EDGE('',*,*,#2862,.T.);
#2875=ORIENTED_EDGE('',*,*,#2874,.F.);
#2876=ORIENTED_EDGE('',*,*,#2859,.F.);
#2877=EDGE_LOOP('',(#2872,#2873,#2875,#2876));
#2878=FACE_OUTER_BOUND('',#2877,.F.);
#2880=CARTESIAN_POINT('',(-6.92E0,-3.1E0,1.42E0));
#2881=DIRECTION('',(0.E0,-1.E0,0.E0));
#2882=DIRECTION('',(1.E0,0.E0,0.E0));
#2883=AXIS2_PLACEMENT_3D('',#2880,#2881,#2882);
#2884=CYLINDRICAL_SURFACE('',#2883,5.E-1);
#2885=ORIENTED_EDGE('',*,*,#2874,.T.);
#2886=ORIENTED_EDGE('',*,*,#2848,.T.);
#2887=ORIENTED_EDGE('',*,*,#2533,.T.);
#2888=ORIENTED_EDGE('',*,*,#2845,.F.);
#2889=EDGE_LOOP('',(#2885,#2886,#2887,#2888));
#2890=FACE_OUTER_BOUND('',#2889,.F.);
#2892=CARTESIAN_POINT('',(-4.15E0,-3.1E0,1.42E0));
#2893=DIRECTION('',(0.E0,-1.E0,0.E0));
#2894=DIRECTION('',(1.E0,0.E0,0.E0));
#2895=AXIS2_PLACEMENT_3D('',#2892,#2893,#2894);
#2896=CYLINDRICAL_SURFACE('',#2895,5.E-1);
#2898=ORIENTED_EDGE('',*,*,#2897,.T.);
#2900=ORIENTED_EDGE('',*,*,#2899,.T.);
#2901=ORIENTED_EDGE('',*,*,#2537,.T.);
#2903=ORIENTED_EDGE('',*,*,#2902,.F.);
#2904=EDGE_LOOP('',(#2898,#2900,#2901,#2903));
#2905=FACE_OUTER_BOUND('',#2904,.F.);
#2907=CARTESIAN_POINT('',(-4.15E0,-2.949999995434E0,1.42E0));
#2908=DIRECTION('',(0.E0,-1.E0,0.E0));
#2909=DIRECTION('',(0.E0,0.E0,-1.E0));
#2910=AXIS2_PLACEMENT_3D('',#2907,#2908,#2909);
#2911=CONICAL_SURFACE('',#2910,6.499999954338E-1,4.5E1);
#2912=ORIENTED_EDGE('',*,*,#2035,.T.);
#2914=ORIENTED_EDGE('',*,*,#2913,.T.);
#2915=ORIENTED_EDGE('',*,*,#2897,.F.);
#2917=ORIENTED_EDGE('',*,*,#2916,.F.);
#2918=EDGE_LOOP('',(#2912,#2914,#2915,#2917));
#2919=FACE_OUTER_BOUND('',#2918,.F.);
#2921=CARTESIAN_POINT('',(-4.15E0,-2.949999995434E0,1.42E0));
#2922=DIRECTION('',(0.E0,-1.E0,0.E0));
#2923=DIRECTION('',(0.E0,0.E0,-1.E0));
#2924=AXIS2_PLACEMENT_3D('',#2921,#2922,#2923);
#2925=CONICAL_SURFACE('',#2924,6.499999954338E-1,4.5E1);
#2926=ORIENTED_EDGE('',*,*,#2037,.T.);
#2927=ORIENTED_EDGE('',*,*,#2916,.T.);
#2929=ORIENTED_EDGE('',*,*,#2928,.F.);
#2930=ORIENTED_EDGE('',*,*,#2913,.F.);
#2931=EDGE_LOOP('',(#2926,#2927,#2929,#2930));
#2932=FACE_OUTER_BOUND('',#2931,.F.);
#2934=CARTESIAN_POINT('',(-4.15E0,-3.1E0,1.42E0));
#2935=DIRECTION('',(0.E0,-1.E0,0.E0));
#2936=DIRECTION('',(1.E0,0.E0,0.E0));
#2937=AXIS2_PLACEMENT_3D('',#2934,#2935,#2936);
#2938=CYLINDRICAL_SURFACE('',#2937,5.E-1);
#2939=ORIENTED_EDGE('',*,*,#2928,.T.);
#2940=ORIENTED_EDGE('',*,*,#2902,.T.);
#2941=ORIENTED_EDGE('',*,*,#2539,.T.);
#2942=ORIENTED_EDGE('',*,*,#2899,.F.);
#2943=EDGE_LOOP('',(#2939,#2940,#2941,#2942));
#2944=FACE_OUTER_BOUND('',#2943,.F.);
#2946=CARTESIAN_POINT('',(-1.38E0,-3.1E0,1.42E0));
#2947=DIRECTION('',(0.E0,-1.E0,0.E0));
#2948=DIRECTION('',(1.E0,0.E0,0.E0));
#2949=AXIS2_PLACEMENT_3D('',#2946,#2947,#2948);
#2950=CYLINDRICAL_SURFACE('',#2949,5.E-1);
#2952=ORIENTED_EDGE('',*,*,#2951,.T.);
#2954=ORIENTED_EDGE('',*,*,#2953,.T.);
#2955=ORIENTED_EDGE('',*,*,#2543,.T.);
#2957=ORIENTED_EDGE('',*,*,#2956,.F.);
#2958=EDGE_LOOP('',(#2952,#2954,#2955,#2957));
#2959=FACE_OUTER_BOUND('',#2958,.F.);
#2961=CARTESIAN_POINT('',(-1.38E0,-2.949999995434E0,1.42E0));
#2962=DIRECTION('',(0.E0,-1.E0,0.E0));
#2963=DIRECTION('',(0.E0,0.E0,-1.E0));
#2964=AXIS2_PLACEMENT_3D('',#2961,#2962,#2963);
#2965=CONICAL_SURFACE('',#2964,6.499999954338E-1,4.5E1);
#2966=ORIENTED_EDGE('',*,*,#2041,.T.);
#2968=ORIENTED_EDGE('',*,*,#2967,.T.);
#2969=ORIENTED_EDGE('',*,*,#2951,.F.);
#2971=ORIENTED_EDGE('',*,*,#2970,.F.);
#2972=EDGE_LOOP('',(#2966,#2968,#2969,#2971));
#2973=FACE_OUTER_BOUND('',#2972,.F.);
#2975=CARTESIAN_POINT('',(-1.38E0,-2.949999995434E0,1.42E0));
#2976=DIRECTION('',(0.E0,-1.E0,0.E0));
#2977=DIRECTION('',(0.E0,0.E0,-1.E0));
#2978=AXIS2_PLACEMENT_3D('',#2975,#2976,#2977);
#2979=CONICAL_SURFACE('',#2978,6.499999954338E-1,4.5E1);
#2980=ORIENTED_EDGE('',*,*,#2043,.T.);
#2981=ORIENTED_EDGE('',*,*,#2970,.T.);
#2983=ORIENTED_EDGE('',*,*,#2982,.F.);
#2984=ORIENTED_EDGE('',*,*,#2967,.F.);
#2985=EDGE_LOOP('',(#2980,#2981,#2983,#2984));
#2986=FACE_OUTER_BOUND('',#2985,.F.);
#2988=CARTESIAN_POINT('',(-1.38E0,-3.1E0,1.42E0));
#2989=DIRECTION('',(0.E0,-1.E0,0.E0));
#2990=DIRECTION('',(1.E0,0.E0,0.E0));
#2991=AXIS2_PLACEMENT_3D('',#2988,#2989,#2990);
#2992=CYLINDRICAL_SURFACE('',#2991,5.E-1);
#2993=ORIENTED_EDGE('',*,*,#2982,.T.);
#2994=ORIENTED_EDGE('',*,*,#2956,.T.);
#2995=ORIENTED_EDGE('',*,*,#2545,.T.);
#2996=ORIENTED_EDGE('',*,*,#2953,.F.);
#2997=EDGE_LOOP('',(#2993,#2994,#2995,#2996));
#2998=FACE_OUTER_BOUND('',#2997,.F.);
#3000=CARTESIAN_POINT('',(1.39E0,-3.1E0,1.42E0));
#3001=DIRECTION('',(0.E0,-1.E0,0.E0));
#3002=DIRECTION('',(1.E0,0.E0,0.E0));
#3003=AXIS2_PLACEMENT_3D('',#3000,#3001,#3002);
#3004=CYLINDRICAL_SURFACE('',#3003,5.E-1);
#3006=ORIENTED_EDGE('',*,*,#3005,.T.);
#3008=ORIENTED_EDGE('',*,*,#3007,.T.);
#3009=ORIENTED_EDGE('',*,*,#2549,.T.);
#3011=ORIENTED_EDGE('',*,*,#3010,.F.);
#3012=EDGE_LOOP('',(#3006,#3008,#3009,#3011));
#3013=FACE_OUTER_BOUND('',#3012,.F.);
#3015=CARTESIAN_POINT('',(1.39E0,-2.949999995434E0,1.42E0));
#3016=DIRECTION('',(0.E0,-1.E0,0.E0));
#3017=DIRECTION('',(0.E0,0.E0,-1.E0));
#3018=AXIS2_PLACEMENT_3D('',#3015,#3016,#3017);
#3019=CONICAL_SURFACE('',#3018,6.499999954338E-1,4.5E1);
#3020=ORIENTED_EDGE('',*,*,#2047,.T.);
#3022=ORIENTED_EDGE('',*,*,#3021,.T.);
#3023=ORIENTED_EDGE('',*,*,#3005,.F.);
#3025=ORIENTED_EDGE('',*,*,#3024,.F.);
#3026=EDGE_LOOP('',(#3020,#3022,#3023,#3025));
#3027=FACE_OUTER_BOUND('',#3026,.F.);
#3029=CARTESIAN_POINT('',(1.39E0,-2.949999995434E0,1.42E0));
#3030=DIRECTION('',(0.E0,-1.E0,0.E0));
#3031=DIRECTION('',(0.E0,0.E0,-1.E0));
#3032=AXIS2_PLACEMENT_3D('',#3029,#3030,#3031);
#3033=CONICAL_SURFACE('',#3032,6.499999954338E-1,4.5E1);
#3034=ORIENTED_EDGE('',*,*,#2049,.T.);
#3035=ORIENTED_EDGE('',*,*,#3024,.T.);
#3037=ORIENTED_EDGE('',*,*,#3036,.F.);
#3038=ORIENTED_EDGE('',*,*,#3021,.F.);
#3039=EDGE_LOOP('',(#3034,#3035,#3037,#3038));
#3040=FACE_OUTER_BOUND('',#3039,.F.);
#3042=CARTESIAN_POINT('',(1.39E0,-3.1E0,1.42E0));
#3043=DIRECTION('',(0.E0,-1.E0,0.E0));
#3044=DIRECTION('',(1.E0,0.E0,0.E0));
#3045=AXIS2_PLACEMENT_3D('',#3042,#3043,#3044);
#3046=CYLINDRICAL_SURFACE('',#3045,5.E-1);
#3047=ORIENTED_EDGE('',*,*,#3036,.T.);
#3048=ORIENTED_EDGE('',*,*,#3010,.T.);
#3049=ORIENTED_EDGE('',*,*,#2551,.T.);
#3050=ORIENTED_EDGE('',*,*,#3007,.F.);
#3051=EDGE_LOOP('',(#3047,#3048,#3049,#3050));
#3052=FACE_OUTER_BOUND('',#3051,.F.);
#3054=CARTESIAN_POINT('',(4.16E0,-3.1E0,1.42E0));
#3055=DIRECTION('',(0.E0,-1.E0,0.E0));
#3056=DIRECTION('',(1.E0,0.E0,0.E0));
#3057=AXIS2_PLACEMENT_3D('',#3054,#3055,#3056);
#3058=CYLINDRICAL_SURFACE('',#3057,5.E-1);
#3060=ORIENTED_EDGE('',*,*,#3059,.T.);
#3062=ORIENTED_EDGE('',*,*,#3061,.T.);
#3063=ORIENTED_EDGE('',*,*,#2555,.T.);
#3065=ORIENTED_EDGE('',*,*,#3064,.F.);
#3066=EDGE_LOOP('',(#3060,#3062,#3063,#3065));
#3067=FACE_OUTER_BOUND('',#3066,.F.);
#3069=CARTESIAN_POINT('',(4.16E0,-2.949999995434E0,1.42E0));
#3070=DIRECTION('',(0.E0,-1.E0,0.E0));
#3071=DIRECTION('',(0.E0,0.E0,-1.E0));
#3072=AXIS2_PLACEMENT_3D('',#3069,#3070,#3071);
#3073=CONICAL_SURFACE('',#3072,6.499999954338E-1,4.5E1);
#3074=ORIENTED_EDGE('',*,*,#2053,.T.);
#3076=ORIENTED_EDGE('',*,*,#3075,.T.);
#3077=ORIENTED_EDGE('',*,*,#3059,.F.);
#3079=ORIENTED_EDGE('',*,*,#3078,.F.);
#3080=EDGE_LOOP('',(#3074,#3076,#3077,#3079));
#3081=FACE_OUTER_BOUND('',#3080,.F.);
#3083=CARTESIAN_POINT('',(4.16E0,-2.949999995434E0,1.42E0));
#3084=DIRECTION('',(0.E0,-1.E0,0.E0));
#3085=DIRECTION('',(0.E0,0.E0,-1.E0));
#3086=AXIS2_PLACEMENT_3D('',#3083,#3084,#3085);
#3087=CONICAL_SURFACE('',#3086,6.499999954338E-1,4.5E1);
#3088=ORIENTED_EDGE('',*,*,#2055,.T.);
#3089=ORIENTED_EDGE('',*,*,#3078,.T.);
#3091=ORIENTED_EDGE('',*,*,#3090,.F.);
#3092=ORIENTED_EDGE('',*,*,#3075,.F.);
#3093=EDGE_LOOP('',(#3088,#3089,#3091,#3092));
#3094=FACE_OUTER_BOUND('',#3093,.F.);
#3096=CARTESIAN_POINT('',(4.16E0,-3.1E0,1.42E0));
#3097=DIRECTION('',(0.E0,-1.E0,0.E0));
#3098=DIRECTION('',(1.E0,0.E0,0.E0));
#3099=AXIS2_PLACEMENT_3D('',#3096,#3097,#3098);
#3100=CYLINDRICAL_SURFACE('',#3099,5.E-1);
#3101=ORIENTED_EDGE('',*,*,#3090,.T.);
#3102=ORIENTED_EDGE('',*,*,#3064,.T.);
#3103=ORIENTED_EDGE('',*,*,#2557,.T.);
#3104=ORIENTED_EDGE('',*,*,#3061,.F.);
#3105=EDGE_LOOP('',(#3101,#3102,#3103,#3104));
#3106=FACE_OUTER_BOUND('',#3105,.F.);
#3108=CARTESIAN_POINT('',(6.93E0,-3.1E0,1.42E0));
#3109=DIRECTION('',(0.E0,-1.E0,0.E0));
#3110=DIRECTION('',(1.E0,0.E0,0.E0));
#3111=AXIS2_PLACEMENT_3D('',#3108,#3109,#3110);
#3112=CYLINDRICAL_SURFACE('',#3111,5.E-1);
#3114=ORIENTED_EDGE('',*,*,#3113,.T.);
#3116=ORIENTED_EDGE('',*,*,#3115,.T.);
#3117=ORIENTED_EDGE('',*,*,#2561,.T.);
#3119=ORIENTED_EDGE('',*,*,#3118,.F.);
#3120=EDGE_LOOP('',(#3114,#3116,#3117,#3119));
#3121=FACE_OUTER_BOUND('',#3120,.F.);
#3123=CARTESIAN_POINT('',(6.93E0,-2.949999995434E0,1.42E0));
#3124=DIRECTION('',(0.E0,-1.E0,0.E0));
#3125=DIRECTION('',(0.E0,0.E0,-1.E0));
#3126=AXIS2_PLACEMENT_3D('',#3123,#3124,#3125);
#3127=CONICAL_SURFACE('',#3126,6.499999954338E-1,4.5E1);
#3128=ORIENTED_EDGE('',*,*,#2059,.T.);
#3130=ORIENTED_EDGE('',*,*,#3129,.T.);
#3131=ORIENTED_EDGE('',*,*,#3113,.F.);
#3133=ORIENTED_EDGE('',*,*,#3132,.F.);
#3134=EDGE_LOOP('',(#3128,#3130,#3131,#3133));
#3135=FACE_OUTER_BOUND('',#3134,.F.);
#3137=CARTESIAN_POINT('',(6.93E0,-2.949999995434E0,1.42E0));
#3138=DIRECTION('',(0.E0,-1.E0,0.E0));
#3139=DIRECTION('',(0.E0,0.E0,-1.E0));
#3140=AXIS2_PLACEMENT_3D('',#3137,#3138,#3139);
#3141=CONICAL_SURFACE('',#3140,6.499999954338E-1,4.5E1);
#3142=ORIENTED_EDGE('',*,*,#2061,.T.);
#3143=ORIENTED_EDGE('',*,*,#3132,.T.);
#3145=ORIENTED_EDGE('',*,*,#3144,.F.);
#3146=ORIENTED_EDGE('',*,*,#3129,.F.);
#3147=EDGE_LOOP('',(#3142,#3143,#3145,#3146));
#3148=FACE_OUTER_BOUND('',#3147,.F.);
#3150=CARTESIAN_POINT('',(6.93E0,-3.1E0,1.42E0));
#3151=DIRECTION('',(0.E0,-1.E0,0.E0));
#3152=DIRECTION('',(1.E0,0.E0,0.E0));
#3153=AXIS2_PLACEMENT_3D('',#3150,#3151,#3152);
#3154=CYLINDRICAL_SURFACE('',#3153,5.E-1);
#3155=ORIENTED_EDGE('',*,*,#3144,.T.);
#3156=ORIENTED_EDGE('',*,*,#3118,.T.);
#3157=ORIENTED_EDGE('',*,*,#2563,.T.);
#3158=ORIENTED_EDGE('',*,*,#3115,.F.);
#3159=EDGE_LOOP('',(#3155,#3156,#3157,#3158));
#3160=FACE_OUTER_BOUND('',#3159,.F.);
#3162=CARTESIAN_POINT('',(9.7E0,-3.1E0,1.42E0));
#3163=DIRECTION('',(0.E0,-1.E0,0.E0));
#3164=DIRECTION('',(1.E0,0.E0,0.E0));
#3165=AXIS2_PLACEMENT_3D('',#3162,#3163,#3164);
#3166=CYLINDRICAL_SURFACE('',#3165,5.E-1);
#3168=ORIENTED_EDGE('',*,*,#3167,.T.);
#3170=ORIENTED_EDGE('',*,*,#3169,.T.);
#3171=ORIENTED_EDGE('',*,*,#2567,.T.);
#3173=ORIENTED_EDGE('',*,*,#3172,.F.);
#3174=EDGE_LOOP('',(#3168,#3170,#3171,#3173));
#3175=FACE_OUTER_BOUND('',#3174,.F.);
#3177=CARTESIAN_POINT('',(9.7E0,-2.949999995434E0,1.42E0));
#3178=DIRECTION('',(0.E0,-1.E0,0.E0));
#3179=DIRECTION('',(0.E0,0.E0,-1.E0));
#3180=AXIS2_PLACEMENT_3D('',#3177,#3178,#3179);
#3181=CONICAL_SURFACE('',#3180,6.499999954338E-1,4.5E1);
#3182=ORIENTED_EDGE('',*,*,#2065,.T.);
#3184=ORIENTED_EDGE('',*,*,#3183,.T.);
#3185=ORIENTED_EDGE('',*,*,#3167,.F.);
#3187=ORIENTED_EDGE('',*,*,#3186,.F.);
#3188=EDGE_LOOP('',(#3182,#3184,#3185,#3187));
#3189=FACE_OUTER_BOUND('',#3188,.F.);
#3191=CARTESIAN_POINT('',(9.7E0,-2.949999995434E0,1.42E0));
#3192=DIRECTION('',(0.E0,-1.E0,0.E0));
#3193=DIRECTION('',(0.E0,0.E0,-1.E0));
#3194=AXIS2_PLACEMENT_3D('',#3191,#3192,#3193);
#3195=CONICAL_SURFACE('',#3194,6.499999954338E-1,4.5E1);
#3196=ORIENTED_EDGE('',*,*,#2067,.T.);
#3197=ORIENTED_EDGE('',*,*,#3186,.T.);
#3199=ORIENTED_EDGE('',*,*,#3198,.F.);
#3200=ORIENTED_EDGE('',*,*,#3183,.F.);
#3201=EDGE_LOOP('',(#3196,#3197,#3199,#3200));
#3202=FACE_OUTER_BOUND('',#3201,.F.);
#3204=CARTESIAN_POINT('',(9.7E0,-3.1E0,1.42E0));
#3205=DIRECTION('',(0.E0,-1.E0,0.E0));
#3206=DIRECTION('',(1.E0,0.E0,0.E0));
#3207=AXIS2_PLACEMENT_3D('',#3204,#3205,#3206);
#3208=CYLINDRICAL_SURFACE('',#3207,5.E-1);
#3209=ORIENTED_EDGE('',*,*,#3198,.T.);
#3210=ORIENTED_EDGE('',*,*,#3172,.T.);
#3211=ORIENTED_EDGE('',*,*,#2569,.T.);
#3212=ORIENTED_EDGE('',*,*,#3169,.F.);
#3213=EDGE_LOOP('',(#3209,#3210,#3211,#3212));
#3214=FACE_OUTER_BOUND('',#3213,.F.);
#3216=CARTESIAN_POINT('',(1.247E1,-3.1E0,1.42E0));
#3217=DIRECTION('',(0.E0,-1.E0,0.E0));
#3218=DIRECTION('',(1.E0,0.E0,0.E0));
#3219=AXIS2_PLACEMENT_3D('',#3216,#3217,#3218);
#3220=CYLINDRICAL_SURFACE('',#3219,5.E-1);
#3222=ORIENTED_EDGE('',*,*,#3221,.T.);
#3224=ORIENTED_EDGE('',*,*,#3223,.T.);
#3225=ORIENTED_EDGE('',*,*,#2573,.T.);
#3227=ORIENTED_EDGE('',*,*,#3226,.F.);
#3228=EDGE_LOOP('',(#3222,#3224,#3225,#3227));
#3229=FACE_OUTER_BOUND('',#3228,.F.);
#3231=CARTESIAN_POINT('',(1.247E1,-2.949999995434E0,1.42E0));
#3232=DIRECTION('',(0.E0,-1.E0,0.E0));
#3233=DIRECTION('',(0.E0,0.E0,-1.E0));
#3234=AXIS2_PLACEMENT_3D('',#3231,#3232,#3233);
#3235=CONICAL_SURFACE('',#3234,6.499999954338E-1,4.5E1);
#3236=ORIENTED_EDGE('',*,*,#2071,.T.);
#3238=ORIENTED_EDGE('',*,*,#3237,.T.);
#3239=ORIENTED_EDGE('',*,*,#3221,.F.);
#3241=ORIENTED_EDGE('',*,*,#3240,.F.);
#3242=EDGE_LOOP('',(#3236,#3238,#3239,#3241));
#3243=FACE_OUTER_BOUND('',#3242,.F.);
#3245=CARTESIAN_POINT('',(1.247E1,-2.949999995434E0,1.42E0));
#3246=DIRECTION('',(0.E0,-1.E0,0.E0));
#3247=DIRECTION('',(0.E0,0.E0,-1.E0));
#3248=AXIS2_PLACEMENT_3D('',#3245,#3246,#3247);
#3249=CONICAL_SURFACE('',#3248,6.499999954338E-1,4.5E1);
#3250=ORIENTED_EDGE('',*,*,#2073,.T.);
#3251=ORIENTED_EDGE('',*,*,#3240,.T.);
#3253=ORIENTED_EDGE('',*,*,#3252,.F.);
#3254=ORIENTED_EDGE('',*,*,#3237,.F.);
#3255=EDGE_LOOP('',(#3250,#3251,#3253,#3254));
#3256=FACE_OUTER_BOUND('',#3255,.F.);
#3258=CARTESIAN_POINT('',(1.247E1,-3.1E0,1.42E0));
#3259=DIRECTION('',(0.E0,-1.E0,0.E0));
#3260=DIRECTION('',(1.E0,0.E0,0.E0));
#3261=AXIS2_PLACEMENT_3D('',#3258,#3259,#3260);
#3262=CYLINDRICAL_SURFACE('',#3261,5.E-1);
#3263=ORIENTED_EDGE('',*,*,#3252,.T.);
#3264=ORIENTED_EDGE('',*,*,#3226,.T.);
#3265=ORIENTED_EDGE('',*,*,#2575,.T.);
#3266=ORIENTED_EDGE('',*,*,#3223,.F.);
#3267=EDGE_LOOP('',(#3263,#3264,#3265,#3266));
#3268=FACE_OUTER_BOUND('',#3267,.F.);
#3270=CARTESIAN_POINT('',(1.524E1,-3.1E0,1.42E0));
#3271=DIRECTION('',(0.E0,-1.E0,0.E0));
#3272=DIRECTION('',(1.E0,0.E0,0.E0));
#3273=AXIS2_PLACEMENT_3D('',#3270,#3271,#3272);
#3274=CYLINDRICAL_SURFACE('',#3273,5.E-1);
#3276=ORIENTED_EDGE('',*,*,#3275,.T.);
#3278=ORIENTED_EDGE('',*,*,#3277,.T.);
#3279=ORIENTED_EDGE('',*,*,#2579,.T.);
#3281=ORIENTED_EDGE('',*,*,#3280,.F.);
#3282=EDGE_LOOP('',(#3276,#3278,#3279,#3281));
#3283=FACE_OUTER_BOUND('',#3282,.F.);
#3285=CARTESIAN_POINT('',(1.524E1,-2.949999995434E0,1.42E0));
#3286=DIRECTION('',(0.E0,-1.E0,0.E0));
#3287=DIRECTION('',(0.E0,0.E0,-1.E0));
#3288=AXIS2_PLACEMENT_3D('',#3285,#3286,#3287);
#3289=CONICAL_SURFACE('',#3288,6.499999954338E-1,4.5E1);
#3290=ORIENTED_EDGE('',*,*,#2077,.T.);
#3292=ORIENTED_EDGE('',*,*,#3291,.T.);
#3293=ORIENTED_EDGE('',*,*,#3275,.F.);
#3295=ORIENTED_EDGE('',*,*,#3294,.F.);
#3296=EDGE_LOOP('',(#3290,#3292,#3293,#3295));
#3297=FACE_OUTER_BOUND('',#3296,.F.);
#3299=CARTESIAN_POINT('',(1.524E1,-2.949999995434E0,1.42E0));
#3300=DIRECTION('',(0.E0,-1.E0,0.E0));
#3301=DIRECTION('',(0.E0,0.E0,-1.E0));
#3302=AXIS2_PLACEMENT_3D('',#3299,#3300,#3301);
#3303=CONICAL_SURFACE('',#3302,6.499999954338E-1,4.5E1);
#3304=ORIENTED_EDGE('',*,*,#2079,.T.);
#3305=ORIENTED_EDGE('',*,*,#3294,.T.);
#3307=ORIENTED_EDGE('',*,*,#3306,.F.);
#3308=ORIENTED_EDGE('',*,*,#3291,.F.);
#3309=EDGE_LOOP('',(#3304,#3305,#3307,#3308));
#3310=FACE_OUTER_BOUND('',#3309,.F.);
#3312=CARTESIAN_POINT('',(1.524E1,-3.1E0,1.42E0));
#3313=DIRECTION('',(0.E0,-1.E0,0.E0));
#3314=DIRECTION('',(1.E0,0.E0,0.E0));
#3315=AXIS2_PLACEMENT_3D('',#3312,#3313,#3314);
#3316=CYLINDRICAL_SURFACE('',#3315,5.E-1);
#3317=ORIENTED_EDGE('',*,*,#3306,.T.);
#3318=ORIENTED_EDGE('',*,*,#3280,.T.);
#3319=ORIENTED_EDGE('',*,*,#2581,.T.);
#3320=ORIENTED_EDGE('',*,*,#3277,.F.);
#3321=EDGE_LOOP('',(#3317,#3318,#3319,#3320));
#3322=FACE_OUTER_BOUND('',#3321,.F.);
#3324=CARTESIAN_POINT('',(-1.662E1,-3.1E0,-1.42E0));
#3325=DIRECTION('',(0.E0,-1.E0,0.E0));
#3326=DIRECTION('',(1.E0,0.E0,0.E0));
#3327=AXIS2_PLACEMENT_3D('',#3324,#3325,#3326);
#3328=CYLINDRICAL_SURFACE('',#3327,5.E-1);
#3330=ORIENTED_EDGE('',*,*,#3329,.T.);
#3332=ORIENTED_EDGE('',*,*,#3331,.T.);
#3333=ORIENTED_EDGE('',*,*,#2585,.T.);
#3335=ORIENTED_EDGE('',*,*,#3334,.F.);
#3336=EDGE_LOOP('',(#3330,#3332,#3333,#3335));
#3337=FACE_OUTER_BOUND('',#3336,.F.);
#3339=CARTESIAN_POINT('',(-1.662E1,-2.949999995434E0,-1.42E0));
#3340=DIRECTION('',(0.E0,-1.E0,0.E0));
#3341=DIRECTION('',(0.E0,0.E0,-1.E0));
#3342=AXIS2_PLACEMENT_3D('',#3339,#3340,#3341);
#3343=CONICAL_SURFACE('',#3342,6.499999954338E-1,4.5E1);
#3344=ORIENTED_EDGE('',*,*,#2083,.T.);
#3346=ORIENTED_EDGE('',*,*,#3345,.T.);
#3347=ORIENTED_EDGE('',*,*,#3329,.F.);
#3349=ORIENTED_EDGE('',*,*,#3348,.F.);
#3350=EDGE_LOOP('',(#3344,#3346,#3347,#3349));
#3351=FACE_OUTER_BOUND('',#3350,.F.);
#3353=CARTESIAN_POINT('',(-1.662E1,-2.949999995434E0,-1.42E0));
#3354=DIRECTION('',(0.E0,-1.E0,0.E0));
#3355=DIRECTION('',(0.E0,0.E0,-1.E0));
#3356=AXIS2_PLACEMENT_3D('',#3353,#3354,#3355);
#3357=CONICAL_SURFACE('',#3356,6.499999954338E-1,4.5E1);
#3358=ORIENTED_EDGE('',*,*,#2085,.T.);
#3359=ORIENTED_EDGE('',*,*,#3348,.T.);
#3361=ORIENTED_EDGE('',*,*,#3360,.F.);
#3362=ORIENTED_EDGE('',*,*,#3345,.F.);
#3363=EDGE_LOOP('',(#3358,#3359,#3361,#3362));
#3364=FACE_OUTER_BOUND('',#3363,.F.);
#3366=CARTESIAN_POINT('',(-1.662E1,-3.1E0,-1.42E0));
#3367=DIRECTION('',(0.E0,-1.E0,0.E0));
#3368=DIRECTION('',(1.E0,0.E0,0.E0));
#3369=AXIS2_PLACEMENT_3D('',#3366,#3367,#3368);
#3370=CYLINDRICAL_SURFACE('',#3369,5.E-1);
#3371=ORIENTED_EDGE('',*,*,#3360,.T.);
#3372=ORIENTED_EDGE('',*,*,#3334,.T.);
#3373=ORIENTED_EDGE('',*,*,#2587,.T.);
#3374=ORIENTED_EDGE('',*,*,#3331,.F.);
#3375=EDGE_LOOP('',(#3371,#3372,#3373,#3374));
#3376=FACE_OUTER_BOUND('',#3375,.F.);
#3378=CARTESIAN_POINT('',(-1.385E1,-3.1E0,-1.42E0));
#3379=DIRECTION('',(0.E0,-1.E0,0.E0));
#3380=DIRECTION('',(1.E0,0.E0,0.E0));
#3381=AXIS2_PLACEMENT_3D('',#3378,#3379,#3380);
#3382=CYLINDRICAL_SURFACE('',#3381,5.E-1);
#3384=ORIENTED_EDGE('',*,*,#3383,.T.);
#3386=ORIENTED_EDGE('',*,*,#3385,.T.);
#3387=ORIENTED_EDGE('',*,*,#2591,.T.);
#3389=ORIENTED_EDGE('',*,*,#3388,.F.);
#3390=EDGE_LOOP('',(#3384,#3386,#3387,#3389));
#3391=FACE_OUTER_BOUND('',#3390,.F.);
#3393=CARTESIAN_POINT('',(-1.385E1,-2.949999995434E0,-1.42E0));
#3394=DIRECTION('',(0.E0,-1.E0,0.E0));
#3395=DIRECTION('',(0.E0,0.E0,-1.E0));
#3396=AXIS2_PLACEMENT_3D('',#3393,#3394,#3395);
#3397=CONICAL_SURFACE('',#3396,6.499999954338E-1,4.5E1);
#3398=ORIENTED_EDGE('',*,*,#2089,.T.);
#3400=ORIENTED_EDGE('',*,*,#3399,.T.);
#3401=ORIENTED_EDGE('',*,*,#3383,.F.);
#3403=ORIENTED_EDGE('',*,*,#3402,.F.);
#3404=EDGE_LOOP('',(#3398,#3400,#3401,#3403));
#3405=FACE_OUTER_BOUND('',#3404,.F.);
#3407=CARTESIAN_POINT('',(-1.385E1,-2.949999995434E0,-1.42E0));
#3408=DIRECTION('',(0.E0,-1.E0,0.E0));
#3409=DIRECTION('',(0.E0,0.E0,-1.E0));
#3410=AXIS2_PLACEMENT_3D('',#3407,#3408,#3409);
#3411=CONICAL_SURFACE('',#3410,6.499999954338E-1,4.5E1);
#3412=ORIENTED_EDGE('',*,*,#2091,.T.);
#3413=ORIENTED_EDGE('',*,*,#3402,.T.);
#3415=ORIENTED_EDGE('',*,*,#3414,.F.);
#3416=ORIENTED_EDGE('',*,*,#3399,.F.);
#3417=EDGE_LOOP('',(#3412,#3413,#3415,#3416));
#3418=FACE_OUTER_BOUND('',#3417,.F.);
#3420=CARTESIAN_POINT('',(-1.385E1,-3.1E0,-1.42E0));
#3421=DIRECTION('',(0.E0,-1.E0,0.E0));
#3422=DIRECTION('',(1.E0,0.E0,0.E0));
#3423=AXIS2_PLACEMENT_3D('',#3420,#3421,#3422);
#3424=CYLINDRICAL_SURFACE('',#3423,5.E-1);
#3425=ORIENTED_EDGE('',*,*,#3414,.T.);
#3426=ORIENTED_EDGE('',*,*,#3388,.T.);
#3427=ORIENTED_EDGE('',*,*,#2593,.T.);
#3428=ORIENTED_EDGE('',*,*,#3385,.F.);
#3429=EDGE_LOOP('',(#3425,#3426,#3427,#3428));
#3430=FACE_OUTER_BOUND('',#3429,.F.);
#3432=CARTESIAN_POINT('',(-1.108E1,-3.1E0,-1.42E0));
#3433=DIRECTION('',(0.E0,-1.E0,0.E0));
#3434=DIRECTION('',(1.E0,0.E0,0.E0));
#3435=AXIS2_PLACEMENT_3D('',#3432,#3433,#3434);
#3436=CYLINDRICAL_SURFACE('',#3435,5.E-1);
#3438=ORIENTED_EDGE('',*,*,#3437,.T.);
#3440=ORIENTED_EDGE('',*,*,#3439,.T.);
#3441=ORIENTED_EDGE('',*,*,#2597,.T.);
#3443=ORIENTED_EDGE('',*,*,#3442,.F.);
#3444=EDGE_LOOP('',(#3438,#3440,#3441,#3443));
#3445=FACE_OUTER_BOUND('',#3444,.F.);
#3447=CARTESIAN_POINT('',(-1.108E1,-2.949999995434E0,-1.42E0));
#3448=DIRECTION('',(0.E0,-1.E0,0.E0));
#3449=DIRECTION('',(0.E0,0.E0,-1.E0));
#3450=AXIS2_PLACEMENT_3D('',#3447,#3448,#3449);
#3451=CONICAL_SURFACE('',#3450,6.499999954338E-1,4.5E1);
#3452=ORIENTED_EDGE('',*,*,#2095,.T.);
#3454=ORIENTED_EDGE('',*,*,#3453,.T.);
#3455=ORIENTED_EDGE('',*,*,#3437,.F.);
#3457=ORIENTED_EDGE('',*,*,#3456,.F.);
#3458=EDGE_LOOP('',(#3452,#3454,#3455,#3457));
#3459=FACE_OUTER_BOUND('',#3458,.F.);
#3461=CARTESIAN_POINT('',(-1.108E1,-2.949999995434E0,-1.42E0));
#3462=DIRECTION('',(0.E0,-1.E0,0.E0));
#3463=DIRECTION('',(0.E0,0.E0,-1.E0));
#3464=AXIS2_PLACEMENT_3D('',#3461,#3462,#3463);
#3465=CONICAL_SURFACE('',#3464,6.499999954338E-1,4.5E1);
#3466=ORIENTED_EDGE('',*,*,#2097,.T.);
#3467=ORIENTED_EDGE('',*,*,#3456,.T.);
#3469=ORIENTED_EDGE('',*,*,#3468,.F.);
#3470=ORIENTED_EDGE('',*,*,#3453,.F.);
#3471=EDGE_LOOP('',(#3466,#3467,#3469,#3470));
#3472=FACE_OUTER_BOUND('',#3471,.F.);
#3474=CARTESIAN_POINT('',(-1.108E1,-3.1E0,-1.42E0));
#3475=DIRECTION('',(0.E0,-1.E0,0.E0));
#3476=DIRECTION('',(1.E0,0.E0,0.E0));
#3477=AXIS2_PLACEMENT_3D('',#3474,#3475,#3476);
#3478=CYLINDRICAL_SURFACE('',#3477,5.E-1);
#3479=ORIENTED_EDGE('',*,*,#3468,.T.);
#3480=ORIENTED_EDGE('',*,*,#3442,.T.);
#3481=ORIENTED_EDGE('',*,*,#2599,.T.);
#3482=ORIENTED_EDGE('',*,*,#3439,.F.);
#3483=EDGE_LOOP('',(#3479,#3480,#3481,#3482));
#3484=FACE_OUTER_BOUND('',#3483,.F.);
#3486=CARTESIAN_POINT('',(-8.31E0,-3.1E0,-1.42E0));
#3487=DIRECTION('',(0.E0,-1.E0,0.E0));
#3488=DIRECTION('',(1.E0,0.E0,0.E0));
#3489=AXIS2_PLACEMENT_3D('',#3486,#3487,#3488);
#3490=CYLINDRICAL_SURFACE('',#3489,5.E-1);
#3492=ORIENTED_EDGE('',*,*,#3491,.T.);
#3494=ORIENTED_EDGE('',*,*,#3493,.T.);
#3495=ORIENTED_EDGE('',*,*,#2603,.T.);
#3497=ORIENTED_EDGE('',*,*,#3496,.F.);
#3498=EDGE_LOOP('',(#3492,#3494,#3495,#3497));
#3499=FACE_OUTER_BOUND('',#3498,.F.);
#3501=CARTESIAN_POINT('',(-8.31E0,-2.949999995434E0,-1.42E0));
#3502=DIRECTION('',(0.E0,-1.E0,0.E0));
#3503=DIRECTION('',(0.E0,0.E0,-1.E0));
#3504=AXIS2_PLACEMENT_3D('',#3501,#3502,#3503);
#3505=CONICAL_SURFACE('',#3504,6.499999954338E-1,4.5E1);
#3506=ORIENTED_EDGE('',*,*,#2101,.T.);
#3508=ORIENTED_EDGE('',*,*,#3507,.T.);
#3509=ORIENTED_EDGE('',*,*,#3491,.F.);
#3511=ORIENTED_EDGE('',*,*,#3510,.F.);
#3512=EDGE_LOOP('',(#3506,#3508,#3509,#3511));
#3513=FACE_OUTER_BOUND('',#3512,.F.);
#3515=CARTESIAN_POINT('',(-8.31E0,-2.949999995434E0,-1.42E0));
#3516=DIRECTION('',(0.E0,-1.E0,0.E0));
#3517=DIRECTION('',(0.E0,0.E0,-1.E0));
#3518=AXIS2_PLACEMENT_3D('',#3515,#3516,#3517);
#3519=CONICAL_SURFACE('',#3518,6.499999954338E-1,4.5E1);
#3520=ORIENTED_EDGE('',*,*,#2103,.T.);
#3521=ORIENTED_EDGE('',*,*,#3510,.T.);
#3523=ORIENTED_EDGE('',*,*,#3522,.F.);
#3524=ORIENTED_EDGE('',*,*,#3507,.F.);
#3525=EDGE_LOOP('',(#3520,#3521,#3523,#3524));
#3526=FACE_OUTER_BOUND('',#3525,.F.);
#3528=CARTESIAN_POINT('',(-8.31E0,-3.1E0,-1.42E0));
#3529=DIRECTION('',(0.E0,-1.E0,0.E0));
#3530=DIRECTION('',(1.E0,0.E0,0.E0));
#3531=AXIS2_PLACEMENT_3D('',#3528,#3529,#3530);
#3532=CYLINDRICAL_SURFACE('',#3531,5.E-1);
#3533=ORIENTED_EDGE('',*,*,#3522,.T.);
#3534=ORIENTED_EDGE('',*,*,#3496,.T.);
#3535=ORIENTED_EDGE('',*,*,#2605,.T.);
#3536=ORIENTED_EDGE('',*,*,#3493,.F.);
#3537=EDGE_LOOP('',(#3533,#3534,#3535,#3536));
#3538=FACE_OUTER_BOUND('',#3537,.F.);
#3540=CARTESIAN_POINT('',(-5.54E0,-3.1E0,-1.42E0));
#3541=DIRECTION('',(0.E0,-1.E0,0.E0));
#3542=DIRECTION('',(1.E0,0.E0,0.E0));
#3543=AXIS2_PLACEMENT_3D('',#3540,#3541,#3542);
#3544=CYLINDRICAL_SURFACE('',#3543,5.E-1);
#3546=ORIENTED_EDGE('',*,*,#3545,.T.);
#3548=ORIENTED_EDGE('',*,*,#3547,.T.);
#3549=ORIENTED_EDGE('',*,*,#2609,.T.);
#3551=ORIENTED_EDGE('',*,*,#3550,.F.);
#3552=EDGE_LOOP('',(#3546,#3548,#3549,#3551));
#3553=FACE_OUTER_BOUND('',#3552,.F.);
#3555=CARTESIAN_POINT('',(-5.54E0,-2.949999995434E0,-1.42E0));
#3556=DIRECTION('',(0.E0,-1.E0,0.E0));
#3557=DIRECTION('',(0.E0,0.E0,-1.E0));
#3558=AXIS2_PLACEMENT_3D('',#3555,#3556,#3557);
#3559=CONICAL_SURFACE('',#3558,6.499999954338E-1,4.5E1);
#3560=ORIENTED_EDGE('',*,*,#2107,.T.);
#3562=ORIENTED_EDGE('',*,*,#3561,.T.);
#3563=ORIENTED_EDGE('',*,*,#3545,.F.);
#3565=ORIENTED_EDGE('',*,*,#3564,.F.);
#3566=EDGE_LOOP('',(#3560,#3562,#3563,#3565));
#3567=FACE_OUTER_BOUND('',#3566,.F.);
#3569=CARTESIAN_POINT('',(-5.54E0,-2.949999995434E0,-1.42E0));
#3570=DIRECTION('',(0.E0,-1.E0,0.E0));
#3571=DIRECTION('',(0.E0,0.E0,-1.E0));
#3572=AXIS2_PLACEMENT_3D('',#3569,#3570,#3571);
#3573=CONICAL_SURFACE('',#3572,6.499999954338E-1,4.5E1);
#3574=ORIENTED_EDGE('',*,*,#2109,.T.);
#3575=ORIENTED_EDGE('',*,*,#3564,.T.);
#3577=ORIENTED_EDGE('',*,*,#3576,.F.);
#3578=ORIENTED_EDGE('',*,*,#3561,.F.);
#3579=EDGE_LOOP('',(#3574,#3575,#3577,#3578));
#3580=FACE_OUTER_BOUND('',#3579,.F.);
#3582=CARTESIAN_POINT('',(-5.54E0,-3.1E0,-1.42E0));
#3583=DIRECTION('',(0.E0,-1.E0,0.E0));
#3584=DIRECTION('',(1.E0,0.E0,0.E0));
#3585=AXIS2_PLACEMENT_3D('',#3582,#3583,#3584);
#3586=CYLINDRICAL_SURFACE('',#3585,5.E-1);
#3587=ORIENTED_EDGE('',*,*,#3576,.T.);
#3588=ORIENTED_EDGE('',*,*,#3550,.T.);
#3589=ORIENTED_EDGE('',*,*,#2611,.T.);
#3590=ORIENTED_EDGE('',*,*,#3547,.F.);
#3591=EDGE_LOOP('',(#3587,#3588,#3589,#3590));
#3592=FACE_OUTER_BOUND('',#3591,.F.);
#3594=CARTESIAN_POINT('',(-2.77E0,-3.1E0,-1.42E0));
#3595=DIRECTION('',(0.E0,-1.E0,0.E0));
#3596=DIRECTION('',(1.E0,0.E0,0.E0));
#3597=AXIS2_PLACEMENT_3D('',#3594,#3595,#3596);
#3598=CYLINDRICAL_SURFACE('',#3597,5.E-1);
#3600=ORIENTED_EDGE('',*,*,#3599,.T.);
#3602=ORIENTED_EDGE('',*,*,#3601,.T.);
#3603=ORIENTED_EDGE('',*,*,#2615,.T.);
#3605=ORIENTED_EDGE('',*,*,#3604,.F.);
#3606=EDGE_LOOP('',(#3600,#3602,#3603,#3605));
#3607=FACE_OUTER_BOUND('',#3606,.F.);
#3609=CARTESIAN_POINT('',(-2.77E0,-2.949999995434E0,-1.42E0));
#3610=DIRECTION('',(0.E0,-1.E0,0.E0));
#3611=DIRECTION('',(0.E0,0.E0,-1.E0));
#3612=AXIS2_PLACEMENT_3D('',#3609,#3610,#3611);
#3613=CONICAL_SURFACE('',#3612,6.499999954338E-1,4.5E1);
#3614=ORIENTED_EDGE('',*,*,#2113,.T.);
#3616=ORIENTED_EDGE('',*,*,#3615,.T.);
#3617=ORIENTED_EDGE('',*,*,#3599,.F.);
#3619=ORIENTED_EDGE('',*,*,#3618,.F.);
#3620=EDGE_LOOP('',(#3614,#3616,#3617,#3619));
#3621=FACE_OUTER_BOUND('',#3620,.F.);
#3623=CARTESIAN_POINT('',(-2.77E0,-2.949999995434E0,-1.42E0));
#3624=DIRECTION('',(0.E0,-1.E0,0.E0));
#3625=DIRECTION('',(0.E0,0.E0,-1.E0));
#3626=AXIS2_PLACEMENT_3D('',#3623,#3624,#3625);
#3627=CONICAL_SURFACE('',#3626,6.499999954338E-1,4.5E1);
#3628=ORIENTED_EDGE('',*,*,#2115,.T.);
#3629=ORIENTED_EDGE('',*,*,#3618,.T.);
#3631=ORIENTED_EDGE('',*,*,#3630,.F.);
#3632=ORIENTED_EDGE('',*,*,#3615,.F.);
#3633=EDGE_LOOP('',(#3628,#3629,#3631,#3632));
#3634=FACE_OUTER_BOUND('',#3633,.F.);
#3636=CARTESIAN_POINT('',(-2.77E0,-3.1E0,-1.42E0));
#3637=DIRECTION('',(0.E0,-1.E0,0.E0));
#3638=DIRECTION('',(1.E0,0.E0,0.E0));
#3639=AXIS2_PLACEMENT_3D('',#3636,#3637,#3638);
#3640=CYLINDRICAL_SURFACE('',#3639,5.E-1);
#3641=ORIENTED_EDGE('',*,*,#3630,.T.);
#3642=ORIENTED_EDGE('',*,*,#3604,.T.);
#3643=ORIENTED_EDGE('',*,*,#2617,.T.);
#3644=ORIENTED_EDGE('',*,*,#3601,.F.);
#3645=EDGE_LOOP('',(#3641,#3642,#3643,#3644));
#3646=FACE_OUTER_BOUND('',#3645,.F.);
#3648=CARTESIAN_POINT('',(0.E0,-3.1E0,-1.42E0));
#3649=DIRECTION('',(0.E0,-1.E0,0.E0));
#3650=DIRECTION('',(1.E0,0.E0,0.E0));
#3651=AXIS2_PLACEMENT_3D('',#3648,#3649,#3650);
#3652=CYLINDRICAL_SURFACE('',#3651,5.E-1);
#3654=ORIENTED_EDGE('',*,*,#3653,.T.);
#3656=ORIENTED_EDGE('',*,*,#3655,.T.);
#3657=ORIENTED_EDGE('',*,*,#2621,.T.);
#3659=ORIENTED_EDGE('',*,*,#3658,.F.);
#3660=EDGE_LOOP('',(#3654,#3656,#3657,#3659));
#3661=FACE_OUTER_BOUND('',#3660,.F.);
#3663=CARTESIAN_POINT('',(0.E0,-2.949999995434E0,-1.42E0));
#3664=DIRECTION('',(0.E0,-1.E0,0.E0));
#3665=DIRECTION('',(0.E0,0.E0,-1.E0));
#3666=AXIS2_PLACEMENT_3D('',#3663,#3664,#3665);
#3667=CONICAL_SURFACE('',#3666,6.499999954338E-1,4.5E1);
#3668=ORIENTED_EDGE('',*,*,#2119,.T.);
#3670=ORIENTED_EDGE('',*,*,#3669,.T.);
#3671=ORIENTED_EDGE('',*,*,#3653,.F.);
#3673=ORIENTED_EDGE('',*,*,#3672,.F.);
#3674=EDGE_LOOP('',(#3668,#3670,#3671,#3673));
#3675=FACE_OUTER_BOUND('',#3674,.F.);
#3677=CARTESIAN_POINT('',(0.E0,-2.949999995434E0,-1.42E0));
#3678=DIRECTION('',(0.E0,-1.E0,0.E0));
#3679=DIRECTION('',(0.E0,0.E0,-1.E0));
#3680=AXIS2_PLACEMENT_3D('',#3677,#3678,#3679);
#3681=CONICAL_SURFACE('',#3680,6.499999954338E-1,4.5E1);
#3682=ORIENTED_EDGE('',*,*,#2121,.T.);
#3683=ORIENTED_EDGE('',*,*,#3672,.T.);
#3685=ORIENTED_EDGE('',*,*,#3684,.F.);
#3686=ORIENTED_EDGE('',*,*,#3669,.F.);
#3687=EDGE_LOOP('',(#3682,#3683,#3685,#3686));
#3688=FACE_OUTER_BOUND('',#3687,.F.);
#3690=CARTESIAN_POINT('',(0.E0,-3.1E0,-1.42E0));
#3691=DIRECTION('',(0.E0,-1.E0,0.E0));
#3692=DIRECTION('',(1.E0,0.E0,0.E0));
#3693=AXIS2_PLACEMENT_3D('',#3690,#3691,#3692);
#3694=CYLINDRICAL_SURFACE('',#3693,5.E-1);
#3695=ORIENTED_EDGE('',*,*,#3684,.T.);
#3696=ORIENTED_EDGE('',*,*,#3658,.T.);
#3697=ORIENTED_EDGE('',*,*,#2623,.T.);
#3698=ORIENTED_EDGE('',*,*,#3655,.F.);
#3699=EDGE_LOOP('',(#3695,#3696,#3697,#3698));
#3700=FACE_OUTER_BOUND('',#3699,.F.);
#3702=CARTESIAN_POINT('',(2.77E0,-3.1E0,-1.42E0));
#3703=DIRECTION('',(0.E0,-1.E0,0.E0));
#3704=DIRECTION('',(1.E0,0.E0,0.E0));
#3705=AXIS2_PLACEMENT_3D('',#3702,#3703,#3704);
#3706=CYLINDRICAL_SURFACE('',#3705,5.E-1);
#3708=ORIENTED_EDGE('',*,*,#3707,.T.);
#3710=ORIENTED_EDGE('',*,*,#3709,.T.);
#3711=ORIENTED_EDGE('',*,*,#2627,.T.);
#3713=ORIENTED_EDGE('',*,*,#3712,.F.);
#3714=EDGE_LOOP('',(#3708,#3710,#3711,#3713));
#3715=FACE_OUTER_BOUND('',#3714,.F.);
#3717=CARTESIAN_POINT('',(2.77E0,-2.949999995434E0,-1.42E0));
#3718=DIRECTION('',(0.E0,-1.E0,0.E0));
#3719=DIRECTION('',(0.E0,0.E0,-1.E0));
#3720=AXIS2_PLACEMENT_3D('',#3717,#3718,#3719);
#3721=CONICAL_SURFACE('',#3720,6.499999954338E-1,4.5E1);
#3722=ORIENTED_EDGE('',*,*,#2125,.T.);
#3724=ORIENTED_EDGE('',*,*,#3723,.T.);
#3725=ORIENTED_EDGE('',*,*,#3707,.F.);
#3727=ORIENTED_EDGE('',*,*,#3726,.F.);
#3728=EDGE_LOOP('',(#3722,#3724,#3725,#3727));
#3729=FACE_OUTER_BOUND('',#3728,.F.);
#3731=CARTESIAN_POINT('',(2.77E0,-2.949999995434E0,-1.42E0));
#3732=DIRECTION('',(0.E0,-1.E0,0.E0));
#3733=DIRECTION('',(0.E0,0.E0,-1.E0));
#3734=AXIS2_PLACEMENT_3D('',#3731,#3732,#3733);
#3735=CONICAL_SURFACE('',#3734,6.499999954338E-1,4.5E1);
#3736=ORIENTED_EDGE('',*,*,#2127,.T.);
#3737=ORIENTED_EDGE('',*,*,#3726,.T.);
#3739=ORIENTED_EDGE('',*,*,#3738,.F.);
#3740=ORIENTED_EDGE('',*,*,#3723,.F.);
#3741=EDGE_LOOP('',(#3736,#3737,#3739,#3740));
#3742=FACE_OUTER_BOUND('',#3741,.F.);
#3744=CARTESIAN_POINT('',(2.77E0,-3.1E0,-1.42E0));
#3745=DIRECTION('',(0.E0,-1.E0,0.E0));
#3746=DIRECTION('',(1.E0,0.E0,0.E0));
#3747=AXIS2_PLACEMENT_3D('',#3744,#3745,#3746);
#3748=CYLINDRICAL_SURFACE('',#3747,5.E-1);
#3749=ORIENTED_EDGE('',*,*,#3738,.T.);
#3750=ORIENTED_EDGE('',*,*,#3712,.T.);
#3751=ORIENTED_EDGE('',*,*,#2629,.T.);
#3752=ORIENTED_EDGE('',*,*,#3709,.F.);
#3753=EDGE_LOOP('',(#3749,#3750,#3751,#3752));
#3754=FACE_OUTER_BOUND('',#3753,.F.);
#3756=CARTESIAN_POINT('',(5.54E0,-3.1E0,-1.42E0));
#3757=DIRECTION('',(0.E0,-1.E0,0.E0));
#3758=DIRECTION('',(1.E0,0.E0,0.E0));
#3759=AXIS2_PLACEMENT_3D('',#3756,#3757,#3758);
#3760=CYLINDRICAL_SURFACE('',#3759,5.E-1);
#3762=ORIENTED_EDGE('',*,*,#3761,.T.);
#3764=ORIENTED_EDGE('',*,*,#3763,.T.);
#3765=ORIENTED_EDGE('',*,*,#2633,.T.);
#3767=ORIENTED_EDGE('',*,*,#3766,.F.);
#3768=EDGE_LOOP('',(#3762,#3764,#3765,#3767));
#3769=FACE_OUTER_BOUND('',#3768,.F.);
#3771=CARTESIAN_POINT('',(5.54E0,-2.949999995434E0,-1.42E0));
#3772=DIRECTION('',(0.E0,-1.E0,0.E0));
#3773=DIRECTION('',(0.E0,0.E0,-1.E0));
#3774=AXIS2_PLACEMENT_3D('',#3771,#3772,#3773);
#3775=CONICAL_SURFACE('',#3774,6.499999954338E-1,4.5E1);
#3776=ORIENTED_EDGE('',*,*,#2131,.T.);
#3778=ORIENTED_EDGE('',*,*,#3777,.T.);
#3779=ORIENTED_EDGE('',*,*,#3761,.F.);
#3781=ORIENTED_EDGE('',*,*,#3780,.F.);
#3782=EDGE_LOOP('',(#3776,#3778,#3779,#3781));
#3783=FACE_OUTER_BOUND('',#3782,.F.);
#3785=CARTESIAN_POINT('',(5.54E0,-2.949999995434E0,-1.42E0));
#3786=DIRECTION('',(0.E0,-1.E0,0.E0));
#3787=DIRECTION('',(0.E0,0.E0,-1.E0));
#3788=AXIS2_PLACEMENT_3D('',#3785,#3786,#3787);
#3789=CONICAL_SURFACE('',#3788,6.499999954338E-1,4.5E1);
#3790=ORIENTED_EDGE('',*,*,#2133,.T.);
#3791=ORIENTED_EDGE('',*,*,#3780,.T.);
#3793=ORIENTED_EDGE('',*,*,#3792,.F.);
#3794=ORIENTED_EDGE('',*,*,#3777,.F.);
#3795=EDGE_LOOP('',(#3790,#3791,#3793,#3794));
#3796=FACE_OUTER_BOUND('',#3795,.F.);
#3798=CARTESIAN_POINT('',(5.54E0,-3.1E0,-1.42E0));
#3799=DIRECTION('',(0.E0,-1.E0,0.E0));
#3800=DIRECTION('',(1.E0,0.E0,0.E0));
#3801=AXIS2_PLACEMENT_3D('',#3798,#3799,#3800);
#3802=CYLINDRICAL_SURFACE('',#3801,5.E-1);
#3803=ORIENTED_EDGE('',*,*,#3792,.T.);
#3804=ORIENTED_EDGE('',*,*,#3766,.T.);
#3805=ORIENTED_EDGE('',*,*,#2635,.T.);
#3806=ORIENTED_EDGE('',*,*,#3763,.F.);
#3807=EDGE_LOOP('',(#3803,#3804,#3805,#3806));
#3808=FACE_OUTER_BOUND('',#3807,.F.);
#3810=CARTESIAN_POINT('',(8.31E0,-3.1E0,-1.42E0));
#3811=DIRECTION('',(0.E0,-1.E0,0.E0));
#3812=DIRECTION('',(1.E0,0.E0,0.E0));
#3813=AXIS2_PLACEMENT_3D('',#3810,#3811,#3812);
#3814=CYLINDRICAL_SURFACE('',#3813,5.E-1);
#3816=ORIENTED_EDGE('',*,*,#3815,.T.);
#3818=ORIENTED_EDGE('',*,*,#3817,.T.);
#3819=ORIENTED_EDGE('',*,*,#2639,.T.);
#3821=ORIENTED_EDGE('',*,*,#3820,.F.);
#3822=EDGE_LOOP('',(#3816,#3818,#3819,#3821));
#3823=FACE_OUTER_BOUND('',#3822,.F.);
#3825=CARTESIAN_POINT('',(8.31E0,-2.949999995434E0,-1.42E0));
#3826=DIRECTION('',(0.E0,-1.E0,0.E0));
#3827=DIRECTION('',(0.E0,0.E0,-1.E0));
#3828=AXIS2_PLACEMENT_3D('',#3825,#3826,#3827);
#3829=CONICAL_SURFACE('',#3828,6.499999954338E-1,4.5E1);
#3830=ORIENTED_EDGE('',*,*,#2137,.T.);
#3832=ORIENTED_EDGE('',*,*,#3831,.T.);
#3833=ORIENTED_EDGE('',*,*,#3815,.F.);
#3835=ORIENTED_EDGE('',*,*,#3834,.F.);
#3836=EDGE_LOOP('',(#3830,#3832,#3833,#3835));
#3837=FACE_OUTER_BOUND('',#3836,.F.);
#3839=CARTESIAN_POINT('',(8.31E0,-2.949999995434E0,-1.42E0));
#3840=DIRECTION('',(0.E0,-1.E0,0.E0));
#3841=DIRECTION('',(0.E0,0.E0,-1.E0));
#3842=AXIS2_PLACEMENT_3D('',#3839,#3840,#3841);
#3843=CONICAL_SURFACE('',#3842,6.499999954338E-1,4.5E1);
#3844=ORIENTED_EDGE('',*,*,#2139,.T.);
#3845=ORIENTED_EDGE('',*,*,#3834,.T.);
#3847=ORIENTED_EDGE('',*,*,#3846,.F.);
#3848=ORIENTED_EDGE('',*,*,#3831,.F.);
#3849=EDGE_LOOP('',(#3844,#3845,#3847,#3848));
#3850=FACE_OUTER_BOUND('',#3849,.F.);
#3852=CARTESIAN_POINT('',(8.31E0,-3.1E0,-1.42E0));
#3853=DIRECTION('',(0.E0,-1.E0,0.E0));
#3854=DIRECTION('',(1.E0,0.E0,0.E0));
#3855=AXIS2_PLACEMENT_3D('',#3852,#3853,#3854);
#3856=CYLINDRICAL_SURFACE('',#3855,5.E-1);
#3857=ORIENTED_EDGE('',*,*,#3846,.T.);
#3858=ORIENTED_EDGE('',*,*,#3820,.T.);
#3859=ORIENTED_EDGE('',*,*,#2641,.T.);
#3860=ORIENTED_EDGE('',*,*,#3817,.F.);
#3861=EDGE_LOOP('',(#3857,#3858,#3859,#3860));
#3862=FACE_OUTER_BOUND('',#3861,.F.);
#3864=CARTESIAN_POINT('',(1.108E1,-3.1E0,-1.42E0));
#3865=DIRECTION('',(0.E0,-1.E0,0.E0));
#3866=DIRECTION('',(1.E0,0.E0,0.E0));
#3867=AXIS2_PLACEMENT_3D('',#3864,#3865,#3866);
#3868=CYLINDRICAL_SURFACE('',#3867,5.E-1);
#3870=ORIENTED_EDGE('',*,*,#3869,.T.);
#3872=ORIENTED_EDGE('',*,*,#3871,.T.);
#3873=ORIENTED_EDGE('',*,*,#2645,.T.);
#3875=ORIENTED_EDGE('',*,*,#3874,.F.);
#3876=EDGE_LOOP('',(#3870,#3872,#3873,#3875));
#3877=FACE_OUTER_BOUND('',#3876,.F.);
#3879=CARTESIAN_POINT('',(1.108E1,-2.949999995434E0,-1.42E0));
#3880=DIRECTION('',(0.E0,-1.E0,0.E0));
#3881=DIRECTION('',(0.E0,0.E0,-1.E0));
#3882=AXIS2_PLACEMENT_3D('',#3879,#3880,#3881);
#3883=CONICAL_SURFACE('',#3882,6.499999954338E-1,4.5E1);
#3884=ORIENTED_EDGE('',*,*,#2143,.T.);
#3886=ORIENTED_EDGE('',*,*,#3885,.T.);
#3887=ORIENTED_EDGE('',*,*,#3869,.F.);
#3889=ORIENTED_EDGE('',*,*,#3888,.F.);
#3890=EDGE_LOOP('',(#3884,#3886,#3887,#3889));
#3891=FACE_OUTER_BOUND('',#3890,.F.);
#3893=CARTESIAN_POINT('',(1.108E1,-2.949999995434E0,-1.42E0));
#3894=DIRECTION('',(0.E0,-1.E0,0.E0));
#3895=DIRECTION('',(0.E0,0.E0,-1.E0));
#3896=AXIS2_PLACEMENT_3D('',#3893,#3894,#3895);
#3897=CONICAL_SURFACE('',#3896,6.499999954338E-1,4.5E1);
#3898=ORIENTED_EDGE('',*,*,#2145,.T.);
#3899=ORIENTED_EDGE('',*,*,#3888,.T.);
#3901=ORIENTED_EDGE('',*,*,#3900,.F.);
#3902=ORIENTED_EDGE('',*,*,#3885,.F.);
#3903=EDGE_LOOP('',(#3898,#3899,#3901,#3902));
#3904=FACE_OUTER_BOUND('',#3903,.F.);
#3906=CARTESIAN_POINT('',(1.108E1,-3.1E0,-1.42E0));
#3907=DIRECTION('',(0.E0,-1.E0,0.E0));
#3908=DIRECTION('',(1.E0,0.E0,0.E0));
#3909=AXIS2_PLACEMENT_3D('',#3906,#3907,#3908);
#3910=CYLINDRICAL_SURFACE('',#3909,5.E-1);
#3911=ORIENTED_EDGE('',*,*,#3900,.T.);
#3912=ORIENTED_EDGE('',*,*,#3874,.T.);
#3913=ORIENTED_EDGE('',*,*,#2647,.T.);
#3914=ORIENTED_EDGE('',*,*,#3871,.F.);
#3915=EDGE_LOOP('',(#3911,#3912,#3913,#3914));
#3916=FACE_OUTER_BOUND('',#3915,.F.);
#3918=CARTESIAN_POINT('',(1.385E1,-3.1E0,-1.42E0));
#3919=DIRECTION('',(0.E0,-1.E0,0.E0));
#3920=DIRECTION('',(1.E0,0.E0,0.E0));
#3921=AXIS2_PLACEMENT_3D('',#3918,#3919,#3920);
#3922=CYLINDRICAL_SURFACE('',#3921,5.E-1);
#3924=ORIENTED_EDGE('',*,*,#3923,.T.);
#3926=ORIENTED_EDGE('',*,*,#3925,.T.);
#3927=ORIENTED_EDGE('',*,*,#2651,.T.);
#3929=ORIENTED_EDGE('',*,*,#3928,.F.);
#3930=EDGE_LOOP('',(#3924,#3926,#3927,#3929));
#3931=FACE_OUTER_BOUND('',#3930,.F.);
#3933=CARTESIAN_POINT('',(1.385E1,-2.949999995434E0,-1.42E0));
#3934=DIRECTION('',(0.E0,-1.E0,0.E0));
#3935=DIRECTION('',(0.E0,0.E0,-1.E0));
#3936=AXIS2_PLACEMENT_3D('',#3933,#3934,#3935);
#3937=CONICAL_SURFACE('',#3936,6.499999954338E-1,4.5E1);
#3938=ORIENTED_EDGE('',*,*,#2149,.T.);
#3940=ORIENTED_EDGE('',*,*,#3939,.T.);
#3941=ORIENTED_EDGE('',*,*,#3923,.F.);
#3943=ORIENTED_EDGE('',*,*,#3942,.F.);
#3944=EDGE_LOOP('',(#3938,#3940,#3941,#3943));
#3945=FACE_OUTER_BOUND('',#3944,.F.);
#3947=CARTESIAN_POINT('',(1.385E1,-2.949999995434E0,-1.42E0));
#3948=DIRECTION('',(0.E0,-1.E0,0.E0));
#3949=DIRECTION('',(0.E0,0.E0,-1.E0));
#3950=AXIS2_PLACEMENT_3D('',#3947,#3948,#3949);
#3951=CONICAL_SURFACE('',#3950,6.499999954338E-1,4.5E1);
#3952=ORIENTED_EDGE('',*,*,#2151,.T.);
#3953=ORIENTED_EDGE('',*,*,#3942,.T.);
#3955=ORIENTED_EDGE('',*,*,#3954,.F.);
#3956=ORIENTED_EDGE('',*,*,#3939,.F.);
#3957=EDGE_LOOP('',(#3952,#3953,#3955,#3956));
#3958=FACE_OUTER_BOUND('',#3957,.F.);
#3960=CARTESIAN_POINT('',(1.385E1,-3.1E0,-1.42E0));
#3961=DIRECTION('',(0.E0,-1.E0,0.E0));
#3962=DIRECTION('',(1.E0,0.E0,0.E0));
#3963=AXIS2_PLACEMENT_3D('',#3960,#3961,#3962);
#3964=CYLINDRICAL_SURFACE('',#3963,5.E-1);
#3965=ORIENTED_EDGE('',*,*,#3954,.T.);
#3966=ORIENTED_EDGE('',*,*,#3928,.T.);
#3967=ORIENTED_EDGE('',*,*,#2653,.T.);
#3968=ORIENTED_EDGE('',*,*,#3925,.F.);
#3969=EDGE_LOOP('',(#3965,#3966,#3967,#3968));
#3970=FACE_OUTER_BOUND('',#3969,.F.);
#3972=CARTESIAN_POINT('',(1.662E1,-3.1E0,-1.42E0));
#3973=DIRECTION('',(0.E0,-1.E0,0.E0));
#3974=DIRECTION('',(1.E0,0.E0,0.E0));
#3975=AXIS2_PLACEMENT_3D('',#3972,#3973,#3974);
#3976=CYLINDRICAL_SURFACE('',#3975,5.E-1);
#3978=ORIENTED_EDGE('',*,*,#3977,.T.);
#3980=ORIENTED_EDGE('',*,*,#3979,.T.);
#3981=ORIENTED_EDGE('',*,*,#2657,.T.);
#3983=ORIENTED_EDGE('',*,*,#3982,.F.);
#3984=EDGE_LOOP('',(#3978,#3980,#3981,#3983));
#3985=FACE_OUTER_BOUND('',#3984,.F.);
#3987=CARTESIAN_POINT('',(1.662E1,-2.949999995434E0,-1.42E0));
#3988=DIRECTION('',(0.E0,-1.E0,0.E0));
#3989=DIRECTION('',(0.E0,0.E0,-1.E0));
#3990=AXIS2_PLACEMENT_3D('',#3987,#3988,#3989);
#3991=CONICAL_SURFACE('',#3990,6.499999954338E-1,4.5E1);
#3992=ORIENTED_EDGE('',*,*,#2155,.T.);
#3994=ORIENTED_EDGE('',*,*,#3993,.T.);
#3995=ORIENTED_EDGE('',*,*,#3977,.F.);
#3997=ORIENTED_EDGE('',*,*,#3996,.F.);
#3998=EDGE_LOOP('',(#3992,#3994,#3995,#3997));
#3999=FACE_OUTER_BOUND('',#3998,.F.);
#4001=CARTESIAN_POINT('',(1.662E1,-2.949999995434E0,-1.42E0));
#4002=DIRECTION('',(0.E0,-1.E0,0.E0));
#4003=DIRECTION('',(0.E0,0.E0,-1.E0));
#4004=AXIS2_PLACEMENT_3D('',#4001,#4002,#4003);
#4005=CONICAL_SURFACE('',#4004,6.499999954338E-1,4.5E1);
#4006=ORIENTED_EDGE('',*,*,#2157,.T.);
#4007=ORIENTED_EDGE('',*,*,#3996,.T.);
#4009=ORIENTED_EDGE('',*,*,#4008,.F.);
#4010=ORIENTED_EDGE('',*,*,#3993,.F.);
#4011=EDGE_LOOP('',(#4006,#4007,#4009,#4010));
#4012=FACE_OUTER_BOUND('',#4011,.F.);
#4014=CARTESIAN_POINT('',(1.662E1,-3.1E0,-1.42E0));
#4015=DIRECTION('',(0.E0,-1.E0,0.E0));
#4016=DIRECTION('',(1.E0,0.E0,0.E0));
#4017=AXIS2_PLACEMENT_3D('',#4014,#4015,#4016);
#4018=CYLINDRICAL_SURFACE('',#4017,5.E-1);
#4019=ORIENTED_EDGE('',*,*,#4008,.T.);
#4020=ORIENTED_EDGE('',*,*,#3982,.T.);
#4021=ORIENTED_EDGE('',*,*,#2659,.T.);
#4022=ORIENTED_EDGE('',*,*,#3979,.F.);
#4023=EDGE_LOOP('',(#4019,#4020,#4021,#4022));
#4024=FACE_OUTER_BOUND('',#4023,.F.);
#4026=CARTESIAN_POINT('',(1.848038449398E1,5.6E0,-3.E0));
#4027=DIRECTION('',(6.427876098461E-1,0.E0,7.660444429851E-1));
#4028=DIRECTION('',(7.660444429851E-1,0.E0,-6.427876098461E-1));
#4029=AXIS2_PLACEMENT_3D('',#4026,#4027,#4028);
#4030=SPHERICAL_SURFACE('',#4029,2.E0);
#4031=ORIENTED_EDGE('',*,*,#2256,.T.);
#4033=ORIENTED_EDGE('',*,*,#4032,.F.);
#4034=ORIENTED_EDGE('',*,*,#2442,.F.);
#4035=EDGE_LOOP('',(#4031,#4033,#4034));
#4036=FACE_OUTER_BOUND('',#4035,.F.);
#4038=CARTESIAN_POINT('',(1.848038449398E1,3.1E0,-3.E0));
#4039=DIRECTION('',(0.E0,1.E0,0.E0));
#4040=DIRECTION('',(1.E0,0.E0,0.E0));
#4041=AXIS2_PLACEMENT_3D('',#4038,#4039,#4040);
#4042=CYLINDRICAL_SURFACE('',#4041,2.E0);
#4043=ORIENTED_EDGE('',*,*,#4032,.T.);
#4045=ORIENTED_EDGE('',*,*,#4044,.F.);
#4046=ORIENTED_EDGE('',*,*,#2194,.F.);
#4048=ORIENTED_EDGE('',*,*,#4047,.T.);
#4049=EDGE_LOOP('',(#4043,#4045,#4046,#4048));
#4050=FACE_OUTER_BOUND('',#4049,.F.);
#4052=CARTESIAN_POINT('',(1.848038449398E1,3.1E0,-5.E0));
#4053=DIRECTION('',(0.E0,0.E0,-1.E0));
#4054=DIRECTION('',(-1.E0,0.E0,0.E0));
#4055=AXIS2_PLACEMENT_3D('',#4052,#4053,#4054);
#4056=PLANE('',#4055);
#4057=ORIENTED_EDGE('',*,*,#2254,.T.);
#4058=ORIENTED_EDGE('',*,*,#2228,.F.);
#4059=ORIENTED_EDGE('',*,*,#2196,.F.);
#4060=ORIENTED_EDGE('',*,*,#4044,.T.);
#4061=EDGE_LOOP('',(#4057,#4058,#4059,#4060));
#4062=FACE_OUTER_BOUND('',#4061,.F.);
#4064=CARTESIAN_POINT('',(1.940614427421E1,3.1E0,3.267296355334E0));
#4065=DIRECTION('',(9.848077530122E-1,0.E0,1.736481776669E-1));
#4066=DIRECTION('',(1.736481776669E-1,0.E0,-9.848077530122E-1));
#4067=AXIS2_PLACEMENT_3D('',#4064,#4065,#4066);
#4068=PLANE('',#4067);
#4069=ORIENTED_EDGE('',*,*,#2444,.T.);
#4070=ORIENTED_EDGE('',*,*,#4047,.F.);
#4071=ORIENTED_EDGE('',*,*,#2192,.F.);
#4073=ORIENTED_EDGE('',*,*,#4072,.T.);
#4074=EDGE_LOOP('',(#4069,#4070,#4071,#4073));
#4075=FACE_OUTER_BOUND('',#4074,.F.);
#4077=CARTESIAN_POINT('',(1.743652876818E1,3.1E0,2.92E0));
#4078=DIRECTION('',(0.E0,1.E0,0.E0));
#4079=DIRECTION('',(1.E0,0.E0,0.E0));
#4080=AXIS2_PLACEMENT_3D('',#4077,#4078,#4079);
#4081=CYLINDRICAL_SURFACE('',#4080,2.E0);
#4083=ORIENTED_EDGE('',*,*,#4082,.T.);
#4084=ORIENTED_EDGE('',*,*,#4072,.F.);
#4085=ORIENTED_EDGE('',*,*,#2190,.F.);
#4087=ORIENTED_EDGE('',*,*,#4086,.T.);
#4088=EDGE_LOOP('',(#4083,#4084,#4085,#4087));
#4089=FACE_OUTER_BOUND('',#4088,.F.);
#4091=CARTESIAN_POINT('',(1.743652876818E1,5.6E0,2.92E0));
#4092=DIRECTION('',(-7.660444430344E-1,0.E0,6.427876097874E-1));
#4093=DIRECTION('',(6.427876097874E-1,0.E0,7.660444430344E-1));
#4094=AXIS2_PLACEMENT_3D('',#4091,#4092,#4093);
#4095=SPHERICAL_SURFACE('',#4094,2.E0);
#4096=ORIENTED_EDGE('',*,*,#2446,.T.);
#4097=ORIENTED_EDGE('',*,*,#4082,.F.);
#4098=ORIENTED_EDGE('',*,*,#2422,.F.);
#4099=EDGE_LOOP('',(#4096,#4097,#4098));
#4100=FACE_OUTER_BOUND('',#4099,.F.);
#4102=CARTESIAN_POINT('',(-1.743652876818E1,3.1E0,4.92E0));
#4103=DIRECTION('',(0.E0,0.E0,1.E0));
#4104=DIRECTION('',(1.E0,0.E0,0.E0));
#4105=AXIS2_PLACEMENT_3D('',#4102,#4103,#4104);
#4106=PLANE('',#4105);
#4107=ORIENTED_EDGE('',*,*,#2424,.T.);
#4108=ORIENTED_EDGE('',*,*,#4086,.F.);
#4109=ORIENTED_EDGE('',*,*,#2188,.F.);
#4111=ORIENTED_EDGE('',*,*,#4110,.T.);
#4112=EDGE_LOOP('',(#4107,#4108,#4109,#4111));
#4113=FACE_OUTER_BOUND('',#4112,.F.);
#4115=CARTESIAN_POINT('',(-1.743652876818E1,3.1E0,2.92E0));
#4116=DIRECTION('',(0.E0,1.E0,0.E0));
#4117=DIRECTION('',(1.E0,0.E0,0.E0));
#4118=AXIS2_PLACEMENT_3D('',#4115,#4116,#4117);
#4119=CYLINDRICAL_SURFACE('',#4118,2.E0);
#4121=ORIENTED_EDGE('',*,*,#4120,.T.);
#4122=ORIENTED_EDGE('',*,*,#4110,.F.);
#4123=ORIENTED_EDGE('',*,*,#2186,.F.);
#4125=ORIENTED_EDGE('',*,*,#4124,.T.);
#4126=EDGE_LOOP('',(#4121,#4122,#4123,#4125));
#4127=FACE_OUTER_BOUND('',#4126,.F.);
#4129=CARTESIAN_POINT('',(-1.743652876818E1,5.6E0,2.92E0));
#4130=DIRECTION('',(-7.660444432036E-1,0.E0,-6.427876095857E-1));
#4131=DIRECTION('',(-6.427876095857E-1,0.E0,7.660444432036E-1));
#4132=AXIS2_PLACEMENT_3D('',#4129,#4130,#4131);
#4133=SPHERICAL_SURFACE('',#4132,2.E0);
#4134=ORIENTED_EDGE('',*,*,#2426,.T.);
#4135=ORIENTED_EDGE('',*,*,#4120,.F.);
#4136=ORIENTED_EDGE('',*,*,#2288,.F.);
#4137=EDGE_LOOP('',(#4134,#4135,#4136));
#4138=FACE_OUTER_BOUND('',#4137,.F.);
#4140=CARTESIAN_POINT('',(-2.045E1,3.1E0,-2.652703644666E0));
#4141=DIRECTION('',(-9.848077530122E-1,0.E0,1.736481776669E-1));
#4142=DIRECTION('',(1.736481776669E-1,0.E0,9.848077530122E-1));
#4143=AXIS2_PLACEMENT_3D('',#4140,#4141,#4142);
#4144=PLANE('',#4143);
#4145=ORIENTED_EDGE('',*,*,#2290,.T.);
#4146=ORIENTED_EDGE('',*,*,#4124,.F.);
#4147=ORIENTED_EDGE('',*,*,#2184,.F.);
#4148=ORIENTED_EDGE('',*,*,#2225,.T.);
#4149=EDGE_LOOP('',(#4145,#4146,#4147,#4148));
#4150=FACE_OUTER_BOUND('',#4149,.F.);
#4152=CARTESIAN_POINT('',(1.722369990530E1,-3.1E0,-3.51E0));
#4153=DIRECTION('',(0.E0,0.E0,-1.E0));
#4154=DIRECTION('',(-1.E0,0.E0,0.E0));
#4155=AXIS2_PLACEMENT_3D('',#4152,#4153,#4154);
#4156=PLANE('',#4155);
#4157=ORIENTED_EDGE('',*,*,#2201,.T.);
#4158=ORIENTED_EDGE('',*,*,#2172,.F.);
#4159=ORIENTED_EDGE('',*,*,#2007,.F.);
#4161=ORIENTED_EDGE('',*,*,#4160,.T.);
#4162=EDGE_LOOP('',(#4157,#4158,#4159,#4161));
#4163=FACE_OUTER_BOUND('',#4162,.F.);
#4165=CARTESIAN_POINT('',(1.722369990530E1,-3.1E0,-1.95E0));
#4166=DIRECTION('',(0.E0,1.E0,0.E0));
#4167=DIRECTION('',(1.E0,0.E0,0.E0));
#4168=AXIS2_PLACEMENT_3D('',#4165,#4166,#4167);
#4169=CYLINDRICAL_SURFACE('',#4168,1.56E0);
#4170=ORIENTED_EDGE('',*,*,#2203,.T.);
#4171=ORIENTED_EDGE('',*,*,#4160,.F.);
#4172=ORIENTED_EDGE('',*,*,#2005,.F.);
#4174=ORIENTED_EDGE('',*,*,#4173,.T.);
#4175=EDGE_LOOP('',(#4170,#4171,#4172,#4174));
#4176=FACE_OUTER_BOUND('',#4175,.F.);
#4178=CARTESIAN_POINT('',(1.807232477524E1,-3.1E0,2.220891157160E0));
#4179=DIRECTION('',(9.848077530122E-1,0.E0,1.736481776669E-1));
#4180=DIRECTION('',(1.736481776669E-1,0.E0,-9.848077530122E-1));
#4181=AXIS2_PLACEMENT_3D('',#4178,#4179,#4180);
#4182=PLANE('',#4181);
#4183=ORIENTED_EDGE('',*,*,#2205,.T.);
#4184=ORIENTED_EDGE('',*,*,#4173,.F.);
#4185=ORIENTED_EDGE('',*,*,#2003,.F.);
#4187=ORIENTED_EDGE('',*,*,#4186,.T.);
#4188=EDGE_LOOP('',(#4183,#4184,#4185,#4187));
#4189=FACE_OUTER_BOUND('',#4188,.F.);
#4191=CARTESIAN_POINT('',(1.653602468054E1,-3.1E0,1.95E0));
#4192=DIRECTION('',(0.E0,1.E0,0.E0));
#4193=DIRECTION('',(1.E0,0.E0,0.E0));
#4194=AXIS2_PLACEMENT_3D('',#4191,#4192,#4193);
#4195=CYLINDRICAL_SURFACE('',#4194,1.56E0);
#4196=ORIENTED_EDGE('',*,*,#2207,.T.);
#4197=ORIENTED_EDGE('',*,*,#4186,.F.);
#4198=ORIENTED_EDGE('',*,*,#2001,.F.);
#4200=ORIENTED_EDGE('',*,*,#4199,.T.);
#4201=EDGE_LOOP('',(#4196,#4197,#4198,#4200));
#4202=FACE_OUTER_BOUND('',#4201,.F.);
#4204=CARTESIAN_POINT('',(-1.653602468054E1,-3.1E0,3.51E0));
#4205=DIRECTION('',(0.E0,0.E0,1.E0));
#4206=DIRECTION('',(1.E0,0.E0,0.E0));
#4207=AXIS2_PLACEMENT_3D('',#4204,#4205,#4206);
#4208=PLANE('',#4207);
#4209=ORIENTED_EDGE('',*,*,#2209,.T.);
#4210=ORIENTED_EDGE('',*,*,#4199,.F.);
#4211=ORIENTED_EDGE('',*,*,#1999,.F.);
#4213=ORIENTED_EDGE('',*,*,#4212,.T.);
#4214=EDGE_LOOP('',(#4209,#4210,#4211,#4213));
#4215=FACE_OUTER_BOUND('',#4214,.F.);
#4217=CARTESIAN_POINT('',(-1.653602468054E1,-3.1E0,1.95E0));
#4218=DIRECTION('',(0.E0,1.E0,0.E0));
#4219=DIRECTION('',(1.E0,0.E0,0.E0));
#4220=AXIS2_PLACEMENT_3D('',#4217,#4218,#4219);
#4221=CYLINDRICAL_SURFACE('',#4220,1.56E0);
#4222=ORIENTED_EDGE('',*,*,#2211,.T.);
#4223=ORIENTED_EDGE('',*,*,#4212,.F.);
#4224=ORIENTED_EDGE('',*,*,#1997,.F.);
#4226=ORIENTED_EDGE('',*,*,#4225,.T.);
#4227=EDGE_LOOP('',(#4222,#4223,#4224,#4226));
#4228=FACE_OUTER_BOUND('',#4227,.F.);
#4230=CARTESIAN_POINT('',(-1.876E1,-3.1E0,-1.679108842840E0));
#4231=DIRECTION('',(-9.848077530122E-1,0.E0,1.736481776669E-1));
#4232=DIRECTION('',(1.736481776669E-1,0.E0,9.848077530122E-1));
#4233=AXIS2_PLACEMENT_3D('',#4230,#4231,#4232);
#4234=PLANE('',#4233);
#4235=ORIENTED_EDGE('',*,*,#2213,.T.);
#4236=ORIENTED_EDGE('',*,*,#4225,.F.);
#4237=ORIENTED_EDGE('',*,*,#1995,.F.);
#4238=ORIENTED_EDGE('',*,*,#2169,.T.);
#4239=EDGE_LOOP('',(#4235,#4236,#4237,#4238));
#4240=FACE_OUTER_BOUND('',#4239,.F.);
#4242=CLOSED_SHELL('',(#2161,#2176,#2217,#2232,#2245,#2264,#2277,#2295,#2310,
#2326,#2342,#2356,#2373,#2387,#2402,#2414,#2434,#2455,#2467,#2483,#2496,#2663,
#2675,#2690,#2704,#2717,#2729,#2744,#2758,#2771,#2783,#2798,#2812,#2825,#2837,
#2852,#2866,#2879,#2891,#2906,#2920,#2933,#2945,#2960,#2974,#2987,#2999,#3014,
#3028,#3041,#3053,#3068,#3082,#3095,#3107,#3122,#3136,#3149,#3161,#3176,#3190,
#3203,#3215,#3230,#3244,#3257,#3269,#3284,#3298,#3311,#3323,#3338,#3352,#3365,
#3377,#3392,#3406,#3419,#3431,#3446,#3460,#3473,#3485,#3500,#3514,#3527,#3539,
#3554,#3568,#3581,#3593,#3608,#3622,#3635,#3647,#3662,#3676,#3689,#3701,#3716,
#3730,#3743,#3755,#3770,#3784,#3797,#3809,#3824,#3838,#3851,#3863,#3878,#3892,
#3905,#3917,#3932,#3946,#3959,#3971,#3986,#4000,#4013,#4025,#4037,#4051,#4063,
#4076,#4090,#4101,#4114,#4128,#4139,#4151,#4164,#4177,#4190,#4203,#4216,#4229,
#4241));
#4243=MANIFOLD_SOLID_BREP('',#4242);
#4244=(LENGTH_UNIT()NAMED_UNIT(*)SI_UNIT(.MILLI.,.METRE.));
#4245=DIMENSIONAL_EXPONENTS(0.E0,0.E0,0.E0,0.E0,0.E0,0.E0,0.E0);
#4246=(NAMED_UNIT(*)PLANE_ANGLE_UNIT()SI_UNIT($,.RADIAN.));
#4247=PLANE_ANGLE_MEASURE_WITH_UNIT(PLANE_ANGLE_MEASURE(1.745329251994E-2),
#4246);
#4248=(CONVERSION_BASED_UNIT('DEGREE',#4247)NAMED_UNIT(#4245)PLANE_ANGLE_UNIT(
));
#4249=(NAMED_UNIT(*)SI_UNIT($,.STERADIAN.)SOLID_ANGLE_UNIT());
#4250=UNCERTAINTY_MEASURE_WITH_UNIT(LENGTH_MEASURE(4.379389997173E-3),#4244,
'closure',
'Maximum model space distance between geometric entities at asserted connectivities');
#4252=CARTESIAN_POINT('',(0.E0,0.E0,0.E0));
#4253=DIRECTION('',(0.E0,0.E0,1.E0));
#4254=DIRECTION('',(1.E0,0.E0,0.E0));
#4257=APPLICATION_CONTEXT(
'CONFIGURATION CONTROLLED 3D DESIGNS OF MECHANICAL PARTS AND ASSEMBLIES');
#4258=APPLICATION_PROTOCOL_DEFINITION('international standard',
'config_control_design',1994,#4257);
#4259=DESIGN_CONTEXT('',#4257,'design');
#4260=MECHANICAL_CONTEXT('',#4257,'mechanical');
#4261=PRODUCT('100-25FEMALE-HOUSING','100-25FEMALE-HOUSING','NOT SPECIFIED',(
#4260));
#4262=PRODUCT_DEFINITION_FORMATION_WITH_SPECIFIED_SOURCE('6','LAST_VERSION',
#4261,.MADE.);
#4271=CARTESIAN_POINT('',(0.E0,0.E0,0.E0));
#4272=DIRECTION('',(0.E0,0.E0,1.E0));
#4273=DIRECTION('',(1.E0,0.E0,0.E0));
#4274=AXIS2_PLACEMENT_3D('',#4271,#4272,#4273);
#4275=ITEM_DEFINED_TRANSFORMATION('','',#4255,#4274);
#4276=(REPRESENTATION_RELATIONSHIP('','',#4256,#4268)REPRESENTATION_RELATIONSHIP_WITH_TRANSFORMATION(#4275)SHAPE_REPRESENTATION_RELATIONSHIP());
#4277=CONTEXT_DEPENDENT_SHAPE_REPRESENTATION(#4276,#4270);
#4278=CARTESIAN_POINT('',(-2.352E1,-2.E-1,0.E0));
#4279=DIRECTION('',(0.E0,-1.E0,0.E0));
#4280=DIRECTION('',(1.E0,0.E0,0.E0));
#4281=AXIS2_PLACEMENT_3D('',#4278,#4279,#4280);
#4283=CARTESIAN_POINT('',(-2.352E1,-2.E-1,0.E0));
#4284=DIRECTION('',(0.E0,-1.E0,0.E0));
#4285=DIRECTION('',(-1.E0,0.E0,0.E0));
#4286=AXIS2_PLACEMENT_3D('',#4283,#4284,#4285);
#4288=CARTESIAN_POINT('',(2.352E1,-2.E-1,0.E0));
#4289=DIRECTION('',(0.E0,-1.E0,0.E0));
#4290=DIRECTION('',(1.E0,0.E0,0.E0));
#4291=AXIS2_PLACEMENT_3D('',#4288,#4289,#4290);
#4293=CARTESIAN_POINT('',(2.352E1,-2.E-1,0.E0));
#4294=DIRECTION('',(0.E0,-1.E0,0.E0));
#4295=DIRECTION('',(-1.E0,0.E0,0.E0));
#4296=AXIS2_PLACEMENT_3D('',#4293,#4294,#4295);
#4298=CARTESIAN_POINT('',(-2.5225E1,-2.E-1,-4.975E0));
#4299=DIRECTION('',(0.E0,1.E0,0.E0));
#4300=DIRECTION('',(0.E0,0.E0,-1.E0));
#4301=AXIS2_PLACEMENT_3D('',#4298,#4299,#4300);
#4303=DIRECTION('',(0.E0,0.E0,1.E0));
#4304=VECTOR('',#4303,9.85E0);
#4305=CARTESIAN_POINT('',(-2.6525E1,-2.E-1,-4.975E0));
#4306=LINE('',#4305,#4304);
#4307=CARTESIAN_POINT('',(-2.5125E1,-2.E-1,4.875E0));
#4308=DIRECTION('',(0.E0,1.E0,0.E0));
#4309=DIRECTION('',(-1.E0,0.E0,0.E0));
#4310=AXIS2_PLACEMENT_3D('',#4307,#4308,#4309);
#4312=DIRECTION('',(1.E0,0.E0,0.E0));
#4313=VECTOR('',#4312,5.035E1);
#4314=CARTESIAN_POINT('',(-2.5125E1,-2.E-1,6.275E0));
#4315=LINE('',#4314,#4313);
#4316=CARTESIAN_POINT('',(2.5225E1,-2.E-1,4.975E0));
#4317=DIRECTION('',(0.E0,1.E0,0.E0));
#4318=DIRECTION('',(0.E0,0.E0,1.E0));
#4319=AXIS2_PLACEMENT_3D('',#4316,#4317,#4318);
#4321=DIRECTION('',(0.E0,0.E0,-1.E0));
#4322=VECTOR('',#4321,9.725E0);
#4323=CARTESIAN_POINT('',(2.6525E1,-2.E-1,4.975E0));
#4324=LINE('',#4323,#4322);
#4325=CARTESIAN_POINT('',(2.5E1,-2.E-1,-4.75E0));
#4326=DIRECTION('',(0.E0,1.E0,0.E0));
#4327=DIRECTION('',(1.E0,0.E0,1.514271404079E-14));
#4328=AXIS2_PLACEMENT_3D('',#4325,#4326,#4327);
#4330=DIRECTION('',(-1.E0,0.E0,0.E0));
#4331=VECTOR('',#4330,5.0225E1);
#4332=CARTESIAN_POINT('',(2.5E1,-2.E-1,-6.275E0));
#4333=LINE('',#4332,#4331);
#4334=CARTESIAN_POINT('',(1.651226816714E1,-2.E-1,1.950344952093E0));
#4335=DIRECTION('',(0.E0,1.E0,0.E0));
#4336=DIRECTION('',(0.E0,0.E0,1.E0));
#4337=AXIS2_PLACEMENT_3D('',#4334,#4335,#4336);
#4339=DIRECTION('',(1.E0,0.E0,2.863941603978E-12));
#4340=VECTOR('',#4339,3.302453633331E1);
#4341=CARTESIAN_POINT('',(-1.651226816667E1,-2.E-1,4.550344951902E0));
#4342=LINE('',#4341,#4340);
#4343=CARTESIAN_POINT('',(-1.651226816714E1,-2.E-1,1.950344952093E0));
#4344=DIRECTION('',(0.E0,1.E0,0.E0));
#4345=DIRECTION('',(-9.848077530122E-1,0.E0,1.736481776669E-1));
#4346=AXIS2_PLACEMENT_3D('',#4343,#4344,#4345);
#4348=DIRECTION('',(1.736481776501E-1,0.E0,9.848077530152E-1));
#4349=VECTOR('',#4348,3.960489778511E0);
#4350=CARTESIAN_POINT('',(-1.976050015760E1,-2.E-1,-1.498490826096E0));
#4351=LINE('',#4350,#4349);
#4352=CARTESIAN_POINT('',(-1.72E1,-2.E-1,-1.949976088382E0));
#4353=DIRECTION('',(0.E0,1.E0,0.E0));
#4354=DIRECTION('',(0.E0,0.E0,-1.E0));
#4355=AXIS2_PLACEMENT_3D('',#4352,#4353,#4354);
#4357=DIRECTION('',(-1.E0,0.E0,-2.307585647168E-12));
#4358=VECTOR('',#4357,3.439999999918E1);
#4359=CARTESIAN_POINT('',(1.719999999961E1,-2.E-1,-4.549976088217E0));
#4360=LINE('',#4359,#4358);
#4361=CARTESIAN_POINT('',(1.72E1,-2.E-1,-1.949976088382E0));
#4362=DIRECTION('',(0.E0,1.E0,0.E0));
#4363=DIRECTION('',(9.848077530122E-1,0.E0,1.736481776669E-1));
#4364=AXIS2_PLACEMENT_3D('',#4361,#4362,#4363);
#4366=DIRECTION('',(1.736481776934E-1,0.E0,-9.848077530075E-1));
#4367=VECTOR('',#4366,3.960489778491E0);
#4368=CARTESIAN_POINT('',(1.907276832486E1,-2.E-1,2.401830213528E0));
#4369=LINE('',#4368,#4367);
#4370=DIRECTION('',(0.E0,1.E0,0.E0));
#4371=VECTOR('',#4370,4.E-1);
#4372=CARTESIAN_POINT('',(-2.1995E1,-2.E-1,0.E0));
#4373=LINE('',#4372,#4371);
#4374=DIRECTION('',(0.E0,1.E0,0.E0));
#4375=VECTOR('',#4374,4.E-1);
#4376=CARTESIAN_POINT('',(-2.5045E1,-2.E-1,0.E0));
#4377=LINE('',#4376,#4375);
#4378=CARTESIAN_POINT('',(-2.352E1,2.E-1,0.E0));
#4379=DIRECTION('',(0.E0,-1.E0,0.E0));
#4380=DIRECTION('',(1.E0,0.E0,0.E0));
#4381=AXIS2_PLACEMENT_3D('',#4378,#4379,#4380);
#4383=CARTESIAN_POINT('',(-2.352E1,2.E-1,0.E0));
#4384=DIRECTION('',(0.E0,-1.E0,0.E0));
#4385=DIRECTION('',(-1.E0,0.E0,0.E0));
#4386=AXIS2_PLACEMENT_3D('',#4383,#4384,#4385);
#4388=CARTESIAN_POINT('',(2.352E1,2.E-1,0.E0));
#4389=DIRECTION('',(0.E0,-1.E0,0.E0));
#4390=DIRECTION('',(1.E0,0.E0,0.E0));
#4391=AXIS2_PLACEMENT_3D('',#4388,#4389,#4390);
#4393=CARTESIAN_POINT('',(2.352E1,2.E-1,0.E0));
#4394=DIRECTION('',(0.E0,-1.E0,0.E0));
#4395=DIRECTION('',(-1.E0,0.E0,0.E0));
#4396=AXIS2_PLACEMENT_3D('',#4393,#4394,#4395);
#4398=CARTESIAN_POINT('',(-2.5225E1,2.E-1,-4.975E0));
#4399=DIRECTION('',(0.E0,1.E0,0.E0));
#4400=DIRECTION('',(0.E0,0.E0,-1.E0));
#4401=AXIS2_PLACEMENT_3D('',#4398,#4399,#4400);
#4403=DIRECTION('',(-1.E0,0.E0,0.E0));
#4404=VECTOR('',#4403,5.0225E1);
#4405=CARTESIAN_POINT('',(2.5E1,2.E-1,-6.275E0));
#4406=LINE('',#4405,#4404);
#4407=CARTESIAN_POINT('',(2.5E1,2.E-1,-4.75E0));
#4408=DIRECTION('',(0.E0,1.E0,0.E0));
#4409=DIRECTION('',(1.E0,0.E0,1.514271404079E-14));
#4410=AXIS2_PLACEMENT_3D('',#4407,#4408,#4409);
#4412=DIRECTION('',(0.E0,0.E0,-1.E0));
#4413=VECTOR('',#4412,9.725E0);
#4414=CARTESIAN_POINT('',(2.6525E1,2.E-1,4.975E0));
#4415=LINE('',#4414,#4413);
#4416=CARTESIAN_POINT('',(2.5225E1,2.E-1,4.975E0));
#4417=DIRECTION('',(0.E0,1.E0,0.E0));
#4418=DIRECTION('',(0.E0,0.E0,1.E0));
#4419=AXIS2_PLACEMENT_3D('',#4416,#4417,#4418);
#4421=DIRECTION('',(1.E0,0.E0,0.E0));
#4422=VECTOR('',#4421,5.035E1);
#4423=CARTESIAN_POINT('',(-2.5125E1,2.E-1,6.275E0));
#4424=LINE('',#4423,#4422);
#4425=CARTESIAN_POINT('',(-2.5125E1,2.E-1,4.875E0));
#4426=DIRECTION('',(0.E0,1.E0,0.E0));
#4427=DIRECTION('',(-1.E0,0.E0,0.E0));
#4428=AXIS2_PLACEMENT_3D('',#4425,#4426,#4427);
#4430=DIRECTION('',(0.E0,0.E0,1.E0));
#4431=VECTOR('',#4430,9.85E0);
#4432=CARTESIAN_POINT('',(-2.6525E1,2.E-1,-4.975E0));
#4433=LINE('',#4432,#4431);
#4434=CARTESIAN_POINT('',(1.651226816714E1,2.E-1,1.950344952093E0));
#4435=DIRECTION('',(0.E0,1.E0,0.E0));
#4436=DIRECTION('',(0.E0,0.E0,1.E0));
#4437=AXIS2_PLACEMENT_3D('',#4434,#4435,#4436);
#4439=DIRECTION('',(1.736481776780E-1,0.E0,-9.848077530103E-1));
#4440=VECTOR('',#4439,3.960489779221E0);
#4441=CARTESIAN_POINT('',(1.897428754960E1,2.E-1,2.384465396154E0));
#4442=LINE('',#4441,#4440);
#4443=CARTESIAN_POINT('',(1.72E1,2.E-1,-1.949976088382E0));
#4444=DIRECTION('',(0.E0,1.E0,0.E0));
#4445=DIRECTION('',(9.848077530122E-1,0.E0,1.736481776669E-1));
#4446=AXIS2_PLACEMENT_3D('',#4443,#4444,#4445);
#4448=DIRECTION('',(-1.E0,0.E0,-1.579614991789E-12));
#4449=VECTOR('',#4448,3.439999999981E1);
#4450=CARTESIAN_POINT('',(1.719999999989E1,2.E-1,-4.449976088283E0));
#4451=LINE('',#4450,#4449);
#4452=CARTESIAN_POINT('',(-1.72E1,2.E-1,-1.949976088382E0));
#4453=DIRECTION('',(0.E0,1.E0,0.E0));
#4454=DIRECTION('',(0.E0,0.E0,-1.E0));
#4455=AXIS2_PLACEMENT_3D('',#4452,#4453,#4454);
#4457=DIRECTION('',(1.736481776524E-1,0.E0,9.848077530148E-1));
#4458=VECTOR('',#4457,3.960489779216E0);
#4459=CARTESIAN_POINT('',(-1.966201938242E1,2.E-1,-1.515855644126E0));
#4460=LINE('',#4459,#4458);
#4461=CARTESIAN_POINT('',(-1.651226816714E1,2.E-1,1.950344952093E0));
#4462=DIRECTION('',(0.E0,1.E0,0.E0));
#4463=DIRECTION('',(-9.848077530122E-1,0.E0,1.736481776669E-1));
#4464=AXIS2_PLACEMENT_3D('',#4461,#4462,#4463);
#4466=DIRECTION('',(1.E0,0.E0,1.467713593551E-12));
#4467=VECTOR('',#4466,3.302453633411E1);
#4468=CARTESIAN_POINT('',(-1.651226816705E1,2.E-1,4.450344952005E0));
#4469=LINE('',#4468,#4467);
#4470=DIRECTION('',(0.E0,1.E0,0.E0));
#4471=VECTOR('',#4470,4.E-1);
#4472=CARTESIAN_POINT('',(2.5045E1,-2.E-1,0.E0));
#4473=LINE('',#4472,#4471);
#4474=DIRECTION('',(0.E0,1.E0,0.E0));
#4475=VECTOR('',#4474,4.E-1);
#4476=CARTESIAN_POINT('',(2.1995E1,-2.E-1,0.E0));
#4477=LINE('',#4476,#4475);
#4478=DIRECTION('',(0.E0,1.E0,0.E0));
#4479=VECTOR('',#4478,4.E-1);
#4480=CARTESIAN_POINT('',(-2.5225E1,-2.E-1,-6.275E0));
#4481=LINE('',#4480,#4479);
#4482=DIRECTION('',(0.E0,1.E0,0.E0));
#4483=VECTOR('',#4482,4.E-1);
#4484=CARTESIAN_POINT('',(2.5E1,-2.E-1,-6.275E0));
#4485=LINE('',#4484,#4483);
#4486=DIRECTION('',(0.E0,1.E0,0.E0));
#4487=VECTOR('',#4486,4.E-1);
#4488=CARTESIAN_POINT('',(2.6525E1,-2.E-1,-4.75E0));
#4489=LINE('',#4488,#4487);
#4490=DIRECTION('',(0.E0,1.E0,0.E0));
#4491=VECTOR('',#4490,4.E-1);
#4492=CARTESIAN_POINT('',(2.6525E1,-2.E-1,4.975E0));
#4493=LINE('',#4492,#4491);
#4494=DIRECTION('',(0.E0,1.E0,0.E0));
#4495=VECTOR('',#4494,4.E-1);
#4496=CARTESIAN_POINT('',(2.5225E1,-2.E-1,6.275E0));
#4497=LINE('',#4496,#4495);
#4498=DIRECTION('',(0.E0,1.E0,0.E0));
#4499=VECTOR('',#4498,4.E-1);
#4500=CARTESIAN_POINT('',(-2.5125E1,-2.E-1,6.275E0));
#4501=LINE('',#4500,#4499);
#4502=DIRECTION('',(0.E0,1.E0,0.E0));
#4503=VECTOR('',#4502,4.E-1);
#4504=CARTESIAN_POINT('',(-2.6525E1,-2.E-1,4.875E0));
#4505=LINE('',#4504,#4503);
#4506=DIRECTION('',(0.E0,1.E0,0.E0));
#4507=VECTOR('',#4506,4.E-1);
#4508=CARTESIAN_POINT('',(-2.6525E1,-2.E-1,-4.975E0));
#4509=LINE('',#4508,#4507);
#4510=CARTESIAN_POINT('',(1.651226816714E1,7.E-1,4.450344952093E0));
#4511=DIRECTION('',(1.E0,0.E0,0.E0));
#4512=DIRECTION('',(0.E0,-1.E0,0.E0));
#4513=AXIS2_PLACEMENT_3D('',#4510,#4511,#4512);
#4515=CARTESIAN_POINT('',(-1.651226816714E1,7.E-1,4.450344952093E0));
#4516=DIRECTION('',(1.E0,0.E0,0.E0));
#4517=DIRECTION('',(0.E0,-1.E0,0.E0));
#4518=AXIS2_PLACEMENT_3D('',#4515,#4516,#4517);
#4520=CARTESIAN_POINT('',(-1.897428754967E1,7.E-1,2.384465396261E0));
#4521=DIRECTION('',(1.736481776669E-1,0.E0,9.848077530122E-1));
#4522=DIRECTION('',(0.E0,-1.E0,0.E0));
#4523=AXIS2_PLACEMENT_3D('',#4520,#4521,#4522);
#4525=CARTESIAN_POINT('',(-1.966201938253E1,7.E-1,-1.515855644214E0));
#4526=DIRECTION('',(1.736481776669E-1,0.E0,9.848077530122E-1));
#4527=DIRECTION('',(0.E0,-1.E0,0.E0));
#4528=AXIS2_PLACEMENT_3D('',#4525,#4526,#4527);
#4530=CARTESIAN_POINT('',(-1.72E1,7.E-1,-4.449976088382E0));
#4531=DIRECTION('',(-1.E0,0.E0,0.E0));
#4532=DIRECTION('',(0.E0,-1.E0,0.E0));
#4533=AXIS2_PLACEMENT_3D('',#4530,#4531,#4532);
#4535=CARTESIAN_POINT('',(1.72E1,7.E-1,-4.449976088382E0));
#4536=DIRECTION('',(-1.E0,0.E0,0.E0));
#4537=DIRECTION('',(0.E0,-1.E0,0.E0));
#4538=AXIS2_PLACEMENT_3D('',#4535,#4536,#4537);
#4540=CARTESIAN_POINT('',(1.966201938253E1,7.E-1,-1.515855644214E0));
#4541=DIRECTION('',(1.736481776669E-1,0.E0,-9.848077530122E-1));
#4542=DIRECTION('',(0.E0,-1.E0,0.E0));
#4543=AXIS2_PLACEMENT_3D('',#4540,#4541,#4542);
#4545=CARTESIAN_POINT('',(1.897428754967E1,7.E-1,2.384465396261E0));
#4546=DIRECTION('',(1.736481776669E-1,0.E0,-9.848077530122E-1));
#4547=DIRECTION('',(0.E0,-1.E0,0.E0));
#4548=AXIS2_PLACEMENT_3D('',#4545,#4546,#4547);
#4550=DIRECTION('',(1.736481776669E-1,0.E0,-9.848077530122E-1));
#4551=VECTOR('',#4550,3.960489778543E0);
#4552=CARTESIAN_POINT('',(1.848188367324E1,7.E-1,2.297641307001E0));
#4553=LINE('',#4552,#4551);
#4554=DIRECTION('',(-1.667091150918E-11,1.E0,9.454363186700E-11));
#4555=VECTOR('',#4554,4.500000015009E0);
#4556=CARTESIAN_POINT('',(1.848188367324E1,7.E-1,2.297641307001E0));
#4557=LINE('',#4556,#4555);
#4558=DIRECTION('',(1.736481776669E-1,-3.016461736863E-10,-9.848077530122E-1));
#4559=VECTOR('',#4558,3.960489779395E0);
#4560=CARTESIAN_POINT('',(1.848188367316E1,5.200000015009E0,2.297641307427E0));
#4561=LINE('',#4560,#4559);
#4562=CARTESIAN_POINT('',(1.651226816714E1,7.E-1,1.950344952093E0));
#4563=DIRECTION('',(0.E0,1.E0,0.E0));
#4564=DIRECTION('',(0.E0,0.E0,1.E0));
#4565=AXIS2_PLACEMENT_3D('',#4562,#4563,#4564);
#4567=DIRECTION('',(8.362377429946E-11,1.E0,0.E0));
#4568=VECTOR('',#4567,4.500000014645E0);
#4569=CARTESIAN_POINT('',(1.651226816676E1,7.E-1,3.950344952093E0));
#4570=LINE('',#4569,#4568);
#4571=CARTESIAN_POINT('',(1.651226816714E1,5.200000061497E0,1.950344952093E0));
#4572=DIRECTION('',(0.E0,1.E0,0.E0));
#4573=DIRECTION('',(0.E0,0.E0,1.E0));
#4574=AXIS2_PLACEMENT_3D('',#4571,#4572,#4573);
#4576=DIRECTION('',(1.E0,0.E0,0.E0));
#4577=VECTOR('',#4576,3.302453633347E1);
#4578=CARTESIAN_POINT('',(-1.651226816671E1,7.E-1,3.950344952093E0));
#4579=LINE('',#4578,#4577);
#4580=DIRECTION('',(-9.600142870834E-11,1.E0,0.E0));
#4581=VECTOR('',#4580,4.500000015009E0);
#4582=CARTESIAN_POINT('',(-1.651226816671E1,7.E-1,3.950344952093E0));
#4583=LINE('',#4582,#4581);
#4584=DIRECTION('',(1.E0,-1.104664726902E-11,0.E0));
#4585=VECTOR('',#4584,3.302453633428E1);
#4586=CARTESIAN_POINT('',(-1.651226816714E1,5.200000015009E0,3.950344952093E0));
#4587=LINE('',#4586,#4585);
#4588=CARTESIAN_POINT('',(-1.651226816714E1,7.E-1,1.950344952093E0));
#4589=DIRECTION('',(0.E0,1.E0,0.E0));
#4590=DIRECTION('',(-9.848077530122E-1,0.E0,1.736481776669E-1));
#4591=AXIS2_PLACEMENT_3D('',#4588,#4589,#4590);
#4593=DIRECTION('',(1.452033550397E-11,1.E0,8.235328441746E-11));
#4594=VECTOR('',#4593,4.500000014645E0);
#4595=CARTESIAN_POINT('',(-1.848188367323E1,7.E-1,2.297641307056E0));
#4596=LINE('',#4595,#4594);
#4597=CARTESIAN_POINT('',(-1.651226816714E1,5.200000061497E0,1.950344952093E0));
#4598=DIRECTION('',(0.E0,1.E0,0.E0));
#4599=DIRECTION('',(-9.848077530122E-1,0.E0,1.736481776669E-1));
#4600=AXIS2_PLACEMENT_3D('',#4597,#4598,#4599);
#4602=DIRECTION('',(1.736481776669E-1,0.E0,9.848077530122E-1));
#4603=VECTOR('',#4602,3.960489778525E0);
#4604=CARTESIAN_POINT('',(-1.916961550594E1,7.E-1,-1.602679732562E0));
#4605=LINE('',#4604,#4603);
#4606=DIRECTION('',(-1.902912389578E-11,1.E0,-1.079154046680E-10));
#4607=VECTOR('',#4606,4.500000014142E0);
#4608=CARTESIAN_POINT('',(-1.916961550594E1,7.E-1,-1.602679732562E0));
#4609=LINE('',#4608,#4607);
#4610=DIRECTION('',(1.736481776669E-1,1.268309946382E-10,9.848077530122E-1));
#4611=VECTOR('',#4610,3.960489779395E0);
#4612=CARTESIAN_POINT('',(-1.916961550602E1,5.200000014142E0,
-1.602679733047E0));
#4613=LINE('',#4612,#4611);
#4614=CARTESIAN_POINT('',(-1.72E1,7.E-1,-1.949976088382E0));
#4615=DIRECTION('',(0.E0,1.E0,0.E0));
#4616=DIRECTION('',(0.E0,0.E0,-1.E0));
#4617=AXIS2_PLACEMENT_3D('',#4614,#4615,#4616);
#4619=DIRECTION('',(-9.339926334508E-11,1.E0,0.E0));
#4620=VECTOR('',#4619,4.500000013815E0);
#4621=CARTESIAN_POINT('',(-1.719999999958E1,7.E-1,-3.949976088382E0));
#4622=LINE('',#4621,#4620);
#4623=CARTESIAN_POINT('',(-1.72E1,5.200000057880E0,-1.949976088382E0));
#4624=DIRECTION('',(0.E0,1.E0,0.E0));
#4625=DIRECTION('',(0.E0,0.E0,-1.E0));
#4626=AXIS2_PLACEMENT_3D('',#4623,#4624,#4625);
#4628=DIRECTION('',(-1.E0,0.E0,0.E0));
#4629=VECTOR('',#4628,3.439999999909E1);
#4630=CARTESIAN_POINT('',(1.719999999951E1,7.E-1,-3.949976088382E0));
#4631=LINE('',#4630,#4629);
#4632=DIRECTION('',(1.095925322354E-10,1.E0,0.E0));
#4633=VECTOR('',#4632,4.500000014142E0);
#4634=CARTESIAN_POINT('',(1.719999999951E1,7.E-1,-3.949976088382E0));
#4635=LINE('',#4634,#4633);
#4636=DIRECTION('',(-1.E0,-9.521659946287E-12,0.E0));
#4637=VECTOR('',#4636,3.44E1);
#4638=CARTESIAN_POINT('',(1.72E1,5.200000014142E0,-3.949976088382E0));
#4639=LINE('',#4638,#4637);
#4640=CARTESIAN_POINT('',(1.72E1,7.E-1,-1.949976088382E0));
#4641=DIRECTION('',(0.E0,1.E0,0.E0));
#4642=DIRECTION('',(9.848077530122E-1,0.E0,1.736481776669E-1));
#4643=AXIS2_PLACEMENT_3D('',#4640,#4641,#4642);
#4645=DIRECTION('',(1.620274280137E-11,1.E0,-9.188911331999E-11));
#4646=VECTOR('',#4645,4.500000013815E0);
#4647=CARTESIAN_POINT('',(1.916961550595E1,7.E-1,-1.602679732633E0));
#4648=LINE('',#4647,#4646);
#4649=CARTESIAN_POINT('',(1.72E1,5.200000057880E0,-1.949976088382E0));
#4650=DIRECTION('',(0.E0,1.E0,0.E0));
#4651=DIRECTION('',(9.848077530122E-1,0.E0,1.736481776669E-1));
#4652=AXIS2_PLACEMENT_3D('',#4649,#4650,#4651);
#4654=CARTESIAN_POINT('',(1.818480775301E1,5.200000057880E0,-1.776327910715E0));
#4655=DIRECTION('',(1.736481776669E-1,0.E0,-9.848077530122E-1));
#4656=DIRECTION('',(5.908846791674E-1,7.999999791634E-1,1.041889114245E-1));
#4657=AXIS2_PLACEMENT_3D('',#4654,#4655,#4656);
#4659=CARTESIAN_POINT('',(1.72E1,8.E-1,-1.949976088382E0));
#4660=DIRECTION('',(0.E0,1.E0,0.E0));
#4661=DIRECTION('',(9.848077530122E-1,0.E0,1.736481776669E-1));
#4662=AXIS2_PLACEMENT_3D('',#4659,#4660,#4661);
#4664=DIRECTION('',(6.605724502630E-11,1.E0,-1.335681989981E-9));
#4665=VECTOR('',#4664,5.200000009261E0);
#4666=CARTESIAN_POINT('',(1.719999999966E1,8.E-1,-3.549976088382E0));
#4667=LINE('',#4666,#4665);
#4668=CARTESIAN_POINT('',(1.72E1,6.000000057880E0,-1.949976088382E0));
#4669=DIRECTION('',(0.E0,1.E0,0.E0));
#4670=DIRECTION('',(9.848077530122E-1,0.E0,1.736481776669E-1));
#4671=AXIS2_PLACEMENT_3D('',#4668,#4669,#4670);
#4673=DIRECTION('',(-1.344232073684E-9,-1.E0,-6.836309284257E-11));
#4674=VECTOR('',#4673,5.200000009261E0);
#4675=CARTESIAN_POINT('',(1.877569241166E1,6.000000009261E0,-1.672139002907E0));
#4676=LINE('',#4675,#4674);
#4677=CARTESIAN_POINT('',(1.976050015783E1,8.E-1,-1.498490826448E0));
#4678=DIRECTION('',(1.736481776669E-1,0.E0,-9.848077530122E-1));
#4679=DIRECTION('',(0.E0,-1.E0,0.E0));
#4680=AXIS2_PLACEMENT_3D('',#4677,#4678,#4679);
#4682=CARTESIAN_POINT('',(1.72E1,8.E-1,-4.549976088382E0));
#4683=DIRECTION('',(-1.E0,0.E0,0.E0));
#4684=DIRECTION('',(0.E0,-1.E0,0.E0));
#4685=AXIS2_PLACEMENT_3D('',#4682,#4683,#4684);
#4687=CARTESIAN_POINT('',(-1.72E1,8.E-1,-4.549976088382E0));
#4688=DIRECTION('',(-1.E0,0.E0,0.E0));
#4689=DIRECTION('',(0.E0,-1.E0,0.E0));
#4690=AXIS2_PLACEMENT_3D('',#4687,#4688,#4689);
#4692=CARTESIAN_POINT('',(-1.976050015783E1,8.E-1,-1.498490826448E0));
#4693=DIRECTION('',(1.736481776669E-1,0.E0,9.848077530122E-1));
#4694=DIRECTION('',(0.E0,-1.E0,0.E0));
#4695=AXIS2_PLACEMENT_3D('',#4692,#4693,#4694);
#4697=CARTESIAN_POINT('',(-1.907276832497E1,8.E-1,2.401830214027E0));
#4698=DIRECTION('',(1.736481776669E-1,0.E0,9.848077530122E-1));
#4699=DIRECTION('',(0.E0,-1.E0,0.E0));
#4700=AXIS2_PLACEMENT_3D('',#4697,#4698,#4699);
#4702=CARTESIAN_POINT('',(-1.651226816714E1,8.E-1,4.550344952093E0));
#4703=DIRECTION('',(1.E0,0.E0,0.E0));
#4704=DIRECTION('',(0.E0,-1.E0,0.E0));
#4705=AXIS2_PLACEMENT_3D('',#4702,#4703,#4704);
#4707=CARTESIAN_POINT('',(1.651226816714E1,8.E-1,4.550344952093E0));
#4708=DIRECTION('',(1.E0,0.E0,0.E0));
#4709=DIRECTION('',(0.E0,-1.E0,0.E0));
#4710=AXIS2_PLACEMENT_3D('',#4707,#4708,#4709);
#4712=CARTESIAN_POINT('',(1.907276832497E1,8.E-1,2.401830214027E0));
#4713=DIRECTION('',(1.736481776669E-1,0.E0,-9.848077530122E-1));
#4714=DIRECTION('',(0.E0,-1.E0,0.E0));
#4715=AXIS2_PLACEMENT_3D('',#4712,#4713,#4714);
#4717=DIRECTION('',(1.736481776669E-1,0.E0,-9.848077530122E-1));
#4718=VECTOR('',#4717,3.960489778103E0);
#4719=CARTESIAN_POINT('',(1.808796057203E1,8.E-1,2.228182035938E0));
#4720=LINE('',#4719,#4718);
#4721=DIRECTION('',(1.736481775590E-1,-1.461451407361E-10,-9.848077530312E-1));
#4722=VECTOR('',#4721,3.960489779394E0);
#4723=CARTESIAN_POINT('',(1.808796057923E1,6.000000009840E0,2.228182037641E0));
#4724=LINE('',#4723,#4722);
#4725=DIRECTION('',(-1.383304408571E-9,-1.E0,-3.275293705263E-10));
#4726=VECTOR('',#4725,5.200000009840E0);
#4727=CARTESIAN_POINT('',(1.808796057923E1,6.000000009840E0,2.228182037641E0));
#4728=LINE('',#4727,#4726);
#4729=CARTESIAN_POINT('',(1.749707592015E1,5.2E0,2.123993129760E0));
#4730=DIRECTION('',(1.736481776669E-1,0.E0,-9.848077530122E-1));
#4731=DIRECTION('',(5.908846518073E-1,8.E-1,1.041889066002E-1));
#4732=AXIS2_PLACEMENT_3D('',#4729,#4730,#4731);
#4734=CARTESIAN_POINT('',(1.651226816714E1,5.200000061497E0,2.950344952093E0));
#4735=DIRECTION('',(1.E0,0.E0,0.E0));
#4736=DIRECTION('',(0.E0,7.999999778610E-1,6.000000295186E-1));
#4737=AXIS2_PLACEMENT_3D('',#4734,#4735,#4736);
#4739=CARTESIAN_POINT('',(1.651226816714E1,8.E-1,1.950344952093E0));
#4740=DIRECTION('',(0.E0,1.E0,0.E0));
#4741=DIRECTION('',(0.E0,0.E0,1.E0));
#4742=AXIS2_PLACEMENT_3D('',#4739,#4740,#4741);
#4744=CARTESIAN_POINT('',(1.651226816714E1,6.000000061497E0,1.950344952093E0));
#4745=DIRECTION('',(0.E0,1.E0,0.E0));
#4746=DIRECTION('',(0.E0,0.E0,1.E0));
#4747=AXIS2_PLACEMENT_3D('',#4744,#4745,#4746);
#4749=DIRECTION('',(-1.938285425927E-10,-1.E0,-1.419163501976E-9));
#4750=VECTOR('',#4749,5.200000009840E0);
#4751=CARTESIAN_POINT('',(1.651226816714E1,6.000000009840E0,3.550344959473E0));
#4752=LINE('',#4751,#4750);
#4753=DIRECTION('',(1.E0,0.E0,0.E0));
#4754=VECTOR('',#4753,3.302453633284E1);
#4755=CARTESIAN_POINT('',(-1.651226816671E1,8.E-1,3.550344952093E0));
#4756=LINE('',#4755,#4754);
#4757=DIRECTION('',(1.E0,0.E0,0.E0));
#4758=VECTOR('',#4757,3.302453633428E1);
#4759=CARTESIAN_POINT('',(-1.651226816714E1,6.000000009840E0,3.550344959473E0));
#4760=LINE('',#4759,#4758);
#4761=DIRECTION('',(8.234507077709E-11,-1.E0,-1.419163331172E-9));
#4762=VECTOR('',#4761,5.200000009840E0);
#4763=CARTESIAN_POINT('',(-1.651226816714E1,6.000000009840E0,3.550344959473E0));
#4764=LINE('',#4763,#4762);
#4765=CARTESIAN_POINT('',(-1.651226816714E1,5.2E0,2.950344952093E0));
#4766=DIRECTION('',(1.E0,0.E0,0.E0));
#4767=DIRECTION('',(0.E0,8.E-1,6.E-1));
#4768=AXIS2_PLACEMENT_3D('',#4765,#4766,#4767);
#4770=CARTESIAN_POINT('',(-1.749707592015E1,5.200000061497E0,2.123993129760E0));
#4771=DIRECTION('',(1.736481776669E-1,0.E0,9.848077530122E-1));
#4772=DIRECTION('',(-5.908846808775E-1,7.999999778610E-1,1.041889117260E-1));
#4773=AXIS2_PLACEMENT_3D('',#4770,#4771,#4772);
#4775=CARTESIAN_POINT('',(-1.651226816714E1,8.E-1,1.950344952093E0));
#4776=DIRECTION('',(0.E0,1.E0,0.E0));
#4777=DIRECTION('',(-9.848077530122E-1,0.E0,1.736481776669E-1));
#4778=AXIS2_PLACEMENT_3D('',#4775,#4776,#4777);
#4780=CARTESIAN_POINT('',(-1.651226816714E1,6.000000061497E0,1.950344952093E0));
#4781=DIRECTION('',(0.E0,1.E0,0.E0));
#4782=DIRECTION('',(-9.848077530122E-1,0.E0,1.736481776669E-1));
#4783=AXIS2_PLACEMENT_3D('',#4780,#4781,#4782);
#4785=DIRECTION('',(1.363946218343E-9,-1.E0,-4.373151405369E-10));
#4786=VECTOR('',#4785,5.200000009840E0);
#4787=CARTESIAN_POINT('',(-1.808796057923E1,6.000000009840E0,2.228182037641E0));
#4788=LINE('',#4787,#4786);
#4789=DIRECTION('',(1.736481776669E-1,0.E0,9.848077530122E-1));
#4790=VECTOR('',#4789,3.960489778043E0);
#4791=CARTESIAN_POINT('',(-1.877569240476E1,8.E-1,-1.672139003775E0));
#4792=LINE('',#4791,#4790);
#4793=DIRECTION('',(1.736481775590E-1,1.461449164763E-10,9.848077530312E-1));
#4794=VECTOR('',#4793,3.960489779394E0);
#4795=CARTESIAN_POINT('',(-1.877569241166E1,6.000000009261E0,
-1.672139002907E0));
#4796=LINE('',#4795,#4794);
#4797=DIRECTION('',(1.326870235252E-9,-1.E0,-1.668259117619E-10));
#4798=VECTOR('',#4797,5.200000009261E0);
#4799=CARTESIAN_POINT('',(-1.877569241166E1,6.000000009261E0,
-1.672139002907E0));
#4800=LINE('',#4799,#4798);
#4801=CARTESIAN_POINT('',(-1.818480775301E1,5.2E0,-1.776327910715E0));
#4802=DIRECTION('',(1.736481776669E-1,0.E0,9.848077530122E-1));
#4803=DIRECTION('',(-5.908846518073E-1,8.E-1,1.041889066002E-1));
#4804=AXIS2_PLACEMENT_3D('',#4801,#4802,#4803);
#4806=CARTESIAN_POINT('',(-1.72E1,5.200000057880E0,-2.949976088382E0));
#4807=DIRECTION('',(-1.E0,0.E0,0.E0));
#4808=DIRECTION('',(0.E0,7.999999791634E-1,-6.000000277822E-1));
#4809=AXIS2_PLACEMENT_3D('',#4806,#4807,#4808);
#4811=CARTESIAN_POINT('',(-1.72E1,8.E-1,-1.949976088382E0));
#4812=DIRECTION('',(0.E0,1.E0,0.E0));
#4813=DIRECTION('',(0.E0,0.E0,-1.E0));
#4814=AXIS2_PLACEMENT_3D('',#4811,#4812,#4813);
#4816=CARTESIAN_POINT('',(-1.72E1,6.000000057880E0,-1.949976088382E0));
#4817=DIRECTION('',(0.E0,1.E0,0.E0));
#4818=DIRECTION('',(0.E0,0.E0,-1.E0));
#4819=AXIS2_PLACEMENT_3D('',#4816,#4817,#4818);
#4821=DIRECTION('',(1.662915955818E-10,-1.E0,1.335681648374E-9));
#4822=VECTOR('',#4821,5.200000009261E0);
#4823=CARTESIAN_POINT('',(-1.72E1,6.000000009261E0,-3.549976095327E0));
#4824=LINE('',#4823,#4822);
#4825=DIRECTION('',(-1.E0,0.E0,0.E0));
#4826=VECTOR('',#4825,3.439999999879E1);
#4827=CARTESIAN_POINT('',(1.719999999966E1,8.E-1,-3.549976088382E0));
#4828=LINE('',#4827,#4826);
#4829=DIRECTION('',(-1.E0,0.E0,0.E0));
#4830=VECTOR('',#4829,3.44E1);
#4831=CARTESIAN_POINT('',(1.72E1,6.000000009261E0,-3.549976095327E0));
#4832=LINE('',#4831,#4830);
#4833=CARTESIAN_POINT('',(1.72E1,5.2E0,-2.949976088382E0));
#4834=DIRECTION('',(-1.E0,0.E0,0.E0));
#4835=DIRECTION('',(0.E0,8.E-1,-6.E-1));
#4836=AXIS2_PLACEMENT_3D('',#4833,#4834,#4835);
#4838=CARTESIAN_POINT('',(-2.1995E1,-2.E-1,0.E0));
#4839=CARTESIAN_POINT('',(-2.5045E1,-2.E-1,0.E0));
#4840=VERTEX_POINT('',#4838);
#4841=VERTEX_POINT('',#4839);
#4842=CARTESIAN_POINT('',(2.5045E1,-2.E-1,0.E0));
#4843=CARTESIAN_POINT('',(2.1995E1,-2.E-1,0.E0));
#4844=VERTEX_POINT('',#4842);
#4845=VERTEX_POINT('',#4843);
#4846=CARTESIAN_POINT('',(-2.5225E1,-2.E-1,-6.275E0));
#4847=CARTESIAN_POINT('',(-2.6525E1,-2.E-1,-4.975E0));
#4848=VERTEX_POINT('',#4846);
#4849=VERTEX_POINT('',#4847);
#4850=CARTESIAN_POINT('',(-2.6525E1,-2.E-1,4.875E0));
#4851=VERTEX_POINT('',#4850);
#4852=CARTESIAN_POINT('',(-2.5125E1,-2.E-1,6.275E0));
#4853=VERTEX_POINT('',#4852);
#4854=CARTESIAN_POINT('',(2.5225E1,-2.E-1,6.275E0));
#4855=VERTEX_POINT('',#4854);
#4856=CARTESIAN_POINT('',(2.6525E1,-2.E-1,4.975E0));
#4857=VERTEX_POINT('',#4856);
#4858=CARTESIAN_POINT('',(2.6525E1,-2.E-1,-4.75E0));
#4859=VERTEX_POINT('',#4858);
#4860=CARTESIAN_POINT('',(2.5E1,-2.E-1,-6.275E0));
#4861=VERTEX_POINT('',#4860);
#4862=CARTESIAN_POINT('',(-2.1995E1,2.E-1,0.E0));
#4863=CARTESIAN_POINT('',(-2.5045E1,2.E-1,0.E0));
#4864=VERTEX_POINT('',#4862);
#4865=VERTEX_POINT('',#4863);
#4866=CARTESIAN_POINT('',(2.5045E1,2.E-1,0.E0));
#4867=CARTESIAN_POINT('',(2.1995E1,2.E-1,0.E0));
#4868=VERTEX_POINT('',#4866);
#4869=VERTEX_POINT('',#4867);
#4870=CARTESIAN_POINT('',(-2.5225E1,2.E-1,-6.275E0));
#4871=CARTESIAN_POINT('',(-2.6525E1,2.E-1,-4.975E0));
#4872=VERTEX_POINT('',#4870);
#4873=VERTEX_POINT('',#4871);
#4874=CARTESIAN_POINT('',(-2.6525E1,2.E-1,4.875E0));
#4875=VERTEX_POINT('',#4874);
#4876=CARTESIAN_POINT('',(-2.5125E1,2.E-1,6.275E0));
#4877=VERTEX_POINT('',#4876);
#4878=CARTESIAN_POINT('',(2.5225E1,2.E-1,6.275E0));
#4879=VERTEX_POINT('',#4878);
#4880=CARTESIAN_POINT('',(2.6525E1,2.E-1,4.975E0));
#4881=VERTEX_POINT('',#4880);
#4882=CARTESIAN_POINT('',(2.6525E1,2.E-1,-4.75E0));
#4883=VERTEX_POINT('',#4882);
#4884=CARTESIAN_POINT('',(2.5E1,2.E-1,-6.275E0));
#4885=VERTEX_POINT('',#4884);
#4886=CARTESIAN_POINT('',(1.808796057923E1,6.000000009840E0,2.228182037641E0));
#4887=CARTESIAN_POINT('',(1.877569241166E1,6.000000009261E0,-1.672139002907E0));
#4888=VERTEX_POINT('',#4886);
#4889=VERTEX_POINT('',#4887);
#4890=CARTESIAN_POINT('',(1.848188367316E1,5.200000015009E0,2.297641307427E0));
#4891=CARTESIAN_POINT('',(1.916961550602E1,5.200000013815E0,-1.602679733047E0));
#4892=VERTEX_POINT('',#4890);
#4893=VERTEX_POINT('',#4891);
#4894=CARTESIAN_POINT('',(1.72E1,6.000000057880E0,-3.549976088382E0));
#4895=VERTEX_POINT('',#4894);
#4896=CARTESIAN_POINT('',(1.72E1,5.200000057880E0,-3.949976088382E0));
#4897=VERTEX_POINT('',#4896);
#4898=CARTESIAN_POINT('',(-1.72E1,6.000000009261E0,-3.549976095327E0));
#4899=VERTEX_POINT('',#4898);
#4900=CARTESIAN_POINT('',(-1.72E1,5.200000013815E0,-3.949976088382E0));
#4901=VERTEX_POINT('',#4900);
#4902=CARTESIAN_POINT('',(-1.877569240482E1,6.000000057880E0,
-1.672139004115E0));
#4903=VERTEX_POINT('',#4902);
#4904=CARTESIAN_POINT('',(-1.916961550602E1,5.200000057880E0,
-1.602679733048E0));
#4905=VERTEX_POINT('',#4904);
#4906=CARTESIAN_POINT('',(-1.808796057923E1,6.000000009840E0,2.228182037641E0));
#4907=VERTEX_POINT('',#4906);
#4908=CARTESIAN_POINT('',(-1.848188367316E1,5.200000014645E0,2.297641307426E0));
#4909=VERTEX_POINT('',#4908);
#4910=CARTESIAN_POINT('',(-1.651226816714E1,6.000000061497E0,3.550344952093E0));
#4911=VERTEX_POINT('',#4910);
#4912=CARTESIAN_POINT('',(-1.651226816714E1,5.200000061497E0,3.950344952093E0));
#4913=VERTEX_POINT('',#4912);
#4914=CARTESIAN_POINT('',(1.651226816714E1,6.000000009840E0,3.550344959473E0));
#4915=VERTEX_POINT('',#4914);
#4916=CARTESIAN_POINT('',(1.651226816714E1,5.200000014645E0,3.950344952093E0));
#4917=VERTEX_POINT('',#4916);
#4918=CARTESIAN_POINT('',(1.651226816714E1,2.E-1,4.450344952093E0));
#4919=CARTESIAN_POINT('',(1.897428754967E1,2.E-1,2.384465396261E0));
#4920=VERTEX_POINT('',#4918);
#4921=VERTEX_POINT('',#4919);
#4922=CARTESIAN_POINT('',(1.651226816714E1,7.E-1,3.950344952093E0));
#4923=CARTESIAN_POINT('',(1.848188367316E1,7.E-1,2.297641307427E0));
#4924=VERTEX_POINT('',#4922);
#4925=VERTEX_POINT('',#4923);
#4926=CARTESIAN_POINT('',(1.966201938247E1,2.E-1,-1.515855644141E0));
#4927=VERTEX_POINT('',#4926);
#4928=CARTESIAN_POINT('',(1.916961550595E1,7.E-1,-1.602679732633E0));
#4929=VERTEX_POINT('',#4928);
#4930=CARTESIAN_POINT('',(1.72E1,2.E-1,-4.449976088382E0));
#4931=VERTEX_POINT('',#4930);
#4932=CARTESIAN_POINT('',(1.72E1,7.E-1,-3.949976088382E0));
#4933=VERTEX_POINT('',#4932);
#4934=CARTESIAN_POINT('',(-1.719999999992E1,2.E-1,-4.449976088338E0));
#4935=VERTEX_POINT('',#4934);
#4936=CARTESIAN_POINT('',(-1.719999999958E1,7.E-1,-3.949976088382E0));
#4937=VERTEX_POINT('',#4936);
#4938=CARTESIAN_POINT('',(-1.966201938253E1,2.E-1,-1.515855644214E0));
#4939=VERTEX_POINT('',#4938);
#4940=CARTESIAN_POINT('',(-1.916961550602E1,7.E-1,-1.602679733048E0));
#4941=VERTEX_POINT('',#4940);
#4942=CARTESIAN_POINT('',(-1.897428754964E1,2.E-1,2.384465396181E0));
#4943=VERTEX_POINT('',#4942);
#4944=CARTESIAN_POINT('',(-1.848188367323E1,7.E-1,2.297641307056E0));
#4945=VERTEX_POINT('',#4944);
#4946=CARTESIAN_POINT('',(-1.651226816714E1,2.E-1,4.450344952093E0));
#4947=VERTEX_POINT('',#4946);
#4948=CARTESIAN_POINT('',(-1.651226816714E1,7.E-1,3.950344952093E0));
#4949=VERTEX_POINT('',#4948);
#4950=CARTESIAN_POINT('',(1.651226816714E1,-2.E-1,4.550344952093E0));
#4951=CARTESIAN_POINT('',(1.907276832497E1,-2.E-1,2.401830214027E0));
#4952=VERTEX_POINT('',#4950);
#4953=VERTEX_POINT('',#4951);
#4954=CARTESIAN_POINT('',(1.651226816714E1,8.E-1,3.550344952093E0));
#4955=CARTESIAN_POINT('',(1.808796057196E1,8.E-1,2.228182036360E0));
#4956=VERTEX_POINT('',#4954);
#4957=VERTEX_POINT('',#4955);
#4958=CARTESIAN_POINT('',(1.976050015767E1,-2.E-1,-1.498490826037E0));
#4959=VERTEX_POINT('',#4958);
#4960=CARTESIAN_POINT('',(1.877569240467E1,8.E-1,-1.672139003263E0));
#4961=VERTEX_POINT('',#4960);
#4962=CARTESIAN_POINT('',(1.72E1,-2.E-1,-4.549976088382E0));
#4963=VERTEX_POINT('',#4962);
#4964=CARTESIAN_POINT('',(1.72E1,8.E-1,-3.549976088382E0));
#4965=VERTEX_POINT('',#4964);
#4966=CARTESIAN_POINT('',(-1.719999999957E1,-2.E-1,-4.549976088297E0));
#4967=VERTEX_POINT('',#4966);
#4968=CARTESIAN_POINT('',(-1.719999999913E1,8.E-1,-3.549976088382E0));
#4969=VERTEX_POINT('',#4968);
#4970=CARTESIAN_POINT('',(-1.976050015783E1,-2.E-1,-1.498490826448E0));
#4971=VERTEX_POINT('',#4970);
#4972=CARTESIAN_POINT('',(-1.877569240482E1,8.E-1,-1.672139004115E0));
#4973=VERTEX_POINT('',#4972);
#4974=CARTESIAN_POINT('',(-1.907276832496E1,-2.E-1,2.401830213519E0));
#4975=VERTEX_POINT('',#4974);
#4976=CARTESIAN_POINT('',(-1.808796057213E1,8.E-1,2.228182035367E0));
#4977=VERTEX_POINT('',#4976);
#4978=CARTESIAN_POINT('',(-1.651226816714E1,-2.E-1,4.550344952093E0));
#4979=VERTEX_POINT('',#4978);
#4980=CARTESIAN_POINT('',(-1.651226816714E1,8.E-1,3.550344952093E0));
#4981=VERTEX_POINT('',#4980);
#4982=CARTESIAN_POINT('',(0.E0,-2.E-1,0.E0));
#4983=DIRECTION('',(0.E0,1.E0,0.E0));
#4984=DIRECTION('',(1.E0,0.E0,0.E0));
#4985=AXIS2_PLACEMENT_3D('',#4982,#4983,#4984);
#4986=PLANE('',#4985);
#4988=ORIENTED_EDGE('',*,*,#4987,.T.);
#4990=ORIENTED_EDGE('',*,*,#4989,.T.);
#4992=ORIENTED_EDGE('',*,*,#4991,.T.);
#4994=ORIENTED_EDGE('',*,*,#4993,.T.);
#4996=ORIENTED_EDGE('',*,*,#4995,.T.);
#4998=ORIENTED_EDGE('',*,*,#4997,.T.);
#5000=ORIENTED_EDGE('',*,*,#4999,.T.);
#5002=ORIENTED_EDGE('',*,*,#5001,.T.);
#5003=EDGE_LOOP('',(#4988,#4990,#4992,#4994,#4996,#4998,#5000,#5002));
#5004=FACE_OUTER_BOUND('',#5003,.F.);
#5006=ORIENTED_EDGE('',*,*,#5005,.T.);
#5008=ORIENTED_EDGE('',*,*,#5007,.T.);
#5009=EDGE_LOOP('',(#5006,#5008));
#5010=FACE_BOUND('',#5009,.F.);
#5012=ORIENTED_EDGE('',*,*,#5011,.T.);
#5014=ORIENTED_EDGE('',*,*,#5013,.T.);
#5015=EDGE_LOOP('',(#5012,#5014));
#5016=FACE_BOUND('',#5015,.F.);
#5018=ORIENTED_EDGE('',*,*,#5017,.F.);
#5020=ORIENTED_EDGE('',*,*,#5019,.F.);
#5022=ORIENTED_EDGE('',*,*,#5021,.F.);
#5024=ORIENTED_EDGE('',*,*,#5023,.F.);
#5026=ORIENTED_EDGE('',*,*,#5025,.F.);
#5028=ORIENTED_EDGE('',*,*,#5027,.F.);
#5030=ORIENTED_EDGE('',*,*,#5029,.F.);
#5032=ORIENTED_EDGE('',*,*,#5031,.F.);
#5033=EDGE_LOOP('',(#5018,#5020,#5022,#5024,#5026,#5028,#5030,#5032));
#5034=FACE_BOUND('',#5033,.F.);
#5036=CARTESIAN_POINT('',(-2.352E1,-2.E-1,0.E0));
#5037=DIRECTION('',(0.E0,1.E0,0.E0));
#5038=DIRECTION('',(1.E0,0.E0,0.E0));
#5039=AXIS2_PLACEMENT_3D('',#5036,#5037,#5038);
#5040=CYLINDRICAL_SURFACE('',#5039,1.525E0);
#5041=ORIENTED_EDGE('',*,*,#5011,.F.);
#5043=ORIENTED_EDGE('',*,*,#5042,.T.);
#5045=ORIENTED_EDGE('',*,*,#5044,.T.);
#5047=ORIENTED_EDGE('',*,*,#5046,.F.);
#5048=EDGE_LOOP('',(#5041,#5043,#5045,#5047));
#5049=FACE_OUTER_BOUND('',#5048,.F.);
#5051=CARTESIAN_POINT('',(-2.352E1,-2.E-1,0.E0));
#5052=DIRECTION('',(0.E0,1.E0,0.E0));
#5053=DIRECTION('',(1.E0,0.E0,0.E0));
#5054=AXIS2_PLACEMENT_3D('',#5051,#5052,#5053);
#5055=CYLINDRICAL_SURFACE('',#5054,1.525E0);
#5056=ORIENTED_EDGE('',*,*,#5013,.F.);
#5057=ORIENTED_EDGE('',*,*,#5046,.T.);
#5059=ORIENTED_EDGE('',*,*,#5058,.T.);
#5060=ORIENTED_EDGE('',*,*,#5042,.F.);
#5061=EDGE_LOOP('',(#5056,#5057,#5059,#5060));
#5062=FACE_OUTER_BOUND('',#5061,.F.);
#5064=CARTESIAN_POINT('',(0.E0,2.E-1,0.E0));
#5065=DIRECTION('',(0.E0,1.E0,0.E0));
#5066=DIRECTION('',(1.E0,0.E0,0.E0));
#5067=AXIS2_PLACEMENT_3D('',#5064,#5065,#5066);
#5068=PLANE('',#5067);
#5070=ORIENTED_EDGE('',*,*,#5069,.F.);
#5072=ORIENTED_EDGE('',*,*,#5071,.F.);
#5074=ORIENTED_EDGE('',*,*,#5073,.F.);
#5076=ORIENTED_EDGE('',*,*,#5075,.F.);
#5078=ORIENTED_EDGE('',*,*,#5077,.F.);
#5080=ORIENTED_EDGE('',*,*,#5079,.F.);
#5082=ORIENTED_EDGE('',*,*,#5081,.F.);
#5084=ORIENTED_EDGE('',*,*,#5083,.F.);
#5085=EDGE_LOOP('',(#5070,#5072,#5074,#5076,#5078,#5080,#5082,#5084));
#5086=FACE_OUTER_BOUND('',#5085,.F.);
#5088=ORIENTED_EDGE('',*,*,#5087,.F.);
#5090=ORIENTED_EDGE('',*,*,#5089,.F.);
#5091=EDGE_LOOP('',(#5088,#5090));
#5092=FACE_BOUND('',#5091,.F.);
#5093=ORIENTED_EDGE('',*,*,#5044,.F.);
#5094=ORIENTED_EDGE('',*,*,#5058,.F.);
#5095=EDGE_LOOP('',(#5093,#5094));
#5096=FACE_BOUND('',#5095,.F.);
#5098=ORIENTED_EDGE('',*,*,#5097,.T.);
#5100=ORIENTED_EDGE('',*,*,#5099,.T.);
#5102=ORIENTED_EDGE('',*,*,#5101,.T.);
#5104=ORIENTED_EDGE('',*,*,#5103,.T.);
#5106=ORIENTED_EDGE('',*,*,#5105,.T.);
#5108=ORIENTED_EDGE('',*,*,#5107,.T.);
#5110=ORIENTED_EDGE('',*,*,#5109,.T.);
#5112=ORIENTED_EDGE('',*,*,#5111,.T.);
#5113=EDGE_LOOP('',(#5098,#5100,#5102,#5104,#5106,#5108,#5110,#5112));
#5114=FACE_BOUND('',#5113,.F.);
#5116=CARTESIAN_POINT('',(2.352E1,-2.E-1,0.E0));
#5117=DIRECTION('',(0.E0,1.E0,0.E0));
#5118=DIRECTION('',(1.E0,0.E0,0.E0));
#5119=AXIS2_PLACEMENT_3D('',#5116,#5117,#5118);
#5120=CYLINDRICAL_SURFACE('',#5119,1.525E0);
#5121=ORIENTED_EDGE('',*,*,#5005,.F.);
#5123=ORIENTED_EDGE('',*,*,#5122,.T.);
#5124=ORIENTED_EDGE('',*,*,#5087,.T.);
#5126=ORIENTED_EDGE('',*,*,#5125,.F.);
#5127=EDGE_LOOP('',(#5121,#5123,#5124,#5126));
#5128=FACE_OUTER_BOUND('',#5127,.F.);
#5130=CARTESIAN_POINT('',(2.352E1,-2.E-1,0.E0));
#5131=DIRECTION('',(0.E0,1.E0,0.E0));
#5132=DIRECTION('',(1.E0,0.E0,0.E0));
#5133=AXIS2_PLACEMENT_3D('',#5130,#5131,#5132);
#5134=CYLINDRICAL_SURFACE('',#5133,1.525E0);
#5135=ORIENTED_EDGE('',*,*,#5007,.F.);
#5136=ORIENTED_EDGE('',*,*,#5125,.T.);
#5137=ORIENTED_EDGE('',*,*,#5089,.T.);
#5138=ORIENTED_EDGE('',*,*,#5122,.F.);
#5139=EDGE_LOOP('',(#5135,#5136,#5137,#5138));
#5140=FACE_OUTER_BOUND('',#5139,.F.);
#5142=CARTESIAN_POINT('',(-2.5225E1,-2.E-1,-4.975E0));
#5143=DIRECTION('',(0.E0,1.E0,0.E0));
#5144=DIRECTION('',(1.E0,0.E0,0.E0));
#5145=AXIS2_PLACEMENT_3D('',#5142,#5143,#5144);
#5146=CYLINDRICAL_SURFACE('',#5145,1.3E0);
#5147=ORIENTED_EDGE('',*,*,#4987,.F.);
#5149=ORIENTED_EDGE('',*,*,#5148,.T.);
#5150=ORIENTED_EDGE('',*,*,#5069,.T.);
#5152=ORIENTED_EDGE('',*,*,#5151,.F.);
#5153=EDGE_LOOP('',(#5147,#5149,#5150,#5152));
#5154=FACE_OUTER_BOUND('',#5153,.F.);
#5156=CARTESIAN_POINT('',(2.5E1,-2.E-1,-6.275E0));
#5157=DIRECTION('',(0.E0,0.E0,-1.E0));
#5158=DIRECTION('',(-1.E0,0.E0,0.E0));
#5159=AXIS2_PLACEMENT_3D('',#5156,#5157,#5158);
#5160=PLANE('',#5159);
#5161=ORIENTED_EDGE('',*,*,#5001,.F.);
#5163=ORIENTED_EDGE('',*,*,#5162,.T.);
#5164=ORIENTED_EDGE('',*,*,#5071,.T.);
#5165=ORIENTED_EDGE('',*,*,#5148,.F.);
#5166=EDGE_LOOP('',(#5161,#5163,#5164,#5165));
#5167=FACE_OUTER_BOUND('',#5166,.F.);
#5169=CARTESIAN_POINT('',(2.5E1,-2.E-1,-4.75E0));
#5170=DIRECTION('',(0.E0,1.E0,0.E0));
#5171=DIRECTION('',(1.E0,0.E0,0.E0));
#5172=AXIS2_PLACEMENT_3D('',#5169,#5170,#5171);
#5173=CYLINDRICAL_SURFACE('',#5172,1.525E0);
#5174=ORIENTED_EDGE('',*,*,#4999,.F.);
#5176=ORIENTED_EDGE('',*,*,#5175,.T.);
#5177=ORIENTED_EDGE('',*,*,#5073,.T.);
#5178=ORIENTED_EDGE('',*,*,#5162,.F.);
#5179=EDGE_LOOP('',(#5174,#5176,#5177,#5178));
#5180=FACE_OUTER_BOUND('',#5179,.F.);
#5182=CARTESIAN_POINT('',(2.6525E1,-2.E-1,4.975E0));
#5183=DIRECTION('',(1.E0,0.E0,0.E0));
#5184=DIRECTION('',(0.E0,0.E0,-1.E0));
#5185=AXIS2_PLACEMENT_3D('',#5182,#5183,#5184);
#5186=PLANE('',#5185);
#5187=ORIENTED_EDGE('',*,*,#4997,.F.);
#5189=ORIENTED_EDGE('',*,*,#5188,.T.);
#5190=ORIENTED_EDGE('',*,*,#5075,.T.);
#5191=ORIENTED_EDGE('',*,*,#5175,.F.);
#5192=EDGE_LOOP('',(#5187,#5189,#5190,#5191));
#5193=FACE_OUTER_BOUND('',#5192,.F.);
#5195=CARTESIAN_POINT('',(2.5225E1,-2.E-1,4.975E0));
#5196=DIRECTION('',(0.E0,1.E0,0.E0));
#5197=DIRECTION('',(1.E0,0.E0,0.E0));
#5198=AXIS2_PLACEMENT_3D('',#5195,#5196,#5197);
#5199=CYLINDRICAL_SURFACE('',#5198,1.3E0);
#5200=ORIENTED_EDGE('',*,*,#4995,.F.);
#5202=ORIENTED_EDGE('',*,*,#5201,.T.);
#5203=ORIENTED_EDGE('',*,*,#5077,.T.);
#5204=ORIENTED_EDGE('',*,*,#5188,.F.);
#5205=EDGE_LOOP('',(#5200,#5202,#5203,#5204));
#5206=FACE_OUTER_BOUND('',#5205,.F.);
#5208=CARTESIAN_POINT('',(-2.5125E1,-2.E-1,6.275E0));
#5209=DIRECTION('',(0.E0,0.E0,1.E0));
#5210=DIRECTION('',(1.E0,0.E0,0.E0));
#5211=AXIS2_PLACEMENT_3D('',#5208,#5209,#5210);
#5212=PLANE('',#5211);
#5213=ORIENTED_EDGE('',*,*,#4993,.F.);
#5215=ORIENTED_EDGE('',*,*,#5214,.T.);
#5216=ORIENTED_EDGE('',*,*,#5079,.T.);
#5217=ORIENTED_EDGE('',*,*,#5201,.F.);
#5218=EDGE_LOOP('',(#5213,#5215,#5216,#5217));
#5219=FACE_OUTER_BOUND('',#5218,.F.);
#5221=CARTESIAN_POINT('',(-2.5125E1,-2.E-1,4.875E0));
#5222=DIRECTION('',(0.E0,1.E0,0.E0));
#5223=DIRECTION('',(1.E0,0.E0,0.E0));
#5224=AXIS2_PLACEMENT_3D('',#5221,#5222,#5223);
#5225=CYLINDRICAL_SURFACE('',#5224,1.4E0);
#5226=ORIENTED_EDGE('',*,*,#4991,.F.);
#5228=ORIENTED_EDGE('',*,*,#5227,.T.);
#5229=ORIENTED_EDGE('',*,*,#5081,.T.);
#5230=ORIENTED_EDGE('',*,*,#5214,.F.);
#5231=EDGE_LOOP('',(#5226,#5228,#5229,#5230));
#5232=FACE_OUTER_BOUND('',#5231,.F.);
#5234=CARTESIAN_POINT('',(-2.6525E1,-2.E-1,-4.975E0));
#5235=DIRECTION('',(-1.E0,0.E0,0.E0));
#5236=DIRECTION('',(0.E0,0.E0,1.E0));
#5237=AXIS2_PLACEMENT_3D('',#5234,#5235,#5236);
#5238=PLANE('',#5237);
#5239=ORIENTED_EDGE('',*,*,#4989,.F.);
#5240=ORIENTED_EDGE('',*,*,#5151,.T.);
#5241=ORIENTED_EDGE('',*,*,#5083,.T.);
#5242=ORIENTED_EDGE('',*,*,#5227,.F.);
#5243=EDGE_LOOP('',(#5239,#5240,#5241,#5242));
#5244=FACE_OUTER_BOUND('',#5243,.F.);
#5246=CARTESIAN_POINT('',(1.651226816714E1,7.E-1,1.950344952093E0));
#5247=DIRECTION('',(0.E0,1.E0,0.E0));
#5248=DIRECTION('',(-4.608584813034E-2,0.E0,9.989374828297E-1));
#5249=AXIS2_PLACEMENT_3D('',#5246,#5247,#5248);
#5250=TOROIDAL_SURFACE('',#5249,2.5E0,5.E-1);
#5251=ORIENTED_EDGE('',*,*,#5097,.F.);
#5253=ORIENTED_EDGE('',*,*,#5252,.T.);
#5255=ORIENTED_EDGE('',*,*,#5254,.T.);
#5257=ORIENTED_EDGE('',*,*,#5256,.F.);
#5258=EDGE_LOOP('',(#5251,#5253,#5255,#5257));
#5259=FACE_OUTER_BOUND('',#5258,.F.);
#5261=CARTESIAN_POINT('',(-1.660447252195E1,7.E-1,4.450344952093E0));
#5262=DIRECTION('',(1.E0,0.E0,0.E0));
#5263=DIRECTION('',(0.E0,-1.E0,0.E0));
#5264=AXIS2_PLACEMENT_3D('',#5261,#5262,#5263);
#5265=CYLINDRICAL_SURFACE('',#5264,5.E-1);
#5266=ORIENTED_EDGE('',*,*,#5111,.F.);
#5268=ORIENTED_EDGE('',*,*,#5267,.T.);
#5270=ORIENTED_EDGE('',*,*,#5269,.T.);
#5271=ORIENTED_EDGE('',*,*,#5252,.F.);
#5272=EDGE_LOOP('',(#5266,#5268,#5270,#5271));
#5273=FACE_OUTER_BOUND('',#5272,.F.);
#5275=CARTESIAN_POINT('',(-1.651226816714E1,7.E-1,1.950344952093E0));
#5276=DIRECTION('',(0.E0,1.E0,0.E0));
#5277=DIRECTION('',(-9.917641014092E-1,0.E0,1.280779729537E-1));
#5278=AXIS2_PLACEMENT_3D('',#5275,#5276,#5277);
#5279=TOROIDAL_SURFACE('',#5278,2.5E0,5.E-1);
#5280=ORIENTED_EDGE('',*,*,#5109,.F.);
#5282=ORIENTED_EDGE('',*,*,#5281,.T.);
#5284=ORIENTED_EDGE('',*,*,#5283,.T.);
#5285=ORIENTED_EDGE('',*,*,#5267,.F.);
#5286=EDGE_LOOP('',(#5280,#5282,#5284,#5285));
#5287=FACE_OUTER_BOUND('',#5286,.F.);
#5289=CARTESIAN_POINT('',(-1.967803050072E1,7.E-1,-1.606659207694E0));
#5290=DIRECTION('',(1.736481776669E-1,0.E0,9.848077530122E-1));
#5291=DIRECTION('',(0.E0,-1.E0,0.E0));
#5292=AXIS2_PLACEMENT_3D('',#5289,#5290,#5291);
#5293=CYLINDRICAL_SURFACE('',#5292,5.E-1);
#5294=ORIENTED_EDGE('',*,*,#5107,.F.);
#5296=ORIENTED_EDGE('',*,*,#5295,.T.);
#5298=ORIENTED_EDGE('',*,*,#5297,.T.);
#5299=ORIENTED_EDGE('',*,*,#5281,.F.);
#5300=EDGE_LOOP('',(#5294,#5296,#5298,#5299));
#5301=FACE_OUTER_BOUND('',#5300,.F.);
#5303=CARTESIAN_POINT('',(-1.72E1,7.E-1,-1.949976088382E0));
#5304=DIRECTION('',(0.E0,1.E0,0.E0));
#5305=DIRECTION('',(4.608584813034E-2,0.E0,-9.989374828297E-1));
#5306=AXIS2_PLACEMENT_3D('',#5303,#5304,#5305);
#5307=TOROIDAL_SURFACE('',#5306,2.5E0,5.E-1);
#5308=ORIENTED_EDGE('',*,*,#5105,.F.);
#5310=ORIENTED_EDGE('',*,*,#5309,.T.);
#5312=ORIENTED_EDGE('',*,*,#5311,.T.);
#5313=ORIENTED_EDGE('',*,*,#5295,.F.);
#5314=EDGE_LOOP('',(#5308,#5310,#5312,#5313));
#5315=FACE_OUTER_BOUND('',#5314,.F.);
#5317=CARTESIAN_POINT('',(1.729220435481E1,7.E-1,-4.449976088382E0));
#5318=DIRECTION('',(-1.E0,0.E0,0.E0));
#5319=DIRECTION('',(0.E0,-1.E0,0.E0));
#5320=AXIS2_PLACEMENT_3D('',#5317,#5318,#5319);
#5321=CYLINDRICAL_SURFACE('',#5320,5.E-1);
#5322=ORIENTED_EDGE('',*,*,#5103,.F.);
#5324=ORIENTED_EDGE('',*,*,#5323,.T.);
#5326=ORIENTED_EDGE('',*,*,#5325,.T.);
#5327=ORIENTED_EDGE('',*,*,#5309,.F.);
#5328=EDGE_LOOP('',(#5322,#5324,#5326,#5327));
#5329=FACE_OUTER_BOUND('',#5328,.F.);
#5331=CARTESIAN_POINT('',(1.72E1,7.E-1,-1.949976088382E0));
#5332=DIRECTION('',(0.E0,1.E0,0.E0));
#5333=DIRECTION('',(9.757586543211E-1,0.E0,2.188493740395E-1));
#5334=AXIS2_PLACEMENT_3D('',#5331,#5332,#5333);
#5335=TOROIDAL_SURFACE('',#5334,2.5E0,5.E-1);
#5336=ORIENTED_EDGE('',*,*,#5101,.F.);
#5338=ORIENTED_EDGE('',*,*,#5337,.T.);
#5340=ORIENTED_EDGE('',*,*,#5339,.T.);
#5341=ORIENTED_EDGE('',*,*,#5323,.F.);
#5342=EDGE_LOOP('',(#5336,#5338,#5340,#5341));
#5343=FACE_OUTER_BOUND('',#5342,.F.);
#5345=CARTESIAN_POINT('',(1.895827643148E1,7.E-1,2.475268959740E0));
#5346=DIRECTION('',(1.736481776669E-1,0.E0,-9.848077530122E-1));
#5347=DIRECTION('',(0.E0,-1.E0,0.E0));
#5348=AXIS2_PLACEMENT_3D('',#5345,#5346,#5347);
#5349=CYLINDRICAL_SURFACE('',#5348,5.E-1);
#5350=ORIENTED_EDGE('',*,*,#5099,.F.);
#5351=ORIENTED_EDGE('',*,*,#5256,.T.);
#5353=ORIENTED_EDGE('',*,*,#5352,.T.);
#5354=ORIENTED_EDGE('',*,*,#5337,.F.);
#5355=EDGE_LOOP('',(#5350,#5351,#5353,#5354));
#5356=FACE_OUTER_BOUND('',#5355,.F.);
#5358=CARTESIAN_POINT('',(1.848188367316E1,2.E-1,2.297641307427E0));
#5359=DIRECTION('',(9.848077530122E-1,0.E0,1.736481776669E-1));
#5360=DIRECTION('',(1.736481776669E-1,0.E0,-9.848077530122E-1));
#5361=AXIS2_PLACEMENT_3D('',#5358,#5359,#5360);
#5362=PLANE('',#5361);
#5363=ORIENTED_EDGE('',*,*,#5352,.F.);
#5365=ORIENTED_EDGE('',*,*,#5364,.T.);
#5367=ORIENTED_EDGE('',*,*,#5366,.T.);
#5369=ORIENTED_EDGE('',*,*,#5368,.F.);
#5370=EDGE_LOOP('',(#5363,#5365,#5367,#5369));
#5371=FACE_OUTER_BOUND('',#5370,.F.);
#5373=CARTESIAN_POINT('',(1.651226816714E1,2.E-1,1.950344952093E0));
#5374=DIRECTION('',(0.E0,1.E0,0.E0));
#5375=DIRECTION('',(1.E0,0.E0,0.E0));
#5376=AXIS2_PLACEMENT_3D('',#5373,#5374,#5375);
#5377=CYLINDRICAL_SURFACE('',#5376,2.E0);
#5378=ORIENTED_EDGE('',*,*,#5254,.F.);
#5380=ORIENTED_EDGE('',*,*,#5379,.T.);
#5382=ORIENTED_EDGE('',*,*,#5381,.T.);
#5383=ORIENTED_EDGE('',*,*,#5364,.F.);
#5384=EDGE_LOOP('',(#5378,#5380,#5382,#5383));
#5385=FACE_OUTER_BOUND('',#5384,.F.);
#5387=CARTESIAN_POINT('',(-1.651226816714E1,2.E-1,3.950344952093E0));
#5388=DIRECTION('',(0.E0,0.E0,1.E0));
#5389=DIRECTION('',(1.E0,0.E0,0.E0));
#5390=AXIS2_PLACEMENT_3D('',#5387,#5388,#5389);
#5391=PLANE('',#5390);
#5392=ORIENTED_EDGE('',*,*,#5269,.F.);
#5394=ORIENTED_EDGE('',*,*,#5393,.T.);
#5396=ORIENTED_EDGE('',*,*,#5395,.T.);
#5397=ORIENTED_EDGE('',*,*,#5379,.F.);
#5398=EDGE_LOOP('',(#5392,#5394,#5396,#5397));
#5399=FACE_OUTER_BOUND('',#5398,.F.);
#5401=CARTESIAN_POINT('',(-1.651226816714E1,2.E-1,1.950344952093E0));
#5402=DIRECTION('',(0.E0,1.E0,0.E0));
#5403=DIRECTION('',(1.E0,0.E0,0.E0));
#5404=AXIS2_PLACEMENT_3D('',#5401,#5402,#5403);
#5405=CYLINDRICAL_SURFACE('',#5404,2.E0);
#5406=ORIENTED_EDGE('',*,*,#5283,.F.);
#5408=ORIENTED_EDGE('',*,*,#5407,.T.);
#5410=ORIENTED_EDGE('',*,*,#5409,.T.);
#5411=ORIENTED_EDGE('',*,*,#5393,.F.);
#5412=EDGE_LOOP('',(#5406,#5408,#5410,#5411));
#5413=FACE_OUTER_BOUND('',#5412,.F.);
#5415=CARTESIAN_POINT('',(-1.916961550602E1,2.E-1,-1.602679733048E0));
#5416=DIRECTION('',(-9.848077530122E-1,0.E0,1.736481776669E-1));
#5417=DIRECTION('',(1.736481776669E-1,0.E0,9.848077530122E-1));
#5418=AXIS2_PLACEMENT_3D('',#5415,#5416,#5417);
#5419=PLANE('',#5418);
#5420=ORIENTED_EDGE('',*,*,#5297,.F.);
#5422=ORIENTED_EDGE('',*,*,#5421,.T.);
#5424=ORIENTED_EDGE('',*,*,#5423,.T.);
#5425=ORIENTED_EDGE('',*,*,#5407,.F.);
#5426=EDGE_LOOP('',(#5420,#5422,#5424,#5425));
#5427=FACE_OUTER_BOUND('',#5426,.F.);
#5429=CARTESIAN_POINT('',(-1.72E1,2.E-1,-1.949976088382E0));
#5430=DIRECTION('',(0.E0,1.E0,0.E0));
#5431=DIRECTION('',(1.E0,0.E0,0.E0));
#5432=AXIS2_PLACEMENT_3D('',#5429,#5430,#5431);
#5433=CYLINDRICAL_SURFACE('',#5432,2.E0);
#5434=ORIENTED_EDGE('',*,*,#5311,.F.);
#5436=ORIENTED_EDGE('',*,*,#5435,.T.);
#5438=ORIENTED_EDGE('',*,*,#5437,.T.);
#5439=ORIENTED_EDGE('',*,*,#5421,.F.);
#5440=EDGE_LOOP('',(#5434,#5436,#5438,#5439));
#5441=FACE_OUTER_BOUND('',#5440,.F.);
#5443=CARTESIAN_POINT('',(1.72E1,2.E-1,-3.949976088382E0));
#5444=DIRECTION('',(0.E0,0.E0,-1.E0));
#5445=DIRECTION('',(-1.E0,0.E0,0.E0));
#5446=AXIS2_PLACEMENT_3D('',#5443,#5444,#5445);
#5447=PLANE('',#5446);
#5448=ORIENTED_EDGE('',*,*,#5325,.F.);
#5450=ORIENTED_EDGE('',*,*,#5449,.T.);
#5452=ORIENTED_EDGE('',*,*,#5451,.T.);
#5453=ORIENTED_EDGE('',*,*,#5435,.F.);
#5454=EDGE_LOOP('',(#5448,#5450,#5452,#5453));
#5455=FACE_OUTER_BOUND('',#5454,.F.);
#5457=CARTESIAN_POINT('',(1.72E1,2.E-1,-1.949976088382E0));
#5458=DIRECTION('',(0.E0,1.E0,0.E0));
#5459=DIRECTION('',(1.E0,0.E0,0.E0));
#5460=AXIS2_PLACEMENT_3D('',#5457,#5458,#5459);
#5461=CYLINDRICAL_SURFACE('',#5460,2.E0);
#5462=ORIENTED_EDGE('',*,*,#5339,.F.);
#5463=ORIENTED_EDGE('',*,*,#5368,.T.);
#5465=ORIENTED_EDGE('',*,*,#5464,.T.);
#5466=ORIENTED_EDGE('',*,*,#5449,.F.);
#5467=EDGE_LOOP('',(#5462,#5463,#5465,#5466));
#5468=FACE_OUTER_BOUND('',#5467,.F.);
#5470=CARTESIAN_POINT('',(1.914948392964E1,5.128103314420E0,-1.515042268943E0));
#5471=CARTESIAN_POINT('',(1.917581776899E1,5.502410012562E0,-1.509167135965E0));
#5472=CARTESIAN_POINT('',(1.901201548187E1,5.838068758696E0,-1.545711758510E0));
#5473=CARTESIAN_POINT('',(1.870395504764E1,6.041067770145E0,-1.614440666320E0));
#5474=CARTESIAN_POINT('',(1.946131195323E1,5.128103314420E0,-2.912734730698E0));
#5475=CARTESIAN_POINT('',(1.949185799917E1,5.502410012562E0,-2.925739778355E0));
#5476=CARTESIAN_POINT('',(1.930185485825E1,5.838068758696E0,-2.844845514417E0));
#5477=CARTESIAN_POINT('',(1.894451888248E1,6.041067770145E0,-2.692708920265E0));
#5478=CARTESIAN_POINT('',(1.854080487505E1,5.128103314420E0,-4.009752348129E0));
#5479=CARTESIAN_POINT('',(1.855891661202E1,5.502410012562E0,-4.037576028170E0));
#5480=CARTESIAN_POINT('',(1.844625761455E1,5.838068758696E0,-3.864506603410E0));
#5481=CARTESIAN_POINT('',(1.823438157610E1,6.041067770145E0,-3.539017606375E0));
#5482=CARTESIAN_POINT('',(1.711019813434E1,5.128103314420E0,-3.945368441819E0));
#5483=CARTESIAN_POINT('',(1.710898508105E1,5.502410012562E0,-3.972322417104E0));
#5484=CARTESIAN_POINT('',(1.711653054001E1,5.838068758696E0,-3.804662747688E0));
#5485=CARTESIAN_POINT('',(1.713072116826E1,6.041067770145E0,-3.489347794068E0));
#5486=(BOUNDED_SURFACE()B_SPLINE_SURFACE(3,3,((#5470,#5471,#5472,#5473),(#5474,
#5475,#5476,#5477),(#5478,#5479,#5480,#5481),(#5482,#5483,#5484,#5485)),
.UNSPECIFIED.,.F.,.F.,.F.)B_SPLINE_SURFACE_WITH_KNOTS((4,4),(4,4),(0.E0,1.E0),(
0.E0,1.E0),.UNSPECIFIED.)GEOMETRIC_REPRESENTATION_ITEM()RATIONAL_B_SPLINE_SURFACE(((1.337680394760E0,1.212793914059E0,1.212793914059E0,1.337680394760E0),(
9.878296764701E-1,8.956054259615E-1,8.956054259615E-1,9.878296764701E-1),(
9.878296764701E-1,8.956054259615E-1,8.956054259615E-1,9.878296764701E-1),(
1.337680394760E0,1.212793914059E0,1.212793914059E0,1.337680394760E0)))REPRESENTATION_ITEM('')SURFACE());
#5488=ORIENTED_EDGE('',*,*,#5487,.T.);
#5490=ORIENTED_EDGE('',*,*,#5489,.T.);
#5491=ORIENTED_EDGE('',*,*,#5464,.F.);
#5493=ORIENTED_EDGE('',*,*,#5492,.F.);
#5494=EDGE_LOOP('',(#5488,#5490,#5491,#5493));
#5495=FACE_OUTER_BOUND('',#5494,.F.);
#5497=CARTESIAN_POINT('',(1.72E1,2.E-1,-1.949976088382E0));
#5498=DIRECTION('',(0.E0,1.E0,0.E0));
#5499=DIRECTION('',(1.E0,0.E0,0.E0));
#5500=AXIS2_PLACEMENT_3D('',#5497,#5498,#5499);
#5501=CYLINDRICAL_SURFACE('',#5500,1.6E0);
#5503=ORIENTED_EDGE('',*,*,#5502,.T.);
#5505=ORIENTED_EDGE('',*,*,#5504,.T.);
#5506=ORIENTED_EDGE('',*,*,#5487,.F.);
#5508=ORIENTED_EDGE('',*,*,#5507,.T.);
#5509=EDGE_LOOP('',(#5503,#5505,#5506,#5508));
#5510=FACE_OUTER_BOUND('',#5509,.F.);
#5512=CARTESIAN_POINT('',(1.72E1,8.E-1,-1.949976088382E0));
#5513=DIRECTION('',(0.E0,1.E0,0.E0));
#5514=DIRECTION('',(9.731715437174E-1,0.E0,2.300807390869E-1));
#5515=AXIS2_PLACEMENT_3D('',#5512,#5513,#5514);
#5516=TOROIDAL_SURFACE('',#5515,2.6E0,1.E0);
#5517=ORIENTED_EDGE('',*,*,#5029,.T.);
#5519=ORIENTED_EDGE('',*,*,#5518,.T.);
#5520=ORIENTED_EDGE('',*,*,#5502,.F.);
#5522=ORIENTED_EDGE('',*,*,#5521,.F.);
#5523=EDGE_LOOP('',(#5517,#5519,#5520,#5522));
#5524=FACE_OUTER_BOUND('',#5523,.F.);
#5526=CARTESIAN_POINT('',(1.729220435481E1,8.E-1,-4.549976088382E0));
#5527=DIRECTION('',(-1.E0,0.E0,0.E0));
#5528=DIRECTION('',(0.E0,-1.E0,0.E0));
#5529=AXIS2_PLACEMENT_3D('',#5526,#5527,#5528);
#5530=CYLINDRICAL_SURFACE('',#5529,1.E0);
#5531=ORIENTED_EDGE('',*,*,#5027,.T.);
#5533=ORIENTED_EDGE('',*,*,#5532,.T.);
#5535=ORIENTED_EDGE('',*,*,#5534,.F.);
#5536=ORIENTED_EDGE('',*,*,#5518,.F.);
#5537=EDGE_LOOP('',(#5531,#5533,#5535,#5536));
#5538=FACE_OUTER_BOUND('',#5537,.F.);
#5540=CARTESIAN_POINT('',(-1.72E1,8.E-1,-1.949976088382E0));
#5541=DIRECTION('',(0.E0,1.E0,0.E0));
#5542=DIRECTION('',(5.759583054770E-2,0.E0,-9.983399823224E-1));
#5543=AXIS2_PLACEMENT_3D('',#5540,#5541,#5542);
#5544=TOROIDAL_SURFACE('',#5543,2.6E0,1.E0);
#5545=ORIENTED_EDGE('',*,*,#5025,.T.);
#5547=ORIENTED_EDGE('',*,*,#5546,.T.);
#5549=ORIENTED_EDGE('',*,*,#5548,.F.);
#5550=ORIENTED_EDGE('',*,*,#5532,.F.);
#5551=EDGE_LOOP('',(#5545,#5547,#5549,#5550));
#5552=FACE_OUTER_BOUND('',#5551,.F.);
#5554=CARTESIAN_POINT('',(-1.977651127602E1,8.E-1,-1.589294389927E0));
#5555=DIRECTION('',(1.736481776669E-1,0.E0,9.848077530122E-1));
#5556=DIRECTION('',(0.E0,-1.E0,0.E0));
#5557=AXIS2_PLACEMENT_3D('',#5554,#5555,#5556);
#5558=CYLINDRICAL_SURFACE('',#5557,1.E0);
#5559=ORIENTED_EDGE('',*,*,#5023,.T.);
#5561=ORIENTED_EDGE('',*,*,#5560,.T.);
#5563=ORIENTED_EDGE('',*,*,#5562,.F.);
#5564=ORIENTED_EDGE('',*,*,#5546,.F.);
#5565=EDGE_LOOP('',(#5559,#5561,#5563,#5564));
#5566=FACE_OUTER_BOUND('',#5565,.F.);
#5568=CARTESIAN_POINT('',(-1.651226816714E1,8.E-1,1.950344952093E0));
#5569=DIRECTION('',(0.E0,1.E0,0.E0));
#5570=DIRECTION('',(-9.931743657490E-1,0.E0,1.166390981578E-1));
#5571=AXIS2_PLACEMENT_3D('',#5568,#5569,#5570);
#5572=TOROIDAL_SURFACE('',#5571,2.6E0,1.E0);
#5573=ORIENTED_EDGE('',*,*,#5021,.T.);
#5575=ORIENTED_EDGE('',*,*,#5574,.T.);
#5577=ORIENTED_EDGE('',*,*,#5576,.F.);
#5578=ORIENTED_EDGE('',*,*,#5560,.F.);
#5579=EDGE_LOOP('',(#5573,#5575,#5577,#5578));
#5580=FACE_OUTER_BOUND('',#5579,.F.);
#5582=CARTESIAN_POINT('',(-1.660447252195E1,8.E-1,4.550344952093E0));
#5583=DIRECTION('',(1.E0,0.E0,0.E0));
#5584=DIRECTION('',(0.E0,-1.E0,0.E0));
#5585=AXIS2_PLACEMENT_3D('',#5582,#5583,#5584);
#5586=CYLINDRICAL_SURFACE('',#5585,1.E0);
#5587=ORIENTED_EDGE('',*,*,#5019,.T.);
#5589=ORIENTED_EDGE('',*,*,#5588,.T.);
#5591=ORIENTED_EDGE('',*,*,#5590,.F.);
#5592=ORIENTED_EDGE('',*,*,#5574,.F.);
#5593=EDGE_LOOP('',(#5587,#5589,#5591,#5592));
#5594=FACE_OUTER_BOUND('',#5593,.F.);
#5596=CARTESIAN_POINT('',(1.651226816714E1,8.E-1,1.950344952093E0));
#5597=DIRECTION('',(0.E0,1.E0,0.E0));
#5598=DIRECTION('',(-5.759583054771E-2,0.E0,9.983399823224E-1));
#5599=AXIS2_PLACEMENT_3D('',#5596,#5597,#5598);
#5600=TOROIDAL_SURFACE('',#5599,2.6E0,1.E0);
#5601=ORIENTED_EDGE('',*,*,#5017,.T.);
#5603=ORIENTED_EDGE('',*,*,#5602,.T.);
#5605=ORIENTED_EDGE('',*,*,#5604,.F.);
#5606=ORIENTED_EDGE('',*,*,#5588,.F.);
#5607=EDGE_LOOP('',(#5601,#5603,#5605,#5606));
#5608=FACE_OUTER_BOUND('',#5607,.F.);
#5610=CARTESIAN_POINT('',(1.905675720679E1,8.E-1,2.492633777507E0));
#5611=DIRECTION('',(1.736481776669E-1,0.E0,-9.848077530122E-1));
#5612=DIRECTION('',(0.E0,-1.E0,0.E0));
#5613=AXIS2_PLACEMENT_3D('',#5610,#5611,#5612);
#5614=CYLINDRICAL_SURFACE('',#5613,1.E0);
#5615=ORIENTED_EDGE('',*,*,#5031,.T.);
#5616=ORIENTED_EDGE('',*,*,#5521,.T.);
#5618=ORIENTED_EDGE('',*,*,#5617,.F.);
#5619=ORIENTED_EDGE('',*,*,#5602,.F.);
#5620=EDGE_LOOP('',(#5615,#5616,#5618,#5619));
#5621=FACE_OUTER_BOUND('',#5620,.F.);
#5623=CARTESIAN_POINT('',(1.808796057196E1,2.E-1,2.228182036360E0));
#5624=DIRECTION('',(9.848077530122E-1,0.E0,1.736481776669E-1));
#5625=DIRECTION('',(1.736481776669E-1,0.E0,-9.848077530122E-1));
#5626=AXIS2_PLACEMENT_3D('',#5623,#5624,#5625);
#5627=PLANE('',#5626);
#5628=ORIENTED_EDGE('',*,*,#5617,.T.);
#5629=ORIENTED_EDGE('',*,*,#5507,.F.);
#5631=ORIENTED_EDGE('',*,*,#5630,.F.);
#5633=ORIENTED_EDGE('',*,*,#5632,.T.);
#5634=EDGE_LOOP('',(#5628,#5629,#5631,#5633));
#5635=FACE_OUTER_BOUND('',#5634,.F.);
#5637=CARTESIAN_POINT('',(1.749686630578E1,5.2E0,2.125181911910E0));
#5638=DIRECTION('',(1.736481776669E-1,0.E0,-9.848077530122E-1));
#5639=DIRECTION('',(5.908846518073E-1,8.E-1,1.041889066002E-1));
#5640=AXIS2_PLACEMENT_3D('',#5637,#5638,#5639);
#5641=CYLINDRICAL_SURFACE('',#5640,1.E0);
#5642=ORIENTED_EDGE('',*,*,#5630,.T.);
#5643=ORIENTED_EDGE('',*,*,#5492,.T.);
#5644=ORIENTED_EDGE('',*,*,#5366,.F.);
#5646=ORIENTED_EDGE('',*,*,#5645,.F.);
#5647=EDGE_LOOP('',(#5642,#5643,#5644,#5646));
#5648=FACE_OUTER_BOUND('',#5647,.F.);
#5650=CARTESIAN_POINT('',(1.642246630148E1,5.128103318037E0,3.945737305530E0));
#5651=CARTESIAN_POINT('',(1.642125324818E1,5.502410016260E0,3.972691280821E0));
#5652=CARTESIAN_POINT('',(1.642879870714E1,5.838068762449E0,3.805031611334E0));
#5653=CARTESIAN_POINT('',(1.644298933540E1,6.041067773876E0,3.489716657603E0));
#5654=CARTESIAN_POINT('',(1.751440354703E1,5.128103318037E0,3.994879521431E0));
#5655=CARTESIAN_POINT('',(1.752794049991E1,5.502410016260E0,4.022497315078E0));
#5656=CARTESIAN_POINT('',(1.744373766818E1,5.838068762449E0,3.850708549045E0));
#5657=CARTESIAN_POINT('',(1.728537870164E1,6.041067773876E0,3.527628067143E0));
#5658=CARTESIAN_POINT('',(1.835172267983E1,5.128103318037E0,3.292285345921E0));
#5659=CARTESIAN_POINT('',(1.837657022994E1,5.502410016260E0,3.310412421608E0));
#5660=CARTESIAN_POINT('',(1.822201298955E1,5.838068762449E0,3.197658013928E0));
#5661=CARTESIAN_POINT('',(1.793133957209E1,6.041067773876E0,2.985602538994E0));
#5662=CARTESIAN_POINT('',(1.849293995743E1,5.128103318037E0,2.208403624457E0));
#5663=CARTESIAN_POINT('',(1.851969508576E1,5.502410016260E0,2.211889508858E0));
#5664=CARTESIAN_POINT('',(1.835327228819E1,5.838068762449E0,2.190206539270E0));
#5665=CARTESIAN_POINT('',(1.804028350038E1,6.041067773876E0,2.149427712892E0));
#5666=(BOUNDED_SURFACE()B_SPLINE_SURFACE(3,3,((#5650,#5651,#5652,#5653),(#5654,
#5655,#5656,#5657),(#5658,#5659,#5660,#5661),(#5662,#5663,#5664,#5665)),
.UNSPECIFIED.,.F.,.F.,.F.)B_SPLINE_SURFACE_WITH_KNOTS((4,4),(4,4),(0.E0,1.E0),(
0.E0,1.E0),.UNSPECIFIED.)GEOMETRIC_REPRESENTATION_ITEM()RATIONAL_B_SPLINE_SURFACE(((1.238551614236E0,1.122919843797E0,1.122919843797E0,1.238551614236E0),(
1.020872603352E0,9.255634493683E-1,9.255634493683E-1,1.020872603352E0),(
1.020872603352E0,9.255634493683E-1,9.255634493683E-1,1.020872603352E0),(
1.238551614236E0,1.122919843797E0,1.122919843797E0,1.238551614236E0)))REPRESENTATION_ITEM('')SURFACE());
#5668=ORIENTED_EDGE('',*,*,#5667,.T.);
#5669=ORIENTED_EDGE('',*,*,#5645,.T.);
#5670=ORIENTED_EDGE('',*,*,#5381,.F.);
#5672=ORIENTED_EDGE('',*,*,#5671,.F.);
#5673=EDGE_LOOP('',(#5668,#5669,#5670,#5672));
#5674=FACE_OUTER_BOUND('',#5673,.F.);
#5676=CARTESIAN_POINT('',(1.651226816714E1,2.E-1,1.950344952093E0));
#5677=DIRECTION('',(0.E0,1.E0,0.E0));
#5678=DIRECTION('',(1.E0,0.E0,0.E0));
#5679=AXIS2_PLACEMENT_3D('',#5676,#5677,#5678);
#5680=CYLINDRICAL_SURFACE('',#5679,1.6E0);
#5681=ORIENTED_EDGE('',*,*,#5604,.T.);
#5682=ORIENTED_EDGE('',*,*,#5632,.F.);
#5683=ORIENTED_EDGE('',*,*,#5667,.F.);
#5685=ORIENTED_EDGE('',*,*,#5684,.T.);
#5686=EDGE_LOOP('',(#5681,#5682,#5683,#5685));
#5687=FACE_OUTER_BOUND('',#5686,.F.);
#5689=CARTESIAN_POINT('',(-1.651226816714E1,2.E-1,3.550344952093E0));
#5690=DIRECTION('',(0.E0,0.E0,1.E0));
#5691=DIRECTION('',(1.E0,0.E0,0.E0));
#5692=AXIS2_PLACEMENT_3D('',#5689,#5690,#5691);
#5693=PLANE('',#5692);
#5694=ORIENTED_EDGE('',*,*,#5590,.T.);
#5695=ORIENTED_EDGE('',*,*,#5684,.F.);
#5697=ORIENTED_EDGE('',*,*,#5696,.F.);
#5699=ORIENTED_EDGE('',*,*,#5698,.T.);
#5700=EDGE_LOOP('',(#5694,#5695,#5697,#5699));
#5701=FACE_OUTER_BOUND('',#5700,.F.);
#5703=CARTESIAN_POINT('',(-1.651347528817E1,5.2E0,2.950344952093E0));
#5704=DIRECTION('',(1.E0,0.E0,0.E0));
#5705=DIRECTION('',(0.E0,8.E-1,6.E-1));
#5706=AXIS2_PLACEMENT_3D('',#5703,#5704,#5705);
#5707=CYLINDRICAL_SURFACE('',#5706,1.E0);
#5708=ORIENTED_EDGE('',*,*,#5696,.T.);
#5709=ORIENTED_EDGE('',*,*,#5671,.T.);
#5710=ORIENTED_EDGE('',*,*,#5395,.F.);
#5712=ORIENTED_EDGE('',*,*,#5711,.F.);
#5713=EDGE_LOOP('',(#5708,#5709,#5710,#5712));
#5714=FACE_OUTER_BOUND('',#5713,.F.);
#5716=CARTESIAN_POINT('',(-1.849293995743E1,5.128103318037E0,2.208403624457E0));
#5717=CARTESIAN_POINT('',(-1.851969508576E1,5.502410016260E0,2.211889508858E0));
#5718=CARTESIAN_POINT('',(-1.835327228819E1,5.838068762449E0,2.190206539270E0));
#5719=CARTESIAN_POINT('',(-1.804028350038E1,6.041067773876E0,2.149427712892E0));
#5720=CARTESIAN_POINT('',(-1.835172267983E1,5.128103318037E0,3.292285345920E0));
#5721=CARTESIAN_POINT('',(-1.837657022994E1,5.502410016260E0,3.310412421608E0));
#5722=CARTESIAN_POINT('',(-1.822201298955E1,5.838068762449E0,3.197658013928E0));
#5723=CARTESIAN_POINT('',(-1.793133957209E1,6.041067773876E0,2.985602538994E0));
#5724=CARTESIAN_POINT('',(-1.751440354703E1,5.128103318037E0,3.994879521431E0));
#5725=CARTESIAN_POINT('',(-1.752794049991E1,5.502410016260E0,4.022497315078E0));
#5726=CARTESIAN_POINT('',(-1.744373766818E1,5.838068762449E0,3.850708549045E0));
#5727=CARTESIAN_POINT('',(-1.728537870164E1,6.041067773876E0,3.527628067143E0));
#5728=CARTESIAN_POINT('',(-1.642246630148E1,5.128103318037E0,3.945737305530E0));
#5729=CARTESIAN_POINT('',(-1.642125324818E1,5.502410016260E0,3.972691280821E0));
#5730=CARTESIAN_POINT('',(-1.642879870714E1,5.838068762449E0,3.805031611334E0));
#5731=CARTESIAN_POINT('',(-1.644298933540E1,6.041067773876E0,3.489716657603E0));
#5732=(BOUNDED_SURFACE()B_SPLINE_SURFACE(3,3,((#5716,#5717,#5718,#5719),(#5720,
#5721,#5722,#5723),(#5724,#5725,#5726,#5727),(#5728,#5729,#5730,#5731)),
.UNSPECIFIED.,.F.,.F.,.F.)B_SPLINE_SURFACE_WITH_KNOTS((4,4),(4,4),(0.E0,1.E0),(
0.E0,1.E0),.UNSPECIFIED.)GEOMETRIC_REPRESENTATION_ITEM()RATIONAL_B_SPLINE_SURFACE(((1.238551614236E0,1.122919843797E0,1.122919843797E0,1.238551614236E0),(
1.020872603352E0,9.255634493683E-1,9.255634493683E-1,1.020872603352E0),(
1.020872603352E0,9.255634493683E-1,9.255634493683E-1,1.020872603352E0),(
1.238551614236E0,1.122919843797E0,1.122919843797E0,1.238551614236E0)))REPRESENTATION_ITEM('')SURFACE());
#5734=ORIENTED_EDGE('',*,*,#5733,.T.);
#5735=ORIENTED_EDGE('',*,*,#5711,.T.);
#5736=ORIENTED_EDGE('',*,*,#5409,.F.);
#5738=ORIENTED_EDGE('',*,*,#5737,.F.);
#5739=EDGE_LOOP('',(#5734,#5735,#5736,#5738));
#5740=FACE_OUTER_BOUND('',#5739,.F.);
#5742=CARTESIAN_POINT('',(-1.651226816714E1,2.E-1,1.950344952093E0));
#5743=DIRECTION('',(0.E0,1.E0,0.E0));
#5744=DIRECTION('',(1.E0,0.E0,0.E0));
#5745=AXIS2_PLACEMENT_3D('',#5742,#5743,#5744);
#5746=CYLINDRICAL_SURFACE('',#5745,1.6E0);
#5747=ORIENTED_EDGE('',*,*,#5576,.T.);
#5748=ORIENTED_EDGE('',*,*,#5698,.F.);
#5749=ORIENTED_EDGE('',*,*,#5733,.F.);
#5751=ORIENTED_EDGE('',*,*,#5750,.T.);
#5752=EDGE_LOOP('',(#5747,#5748,#5749,#5751));
#5753=FACE_OUTER_BOUND('',#5752,.F.);
#5755=CARTESIAN_POINT('',(-1.877569240482E1,2.E-1,-1.672139004115E0));
#5756=DIRECTION('',(-9.848077530122E-1,0.E0,1.736481776669E-1));
#5757=DIRECTION('',(1.736481776669E-1,0.E0,9.848077530122E-1));
#5758=AXIS2_PLACEMENT_3D('',#5755,#5756,#5757);
#5759=PLANE('',#5758);
#5760=ORIENTED_EDGE('',*,*,#5562,.T.);
#5761=ORIENTED_EDGE('',*,*,#5750,.F.);
#5763=ORIENTED_EDGE('',*,*,#5762,.F.);
#5765=ORIENTED_EDGE('',*,*,#5764,.T.);
#5766=EDGE_LOOP('',(#5760,#5761,#5763,#5765));
#5767=FACE_OUTER_BOUND('',#5766,.F.);
#5769=CARTESIAN_POINT('',(-1.818501736738E1,5.2E0,-1.777516692865E0));
#5770=DIRECTION('',(1.736481776669E-1,0.E0,9.848077530122E-1));
#5771=DIRECTION('',(-5.908846518073E-1,8.E-1,1.041889066002E-1));
#5772=AXIS2_PLACEMENT_3D('',#5769,#5770,#5771);
#5773=CYLINDRICAL_SURFACE('',#5772,1.E0);
#5774=ORIENTED_EDGE('',*,*,#5762,.T.);
#5775=ORIENTED_EDGE('',*,*,#5737,.T.);
#5776=ORIENTED_EDGE('',*,*,#5423,.F.);
#5778=ORIENTED_EDGE('',*,*,#5777,.F.);
#5779=EDGE_LOOP('',(#5774,#5775,#5776,#5778));
#5780=FACE_OUTER_BOUND('',#5779,.F.);
#5782=CARTESIAN_POINT('',(-1.711019813434E1,5.128103314420E0,
-3.945368441819E0));
#5783=CARTESIAN_POINT('',(-1.710898508105E1,5.502410012562E0,
-3.972322417104E0));
#5784=CARTESIAN_POINT('',(-1.711653054001E1,5.838068758696E0,
-3.804662747688E0));
#5785=CARTESIAN_POINT('',(-1.713072116826E1,6.041067770145E0,
-3.489347794068E0));
#5786=CARTESIAN_POINT('',(-1.854080487505E1,5.128103314420E0,
-4.009752348129E0));
#5787=CARTESIAN_POINT('',(-1.855891661202E1,5.502410012562E0,
-4.037576028170E0));
#5788=CARTESIAN_POINT('',(-1.844625761455E1,5.838068758696E0,
-3.864506603410E0));
#5789=CARTESIAN_POINT('',(-1.823438157610E1,6.041067770145E0,
-3.539017606376E0));
#5790=CARTESIAN_POINT('',(-1.946131195323E1,5.128103314420E0,
-2.912734730698E0));
#5791=CARTESIAN_POINT('',(-1.949185799917E1,5.502410012562E0,
-2.925739778355E0));
#5792=CARTESIAN_POINT('',(-1.930185485825E1,5.838068758696E0,
-2.844845514417E0));
#5793=CARTESIAN_POINT('',(-1.894451888248E1,6.041067770145E0,
-2.692708920265E0));
#5794=CARTESIAN_POINT('',(-1.914948392964E1,5.128103314420E0,
-1.515042268943E0));
#5795=CARTESIAN_POINT('',(-1.917581776899E1,5.502410012562E0,
-1.509167135965E0));
#5796=CARTESIAN_POINT('',(-1.901201548187E1,5.838068758696E0,
-1.545711758510E0));
#5797=CARTESIAN_POINT('',(-1.870395504764E1,6.041067770145E0,
-1.614440666320E0));
#5798=(BOUNDED_SURFACE()B_SPLINE_SURFACE(3,3,((#5782,#5783,#5784,#5785),(#5786,
#5787,#5788,#5789),(#5790,#5791,#5792,#5793),(#5794,#5795,#5796,#5797)),
.UNSPECIFIED.,.F.,.F.,.F.)B_SPLINE_SURFACE_WITH_KNOTS((4,4),(4,4),(0.E0,1.E0),(
0.E0,1.E0),.UNSPECIFIED.)GEOMETRIC_REPRESENTATION_ITEM()RATIONAL_B_SPLINE_SURFACE(((1.337680394760E0,1.212793914059E0,1.212793914059E0,1.337680394760E0),(
9.878296764701E-1,8.956054259615E-1,8.956054259615E-1,9.878296764701E-1),(
9.878296764701E-1,8.956054259615E-1,8.956054259615E-1,9.878296764701E-1),(
1.337680394760E0,1.212793914059E0,1.212793914059E0,1.337680394760E0)))REPRESENTATION_ITEM('')SURFACE());
#5800=ORIENTED_EDGE('',*,*,#5799,.T.);
#5801=ORIENTED_EDGE('',*,*,#5777,.T.);
#5802=ORIENTED_EDGE('',*,*,#5437,.F.);
#5804=ORIENTED_EDGE('',*,*,#5803,.F.);
#5805=EDGE_LOOP('',(#5800,#5801,#5802,#5804));
#5806=FACE_OUTER_BOUND('',#5805,.F.);
#5808=CARTESIAN_POINT('',(-1.72E1,2.E-1,-1.949976088382E0));
#5809=DIRECTION('',(0.E0,1.E0,0.E0));
#5810=DIRECTION('',(1.E0,0.E0,0.E0));
#5811=AXIS2_PLACEMENT_3D('',#5808,#5809,#5810);
#5812=CYLINDRICAL_SURFACE('',#5811,1.6E0);
#5813=ORIENTED_EDGE('',*,*,#5548,.T.);
#5814=ORIENTED_EDGE('',*,*,#5764,.F.);
#5815=ORIENTED_EDGE('',*,*,#5799,.F.);
#5817=ORIENTED_EDGE('',*,*,#5816,.T.);
#5818=EDGE_LOOP('',(#5813,#5814,#5815,#5817));
#5819=FACE_OUTER_BOUND('',#5818,.F.);
#5821=CARTESIAN_POINT('',(1.72E1,2.E-1,-3.549976088382E0));
#5822=DIRECTION('',(0.E0,0.E0,-1.E0));
#5823=DIRECTION('',(-1.E0,0.E0,0.E0));
#5824=AXIS2_PLACEMENT_3D('',#5821,#5822,#5823);
#5825=PLANE('',#5824);
#5826=ORIENTED_EDGE('',*,*,#5534,.T.);
#5827=ORIENTED_EDGE('',*,*,#5816,.F.);
#5829=ORIENTED_EDGE('',*,*,#5828,.F.);
#5830=ORIENTED_EDGE('',*,*,#5504,.F.);
#5831=EDGE_LOOP('',(#5826,#5827,#5829,#5830));
#5832=FACE_OUTER_BOUND('',#5831,.F.);
#5834=CARTESIAN_POINT('',(1.720120712103E1,5.2E0,-2.949976088382E0));
#5835=DIRECTION('',(-1.E0,0.E0,0.E0));
#5836=DIRECTION('',(0.E0,8.E-1,-6.E-1));
#5837=AXIS2_PLACEMENT_3D('',#5834,#5835,#5836);
#5838=CYLINDRICAL_SURFACE('',#5837,1.E0);
#5839=ORIENTED_EDGE('',*,*,#5828,.T.);
#5840=ORIENTED_EDGE('',*,*,#5803,.T.);
#5841=ORIENTED_EDGE('',*,*,#5451,.F.);
#5842=ORIENTED_EDGE('',*,*,#5489,.F.);
#5843=EDGE_LOOP('',(#5839,#5840,#5841,#5842));
#5844=FACE_OUTER_BOUND('',#5843,.F.);
#5846=CLOSED_SHELL('',(#5035,#5050,#5063,#5115,#5129,#5141,#5155,#5168,#5181,
#5194,#5207,#5220,#5233,#5245,#5260,#5274,#5288,#5302,#5316,#5330,#5344,#5357,
#5372,#5386,#5400,#5414,#5428,#5442,#5456,#5469,#5496,#5511,#5525,#5539,#5553,
#5567,#5581,#5595,#5609,#5622,#5636,#5649,#5675,#5688,#5702,#5715,#5741,#5754,
#5768,#5781,#5807,#5820,#5833,#5845));
#5847=MANIFOLD_SOLID_BREP('',#5846);
#5848=(LENGTH_UNIT()NAMED_UNIT(*)SI_UNIT(.MILLI.,.METRE.));
#5849=DIMENSIONAL_EXPONENTS(0.E0,0.E0,0.E0,0.E0,0.E0,0.E0,0.E0);
#5850=(NAMED_UNIT(*)PLANE_ANGLE_UNIT()SI_UNIT($,.RADIAN.));
#5851=PLANE_ANGLE_MEASURE_WITH_UNIT(PLANE_ANGLE_MEASURE(1.745329251994E-2),
#5850);
#5852=(CONVERSION_BASED_UNIT('DEGREE',#5851)NAMED_UNIT(#5849)PLANE_ANGLE_UNIT(
));
#5853=(NAMED_UNIT(*)SI_UNIT($,.STERADIAN.)SOLID_ANGLE_UNIT());
#5854=UNCERTAINTY_MEASURE_WITH_UNIT(LENGTH_MEASURE(5.996329197959E-3),#5848,
'closure',
'Maximum model space distance between geometric entities at asserted connectivities');
#5856=CARTESIAN_POINT('',(0.E0,0.E0,0.E0));
#5857=DIRECTION('',(0.E0,0.E0,1.E0));
#5858=DIRECTION('',(1.E0,0.E0,0.E0));
#5861=MECHANICAL_CONTEXT('',#4257,'mechanical');
#5862=PRODUCT('100-25FEMALE-FRONTSHELL','100-25FEMALE-FRONTSHELL',
'NOT SPECIFIED',(#5861));
#5863=PRODUCT_DEFINITION_FORMATION_WITH_SPECIFIED_SOURCE('10','LAST_VERSION',
#5862,.MADE.);
#5869=CARTESIAN_POINT('',(0.E0,2.9E0,-4.034495209321E-2));
#5870=DIRECTION('',(0.E0,0.E0,1.E0));
#5871=DIRECTION('',(-1.E0,0.E0,0.E0));
#5872=AXIS2_PLACEMENT_3D('',#5869,#5870,#5871);
#5873=ITEM_DEFINED_TRANSFORMATION('','',#5859,#5872);
#5874=(REPRESENTATION_RELATIONSHIP('','',#5860,#4268)REPRESENTATION_RELATIONSHIP_WITH_TRANSFORMATION(#5873)SHAPE_REPRESENTATION_RELATIONSHIP());
#5875=CONTEXT_DEPENDENT_SHAPE_REPRESENTATION(#5874,#5868);
#5876=CARTESIAN_POINT('',(-1.653273013136E1,-2.05E0,2.36E0));
#5877=DIRECTION('',(0.E0,-1.E0,0.E0));
#5878=DIRECTION('',(0.E0,0.E0,1.E0));
#5879=AXIS2_PLACEMENT_3D('',#5876,#5877,#5878);
#5881=DIRECTION('',(-1.725543392674E-1,0.E0,-9.85E-1));
#5882=VECTOR('',#5881,8.400463560737E-1);
#5883=CARTESIAN_POINT('',(-1.737277648743E1,-2.05E0,3.36E0));
#5884=LINE('',#5883,#5882);
#5885=DIRECTION('',(-1.E0,0.E0,0.E0));
#5886=VECTOR('',#5885,8.400463560737E-1);
#5887=CARTESIAN_POINT('',(-1.653273013136E1,-2.05E0,3.36E0));
#5888=LINE('',#5887,#5886);
#5889=CARTESIAN_POINT('',(-1.735958950328E1,-2.05E0,-2.36E0));
#5890=DIRECTION('',(0.E0,-1.E0,0.E0));
#5891=DIRECTION('',(-9.85E-1,0.E0,1.725543392674E-1));
#5892=AXIS2_PLACEMENT_3D('',#5889,#5890,#5891);
#5894=DIRECTION('',(1.E0,0.E0,0.E0));
#5895=VECTOR('',#5894,1.190410496718E0);
#5896=CARTESIAN_POINT('',(-1.855E1,-2.05E0,-3.36E0));
#5897=LINE('',#5896,#5895);
#5898=DIRECTION('',(-1.725543392674E-1,0.E0,-9.85E-1));
#5899=VECTOR('',#5898,1.190410496718E0);
#5900=CARTESIAN_POINT('',(-1.834458950328E1,-2.05E0,-2.187445660733E0));
#5901=LINE('',#5900,#5899);
#5902=CARTESIAN_POINT('',(1.735958950328E1,-2.05E0,-2.36E0));
#5903=DIRECTION('',(0.E0,-1.E0,0.E0));
#5904=DIRECTION('',(0.E0,0.E0,-1.E0));
#5905=AXIS2_PLACEMENT_3D('',#5902,#5903,#5904);
#5907=DIRECTION('',(-1.725543392674E-1,0.E0,9.85E-1));
#5908=VECTOR('',#5907,1.190410496718E0);
#5909=CARTESIAN_POINT('',(1.855E1,-2.05E0,-3.36E0));
#5910=LINE('',#5909,#5908);
#5911=DIRECTION('',(1.E0,0.E0,0.E0));
#5912=VECTOR('',#5911,1.190410496718E0);
#5913=CARTESIAN_POINT('',(1.735958950328E1,-2.05E0,-3.36E0));
#5914=LINE('',#5913,#5912);
#5915=CARTESIAN_POINT('',(1.653273013136E1,-2.05E0,2.36E0));
#5916=DIRECTION('',(0.E0,-1.E0,0.E0));
#5917=DIRECTION('',(9.85E-1,0.E0,1.725543392674E-1));
#5918=AXIS2_PLACEMENT_3D('',#5915,#5916,#5917);
#5920=DIRECTION('',(-1.E0,0.E0,0.E0));
#5921=VECTOR('',#5920,8.400463560737E-1);
#5922=CARTESIAN_POINT('',(1.737277648743E1,-2.05E0,3.36E0));
#5923=LINE('',#5922,#5921);
#5924=DIRECTION('',(-1.725543392674E-1,0.E0,9.85E-1));
#5925=VECTOR('',#5924,8.400463560737E-1);
#5926=CARTESIAN_POINT('',(1.751773013136E1,-2.05E0,2.532554339267E0));
#5927=LINE('',#5926,#5925);
#5928=DIRECTION('',(0.E0,1.E0,0.E0));
#5929=VECTOR('',#5928,4.E-1);
#5930=CARTESIAN_POINT('',(-1.653273013136E1,-2.05E0,3.36E0));
#5931=LINE('',#5930,#5929);
#5932=DIRECTION('',(0.E0,1.E0,0.E0));
#5933=VECTOR('',#5932,4.E-1);
#5934=CARTESIAN_POINT('',(1.653273013136E1,-2.05E0,3.36E0));
#5935=LINE('',#5934,#5933);
#5936=DIRECTION('',(-1.E0,0.E0,0.E0));
#5937=VECTOR('',#5936,3.306546026272E1);
#5938=CARTESIAN_POINT('',(1.653273013136E1,-2.05E0,3.36E0));
#5939=LINE('',#5938,#5937);
#5940=CARTESIAN_POINT('',(1.737277648743E1,-5.E-2,3.36E0));
#5941=DIRECTION('',(-1.E0,0.E0,0.E0));
#5942=DIRECTION('',(0.E0,-1.E0,0.E0));
#5943=AXIS2_PLACEMENT_3D('',#5940,#5941,#5942);
#5945=CARTESIAN_POINT('',(-1.737277648743E1,-5.E-2,3.36E0));
#5946=DIRECTION('',(-1.E0,0.E0,0.E0));
#5947=DIRECTION('',(0.E0,-1.E0,0.E0));
#5948=AXIS2_PLACEMENT_3D('',#5945,#5946,#5947);
#5950=CARTESIAN_POINT('',(-1.737277648743E1,1.55E0,3.36E0));
#5951=DIRECTION('',(0.E0,1.E0,0.E0));
#5952=DIRECTION('',(-9.85E-1,0.E0,1.725543392674E-1));
#5953=AXIS2_PLACEMENT_3D('',#5950,#5951,#5952);
#5955=CARTESIAN_POINT('',(-1.737277648743E1,-5.E-2,3.36E0));
#5956=DIRECTION('',(0.E0,-1.E0,0.E0));
#5957=DIRECTION('',(0.E0,0.E0,1.E0));
#5958=AXIS2_PLACEMENT_3D('',#5955,#5956,#5957);
#5960=DIRECTION('',(-2.836619827917E-11,1.E0,-1.619310241452E-10));
#5961=VECTOR('',#5960,1.6E0);
#5962=CARTESIAN_POINT('',(-1.934277648746E1,-5.E-2,3.705108678389E0));
#5963=LINE('',#5962,#5961);
#5964=CARTESIAN_POINT('',(-1.983527648743E1,1.55E0,3.791385848168E0));
#5965=DIRECTION('',(1.725543392674E-1,0.E0,9.85E-1));
#5966=DIRECTION('',(9.85E-1,0.E0,-1.725543392674E-1));
#5967=AXIS2_PLACEMENT_3D('',#5964,#5965,#5966);
#5969=CARTESIAN_POINT('',(-2.10125E1,1.55E0,-2.928614151832E0));
#5970=DIRECTION('',(1.725543392674E-1,0.E0,9.85E-1));
#5971=DIRECTION('',(9.85E-1,0.E0,-1.725543392674E-1));
#5972=AXIS2_PLACEMENT_3D('',#5969,#5970,#5971);
#5974=DIRECTION('',(1.725543392674E-1,0.E0,9.85E-1));
#5975=VECTOR('',#5974,6.822335024306E0);
#5976=CARTESIAN_POINT('',(-2.051999999989E1,1.55E0,-3.014891320812E0));
#5977=LINE('',#5976,#5975);
#5978=DIRECTION('',(-1.725543392674E-1,0.E0,-9.85E-1));
#5979=VECTOR('',#5978,6.822335024767E0);
#5980=CARTESIAN_POINT('',(-1.934277648746E1,-5.E-2,3.705108678389E0));
#5981=LINE('',#5980,#5979);
#5982=DIRECTION('',(2.134514787144E-11,1.E0,1.218400380587E-10));
#5983=VECTOR('',#5982,1.6E0);
#5984=CARTESIAN_POINT('',(-2.051999999992E1,-5.E-2,-3.014891321007E0));
#5985=LINE('',#5984,#5983);
#5986=DIRECTION('',(-1.725543392674E-1,0.E0,-9.85E-1));
#5987=VECTOR('',#5986,4.791878172589E0);
#5988=CARTESIAN_POINT('',(-1.751773013136E1,-2.05E0,2.532554339267E0));
#5989=LINE('',#5988,#5987);
#5990=CARTESIAN_POINT('',(-1.737277648743E1,-5.E-2,3.36E0));
#5991=DIRECTION('',(-1.725543392674E-1,0.E0,-9.85E-1));
#5992=DIRECTION('',(0.E0,-1.E0,0.E0));
#5993=AXIS2_PLACEMENT_3D('',#5990,#5991,#5992);
#5995=DIRECTION('',(0.E0,1.E0,0.E0));
#5996=VECTOR('',#5995,4.E-1);
#5997=CARTESIAN_POINT('',(-1.751773013136E1,-2.05E0,2.532554339267E0));
#5998=LINE('',#5997,#5996);
#5999=DIRECTION('',(-1.725543392674E-1,0.E0,-9.85E-1));
#6000=VECTOR('',#5999,4.791878172589E0);
#6001=CARTESIAN_POINT('',(-1.751773013136E1,-1.65E0,2.532554339267E0));
#6002=LINE('',#6001,#6000);
#6003=CARTESIAN_POINT('',(-1.737277648743E1,-5.E-2,3.36E0));
#6004=DIRECTION('',(-1.725543392674E-1,0.E0,-9.85E-1));
#6005=DIRECTION('',(0.E0,-1.E0,0.E0));
#6006=AXIS2_PLACEMENT_3D('',#6003,#6004,#6005);
#6008=CARTESIAN_POINT('',(-1.653273013136E1,-1.65E0,2.36E0));
#6009=DIRECTION('',(0.E0,-1.E0,0.E0));
#6010=DIRECTION('',(0.E0,0.E0,1.E0));
#6011=AXIS2_PLACEMENT_3D('',#6008,#6009,#6010);
#6013=DIRECTION('',(-1.E0,0.E0,0.E0));
#6014=VECTOR('',#6013,8.400463560737E-1);
#6015=CARTESIAN_POINT('',(-1.653273013136E1,-1.65E0,3.36E0));
#6016=LINE('',#6015,#6014);
#6017=DIRECTION('',(-1.725543392674E-1,0.E0,-9.85E-1));
#6018=VECTOR('',#6017,8.400463560737E-1);
#6019=CARTESIAN_POINT('',(-1.737277648743E1,-1.65E0,3.36E0));
#6020=LINE('',#6019,#6018);
#6021=CARTESIAN_POINT('',(-1.735958950328E1,-1.65E0,-2.36E0));
#6022=DIRECTION('',(0.E0,-1.E0,0.E0));
#6023=DIRECTION('',(-9.85E-1,0.E0,1.725543392674E-1));
#6024=AXIS2_PLACEMENT_3D('',#6021,#6022,#6023);
#6026=DIRECTION('',(-1.725543392674E-1,0.E0,-9.85E-1));
#6027=VECTOR('',#6026,1.190410496718E0);
#6028=CARTESIAN_POINT('',(-1.834458950328E1,-1.65E0,-2.187445660733E0));
#6029=LINE('',#6028,#6027);
#6030=DIRECTION('',(1.E0,0.E0,0.E0));
#6031=VECTOR('',#6030,1.190410496718E0);
#6032=CARTESIAN_POINT('',(-1.855E1,-1.65E0,-3.36E0));
#6033=LINE('',#6032,#6031);
#6034=CARTESIAN_POINT('',(1.735958950328E1,-1.65E0,-2.36E0));
#6035=DIRECTION('',(0.E0,-1.E0,0.E0));
#6036=DIRECTION('',(0.E0,0.E0,-1.E0));
#6037=AXIS2_PLACEMENT_3D('',#6034,#6035,#6036);
#6039=DIRECTION('',(1.E0,0.E0,0.E0));
#6040=VECTOR('',#6039,1.190410496718E0);
#6041=CARTESIAN_POINT('',(1.735958950328E1,-1.65E0,-3.36E0));
#6042=LINE('',#6041,#6040);
#6043=DIRECTION('',(-1.725543392674E-1,0.E0,9.85E-1));
#6044=VECTOR('',#6043,1.190410496718E0);
#6045=CARTESIAN_POINT('',(1.855E1,-1.65E0,-3.36E0));
#6046=LINE('',#6045,#6044);
#6047=CARTESIAN_POINT('',(1.653273013136E1,-1.65E0,2.36E0));
#6048=DIRECTION('',(0.E0,-1.E0,0.E0));
#6049=DIRECTION('',(9.85E-1,0.E0,1.725543392674E-1));
#6050=AXIS2_PLACEMENT_3D('',#6047,#6048,#6049);
#6052=DIRECTION('',(-1.725543392674E-1,0.E0,9.85E-1));
#6053=VECTOR('',#6052,8.400463560737E-1);
#6054=CARTESIAN_POINT('',(1.751773013136E1,-1.65E0,2.532554339267E0));
#6055=LINE('',#6054,#6053);
#6056=DIRECTION('',(-1.E0,0.E0,0.E0));
#6057=VECTOR('',#6056,8.400463560737E-1);
#6058=CARTESIAN_POINT('',(1.737277648743E1,-1.65E0,3.36E0));
#6059=LINE('',#6058,#6057);
#6060=DIRECTION('',(-1.E0,0.E0,0.E0));
#6061=VECTOR('',#6060,3.306546026272E1);
#6062=CARTESIAN_POINT('',(1.653273013136E1,-1.65E0,3.36E0));
#6063=LINE('',#6062,#6061);
#6064=CARTESIAN_POINT('',(1.737277648743E1,-5.E-2,3.36E0));
#6065=DIRECTION('',(-1.E0,0.E0,0.E0));
#6066=DIRECTION('',(0.E0,-1.E0,0.E0));
#6067=AXIS2_PLACEMENT_3D('',#6064,#6065,#6066);
#6069=CARTESIAN_POINT('',(1.737277648743E1,-5.E-2,3.36E0));
#6070=DIRECTION('',(-1.725543392674E-1,0.E0,9.85E-1));
#6071=DIRECTION('',(0.E0,-1.E0,0.E0));
#6072=AXIS2_PLACEMENT_3D('',#6069,#6070,#6071);
#6074=CARTESIAN_POINT('',(1.737277648743E1,1.45E0,3.36E0));
#6075=DIRECTION('',(0.E0,-1.E0,0.E0));
#6076=DIRECTION('',(9.85E-1,0.E0,1.725543392674E-1));
#6077=AXIS2_PLACEMENT_3D('',#6074,#6075,#6076);
#6079=CARTESIAN_POINT('',(1.737277648743E1,-5.E-2,3.36E0));
#6080=DIRECTION('',(0.E0,-1.E0,0.E0));
#6081=DIRECTION('',(9.85E-1,0.E0,1.725543392674E-1));
#6082=AXIS2_PLACEMENT_3D('',#6079,#6080,#6081);
#6084=CARTESIAN_POINT('',(1.993377648743E1,1.45E0,3.808641282095E0));
#6085=DIRECTION('',(-1.725543392674E-1,0.E0,9.85E-1));
#6086=DIRECTION('',(0.E0,1.E0,0.E0));
#6087=AXIS2_PLACEMENT_3D('',#6084,#6085,#6086);
#6089=CARTESIAN_POINT('',(-2.5225E1,2.45E0,-5.075E0));
#6090=DIRECTION('',(0.E0,1.E0,0.E0));
#6091=DIRECTION('',(0.E0,0.E0,-1.E0));
#6092=AXIS2_PLACEMENT_3D('',#6089,#6090,#6091);
#6094=DIRECTION('',(-1.E0,0.E0,0.E0));
#6095=VECTOR('',#6094,5.045E1);
#6096=CARTESIAN_POINT('',(2.5225E1,2.45E0,-6.375E0));
#6097=LINE('',#6096,#6095);
#6098=CARTESIAN_POINT('',(2.5225E1,2.45E0,-5.075E0));
#6099=DIRECTION('',(0.E0,1.E0,0.E0));
#6100=DIRECTION('',(1.E0,0.E0,-2.049642507E-14));
#6101=AXIS2_PLACEMENT_3D('',#6098,#6099,#6100);
#6103=DIRECTION('',(0.E0,0.E0,-1.E0));
#6104=VECTOR('',#6103,9.95E0);
#6105=CARTESIAN_POINT('',(2.6525E1,2.45E0,4.875E0));
#6106=LINE('',#6105,#6104);
#6107=CARTESIAN_POINT('',(2.5225E1,2.45E0,4.875E0));
#6108=DIRECTION('',(0.E0,1.E0,0.E0));
#6109=DIRECTION('',(0.E0,0.E0,1.E0));
#6110=AXIS2_PLACEMENT_3D('',#6107,#6108,#6109);
#6112=DIRECTION('',(1.E0,0.E0,0.E0));
#6113=VECTOR('',#6112,5.045E1);
#6114=CARTESIAN_POINT('',(-2.5225E1,2.45E0,6.175E0));
#6115=LINE('',#6114,#6113);
#6116=CARTESIAN_POINT('',(-2.5225E1,2.45E0,4.875E0));
#6117=DIRECTION('',(0.E0,1.E0,0.E0));
#6118=DIRECTION('',(-1.E0,0.E0,2.117963923900E-14));
#6119=AXIS2_PLACEMENT_3D('',#6116,#6117,#6118);
#6121=DIRECTION('',(0.E0,0.E0,1.E0));
#6122=VECTOR('',#6121,9.95E0);
#6123=CARTESIAN_POINT('',(-2.6525E1,2.45E0,-5.075E0));
#6124=LINE('',#6123,#6122);
#6125=CARTESIAN_POINT('',(1.855E1,2.45E0,-3.36E0));
#6126=DIRECTION('',(0.E0,-1.E0,0.E0));
#6127=DIRECTION('',(0.E0,0.E0,-1.E0));
#6128=AXIS2_PLACEMENT_3D('',#6125,#6126,#6127);
#6130=DIRECTION('',(1.E0,0.E0,1.888707818515E-12));
#6131=VECTOR('',#6130,3.709999999920E1);
#6132=CARTESIAN_POINT('',(-1.854999999962E1,2.45E0,-5.959999999934E0));
#6133=LINE('',#6132,#6131);
#6134=CARTESIAN_POINT('',(-1.855E1,2.45E0,-3.36E0));
#6135=DIRECTION('',(0.E0,-1.E0,0.E0));
#6136=DIRECTION('',(-9.85E-1,0.E0,1.725543392674E-1));
#6137=AXIS2_PLACEMENT_3D('',#6134,#6135,#6136);
#6139=DIRECTION('',(-1.725543392586E-1,0.E0,-9.850000000015E-1));
#6140=VECTOR('',#6139,6.822335024528E0);
#6141=CARTESIAN_POINT('',(-1.993377648744E1,2.45E0,3.808641281649E0));
#6142=LINE('',#6141,#6140);
#6143=CARTESIAN_POINT('',(-1.737277648743E1,2.45E0,3.36E0));
#6144=DIRECTION('',(0.E0,-1.E0,0.E0));
#6145=DIRECTION('',(0.E0,0.E0,1.E0));
#6146=AXIS2_PLACEMENT_3D('',#6143,#6144,#6145);
#6148=DIRECTION('',(-1.E0,0.E0,-2.370602371703E-12));
#6149=VECTOR('',#6148,3.474555297393E1);
#6150=CARTESIAN_POINT('',(1.737277648700E1,2.45E0,5.959999999925E0));
#6151=LINE('',#6150,#6149);
#6152=CARTESIAN_POINT('',(1.737277648743E1,2.45E0,3.36E0));
#6153=DIRECTION('',(0.E0,-1.E0,0.E0));
#6154=DIRECTION('',(9.85E-1,0.E0,1.725543392674E-1));
#6155=AXIS2_PLACEMENT_3D('',#6152,#6153,#6154);
#6157=DIRECTION('',(-1.725543392806E-1,0.E0,9.849999999977E-1));
#6158=VECTOR('',#6157,6.822335024501E0);
#6159=CARTESIAN_POINT('',(2.111099999987E1,2.45E0,-2.911358717538E0));
#6160=LINE('',#6159,#6158);
#6161=CARTESIAN_POINT('',(-2.352E1,2.45E0,0.E0));
#6162=DIRECTION('',(0.E0,1.E0,0.E0));
#6163=DIRECTION('',(-1.E0,0.E0,0.E0));
#6164=AXIS2_PLACEMENT_3D('',#6161,#6162,#6163);
#6166=CARTESIAN_POINT('',(-2.352E1,2.45E0,0.E0));
#6167=DIRECTION('',(0.E0,1.E0,0.E0));
#6168=DIRECTION('',(1.E0,0.E0,0.E0));
#6169=AXIS2_PLACEMENT_3D('',#6166,#6167,#6168);
#6171=CARTESIAN_POINT('',(2.352E1,2.45E0,0.E0));
#6172=DIRECTION('',(0.E0,1.E0,0.E0));
#6173=DIRECTION('',(-1.E0,0.E0,0.E0));
#6174=AXIS2_PLACEMENT_3D('',#6171,#6172,#6173);
#6176=CARTESIAN_POINT('',(2.352E1,2.45E0,0.E0));
#6177=DIRECTION('',(0.E0,1.E0,0.E0));
#6178=DIRECTION('',(1.E0,0.E0,0.E0));
#6179=AXIS2_PLACEMENT_3D('',#6176,#6177,#6178);
#6181=DIRECTION('',(0.E0,1.E0,0.E0));
#6182=VECTOR('',#6181,4.E-1);
#6183=CARTESIAN_POINT('',(-2.5225E1,2.05E0,-6.375E0));
#6184=LINE('',#6183,#6182);
#6185=CARTESIAN_POINT('',(-2.5225E1,2.05E0,-5.075E0));
#6186=DIRECTION('',(0.E0,1.E0,0.E0));
#6187=DIRECTION('',(0.E0,0.E0,-1.E0));
#6188=AXIS2_PLACEMENT_3D('',#6185,#6186,#6187);
#6190=DIRECTION('',(0.E0,0.E0,1.E0));
#6191=VECTOR('',#6190,9.95E0);
#6192=CARTESIAN_POINT('',(-2.6525E1,2.05E0,-5.075E0));
#6193=LINE('',#6192,#6191);
#6194=CARTESIAN_POINT('',(-2.5225E1,2.05E0,4.875E0));
#6195=DIRECTION('',(0.E0,1.E0,0.E0));
#6196=DIRECTION('',(-1.E0,0.E0,2.117963923900E-14));
#6197=AXIS2_PLACEMENT_3D('',#6194,#6195,#6196);
#6199=DIRECTION('',(1.E0,0.E0,0.E0));
#6200=VECTOR('',#6199,5.045E1);
#6201=CARTESIAN_POINT('',(-2.5225E1,2.05E0,6.175E0));
#6202=LINE('',#6201,#6200);
#6203=CARTESIAN_POINT('',(2.5225E1,2.05E0,4.875E0));
#6204=DIRECTION('',(0.E0,1.E0,0.E0));
#6205=DIRECTION('',(0.E0,0.E0,1.E0));
#6206=AXIS2_PLACEMENT_3D('',#6203,#6204,#6205);
#6208=DIRECTION('',(0.E0,0.E0,-1.E0));
#6209=VECTOR('',#6208,9.95E0);
#6210=CARTESIAN_POINT('',(2.6525E1,2.05E0,4.875E0));
#6211=LINE('',#6210,#6209);
#6212=CARTESIAN_POINT('',(2.5225E1,2.05E0,-5.075E0));
#6213=DIRECTION('',(0.E0,1.E0,0.E0));
#6214=DIRECTION('',(1.E0,0.E0,-2.049642507E-14));
#6215=AXIS2_PLACEMENT_3D('',#6212,#6213,#6214);
#6217=DIRECTION('',(-1.E0,0.E0,0.E0));
#6218=VECTOR('',#6217,5.045E1);
#6219=CARTESIAN_POINT('',(2.5225E1,2.05E0,-6.375E0));
#6220=LINE('',#6219,#6218);
#6221=CARTESIAN_POINT('',(-2.352E1,2.05E0,0.E0));
#6222=DIRECTION('',(0.E0,1.E0,0.E0));
#6223=DIRECTION('',(-1.E0,0.E0,0.E0));
#6224=AXIS2_PLACEMENT_3D('',#6221,#6222,#6223);
#6226=CARTESIAN_POINT('',(-2.352E1,2.05E0,0.E0));
#6227=DIRECTION('',(0.E0,1.E0,0.E0));
#6228=DIRECTION('',(1.E0,0.E0,0.E0));
#6229=AXIS2_PLACEMENT_3D('',#6226,#6227,#6228);
#6231=CARTESIAN_POINT('',(2.352E1,2.05E0,0.E0));
#6232=DIRECTION('',(0.E0,1.E0,0.E0));
#6233=DIRECTION('',(-1.E0,0.E0,0.E0));
#6234=AXIS2_PLACEMENT_3D('',#6231,#6232,#6233);
#6236=CARTESIAN_POINT('',(2.352E1,2.05E0,0.E0));
#6237=DIRECTION('',(0.E0,1.E0,0.E0));
#6238=DIRECTION('',(1.E0,0.E0,0.E0));
#6239=AXIS2_PLACEMENT_3D('',#6236,#6237,#6238);
#6241=CARTESIAN_POINT('',(1.737277648743E1,2.05E0,3.36E0));
#6242=DIRECTION('',(0.E0,1.E0,0.E0));
#6243=DIRECTION('',(0.E0,0.E0,1.E0));
#6244=AXIS2_PLACEMENT_3D('',#6241,#6242,#6243);
#6246=DIRECTION('',(1.E0,0.E0,-2.268659670080E-13));
#6247=VECTOR('',#6246,3.474555297472E1);
#6248=CARTESIAN_POINT('',(-1.737277648737E1,2.05E0,5.859999999968E0));
#6249=LINE('',#6248,#6247);
#6250=CARTESIAN_POINT('',(-1.737277648743E1,2.05E0,3.36E0));
#6251=DIRECTION('',(0.E0,1.E0,0.E0));
#6252=DIRECTION('',(-9.85E-1,0.E0,1.725543392674E-1));
#6253=AXIS2_PLACEMENT_3D('',#6250,#6251,#6252);
#6255=DIRECTION('',(1.725543392653E-1,0.E0,9.850000000004E-1));
#6256=VECTOR('',#6255,6.822335025181E0);
#6257=CARTESIAN_POINT('',(-2.101249999993E1,2.05E0,-2.928614151722E0));
#6258=LINE('',#6257,#6256);
#6259=CARTESIAN_POINT('',(-1.855E1,2.05E0,-3.36E0));
#6260=DIRECTION('',(0.E0,1.E0,0.E0));
#6261=DIRECTION('',(0.E0,0.E0,-1.E0));
#6262=AXIS2_PLACEMENT_3D('',#6259,#6260,#6261);
#6264=DIRECTION('',(-1.E0,0.E0,3.804563732068E-13));
#6265=VECTOR('',#6264,3.709999999974E1);
#6266=CARTESIAN_POINT('',(1.854999999988E1,2.05E0,-5.859999999946E0));
#6267=LINE('',#6266,#6265);
#6268=CARTESIAN_POINT('',(1.855E1,2.05E0,-3.36E0));
#6269=DIRECTION('',(0.E0,1.E0,0.E0));
#6270=DIRECTION('',(9.85E-1,0.E0,1.725543392674E-1));
#6271=AXIS2_PLACEMENT_3D('',#6268,#6269,#6270);
#6273=DIRECTION('',(1.725543392621E-1,0.E0,-9.850000000009E-1));
#6274=VECTOR('',#6273,6.822335025173E0);
#6275=CARTESIAN_POINT('',(1.983527648742E1,2.05E0,3.791385848094E0));
#6276=LINE('',#6275,#6274);
#6277=DIRECTION('',(0.E0,1.E0,0.E0));
#6278=VECTOR('',#6277,4.E-1);
#6279=CARTESIAN_POINT('',(-2.6525E1,2.05E0,-5.075E0));
#6280=LINE('',#6279,#6278);
#6281=DIRECTION('',(0.E0,1.E0,0.E0));
#6282=VECTOR('',#6281,4.E-1);
#6283=CARTESIAN_POINT('',(-2.6525E1,2.05E0,4.875E0));
#6284=LINE('',#6283,#6282);
#6285=DIRECTION('',(0.E0,1.E0,0.E0));
#6286=VECTOR('',#6285,4.E-1);
#6287=CARTESIAN_POINT('',(-2.5225E1,2.05E0,6.175E0));
#6288=LINE('',#6287,#6286);
#6289=DIRECTION('',(0.E0,1.E0,0.E0));
#6290=VECTOR('',#6289,4.E-1);
#6291=CARTESIAN_POINT('',(2.5225E1,2.05E0,6.175E0));
#6292=LINE('',#6291,#6290);
#6293=DIRECTION('',(0.E0,1.E0,0.E0));
#6294=VECTOR('',#6293,4.E-1);
#6295=CARTESIAN_POINT('',(2.6525E1,2.05E0,4.875E0));
#6296=LINE('',#6295,#6294);
#6297=DIRECTION('',(0.E0,1.E0,0.E0));
#6298=VECTOR('',#6297,4.E-1);
#6299=CARTESIAN_POINT('',(2.6525E1,2.05E0,-5.075E0));
#6300=LINE('',#6299,#6298);
#6301=DIRECTION('',(0.E0,1.E0,0.E0));
#6302=VECTOR('',#6301,4.E-1);
#6303=CARTESIAN_POINT('',(2.5225E1,2.05E0,-6.375E0));
#6304=LINE('',#6303,#6302);
#6305=DIRECTION('',(0.E0,-1.E0,0.E0));
#6306=VECTOR('',#6305,4.E-1);
#6307=CARTESIAN_POINT('',(-2.5045E1,2.45E0,0.E0));
#6308=LINE('',#6307,#6306);
#6309=DIRECTION('',(0.E0,-1.E0,0.E0));
#6310=VECTOR('',#6309,4.E-1);
#6311=CARTESIAN_POINT('',(-2.1995E1,2.45E0,0.E0));
#6312=LINE('',#6311,#6310);
#6313=DIRECTION('',(0.E0,-1.E0,0.E0));
#6314=VECTOR('',#6313,4.E-1);
#6315=CARTESIAN_POINT('',(2.1995E1,2.45E0,0.E0));
#6316=LINE('',#6315,#6314);
#6317=DIRECTION('',(0.E0,-1.E0,0.E0));
#6318=VECTOR('',#6317,4.E-1);
#6319=CARTESIAN_POINT('',(2.5045E1,2.45E0,0.E0));
#6320=LINE('',#6319,#6318);
#6321=CARTESIAN_POINT('',(1.737277648743E1,1.55E0,5.86E0));
#6322=DIRECTION('',(1.E0,0.E0,0.E0));
#6323=DIRECTION('',(0.E0,0.E0,-1.E0));
#6324=AXIS2_PLACEMENT_3D('',#6321,#6322,#6323);
#6326=CARTESIAN_POINT('',(1.737277648743E1,1.55E0,3.36E0));
#6327=DIRECTION('',(0.E0,1.E0,0.E0));
#6328=DIRECTION('',(0.E0,0.E0,1.E0));
#6329=AXIS2_PLACEMENT_3D('',#6326,#6327,#6328);
#6331=CARTESIAN_POINT('',(1.737277648743E1,-5.E-2,3.36E0));
#6332=DIRECTION('',(0.E0,-1.E0,0.E0));
#6333=DIRECTION('',(9.85E-1,0.E0,1.725543392674E-1));
#6334=AXIS2_PLACEMENT_3D('',#6331,#6332,#6333);
#6336=DIRECTION('',(-1.643973845944E-10,1.E0,0.E0));
#6337=VECTOR('',#6336,1.6E0);
#6338=CARTESIAN_POINT('',(1.737277648729E1,-5.E-2,5.36E0));
#6339=LINE('',#6338,#6337);
#6340=DIRECTION('',(1.725543392674E-1,0.E0,-9.85E-1));
#6341=VECTOR('',#6340,6.822335024266E0);
#6342=CARTESIAN_POINT('',(1.934277648750E1,1.55E0,3.705108678165E0));
#6343=LINE('',#6342,#6341);
#6344=DIRECTION('',(-1.725543392674E-1,0.E0,9.85E-1));
#6345=VECTOR('',#6344,6.822335024673E0);
#6346=CARTESIAN_POINT('',(2.051999999998E1,-5.E-2,-3.014891321345E0));
#6347=LINE('',#6346,#6345);
#6348=DIRECTION('',(-2.272404486803E-11,1.E0,1.297195684202E-10));
#6349=VECTOR('',#6348,1.6E0);
#6350=CARTESIAN_POINT('',(1.934277648754E1,-5.E-2,3.705108677958E0));
#6351=LINE('',#6350,#6349);
#6352=CARTESIAN_POINT('',(1.983527648743E1,1.55E0,3.791385848168E0));
#6353=DIRECTION('',(1.725543392674E-1,0.E0,-9.85E-1));
#6354=DIRECTION('',(-9.85E-1,0.E0,-1.725543392674E-1));
#6355=AXIS2_PLACEMENT_3D('',#6352,#6353,#6354);
#6357=CARTESIAN_POINT('',(2.10125E1,1.55E0,-2.928614151832E0));
#6358=DIRECTION('',(1.725543392674E-1,0.E0,-9.85E-1));
#6359=DIRECTION('',(-9.85E-1,0.E0,-1.725543392674E-1));
#6360=AXIS2_PLACEMENT_3D('',#6357,#6358,#6359);
#6362=CARTESIAN_POINT('',(1.855E1,1.55E0,-3.36E0));
#6363=DIRECTION('',(0.E0,1.E0,0.E0));
#6364=DIRECTION('',(9.85E-1,0.E0,1.725543392674E-1));
#6365=AXIS2_PLACEMENT_3D('',#6362,#6363,#6364);
#6367=CARTESIAN_POINT('',(1.855E1,-5.E-2,-3.36E0));
#6368=DIRECTION('',(0.E0,-1.E0,0.E0));
#6369=DIRECTION('',(0.E0,0.E0,-1.E0));
#6370=AXIS2_PLACEMENT_3D('',#6367,#6368,#6369);
#6372=DIRECTION('',(-6.658451567887E-11,1.E0,3.800865178150E-10));
#6373=VECTOR('',#6372,1.6E0);
#6374=CARTESIAN_POINT('',(2.051999999998E1,-5.E-2,-3.014891321345E0));
#6375=LINE('',#6374,#6373);
#6376=DIRECTION('',(-1.E0,0.E0,0.E0));
#6377=VECTOR('',#6376,3.709999999860E1);
#6378=CARTESIAN_POINT('',(1.854999999934E1,1.55E0,-5.36E0));
#6379=LINE('',#6378,#6377);
#6380=DIRECTION('',(1.E0,0.E0,0.E0));
#6381=VECTOR('',#6380,3.709999999941E1);
#6382=CARTESIAN_POINT('',(-1.854999999988E1,-5.E-2,-5.36E0));
#6383=LINE('',#6382,#6381);
#6384=DIRECTION('',(-1.240163527427E-10,1.E0,0.E0));
#6385=VECTOR('',#6384,1.6E0);
#6386=CARTESIAN_POINT('',(1.854999999953E1,-5.E-2,-5.36E0));
#6387=LINE('',#6386,#6385);
#6388=CARTESIAN_POINT('',(1.855E1,1.55E0,-5.86E0));
#6389=DIRECTION('',(-1.E0,0.E0,0.E0));
#6390=DIRECTION('',(0.E0,0.E0,1.E0));
#6391=AXIS2_PLACEMENT_3D('',#6388,#6389,#6390);
#6393=CARTESIAN_POINT('',(-1.855E1,1.55E0,-5.86E0));
#6394=DIRECTION('',(-1.E0,0.E0,0.E0));
#6395=DIRECTION('',(0.E0,0.E0,1.E0));
#6396=AXIS2_PLACEMENT_3D('',#6393,#6394,#6395);
#6398=CARTESIAN_POINT('',(-1.855E1,1.55E0,-3.36E0));
#6399=DIRECTION('',(0.E0,1.E0,0.E0));
#6400=DIRECTION('',(0.E0,0.E0,-1.E0));
#6401=AXIS2_PLACEMENT_3D('',#6398,#6399,#6400);
#6403=CARTESIAN_POINT('',(-1.855E1,-5.E-2,-3.36E0));
#6404=DIRECTION('',(0.E0,-1.E0,0.E0));
#6405=DIRECTION('',(-9.85E-1,0.E0,1.725543392674E-1));
#6406=AXIS2_PLACEMENT_3D('',#6403,#6404,#6405);
#6408=DIRECTION('',(3.862576924973E-10,1.E0,0.E0));
#6409=VECTOR('',#6408,1.6E0);
#6410=CARTESIAN_POINT('',(-1.854999999988E1,-5.E-2,-5.36E0));
#6411=LINE('',#6410,#6409);
#6412=CARTESIAN_POINT('',(-1.855E1,-5.E-2,-3.36E0));
#6413=DIRECTION('',(-1.725543392674E-1,0.E0,-9.85E-1));
#6414=DIRECTION('',(0.E0,-1.E0,0.E0));
#6415=AXIS2_PLACEMENT_3D('',#6412,#6413,#6414);
#6417=DIRECTION('',(1.E0,0.E0,0.E0));
#6418=VECTOR('',#6417,3.471917900656E1);
#6419=CARTESIAN_POINT('',(-1.735958950328E1,-2.05E0,-3.36E0));
#6420=LINE('',#6419,#6418);
#6421=CARTESIAN_POINT('',(-1.855E1,-5.E-2,-3.36E0));
#6422=DIRECTION('',(1.E0,0.E0,0.E0));
#6423=DIRECTION('',(0.E0,-1.E0,0.E0));
#6424=AXIS2_PLACEMENT_3D('',#6421,#6422,#6423);
#6426=DIRECTION('',(0.E0,1.E0,0.E0));
#6427=VECTOR('',#6426,4.E-1);
#6428=CARTESIAN_POINT('',(-1.735958950328E1,-2.05E0,-3.36E0));
#6429=LINE('',#6428,#6427);
#6430=DIRECTION('',(0.E0,1.E0,0.E0));
#6431=VECTOR('',#6430,4.E-1);
#6432=CARTESIAN_POINT('',(-1.834458950328E1,-2.05E0,-2.187445660733E0));
#6433=LINE('',#6432,#6431);
#6434=DIRECTION('',(1.E0,0.E0,0.E0));
#6435=VECTOR('',#6434,3.471917900656E1);
#6436=CARTESIAN_POINT('',(-1.735958950328E1,-1.65E0,-3.36E0));
#6437=LINE('',#6436,#6435);
#6438=CARTESIAN_POINT('',(-1.855E1,-5.E-2,-3.36E0));
#6439=DIRECTION('',(1.E0,0.E0,0.E0));
#6440=DIRECTION('',(0.E0,-1.E0,0.E0));
#6441=AXIS2_PLACEMENT_3D('',#6438,#6439,#6440);
#6443=CARTESIAN_POINT('',(-1.855E1,-5.E-2,-3.36E0));
#6444=DIRECTION('',(-1.725543392674E-1,0.E0,-9.85E-1));
#6445=DIRECTION('',(0.E0,-1.E0,0.E0));
#6446=AXIS2_PLACEMENT_3D('',#6443,#6444,#6445);
#6448=CARTESIAN_POINT('',(-1.855E1,1.45E0,-3.36E0));
#6449=DIRECTION('',(0.E0,-1.E0,0.E0));
#6450=DIRECTION('',(-9.85E-1,0.E0,1.725543392674E-1));
#6451=AXIS2_PLACEMENT_3D('',#6448,#6449,#6450);
#6453=CARTESIAN_POINT('',(-1.855E1,-5.E-2,-3.36E0));
#6454=DIRECTION('',(0.E0,-1.E0,0.E0));
#6455=DIRECTION('',(-9.85E-1,0.E0,1.725543392674E-1));
#6456=AXIS2_PLACEMENT_3D('',#6453,#6454,#6455);
#6458=DIRECTION('',(3.945406964097E-11,1.E0,2.252032634450E-10));
#6459=VECTOR('',#6458,1.5E0);
#6460=CARTESIAN_POINT('',(-2.012599999993E1,-5.E-2,-3.083913056759E0));
#6461=LINE('',#6460,#6459);
#6462=CARTESIAN_POINT('',(-2.1111E1,1.45E0,-2.911358717905E0));
#6463=DIRECTION('',(-1.725543392674E-1,0.E0,-9.85E-1));
#6464=DIRECTION('',(0.E0,1.E0,0.E0));
#6465=AXIS2_PLACEMENT_3D('',#6462,#6463,#6464);
#6467=CARTESIAN_POINT('',(-1.855E1,1.45E0,-5.96E0));
#6468=DIRECTION('',(1.E0,0.E0,0.E0));
#6469=DIRECTION('',(0.E0,1.E0,0.E0));
#6470=AXIS2_PLACEMENT_3D('',#6467,#6468,#6469);
#6472=CARTESIAN_POINT('',(1.855E1,1.45E0,-5.96E0));
#6473=DIRECTION('',(1.E0,0.E0,0.E0));
#6474=DIRECTION('',(0.E0,1.E0,0.E0));
#6475=AXIS2_PLACEMENT_3D('',#6472,#6473,#6474);
#6477=CARTESIAN_POINT('',(2.1111E1,1.45E0,-2.911358717905E0));
#6478=DIRECTION('',(-1.725543392674E-1,0.E0,9.85E-1));
#6479=DIRECTION('',(0.E0,1.E0,0.E0));
#6480=AXIS2_PLACEMENT_3D('',#6477,#6478,#6479);
#6482=DIRECTION('',(-1.725543392674E-1,0.E0,9.85E-1));
#6483=VECTOR('',#6482,6.822335024062E0);
#6484=CARTESIAN_POINT('',(2.012599999993E1,1.45E0,-3.083913056784E0));
#6485=LINE('',#6484,#6483);
#6486=DIRECTION('',(-4.579447931974E-11,-1.E0,2.614051197725E-10));
#6487=VECTOR('',#6486,1.5E0);
#6488=CARTESIAN_POINT('',(1.894877648759E1,1.45E0,3.636086941917E0));
#6489=LINE('',#6488,#6487);
#6490=DIRECTION('',(-1.725543392674E-1,0.E0,9.85E-1));
#6491=VECTOR('',#6490,6.822335024756E0);
#6492=CARTESIAN_POINT('',(2.012599999998E1,-5.E-2,-3.083913057076E0));
#6493=LINE('',#6492,#6491);
#6494=DIRECTION('',(-3.409657741334E-11,1.E0,1.946371952499E-10));
#6495=VECTOR('',#6494,1.5E0);
#6496=CARTESIAN_POINT('',(2.012599999998E1,-5.E-2,-3.083913057076E0));
#6497=LINE('',#6496,#6495);
#6498=DIRECTION('',(-1.725543392674E-1,0.E0,9.85E-1));
#6499=VECTOR('',#6498,4.791878172589E0);
#6500=CARTESIAN_POINT('',(1.834458950328E1,-1.65E0,-2.187445660733E0));
#6501=LINE('',#6500,#6499);
#6502=CARTESIAN_POINT('',(1.855E1,-5.E-2,-3.36E0));
#6503=DIRECTION('',(-1.725543392674E-1,0.E0,9.85E-1));
#6504=DIRECTION('',(0.E0,-1.E0,0.E0));
#6505=AXIS2_PLACEMENT_3D('',#6502,#6503,#6504);
#6507=DIRECTION('',(0.E0,1.E0,0.E0));
#6508=VECTOR('',#6507,4.E-1);
#6509=CARTESIAN_POINT('',(1.834458950328E1,-2.05E0,-2.187445660733E0));
#6510=LINE('',#6509,#6508);
#6511=DIRECTION('',(-1.725543392674E-1,0.E0,9.85E-1));
#6512=VECTOR('',#6511,4.791878172589E0);
#6513=CARTESIAN_POINT('',(1.834458950328E1,-2.05E0,-2.187445660733E0));
#6514=LINE('',#6513,#6512);
#6515=CARTESIAN_POINT('',(1.855E1,-5.E-2,-3.36E0));
#6516=DIRECTION('',(-1.725543392674E-1,0.E0,9.85E-1));
#6517=DIRECTION('',(0.E0,-1.E0,0.E0));
#6518=AXIS2_PLACEMENT_3D('',#6515,#6516,#6517);
#6520=CARTESIAN_POINT('',(1.737277648743E1,-5.E-2,3.36E0));
#6521=DIRECTION('',(-1.725543392674E-1,0.E0,9.85E-1));
#6522=DIRECTION('',(0.E0,-1.E0,0.E0));
#6523=AXIS2_PLACEMENT_3D('',#6520,#6521,#6522);
#6525=CARTESIAN_POINT('',(1.855E1,-5.E-2,-3.36E0));
#6526=DIRECTION('',(1.E0,0.E0,0.E0));
#6527=DIRECTION('',(0.E0,-1.E0,0.E0));
#6528=AXIS2_PLACEMENT_3D('',#6525,#6526,#6527);
#6530=DIRECTION('',(0.E0,1.E0,0.E0));
#6531=VECTOR('',#6530,4.E-1);
#6532=CARTESIAN_POINT('',(1.735958950328E1,-2.05E0,-3.36E0));
#6533=LINE('',#6532,#6531);
#6534=DIRECTION('',(0.E0,1.E0,0.E0));
#6535=VECTOR('',#6534,4.E-1);
#6536=CARTESIAN_POINT('',(1.751773013136E1,-2.05E0,2.532554339267E0));
#6537=LINE('',#6536,#6535);
#6538=CARTESIAN_POINT('',(1.855E1,-5.E-2,-3.36E0));
#6539=DIRECTION('',(1.E0,0.E0,0.E0));
#6540=DIRECTION('',(0.E0,-1.E0,0.E0));
#6541=AXIS2_PLACEMENT_3D('',#6538,#6539,#6540);
#6543=CARTESIAN_POINT('',(1.855E1,1.45E0,-3.36E0));
#6544=DIRECTION('',(0.E0,-1.E0,0.E0));
#6545=DIRECTION('',(0.E0,0.E0,-1.E0));
#6546=AXIS2_PLACEMENT_3D('',#6543,#6544,#6545);
#6548=CARTESIAN_POINT('',(1.855E1,-5.E-2,-3.36E0));
#6549=DIRECTION('',(0.E0,-1.E0,0.E0));
#6550=DIRECTION('',(0.E0,0.E0,-1.E0));
#6551=AXIS2_PLACEMENT_3D('',#6548,#6549,#6550);
#6553=DIRECTION('',(-2.282452745324E-10,1.E0,0.E0));
#6554=VECTOR('',#6553,1.5E0);
#6555=CARTESIAN_POINT('',(1.854999999958E1,-5.E-2,-4.96E0));
#6556=LINE('',#6555,#6554);
#6557=DIRECTION('',(1.E0,0.E0,0.E0));
#6558=VECTOR('',#6557,3.709999999884E1);
#6559=CARTESIAN_POINT('',(-1.854999999961E1,1.45E0,-4.96E0));
#6560=LINE('',#6559,#6558);
#6561=DIRECTION('',(1.E0,0.E0,0.E0));
#6562=VECTOR('',#6561,3.709999999948E1);
#6563=CARTESIAN_POINT('',(-1.854999999990E1,-5.E-2,-4.96E0));
#6564=LINE('',#6563,#6562);
#6565=DIRECTION('',(1.978814149576E-10,1.E0,0.E0));
#6566=VECTOR('',#6565,1.5E0);
#6567=CARTESIAN_POINT('',(-1.854999999990E1,-5.E-2,-4.96E0));
#6568=LINE('',#6567,#6566);
#6569=CARTESIAN_POINT('',(-1.993377648743E1,1.45E0,3.808641282095E0));
#6570=DIRECTION('',(-1.725543392674E-1,0.E0,-9.85E-1));
#6571=DIRECTION('',(0.E0,1.E0,0.E0));
#6572=AXIS2_PLACEMENT_3D('',#6569,#6570,#6571);
#6574=DIRECTION('',(-1.725543392674E-1,0.E0,-9.85E-1));
#6575=VECTOR('',#6574,6.822335024161E0);
#6576=CARTESIAN_POINT('',(-1.894877648751E1,1.45E0,3.636086942377E0));
#6577=LINE('',#6576,#6575);
#6578=DIRECTION('',(-1.725543392674E-1,0.E0,-9.85E-1));
#6579=VECTOR('',#6578,6.822335024843E0);
#6580=CARTESIAN_POINT('',(-1.894877648746E1,-5.E-2,3.636086942711E0));
#6581=LINE('',#6580,#6579);
#6582=DIRECTION('',(-3.896379515330E-11,1.E0,-2.224268177050E-10));
#6583=VECTOR('',#6582,1.5E0);
#6584=CARTESIAN_POINT('',(-1.894877648746E1,-5.E-2,3.636086942711E0));
#6585=LINE('',#6584,#6583);
#6586=CARTESIAN_POINT('',(-1.737277648743E1,1.45E0,3.36E0));
#6587=DIRECTION('',(0.E0,-1.E0,0.E0));
#6588=DIRECTION('',(0.E0,0.E0,1.E0));
#6589=AXIS2_PLACEMENT_3D('',#6586,#6587,#6588);
#6591=CARTESIAN_POINT('',(-1.737277648743E1,-5.E-2,3.36E0));
#6592=DIRECTION('',(0.E0,-1.E0,0.E0));
#6593=DIRECTION('',(0.E0,0.E0,1.E0));
#6594=AXIS2_PLACEMENT_3D('',#6591,#6592,#6593);
#6596=DIRECTION('',(2.653853433306E-10,1.E0,0.E0));
#6597=VECTOR('',#6596,1.5E0);
#6598=CARTESIAN_POINT('',(-1.737277648691E1,-5.E-2,4.96E0));
#6599=LINE('',#6598,#6597);
#6600=CARTESIAN_POINT('',(-1.737277648743E1,1.45E0,5.96E0));
#6601=DIRECTION('',(-1.E0,0.E0,0.E0));
#6602=DIRECTION('',(0.E0,1.E0,0.E0));
#6603=AXIS2_PLACEMENT_3D('',#6600,#6601,#6602);
#6605=CARTESIAN_POINT('',(1.737277648743E1,1.45E0,5.96E0));
#6606=DIRECTION('',(-1.E0,0.E0,0.E0));
#6607=DIRECTION('',(0.E0,1.E0,0.E0));
#6608=AXIS2_PLACEMENT_3D('',#6605,#6606,#6607);
#6610=DIRECTION('',(-1.E0,0.E0,0.E0));
#6611=VECTOR('',#6610,3.474555297349E1);
#6612=CARTESIAN_POINT('',(1.737277648698E1,1.45E0,4.96E0));
#6613=LINE('',#6612,#6611);
#6614=DIRECTION('',(-1.E0,0.E0,0.E0));
#6615=VECTOR('',#6614,3.474555297422E1);
#6616=CARTESIAN_POINT('',(1.737277648732E1,-5.E-2,4.96E0));
#6617=LINE('',#6616,#6615);
#6618=DIRECTION('',(-2.258104814246E-10,1.E0,0.E0));
#6619=VECTOR('',#6618,1.5E0);
#6620=CARTESIAN_POINT('',(1.737277648732E1,-5.E-2,4.96E0));
#6621=LINE('',#6620,#6619);
#6622=CARTESIAN_POINT('',(-1.737277648743E1,-5.E-2,3.36E0));
#6623=DIRECTION('',(-1.E0,0.E0,0.E0));
#6624=DIRECTION('',(0.E0,-1.E0,0.E0));
#6625=AXIS2_PLACEMENT_3D('',#6622,#6623,#6624);
#6627=DIRECTION('',(1.E0,0.E0,0.E0));
#6628=VECTOR('',#6627,3.474555297408E1);
#6629=CARTESIAN_POINT('',(-1.737277648706E1,1.55E0,5.36E0));
#6630=LINE('',#6629,#6628);
#6631=DIRECTION('',(-1.E0,0.E0,0.E0));
#6632=VECTOR('',#6631,3.474555297414E1);
#6633=CARTESIAN_POINT('',(1.737277648729E1,-5.E-2,5.36E0));
#6634=LINE('',#6633,#6632);
#6635=DIRECTION('',(-1.316924347350E-10,1.E0,0.E0));
#6636=VECTOR('',#6635,1.6E0);
#6637=CARTESIAN_POINT('',(-1.737277648685E1,-5.E-2,5.36E0));
#6638=LINE('',#6637,#6636);
#6639=CARTESIAN_POINT('',(-1.737277648743E1,1.55E0,5.86E0));
#6640=DIRECTION('',(1.E0,0.E0,0.E0));
#6641=DIRECTION('',(0.E0,0.E0,-1.E0));
#6642=AXIS2_PLACEMENT_3D('',#6639,#6640,#6641);
#6644=CARTESIAN_POINT('',(1.855E1,-5.E-2,-5.36E0));
#6645=CARTESIAN_POINT('',(2.052E1,-5.E-2,-3.014891321465E0));
#6646=VERTEX_POINT('',#6644);
#6647=VERTEX_POINT('',#6645);
#6648=CARTESIAN_POINT('',(1.934277648754E1,-5.E-2,3.705108677958E0));
#6649=VERTEX_POINT('',#6648);
#6650=CARTESIAN_POINT('',(1.737277648743E1,-5.E-2,5.36E0));
#6651=VERTEX_POINT('',#6650);
#6652=CARTESIAN_POINT('',(-1.737277648685E1,-5.E-2,5.36E0));
#6653=VERTEX_POINT('',#6652);
#6654=CARTESIAN_POINT('',(-1.934277648743E1,-5.E-2,3.705108678535E0));
#6655=VERTEX_POINT('',#6654);
#6656=CARTESIAN_POINT('',(-2.051999999992E1,-5.E-2,-3.014891321007E0));
#6657=VERTEX_POINT('',#6656);
#6658=CARTESIAN_POINT('',(-1.855E1,-5.E-2,-5.36E0));
#6659=VERTEX_POINT('',#6658);
#6660=CARTESIAN_POINT('',(-1.855E1,-2.05E0,-3.36E0));
#6661=VERTEX_POINT('',#6660);
#6662=CARTESIAN_POINT('',(1.855E1,-2.05E0,-3.36E0));
#6663=VERTEX_POINT('',#6662);
#6664=CARTESIAN_POINT('',(-1.737277648743E1,-2.05E0,3.36E0));
#6665=VERTEX_POINT('',#6664);
#6666=CARTESIAN_POINT('',(1.737277648743E1,-2.05E0,3.36E0));
#6667=VERTEX_POINT('',#6666);
#6668=CARTESIAN_POINT('',(1.855E1,-5.E-2,-4.96E0));
#6669=CARTESIAN_POINT('',(2.0126E1,-5.E-2,-3.083913057172E0));
#6670=VERTEX_POINT('',#6668);
#6671=VERTEX_POINT('',#6669);
#6672=CARTESIAN_POINT('',(1.894877648753E1,-5.E-2,3.636086942309E0));
#6673=VERTEX_POINT('',#6672);
#6674=CARTESIAN_POINT('',(1.737277648743E1,-5.E-2,4.96E0));
#6675=VERTEX_POINT('',#6674);
#6676=CARTESIAN_POINT('',(-1.737277648691E1,-5.E-2,4.96E0));
#6677=VERTEX_POINT('',#6676);
#6678=CARTESIAN_POINT('',(-1.894877648743E1,-5.E-2,3.636086942828E0));
#6679=VERTEX_POINT('',#6678);
#6680=CARTESIAN_POINT('',(-2.012599999993E1,-5.E-2,-3.083913056759E0));
#6681=VERTEX_POINT('',#6680);
#6682=CARTESIAN_POINT('',(-1.855E1,-5.E-2,-4.96E0));
#6683=VERTEX_POINT('',#6682);
#6684=CARTESIAN_POINT('',(-1.855E1,-1.65E0,-3.36E0));
#6685=VERTEX_POINT('',#6684);
#6686=CARTESIAN_POINT('',(1.855E1,-1.65E0,-3.36E0));
#6687=VERTEX_POINT('',#6686);
#6688=CARTESIAN_POINT('',(-1.737277648743E1,-1.65E0,3.36E0));
#6689=VERTEX_POINT('',#6688);
#6690=CARTESIAN_POINT('',(1.737277648743E1,-1.65E0,3.36E0));
#6691=VERTEX_POINT('',#6690);
#6692=CARTESIAN_POINT('',(1.653273013136E1,-2.05E0,3.36E0));
#6693=CARTESIAN_POINT('',(-1.653273013136E1,-2.05E0,3.36E0));
#6694=VERTEX_POINT('',#6692);
#6695=VERTEX_POINT('',#6693);
#6696=CARTESIAN_POINT('',(-1.751773013136E1,-2.05E0,2.532554339267E0));
#6697=CARTESIAN_POINT('',(-1.834458950328E1,-2.05E0,-2.187445660733E0));
#6698=VERTEX_POINT('',#6696);
#6699=VERTEX_POINT('',#6697);
#6700=CARTESIAN_POINT('',(-1.735958950328E1,-2.05E0,-3.36E0));
#6701=CARTESIAN_POINT('',(1.735958950328E1,-2.05E0,-3.36E0));
#6702=VERTEX_POINT('',#6700);
#6703=VERTEX_POINT('',#6701);
#6704=CARTESIAN_POINT('',(1.834458950328E1,-2.05E0,-2.187445660733E0));
#6705=CARTESIAN_POINT('',(1.751773013136E1,-2.05E0,2.532554339267E0));
#6706=VERTEX_POINT('',#6704);
#6707=VERTEX_POINT('',#6705);
#6708=CARTESIAN_POINT('',(1.653273013136E1,-1.65E0,3.36E0));
#6709=CARTESIAN_POINT('',(-1.653273013136E1,-1.65E0,3.36E0));
#6710=VERTEX_POINT('',#6708);
#6711=VERTEX_POINT('',#6709);
#6712=CARTESIAN_POINT('',(-1.751773013136E1,-1.65E0,2.532554339267E0));
#6713=CARTESIAN_POINT('',(-1.834458950328E1,-1.65E0,-2.187445660733E0));
#6714=VERTEX_POINT('',#6712);
#6715=VERTEX_POINT('',#6713);
#6716=CARTESIAN_POINT('',(-1.735958950328E1,-1.65E0,-3.36E0));
#6717=CARTESIAN_POINT('',(1.735958950328E1,-1.65E0,-3.36E0));
#6718=VERTEX_POINT('',#6716);
#6719=VERTEX_POINT('',#6717);
#6720=CARTESIAN_POINT('',(1.834458950328E1,-1.65E0,-2.187445660733E0));
#6721=CARTESIAN_POINT('',(1.751773013136E1,-1.65E0,2.532554339267E0));
#6722=VERTEX_POINT('',#6720);
#6723=VERTEX_POINT('',#6721);
#6724=CARTESIAN_POINT('',(-2.5225E1,2.05E0,-6.375E0));
#6725=CARTESIAN_POINT('',(-2.6525E1,2.05E0,-5.075E0));
#6726=VERTEX_POINT('',#6724);
#6727=VERTEX_POINT('',#6725);
#6728=CARTESIAN_POINT('',(-2.6525E1,2.05E0,4.875E0));
#6729=VERTEX_POINT('',#6728);
#6730=CARTESIAN_POINT('',(-2.5225E1,2.05E0,6.175E0));
#6731=VERTEX_POINT('',#6730);
#6732=CARTESIAN_POINT('',(2.5225E1,2.05E0,6.175E0));
#6733=VERTEX_POINT('',#6732);
#6734=CARTESIAN_POINT('',(2.6525E1,2.05E0,4.875E0));
#6735=VERTEX_POINT('',#6734);
#6736=CARTESIAN_POINT('',(2.6525E1,2.05E0,-5.075E0));
#6737=VERTEX_POINT('',#6736);
#6738=CARTESIAN_POINT('',(2.5225E1,2.05E0,-6.375E0));
#6739=VERTEX_POINT('',#6738);
#6740=CARTESIAN_POINT('',(-2.5225E1,2.45E0,-6.375E0));
#6741=CARTESIAN_POINT('',(-2.6525E1,2.45E0,-5.075E0));
#6742=VERTEX_POINT('',#6740);
#6743=VERTEX_POINT('',#6741);
#6744=CARTESIAN_POINT('',(-2.6525E1,2.45E0,4.875E0));
#6745=VERTEX_POINT('',#6744);
#6746=CARTESIAN_POINT('',(-2.5225E1,2.45E0,6.175E0));
#6747=VERTEX_POINT('',#6746);
#6748=CARTESIAN_POINT('',(2.5225E1,2.45E0,6.175E0));
#6749=VERTEX_POINT('',#6748);
#6750=CARTESIAN_POINT('',(2.6525E1,2.45E0,4.875E0));
#6751=VERTEX_POINT('',#6750);
#6752=CARTESIAN_POINT('',(2.6525E1,2.45E0,-5.075E0));
#6753=VERTEX_POINT('',#6752);
#6754=CARTESIAN_POINT('',(2.5225E1,2.45E0,-6.375E0));
#6755=VERTEX_POINT('',#6754);
#6756=CARTESIAN_POINT('',(1.855E1,2.45E0,-5.96E0));
#6757=CARTESIAN_POINT('',(2.1111E1,2.45E0,-2.911358717905E0));
#6758=VERTEX_POINT('',#6756);
#6759=VERTEX_POINT('',#6757);
#6760=CARTESIAN_POINT('',(1.855E1,1.45E0,-4.96E0));
#6761=CARTESIAN_POINT('',(2.0126E1,1.45E0,-3.083913057172E0));
#6762=VERTEX_POINT('',#6760);
#6763=VERTEX_POINT('',#6761);
#6764=CARTESIAN_POINT('',(1.993377648737E1,2.45E0,3.808641281580E0));
#6765=VERTEX_POINT('',#6764);
#6766=CARTESIAN_POINT('',(1.894877648759E1,1.45E0,3.636086941917E0));
#6767=VERTEX_POINT('',#6766);
#6768=CARTESIAN_POINT('',(1.737277648743E1,2.45E0,5.96E0));
#6769=VERTEX_POINT('',#6768);
#6770=CARTESIAN_POINT('',(1.737277648743E1,1.45E0,4.96E0));
#6771=VERTEX_POINT('',#6770);
#6772=CARTESIAN_POINT('',(-1.737277648694E1,2.45E0,5.959999999842E0));
#6773=VERTEX_POINT('',#6772);
#6774=CARTESIAN_POINT('',(-1.737277648651E1,1.45E0,4.96E0));
#6775=VERTEX_POINT('',#6774);
#6776=CARTESIAN_POINT('',(-1.993377648743E1,2.45E0,3.808641282095E0));
#6777=VERTEX_POINT('',#6776);
#6778=CARTESIAN_POINT('',(-1.894877648743E1,1.45E0,3.636086942828E0));
#6779=VERTEX_POINT('',#6778);
#6780=CARTESIAN_POINT('',(-2.111099999979E1,2.45E0,-2.911358717522E0));
#6781=VERTEX_POINT('',#6780);
#6782=CARTESIAN_POINT('',(-2.012599999987E1,1.45E0,-3.083913056422E0));
#6783=VERTEX_POINT('',#6782);
#6784=CARTESIAN_POINT('',(-1.855E1,2.45E0,-5.96E0));
#6785=VERTEX_POINT('',#6784);
#6786=CARTESIAN_POINT('',(-1.855E1,1.45E0,-4.96E0));
#6787=VERTEX_POINT('',#6786);
#6788=CARTESIAN_POINT('',(-2.5045E1,2.05E0,0.E0));
#6789=CARTESIAN_POINT('',(-2.1995E1,2.05E0,0.E0));
#6790=VERTEX_POINT('',#6788);
#6791=VERTEX_POINT('',#6789);
#6792=CARTESIAN_POINT('',(-2.5045E1,2.45E0,0.E0));
#6793=CARTESIAN_POINT('',(-2.1995E1,2.45E0,0.E0));
#6794=VERTEX_POINT('',#6792);
#6795=VERTEX_POINT('',#6793);
#6796=CARTESIAN_POINT('',(1.737277648743E1,1.55E0,5.36E0));
#6797=CARTESIAN_POINT('',(1.934277648743E1,1.55E0,3.705108678535E0));
#6798=VERTEX_POINT('',#6796);
#6799=VERTEX_POINT('',#6797);
#6800=CARTESIAN_POINT('',(1.737277648743E1,2.05E0,5.86E0));
#6801=CARTESIAN_POINT('',(1.983527648743E1,2.05E0,3.791385848168E0));
#6802=VERTEX_POINT('',#6800);
#6803=VERTEX_POINT('',#6801);
#6804=CARTESIAN_POINT('',(2.051999999987E1,1.55E0,-3.014891320737E0));
#6805=VERTEX_POINT('',#6804);
#6806=CARTESIAN_POINT('',(2.101249999991E1,2.05E0,-2.928614151707E0));
#6807=VERTEX_POINT('',#6806);
#6808=CARTESIAN_POINT('',(1.855E1,1.55E0,-5.36E0));
#6809=VERTEX_POINT('',#6808);
#6810=CARTESIAN_POINT('',(1.855E1,2.05E0,-5.86E0));
#6811=VERTEX_POINT('',#6810);
#6812=CARTESIAN_POINT('',(-1.854999999926E1,1.55E0,-5.36E0));
#6813=VERTEX_POINT('',#6812);
#6814=CARTESIAN_POINT('',(-1.854999999986E1,2.05E0,-5.859999999931E0));
#6815=VERTEX_POINT('',#6814);
#6816=CARTESIAN_POINT('',(-2.052E1,1.55E0,-3.014891321465E0));
#6817=VERTEX_POINT('',#6816);
#6818=CARTESIAN_POINT('',(-2.10125E1,2.05E0,-2.928614151832E0));
#6819=VERTEX_POINT('',#6818);
#6820=CARTESIAN_POINT('',(-1.934277648751E1,1.55E0,3.705108678130E0));
#6821=VERTEX_POINT('',#6820);
#6822=CARTESIAN_POINT('',(-1.983527648741E1,2.05E0,3.791385848084E0));
#6823=VERTEX_POINT('',#6822);
#6824=CARTESIAN_POINT('',(-1.737277648743E1,1.55E0,5.36E0));
#6825=VERTEX_POINT('',#6824);
#6826=CARTESIAN_POINT('',(-1.737277648743E1,2.05E0,5.86E0));
#6827=VERTEX_POINT('',#6826);
#6828=CARTESIAN_POINT('',(2.1995E1,2.05E0,0.E0));
#6829=CARTESIAN_POINT('',(2.5045E1,2.05E0,0.E0));
#6830=VERTEX_POINT('',#6828);
#6831=VERTEX_POINT('',#6829);
#6832=CARTESIAN_POINT('',(2.1995E1,2.45E0,0.E0));
#6833=CARTESIAN_POINT('',(2.5045E1,2.45E0,0.E0));
#6834=VERTEX_POINT('',#6832);
#6835=VERTEX_POINT('',#6833);
#6836=CARTESIAN_POINT('',(0.E0,-2.05E0,0.E0));
#6837=DIRECTION('',(0.E0,1.E0,0.E0));
#6838=DIRECTION('',(1.E0,0.E0,0.E0));
#6839=AXIS2_PLACEMENT_3D('',#6836,#6837,#6838);
#6840=PLANE('',#6839);
#6842=ORIENTED_EDGE('',*,*,#6841,.T.);
#6844=ORIENTED_EDGE('',*,*,#6843,.F.);
#6846=ORIENTED_EDGE('',*,*,#6845,.F.);
#6847=EDGE_LOOP('',(#6842,#6844,#6846));
#6848=FACE_OUTER_BOUND('',#6847,.F.);
#6850=CARTESIAN_POINT('',(0.E0,-2.05E0,0.E0));
#6851=DIRECTION('',(0.E0,1.E0,0.E0));
#6852=DIRECTION('',(1.E0,0.E0,0.E0));
#6853=AXIS2_PLACEMENT_3D('',#6850,#6851,#6852);
#6854=PLANE('',#6853);
#6856=ORIENTED_EDGE('',*,*,#6855,.T.);
#6858=ORIENTED_EDGE('',*,*,#6857,.F.);
#6860=ORIENTED_EDGE('',*,*,#6859,.F.);
#6861=EDGE_LOOP('',(#6856,#6858,#6860));
#6862=FACE_OUTER_BOUND('',#6861,.F.);
#6864=CARTESIAN_POINT('',(0.E0,-2.05E0,0.E0));
#6865=DIRECTION('',(0.E0,1.E0,0.E0));
#6866=DIRECTION('',(1.E0,0.E0,0.E0));
#6867=AXIS2_PLACEMENT_3D('',#6864,#6865,#6866);
#6868=PLANE('',#6867);
#6870=ORIENTED_EDGE('',*,*,#6869,.T.);
#6872=ORIENTED_EDGE('',*,*,#6871,.F.);
#6874=ORIENTED_EDGE('',*,*,#6873,.F.);
#6875=EDGE_LOOP('',(#6870,#6872,#6874));
#6876=FACE_OUTER_BOUND('',#6875,.F.);
#6878=CARTESIAN_POINT('',(0.E0,-2.05E0,0.E0));
#6879=DIRECTION('',(0.E0,1.E0,0.E0));
#6880=DIRECTION('',(1.E0,0.E0,0.E0));
#6881=AXIS2_PLACEMENT_3D('',#6878,#6879,#6880);
#6882=PLANE('',#6881);
#6884=ORIENTED_EDGE('',*,*,#6883,.T.);
#6886=ORIENTED_EDGE('',*,*,#6885,.F.);
#6888=ORIENTED_EDGE('',*,*,#6887,.F.);
#6889=EDGE_LOOP('',(#6884,#6886,#6888));
#6890=FACE_OUTER_BOUND('',#6889,.F.);
#6892=CARTESIAN_POINT('',(-1.653273013136E1,-2.05E0,2.36E0));
#6893=DIRECTION('',(0.E0,-1.E0,0.E0));
#6894=DIRECTION('',(1.E0,0.E0,0.E0));
#6895=AXIS2_PLACEMENT_3D('',#6892,#6893,#6894);
#6896=CYLINDRICAL_SURFACE('',#6895,1.E0);
#6897=ORIENTED_EDGE('',*,*,#6841,.F.);
#6899=ORIENTED_EDGE('',*,*,#6898,.T.);
#6901=ORIENTED_EDGE('',*,*,#6900,.T.);
#6903=ORIENTED_EDGE('',*,*,#6902,.F.);
#6904=EDGE_LOOP('',(#6897,#6899,#6901,#6903));
#6905=FACE_OUTER_BOUND('',#6904,.F.);
#6907=CARTESIAN_POINT('',(1.653273013136E1,-2.05E0,3.36E0));
#6908=DIRECTION('',(0.E0,0.E0,1.E0));
#6909=DIRECTION('',(-1.E0,0.E0,0.E0));
#6910=AXIS2_PLACEMENT_3D('',#6907,#6908,#6909);
#6911=PLANE('',#6910);
#6913=ORIENTED_EDGE('',*,*,#6912,.F.);
#6915=ORIENTED_EDGE('',*,*,#6914,.T.);
#6917=ORIENTED_EDGE('',*,*,#6916,.T.);
#6918=ORIENTED_EDGE('',*,*,#6898,.F.);
#6919=EDGE_LOOP('',(#6913,#6915,#6917,#6918));
#6920=FACE_OUTER_BOUND('',#6919,.F.);
#6922=CARTESIAN_POINT('',(1.747483124367E1,-5.E-2,3.36E0));
#6923=DIRECTION('',(-1.E0,0.E0,0.E0));
#6924=DIRECTION('',(0.E0,-1.E0,0.E0));
#6925=AXIS2_PLACEMENT_3D('',#6922,#6923,#6924);
#6926=CYLINDRICAL_SURFACE('',#6925,2.E0);
#6927=ORIENTED_EDGE('',*,*,#6912,.T.);
#6928=ORIENTED_EDGE('',*,*,#6845,.T.);
#6930=ORIENTED_EDGE('',*,*,#6929,.T.);
#6932=ORIENTED_EDGE('',*,*,#6931,.F.);
#6934=ORIENTED_EDGE('',*,*,#6933,.F.);
#6935=ORIENTED_EDGE('',*,*,#6885,.T.);
#6936=EDGE_LOOP('',(#6927,#6928,#6930,#6932,#6934,#6935));
#6937=FACE_OUTER_BOUND('',#6936,.F.);
#6939=CARTESIAN_POINT('',(-1.737277648743E1,-5.E-2,3.36E0));
#6940=DIRECTION('',(7.656873838428E-1,0.E0,6.432128965001E-1));
#6941=DIRECTION('',(-6.432128965001E-1,0.E0,7.656873838428E-1));
#6942=AXIS2_PLACEMENT_3D('',#6939,#6940,#6941);
#6943=SPHERICAL_SURFACE('',#6942,2.E0);
#6945=ORIENTED_EDGE('',*,*,#6944,.F.);
#6946=ORIENTED_EDGE('',*,*,#6929,.F.);
#6948=ORIENTED_EDGE('',*,*,#6947,.T.);
#6949=EDGE_LOOP('',(#6945,#6946,#6948));
#6950=FACE_OUTER_BOUND('',#6949,.F.);
#6952=CARTESIAN_POINT('',(-1.737277648743E1,-2.05E0,3.36E0));
#6953=DIRECTION('',(0.E0,1.E0,0.E0));
#6954=DIRECTION('',(1.E0,0.E0,0.E0));
#6955=AXIS2_PLACEMENT_3D('',#6952,#6953,#6954);
#6956=CYLINDRICAL_SURFACE('',#6955,2.E0);
#6958=ORIENTED_EDGE('',*,*,#6957,.T.);
#6960=ORIENTED_EDGE('',*,*,#6959,.F.);
#6961=ORIENTED_EDGE('',*,*,#6944,.T.);
#6963=ORIENTED_EDGE('',*,*,#6962,.T.);
#6964=EDGE_LOOP('',(#6958,#6960,#6961,#6963));
#6965=FACE_OUTER_BOUND('',#6964,.F.);
#6967=CARTESIAN_POINT('',(-1.737277648743E1,1.55E0,3.36E0));
#6968=DIRECTION('',(0.E0,1.E0,0.E0));
#6969=DIRECTION('',(-9.916471694335E-1,0.E0,1.289801975285E-1));
#6970=AXIS2_PLACEMENT_3D('',#6967,#6968,#6969);
#6971=TOROIDAL_SURFACE('',#6970,2.5E0,5.E-1);
#6972=ORIENTED_EDGE('',*,*,#6957,.F.);
#6974=ORIENTED_EDGE('',*,*,#6973,.T.);
#6976=ORIENTED_EDGE('',*,*,#6975,.T.);
#6978=ORIENTED_EDGE('',*,*,#6977,.F.);
#6979=EDGE_LOOP('',(#6972,#6974,#6976,#6978));
#6980=FACE_OUTER_BOUND('',#6979,.F.);
#6982=CARTESIAN_POINT('',(-2.102771301272E1,1.55E0,-3.015455303389E0));
#6983=DIRECTION('',(1.725543392674E-1,0.E0,9.85E-1));
#6984=DIRECTION('',(9.85E-1,0.E0,-1.725543392674E-1));
#6985=AXIS2_PLACEMENT_3D('',#6982,#6983,#6984);
#6986=CYLINDRICAL_SURFACE('',#6985,5.E-1);
#6988=ORIENTED_EDGE('',*,*,#6987,.F.);
#6990=ORIENTED_EDGE('',*,*,#6989,.T.);
#6992=ORIENTED_EDGE('',*,*,#6991,.T.);
#6993=ORIENTED_EDGE('',*,*,#6973,.F.);
#6994=EDGE_LOOP('',(#6988,#6990,#6992,#6993));
#6995=FACE_OUTER_BOUND('',#6994,.F.);
#6997=CARTESIAN_POINT('',(-2.052E1,-2.05E0,-3.014891321465E0));
#6998=DIRECTION('',(-9.85E-1,0.E0,1.725543392674E-1));
#6999=DIRECTION('',(1.725543392674E-1,0.E0,9.85E-1));
#7000=AXIS2_PLACEMENT_3D('',#6997,#6998,#6999);
#7001=PLANE('',#7000);
#7002=ORIENTED_EDGE('',*,*,#6987,.T.);
#7003=ORIENTED_EDGE('',*,*,#6962,.F.);
#7005=ORIENTED_EDGE('',*,*,#7004,.T.);
#7007=ORIENTED_EDGE('',*,*,#7006,.T.);
#7008=EDGE_LOOP('',(#7002,#7003,#7005,#7007));
#7009=FACE_OUTER_BOUND('',#7008,.F.);
#7011=CARTESIAN_POINT('',(-1.735516649640E1,-5.E-2,3.460523934893E0));
#7012=DIRECTION('',(-1.725543392674E-1,0.E0,-9.85E-1));
#7013=DIRECTION('',(0.E0,-1.E0,0.E0));
#7014=AXIS2_PLACEMENT_3D('',#7011,#7012,#7013);
#7015=CYLINDRICAL_SURFACE('',#7014,2.E0);
#7017=ORIENTED_EDGE('',*,*,#7016,.T.);
#7018=ORIENTED_EDGE('',*,*,#6859,.T.);
#7020=ORIENTED_EDGE('',*,*,#7019,.T.);
#7021=ORIENTED_EDGE('',*,*,#7004,.F.);
#7022=ORIENTED_EDGE('',*,*,#6947,.F.);
#7023=ORIENTED_EDGE('',*,*,#6843,.T.);
#7024=EDGE_LOOP('',(#7017,#7018,#7020,#7021,#7022,#7023));
#7025=FACE_OUTER_BOUND('',#7024,.F.);
#7027=CARTESIAN_POINT('',(-1.751773013136E1,-2.05E0,2.532554339267E0));
#7028=DIRECTION('',(-9.85E-1,0.E0,1.725543392674E-1));
#7029=DIRECTION('',(-1.725543392674E-1,0.E0,-9.85E-1));
#7030=AXIS2_PLACEMENT_3D('',#7027,#7028,#7029);
#7031=PLANE('',#7030);
#7032=ORIENTED_EDGE('',*,*,#7016,.F.);
#7033=ORIENTED_EDGE('',*,*,#6902,.T.);
#7035=ORIENTED_EDGE('',*,*,#7034,.T.);
#7037=ORIENTED_EDGE('',*,*,#7036,.F.);
#7038=EDGE_LOOP('',(#7032,#7033,#7035,#7037));
#7039=FACE_OUTER_BOUND('',#7038,.F.);
#7041=CARTESIAN_POINT('',(-1.735516649640E1,-5.E-2,3.460523934893E0));
#7042=DIRECTION('',(-1.725543392674E-1,0.E0,-9.85E-1));
#7043=DIRECTION('',(0.E0,-1.E0,0.E0));
#7044=AXIS2_PLACEMENT_3D('',#7041,#7042,#7043);
#7045=CYLINDRICAL_SURFACE('',#7044,1.6E0);
#7046=ORIENTED_EDGE('',*,*,#7034,.F.);
#7048=ORIENTED_EDGE('',*,*,#7047,.F.);
#7050=ORIENTED_EDGE('',*,*,#7049,.T.);
#7052=ORIENTED_EDGE('',*,*,#7051,.T.);
#7054=ORIENTED_EDGE('',*,*,#7053,.F.);
#7056=ORIENTED_EDGE('',*,*,#7055,.F.);
#7057=EDGE_LOOP('',(#7046,#7048,#7050,#7052,#7054,#7056));
#7058=FACE_OUTER_BOUND('',#7057,.F.);
#7060=CARTESIAN_POINT('',(0.E0,-1.65E0,0.E0));
#7061=DIRECTION('',(0.E0,1.E0,0.E0));
#7062=DIRECTION('',(1.E0,0.E0,0.E0));
#7063=AXIS2_PLACEMENT_3D('',#7060,#7061,#7062);
#7064=PLANE('',#7063);
#7065=ORIENTED_EDGE('',*,*,#6900,.F.);
#7067=ORIENTED_EDGE('',*,*,#7066,.T.);
#7068=ORIENTED_EDGE('',*,*,#7047,.T.);
#7069=EDGE_LOOP('',(#7065,#7067,#7068));
#7070=FACE_OUTER_BOUND('',#7069,.F.);
#7072=CARTESIAN_POINT('',(0.E0,-1.65E0,0.E0));
#7073=DIRECTION('',(0.E0,1.E0,0.E0));
#7074=DIRECTION('',(1.E0,0.E0,0.E0));
#7075=AXIS2_PLACEMENT_3D('',#7072,#7073,#7074);
#7076=PLANE('',#7075);
#7078=ORIENTED_EDGE('',*,*,#7077,.F.);
#7079=ORIENTED_EDGE('',*,*,#7055,.T.);
#7081=ORIENTED_EDGE('',*,*,#7080,.T.);
#7082=EDGE_LOOP('',(#7078,#7079,#7081));
#7083=FACE_OUTER_BOUND('',#7082,.F.);
#7085=CARTESIAN_POINT('',(0.E0,-1.65E0,0.E0));
#7086=DIRECTION('',(0.E0,1.E0,0.E0));
#7087=DIRECTION('',(1.E0,0.E0,0.E0));
#7088=AXIS2_PLACEMENT_3D('',#7085,#7086,#7087);
#7089=PLANE('',#7088);
#7091=ORIENTED_EDGE('',*,*,#7090,.F.);
#7093=ORIENTED_EDGE('',*,*,#7092,.T.);
#7095=ORIENTED_EDGE('',*,*,#7094,.T.);
#7096=EDGE_LOOP('',(#7091,#7093,#7095));
#7097=FACE_OUTER_BOUND('',#7096,.F.);
#7099=CARTESIAN_POINT('',(0.E0,-1.65E0,0.E0));
#7100=DIRECTION('',(0.E0,1.E0,0.E0));
#7101=DIRECTION('',(1.E0,0.E0,0.E0));
#7102=AXIS2_PLACEMENT_3D('',#7099,#7100,#7101);
#7103=PLANE('',#7102);
#7105=ORIENTED_EDGE('',*,*,#7104,.F.);
#7107=ORIENTED_EDGE('',*,*,#7106,.T.);
#7109=ORIENTED_EDGE('',*,*,#7108,.T.);
#7110=EDGE_LOOP('',(#7105,#7107,#7109));
#7111=FACE_OUTER_BOUND('',#7110,.F.);
#7113=CARTESIAN_POINT('',(1.747483124367E1,-5.E-2,3.36E0));
#7114=DIRECTION('',(-1.E0,0.E0,0.E0));
#7115=DIRECTION('',(0.E0,-1.E0,0.E0));
#7116=AXIS2_PLACEMENT_3D('',#7113,#7114,#7115);
#7117=CYLINDRICAL_SURFACE('',#7116,1.6E0);
#7118=ORIENTED_EDGE('',*,*,#6916,.F.);
#7119=ORIENTED_EDGE('',*,*,#7108,.F.);
#7121=ORIENTED_EDGE('',*,*,#7120,.T.);
#7123=ORIENTED_EDGE('',*,*,#7122,.T.);
#7125=ORIENTED_EDGE('',*,*,#7124,.F.);
#7126=ORIENTED_EDGE('',*,*,#7066,.F.);
#7127=EDGE_LOOP('',(#7118,#7119,#7121,#7123,#7125,#7126));
#7128=FACE_OUTER_BOUND('',#7127,.F.);
#7130=CARTESIAN_POINT('',(1.737277648743E1,-5.E-2,3.36E0));
#7131=DIRECTION('',(7.656873836569E-1,0.E0,-6.432128967213E-1));
#7132=DIRECTION('',(6.432128967213E-1,0.E0,7.656873836569E-1));
#7133=AXIS2_PLACEMENT_3D('',#7130,#7131,#7132);
#7134=SPHERICAL_SURFACE('',#7133,1.6E0);
#7136=ORIENTED_EDGE('',*,*,#7135,.T.);
#7137=ORIENTED_EDGE('',*,*,#7120,.F.);
#7139=ORIENTED_EDGE('',*,*,#7138,.T.);
#7140=EDGE_LOOP('',(#7136,#7137,#7139));
#7141=FACE_OUTER_BOUND('',#7140,.F.);
#7143=CARTESIAN_POINT('',(1.737277648743E1,-2.05E0,3.36E0));
#7144=DIRECTION('',(0.E0,1.E0,0.E0));
#7145=DIRECTION('',(1.E0,0.E0,0.E0));
#7146=AXIS2_PLACEMENT_3D('',#7143,#7144,#7145);
#7147=CYLINDRICAL_SURFACE('',#7146,1.6E0);
#7149=ORIENTED_EDGE('',*,*,#7148,.T.);
#7151=ORIENTED_EDGE('',*,*,#7150,.F.);
#7152=ORIENTED_EDGE('',*,*,#7135,.F.);
#7154=ORIENTED_EDGE('',*,*,#7153,.F.);
#7155=EDGE_LOOP('',(#7149,#7151,#7152,#7154));
#7156=FACE_OUTER_BOUND('',#7155,.F.);
#7158=CARTESIAN_POINT('',(1.737277648743E1,1.45E0,3.36E0));
#7159=DIRECTION('',(0.E0,1.E0,0.E0));
#7160=DIRECTION('',(9.951283830119E-1,0.E0,9.858753128124E-2));
#7161=AXIS2_PLACEMENT_3D('',#7158,#7159,#7160);
#7162=TOROIDAL_SURFACE('',#7161,2.6E0,1.E0);
#7164=ORIENTED_EDGE('',*,*,#7163,.T.);
#7166=ORIENTED_EDGE('',*,*,#7165,.T.);
#7167=ORIENTED_EDGE('',*,*,#7148,.F.);
#7169=ORIENTED_EDGE('',*,*,#7168,.F.);
#7170=EDGE_LOOP('',(#7164,#7166,#7167,#7169));
#7171=FACE_OUTER_BOUND('',#7170,.F.);
#7173=CARTESIAN_POINT('',(0.E0,2.45E0,0.E0));
#7174=DIRECTION('',(0.E0,1.E0,0.E0));
#7175=DIRECTION('',(1.E0,0.E0,0.E0));
#7176=AXIS2_PLACEMENT_3D('',#7173,#7174,#7175);
#7177=PLANE('',#7176);
#7179=ORIENTED_EDGE('',*,*,#7178,.F.);
#7181=ORIENTED_EDGE('',*,*,#7180,.F.);
#7183=ORIENTED_EDGE('',*,*,#7182,.F.);
#7185=ORIENTED_EDGE('',*,*,#7184,.F.);
#7187=ORIENTED_EDGE('',*,*,#7186,.F.);
#7189=ORIENTED_EDGE('',*,*,#7188,.F.);
#7191=ORIENTED_EDGE('',*,*,#7190,.F.);
#7193=ORIENTED_EDGE('',*,*,#7192,.F.);
#7194=EDGE_LOOP('',(#7179,#7181,#7183,#7185,#7187,#7189,#7191,#7193));
#7195=FACE_OUTER_BOUND('',#7194,.F.);
#7197=ORIENTED_EDGE('',*,*,#7196,.F.);
#7199=ORIENTED_EDGE('',*,*,#7198,.F.);
#7201=ORIENTED_EDGE('',*,*,#7200,.F.);
#7203=ORIENTED_EDGE('',*,*,#7202,.F.);
#7205=ORIENTED_EDGE('',*,*,#7204,.F.);
#7207=ORIENTED_EDGE('',*,*,#7206,.F.);
#7208=ORIENTED_EDGE('',*,*,#7163,.F.);
#7210=ORIENTED_EDGE('',*,*,#7209,.F.);
#7211=EDGE_LOOP('',(#7197,#7199,#7201,#7203,#7205,#7207,#7208,#7210));
#7212=FACE_BOUND('',#7211,.F.);
#7214=ORIENTED_EDGE('',*,*,#7213,.T.);
#7216=ORIENTED_EDGE('',*,*,#7215,.T.);
#7217=EDGE_LOOP('',(#7214,#7216));
#7218=FACE_BOUND('',#7217,.F.);
#7220=ORIENTED_EDGE('',*,*,#7219,.T.);
#7222=ORIENTED_EDGE('',*,*,#7221,.T.);
#7223=EDGE_LOOP('',(#7220,#7222));
#7224=FACE_BOUND('',#7223,.F.);
#7226=CARTESIAN_POINT('',(-2.5225E1,2.05E0,-5.075E0));
#7227=DIRECTION('',(0.E0,1.E0,0.E0));
#7228=DIRECTION('',(1.E0,0.E0,0.E0));
#7229=AXIS2_PLACEMENT_3D('',#7226,#7227,#7228);
#7230=CYLINDRICAL_SURFACE('',#7229,1.3E0);
#7232=ORIENTED_EDGE('',*,*,#7231,.F.);
#7234=ORIENTED_EDGE('',*,*,#7233,.T.);
#7235=ORIENTED_EDGE('',*,*,#7178,.T.);
#7237=ORIENTED_EDGE('',*,*,#7236,.F.);
#7238=EDGE_LOOP('',(#7232,#7234,#7235,#7237));
#7239=FACE_OUTER_BOUND('',#7238,.F.);
#7241=CARTESIAN_POINT('',(0.E0,2.05E0,0.E0));
#7242=DIRECTION('',(0.E0,1.E0,0.E0));
#7243=DIRECTION('',(1.E0,0.E0,0.E0));
#7244=AXIS2_PLACEMENT_3D('',#7241,#7242,#7243);
#7245=PLANE('',#7244);
#7246=ORIENTED_EDGE('',*,*,#7231,.T.);
#7248=ORIENTED_EDGE('',*,*,#7247,.T.);
#7250=ORIENTED_EDGE('',*,*,#7249,.T.);
#7252=ORIENTED_EDGE('',*,*,#7251,.T.);
#7254=ORIENTED_EDGE('',*,*,#7253,.T.);
#7256=ORIENTED_EDGE('',*,*,#7255,.T.);
#7258=ORIENTED_EDGE('',*,*,#7257,.T.);
#7260=ORIENTED_EDGE('',*,*,#7259,.T.);
#7261=EDGE_LOOP('',(#7246,#7248,#7250,#7252,#7254,#7256,#7258,#7260));
#7262=FACE_OUTER_BOUND('',#7261,.F.);
#7264=ORIENTED_EDGE('',*,*,#7263,.F.);
#7266=ORIENTED_EDGE('',*,*,#7265,.F.);
#7267=EDGE_LOOP('',(#7264,#7266));
#7268=FACE_BOUND('',#7267,.F.);
#7270=ORIENTED_EDGE('',*,*,#7269,.F.);
#7272=ORIENTED_EDGE('',*,*,#7271,.F.);
#7273=EDGE_LOOP('',(#7270,#7272));
#7274=FACE_BOUND('',#7273,.F.);
#7276=ORIENTED_EDGE('',*,*,#7275,.F.);
#7278=ORIENTED_EDGE('',*,*,#7277,.F.);
#7279=ORIENTED_EDGE('',*,*,#6975,.F.);
#7280=ORIENTED_EDGE('',*,*,#6991,.F.);
#7282=ORIENTED_EDGE('',*,*,#7281,.F.);
#7284=ORIENTED_EDGE('',*,*,#7283,.F.);
#7286=ORIENTED_EDGE('',*,*,#7285,.F.);
#7288=ORIENTED_EDGE('',*,*,#7287,.F.);
#7289=EDGE_LOOP('',(#7276,#7278,#7279,#7280,#7282,#7284,#7286,#7288));
#7290=FACE_BOUND('',#7289,.F.);
#7292=CARTESIAN_POINT('',(-2.6525E1,2.05E0,-5.075E0));
#7293=DIRECTION('',(-1.E0,0.E0,0.E0));
#7294=DIRECTION('',(0.E0,0.E0,1.E0));
#7295=AXIS2_PLACEMENT_3D('',#7292,#7293,#7294);
#7296=PLANE('',#7295);
#7297=ORIENTED_EDGE('',*,*,#7247,.F.);
#7298=ORIENTED_EDGE('',*,*,#7236,.T.);
#7299=ORIENTED_EDGE('',*,*,#7192,.T.);
#7301=ORIENTED_EDGE('',*,*,#7300,.F.);
#7302=EDGE_LOOP('',(#7297,#7298,#7299,#7301));
#7303=FACE_OUTER_BOUND('',#7302,.F.);
#7305=CARTESIAN_POINT('',(-2.5225E1,2.05E0,4.875E0));
#7306=DIRECTION('',(0.E0,1.E0,0.E0));
#7307=DIRECTION('',(1.E0,0.E0,0.E0));
#7308=AXIS2_PLACEMENT_3D('',#7305,#7306,#7307);
#7309=CYLINDRICAL_SURFACE('',#7308,1.3E0);
#7310=ORIENTED_EDGE('',*,*,#7249,.F.);
#7311=ORIENTED_EDGE('',*,*,#7300,.T.);
#7312=ORIENTED_EDGE('',*,*,#7190,.T.);
#7314=ORIENTED_EDGE('',*,*,#7313,.F.);
#7315=EDGE_LOOP('',(#7310,#7311,#7312,#7314));
#7316=FACE_OUTER_BOUND('',#7315,.F.);
#7318=CARTESIAN_POINT('',(-2.5225E1,2.05E0,6.175E0));
#7319=DIRECTION('',(0.E0,0.E0,1.E0));
#7320=DIRECTION('',(1.E0,0.E0,0.E0));
#7321=AXIS2_PLACEMENT_3D('',#7318,#7319,#7320);
#7322=PLANE('',#7321);
#7323=ORIENTED_EDGE('',*,*,#7251,.F.);
#7324=ORIENTED_EDGE('',*,*,#7313,.T.);
#7325=ORIENTED_EDGE('',*,*,#7188,.T.);
#7327=ORIENTED_EDGE('',*,*,#7326,.F.);
#7328=EDGE_LOOP('',(#7323,#7324,#7325,#7327));
#7329=FACE_OUTER_BOUND('',#7328,.F.);
#7331=CARTESIAN_POINT('',(2.5225E1,2.05E0,4.875E0));
#7332=DIRECTION('',(0.E0,1.E0,0.E0));
#7333=DIRECTION('',(1.E0,0.E0,0.E0));
#7334=AXIS2_PLACEMENT_3D('',#7331,#7332,#7333);
#7335=CYLINDRICAL_SURFACE('',#7334,1.3E0);
#7336=ORIENTED_EDGE('',*,*,#7253,.F.);
#7337=ORIENTED_EDGE('',*,*,#7326,.T.);
#7338=ORIENTED_EDGE('',*,*,#7186,.T.);
#7340=ORIENTED_EDGE('',*,*,#7339,.F.);
#7341=EDGE_LOOP('',(#7336,#7337,#7338,#7340));
#7342=FACE_OUTER_BOUND('',#7341,.F.);
#7344=CARTESIAN_POINT('',(2.6525E1,2.05E0,4.875E0));
#7345=DIRECTION('',(1.E0,0.E0,0.E0));
#7346=DIRECTION('',(0.E0,0.E0,-1.E0));
#7347=AXIS2_PLACEMENT_3D('',#7344,#7345,#7346);
#7348=PLANE('',#7347);
#7349=ORIENTED_EDGE('',*,*,#7255,.F.);
#7350=ORIENTED_EDGE('',*,*,#7339,.T.);
#7351=ORIENTED_EDGE('',*,*,#7184,.T.);
#7353=ORIENTED_EDGE('',*,*,#7352,.F.);
#7354=EDGE_LOOP('',(#7349,#7350,#7351,#7353));
#7355=FACE_OUTER_BOUND('',#7354,.F.);
#7357=CARTESIAN_POINT('',(2.5225E1,2.05E0,-5.075E0));
#7358=DIRECTION('',(0.E0,1.E0,0.E0));
#7359=DIRECTION('',(1.E0,0.E0,0.E0));
#7360=AXIS2_PLACEMENT_3D('',#7357,#7358,#7359);
#7361=CYLINDRICAL_SURFACE('',#7360,1.3E0);
#7362=ORIENTED_EDGE('',*,*,#7257,.F.);
#7363=ORIENTED_EDGE('',*,*,#7352,.T.);
#7364=ORIENTED_EDGE('',*,*,#7182,.T.);
#7366=ORIENTED_EDGE('',*,*,#7365,.F.);
#7367=EDGE_LOOP('',(#7362,#7363,#7364,#7366));
#7368=FACE_OUTER_BOUND('',#7367,.F.);
#7370=CARTESIAN_POINT('',(2.5225E1,2.05E0,-6.375E0));
#7371=DIRECTION('',(0.E0,0.E0,-1.E0));
#7372=DIRECTION('',(-1.E0,0.E0,0.E0));
#7373=AXIS2_PLACEMENT_3D('',#7370,#7371,#7372);
#7374=PLANE('',#7373);
#7375=ORIENTED_EDGE('',*,*,#7259,.F.);
#7376=ORIENTED_EDGE('',*,*,#7365,.T.);
#7377=ORIENTED_EDGE('',*,*,#7180,.T.);
#7378=ORIENTED_EDGE('',*,*,#7233,.F.);
#7379=EDGE_LOOP('',(#7375,#7376,#7377,#7378));
#7380=FACE_OUTER_BOUND('',#7379,.F.);
#7382=CARTESIAN_POINT('',(-2.352E1,2.45E0,0.E0));
#7383=DIRECTION('',(0.E0,1.E0,0.E0));
#7384=DIRECTION('',(-1.E0,0.E0,0.E0));
#7385=AXIS2_PLACEMENT_3D('',#7382,#7383,#7384);
#7386=CYLINDRICAL_SURFACE('',#7385,1.525E0);
#7387=ORIENTED_EDGE('',*,*,#7263,.T.);
#7389=ORIENTED_EDGE('',*,*,#7388,.F.);
#7390=ORIENTED_EDGE('',*,*,#7213,.F.);
#7392=ORIENTED_EDGE('',*,*,#7391,.T.);
#7393=EDGE_LOOP('',(#7387,#7389,#7390,#7392));
#7394=FACE_OUTER_BOUND('',#7393,.F.);
#7396=CARTESIAN_POINT('',(-2.352E1,2.45E0,0.E0));
#7397=DIRECTION('',(0.E0,1.E0,0.E0));
#7398=DIRECTION('',(-1.E0,0.E0,0.E0));
#7399=AXIS2_PLACEMENT_3D('',#7396,#7397,#7398);
#7400=CYLINDRICAL_SURFACE('',#7399,1.525E0);
#7401=ORIENTED_EDGE('',*,*,#7265,.T.);
#7402=ORIENTED_EDGE('',*,*,#7391,.F.);
#7403=ORIENTED_EDGE('',*,*,#7215,.F.);
#7404=ORIENTED_EDGE('',*,*,#7388,.T.);
#7405=EDGE_LOOP('',(#7401,#7402,#7403,#7404));
#7406=FACE_OUTER_BOUND('',#7405,.F.);
#7408=CARTESIAN_POINT('',(2.352E1,2.45E0,0.E0));
#7409=DIRECTION('',(0.E0,1.E0,0.E0));
#7410=DIRECTION('',(-1.E0,0.E0,0.E0));
#7411=AXIS2_PLACEMENT_3D('',#7408,#7409,#7410);
#7412=CYLINDRICAL_SURFACE('',#7411,1.525E0);
#7413=ORIENTED_EDGE('',*,*,#7269,.T.);
#7415=ORIENTED_EDGE('',*,*,#7414,.F.);
#7416=ORIENTED_EDGE('',*,*,#7219,.F.);
#7418=ORIENTED_EDGE('',*,*,#7417,.T.);
#7419=EDGE_LOOP('',(#7413,#7415,#7416,#7418));
#7420=FACE_OUTER_BOUND('',#7419,.F.);
#7422=CARTESIAN_POINT('',(2.352E1,2.45E0,0.E0));
#7423=DIRECTION('',(0.E0,1.E0,0.E0));
#7424=DIRECTION('',(-1.E0,0.E0,0.E0));
#7425=AXIS2_PLACEMENT_3D('',#7422,#7423,#7424);
#7426=CYLINDRICAL_SURFACE('',#7425,1.525E0);
#7427=ORIENTED_EDGE('',*,*,#7271,.T.);
#7428=ORIENTED_EDGE('',*,*,#7417,.F.);
#7429=ORIENTED_EDGE('',*,*,#7221,.F.);
#7430=ORIENTED_EDGE('',*,*,#7414,.T.);
#7431=EDGE_LOOP('',(#7427,#7428,#7429,#7430));
#7432=FACE_OUTER_BOUND('',#7431,.F.);
#7434=CARTESIAN_POINT('',(1.737277648743E1,1.55E0,3.36E0));
#7435=DIRECTION('',(0.E0,1.E0,0.E0));
#7436=DIRECTION('',(-4.406752754242E-2,0.E0,9.990285546551E-1));
#7437=AXIS2_PLACEMENT_3D('',#7434,#7435,#7436);
#7438=TOROIDAL_SURFACE('',#7437,2.5E0,5.E-1);
#7440=ORIENTED_EDGE('',*,*,#7439,.F.);
#7442=ORIENTED_EDGE('',*,*,#7441,.T.);
#7443=ORIENTED_EDGE('',*,*,#7275,.T.);
#7445=ORIENTED_EDGE('',*,*,#7444,.F.);
#7446=EDGE_LOOP('',(#7440,#7442,#7443,#7445));
#7447=FACE_OUTER_BOUND('',#7446,.F.);
#7449=CARTESIAN_POINT('',(1.737277648743E1,-2.05E0,3.36E0));
#7450=DIRECTION('',(0.E0,1.E0,0.E0));
#7451=DIRECTION('',(1.E0,0.E0,0.E0));
#7452=AXIS2_PLACEMENT_3D('',#7449,#7450,#7451);
#7453=CYLINDRICAL_SURFACE('',#7452,2.E0);
#7454=ORIENTED_EDGE('',*,*,#7439,.T.);
#7456=ORIENTED_EDGE('',*,*,#7455,.F.);
#7458=ORIENTED_EDGE('',*,*,#7457,.T.);
#7460=ORIENTED_EDGE('',*,*,#7459,.T.);
#7461=EDGE_LOOP('',(#7454,#7456,#7458,#7460));
#7462=FACE_OUTER_BOUND('',#7461,.F.);
#7464=CARTESIAN_POINT('',(1.934277648743E1,-2.05E0,3.705108678535E0));
#7465=DIRECTION('',(9.85E-1,0.E0,1.725543392674E-1));
#7466=DIRECTION('',(1.725543392674E-1,0.E0,-9.85E-1));
#7467=AXIS2_PLACEMENT_3D('',#7464,#7465,#7466);
#7468=PLANE('',#7467);
#7470=ORIENTED_EDGE('',*,*,#7469,.T.);
#7472=ORIENTED_EDGE('',*,*,#7471,.F.);
#7474=ORIENTED_EDGE('',*,*,#7473,.T.);
#7475=ORIENTED_EDGE('',*,*,#7455,.T.);
#7476=EDGE_LOOP('',(#7470,#7472,#7474,#7475));
#7477=FACE_OUTER_BOUND('',#7476,.F.);
#7479=CARTESIAN_POINT('',(1.982006347472E1,1.55E0,3.878226999726E0));
#7480=DIRECTION('',(1.725543392674E-1,0.E0,-9.85E-1));
#7481=DIRECTION('',(-9.85E-1,0.E0,-1.725543392674E-1));
#7482=AXIS2_PLACEMENT_3D('',#7479,#7480,#7481);
#7483=CYLINDRICAL_SURFACE('',#7482,5.E-1);
#7484=ORIENTED_EDGE('',*,*,#7469,.F.);
#7485=ORIENTED_EDGE('',*,*,#7444,.T.);
#7486=ORIENTED_EDGE('',*,*,#7287,.T.);
#7488=ORIENTED_EDGE('',*,*,#7487,.F.);
#7489=EDGE_LOOP('',(#7484,#7485,#7486,#7488));
#7490=FACE_OUTER_BOUND('',#7489,.F.);
#7492=CARTESIAN_POINT('',(1.855E1,1.55E0,-3.36E0));
#7493=DIRECTION('',(0.E0,1.E0,0.E0));
#7494=DIRECTION('',(9.764390832371E-1,0.E0,2.157932267870E-1));
#7495=AXIS2_PLACEMENT_3D('',#7492,#7493,#7494);
#7496=TOROIDAL_SURFACE('',#7495,2.5E0,5.E-1);
#7498=ORIENTED_EDGE('',*,*,#7497,.F.);
#7499=ORIENTED_EDGE('',*,*,#7487,.T.);
#7500=ORIENTED_EDGE('',*,*,#7285,.T.);
#7502=ORIENTED_EDGE('',*,*,#7501,.F.);
#7503=EDGE_LOOP('',(#7498,#7499,#7500,#7502));
#7504=FACE_OUTER_BOUND('',#7503,.F.);
#7506=CARTESIAN_POINT('',(1.855E1,-2.05E0,-3.36E0));
#7507=DIRECTION('',(0.E0,1.E0,0.E0));
#7508=DIRECTION('',(1.E0,0.E0,0.E0));
#7509=AXIS2_PLACEMENT_3D('',#7506,#7507,#7508);
#7510=CYLINDRICAL_SURFACE('',#7509,2.E0);
#7511=ORIENTED_EDGE('',*,*,#7497,.T.);
#7513=ORIENTED_EDGE('',*,*,#7512,.F.);
#7515=ORIENTED_EDGE('',*,*,#7514,.T.);
#7516=ORIENTED_EDGE('',*,*,#7471,.T.);
#7517=EDGE_LOOP('',(#7511,#7513,#7515,#7516));
#7518=FACE_OUTER_BOUND('',#7517,.F.);
#7520=CARTESIAN_POINT('',(1.855E1,-2.05E0,-5.36E0));
#7521=DIRECTION('',(0.E0,0.E0,-1.E0));
#7522=DIRECTION('',(-1.E0,0.E0,0.E0));
#7523=AXIS2_PLACEMENT_3D('',#7520,#7521,#7522);
#7524=PLANE('',#7523);
#7526=ORIENTED_EDGE('',*,*,#7525,.T.);
#7528=ORIENTED_EDGE('',*,*,#7527,.F.);
#7530=ORIENTED_EDGE('',*,*,#7529,.T.);
#7531=ORIENTED_EDGE('',*,*,#7512,.T.);
#7532=EDGE_LOOP('',(#7526,#7528,#7530,#7531));
#7533=FACE_OUTER_BOUND('',#7532,.F.);
#7535=CARTESIAN_POINT('',(1.863816360564E1,1.55E0,-5.86E0));
#7536=DIRECTION('',(-1.E0,0.E0,0.E0));
#7537=DIRECTION('',(0.E0,0.E0,1.E0));
#7538=AXIS2_PLACEMENT_3D('',#7535,#7536,#7537);
#7539=CYLINDRICAL_SURFACE('',#7538,5.E-1);
#7540=ORIENTED_EDGE('',*,*,#7525,.F.);
#7541=ORIENTED_EDGE('',*,*,#7501,.T.);
#7542=ORIENTED_EDGE('',*,*,#7283,.T.);
#7544=ORIENTED_EDGE('',*,*,#7543,.F.);
#7545=EDGE_LOOP('',(#7540,#7541,#7542,#7544));
#7546=FACE_OUTER_BOUND('',#7545,.F.);
#7548=CARTESIAN_POINT('',(-1.855E1,1.55E0,-3.36E0));
#7549=DIRECTION('',(0.E0,1.E0,0.E0));
#7550=DIRECTION('',(4.406752754242E-2,0.E0,-9.990285546551E-1));
#7551=AXIS2_PLACEMENT_3D('',#7548,#7549,#7550);
#7552=TOROIDAL_SURFACE('',#7551,2.5E0,5.E-1);
#7554=ORIENTED_EDGE('',*,*,#7553,.F.);
#7555=ORIENTED_EDGE('',*,*,#7543,.T.);
#7556=ORIENTED_EDGE('',*,*,#7281,.T.);
#7557=ORIENTED_EDGE('',*,*,#6989,.F.);
#7558=EDGE_LOOP('',(#7554,#7555,#7556,#7557));
#7559=FACE_OUTER_BOUND('',#7558,.F.);
#7561=CARTESIAN_POINT('',(-1.855E1,-2.05E0,-3.36E0));
#7562=DIRECTION('',(0.E0,1.E0,0.E0));
#7563=DIRECTION('',(1.E0,0.E0,0.E0));
#7564=AXIS2_PLACEMENT_3D('',#7561,#7562,#7563);
#7565=CYLINDRICAL_SURFACE('',#7564,2.E0);
#7566=ORIENTED_EDGE('',*,*,#7553,.T.);
#7567=ORIENTED_EDGE('',*,*,#7006,.F.);
#7569=ORIENTED_EDGE('',*,*,#7568,.T.);
#7570=ORIENTED_EDGE('',*,*,#7527,.T.);
#7571=EDGE_LOOP('',(#7566,#7567,#7569,#7570));
#7572=FACE_OUTER_BOUND('',#7571,.F.);
#7574=CARTESIAN_POINT('',(-1.855E1,-5.E-2,-3.36E0));
#7575=DIRECTION('',(-6.432128965259E-1,0.E0,7.656873838211E-1));
#7576=DIRECTION('',(-7.656873838211E-1,0.E0,-6.432128965259E-1));
#7577=AXIS2_PLACEMENT_3D('',#7574,#7575,#7576);
#7578=SPHERICAL_SURFACE('',#7577,2.E0);
#7579=ORIENTED_EDGE('',*,*,#7568,.F.);
#7580=ORIENTED_EDGE('',*,*,#7019,.F.);
#7582=ORIENTED_EDGE('',*,*,#7581,.T.);
#7583=EDGE_LOOP('',(#7579,#7580,#7582));
#7584=FACE_OUTER_BOUND('',#7583,.F.);
#7586=CARTESIAN_POINT('',(-1.865205475624E1,-5.E-2,-3.36E0));
#7587=DIRECTION('',(1.E0,0.E0,0.E0));
#7588=DIRECTION('',(0.E0,-1.E0,0.E0));
#7589=AXIS2_PLACEMENT_3D('',#7586,#7587,#7588);
#7590=CYLINDRICAL_SURFACE('',#7589,2.E0);
#7592=ORIENTED_EDGE('',*,*,#7591,.T.);
#7593=ORIENTED_EDGE('',*,*,#6873,.T.);
#7595=ORIENTED_EDGE('',*,*,#7594,.T.);
#7596=ORIENTED_EDGE('',*,*,#7529,.F.);
#7597=ORIENTED_EDGE('',*,*,#7581,.F.);
#7598=ORIENTED_EDGE('',*,*,#6857,.T.);
#7599=EDGE_LOOP('',(#7592,#7593,#7595,#7596,#7597,#7598));
#7600=FACE_OUTER_BOUND('',#7599,.F.);
#7602=CARTESIAN_POINT('',(-1.735958950328E1,-2.05E0,-3.36E0));
#7603=DIRECTION('',(0.E0,0.E0,-1.E0));
#7604=DIRECTION('',(1.E0,0.E0,0.E0));
#7605=AXIS2_PLACEMENT_3D('',#7602,#7603,#7604);
#7606=PLANE('',#7605);
#7607=ORIENTED_EDGE('',*,*,#7591,.F.);
#7609=ORIENTED_EDGE('',*,*,#7608,.T.);
#7611=ORIENTED_EDGE('',*,*,#7610,.T.);
#7613=ORIENTED_EDGE('',*,*,#7612,.F.);
#7614=EDGE_LOOP('',(#7607,#7609,#7611,#7613));
#7615=FACE_OUTER_BOUND('',#7614,.F.);
#7617=CARTESIAN_POINT('',(-1.735958950328E1,-2.05E0,-2.36E0));
#7618=DIRECTION('',(0.E0,-1.E0,0.E0));
#7619=DIRECTION('',(1.E0,0.E0,0.E0));
#7620=AXIS2_PLACEMENT_3D('',#7617,#7618,#7619);
#7621=CYLINDRICAL_SURFACE('',#7620,1.E0);
#7622=ORIENTED_EDGE('',*,*,#6855,.F.);
#7623=ORIENTED_EDGE('',*,*,#7036,.T.);
#7624=ORIENTED_EDGE('',*,*,#7077,.T.);
#7625=ORIENTED_EDGE('',*,*,#7608,.F.);
#7626=EDGE_LOOP('',(#7622,#7623,#7624,#7625));
#7627=FACE_OUTER_BOUND('',#7626,.F.);
#7629=CARTESIAN_POINT('',(-1.865205475624E1,-5.E-2,-3.36E0));
#7630=DIRECTION('',(1.E0,0.E0,0.E0));
#7631=DIRECTION('',(0.E0,-1.E0,0.E0));
#7632=AXIS2_PLACEMENT_3D('',#7629,#7630,#7631);
#7633=CYLINDRICAL_SURFACE('',#7632,1.6E0);
#7634=ORIENTED_EDGE('',*,*,#7610,.F.);
#7635=ORIENTED_EDGE('',*,*,#7080,.F.);
#7637=ORIENTED_EDGE('',*,*,#7636,.T.);
#7639=ORIENTED_EDGE('',*,*,#7638,.T.);
#7641=ORIENTED_EDGE('',*,*,#7640,.F.);
#7642=ORIENTED_EDGE('',*,*,#7092,.F.);
#7643=EDGE_LOOP('',(#7634,#7635,#7637,#7639,#7641,#7642));
#7644=FACE_OUTER_BOUND('',#7643,.F.);
#7646=CARTESIAN_POINT('',(-1.855E1,-5.E-2,-3.36E0));
#7647=DIRECTION('',(-6.432128965259E-1,0.E0,7.656873838211E-1));
#7648=DIRECTION('',(-7.656873838211E-1,0.E0,-6.432128965259E-1));
#7649=AXIS2_PLACEMENT_3D('',#7646,#7647,#7648);
#7650=SPHERICAL_SURFACE('',#7649,1.6E0);
#7652=ORIENTED_EDGE('',*,*,#7651,.T.);
#7653=ORIENTED_EDGE('',*,*,#7636,.F.);
#7654=ORIENTED_EDGE('',*,*,#7053,.T.);
#7655=EDGE_LOOP('',(#7652,#7653,#7654));
#7656=FACE_OUTER_BOUND('',#7655,.F.);
#7658=CARTESIAN_POINT('',(-1.855E1,-2.05E0,-3.36E0));
#7659=DIRECTION('',(0.E0,1.E0,0.E0));
#7660=DIRECTION('',(1.E0,0.E0,0.E0));
#7661=AXIS2_PLACEMENT_3D('',#7658,#7659,#7660);
#7662=CYLINDRICAL_SURFACE('',#7661,1.6E0);
#7664=ORIENTED_EDGE('',*,*,#7663,.T.);
#7666=ORIENTED_EDGE('',*,*,#7665,.F.);
#7667=ORIENTED_EDGE('',*,*,#7651,.F.);
#7669=ORIENTED_EDGE('',*,*,#7668,.T.);
#7670=EDGE_LOOP('',(#7664,#7666,#7667,#7669));
#7671=FACE_OUTER_BOUND('',#7670,.F.);
#7673=CARTESIAN_POINT('',(-1.855E1,1.45E0,-3.36E0));
#7674=DIRECTION('',(0.E0,1.E0,0.E0));
#7675=DIRECTION('',(-9.693815492544E-1,0.E0,2.455593858217E-1));
#7676=AXIS2_PLACEMENT_3D('',#7673,#7674,#7675);
#7677=TOROIDAL_SURFACE('',#7676,2.6E0,1.E0);
#7678=ORIENTED_EDGE('',*,*,#7200,.T.);
#7680=ORIENTED_EDGE('',*,*,#7679,.T.);
#7681=ORIENTED_EDGE('',*,*,#7663,.F.);
#7683=ORIENTED_EDGE('',*,*,#7682,.F.);
#7684=EDGE_LOOP('',(#7678,#7680,#7681,#7683));
#7685=FACE_OUTER_BOUND('',#7684,.F.);
#7687=CARTESIAN_POINT('',(-1.866947901381E1,1.45E0,-5.96E0));
#7688=DIRECTION('',(1.E0,0.E0,0.E0));
#7689=DIRECTION('',(0.E0,1.E0,0.E0));
#7690=AXIS2_PLACEMENT_3D('',#7687,#7688,#7689);
#7691=CYLINDRICAL_SURFACE('',#7690,1.E0);
#7692=ORIENTED_EDGE('',*,*,#7198,.T.);
#7694=ORIENTED_EDGE('',*,*,#7693,.T.);
#7696=ORIENTED_EDGE('',*,*,#7695,.F.);
#7697=ORIENTED_EDGE('',*,*,#7679,.F.);
#7698=EDGE_LOOP('',(#7692,#7694,#7696,#7697));
#7699=FACE_OUTER_BOUND('',#7698,.F.);
#7701=CARTESIAN_POINT('',(1.855E1,1.45E0,-3.36E0));
#7702=DIRECTION('',(0.E0,1.E0,0.E0));
#7703=DIRECTION('',(-7.460500230479E-2,0.E0,-9.972131635870E-1));
#7704=AXIS2_PLACEMENT_3D('',#7701,#7702,#7703);
#7705=TOROIDAL_SURFACE('',#7704,2.6E0,1.E0);
#7706=ORIENTED_EDGE('',*,*,#7196,.T.);
#7708=ORIENTED_EDGE('',*,*,#7707,.T.);
#7710=ORIENTED_EDGE('',*,*,#7709,.F.);
#7711=ORIENTED_EDGE('',*,*,#7693,.F.);
#7712=EDGE_LOOP('',(#7706,#7708,#7710,#7711));
#7713=FACE_OUTER_BOUND('',#7712,.F.);
#7715=CARTESIAN_POINT('',(2.113161662228E1,1.45E0,-3.029045546508E0));
#7716=DIRECTION('',(-1.725543392674E-1,0.E0,9.85E-1));
#7717=DIRECTION('',(0.E0,1.E0,0.E0));
#7718=AXIS2_PLACEMENT_3D('',#7715,#7716,#7717);
#7719=CYLINDRICAL_SURFACE('',#7718,1.E0);
#7720=ORIENTED_EDGE('',*,*,#7209,.T.);
#7721=ORIENTED_EDGE('',*,*,#7168,.T.);
#7723=ORIENTED_EDGE('',*,*,#7722,.F.);
#7724=ORIENTED_EDGE('',*,*,#7707,.F.);
#7725=EDGE_LOOP('',(#7720,#7721,#7723,#7724));
#7726=FACE_OUTER_BOUND('',#7725,.F.);
#7728=CARTESIAN_POINT('',(1.894877648743E1,-2.05E0,3.636086942828E0));
#7729=DIRECTION('',(9.85E-1,0.E0,1.725543392674E-1));
#7730=DIRECTION('',(1.725543392674E-1,0.E0,-9.85E-1));
#7731=AXIS2_PLACEMENT_3D('',#7728,#7729,#7730);
#7732=PLANE('',#7731);
#7733=ORIENTED_EDGE('',*,*,#7722,.T.);
#7734=ORIENTED_EDGE('',*,*,#7153,.T.);
#7736=ORIENTED_EDGE('',*,*,#7735,.F.);
#7738=ORIENTED_EDGE('',*,*,#7737,.T.);
#7739=EDGE_LOOP('',(#7733,#7734,#7736,#7738));
#7740=FACE_OUTER_BOUND('',#7739,.F.);
#7742=CARTESIAN_POINT('',(1.856760999103E1,-5.E-2,-3.460523934893E0));
#7743=DIRECTION('',(-1.725543392674E-1,0.E0,9.85E-1));
#7744=DIRECTION('',(0.E0,-1.E0,0.E0));
#7745=AXIS2_PLACEMENT_3D('',#7742,#7743,#7744);
#7746=CYLINDRICAL_SURFACE('',#7745,1.6E0);
#7748=ORIENTED_EDGE('',*,*,#7747,.F.);
#7749=ORIENTED_EDGE('',*,*,#7094,.F.);
#7751=ORIENTED_EDGE('',*,*,#7750,.T.);
#7752=ORIENTED_EDGE('',*,*,#7735,.T.);
#7753=ORIENTED_EDGE('',*,*,#7138,.F.);
#7754=ORIENTED_EDGE('',*,*,#7106,.F.);
#7755=EDGE_LOOP('',(#7748,#7749,#7751,#7752,#7753,#7754));
#7756=FACE_OUTER_BOUND('',#7755,.F.);
#7758=CARTESIAN_POINT('',(1.834458950328E1,-2.05E0,-2.187445660733E0));
#7759=DIRECTION('',(9.85E-1,0.E0,1.725543392674E-1));
#7760=DIRECTION('',(-1.725543392674E-1,0.E0,9.85E-1));
#7761=AXIS2_PLACEMENT_3D('',#7758,#7759,#7760);
#7762=PLANE('',#7761);
#7764=ORIENTED_EDGE('',*,*,#7763,.F.);
#7766=ORIENTED_EDGE('',*,*,#7765,.T.);
#7767=ORIENTED_EDGE('',*,*,#7747,.T.);
#7769=ORIENTED_EDGE('',*,*,#7768,.F.);
#7770=EDGE_LOOP('',(#7764,#7766,#7767,#7769));
#7771=FACE_OUTER_BOUND('',#7770,.F.);
#7773=CARTESIAN_POINT('',(1.856760999103E1,-5.E-2,-3.460523934893E0));
#7774=DIRECTION('',(-1.725543392674E-1,0.E0,9.85E-1));
#7775=DIRECTION('',(0.E0,-1.E0,0.E0));
#7776=AXIS2_PLACEMENT_3D('',#7773,#7774,#7775);
#7777=CYLINDRICAL_SURFACE('',#7776,2.E0);
#7778=ORIENTED_EDGE('',*,*,#7763,.T.);
#7779=ORIENTED_EDGE('',*,*,#6887,.T.);
#7781=ORIENTED_EDGE('',*,*,#7780,.T.);
#7782=ORIENTED_EDGE('',*,*,#7473,.F.);
#7784=ORIENTED_EDGE('',*,*,#7783,.F.);
#7785=ORIENTED_EDGE('',*,*,#6871,.T.);
#7786=EDGE_LOOP('',(#7778,#7779,#7781,#7782,#7784,#7785));
#7787=FACE_OUTER_BOUND('',#7786,.F.);
#7789=CARTESIAN_POINT('',(1.737277648743E1,-5.E-2,3.36E0));
#7790=DIRECTION('',(7.656873836569E-1,0.E0,-6.432128967213E-1));
#7791=DIRECTION('',(6.432128967213E-1,0.E0,7.656873836569E-1));
#7792=AXIS2_PLACEMENT_3D('',#7789,#7790,#7791);
#7793=SPHERICAL_SURFACE('',#7792,2.E0);
#7794=ORIENTED_EDGE('',*,*,#7457,.F.);
#7795=ORIENTED_EDGE('',*,*,#7780,.F.);
#7796=ORIENTED_EDGE('',*,*,#6933,.T.);
#7797=EDGE_LOOP('',(#7794,#7795,#7796));
#7798=FACE_OUTER_BOUND('',#7797,.F.);
#7800=CARTESIAN_POINT('',(1.855E1,-5.E-2,-3.36E0));
#7801=DIRECTION('',(-6.432128966955E-1,0.E0,-7.656873836786E-1));
#7802=DIRECTION('',(7.656873836786E-1,0.E0,-6.432128966955E-1));
#7803=AXIS2_PLACEMENT_3D('',#7800,#7801,#7802);
#7804=SPHERICAL_SURFACE('',#7803,2.E0);
#7805=ORIENTED_EDGE('',*,*,#7514,.F.);
#7806=ORIENTED_EDGE('',*,*,#7594,.F.);
#7807=ORIENTED_EDGE('',*,*,#7783,.T.);
#7808=EDGE_LOOP('',(#7805,#7806,#7807));
#7809=FACE_OUTER_BOUND('',#7808,.F.);
#7811=CARTESIAN_POINT('',(1.735958950328E1,-2.05E0,-2.36E0));
#7812=DIRECTION('',(0.E0,-1.E0,0.E0));
#7813=DIRECTION('',(1.E0,0.E0,0.E0));
#7814=AXIS2_PLACEMENT_3D('',#7811,#7812,#7813);
#7815=CYLINDRICAL_SURFACE('',#7814,1.E0);
#7816=ORIENTED_EDGE('',*,*,#6869,.F.);
#7817=ORIENTED_EDGE('',*,*,#7612,.T.);
#7818=ORIENTED_EDGE('',*,*,#7090,.T.);
#7819=ORIENTED_EDGE('',*,*,#7765,.F.);
#7820=EDGE_LOOP('',(#7816,#7817,#7818,#7819));
#7821=FACE_OUTER_BOUND('',#7820,.F.);
#7823=CARTESIAN_POINT('',(1.653273013136E1,-2.05E0,2.36E0));
#7824=DIRECTION('',(0.E0,-1.E0,0.E0));
#7825=DIRECTION('',(1.E0,0.E0,0.E0));
#7826=AXIS2_PLACEMENT_3D('',#7823,#7824,#7825);
#7827=CYLINDRICAL_SURFACE('',#7826,1.E0);
#7828=ORIENTED_EDGE('',*,*,#6883,.F.);
#7829=ORIENTED_EDGE('',*,*,#7768,.T.);
#7830=ORIENTED_EDGE('',*,*,#7104,.T.);
#7831=ORIENTED_EDGE('',*,*,#6914,.F.);
#7832=EDGE_LOOP('',(#7828,#7829,#7830,#7831));
#7833=FACE_OUTER_BOUND('',#7832,.F.);
#7835=CARTESIAN_POINT('',(1.855E1,-5.E-2,-3.36E0));
#7836=DIRECTION('',(-6.432128966955E-1,0.E0,-7.656873836786E-1));
#7837=DIRECTION('',(7.656873836786E-1,0.E0,-6.432128966955E-1));
#7838=AXIS2_PLACEMENT_3D('',#7835,#7836,#7837);
#7839=SPHERICAL_SURFACE('',#7838,1.6E0);
#7841=ORIENTED_EDGE('',*,*,#7840,.T.);
#7842=ORIENTED_EDGE('',*,*,#7750,.F.);
#7843=ORIENTED_EDGE('',*,*,#7640,.T.);
#7844=EDGE_LOOP('',(#7841,#7842,#7843));
#7845=FACE_OUTER_BOUND('',#7844,.F.);
#7847=CARTESIAN_POINT('',(1.855E1,-2.05E0,-3.36E0));
#7848=DIRECTION('',(0.E0,1.E0,0.E0));
#7849=DIRECTION('',(1.E0,0.E0,0.E0));
#7850=AXIS2_PLACEMENT_3D('',#7847,#7848,#7849);
#7851=CYLINDRICAL_SURFACE('',#7850,1.6E0);
#7852=ORIENTED_EDGE('',*,*,#7709,.T.);
#7853=ORIENTED_EDGE('',*,*,#7737,.F.);
#7854=ORIENTED_EDGE('',*,*,#7840,.F.);
#7856=ORIENTED_EDGE('',*,*,#7855,.T.);
#7857=EDGE_LOOP('',(#7852,#7853,#7854,#7856));
#7858=FACE_OUTER_BOUND('',#7857,.F.);
#7860=CARTESIAN_POINT('',(1.855E1,-2.05E0,-4.96E0));
#7861=DIRECTION('',(0.E0,0.E0,-1.E0));
#7862=DIRECTION('',(-1.E0,0.E0,0.E0));
#7863=AXIS2_PLACEMENT_3D('',#7860,#7861,#7862);
#7864=PLANE('',#7863);
#7865=ORIENTED_EDGE('',*,*,#7695,.T.);
#7866=ORIENTED_EDGE('',*,*,#7855,.F.);
#7867=ORIENTED_EDGE('',*,*,#7638,.F.);
#7868=ORIENTED_EDGE('',*,*,#7665,.T.);
#7869=EDGE_LOOP('',(#7865,#7866,#7867,#7868));
#7870=FACE_OUTER_BOUND('',#7869,.F.);
#7872=CARTESIAN_POINT('',(-1.991315986515E1,1.45E0,3.926328110699E0));
#7873=DIRECTION('',(-1.725543392674E-1,0.E0,-9.85E-1));
#7874=DIRECTION('',(0.E0,1.E0,0.E0));
#7875=AXIS2_PLACEMENT_3D('',#7872,#7873,#7874);
#7876=CYLINDRICAL_SURFACE('',#7875,1.E0);
#7877=ORIENTED_EDGE('',*,*,#7202,.T.);
#7878=ORIENTED_EDGE('',*,*,#7682,.T.);
#7880=ORIENTED_EDGE('',*,*,#7879,.F.);
#7882=ORIENTED_EDGE('',*,*,#7881,.F.);
#7883=EDGE_LOOP('',(#7877,#7878,#7880,#7882));
#7884=FACE_OUTER_BOUND('',#7883,.F.);
#7886=CARTESIAN_POINT('',(-2.0126E1,-2.05E0,-3.083913057172E0));
#7887=DIRECTION('',(-9.85E-1,0.E0,1.725543392674E-1));
#7888=DIRECTION('',(1.725543392674E-1,0.E0,9.85E-1));
#7889=AXIS2_PLACEMENT_3D('',#7886,#7887,#7888);
#7890=PLANE('',#7889);
#7891=ORIENTED_EDGE('',*,*,#7879,.T.);
#7892=ORIENTED_EDGE('',*,*,#7668,.F.);
#7893=ORIENTED_EDGE('',*,*,#7051,.F.);
#7895=ORIENTED_EDGE('',*,*,#7894,.T.);
#7896=EDGE_LOOP('',(#7891,#7892,#7893,#7895));
#7897=FACE_OUTER_BOUND('',#7896,.F.);
#7899=CARTESIAN_POINT('',(-1.737277648743E1,-2.05E0,3.36E0));
#7900=DIRECTION('',(0.E0,1.E0,0.E0));
#7901=DIRECTION('',(1.E0,0.E0,0.E0));
#7902=AXIS2_PLACEMENT_3D('',#7899,#7900,#7901);
#7903=CYLINDRICAL_SURFACE('',#7902,1.6E0);
#7905=ORIENTED_EDGE('',*,*,#7904,.T.);
#7906=ORIENTED_EDGE('',*,*,#7894,.F.);
#7908=ORIENTED_EDGE('',*,*,#7907,.F.);
#7910=ORIENTED_EDGE('',*,*,#7909,.T.);
#7911=EDGE_LOOP('',(#7905,#7906,#7908,#7910));
#7912=FACE_OUTER_BOUND('',#7911,.F.);
#7914=CARTESIAN_POINT('',(-1.737277648743E1,1.45E0,3.36E0));
#7915=DIRECTION('',(0.E0,1.E0,0.E0));
#7916=DIRECTION('',(7.460500230480E-2,0.E0,9.972131635870E-1));
#7917=AXIS2_PLACEMENT_3D('',#7914,#7915,#7916);
#7918=TOROIDAL_SURFACE('',#7917,2.6E0,1.E0);
#7919=ORIENTED_EDGE('',*,*,#7204,.T.);
#7920=ORIENTED_EDGE('',*,*,#7881,.T.);
#7921=ORIENTED_EDGE('',*,*,#7904,.F.);
#7923=ORIENTED_EDGE('',*,*,#7922,.F.);
#7924=EDGE_LOOP('',(#7919,#7920,#7921,#7923));
#7925=FACE_OUTER_BOUND('',#7924,.F.);
#7927=CARTESIAN_POINT('',(1.749225550125E1,1.45E0,5.96E0));
#7928=DIRECTION('',(-1.E0,0.E0,0.E0));
#7929=DIRECTION('',(0.E0,1.E0,0.E0));
#7930=AXIS2_PLACEMENT_3D('',#7927,#7928,#7929);
#7931=CYLINDRICAL_SURFACE('',#7930,1.E0);
#7932=ORIENTED_EDGE('',*,*,#7206,.T.);
#7933=ORIENTED_EDGE('',*,*,#7922,.T.);
#7935=ORIENTED_EDGE('',*,*,#7934,.F.);
#7936=ORIENTED_EDGE('',*,*,#7165,.F.);
#7937=EDGE_LOOP('',(#7932,#7933,#7935,#7936));
#7938=FACE_OUTER_BOUND('',#7937,.F.);
#7940=CARTESIAN_POINT('',(-1.737277648743E1,-2.05E0,4.96E0));
#7941=DIRECTION('',(0.E0,0.E0,1.E0));
#7942=DIRECTION('',(1.E0,0.E0,0.E0));
#7943=AXIS2_PLACEMENT_3D('',#7940,#7941,#7942);
#7944=PLANE('',#7943);
#7945=ORIENTED_EDGE('',*,*,#7934,.T.);
#7946=ORIENTED_EDGE('',*,*,#7909,.F.);
#7947=ORIENTED_EDGE('',*,*,#7122,.F.);
#7948=ORIENTED_EDGE('',*,*,#7150,.T.);
#7949=EDGE_LOOP('',(#7945,#7946,#7947,#7948));
#7950=FACE_OUTER_BOUND('',#7949,.F.);
#7952=CARTESIAN_POINT('',(-1.737277648743E1,-5.E-2,3.36E0));
#7953=DIRECTION('',(7.656873838428E-1,0.E0,6.432128965001E-1));
#7954=DIRECTION('',(-6.432128965001E-1,0.E0,7.656873838428E-1));
#7955=AXIS2_PLACEMENT_3D('',#7952,#7953,#7954);
#7956=SPHERICAL_SURFACE('',#7955,1.6E0);
#7957=ORIENTED_EDGE('',*,*,#7907,.T.);
#7958=ORIENTED_EDGE('',*,*,#7049,.F.);
#7959=ORIENTED_EDGE('',*,*,#7124,.T.);
#7960=EDGE_LOOP('',(#7957,#7958,#7959));
#7961=FACE_OUTER_BOUND('',#7960,.F.);
#7963=CARTESIAN_POINT('',(-1.737277648743E1,-2.05E0,5.36E0));
#7964=DIRECTION('',(0.E0,0.E0,1.E0));
#7965=DIRECTION('',(1.E0,0.E0,0.E0));
#7966=AXIS2_PLACEMENT_3D('',#7963,#7964,#7965);
#7967=PLANE('',#7966);
#7969=ORIENTED_EDGE('',*,*,#7968,.T.);
#7970=ORIENTED_EDGE('',*,*,#7459,.F.);
#7971=ORIENTED_EDGE('',*,*,#6931,.T.);
#7972=ORIENTED_EDGE('',*,*,#6959,.T.);
#7973=EDGE_LOOP('',(#7969,#7970,#7971,#7972));
#7974=FACE_OUTER_BOUND('',#7973,.F.);
#7976=CARTESIAN_POINT('',(-1.746094009308E1,1.55E0,5.86E0));
#7977=DIRECTION('',(1.E0,0.E0,0.E0));
#7978=DIRECTION('',(0.E0,0.E0,-1.E0));
#7979=AXIS2_PLACEMENT_3D('',#7976,#7977,#7978);
#7980=CYLINDRICAL_SURFACE('',#7979,5.E-1);
#7981=ORIENTED_EDGE('',*,*,#7968,.F.);
#7982=ORIENTED_EDGE('',*,*,#6977,.T.);
#7983=ORIENTED_EDGE('',*,*,#7277,.T.);
#7984=ORIENTED_EDGE('',*,*,#7441,.F.);
#7985=EDGE_LOOP('',(#7981,#7982,#7983,#7984));
#7986=FACE_OUTER_BOUND('',#7985,.F.);
#7988=CLOSED_SHELL('',(#6849,#6863,#6877,#6891,#6906,#6921,#6938,#6951,#6966,
#6981,#6996,#7010,#7026,#7040,#7059,#7071,#7084,#7098,#7112,#7129,#7142,#7157,
#7172,#7225,#7240,#7291,#7304,#7317,#7330,#7343,#7356,#7369,#7381,#7395,#7407,
#7421,#7433,#7448,#7463,#7478,#7491,#7505,#7519,#7534,#7547,#7560,#7573,#7585,
#7601,#7616,#7628,#7645,#7657,#7672,#7686,#7700,#7714,#7727,#7741,#7757,#7772,
#7788,#7799,#7810,#7822,#7834,#7846,#7859,#7871,#7885,#7898,#7913,#7926,#7939,
#7951,#7962,#7975,#7987));
#7989=MANIFOLD_SOLID_BREP('',#7988);
#7990=(LENGTH_UNIT()NAMED_UNIT(*)SI_UNIT(.MILLI.,.METRE.));
#7991=DIMENSIONAL_EXPONENTS(0.E0,0.E0,0.E0,0.E0,0.E0,0.E0,0.E0);
#7992=(NAMED_UNIT(*)PLANE_ANGLE_UNIT()SI_UNIT($,.RADIAN.));
#7993=PLANE_ANGLE_MEASURE_WITH_UNIT(PLANE_ANGLE_MEASURE(1.745329251994E-2),
#7992);
#7994=(CONVERSION_BASED_UNIT('DEGREE',#7993)NAMED_UNIT(#7991)PLANE_ANGLE_UNIT(
));
#7995=(NAMED_UNIT(*)SI_UNIT($,.STERADIAN.)SOLID_ANGLE_UNIT());
#7996=UNCERTAINTY_MEASURE_WITH_UNIT(LENGTH_MEASURE(5.469749208499E-3),#7990,
'closure',
'Maximum model space distance between geometric entities at asserted connectivities');
#7998=CARTESIAN_POINT('',(0.E0,0.E0,0.E0));
#7999=DIRECTION('',(0.E0,0.E0,1.E0));
#8000=DIRECTION('',(1.E0,0.E0,0.E0));
#8003=DESIGN_CONTEXT('',#4257,'design');
#8004=MECHANICAL_CONTEXT('',#4257,'mechanical');
#8005=PRODUCT('100-25FEMALE-BACKSHELL','100-25FEMALE-BACKSHELL','NOT SPECIFIED',
(#8004));
#8006=PRODUCT_DEFINITION_FORMATION_WITH_SPECIFIED_SOURCE('6','LAST_VERSION',
#8005,.MADE.);
#8012=CARTESIAN_POINT('',(0.E0,5.55E0,5.965504790679E-2));
#8013=DIRECTION('',(0.E0,0.E0,1.E0));
#8014=DIRECTION('',(-1.E0,0.E0,0.E0));
#8015=AXIS2_PLACEMENT_3D('',#8012,#8013,#8014);
#8016=ITEM_DEFINED_TRANSFORMATION('','',#8001,#8015);
#8017=(REPRESENTATION_RELATIONSHIP('','',#8002,#4268)REPRESENTATION_RELATIONSHIP_WITH_TRANSFORMATION(#8016)SHAPE_REPRESENTATION_RELATIONSHIP());
#8018=CONTEXT_DEPENDENT_SHAPE_REPRESENTATION(#8017,#8011);
#8019=DIRECTION('',(0.E0,-1.E0,0.E0));
#8020=VECTOR('',#8019,2.1E0);
#8021=CARTESIAN_POINT('',(3.991101212559E-1,7.65E0,2.666666666667E-2));
#8022=LINE('',#8021,#8020);
#8023=CARTESIAN_POINT('',(3.991101212559E-1,5.55E0,2.666666666667E-2));
#8024=CARTESIAN_POINT('',(3.991101212559E-1,5.442829008110E0,
2.666666666667E-2));
#8025=CARTESIAN_POINT('',(3.989208783031E-1,5.259330470562E0,
6.189599870743E-2));
#8026=CARTESIAN_POINT('',(3.603693313479E-1,5.045095137106E0,
2.046249908440E-1));
#8027=CARTESIAN_POINT('',(2.137844223361E-1,4.984919649494E0,
3.607058624712E-1));
#8028=CARTESIAN_POINT('',(7.390594055294E-2,4.99E0,4.E-1));
#8029=CARTESIAN_POINT('',(0.E0,4.99E0,4.E-1));
#8031=CARTESIAN_POINT('',(0.E0,4.99E0,4.E-1));
#8032=CARTESIAN_POINT('',(-7.458395990891E-2,4.99E0,4.E-1));
#8033=CARTESIAN_POINT('',(-2.155147538299E-1,4.984444321422E0,
3.601911080656E-1));
#8034=CARTESIAN_POINT('',(-3.622780295560E-1,5.047969069615E0,
2.011014338095E-1));
#8035=CARTESIAN_POINT('',(-3.986978435844E-1,5.262272467021E0,
6.124618002185E-2));
#8036=CARTESIAN_POINT('',(-3.991101212559E-1,5.444127025870E0,
2.666666666667E-2));
#8037=CARTESIAN_POINT('',(-3.991101212559E-1,5.55E0,2.666666666667E-2));
#8039=DIRECTION('',(0.E0,-1.E0,0.E0));
#8040=VECTOR('',#8039,2.1E0);
#8041=CARTESIAN_POINT('',(-3.991101212559E-1,7.65E0,2.666666666667E-2));
#8042=LINE('',#8041,#8040);
#8043=CARTESIAN_POINT('',(0.E0,7.65E0,0.E0));
#8044=DIRECTION('',(0.E0,-1.E0,0.E0));
#8045=DIRECTION('',(-9.977753031397E-1,0.E0,6.666666666667E-2));
#8046=AXIS2_PLACEMENT_3D('',#8043,#8044,#8045);
#8048=CARTESIAN_POINT('',(0.E0,7.65E0,0.E0));
#8049=DIRECTION('',(0.E0,-1.E0,0.E0));
#8050=DIRECTION('',(1.E0,0.E0,0.E0));
#8051=AXIS2_PLACEMENT_3D('',#8048,#8049,#8050);
#8053=DIRECTION('',(-9.977753031397E-1,0.E0,-6.666666666667E-2));
#8054=VECTOR('',#8053,2.E-1);
#8055=CARTESIAN_POINT('',(5.986651818838E-1,5.55E0,4.E-2));
#8056=LINE('',#8055,#8054);
#8057=DIRECTION('',(0.E0,-1.E0,0.E0));
#8058=VECTOR('',#8057,2.1E0);
#8059=CARTESIAN_POINT('',(5.986651818838E-1,7.65E0,4.E-2));
#8060=LINE('',#8059,#8058);
#8061=CARTESIAN_POINT('',(0.E0,7.65E0,0.E0));
#8062=DIRECTION('',(0.E0,-1.E0,0.E0));
#8063=DIRECTION('',(1.E0,0.E0,0.E0));
#8064=AXIS2_PLACEMENT_3D('',#8061,#8062,#8063);
#8066=CARTESIAN_POINT('',(0.E0,7.65E0,0.E0));
#8067=DIRECTION('',(0.E0,-1.E0,0.E0));
#8068=DIRECTION('',(-9.977753031397E-1,0.E0,6.666666666667E-2));
#8069=AXIS2_PLACEMENT_3D('',#8066,#8067,#8068);
#8071=DIRECTION('',(0.E0,-1.E0,0.E0));
#8072=VECTOR('',#8071,2.1E0);
#8073=CARTESIAN_POINT('',(-5.986651818838E-1,7.65E0,4.E-2));
#8074=LINE('',#8073,#8072);
#8075=CARTESIAN_POINT('',(0.E0,4.99E0,6.E-1));
#8076=CARTESIAN_POINT('',(-1.118759398634E-1,4.99E0,6.E-1));
#8077=CARTESIAN_POINT('',(-3.232721307448E-1,4.984444321422E0,
5.402866620984E-1));
#8078=CARTESIAN_POINT('',(-5.434170443341E-1,5.047969069615E0,
3.016521507142E-1));
#8079=CARTESIAN_POINT('',(-5.980467653766E-1,5.262272467021E0,
9.186927003277E-2));
#8080=CARTESIAN_POINT('',(-5.986651818838E-1,5.444127025870E0,4.E-2));
#8081=CARTESIAN_POINT('',(-5.986651818838E-1,5.55E0,4.E-2));
#8083=CARTESIAN_POINT('',(5.986651818838E-1,5.55E0,4.E-2));
#8084=CARTESIAN_POINT('',(5.986651818838E-1,5.442829008110E0,4.E-2));
#8085=CARTESIAN_POINT('',(5.983813174546E-1,5.259330470562E0,
9.284399806114E-2));
#8086=CARTESIAN_POINT('',(5.405539970219E-1,5.045095137106E0,
3.069374862660E-1));
#8087=CARTESIAN_POINT('',(3.206766335041E-1,4.984919649494E0,
5.410587937068E-1));
#8088=CARTESIAN_POINT('',(1.108589108294E-1,4.99E0,6.E-1));
#8089=CARTESIAN_POINT('',(0.E0,4.99E0,6.E-1));
#8091=DIRECTION('',(-9.977753031397E-1,0.E0,-6.666666666667E-2));
#8092=VECTOR('',#8091,2.E-1);
#8093=CARTESIAN_POINT('',(5.986651818838E-1,7.65E0,4.E-2));
#8094=LINE('',#8093,#8092);
#8095=DIRECTION('',(-1.E0,0.E0,0.E0));
#8096=VECTOR('',#8095,2.E-1);
#8097=CARTESIAN_POINT('',(6.E-1,7.65E0,0.E0));
#8098=LINE('',#8097,#8096);
#8099=DIRECTION('',(0.E0,-1.E0,0.E0));
#8100=VECTOR('',#8099,6.E0);
#8101=CARTESIAN_POINT('',(6.E-1,7.65E0,0.E0));
#8102=LINE('',#8101,#8100);
#8103=CARTESIAN_POINT('',(0.E0,7.65E0,0.E0));
#8104=DIRECTION('',(0.E0,1.E0,0.E0));
#8105=DIRECTION('',(1.E0,0.E0,0.E0));
#8106=AXIS2_PLACEMENT_3D('',#8103,#8104,#8105);
#8108=DIRECTION('',(0.E0,-1.E0,0.E0));
#8109=VECTOR('',#8108,6.E0);
#8110=CARTESIAN_POINT('',(-6.E-1,7.65E0,0.E0));
#8111=LINE('',#8110,#8109);
#8112=CARTESIAN_POINT('',(0.E0,1.65E0,0.E0));
#8113=DIRECTION('',(0.E0,-1.E0,0.E0));
#8114=DIRECTION('',(1.E0,0.E0,0.E0));
#8115=AXIS2_PLACEMENT_3D('',#8112,#8113,#8114);
#8117=CARTESIAN_POINT('',(0.E0,1.65E0,0.E0));
#8118=DIRECTION('',(0.E0,1.E0,0.E0));
#8119=DIRECTION('',(1.E0,0.E0,0.E0));
#8120=AXIS2_PLACEMENT_3D('',#8117,#8118,#8119);
#8122=DIRECTION('',(0.E0,-1.E0,0.E0));
#8123=VECTOR('',#8122,1.65E0);
#8124=CARTESIAN_POINT('',(7.E-1,1.65E0,0.E0));
#8125=LINE('',#8124,#8123);
#8126=CARTESIAN_POINT('',(0.E0,1.65E0,0.E0));
#8127=DIRECTION('',(0.E0,1.E0,0.E0));
#8128=DIRECTION('',(1.E0,0.E0,0.E0));
#8129=AXIS2_PLACEMENT_3D('',#8126,#8127,#8128);
#8131=DIRECTION('',(0.E0,-1.E0,0.E0));
#8132=VECTOR('',#8131,1.65E0);
#8133=CARTESIAN_POINT('',(-7.E-1,1.65E0,0.E0));
#8134=LINE('',#8133,#8132);
#8135=CARTESIAN_POINT('',(0.E0,1.65E0,0.E0));
#8136=DIRECTION('',(0.E0,-1.E0,0.E0));
#8137=DIRECTION('',(1.E0,0.E0,0.E0));
#8138=AXIS2_PLACEMENT_3D('',#8135,#8136,#8137);
#8140=CARTESIAN_POINT('',(0.E0,0.E0,0.E0));
#8141=DIRECTION('',(0.E0,-1.E0,0.E0));
#8142=DIRECTION('',(1.E0,0.E0,0.E0));
#8143=AXIS2_PLACEMENT_3D('',#8140,#8141,#8142);
#8145=CARTESIAN_POINT('',(0.E0,0.E0,0.E0));
#8146=DIRECTION('',(0.E0,1.E0,0.E0));
#8147=DIRECTION('',(1.E0,0.E0,0.E0));
#8148=AXIS2_PLACEMENT_3D('',#8145,#8146,#8147);
#8150=CARTESIAN_POINT('',(0.E0,0.E0,0.E0));
#8151=DIRECTION('',(0.E0,-1.E0,0.E0));
#8152=DIRECTION('',(0.E0,0.E0,1.E0));
#8153=AXIS2_PLACEMENT_3D('',#8150,#8151,#8152);
#8155=CARTESIAN_POINT('',(0.E0,0.E0,0.E0));
#8156=DIRECTION('',(0.E0,-1.E0,0.E0));
#8157=DIRECTION('',(0.E0,0.E0,-1.E0));
#8158=AXIS2_PLACEMENT_3D('',#8155,#8156,#8157);
#8160=DIRECTION('',(0.E0,1.E0,0.E0));
#8161=VECTOR('',#8160,2.E-1);
#8162=CARTESIAN_POINT('',(0.E0,0.E0,4.5E-1));
#8163=LINE('',#8162,#8161);
#8164=DIRECTION('',(0.E0,1.E0,0.E0));
#8165=VECTOR('',#8164,2.E-1);
#8166=CARTESIAN_POINT('',(0.E0,0.E0,-4.5E-1));
#8167=LINE('',#8166,#8165);
#8168=CARTESIAN_POINT('',(0.E0,2.E-1,0.E0));
#8169=DIRECTION('',(0.E0,-1.E0,0.E0));
#8170=DIRECTION('',(1.E0,0.E0,0.E0));
#8171=AXIS2_PLACEMENT_3D('',#8168,#8169,#8170);
#8173=CARTESIAN_POINT('',(0.E0,2.E-1,0.E0));
#8174=DIRECTION('',(0.E0,1.E0,0.E0));
#8175=DIRECTION('',(1.E0,0.E0,0.E0));
#8176=AXIS2_PLACEMENT_3D('',#8173,#8174,#8175);
#8178=CARTESIAN_POINT('',(0.E0,2.E-1,0.E0));
#8179=DIRECTION('',(0.E0,-1.E0,0.E0));
#8180=DIRECTION('',(0.E0,0.E0,1.E0));
#8181=AXIS2_PLACEMENT_3D('',#8178,#8179,#8180);
#8183=CARTESIAN_POINT('',(0.E0,2.E-1,0.E0));
#8184=DIRECTION('',(0.E0,-1.E0,0.E0));
#8185=DIRECTION('',(0.E0,0.E0,-1.E0));
#8186=AXIS2_PLACEMENT_3D('',#8183,#8184,#8185);
#8188=CARTESIAN_POINT('',(0.E0,1.45E0,0.E0));
#8189=DIRECTION('',(0.E0,-1.E0,0.E0));
#8190=DIRECTION('',(1.E0,0.E0,0.E0));
#8191=AXIS2_PLACEMENT_3D('',#8188,#8189,#8190);
#8193=DIRECTION('',(0.E0,-1.E0,0.E0));
#8194=VECTOR('',#8193,1.25E0);
#8195=CARTESIAN_POINT('',(5.E-1,1.45E0,0.E0));
#8196=LINE('',#8195,#8194);
#8197=DIRECTION('',(0.E0,-1.E0,0.E0));
#8198=VECTOR('',#8197,1.25E0);
#8199=CARTESIAN_POINT('',(-5.E-1,1.45E0,0.E0));
#8200=LINE('',#8199,#8198);
#8201=CARTESIAN_POINT('',(0.E0,1.45E0,0.E0));
#8202=DIRECTION('',(0.E0,1.E0,0.E0));
#8203=DIRECTION('',(1.E0,0.E0,0.E0));
#8204=AXIS2_PLACEMENT_3D('',#8201,#8202,#8203);
#8206=CARTESIAN_POINT('',(0.E0,1.45E0,0.E0));
#8207=DIRECTION('',(0.E0,-1.E0,0.E0));
#8208=DIRECTION('',(1.E0,0.E0,0.E0));
#8209=AXIS2_PLACEMENT_3D('',#8206,#8207,#8208);
#8211=CARTESIAN_POINT('',(0.E0,1.45E0,0.E0));
#8212=DIRECTION('',(0.E0,1.E0,0.E0));
#8213=DIRECTION('',(1.E0,0.E0,0.E0));
#8214=AXIS2_PLACEMENT_3D('',#8211,#8212,#8213);
#8216=DIRECTION('',(0.E0,-1.E0,0.E0));
#8217=VECTOR('',#8216,6.2E0);
#8218=CARTESIAN_POINT('',(4.E-1,7.65E0,0.E0));
#8219=LINE('',#8218,#8217);
#8220=DIRECTION('',(0.E0,-1.E0,0.E0));
#8221=VECTOR('',#8220,6.2E0);
#8222=CARTESIAN_POINT('',(-4.E-1,7.65E0,0.E0));
#8223=LINE('',#8222,#8221);
#8224=CARTESIAN_POINT('',(0.E0,7.65E0,0.E0));
#8225=DIRECTION('',(0.E0,1.E0,0.E0));
#8226=DIRECTION('',(1.E0,0.E0,0.E0));
#8227=AXIS2_PLACEMENT_3D('',#8224,#8225,#8226);
#8229=DIRECTION('',(1.E0,0.E0,0.E0));
#8230=VECTOR('',#8229,2.E-1);
#8231=CARTESIAN_POINT('',(-6.E-1,7.65E0,0.E0));
#8232=LINE('',#8231,#8230);
#8233=DIRECTION('',(9.977753031397E-1,0.E0,-6.666666666667E-2));
#8234=VECTOR('',#8233,2.E-1);
#8235=CARTESIAN_POINT('',(-5.986651818838E-1,7.65E0,4.E-2));
#8236=LINE('',#8235,#8234);
#8237=DIRECTION('',(9.977753031397E-1,0.E0,-6.666666666667E-2));
#8238=VECTOR('',#8237,2.E-1);
#8239=CARTESIAN_POINT('',(-5.986651818838E-1,5.55E0,4.E-2));
#8240=LINE('',#8239,#8238);
#8241=DIRECTION('',(0.E0,0.E0,-1.E0));
#8242=VECTOR('',#8241,2.E-1);
#8243=CARTESIAN_POINT('',(0.E0,4.99E0,6.E-1));
#8244=LINE('',#8243,#8242);
#8245=CARTESIAN_POINT('',(6.E-1,7.65E0,0.E0));
#8246=CARTESIAN_POINT('',(6.E-1,1.65E0,0.E0));
#8247=VERTEX_POINT('',#8245);
#8248=VERTEX_POINT('',#8246);
#8249=CARTESIAN_POINT('',(7.E-1,1.65E0,0.E0));
#8250=CARTESIAN_POINT('',(7.E-1,0.E0,0.E0));
#8251=VERTEX_POINT('',#8249);
#8252=VERTEX_POINT('',#8250);
#8253=CARTESIAN_POINT('',(-6.E-1,7.65E0,0.E0));
#8254=CARTESIAN_POINT('',(-6.E-1,1.65E0,0.E0));
#8255=VERTEX_POINT('',#8253);
#8256=VERTEX_POINT('',#8254);
#8257=CARTESIAN_POINT('',(-7.E-1,1.65E0,0.E0));
#8258=CARTESIAN_POINT('',(-7.E-1,0.E0,0.E0));
#8259=VERTEX_POINT('',#8257);
#8260=VERTEX_POINT('',#8258);
#8261=CARTESIAN_POINT('',(4.E-1,7.65E0,0.E0));
#8262=CARTESIAN_POINT('',(4.E-1,1.45E0,0.E0));
#8263=VERTEX_POINT('',#8261);
#8264=VERTEX_POINT('',#8262);
#8265=CARTESIAN_POINT('',(5.E-1,1.45E0,0.E0));
#8266=CARTESIAN_POINT('',(5.E-1,2.E-1,0.E0));
#8267=VERTEX_POINT('',#8265);
#8268=VERTEX_POINT('',#8266);
#8269=CARTESIAN_POINT('',(-4.E-1,7.65E0,0.E0));
#8270=CARTESIAN_POINT('',(-4.E-1,1.45E0,0.E0));
#8271=VERTEX_POINT('',#8269);
#8272=VERTEX_POINT('',#8270);
#8273=CARTESIAN_POINT('',(-5.E-1,1.45E0,0.E0));
#8274=CARTESIAN_POINT('',(-5.E-1,2.E-1,0.E0));
#8275=VERTEX_POINT('',#8273);
#8276=VERTEX_POINT('',#8274);
#8277=CARTESIAN_POINT('',(5.986651818838E-1,7.65E0,4.E-2));
#8278=CARTESIAN_POINT('',(5.986651818838E-1,5.55E0,4.E-2));
#8279=VERTEX_POINT('',#8277);
#8280=VERTEX_POINT('',#8278);
#8281=CARTESIAN_POINT('',(-5.986651818838E-1,7.65E0,4.E-2));
#8282=CARTESIAN_POINT('',(-5.986651818838E-1,5.55E0,4.E-2));
#8283=VERTEX_POINT('',#8281);
#8284=VERTEX_POINT('',#8282);
#8285=CARTESIAN_POINT('',(3.991101212559E-1,7.65E0,2.666666666667E-2));
#8286=CARTESIAN_POINT('',(3.991101212559E-1,5.55E0,2.666666666667E-2));
#8287=VERTEX_POINT('',#8285);
#8288=VERTEX_POINT('',#8286);
#8289=CARTESIAN_POINT('',(-3.991101212559E-1,7.65E0,2.666666666667E-2));
#8290=CARTESIAN_POINT('',(-3.991101212559E-1,5.55E0,2.666666666667E-2));
#8291=VERTEX_POINT('',#8289);
#8292=VERTEX_POINT('',#8290);
#8293=CARTESIAN_POINT('',(0.E0,0.E0,4.5E-1));
#8294=CARTESIAN_POINT('',(0.E0,0.E0,-4.5E-1));
#8295=VERTEX_POINT('',#8293);
#8296=VERTEX_POINT('',#8294);
#8297=CARTESIAN_POINT('',(0.E0,2.E-1,4.5E-1));
#8298=CARTESIAN_POINT('',(0.E0,2.E-1,-4.5E-1));
#8299=VERTEX_POINT('',#8297);
#8300=VERTEX_POINT('',#8298);
#8301=VERTEX_POINT('',#8089);
#8302=VERTEX_POINT('',#8029);
#8303=CARTESIAN_POINT('',(0.E0,8.0325E0,0.E0));
#8304=DIRECTION('',(0.E0,-1.E0,0.E0));
#8305=DIRECTION('',(1.E0,0.E0,0.E0));
#8306=AXIS2_PLACEMENT_3D('',#8303,#8304,#8305);
#8307=CYLINDRICAL_SURFACE('',#8306,4.E-1);
#8309=ORIENTED_EDGE('',*,*,#8308,.T.);
#8311=ORIENTED_EDGE('',*,*,#8310,.T.);
#8313=ORIENTED_EDGE('',*,*,#8312,.T.);
#8315=ORIENTED_EDGE('',*,*,#8314,.F.);
#8317=ORIENTED_EDGE('',*,*,#8316,.T.);
#8319=ORIENTED_EDGE('',*,*,#8318,.T.);
#8321=ORIENTED_EDGE('',*,*,#8320,.F.);
#8323=ORIENTED_EDGE('',*,*,#8322,.F.);
#8325=ORIENTED_EDGE('',*,*,#8324,.T.);
#8326=EDGE_LOOP('',(#8309,#8311,#8313,#8315,#8317,#8319,#8321,#8323,#8325));
#8327=FACE_OUTER_BOUND('',#8326,.F.);
#8329=CARTESIAN_POINT('',(4.988876515699E-1,6.6E0,3.333333333333E-2));
#8330=DIRECTION('',(-6.666666666667E-2,0.E0,9.977753031397E-1));
#8331=DIRECTION('',(0.E0,-1.E0,0.E0));
#8332=AXIS2_PLACEMENT_3D('',#8329,#8330,#8331);
#8333=PLANE('',#8332);
#8335=ORIENTED_EDGE('',*,*,#8334,.T.);
#8337=ORIENTED_EDGE('',*,*,#8336,.T.);
#8338=ORIENTED_EDGE('',*,*,#8308,.F.);
#8340=ORIENTED_EDGE('',*,*,#8339,.F.);
#8341=EDGE_LOOP('',(#8335,#8337,#8338,#8340));
#8342=FACE_OUTER_BOUND('',#8341,.F.);
#8344=CARTESIAN_POINT('',(0.E0,8.0325E0,0.E0));
#8345=DIRECTION('',(0.E0,-1.E0,0.E0));
#8346=DIRECTION('',(1.E0,0.E0,0.E0));
#8347=AXIS2_PLACEMENT_3D('',#8344,#8345,#8346);
#8348=CYLINDRICAL_SURFACE('',#8347,6.E-1);
#8349=ORIENTED_EDGE('',*,*,#8334,.F.);
#8351=ORIENTED_EDGE('',*,*,#8350,.F.);
#8353=ORIENTED_EDGE('',*,*,#8352,.T.);
#8355=ORIENTED_EDGE('',*,*,#8354,.T.);
#8357=ORIENTED_EDGE('',*,*,#8356,.F.);
#8359=ORIENTED_EDGE('',*,*,#8358,.F.);
#8361=ORIENTED_EDGE('',*,*,#8360,.T.);
#8363=ORIENTED_EDGE('',*,*,#8362,.F.);
#8365=ORIENTED_EDGE('',*,*,#8364,.F.);
#8366=EDGE_LOOP('',(#8349,#8351,#8353,#8355,#8357,#8359,#8361,#8363,#8365));
#8367=FACE_OUTER_BOUND('',#8366,.F.);
#8369=CARTESIAN_POINT('',(0.E0,7.65E0,5.E-1));
#8370=DIRECTION('',(0.E0,1.E0,0.E0));
#8371=DIRECTION('',(0.E0,0.E0,1.E0));
#8372=AXIS2_PLACEMENT_3D('',#8369,#8370,#8371);
#8373=PLANE('',#8372);
#8374=ORIENTED_EDGE('',*,*,#8339,.T.);
#8375=ORIENTED_EDGE('',*,*,#8324,.F.);
#8377=ORIENTED_EDGE('',*,*,#8376,.F.);
#8378=ORIENTED_EDGE('',*,*,#8350,.T.);
#8379=EDGE_LOOP('',(#8374,#8375,#8377,#8378));
#8380=FACE_OUTER_BOUND('',#8379,.F.);
#8382=CARTESIAN_POINT('',(0.E0,7.65E0,-5.E-1));
#8383=DIRECTION('',(0.E0,-1.E0,0.E0));
#8384=DIRECTION('',(0.E0,0.E0,-1.E0));
#8385=AXIS2_PLACEMENT_3D('',#8382,#8383,#8384);
#8386=PLANE('',#8385);
#8388=ORIENTED_EDGE('',*,*,#8387,.F.);
#8389=ORIENTED_EDGE('',*,*,#8376,.T.);
#8391=ORIENTED_EDGE('',*,*,#8390,.T.);
#8393=ORIENTED_EDGE('',*,*,#8392,.F.);
#8394=EDGE_LOOP('',(#8388,#8389,#8391,#8393));
#8395=FACE_OUTER_BOUND('',#8394,.F.);
#8397=CARTESIAN_POINT('',(0.E0,8.0325E0,0.E0));
#8398=DIRECTION('',(0.E0,-1.E0,0.E0));
#8399=DIRECTION('',(1.E0,0.E0,0.E0));
#8400=AXIS2_PLACEMENT_3D('',#8397,#8398,#8399);
#8401=CYLINDRICAL_SURFACE('',#8400,6.E-1);
#8402=ORIENTED_EDGE('',*,*,#8352,.F.);
#8403=ORIENTED_EDGE('',*,*,#8387,.T.);
#8404=ORIENTED_EDGE('',*,*,#8356,.T.);
#8406=ORIENTED_EDGE('',*,*,#8405,.F.);
#8407=EDGE_LOOP('',(#8402,#8403,#8404,#8406));
#8408=FACE_OUTER_BOUND('',#8407,.F.);
#8410=CARTESIAN_POINT('',(0.E0,1.65E0,0.E0));
#8411=DIRECTION('',(0.E0,-1.E0,0.E0));
#8412=DIRECTION('',(1.E0,0.E0,0.E0));
#8413=AXIS2_PLACEMENT_3D('',#8410,#8411,#8412);
#8414=PLANE('',#8413);
#8416=ORIENTED_EDGE('',*,*,#8415,.F.);
#8418=ORIENTED_EDGE('',*,*,#8417,.T.);
#8419=EDGE_LOOP('',(#8416,#8418));
#8420=FACE_OUTER_BOUND('',#8419,.F.);
#8421=ORIENTED_EDGE('',*,*,#8354,.F.);
#8422=ORIENTED_EDGE('',*,*,#8405,.T.);
#8423=EDGE_LOOP('',(#8421,#8422));
#8424=FACE_BOUND('',#8423,.F.);
#8426=CARTESIAN_POINT('',(0.E0,8.0325E0,0.E0));
#8427=DIRECTION('',(0.E0,-1.E0,0.E0));
#8428=DIRECTION('',(1.E0,0.E0,0.E0));
#8429=AXIS2_PLACEMENT_3D('',#8426,#8427,#8428);
#8430=CYLINDRICAL_SURFACE('',#8429,7.E-1);
#8432=ORIENTED_EDGE('',*,*,#8431,.F.);
#8433=ORIENTED_EDGE('',*,*,#8415,.T.);
#8435=ORIENTED_EDGE('',*,*,#8434,.T.);
#8437=ORIENTED_EDGE('',*,*,#8436,.F.);
#8438=EDGE_LOOP('',(#8432,#8433,#8435,#8437));
#8439=FACE_OUTER_BOUND('',#8438,.F.);
#8441=CARTESIAN_POINT('',(0.E0,8.0325E0,0.E0));
#8442=DIRECTION('',(0.E0,-1.E0,0.E0));
#8443=DIRECTION('',(1.E0,0.E0,0.E0));
#8444=AXIS2_PLACEMENT_3D('',#8441,#8442,#8443);
#8445=CYLINDRICAL_SURFACE('',#8444,7.E-1);
#8446=ORIENTED_EDGE('',*,*,#8431,.T.);
#8448=ORIENTED_EDGE('',*,*,#8447,.T.);
#8449=ORIENTED_EDGE('',*,*,#8434,.F.);
#8450=ORIENTED_EDGE('',*,*,#8417,.F.);
#8451=EDGE_LOOP('',(#8446,#8448,#8449,#8450));
#8452=FACE_OUTER_BOUND('',#8451,.F.);
#8454=CARTESIAN_POINT('',(0.E0,0.E0,0.E0));
#8455=DIRECTION('',(0.E0,-1.E0,0.E0));
#8456=DIRECTION('',(1.E0,0.E0,0.E0));
#8457=AXIS2_PLACEMENT_3D('',#8454,#8455,#8456);
#8458=PLANE('',#8457);
#8459=ORIENTED_EDGE('',*,*,#8447,.F.);
#8460=ORIENTED_EDGE('',*,*,#8436,.T.);
#8461=EDGE_LOOP('',(#8459,#8460));
#8462=FACE_OUTER_BOUND('',#8461,.F.);
#8464=ORIENTED_EDGE('',*,*,#8463,.T.);
#8466=ORIENTED_EDGE('',*,*,#8465,.T.);
#8467=EDGE_LOOP('',(#8464,#8466));
#8468=FACE_BOUND('',#8467,.F.);
#8470=CARTESIAN_POINT('',(0.E0,0.E0,0.E0));
#8471=DIRECTION('',(0.E0,-1.E0,0.E0));
#8472=DIRECTION('',(0.E0,0.E0,1.E0));
#8473=AXIS2_PLACEMENT_3D('',#8470,#8471,#8472);
#8474=CYLINDRICAL_SURFACE('',#8473,4.5E-1);
#8475=ORIENTED_EDGE('',*,*,#8463,.F.);
#8477=ORIENTED_EDGE('',*,*,#8476,.T.);
#8479=ORIENTED_EDGE('',*,*,#8478,.T.);
#8481=ORIENTED_EDGE('',*,*,#8480,.F.);
#8482=EDGE_LOOP('',(#8475,#8477,#8479,#8481));
#8483=FACE_OUTER_BOUND('',#8482,.F.);
#8485=CARTESIAN_POINT('',(0.E0,0.E0,0.E0));
#8486=DIRECTION('',(0.E0,-1.E0,0.E0));
#8487=DIRECTION('',(0.E0,0.E0,1.E0));
#8488=AXIS2_PLACEMENT_3D('',#8485,#8486,#8487);
#8489=CYLINDRICAL_SURFACE('',#8488,4.5E-1);
#8490=ORIENTED_EDGE('',*,*,#8465,.F.);
#8491=ORIENTED_EDGE('',*,*,#8480,.T.);
#8493=ORIENTED_EDGE('',*,*,#8492,.T.);
#8494=ORIENTED_EDGE('',*,*,#8476,.F.);
#8495=EDGE_LOOP('',(#8490,#8491,#8493,#8494));
#8496=FACE_OUTER_BOUND('',#8495,.F.);
#8498=CARTESIAN_POINT('',(0.E0,2.E-1,0.E0));
#8499=DIRECTION('',(0.E0,-1.E0,0.E0));
#8500=DIRECTION('',(1.E0,0.E0,0.E0));
#8501=AXIS2_PLACEMENT_3D('',#8498,#8499,#8500);
#8502=PLANE('',#8501);
#8504=ORIENTED_EDGE('',*,*,#8503,.T.);
#8506=ORIENTED_EDGE('',*,*,#8505,.F.);
#8507=EDGE_LOOP('',(#8504,#8506));
#8508=FACE_OUTER_BOUND('',#8507,.F.);
#8509=ORIENTED_EDGE('',*,*,#8478,.F.);
#8510=ORIENTED_EDGE('',*,*,#8492,.F.);
#8511=EDGE_LOOP('',(#8509,#8510));
#8512=FACE_BOUND('',#8511,.F.);
#8514=CARTESIAN_POINT('',(0.E0,8.0325E0,0.E0));
#8515=DIRECTION('',(0.E0,-1.E0,0.E0));
#8516=DIRECTION('',(1.E0,0.E0,0.E0));
#8517=AXIS2_PLACEMENT_3D('',#8514,#8515,#8516);
#8518=CYLINDRICAL_SURFACE('',#8517,5.E-1);
#8520=ORIENTED_EDGE('',*,*,#8519,.F.);
#8522=ORIENTED_EDGE('',*,*,#8521,.T.);
#8524=ORIENTED_EDGE('',*,*,#8523,.T.);
#8525=ORIENTED_EDGE('',*,*,#8503,.F.);
#8526=EDGE_LOOP('',(#8520,#8522,#8524,#8525));
#8527=FACE_OUTER_BOUND('',#8526,.F.);
#8529=CARTESIAN_POINT('',(0.E0,8.0325E0,0.E0));
#8530=DIRECTION('',(0.E0,-1.E0,0.E0));
#8531=DIRECTION('',(1.E0,0.E0,0.E0));
#8532=AXIS2_PLACEMENT_3D('',#8529,#8530,#8531);
#8533=CYLINDRICAL_SURFACE('',#8532,5.E-1);
#8534=ORIENTED_EDGE('',*,*,#8519,.T.);
#8535=ORIENTED_EDGE('',*,*,#8505,.T.);
#8536=ORIENTED_EDGE('',*,*,#8523,.F.);
#8538=ORIENTED_EDGE('',*,*,#8537,.F.);
#8539=EDGE_LOOP('',(#8534,#8535,#8536,#8538));
#8540=FACE_OUTER_BOUND('',#8539,.F.);
#8542=CARTESIAN_POINT('',(0.E0,1.45E0,0.E0));
#8543=DIRECTION('',(0.E0,-1.E0,0.E0));
#8544=DIRECTION('',(1.E0,0.E0,0.E0));
#8545=AXIS2_PLACEMENT_3D('',#8542,#8543,#8544);
#8546=PLANE('',#8545);
#8547=ORIENTED_EDGE('',*,*,#8537,.T.);
#8548=ORIENTED_EDGE('',*,*,#8521,.F.);
#8549=EDGE_LOOP('',(#8547,#8548));
#8550=FACE_OUTER_BOUND('',#8549,.F.);
#8551=ORIENTED_EDGE('',*,*,#8320,.T.);
#8553=ORIENTED_EDGE('',*,*,#8552,.F.);
#8554=EDGE_LOOP('',(#8551,#8553));
#8555=FACE_BOUND('',#8554,.F.);
#8557=CARTESIAN_POINT('',(0.E0,8.0325E0,0.E0));
#8558=DIRECTION('',(0.E0,-1.E0,0.E0));
#8559=DIRECTION('',(1.E0,0.E0,0.E0));
#8560=AXIS2_PLACEMENT_3D('',#8557,#8558,#8559);
#8561=CYLINDRICAL_SURFACE('',#8560,4.E-1);
#8562=ORIENTED_EDGE('',*,*,#8322,.T.);
#8563=ORIENTED_EDGE('',*,*,#8552,.T.);
#8564=ORIENTED_EDGE('',*,*,#8318,.F.);
#8565=ORIENTED_EDGE('',*,*,#8390,.F.);
#8566=EDGE_LOOP('',(#8562,#8563,#8564,#8565));
#8567=FACE_OUTER_BOUND('',#8566,.F.);
#8569=CARTESIAN_POINT('',(0.E0,7.65E0,5.E-1));
#8570=DIRECTION('',(0.E0,1.E0,0.E0));
#8571=DIRECTION('',(0.E0,0.E0,1.E0));
#8572=AXIS2_PLACEMENT_3D('',#8569,#8570,#8571);
#8573=PLANE('',#8572);
#8575=ORIENTED_EDGE('',*,*,#8574,.F.);
#8576=ORIENTED_EDGE('',*,*,#8358,.T.);
#8577=ORIENTED_EDGE('',*,*,#8392,.T.);
#8578=ORIENTED_EDGE('',*,*,#8316,.F.);
#8579=EDGE_LOOP('',(#8575,#8576,#8577,#8578));
#8580=FACE_OUTER_BOUND('',#8579,.F.);
#8582=CARTESIAN_POINT('',(-4.988876515699E-1,6.6E0,3.333333333333E-2));
#8583=DIRECTION('',(-6.666666666667E-2,0.E0,-9.977753031397E-1));
#8584=DIRECTION('',(0.E0,-1.E0,0.E0));
#8585=AXIS2_PLACEMENT_3D('',#8582,#8583,#8584);
#8586=PLANE('',#8585);
#8587=ORIENTED_EDGE('',*,*,#8360,.F.);
#8588=ORIENTED_EDGE('',*,*,#8574,.T.);
#8589=ORIENTED_EDGE('',*,*,#8314,.T.);
#8591=ORIENTED_EDGE('',*,*,#8590,.F.);
#8592=EDGE_LOOP('',(#8587,#8588,#8589,#8591));
#8593=FACE_OUTER_BOUND('',#8592,.F.);
#8595=CARTESIAN_POINT('',(1.269065478313E-1,4.988866249373E0,
7.398723987681E-1));
#8596=CARTESIAN_POINT('',(9.870464151993E-2,4.988866249373E0,
5.754536794114E-1));
#8597=CARTESIAN_POINT('',(7.050273520860E-2,4.988866249373E0,
4.110349600546E-1));
#8598=CARTESIAN_POINT('',(4.230082889726E-2,4.988866249373E0,
2.466162406979E-1));
#8599=CARTESIAN_POINT('',(8.413781578093E-2,4.989752711935E0,
7.466836081748E-1));
#8600=CARTESIAN_POINT('',(6.544022421892E-2,4.989752711935E0,
5.807512625093E-1));
#8601=CARTESIAN_POINT('',(4.674263265690E-2,4.989752711935E0,
4.148189168438E-1));
#8602=CARTESIAN_POINT('',(2.804504109489E-2,4.989752711935E0,
2.488865711782E-1));
#8603=CARTESIAN_POINT('',(-1.004249498858E-1,4.990828810294E0,
7.611413243042E-1));
#8604=CARTESIAN_POINT('',(-7.810793727773E-2,4.990828810294E0,
5.919961014253E-1));
#8605=CARTESIAN_POINT('',(-5.579092466963E-2,4.990828810294E0,
4.228508785464E-1));
#8606=CARTESIAN_POINT('',(-3.347391206153E-2,4.990828810294E0,
2.537056556675E-1));
#8607=CARTESIAN_POINT('',(-4.040933962816E-1,4.984444321422E0,
6.753637307058E-1));
#8608=CARTESIAN_POINT('',(-3.142934269521E-1,4.984444321422E0,
5.252805002899E-1));
#8609=CARTESIAN_POINT('',(-2.244934576226E-1,4.984444321422E0,
3.751972698741E-1));
#8610=CARTESIAN_POINT('',(-1.346934882930E-1,4.984444321422E0,
2.251140394583E-1));
#8611=CARTESIAN_POINT('',(-6.792767398054E-1,5.047969069615E0,
3.770682050349E-1));
#8612=CARTESIAN_POINT('',(-5.283239378985E-1,5.047969069615E0,
2.932739298529E-1));
#8613=CARTESIAN_POINT('',(-3.773711359916E-1,5.047969069615E0,
2.094796546708E-1));
#8614=CARTESIAN_POINT('',(-2.264183340847E-1,5.047969069615E0,
1.256853794887E-1));
#8615=CARTESIAN_POINT('',(-7.475644374277E-1,5.262272467021E0,
1.148375062704E-1));
#8616=CARTESIAN_POINT('',(-5.814363487962E-1,5.262272467021E0,
8.931765210835E-2));
#8617=CARTESIAN_POINT('',(-4.153082601648E-1,5.262272467021E0,
6.379779794628E-2));
#8618=CARTESIAN_POINT('',(-2.491801715334E-1,5.262272467021E0,
3.827794378421E-2));
#8619=CARTESIAN_POINT('',(-7.484391212433E-1,5.468041834437E0,
4.147398751395E-2));
#8620=CARTESIAN_POINT('',(-5.821166553205E-1,5.468041834437E0,
3.225739837640E-2));
#8621=CARTESIAN_POINT('',(-4.157941893978E-1,5.468041834437E0,
2.304080923885E-2));
#8622=CARTESIAN_POINT('',(-2.494717234750E-1,5.468041834437E0,
1.382422010129E-2));
#8623=CARTESIAN_POINT('',(-7.483107274115E-1,5.606725219136E0,
5.224293409424E-2));
#8624=CARTESIAN_POINT('',(-5.820167939079E-1,5.606725219136E0,
4.063320742581E-2));
#8625=CARTESIAN_POINT('',(-4.157228604043E-1,5.606725219136E0,
2.902348075738E-2));
#8626=CARTESIAN_POINT('',(-2.494289269006E-1,5.606725219136E0,
1.741375408895E-2));
#8627=CARTESIAN_POINT('',(-7.484537719167E-1,5.636733211634E0,
5.681756402161E-2));
#8628=CARTESIAN_POINT('',(-5.821280502366E-1,5.636733211634E0,
4.419123665900E-2));
#8629=CARTESIAN_POINT('',(-4.158023285566E-1,5.636733211634E0,
3.156490929640E-2));
#8630=CARTESIAN_POINT('',(-2.494766068765E-1,5.636733211634E0,
1.893858193379E-2));
#8631=B_SPLINE_SURFACE_WITH_KNOTS('',3,3,((#8595,#8596,#8597,#8598),(#8599,
#8600,#8601,#8602),(#8603,#8604,#8605,#8606),(#8607,#8608,#8609,#8610),(#8611,
#8612,#8613,#8614),(#8615,#8616,#8617,#8618),(#8619,#8620,#8621,#8622),(#8623,
#8624,#8625,#8626),(#8627,#8628,#8629,#8630)),.UNSPECIFIED.,.F.,.F.,.F.,(4,1,1,
1,1,1,4),(4,4),(-7.459127471373E-2,0.E0,2.5E-1,5.E-1,7.5E-1,1.E0,
1.065752568202E0),(-7.500300012001E-1,1.750030001200E0),.UNSPECIFIED.);
#8632=ORIENTED_EDGE('',*,*,#8362,.T.);
#8633=ORIENTED_EDGE('',*,*,#8590,.T.);
#8634=ORIENTED_EDGE('',*,*,#8312,.F.);
#8636=ORIENTED_EDGE('',*,*,#8635,.F.);
#8637=EDGE_LOOP('',(#8632,#8633,#8634,#8636));
#8638=FACE_OUTER_BOUND('',#8637,.F.);
#8640=CARTESIAN_POINT('',(7.484767746053E-1,5.631252517210E0,
5.596725348342E-2));
#8641=CARTESIAN_POINT('',(5.821459411349E-1,5.631252517210E0,
4.352988704161E-2));
#8642=CARTESIAN_POINT('',(4.158151076644E-1,5.631252517210E0,
3.109252059980E-2));
#8643=CARTESIAN_POINT('',(2.494842741940E-1,5.631252517210E0,
1.865515415800E-2));
#8644=CARTESIAN_POINT('',(7.483269084409E-1,5.603199971756E0,
5.196546111483E-2));
#8645=CARTESIAN_POINT('',(5.820293790955E-1,5.603199971756E0,
4.041739609509E-2));
#8646=CARTESIAN_POINT('',(4.157318497500E-1,5.603199971756E0,
2.886933107536E-2));
#8647=CARTESIAN_POINT('',(2.494343204045E-1,5.603199971756E0,
1.732126605562E-2));
#8648=CARTESIAN_POINT('',(7.483807398280E-1,5.465208543233E0,
4.194424880779E-2));
#8649=CARTESIAN_POINT('',(5.820712477606E-1,5.465208543233E0,
3.262315548840E-2));
#8650=CARTESIAN_POINT('',(4.157617556933E-1,5.465208543233E0,
2.330206216901E-2));
#8651=CARTESIAN_POINT('',(2.494522636260E-1,5.465208543233E0,
1.398096884963E-2));
#8652=CARTESIAN_POINT('',(7.479826308708E-1,5.259330470562E0,
1.160559260536E-1));
#8653=CARTESIAN_POINT('',(5.817616088762E-1,5.259330470562E0,
9.026530760738E-2));
#8654=CARTESIAN_POINT('',(4.155405868815E-1,5.259330470562E0,
6.447468916120E-2));
#8655=CARTESIAN_POINT('',(2.493195648869E-1,5.259330470562E0,
3.868407071502E-2));
#8656=CARTESIAN_POINT('',(6.756979020336E-1,5.045095137106E0,
3.836749273301E-1));
#8657=CARTESIAN_POINT('',(5.255404101345E-1,5.045095137106E0,
2.984124681467E-1));
#8658=CARTESIAN_POINT('',(3.753829182354E-1,5.045095137106E0,
2.131500089633E-1));
#8659=CARTESIAN_POINT('',(2.252254263363E-1,5.045095137106E0,
1.278875497799E-1));
#8660=CARTESIAN_POINT('',(4.008489987748E-1,4.984919649494E0,
6.763289029379E-1));
#8661=CARTESIAN_POINT('',(3.117700182050E-1,4.984919649494E0,
5.260311863719E-1));
#8662=CARTESIAN_POINT('',(2.226910376352E-1,4.984919649494E0,
3.757334698060E-1));
#8663=CARTESIAN_POINT('',(1.336120570654E-1,4.984919649494E0,
2.254357532401E-1));
#8664=CARTESIAN_POINT('',(9.737518963550E-2,4.990798050864E0,
7.615796251411E-1));
#8665=CARTESIAN_POINT('',(7.573591237141E-2,4.990798050864E0,
5.923370005178E-1));
#8666=CARTESIAN_POINT('',(5.409663510733E-2,4.990798050864E0,
4.230943758944E-1));
#8667=CARTESIAN_POINT('',(3.245735784324E-2,4.990798050864E0,
2.538517512711E-1));
#8668=CARTESIAN_POINT('',(-8.780661486754E-2,4.989749275102E0,
7.463698962604E-1));
#8669=CARTESIAN_POINT('',(-6.829372157458E-2,4.989749275102E0,
5.805072654691E-1));
#8670=CARTESIAN_POINT('',(-4.878082828161E-2,4.989749275102E0,
4.146446346778E-1));
#8671=CARTESIAN_POINT('',(-2.926793498865E-2,4.989749275102E0,
2.487820038865E-1));
#8672=CARTESIAN_POINT('',(-1.324289755224E-1,4.988818663156E0,
7.388966770139E-1));
#8673=CARTESIAN_POINT('',(-1.029998434216E-1,4.988818663156E0,
5.746947881830E-1));
#8674=CARTESIAN_POINT('',(-7.357071132073E-2,4.988818663156E0,
4.104928993521E-1));
#8675=CARTESIAN_POINT('',(-4.414157921987E-2,4.988818663156E0,
2.462910105212E-1));
#8676=B_SPLINE_SURFACE_WITH_KNOTS('',3,3,((#8640,#8641,#8642,#8643),(#8644,
#8645,#8646,#8647),(#8648,#8649,#8650,#8651),(#8652,#8653,#8654,#8655),(#8656,
#8657,#8658,#8659),(#8660,#8661,#8662,#8663),(#8664,#8665,#8666,#8667),(#8668,
#8669,#8670,#8671),(#8672,#8673,#8674,#8675)),.UNSPECIFIED.,.F.,.F.,.F.,(4,1,1,
1,1,1,4),(4,4),(-6.098014573096E-2,0.E0,2.5E-1,5.E-1,7.5E-1,1.E0,
1.078542894094E0),(-7.500300012001E-1,1.750030001200E0),.UNSPECIFIED.);
#8677=ORIENTED_EDGE('',*,*,#8364,.T.);
#8678=ORIENTED_EDGE('',*,*,#8635,.T.);
#8679=ORIENTED_EDGE('',*,*,#8310,.F.);
#8680=ORIENTED_EDGE('',*,*,#8336,.F.);
#8681=EDGE_LOOP('',(#8677,#8678,#8679,#8680));
#8682=FACE_OUTER_BOUND('',#8681,.F.);
#8684=CLOSED_SHELL('',(#8328,#8343,#8368,#8381,#8396,#8409,#8425,#8440,#8453,
#8469,#8484,#8497,#8513,#8528,#8541,#8556,#8568,#8581,#8594,#8639,#8683));
#8685=MANIFOLD_SOLID_BREP('',#8684);
#8686=DIRECTION('',(0.E0,0.E0,-1.E0));
#8687=VECTOR('',#8686,2.328136034663E-1);
#8688=CARTESIAN_POINT('',(2.655775673185E-1,-1.515577567318E0,
5.754272653030E-1));
#8689=LINE('',#8688,#8687);
#8690=DIRECTION('',(0.E0,-3.528853237055E-14,-1.E0));
#8691=VECTOR('',#8690,2.328136034663E-1);
#8692=CARTESIAN_POINT('',(2.655775673185E-1,-1.515577567318E0,
-3.426136618367E-1));
#8693=LINE('',#8692,#8691);
#8694=CARTESIAN_POINT('',(-2.655775673185E-1,-1.515577567318E0,
5.754272653030E-1));
#8695=CARTESIAN_POINT('',(-2.542047688138E-1,-1.862379694257E0,
5.610166302324E-1));
#8696=CARTESIAN_POINT('',(-2.314443976087E-1,-2.553343223438E0,
5.323284150982E-1));
#8697=CARTESIAN_POINT('',(-1.981879930723E-1,-3.581374671302E0,
4.885806475686E-1));
#8698=CARTESIAN_POINT('',(-1.747498078491E-1,-4.262094971410E0,
4.609722513773E-1));
#8699=CARTESIAN_POINT('',(-1.636107358504E-1,-4.601769842080E0,
4.464469018823E-1));
#8701=CARTESIAN_POINT('',(-4.75E-1,-4.6E0,0.E0));
#8702=CARTESIAN_POINT('',(-4.75E-1,-4.6E0,9.637073102030E-2));
#8703=CARTESIAN_POINT('',(-4.148760540225E-1,-4.600125667640E0,
2.883969050152E-1));
#8704=CARTESIAN_POINT('',(-2.540392368677E-1,-4.599748664719E0,
4.131915437692E-1));
#8705=CARTESIAN_POINT('',(-1.636107358504E-1,-4.601769842080E0,
4.464469018823E-1));
#8707=CARTESIAN_POINT('',(1.636104037145E-1,-4.601769842080E0,
4.464470218675E-1));
#8708=CARTESIAN_POINT('',(2.540389030397E-1,-4.599747783253E0,
4.131917127382E-1));
#8709=CARTESIAN_POINT('',(4.148762209365E-1,-4.600126108373E0,
2.883968205307E-1));
#8710=CARTESIAN_POINT('',(4.75E-1,-4.6E0,9.637073102030E-2));
#8711=CARTESIAN_POINT('',(4.75E-1,-4.6E0,0.E0));
#8713=CARTESIAN_POINT('',(1.636104037145E-1,-4.601769842080E0,
4.464470218675E-1));
#8714=CARTESIAN_POINT('',(1.747421743764E-1,-4.262317618380E0,
4.609628504195E-1));
#8715=CARTESIAN_POINT('',(1.981711158869E-1,-3.581894050681E0,
4.885586269700E-1));
#8716=CARTESIAN_POINT('',(2.314277157448E-1,-2.553850569788E0,
5.323072268391E-1));
#8717=CARTESIAN_POINT('',(2.541976403308E-1,-1.862597070222E0,
5.610075976301E-1));
#8718=CARTESIAN_POINT('',(2.655775673185E-1,-1.515577567318E0,
5.754272653030E-1));
#8720=CARTESIAN_POINT('',(-2.655775673185E-1,-1.515577567318E0,
5.754272653030E-1));
#8721=CARTESIAN_POINT('',(-2.655775673185E-1,-1.460866486797E0,
5.785287295719E-1));
#8722=CARTESIAN_POINT('',(-2.312477493349E-1,-1.352170127990E0,
6.021876511371E-1));
#8723=CARTESIAN_POINT('',(-9.059713381616E-2,-1.245736026785E0,
6.491259612811E-1));
#8724=CARTESIAN_POINT('',(9.036253753029E-2,-1.246449211321E0,
6.488940760324E-1));
#8725=CARTESIAN_POINT('',(2.283731939883E-1,-1.348689265074E0,
6.034801861965E-1));
#8726=CARTESIAN_POINT('',(2.655775673185E-1,-1.458979041459E0,
5.786357251607E-1));
#8727=CARTESIAN_POINT('',(2.655775673185E-1,-1.515577567318E0,
5.754272653030E-1));
#8729=DIRECTION('',(0.E0,0.E0,-1.E0));
#8730=VECTOR('',#8729,2.328136034663E-1);
#8731=CARTESIAN_POINT('',(-2.655775673185E-1,-1.515577567318E0,
5.754272653030E-1));
#8732=LINE('',#8731,#8730);
#8733=CARTESIAN_POINT('',(-1.5E-1,-5.04E0,4.289772825411E-1));
#8734=CARTESIAN_POINT('',(-1.547835335508E-1,-4.894130923975E0,
4.350385660782E-1));
#8735=CARTESIAN_POINT('',(-1.588272022996E-1,-4.747638918105E0,
4.403856183451E-1));
#8736=CARTESIAN_POINT('',(-1.636107358504E-1,-4.601769842080E0,
4.464469018823E-1));
#8738=CARTESIAN_POINT('',(-1.5E-1,-5.04E0,-4.289240395731E-1));
#8739=CARTESIAN_POINT('',(-1.547842829534E-1,-4.894108071691E0,
-4.349884766585E-1));
#8740=CARTESIAN_POINT('',(-1.588496223521E-1,-4.747611035905E0,
-4.403593021327E-1));
#8741=CARTESIAN_POINT('',(-1.636339053056E-1,-4.601719107596E0,
-4.464237392180E-1));
#8743=DIRECTION('',(0.E0,-1.716739412621E-13,-1.E0));
#8744=VECTOR('',#8743,2.328136034663E-1);
#8745=CARTESIAN_POINT('',(-2.655775673185E-1,-1.515577567318E0,
-3.426136618367E-1));
#8746=LINE('',#8745,#8744);
#8747=CARTESIAN_POINT('',(2.655775673185E-1,-1.515577567318E0,
3.426136618367E-1));
#8748=CARTESIAN_POINT('',(2.655775673185E-1,-1.462175370266E0,
3.460913845973E-1));
#8749=CARTESIAN_POINT('',(2.333981894751E-1,-1.356303056349E0,
3.805952724644E-1));
#8750=CARTESIAN_POINT('',(9.443761189146E-2,-1.245494075506E0,
4.498342920589E-1));
#8751=CARTESIAN_POINT('',(-9.742460193310E-2,-1.246802934648E0,
4.489338417070E-1));
#8752=CARTESIAN_POINT('',(-2.339594302332E-1,-1.357743307207E0,
3.799391506195E-1));
#8753=CARTESIAN_POINT('',(-2.655775673185E-1,-1.462733227060E0,
3.460550551694E-1));
#8754=CARTESIAN_POINT('',(-2.655775673185E-1,-1.515577567318E0,
3.426136618367E-1));
#8756=CARTESIAN_POINT('',(1.637147377599E-1,-4.621782775491E0,
2.192308141205E-1));
#8757=CARTESIAN_POINT('',(1.976689764177E-1,-3.586382193990E0,
2.603875173284E-1));
#8758=CARTESIAN_POINT('',(2.316232665861E-1,-2.550980041724E0,
3.015046582962E-1));
#8759=CARTESIAN_POINT('',(2.655775673185E-1,-1.515577567318E0,
3.426136618367E-1));
#8761=CARTESIAN_POINT('',(0.E0,-4.621782775491E0,0.E0));
#8762=DIRECTION('',(0.E0,1.E0,0.E0));
#8763=DIRECTION('',(5.983417858936E-1,0.E0,8.012409795147E-1));
#8764=AXIS2_PLACEMENT_3D('',#8761,#8762,#8763);
#8766=CARTESIAN_POINT('',(0.E0,-4.621782775491E0,0.E0));
#8767=DIRECTION('',(0.E0,1.E0,0.E0));
#8768=DIRECTION('',(-1.E0,0.E0,0.E0));
#8769=AXIS2_PLACEMENT_3D('',#8766,#8767,#8768);
#8771=CARTESIAN_POINT('',(-2.655775673185E-1,-1.515577567318E0,
3.426136618367E-1));
#8772=CARTESIAN_POINT('',(-2.316232665861E-1,-2.550980041724E0,
3.015046582962E-1));
#8773=CARTESIAN_POINT('',(-1.976689764177E-1,-3.586382193990E0,
2.603875173284E-1));
#8774=CARTESIAN_POINT('',(-1.637147377599E-1,-4.621782775491E0,
2.192308141205E-1));
#8776=CARTESIAN_POINT('',(1.5E-1,-5.04E0,4.289772825411E-1));
#8777=CARTESIAN_POINT('',(1.547835335508E-1,-4.894130923975E0,
4.350385660782E-1));
#8778=CARTESIAN_POINT('',(1.588268701637E-1,-4.747638918105E0,
4.403857383303E-1));
#8779=CARTESIAN_POINT('',(1.636104037145E-1,-4.601769842080E0,
4.464470218675E-1));
#8781=DIRECTION('',(0.E0,-1.247870287997E-14,-1.E0));
#8782=VECTOR('',#8781,7.117554029802E-2);
#8783=CARTESIAN_POINT('',(1.5E-1,-5.04E0,4.289772825411E-1));
#8784=LINE('',#8783,#8782);
#8785=DIRECTION('',(0.E0,-1.248804458014E-14,-1.E0));
#8786=VECTOR('',#8785,7.112229733009E-2);
#8787=CARTESIAN_POINT('',(1.5E-1,-5.04E0,-3.578017422430E-1));
#8788=LINE('',#8787,#8786);
#8789=CARTESIAN_POINT('',(1.5E-1,-5.04E0,-4.289240395731E-1));
#8790=CARTESIAN_POINT('',(1.547842829534E-1,-4.894108071691E0,
-4.349884766585E-1));
#8791=CARTESIAN_POINT('',(1.588499455250E-1,-4.747611035905E0,
-4.403591853141E-1));
#8792=CARTESIAN_POINT('',(1.636342284784E-1,-4.601719107596E0,
-4.464236223994E-1));
#8794=CARTESIAN_POINT('',(1.5E-1,-5.04E0,4.289772825411E-1));
#8795=CARTESIAN_POINT('',(1.460162403715E-1,-5.161480769382E0,
4.239294039392E-1));
#8796=CARTESIAN_POINT('',(2.283990453300E-1,-5.327386594377E0,
4.170355353197E-1));
#8797=CARTESIAN_POINT('',(3.792966890549E-1,-5.434859205647E0,
4.125697363502E-1));
#8798=CARTESIAN_POINT('',(5.E-1,-5.45E0,4.119405923941E-1));
#8800=CARTESIAN_POINT('',(1.5E-1,-5.04E0,-4.289240395731E-1));
#8801=CARTESIAN_POINT('',(1.460162415987E-1,-5.161480731960E0,
-4.238743273334E-1));
#8802=CARTESIAN_POINT('',(2.283990174969E-1,-5.327386561726E0,
-4.169779521990E-1));
#8803=CARTESIAN_POINT('',(3.792966518403E-1,-5.434859200979E0,
-4.125105284923E-1));
#8804=CARTESIAN_POINT('',(5.E-1,-5.45E0,-4.118811556123E-1));
#8806=CARTESIAN_POINT('',(2.015977282607E-1,-5.25E0,3.971579983736E-1));
#8807=CARTESIAN_POINT('',(2.442758429153E-1,-5.325473624357E0,
3.754945520977E-1));
#8808=CARTESIAN_POINT('',(3.686183211639E-1,-5.424512370470E0,
2.962182784793E-1));
#8809=CARTESIAN_POINT('',(4.837824301703E-1,-5.446615342889E0,
1.185723801912E-4));
#8810=CARTESIAN_POINT('',(3.686179785371E-1,-5.424516094696E0,
-2.962891603972E-1));
#8811=CARTESIAN_POINT('',(2.442683426814E-1,-5.325460360654E0,
-3.754983592226E-1));
#8812=CARTESIAN_POINT('',(2.015977282607E-1,-5.25E0,-3.971579983736E-1));
#8814=CARTESIAN_POINT('',(0.E0,-5.25E0,0.E0));
#8815=DIRECTION('',(0.E0,-1.E0,0.E0));
#8816=DIRECTION('',(4.526275018305E-1,0.E0,-8.916996941721E-1));
#8817=AXIS2_PLACEMENT_3D('',#8814,#8815,#8816);
#8819=CARTESIAN_POINT('',(-1.5E-1,-5.04E0,3.578017422430E-1));
#8820=CARTESIAN_POINT('',(-1.488066577683E-1,-5.076389778994E0,
3.690915026871E-1));
#8821=CARTESIAN_POINT('',(-1.563630953742E-1,-5.149279674420E0,
3.875372163016E-1));
#8822=CARTESIAN_POINT('',(-1.835186810847E-1,-5.218028315535E0,
3.965307792707E-1));
#8823=CARTESIAN_POINT('',(-2.015977282607E-1,-5.25E0,3.971579983736E-1));
#8825=CARTESIAN_POINT('',(-1.637147377599E-1,-4.621782775491E0,
2.192308141205E-1));
#8826=CARTESIAN_POINT('',(-1.622457123872E-1,-4.666579236414E0,
2.356156004755E-1));
#8827=CARTESIAN_POINT('',(-1.592655266048E-1,-4.757457024106E0,
2.672574967218E-1));
#8828=CARTESIAN_POINT('',(-1.546882774867E-1,-4.897035662471E0,
3.130193925107E-1));
#8829=CARTESIAN_POINT('',(-1.515729589521E-1,-4.992034188422E0,
3.429205712882E-1));
#8830=CARTESIAN_POINT('',(-1.5E-1,-5.04E0,3.578017422430E-1));
#8832=CARTESIAN_POINT('',(-1.5E-1,-5.04E0,-3.578017422430E-1));
#8833=CARTESIAN_POINT('',(-1.515693175616E-1,-4.992145228987E0,
-3.429550211093E-1));
#8834=CARTESIAN_POINT('',(-1.546797995291E-1,-4.897294189317E0,
-3.131016841620E-1));
#8835=CARTESIAN_POINT('',(-1.592570023882E-1,-4.757716961577E0,
-2.673454714275E-1));
#8836=CARTESIAN_POINT('',(-1.622420904685E-1,-4.666689683203E0,
-2.356559975740E-1));
#8837=CARTESIAN_POINT('',(-1.637147377599E-1,-4.621782775491E0,
-2.192308141205E-1));
#8839=CARTESIAN_POINT('',(-2.015977282607E-1,-5.25E0,-3.971579983736E-1));
#8840=CARTESIAN_POINT('',(-1.835292742298E-1,-5.218047048862E0,
-3.965311467803E-1));
#8841=CARTESIAN_POINT('',(-1.563733966036E-1,-5.149322312964E0,
-3.875459176758E-1));
#8842=CARTESIAN_POINT('',(-1.488059819315E-1,-5.076410387962E0,
-3.690978965240E-1));
#8843=CARTESIAN_POINT('',(-1.5E-1,-5.04E0,-3.578017422430E-1));
#8845=CARTESIAN_POINT('',(1.5E-1,-5.04E0,-3.578017422430E-1));
#8846=CARTESIAN_POINT('',(1.488486721585E-1,-5.075108592144E0,
-3.686940203988E-1));
#8847=CARTESIAN_POINT('',(1.557327224799E-1,-5.146627170761E0,
-3.869913240228E-1));
#8848=CARTESIAN_POINT('',(1.828599092922E-1,-5.216863318084E0,
-3.965079244019E-1));
#8849=CARTESIAN_POINT('',(2.015977282607E-1,-5.25E0,-3.971579983736E-1));
#8851=CARTESIAN_POINT('',(1.637147377599E-1,-4.621782775491E0,
-2.192308141205E-1));
#8852=CARTESIAN_POINT('',(1.622457123872E-1,-4.666579236414E0,
-2.356156004755E-1));
#8853=CARTESIAN_POINT('',(1.592655266048E-1,-4.757457024106E0,
-2.672574967218E-1));
#8854=CARTESIAN_POINT('',(1.546882774867E-1,-4.897035662471E0,
-3.130193925107E-1));
#8855=CARTESIAN_POINT('',(1.515729589521E-1,-4.992034188422E0,
-3.429205712882E-1));
#8856=CARTESIAN_POINT('',(1.5E-1,-5.04E0,-3.578017422430E-1));
#8858=CARTESIAN_POINT('',(1.5E-1,-5.04E0,3.578017422430E-1));
#8859=CARTESIAN_POINT('',(1.515693175616E-1,-4.992145228987E0,
3.429550211093E-1));
#8860=CARTESIAN_POINT('',(1.546797995291E-1,-4.897294189317E0,
3.131016841620E-1));
#8861=CARTESIAN_POINT('',(1.592570023882E-1,-4.757716961577E0,
2.673454714275E-1));
#8862=CARTESIAN_POINT('',(1.622420904685E-1,-4.666689683203E0,
2.356559975740E-1));
#8863=CARTESIAN_POINT('',(1.637147377599E-1,-4.621782775491E0,
2.192308141205E-1));
#8865=CARTESIAN_POINT('',(2.015977282607E-1,-5.25E0,3.971579983736E-1));
#8866=CARTESIAN_POINT('',(1.828566650245E-1,-5.216857580796E0,
3.965078118480E-1));
#8867=CARTESIAN_POINT('',(1.557296679087E-1,-5.146614103593E0,
3.869886124864E-1));
#8868=CARTESIAN_POINT('',(1.488488789956E-1,-5.075102284854E0,
3.686920635914E-1));
#8869=CARTESIAN_POINT('',(1.5E-1,-5.04E0,3.578017422430E-1));
#8871=CARTESIAN_POINT('',(0.E0,-5.25E0,0.E0));
#8872=DIRECTION('',(0.E0,-1.E0,0.E0));
#8873=DIRECTION('',(-4.526275018305E-1,0.E0,8.916996941721E-1));
#8874=AXIS2_PLACEMENT_3D('',#8871,#8872,#8873);
#8876=CARTESIAN_POINT('',(-4.453943418051E-1,-5.439248307492E0,0.E0));
#8877=CARTESIAN_POINT('',(-4.453943418051E-1,-5.439248307492E0,
6.712142087760E-2));
#8878=CARTESIAN_POINT('',(-4.191869770465E-1,-5.434485161247E0,
1.859386995179E-1));
#8879=CARTESIAN_POINT('',(-3.044436710761E-1,-5.380091641198E0,
3.391537792613E-1));
#8880=CARTESIAN_POINT('',(-2.309653031056E-1,-5.301934752274E0,
3.822509931074E-1));
#8881=CARTESIAN_POINT('',(-2.015977282607E-1,-5.25E0,3.971579983736E-1));
#8883=CARTESIAN_POINT('',(-2.015977282607E-1,-5.25E0,-3.971579983736E-1));
#8884=CARTESIAN_POINT('',(-2.484533106933E-1,-5.332861219530E0,
-3.733740660005E-1));
#8885=CARTESIAN_POINT('',(-3.693817341313E-1,-5.422382462409E0,
-2.874647198058E-1));
#8886=CARTESIAN_POINT('',(-4.453943418051E-1,-5.439248307492E0,
-1.107731167641E-1));
#8887=CARTESIAN_POINT('',(-4.453943418051E-1,-5.439248307492E0,0.E0));
#8889=DIRECTION('',(0.E0,0.E0,-1.E0));
#8890=VECTOR('',#8889,7.112229733009E-2);
#8891=CARTESIAN_POINT('',(-1.5E-1,-5.04E0,-3.578017422430E-1));
#8892=LINE('',#8891,#8890);
#8893=CARTESIAN_POINT('',(-5.E-1,-5.45E0,-4.118811556123E-1));
#8894=CARTESIAN_POINT('',(-3.792966518403E-1,-5.434859200979E0,
-4.125105284923E-1));
#8895=CARTESIAN_POINT('',(-2.283990174969E-1,-5.327386561726E0,
-4.169779521990E-1));
#8896=CARTESIAN_POINT('',(-1.460162415987E-1,-5.161480731960E0,
-4.238743273334E-1));
#8897=CARTESIAN_POINT('',(-1.5E-1,-5.04E0,-4.289240395731E-1));
#8899=CARTESIAN_POINT('',(-5.E-1,-5.45E0,4.119405923941E-1));
#8900=CARTESIAN_POINT('',(-3.792966890549E-1,-5.434859205647E0,
4.125697363502E-1));
#8901=CARTESIAN_POINT('',(-2.283990453300E-1,-5.327386594377E0,
4.170355353197E-1));
#8902=CARTESIAN_POINT('',(-1.460162403715E-1,-5.161480769382E0,
4.239294039392E-1));
#8903=CARTESIAN_POINT('',(-1.5E-1,-5.04E0,4.289772825411E-1));
#8905=DIRECTION('',(0.E0,0.E0,-1.E0));
#8906=VECTOR('',#8905,7.117554029802E-2);
#8907=CARTESIAN_POINT('',(-1.5E-1,-5.04E0,4.289772825411E-1));
#8908=LINE('',#8907,#8906);
#8909=CARTESIAN_POINT('',(0.E0,-5.45E0,0.E0));
#8910=DIRECTION('',(0.E0,1.E0,0.E0));
#8911=DIRECTION('',(-1.E0,0.E0,0.E0));
#8912=AXIS2_PLACEMENT_3D('',#8909,#8910,#8911);
#8914=CARTESIAN_POINT('',(0.E0,-5.45E0,0.E0));
#8915=DIRECTION('',(0.E0,-1.E0,0.E0));
#8916=DIRECTION('',(-1.E0,0.E0,0.E0));
#8917=AXIS2_PLACEMENT_3D('',#8914,#8915,#8916);
#8919=CARTESIAN_POINT('',(-1.636339053056E-1,-4.601719107596E0,
-4.464237392180E-1));
#8920=CARTESIAN_POINT('',(-2.278499468832E-1,-4.671567434275E0,
-4.435202832998E-1));
#8921=CARTESIAN_POINT('',(-3.266324062951E-1,-4.846743372847E0,
-4.372927564558E-1));
#8922=CARTESIAN_POINT('',(-4.553829148157E-1,-5.131881727571E0,
-4.250088637372E-1));
#8923=CARTESIAN_POINT('',(-5.353995239259E-1,-5.341404912008E0,
-4.163952372790E-1));
#8924=CARTESIAN_POINT('',(-5.751553434913E-1,-5.45E0,-4.118811556123E-1));
#8926=CARTESIAN_POINT('',(-5.751127748825E-1,-5.45E0,4.119405923941E-1));
#8927=CARTESIAN_POINT('',(-5.354388604610E-1,-5.341634729772E0,
4.164434839345E-1));
#8928=CARTESIAN_POINT('',(-4.555472247678E-1,-5.132407895277E0,
4.250387841424E-1));
#8929=CARTESIAN_POINT('',(-3.268696681578E-1,-4.847407836735E0,
4.373254333604E-1));
#8930=CARTESIAN_POINT('',(-2.280005849577E-1,-4.671772482399E0,
4.435380889736E-1));
#8931=CARTESIAN_POINT('',(-1.636107358504E-1,-4.601769842080E0,
4.464469018823E-1));
#8933=CARTESIAN_POINT('',(5.751553434913E-1,-5.45E0,-4.118811556123E-1));
#8934=CARTESIAN_POINT('',(5.354792767973E-1,-5.341622761122E0,
-4.163861817249E-1));
#8935=CARTESIAN_POINT('',(4.555832130077E-1,-5.132382783451E0,
-4.249880202657E-1));
#8936=CARTESIAN_POINT('',(3.268930991501E-1,-4.847278643398E0,
-4.372705608397E-1));
#8937=CARTESIAN_POINT('',(2.280193675145E-1,-4.671751932810E0,
-4.435124972444E-1));
#8938=CARTESIAN_POINT('',(1.636342284784E-1,-4.601719107596E0,
-4.464236223994E-1));
#8940=CARTESIAN_POINT('',(0.E0,-5.45E0,0.E0));
#8941=DIRECTION('',(0.E0,-1.E0,0.E0));
#8942=DIRECTION('',(8.130269061107E-1,0.E0,-5.822261158177E-1));
#8943=AXIS2_PLACEMENT_3D('',#8940,#8941,#8942);
#8945=CARTESIAN_POINT('',(0.E0,-5.45E0,0.E0));
#8946=DIRECTION('',(0.E0,1.E0,0.E0));
#8947=DIRECTION('',(8.129667320643E-1,0.E0,5.823101343414E-1));
#8948=AXIS2_PLACEMENT_3D('',#8945,#8946,#8947);
#8950=CARTESIAN_POINT('',(1.636104037145E-1,-4.601769842080E0,
4.464470218675E-1));
#8951=CARTESIAN_POINT('',(2.278314376085E-1,-4.671588367622E0,
4.435458594622E-1));
#8952=CARTESIAN_POINT('',(3.266094700052E-1,-4.846873574438E0,
4.373475775167E-1));
#8953=CARTESIAN_POINT('',(4.553473332979E-1,-5.131907902065E0,
4.250595763098E-1));
#8954=CARTESIAN_POINT('',(5.353592716747E-1,-5.341417341081E0,
4.164525170657E-1));
#8955=CARTESIAN_POINT('',(5.751127748825E-1,-5.45E0,4.119405923941E-1));
#8957=DIRECTION('',(0.E0,0.E0,1.E0));
#8958=VECTOR('',#8957,8.238217480064E-1);
#8959=CARTESIAN_POINT('',(-5.E-1,-5.45E0,-4.118811556123E-1));
#8960=LINE('',#8959,#8958);
#8961=DIRECTION('',(-1.E0,0.E0,0.E0));
#8962=VECTOR('',#8961,7.515534349132E-2);
#8963=CARTESIAN_POINT('',(-5.E-1,-5.45E0,-4.118811556123E-1));
#8964=LINE('',#8963,#8962);
#8965=DIRECTION('',(-1.E0,0.E0,0.E0));
#8966=VECTOR('',#8965,7.511277488252E-2);
#8967=CARTESIAN_POINT('',(-5.E-1,-5.45E0,4.119405923941E-1));
#8968=LINE('',#8967,#8966);
#8969=DIRECTION('',(0.E0,0.E0,1.E0));
#8970=VECTOR('',#8969,8.238217480064E-1);
#8971=CARTESIAN_POINT('',(5.E-1,-5.45E0,-4.118811556123E-1));
#8972=LINE('',#8971,#8970);
#8973=DIRECTION('',(-1.E0,0.E0,0.E0));
#8974=VECTOR('',#8973,7.511277488252E-2);
#8975=CARTESIAN_POINT('',(5.751127748825E-1,-5.45E0,4.119405923941E-1));
#8976=LINE('',#8975,#8974);
#8977=DIRECTION('',(-1.E0,0.E0,0.E0));
#8978=VECTOR('',#8977,7.515534349132E-2);
#8979=CARTESIAN_POINT('',(5.751553434913E-1,-5.45E0,-4.118811556123E-1));
#8980=LINE('',#8979,#8978);
#8981=CARTESIAN_POINT('',(-1.636339053056E-1,-4.601719107596E0,
-4.464237392180E-1));
#8982=CARTESIAN_POINT('',(-1.747645827011E-1,-4.262300221960E0,
-4.609381421509E-1));
#8983=CARTESIAN_POINT('',(-1.981606586686E-1,-3.581902169011E0,
-4.885701574954E-1));
#8984=CARTESIAN_POINT('',(-2.314307035214E-1,-2.553848250265E0,
-5.323039324033E-1));
#8985=CARTESIAN_POINT('',(-2.541976403308E-1,-1.862597070222E0,
-5.610075976301E-1));
#8986=CARTESIAN_POINT('',(-2.655775673185E-1,-1.515577567318E0,
-5.754272653030E-1));
#8988=CARTESIAN_POINT('',(2.655775673185E-1,-1.515577567318E0,
-5.754272653030E-1));
#8989=CARTESIAN_POINT('',(2.655775673185E-1,-1.459495679407E0,
-5.786064379648E-1));
#8990=CARTESIAN_POINT('',(2.290662128376E-1,-1.349731450577E0,
-6.031086437101E-1));
#8991=CARTESIAN_POINT('',(9.122013700448E-2,-1.246550960153E0,
-6.488242689401E-1));
#8992=CARTESIAN_POINT('',(-9.064944391327E-2,-1.245636001278E0,
-6.491763624724E-1));
#8993=CARTESIAN_POINT('',(-2.313054975272E-1,-1.352272009951E0,
-6.021432591580E-1));
#8994=CARTESIAN_POINT('',(-2.655775673185E-1,-1.460933893436E0,
-5.785249084213E-1));
#8995=CARTESIAN_POINT('',(-2.655775673185E-1,-1.515577567318E0,
-5.754272653030E-1));
#8997=CARTESIAN_POINT('',(2.655775673185E-1,-1.515577567318E0,
-5.754272653030E-1));
#8998=CARTESIAN_POINT('',(2.542047688138E-1,-1.862379694257E0,
-5.610166302324E-1));
#8999=CARTESIAN_POINT('',(2.314473841903E-1,-2.553340903914E0,
-5.323251210846E-1));
#9000=CARTESIAN_POINT('',(1.981775400368E-1,-3.581382789635E0,
-4.885921766162E-1));
#9001=CARTESIAN_POINT('',(1.747722072109E-1,-4.262077574983E0,
-4.609475462755E-1));
#9002=CARTESIAN_POINT('',(1.636342284784E-1,-4.601719107596E0,
-4.464236223994E-1));
#9004=CARTESIAN_POINT('',(1.636342284784E-1,-4.601719107596E0,
-4.464236223994E-1));
#9005=CARTESIAN_POINT('',(2.540628240697E-1,-4.599755865780E0,
-4.131650508975E-1));
#9006=CARTESIAN_POINT('',(4.148642604215E-1,-4.600122067110E0,
-2.884101514510E-1));
#9007=CARTESIAN_POINT('',(4.75E-1,-4.6E0,-9.637073102030E-2));
#9008=CARTESIAN_POINT('',(4.75E-1,-4.6E0,0.E0));
#9010=DIRECTION('',(5.140254490858E-2,9.986780153668E-1,0.E0));
#9011=VECTOR('',#9010,3.404500697606E0);
#9012=CARTESIAN_POINT('',(4.75E-1,-4.6E0,0.E0));
#9013=LINE('',#9012,#9011);
#9014=DIRECTION('',(-5.140254490858E-2,9.986780153668E-1,0.E0));
#9015=VECTOR('',#9014,3.404500697606E0);
#9016=CARTESIAN_POINT('',(-4.75E-1,-4.6E0,0.E0));
#9017=LINE('',#9016,#9015);
#9018=CARTESIAN_POINT('',(-4.75E-1,-4.6E0,0.E0));
#9019=CARTESIAN_POINT('',(-4.75E-1,-4.6E0,-9.637073102030E-2));
#9020=CARTESIAN_POINT('',(-4.148644225885E-1,-4.600122495996E0,
-2.884100692977E-1));
#9021=CARTESIAN_POINT('',(-2.540624997357E-1,-4.599755008009E0,
-4.131652152042E-1));
#9022=CARTESIAN_POINT('',(-1.636339053056E-1,-4.601719107596E0,
-4.464237392180E-1));
#9024=DIRECTION('',(0.E0,1.E0,0.E0));
#9025=VECTOR('',#9024,1.2E0);
#9026=CARTESIAN_POINT('',(-6.5E-1,-1.2E0,0.E0));
#9027=LINE('',#9026,#9025);
#9028=CARTESIAN_POINT('',(0.E0,-1.2E0,0.E0));
#9029=DIRECTION('',(0.E0,-1.E0,0.E0));
#9030=DIRECTION('',(-1.E0,0.E0,0.E0));
#9031=AXIS2_PLACEMENT_3D('',#9028,#9029,#9030);
#9033=DIRECTION('',(0.E0,1.E0,0.E0));
#9034=VECTOR('',#9033,1.2E0);
#9035=CARTESIAN_POINT('',(6.5E-1,-1.2E0,0.E0));
#9036=LINE('',#9035,#9034);
#9037=CARTESIAN_POINT('',(0.E0,-1.2E0,0.E0));
#9038=DIRECTION('',(0.E0,1.E0,0.E0));
#9039=DIRECTION('',(-1.E0,0.E0,0.E0));
#9040=AXIS2_PLACEMENT_3D('',#9037,#9038,#9039);
#9042=CARTESIAN_POINT('',(0.E0,0.E0,0.E0));
#9043=DIRECTION('',(0.E0,1.E0,0.E0));
#9044=DIRECTION('',(-1.E0,0.E0,0.E0));
#9045=AXIS2_PLACEMENT_3D('',#9042,#9043,#9044);
#9047=DIRECTION('',(1.E0,0.E0,0.E0));
#9048=VECTOR('',#9047,2.E-1);
#9049=CARTESIAN_POINT('',(-6.5E-1,0.E0,0.E0));
#9050=LINE('',#9049,#9048);
#9051=CARTESIAN_POINT('',(0.E0,0.E0,0.E0));
#9052=DIRECTION('',(0.E0,1.E0,0.E0));
#9053=DIRECTION('',(-1.E0,0.E0,0.E0));
#9054=AXIS2_PLACEMENT_3D('',#9051,#9052,#9053);
#9056=CARTESIAN_POINT('',(0.E0,0.E0,0.E0));
#9057=DIRECTION('',(0.E0,-1.E0,0.E0));
#9058=DIRECTION('',(-1.E0,0.E0,0.E0));
#9059=AXIS2_PLACEMENT_3D('',#9056,#9057,#9058);
#9061=DIRECTION('',(-1.E0,0.E0,0.E0));
#9062=VECTOR('',#9061,2.E-1);
#9063=CARTESIAN_POINT('',(6.5E-1,0.E0,0.E0));
#9064=LINE('',#9063,#9062);
#9065=CARTESIAN_POINT('',(0.E0,0.E0,0.E0));
#9066=DIRECTION('',(0.E0,-1.E0,0.E0));
#9067=DIRECTION('',(-1.E0,0.E0,0.E0));
#9068=AXIS2_PLACEMENT_3D('',#9065,#9066,#9067);
#9070=DIRECTION('',(0.E0,1.E0,0.E0));
#9071=VECTOR('',#9070,1.194856345593E0);
#9072=CARTESIAN_POINT('',(-4.5E-1,-1.194856345593E0,0.E0));
#9073=LINE('',#9072,#9071);
#9074=DIRECTION('',(0.E0,1.E0,0.E0));
#9075=VECTOR('',#9074,1.194856345593E0);
#9076=CARTESIAN_POINT('',(4.5E-1,-1.194856345593E0,0.E0));
#9077=LINE('',#9076,#9075);
#9078=CARTESIAN_POINT('',(0.E0,-1.194856345593E0,0.E0));
#9079=DIRECTION('',(0.E0,-1.E0,0.E0));
#9080=DIRECTION('',(-1.E0,0.E0,0.E0));
#9081=AXIS2_PLACEMENT_3D('',#9078,#9079,#9080);
#9083=CARTESIAN_POINT('',(0.E0,-1.194856345593E0,0.E0));
#9084=DIRECTION('',(0.E0,1.E0,0.E0));
#9085=DIRECTION('',(-1.E0,0.E0,0.E0));
#9086=AXIS2_PLACEMENT_3D('',#9083,#9084,#9085);
#9088=CARTESIAN_POINT('',(-2.655775673185E-1,-1.515577567318E0,
-3.426136618367E-1));
#9089=CARTESIAN_POINT('',(-2.655775673185E-1,-1.465302863468E0,
-3.458877121851E-1));
#9090=CARTESIAN_POINT('',(-2.363504538207E-1,-1.365432939770E0,
-3.767608870586E-1));
#9091=CARTESIAN_POINT('',(-1.158744791061E-1,-1.256497471445E0,
-4.423398262039E-1));
#9092=CARTESIAN_POINT('',(6.890562599497E-2,-1.238812163510E0,
-4.547098076178E-1));
#9093=CARTESIAN_POINT('',(2.187783620924E-1,-1.333866001196E0,
-3.925834825278E-1));
#9094=CARTESIAN_POINT('',(2.655775673185E-1,-1.451160080504E0,
-3.468087356809E-1));
#9095=CARTESIAN_POINT('',(2.655775673185E-1,-1.515577567318E0,
-3.426136618367E-1));
#9097=CARTESIAN_POINT('',(-1.637147377599E-1,-4.621782775491E0,
-2.192308141205E-1));
#9098=CARTESIAN_POINT('',(-1.976689764177E-1,-3.586382193990E0,
-2.603875173284E-1));
#9099=CARTESIAN_POINT('',(-2.316232665861E-1,-2.550980041724E0,
-3.015046582962E-1));
#9100=CARTESIAN_POINT('',(-2.655775673185E-1,-1.515577567318E0,
-3.426136618367E-1));
#9102=CARTESIAN_POINT('',(0.E0,-4.621782775491E0,0.E0));
#9103=DIRECTION('',(0.E0,-1.E0,0.E0));
#9104=DIRECTION('',(-1.E0,0.E0,0.E0));
#9105=AXIS2_PLACEMENT_3D('',#9102,#9103,#9104);
#9107=DIRECTION('',(-5.140254490858E-2,9.986780153668E-1,0.E0));
#9108=VECTOR('',#9107,3.431462770951E0);
#9109=CARTESIAN_POINT('',(-2.736140808141E-1,-4.621782775491E0,0.E0));
#9110=LINE('',#9109,#9108);
#9111=DIRECTION('',(5.140254490858E-2,9.986780153668E-1,0.E0));
#9112=VECTOR('',#9111,3.431462770951E0);
#9113=CARTESIAN_POINT('',(2.736140808141E-1,-4.621782775491E0,0.E0));
#9114=LINE('',#9113,#9112);
#9115=CARTESIAN_POINT('',(0.E0,-4.621782775491E0,0.E0));
#9116=DIRECTION('',(0.E0,-1.E0,0.E0));
#9117=DIRECTION('',(5.983417858936E-1,0.E0,-8.012409795147E-1));
#9118=AXIS2_PLACEMENT_3D('',#9115,#9116,#9117);
#9120=CARTESIAN_POINT('',(2.655775673185E-1,-1.515577567318E0,
-3.426136618367E-1));
#9121=CARTESIAN_POINT('',(2.316232665861E-1,-2.550980041724E0,
-3.015046582962E-1));
#9122=CARTESIAN_POINT('',(1.976689764177E-1,-3.586382193990E0,
-2.603875173284E-1));
#9123=CARTESIAN_POINT('',(1.637147377599E-1,-4.621782775491E0,
-2.192308141205E-1));
#9125=CARTESIAN_POINT('',(-4.75E-1,-4.6E0,0.E0));
#9126=CARTESIAN_POINT('',(-6.5E-1,-1.2E0,0.E0));
#9127=VERTEX_POINT('',#9125);
#9128=VERTEX_POINT('',#9126);
#9129=CARTESIAN_POINT('',(-6.5E-1,0.E0,0.E0));
#9130=VERTEX_POINT('',#9129);
#9131=CARTESIAN_POINT('',(4.75E-1,-4.6E0,0.E0));
#9132=CARTESIAN_POINT('',(6.5E-1,-1.2E0,0.E0));
#9133=VERTEX_POINT('',#9131);
#9134=VERTEX_POINT('',#9132);
#9135=CARTESIAN_POINT('',(6.5E-1,0.E0,0.E0));
#9136=VERTEX_POINT('',#9135);
#9137=CARTESIAN_POINT('',(-2.736140808141E-1,-4.621782775491E0,0.E0));
#9138=CARTESIAN_POINT('',(-4.5E-1,-1.194856345593E0,0.E0));
#9139=VERTEX_POINT('',#9137);
#9140=VERTEX_POINT('',#9138);
#9141=CARTESIAN_POINT('',(-4.5E-1,0.E0,0.E0));
#9142=VERTEX_POINT('',#9141);
#9143=CARTESIAN_POINT('',(2.736140808141E-1,-4.621782775491E0,0.E0));
#9144=CARTESIAN_POINT('',(4.5E-1,-1.194856345593E0,0.E0));
#9145=VERTEX_POINT('',#9143);
#9146=VERTEX_POINT('',#9144);
#9147=CARTESIAN_POINT('',(4.5E-1,0.E0,0.E0));
#9148=VERTEX_POINT('',#9147);
#9149=VERTEX_POINT('',#8720);
#9150=VERTEX_POINT('',#8727);
#9151=VERTEX_POINT('',#8988);
#9152=VERTEX_POINT('',#8995);
#9153=VERTEX_POINT('',#8825);
#9154=VERTEX_POINT('',#8830);
#9155=VERTEX_POINT('',#8858);
#9156=VERTEX_POINT('',#8863);
#9157=VERTEX_POINT('',#8747);
#9158=VERTEX_POINT('',#8754);
#9159=VERTEX_POINT('',#8832);
#9160=VERTEX_POINT('',#8837);
#9161=VERTEX_POINT('',#8851);
#9162=VERTEX_POINT('',#8856);
#9163=VERTEX_POINT('',#9088);
#9164=VERTEX_POINT('',#9095);
#9165=CARTESIAN_POINT('',(-5.E-1,-5.45E0,-4.118811556123E-1));
#9166=CARTESIAN_POINT('',(-5.E-1,-5.45E0,4.119405923941E-1));
#9167=VERTEX_POINT('',#9165);
#9168=VERTEX_POINT('',#9166);
#9169=CARTESIAN_POINT('',(5.E-1,-5.45E0,-4.118811556123E-1));
#9170=CARTESIAN_POINT('',(5.E-1,-5.45E0,4.119405923941E-1));
#9171=VERTEX_POINT('',#9169);
#9172=VERTEX_POINT('',#9170);
#9173=VERTEX_POINT('',#8699);
#9174=VERTEX_POINT('',#8713);
#9175=VERTEX_POINT('',#8981);
#9176=VERTEX_POINT('',#9002);
#9177=CARTESIAN_POINT('',(-7.074247348624E-1,-5.45E0,0.E0));
#9178=CARTESIAN_POINT('',(-5.751127748825E-1,-5.45E0,4.119405923941E-1));
#9179=VERTEX_POINT('',#9177);
#9180=VERTEX_POINT('',#9178);
#9181=CARTESIAN_POINT('',(-5.751553434913E-1,-5.45E0,-4.118811556123E-1));
#9182=VERTEX_POINT('',#9181);
#9183=CARTESIAN_POINT('',(-1.5E-1,-5.04E0,4.289772825411E-1));
#9184=VERTEX_POINT('',#9183);
#9185=CARTESIAN_POINT('',(-1.5E-1,-5.04E0,-4.289240395731E-1));
#9186=VERTEX_POINT('',#9185);
#9187=CARTESIAN_POINT('',(1.5E-1,-5.04E0,4.289772825411E-1));
#9188=VERTEX_POINT('',#9187);
#9189=CARTESIAN_POINT('',(1.5E-1,-5.04E0,-4.289240395731E-1));
#9190=VERTEX_POINT('',#9189);
#9191=CARTESIAN_POINT('',(5.751127748825E-1,-5.45E0,4.119405923941E-1));
#9192=VERTEX_POINT('',#9191);
#9193=CARTESIAN_POINT('',(5.751553434913E-1,-5.45E0,-4.118811556123E-1));
#9194=VERTEX_POINT('',#9193);
#9195=CARTESIAN_POINT('',(7.074247348624E-1,-5.45E0,0.E0));
#9196=VERTEX_POINT('',#9195);
#9197=VERTEX_POINT('',#8876);
#9198=VERTEX_POINT('',#8881);
#9199=VERTEX_POINT('',#8883);
#9200=VERTEX_POINT('',#8865);
#9201=VERTEX_POINT('',#8849);
#9202=CARTESIAN_POINT('',(0.E0,-1.515577567318E0,6.5E-1));
#9203=DIRECTION('',(0.E0,0.E0,1.E0));
#9204=DIRECTION('',(1.E0,0.E0,0.E0));
#9205=AXIS2_PLACEMENT_3D('',#9202,#9203,#9204);
#9206=CYLINDRICAL_SURFACE('',#9205,2.655775673185E-1);
#9208=ORIENTED_EDGE('',*,*,#9207,.T.);
#9210=ORIENTED_EDGE('',*,*,#9209,.T.);
#9212=ORIENTED_EDGE('',*,*,#9211,.T.);
#9214=ORIENTED_EDGE('',*,*,#9213,.F.);
#9215=EDGE_LOOP('',(#9208,#9210,#9212,#9214));
#9216=FACE_OUTER_BOUND('',#9215,.F.);
#9218=CARTESIAN_POINT('',(0.E0,-1.515577567318E0,6.5E-1));
#9219=DIRECTION('',(0.E0,0.E0,1.E0));
#9220=DIRECTION('',(1.E0,0.E0,0.E0));
#9221=AXIS2_PLACEMENT_3D('',#9218,#9219,#9220);
#9222=CYLINDRICAL_SURFACE('',#9221,2.655775673185E-1);
#9224=ORIENTED_EDGE('',*,*,#9223,.T.);
#9226=ORIENTED_EDGE('',*,*,#9225,.F.);
#9228=ORIENTED_EDGE('',*,*,#9227,.T.);
#9230=ORIENTED_EDGE('',*,*,#9229,.T.);
#9231=EDGE_LOOP('',(#9224,#9226,#9228,#9230));
#9232=FACE_OUTER_BOUND('',#9231,.F.);
#9234=CARTESIAN_POINT('',(0.E0,-2.9E0,0.E0));
#9235=DIRECTION('',(0.E0,1.E0,0.E0));
#9236=DIRECTION('',(-1.E0,0.E0,0.E0));
#9237=AXIS2_PLACEMENT_3D('',#9234,#9235,#9236);
#9238=CONICAL_SURFACE('',#9237,5.625E-1,2.946447380012E0);
#9240=ORIENTED_EDGE('',*,*,#9239,.T.);
#9242=ORIENTED_EDGE('',*,*,#9241,.F.);
#9244=ORIENTED_EDGE('',*,*,#9243,.T.);
#9246=ORIENTED_EDGE('',*,*,#9245,.T.);
#9248=ORIENTED_EDGE('',*,*,#9247,.F.);
#9250=ORIENTED_EDGE('',*,*,#9249,.F.);
#9252=ORIENTED_EDGE('',*,*,#9251,.T.);
#9253=ORIENTED_EDGE('',*,*,#9207,.F.);
#9254=EDGE_LOOP('',(#9240,#9242,#9244,#9246,#9248,#9250,#9252,#9253));
#9255=FACE_OUTER_BOUND('',#9254,.F.);
#9257=CARTESIAN_POINT('',(-2.655775673185E-1,-1.515577567318E0,6.5E-1));
#9258=DIRECTION('',(-9.994627318690E-1,-3.277571669722E-2,0.E0));
#9259=DIRECTION('',(3.277571669722E-2,-9.994627318690E-1,0.E0));
#9260=AXIS2_PLACEMENT_3D('',#9257,#9258,#9259);
#9261=PLANE('',#9260);
#9262=ORIENTED_EDGE('',*,*,#9239,.F.);
#9263=ORIENTED_EDGE('',*,*,#9213,.T.);
#9265=ORIENTED_EDGE('',*,*,#9264,.T.);
#9267=ORIENTED_EDGE('',*,*,#9266,.T.);
#9269=ORIENTED_EDGE('',*,*,#9268,.F.);
#9271=ORIENTED_EDGE('',*,*,#9270,.T.);
#9272=EDGE_LOOP('',(#9262,#9263,#9265,#9267,#9269,#9271));
#9273=FACE_OUTER_BOUND('',#9272,.F.);
#9275=CARTESIAN_POINT('',(-2.655775673185E-1,-1.515577567318E0,6.5E-1));
#9276=DIRECTION('',(-9.994627318690E-1,-3.277571669722E-2,0.E0));
#9277=DIRECTION('',(3.277571669722E-2,-9.994627318690E-1,0.E0));
#9278=AXIS2_PLACEMENT_3D('',#9275,#9276,#9277);
#9279=PLANE('',#9278);
#9281=ORIENTED_EDGE('',*,*,#9280,.F.);
#9283=ORIENTED_EDGE('',*,*,#9282,.F.);
#9285=ORIENTED_EDGE('',*,*,#9284,.F.);
#9287=ORIENTED_EDGE('',*,*,#9286,.T.);
#9289=ORIENTED_EDGE('',*,*,#9288,.T.);
#9290=ORIENTED_EDGE('',*,*,#9225,.T.);
#9291=EDGE_LOOP('',(#9281,#9283,#9285,#9287,#9289,#9290));
#9292=FACE_OUTER_BOUND('',#9291,.F.);
#9294=CARTESIAN_POINT('',(0.E0,-2.908319560542E0,0.E0));
#9295=DIRECTION('',(0.E0,1.E0,0.E0));
#9296=DIRECTION('',(-1.E0,0.E0,0.E0));
#9297=AXIS2_PLACEMENT_3D('',#9294,#9295,#9296);
#9298=CONICAL_SURFACE('',#9297,3.618070404070E-1,2.946447380012E0);
#9299=ORIENTED_EDGE('',*,*,#9211,.F.);
#9301=ORIENTED_EDGE('',*,*,#9300,.F.);
#9303=ORIENTED_EDGE('',*,*,#9302,.T.);
#9305=ORIENTED_EDGE('',*,*,#9304,.T.);
#9307=ORIENTED_EDGE('',*,*,#9306,.F.);
#9309=ORIENTED_EDGE('',*,*,#9308,.F.);
#9311=ORIENTED_EDGE('',*,*,#9310,.T.);
#9312=ORIENTED_EDGE('',*,*,#9264,.F.);
#9313=EDGE_LOOP('',(#9299,#9301,#9303,#9305,#9307,#9309,#9311,#9312));
#9314=FACE_OUTER_BOUND('',#9313,.F.);
#9316=CARTESIAN_POINT('',(1.5E-1,-5.04E0,6.5E-1));
#9317=DIRECTION('',(9.994627318690E-1,-3.277571669722E-2,0.E0));
#9318=DIRECTION('',(3.277571669722E-2,9.994627318690E-1,0.E0));
#9319=AXIS2_PLACEMENT_3D('',#9316,#9317,#9318);
#9320=PLANE('',#9319);
#9321=ORIENTED_EDGE('',*,*,#9251,.F.);
#9323=ORIENTED_EDGE('',*,*,#9322,.F.);
#9325=ORIENTED_EDGE('',*,*,#9324,.T.);
#9327=ORIENTED_EDGE('',*,*,#9326,.T.);
#9328=ORIENTED_EDGE('',*,*,#9300,.T.);
#9329=ORIENTED_EDGE('',*,*,#9209,.F.);
#9330=EDGE_LOOP('',(#9321,#9323,#9325,#9327,#9328,#9329));
#9331=FACE_OUTER_BOUND('',#9330,.F.);
#9333=CARTESIAN_POINT('',(1.5E-1,-5.04E0,6.5E-1));
#9334=DIRECTION('',(9.994627318690E-1,-3.277571669722E-2,0.E0));
#9335=DIRECTION('',(3.277571669722E-2,9.994627318690E-1,0.E0));
#9336=AXIS2_PLACEMENT_3D('',#9333,#9334,#9335);
#9337=PLANE('',#9336);
#9339=ORIENTED_EDGE('',*,*,#9338,.F.);
#9340=ORIENTED_EDGE('',*,*,#9229,.F.);
#9342=ORIENTED_EDGE('',*,*,#9341,.T.);
#9344=ORIENTED_EDGE('',*,*,#9343,.T.);
#9346=ORIENTED_EDGE('',*,*,#9345,.T.);
#9348=ORIENTED_EDGE('',*,*,#9347,.T.);
#9349=EDGE_LOOP('',(#9339,#9340,#9342,#9344,#9346,#9348));
#9350=FACE_OUTER_BOUND('',#9349,.F.);
#9352=CARTESIAN_POINT('',(1.E0,-5.45E0,4.119405923941E-1));
#9353=DIRECTION('',(0.E0,4.151707565664E-2,-9.991377945153E-1));
#9354=DIRECTION('',(0.E0,9.991377945153E-1,4.151707565664E-2));
#9355=AXIS2_PLACEMENT_3D('',#9352,#9353,#9354);
#9356=PLANE('',#9355);
#9358=ORIENTED_EDGE('',*,*,#9357,.F.);
#9359=ORIENTED_EDGE('',*,*,#9322,.T.);
#9361=ORIENTED_EDGE('',*,*,#9360,.T.);
#9363=ORIENTED_EDGE('',*,*,#9362,.T.);
#9364=EDGE_LOOP('',(#9358,#9359,#9361,#9363));
#9365=FACE_OUTER_BOUND('',#9364,.F.);
#9367=CARTESIAN_POINT('',(1.E0,-5.45E0,4.119405923941E-1));
#9368=DIRECTION('',(0.E0,4.151707565664E-2,-9.991377945153E-1));
#9369=DIRECTION('',(0.E0,9.991377945153E-1,4.151707565664E-2));
#9370=AXIS2_PLACEMENT_3D('',#9367,#9368,#9369);
#9371=PLANE('',#9370);
#9373=ORIENTED_EDGE('',*,*,#9372,.T.);
#9374=ORIENTED_EDGE('',*,*,#9270,.F.);
#9376=ORIENTED_EDGE('',*,*,#9375,.F.);
#9378=ORIENTED_EDGE('',*,*,#9377,.T.);
#9379=EDGE_LOOP('',(#9373,#9374,#9376,#9378));
#9380=FACE_OUTER_BOUND('',#9379,.F.);
#9382=CARTESIAN_POINT('',(5.497850927476E-1,-5.053110286679E0,6.5E-1));
#9383=DIRECTION('',(0.E0,0.E0,1.E0));
#9384=DIRECTION('',(1.E0,0.E0,0.E0));
#9385=AXIS2_PLACEMENT_3D('',#9382,#9383,#9384);
#9386=CYLINDRICAL_SURFACE('',#9385,4.E-1);
#9388=ORIENTED_EDGE('',*,*,#9387,.F.);
#9390=ORIENTED_EDGE('',*,*,#9389,.T.);
#9391=ORIENTED_EDGE('',*,*,#9324,.F.);
#9392=ORIENTED_EDGE('',*,*,#9357,.T.);
#9394=ORIENTED_EDGE('',*,*,#9393,.F.);
#9396=ORIENTED_EDGE('',*,*,#9395,.F.);
#9397=ORIENTED_EDGE('',*,*,#9345,.F.);
#9399=ORIENTED_EDGE('',*,*,#9398,.T.);
#9400=EDGE_LOOP('',(#9388,#9390,#9391,#9392,#9394,#9396,#9397,#9399));
#9401=FACE_OUTER_BOUND('',#9400,.F.);
#9403=CARTESIAN_POINT('',(0.E0,-5.25E0,0.E0));
#9404=DIRECTION('',(0.E0,1.E0,0.E0));
#9405=DIRECTION('',(0.E0,0.E0,1.E0));
#9406=AXIS2_PLACEMENT_3D('',#9403,#9404,#9405);
#9407=CYLINDRICAL_SURFACE('',#9406,4.453943418051E-1);
#9408=ORIENTED_EDGE('',*,*,#9387,.T.);
#9410=ORIENTED_EDGE('',*,*,#9409,.T.);
#9411=EDGE_LOOP('',(#9408,#9410));
#9412=FACE_OUTER_BOUND('',#9411,.F.);
#9414=CARTESIAN_POINT('',(0.E0,-4.935891387746E0,0.E0));
#9415=DIRECTION('',(0.E0,-1.E0,0.E0));
#9416=DIRECTION('',(1.E0,0.E0,0.E0));
#9417=AXIS2_PLACEMENT_3D('',#9414,#9415,#9416);
#9418=CONICAL_SURFACE('',#9417,3.595042113096E-1,1.529316704934E1);
#9420=ORIENTED_EDGE('',*,*,#9419,.F.);
#9422=ORIENTED_EDGE('',*,*,#9421,.F.);
#9423=ORIENTED_EDGE('',*,*,#9266,.F.);
#9424=ORIENTED_EDGE('',*,*,#9310,.F.);
#9426=ORIENTED_EDGE('',*,*,#9425,.T.);
#9427=ORIENTED_EDGE('',*,*,#9286,.F.);
#9429=ORIENTED_EDGE('',*,*,#9428,.F.);
#9430=EDGE_LOOP('',(#9420,#9422,#9423,#9424,#9426,#9427,#9429));
#9431=FACE_OUTER_BOUND('',#9430,.F.);
#9433=CARTESIAN_POINT('',(0.E0,-4.935891387746E0,0.E0));
#9434=DIRECTION('',(0.E0,-1.E0,0.E0));
#9435=DIRECTION('',(1.E0,0.E0,0.E0));
#9436=AXIS2_PLACEMENT_3D('',#9433,#9434,#9435);
#9437=CONICAL_SURFACE('',#9436,3.595042113096E-1,1.529316704934E1);
#9438=ORIENTED_EDGE('',*,*,#9409,.F.);
#9439=ORIENTED_EDGE('',*,*,#9398,.F.);
#9440=ORIENTED_EDGE('',*,*,#9343,.F.);
#9442=ORIENTED_EDGE('',*,*,#9441,.T.);
#9443=ORIENTED_EDGE('',*,*,#9302,.F.);
#9444=ORIENTED_EDGE('',*,*,#9326,.F.);
#9445=ORIENTED_EDGE('',*,*,#9389,.F.);
#9446=EDGE_LOOP('',(#9438,#9439,#9440,#9442,#9443,#9444,#9445));
#9447=FACE_OUTER_BOUND('',#9446,.F.);
#9449=CARTESIAN_POINT('',(0.E0,-5.25E0,0.E0));
#9450=DIRECTION('',(0.E0,1.E0,0.E0));
#9451=DIRECTION('',(0.E0,0.E0,1.E0));
#9452=AXIS2_PLACEMENT_3D('',#9449,#9450,#9451);
#9453=CYLINDRICAL_SURFACE('',#9452,4.453943418051E-1);
#9454=ORIENTED_EDGE('',*,*,#9419,.T.);
#9456=ORIENTED_EDGE('',*,*,#9455,.T.);
#9458=ORIENTED_EDGE('',*,*,#9457,.T.);
#9459=EDGE_LOOP('',(#9454,#9456,#9458));
#9460=FACE_OUTER_BOUND('',#9459,.F.);
#9462=CARTESIAN_POINT('',(-5.497850927476E-1,-5.053110286679E0,6.5E-1));
#9463=DIRECTION('',(0.E0,0.E0,1.E0));
#9464=DIRECTION('',(1.E0,0.E0,0.E0));
#9465=AXIS2_PLACEMENT_3D('',#9462,#9463,#9464);
#9466=CYLINDRICAL_SURFACE('',#9465,4.E-1);
#9467=ORIENTED_EDGE('',*,*,#9457,.F.);
#9468=ORIENTED_EDGE('',*,*,#9455,.F.);
#9469=ORIENTED_EDGE('',*,*,#9428,.T.);
#9470=ORIENTED_EDGE('',*,*,#9284,.T.);
#9472=ORIENTED_EDGE('',*,*,#9471,.F.);
#9474=ORIENTED_EDGE('',*,*,#9473,.T.);
#9475=ORIENTED_EDGE('',*,*,#9375,.T.);
#9476=ORIENTED_EDGE('',*,*,#9268,.T.);
#9477=ORIENTED_EDGE('',*,*,#9421,.T.);
#9478=EDGE_LOOP('',(#9467,#9468,#9469,#9470,#9472,#9474,#9475,#9476,#9477));
#9479=FACE_OUTER_BOUND('',#9478,.F.);
#9481=CARTESIAN_POINT('',(1.E0,-1.515577567318E0,-5.754272653030E-1));
#9482=DIRECTION('',(0.E0,4.153214346380E-2,9.991371682904E-1));
#9483=DIRECTION('',(0.E0,-9.991371682904E-1,4.153214346380E-2));
#9484=AXIS2_PLACEMENT_3D('',#9481,#9482,#9483);
#9485=PLANE('',#9484);
#9487=ORIENTED_EDGE('',*,*,#9486,.T.);
#9488=ORIENTED_EDGE('',*,*,#9347,.F.);
#9489=ORIENTED_EDGE('',*,*,#9395,.T.);
#9491=ORIENTED_EDGE('',*,*,#9490,.F.);
#9492=EDGE_LOOP('',(#9487,#9488,#9489,#9491));
#9493=FACE_OUTER_BOUND('',#9492,.F.);
#9495=CARTESIAN_POINT('',(1.E0,-1.515577567318E0,-5.754272653030E-1));
#9496=DIRECTION('',(0.E0,4.153214346380E-2,9.991371682904E-1));
#9497=DIRECTION('',(0.E0,-9.991371682904E-1,4.153214346380E-2));
#9498=AXIS2_PLACEMENT_3D('',#9495,#9496,#9497);
#9499=PLANE('',#9498);
#9500=ORIENTED_EDGE('',*,*,#9471,.T.);
#9501=ORIENTED_EDGE('',*,*,#9282,.T.);
#9503=ORIENTED_EDGE('',*,*,#9502,.T.);
#9505=ORIENTED_EDGE('',*,*,#9504,.F.);
#9506=EDGE_LOOP('',(#9500,#9501,#9503,#9505));
#9507=FACE_OUTER_BOUND('',#9506,.F.);
#9509=CARTESIAN_POINT('',(0.E0,-5.025E0,0.E0));
#9510=DIRECTION('',(0.E0,-1.E0,0.E0));
#9511=DIRECTION('',(1.E0,0.E0,0.E0));
#9512=AXIS2_PLACEMENT_3D('',#9509,#9510,#9511);
#9513=CONICAL_SURFACE('',#9512,5.912123674312E-1,1.529316704934E1);
#9515=ORIENTED_EDGE('',*,*,#9514,.F.);
#9517=ORIENTED_EDGE('',*,*,#9516,.T.);
#9518=ORIENTED_EDGE('',*,*,#9502,.F.);
#9520=ORIENTED_EDGE('',*,*,#9519,.F.);
#9521=ORIENTED_EDGE('',*,*,#9241,.T.);
#9522=ORIENTED_EDGE('',*,*,#9372,.F.);
#9523=EDGE_LOOP('',(#9515,#9517,#9518,#9520,#9521,#9522));
#9524=FACE_OUTER_BOUND('',#9523,.F.);
#9526=CARTESIAN_POINT('',(0.E0,-5.025E0,0.E0));
#9527=DIRECTION('',(0.E0,-1.E0,0.E0));
#9528=DIRECTION('',(1.E0,0.E0,0.E0));
#9529=AXIS2_PLACEMENT_3D('',#9526,#9527,#9528);
#9530=CONICAL_SURFACE('',#9529,5.912123674312E-1,1.529316704934E1);
#9531=ORIENTED_EDGE('',*,*,#9249,.T.);
#9533=ORIENTED_EDGE('',*,*,#9532,.F.);
#9534=ORIENTED_EDGE('',*,*,#9486,.F.);
#9536=ORIENTED_EDGE('',*,*,#9535,.T.);
#9538=ORIENTED_EDGE('',*,*,#9537,.F.);
#9539=ORIENTED_EDGE('',*,*,#9360,.F.);
#9540=EDGE_LOOP('',(#9531,#9533,#9534,#9536,#9538,#9539));
#9541=FACE_OUTER_BOUND('',#9540,.F.);
#9543=CARTESIAN_POINT('',(0.E0,-5.45E0,0.E0));
#9544=DIRECTION('',(0.E0,1.E0,0.E0));
#9545=DIRECTION('',(-1.E0,0.E0,0.E0));
#9546=AXIS2_PLACEMENT_3D('',#9543,#9544,#9545);
#9547=PLANE('',#9546);
#9548=ORIENTED_EDGE('',*,*,#9473,.F.);
#9549=ORIENTED_EDGE('',*,*,#9504,.T.);
#9550=ORIENTED_EDGE('',*,*,#9516,.F.);
#9551=ORIENTED_EDGE('',*,*,#9514,.T.);
#9552=ORIENTED_EDGE('',*,*,#9377,.F.);
#9553=EDGE_LOOP('',(#9548,#9549,#9550,#9551,#9552));
#9554=FACE_OUTER_BOUND('',#9553,.F.);
#9556=CARTESIAN_POINT('',(0.E0,-5.45E0,0.E0));
#9557=DIRECTION('',(0.E0,1.E0,0.E0));
#9558=DIRECTION('',(-1.E0,0.E0,0.E0));
#9559=AXIS2_PLACEMENT_3D('',#9556,#9557,#9558);
#9560=PLANE('',#9559);
#9561=ORIENTED_EDGE('',*,*,#9393,.T.);
#9562=ORIENTED_EDGE('',*,*,#9362,.F.);
#9563=ORIENTED_EDGE('',*,*,#9537,.T.);
#9564=ORIENTED_EDGE('',*,*,#9535,.F.);
#9565=ORIENTED_EDGE('',*,*,#9490,.T.);
#9566=EDGE_LOOP('',(#9561,#9562,#9563,#9564,#9565));
#9567=FACE_OUTER_BOUND('',#9566,.F.);
#9569=CARTESIAN_POINT('',(0.E0,-2.9E0,0.E0));
#9570=DIRECTION('',(0.E0,1.E0,0.E0));
#9571=DIRECTION('',(-1.E0,0.E0,0.E0));
#9572=AXIS2_PLACEMENT_3D('',#9569,#9570,#9571);
#9573=CONICAL_SURFACE('',#9572,5.625E-1,2.946447380012E0);
#9574=ORIENTED_EDGE('',*,*,#9280,.T.);
#9575=ORIENTED_EDGE('',*,*,#9223,.F.);
#9576=ORIENTED_EDGE('',*,*,#9338,.T.);
#9577=ORIENTED_EDGE('',*,*,#9532,.T.);
#9578=ORIENTED_EDGE('',*,*,#9247,.T.);
#9580=ORIENTED_EDGE('',*,*,#9579,.F.);
#9581=ORIENTED_EDGE('',*,*,#9243,.F.);
#9582=ORIENTED_EDGE('',*,*,#9519,.T.);
#9583=EDGE_LOOP('',(#9574,#9575,#9576,#9577,#9578,#9580,#9581,#9582));
#9584=FACE_OUTER_BOUND('',#9583,.F.);
#9586=CARTESIAN_POINT('',(0.E0,-5.7225E0,0.E0));
#9587=DIRECTION('',(0.E0,1.E0,0.E0));
#9588=DIRECTION('',(-1.E0,0.E0,0.E0));
#9589=AXIS2_PLACEMENT_3D('',#9586,#9587,#9588);
#9590=CYLINDRICAL_SURFACE('',#9589,6.5E-1);
#9592=ORIENTED_EDGE('',*,*,#9591,.F.);
#9593=ORIENTED_EDGE('',*,*,#9579,.T.);
#9595=ORIENTED_EDGE('',*,*,#9594,.T.);
#9597=ORIENTED_EDGE('',*,*,#9596,.F.);
#9598=EDGE_LOOP('',(#9592,#9593,#9595,#9597));
#9599=FACE_OUTER_BOUND('',#9598,.F.);
#9601=CARTESIAN_POINT('',(0.E0,-5.7225E0,0.E0));
#9602=DIRECTION('',(0.E0,1.E0,0.E0));
#9603=DIRECTION('',(-1.E0,0.E0,0.E0));
#9604=AXIS2_PLACEMENT_3D('',#9601,#9602,#9603);
#9605=CYLINDRICAL_SURFACE('',#9604,6.5E-1);
#9606=ORIENTED_EDGE('',*,*,#9591,.T.);
#9608=ORIENTED_EDGE('',*,*,#9607,.T.);
#9609=ORIENTED_EDGE('',*,*,#9594,.F.);
#9610=ORIENTED_EDGE('',*,*,#9245,.F.);
#9611=EDGE_LOOP('',(#9606,#9608,#9609,#9610));
#9612=FACE_OUTER_BOUND('',#9611,.F.);
#9614=CARTESIAN_POINT('',(0.E0,0.E0,5.5E-1));
#9615=DIRECTION('',(0.E0,-1.E0,0.E0));
#9616=DIRECTION('',(0.E0,0.E0,1.E0));
#9617=AXIS2_PLACEMENT_3D('',#9614,#9615,#9616);
#9618=PLANE('',#9617);
#9619=ORIENTED_EDGE('',*,*,#9607,.F.);
#9621=ORIENTED_EDGE('',*,*,#9620,.T.);
#9623=ORIENTED_EDGE('',*,*,#9622,.T.);
#9625=ORIENTED_EDGE('',*,*,#9624,.F.);
#9626=EDGE_LOOP('',(#9619,#9621,#9623,#9625));
#9627=FACE_OUTER_BOUND('',#9626,.F.);
#9629=CARTESIAN_POINT('',(0.E0,0.E0,-5.5E-1));
#9630=DIRECTION('',(0.E0,1.E0,0.E0));
#9631=DIRECTION('',(0.E0,0.E0,-1.E0));
#9632=AXIS2_PLACEMENT_3D('',#9629,#9630,#9631);
#9633=PLANE('',#9632);
#9634=ORIENTED_EDGE('',*,*,#9596,.T.);
#9635=ORIENTED_EDGE('',*,*,#9624,.T.);
#9637=ORIENTED_EDGE('',*,*,#9636,.F.);
#9638=ORIENTED_EDGE('',*,*,#9620,.F.);
#9639=EDGE_LOOP('',(#9634,#9635,#9637,#9638));
#9640=FACE_OUTER_BOUND('',#9639,.F.);
#9642=CARTESIAN_POINT('',(0.E0,-5.7225E0,0.E0));
#9643=DIRECTION('',(0.E0,1.E0,0.E0));
#9644=DIRECTION('',(-1.E0,0.E0,0.E0));
#9645=AXIS2_PLACEMENT_3D('',#9642,#9643,#9644);
#9646=CYLINDRICAL_SURFACE('',#9645,4.5E-1);
#9648=ORIENTED_EDGE('',*,*,#9647,.T.);
#9649=ORIENTED_EDGE('',*,*,#9636,.T.);
#9651=ORIENTED_EDGE('',*,*,#9650,.F.);
#9653=ORIENTED_EDGE('',*,*,#9652,.F.);
#9654=EDGE_LOOP('',(#9648,#9649,#9651,#9653));
#9655=FACE_OUTER_BOUND('',#9654,.F.);
#9657=CARTESIAN_POINT('',(0.E0,-5.7225E0,0.E0));
#9658=DIRECTION('',(0.E0,1.E0,0.E0));
#9659=DIRECTION('',(-1.E0,0.E0,0.E0));
#9660=AXIS2_PLACEMENT_3D('',#9657,#9658,#9659);
#9661=CYLINDRICAL_SURFACE('',#9660,4.5E-1);
#9662=ORIENTED_EDGE('',*,*,#9647,.F.);
#9663=ORIENTED_EDGE('',*,*,#9306,.T.);
#9664=ORIENTED_EDGE('',*,*,#9650,.T.);
#9665=ORIENTED_EDGE('',*,*,#9622,.F.);
#9666=EDGE_LOOP('',(#9662,#9663,#9664,#9665));
#9667=FACE_OUTER_BOUND('',#9666,.F.);
#9669=CARTESIAN_POINT('',(0.E0,-2.908319560542E0,0.E0));
#9670=DIRECTION('',(0.E0,1.E0,0.E0));
#9671=DIRECTION('',(-1.E0,0.E0,0.E0));
#9672=AXIS2_PLACEMENT_3D('',#9669,#9670,#9671);
#9673=CONICAL_SURFACE('',#9672,3.618070404070E-1,2.946447380012E0);
#9674=ORIENTED_EDGE('',*,*,#9227,.F.);
#9675=ORIENTED_EDGE('',*,*,#9288,.F.);
#9676=ORIENTED_EDGE('',*,*,#9425,.F.);
#9677=ORIENTED_EDGE('',*,*,#9308,.T.);
#9678=ORIENTED_EDGE('',*,*,#9652,.T.);
#9679=ORIENTED_EDGE('',*,*,#9304,.F.);
#9680=ORIENTED_EDGE('',*,*,#9441,.F.);
#9681=ORIENTED_EDGE('',*,*,#9341,.F.);
#9682=EDGE_LOOP('',(#9674,#9675,#9676,#9677,#9678,#9679,#9680,#9681));
#9683=FACE_OUTER_BOUND('',#9682,.F.);
#9685=CLOSED_SHELL('',(#9217,#9233,#9256,#9274,#9293,#9315,#9332,#9351,#9366,
#9381,#9402,#9413,#9432,#9448,#9461,#9480,#9494,#9508,#9525,#9542,#9555,#9568,
#9585,#9600,#9613,#9628,#9641,#9656,#9668,#9684));
#9686=MANIFOLD_SOLID_BREP('',#9685);
#9687=(LENGTH_UNIT()NAMED_UNIT(*)SI_UNIT(.MILLI.,.METRE.));
#9688=DIMENSIONAL_EXPONENTS(0.E0,0.E0,0.E0,0.E0,0.E0,0.E0,0.E0);
#9689=(NAMED_UNIT(*)PLANE_ANGLE_UNIT()SI_UNIT($,.RADIAN.));
#9690=PLANE_ANGLE_MEASURE_WITH_UNIT(PLANE_ANGLE_MEASURE(1.745329251994E-2),
#9689);
#9691=(CONVERSION_BASED_UNIT('DEGREE',#9690)NAMED_UNIT(#9688)PLANE_ANGLE_UNIT(
));
#9692=(NAMED_UNIT(*)SI_UNIT($,.STERADIAN.)SOLID_ANGLE_UNIT());
#9693=UNCERTAINTY_MEASURE_WITH_UNIT(LENGTH_MEASURE(1.25E-2),#9687,'closure',
'Maximum model space distance between geometric entities at asserted connectivities');
#9695=CARTESIAN_POINT('',(0.E0,0.E0,0.E0));
#9696=DIRECTION('',(0.E0,0.E0,1.E0));
#9697=DIRECTION('',(1.E0,0.E0,0.E0));
#9700=MECHANICAL_CONTEXT('',#4257,'mechanical');
#9701=PRODUCT('104-FEMALE-TERMINAL-SHORT','104-FEMALE-TERMINAL-SHORT',
'NOT SPECIFIED',(#9700));
#9702=PRODUCT_DEFINITION_FORMATION_WITH_SPECIFIED_SOURCE('1','LAST_VERSION',
#9701,.MADE.);
#9708=CARTESIAN_POINT('',(1.662E1,4.25E0,-1.42E0));
#9709=DIRECTION('',(0.E0,0.E0,-1.E0));
#9710=DIRECTION('',(-1.E0,0.E0,0.E0));
#9711=AXIS2_PLACEMENT_3D('',#9708,#9709,#9710);
#9712=ITEM_DEFINED_TRANSFORMATION('','',#9698,#9711);
#9713=(REPRESENTATION_RELATIONSHIP('','',#9699,#4268)REPRESENTATION_RELATIONSHIP_WITH_TRANSFORMATION(#9712)SHAPE_REPRESENTATION_RELATIONSHIP());
#9714=CONTEXT_DEPENDENT_SHAPE_REPRESENTATION(#9713,#9707);
#9717=CARTESIAN_POINT('',(1.385E1,4.25E0,-1.42E0));
#9718=DIRECTION('',(0.E0,0.E0,-1.E0));
#9719=DIRECTION('',(-1.E0,0.E0,0.E0));
#9720=AXIS2_PLACEMENT_3D('',#9717,#9718,#9719);
#9721=ITEM_DEFINED_TRANSFORMATION('','',#9698,#9720);
#9722=(REPRESENTATION_RELATIONSHIP('','',#9699,#4268)REPRESENTATION_RELATIONSHIP_WITH_TRANSFORMATION(#9721)SHAPE_REPRESENTATION_RELATIONSHIP());
#9723=CONTEXT_DEPENDENT_SHAPE_REPRESENTATION(#9722,#9716);
#9726=CARTESIAN_POINT('',(1.108E1,4.25E0,-1.42E0));
#9727=DIRECTION('',(0.E0,0.E0,-1.E0));
#9728=DIRECTION('',(-1.E0,0.E0,0.E0));
#9729=AXIS2_PLACEMENT_3D('',#9726,#9727,#9728);
#9730=ITEM_DEFINED_TRANSFORMATION('','',#9698,#9729);
#9731=(REPRESENTATION_RELATIONSHIP('','',#9699,#4268)REPRESENTATION_RELATIONSHIP_WITH_TRANSFORMATION(#9730)SHAPE_REPRESENTATION_RELATIONSHIP());
#9732=CONTEXT_DEPENDENT_SHAPE_REPRESENTATION(#9731,#9725);
#9735=CARTESIAN_POINT('',(8.31E0,4.25E0,-1.42E0));
#9736=DIRECTION('',(0.E0,0.E0,-1.E0));
#9737=DIRECTION('',(-1.E0,0.E0,0.E0));
#9738=AXIS2_PLACEMENT_3D('',#9735,#9736,#9737);
#9739=ITEM_DEFINED_TRANSFORMATION('','',#9698,#9738);
#9740=(REPRESENTATION_RELATIONSHIP('','',#9699,#4268)REPRESENTATION_RELATIONSHIP_WITH_TRANSFORMATION(#9739)SHAPE_REPRESENTATION_RELATIONSHIP());
#9741=CONTEXT_DEPENDENT_SHAPE_REPRESENTATION(#9740,#9734);
#9744=CARTESIAN_POINT('',(5.54E0,4.25E0,-1.42E0));
#9745=DIRECTION('',(0.E0,0.E0,-1.E0));
#9746=DIRECTION('',(-1.E0,0.E0,0.E0));
#9747=AXIS2_PLACEMENT_3D('',#9744,#9745,#9746);
#9748=ITEM_DEFINED_TRANSFORMATION('','',#9698,#9747);
#9749=(REPRESENTATION_RELATIONSHIP('','',#9699,#4268)REPRESENTATION_RELATIONSHIP_WITH_TRANSFORMATION(#9748)SHAPE_REPRESENTATION_RELATIONSHIP());
#9750=CONTEXT_DEPENDENT_SHAPE_REPRESENTATION(#9749,#9743);
#9753=CARTESIAN_POINT('',(2.77E0,4.25E0,-1.42E0));
#9754=DIRECTION('',(0.E0,0.E0,-1.E0));
#9755=DIRECTION('',(-1.E0,0.E0,0.E0));
#9756=AXIS2_PLACEMENT_3D('',#9753,#9754,#9755);
#9757=ITEM_DEFINED_TRANSFORMATION('','',#9698,#9756);
#9758=(REPRESENTATION_RELATIONSHIP('','',#9699,#4268)REPRESENTATION_RELATIONSHIP_WITH_TRANSFORMATION(#9757)SHAPE_REPRESENTATION_RELATIONSHIP());
#9759=CONTEXT_DEPENDENT_SHAPE_REPRESENTATION(#9758,#9752);
#9762=CARTESIAN_POINT('',(0.E0,4.25E0,-1.42E0));
#9763=DIRECTION('',(0.E0,0.E0,-1.E0));
#9764=DIRECTION('',(-1.E0,0.E0,0.E0));
#9765=AXIS2_PLACEMENT_3D('',#9762,#9763,#9764);
#9766=ITEM_DEFINED_TRANSFORMATION('','',#9698,#9765);
#9767=(REPRESENTATION_RELATIONSHIP('','',#9699,#4268)REPRESENTATION_RELATIONSHIP_WITH_TRANSFORMATION(#9766)SHAPE_REPRESENTATION_RELATIONSHIP());
#9768=CONTEXT_DEPENDENT_SHAPE_REPRESENTATION(#9767,#9761);
#9771=CARTESIAN_POINT('',(-2.77E0,4.25E0,-1.42E0));
#9772=DIRECTION('',(0.E0,0.E0,-1.E0));
#9773=DIRECTION('',(-1.E0,0.E0,0.E0));
#9774=AXIS2_PLACEMENT_3D('',#9771,#9772,#9773);
#9775=ITEM_DEFINED_TRANSFORMATION('','',#9698,#9774);
#9776=(REPRESENTATION_RELATIONSHIP('','',#9699,#4268)REPRESENTATION_RELATIONSHIP_WITH_TRANSFORMATION(#9775)SHAPE_REPRESENTATION_RELATIONSHIP());
#9777=CONTEXT_DEPENDENT_SHAPE_REPRESENTATION(#9776,#9770);
#9780=CARTESIAN_POINT('',(-5.54E0,4.25E0,-1.42E0));
#9781=DIRECTION('',(0.E0,0.E0,-1.E0));
#9782=DIRECTION('',(-1.E0,0.E0,0.E0));
#9783=AXIS2_PLACEMENT_3D('',#9780,#9781,#9782);
#9784=ITEM_DEFINED_TRANSFORMATION('','',#9698,#9783);
#9785=(REPRESENTATION_RELATIONSHIP('','',#9699,#4268)REPRESENTATION_RELATIONSHIP_WITH_TRANSFORMATION(#9784)SHAPE_REPRESENTATION_RELATIONSHIP());
#9786=CONTEXT_DEPENDENT_SHAPE_REPRESENTATION(#9785,#9779);
#9789=CARTESIAN_POINT('',(-8.31E0,4.25E0,-1.42E0));
#9790=DIRECTION('',(0.E0,0.E0,-1.E0));
#9791=DIRECTION('',(-1.E0,0.E0,0.E0));
#9792=AXIS2_PLACEMENT_3D('',#9789,#9790,#9791);
#9793=ITEM_DEFINED_TRANSFORMATION('','',#9698,#9792);
#9794=(REPRESENTATION_RELATIONSHIP('','',#9699,#4268)REPRESENTATION_RELATIONSHIP_WITH_TRANSFORMATION(#9793)SHAPE_REPRESENTATION_RELATIONSHIP());
#9795=CONTEXT_DEPENDENT_SHAPE_REPRESENTATION(#9794,#9788);
#9798=CARTESIAN_POINT('',(-1.108E1,4.25E0,-1.42E0));
#9799=DIRECTION('',(0.E0,0.E0,-1.E0));
#9800=DIRECTION('',(-1.E0,0.E0,0.E0));
#9801=AXIS2_PLACEMENT_3D('',#9798,#9799,#9800);
#9802=ITEM_DEFINED_TRANSFORMATION('','',#9698,#9801);
#9803=(REPRESENTATION_RELATIONSHIP('','',#9699,#4268)REPRESENTATION_RELATIONSHIP_WITH_TRANSFORMATION(#9802)SHAPE_REPRESENTATION_RELATIONSHIP());
#9804=CONTEXT_DEPENDENT_SHAPE_REPRESENTATION(#9803,#9797);
#9807=CARTESIAN_POINT('',(-1.385E1,4.25E0,-1.42E0));
#9808=DIRECTION('',(0.E0,0.E0,-1.E0));
#9809=DIRECTION('',(-1.E0,0.E0,0.E0));
#9810=AXIS2_PLACEMENT_3D('',#9807,#9808,#9809);
#9811=ITEM_DEFINED_TRANSFORMATION('','',#9698,#9810);
#9812=(REPRESENTATION_RELATIONSHIP('','',#9699,#4268)REPRESENTATION_RELATIONSHIP_WITH_TRANSFORMATION(#9811)SHAPE_REPRESENTATION_RELATIONSHIP());
#9813=CONTEXT_DEPENDENT_SHAPE_REPRESENTATION(#9812,#9806);
#9816=CARTESIAN_POINT('',(-1.662E1,4.25E0,-1.42E0));
#9817=DIRECTION('',(0.E0,0.E0,-1.E0));
#9818=DIRECTION('',(-1.E0,0.E0,0.E0));
#9819=AXIS2_PLACEMENT_3D('',#9816,#9817,#9818);
#9820=ITEM_DEFINED_TRANSFORMATION('','',#9698,#9819);
#9821=(REPRESENTATION_RELATIONSHIP('','',#9699,#4268)REPRESENTATION_RELATIONSHIP_WITH_TRANSFORMATION(#9820)SHAPE_REPRESENTATION_RELATIONSHIP());
#9822=CONTEXT_DEPENDENT_SHAPE_REPRESENTATION(#9821,#9815);
#9825=CARTESIAN_POINT('',(1.524E1,4.25E0,1.42E0));
#9826=DIRECTION('',(0.E0,0.E0,1.E0));
#9827=DIRECTION('',(1.E0,0.E0,0.E0));
#9828=AXIS2_PLACEMENT_3D('',#9825,#9826,#9827);
#9829=ITEM_DEFINED_TRANSFORMATION('','',#9698,#9828);
#9830=(REPRESENTATION_RELATIONSHIP('','',#9699,#4268)REPRESENTATION_RELATIONSHIP_WITH_TRANSFORMATION(#9829)SHAPE_REPRESENTATION_RELATIONSHIP());
#9831=CONTEXT_DEPENDENT_SHAPE_REPRESENTATION(#9830,#9824);
#9834=CARTESIAN_POINT('',(1.247E1,4.25E0,1.42E0));
#9835=DIRECTION('',(0.E0,0.E0,1.E0));
#9836=DIRECTION('',(1.E0,0.E0,0.E0));
#9837=AXIS2_PLACEMENT_3D('',#9834,#9835,#9836);
#9838=ITEM_DEFINED_TRANSFORMATION('','',#9698,#9837);
#9839=(REPRESENTATION_RELATIONSHIP('','',#9699,#4268)REPRESENTATION_RELATIONSHIP_WITH_TRANSFORMATION(#9838)SHAPE_REPRESENTATION_RELATIONSHIP());
#9840=CONTEXT_DEPENDENT_SHAPE_REPRESENTATION(#9839,#9833);
#9843=CARTESIAN_POINT('',(9.7E0,4.25E0,1.42E0));
#9844=DIRECTION('',(0.E0,0.E0,1.E0));
#9845=DIRECTION('',(1.E0,0.E0,0.E0));
#9846=AXIS2_PLACEMENT_3D('',#9843,#9844,#9845);
#9847=ITEM_DEFINED_TRANSFORMATION('','',#9698,#9846);
#9848=(REPRESENTATION_RELATIONSHIP('','',#9699,#4268)REPRESENTATION_RELATIONSHIP_WITH_TRANSFORMATION(#9847)SHAPE_REPRESENTATION_RELATIONSHIP());
#9849=CONTEXT_DEPENDENT_SHAPE_REPRESENTATION(#9848,#9842);
#9852=CARTESIAN_POINT('',(6.93E0,4.25E0,1.42E0));
#9853=DIRECTION('',(0.E0,0.E0,1.E0));
#9854=DIRECTION('',(1.E0,0.E0,0.E0));
#9855=AXIS2_PLACEMENT_3D('',#9852,#9853,#9854);
#9856=ITEM_DEFINED_TRANSFORMATION('','',#9698,#9855);
#9857=(REPRESENTATION_RELATIONSHIP('','',#9699,#4268)REPRESENTATION_RELATIONSHIP_WITH_TRANSFORMATION(#9856)SHAPE_REPRESENTATION_RELATIONSHIP());
#9858=CONTEXT_DEPENDENT_SHAPE_REPRESENTATION(#9857,#9851);
#9861=CARTESIAN_POINT('',(4.16E0,4.25E0,1.42E0));
#9862=DIRECTION('',(0.E0,0.E0,1.E0));
#9863=DIRECTION('',(1.E0,0.E0,0.E0));
#9864=AXIS2_PLACEMENT_3D('',#9861,#9862,#9863);
#9865=ITEM_DEFINED_TRANSFORMATION('','',#9698,#9864);
#9866=(REPRESENTATION_RELATIONSHIP('','',#9699,#4268)REPRESENTATION_RELATIONSHIP_WITH_TRANSFORMATION(#9865)SHAPE_REPRESENTATION_RELATIONSHIP());
#9867=CONTEXT_DEPENDENT_SHAPE_REPRESENTATION(#9866,#9860);
#9870=CARTESIAN_POINT('',(1.39E0,4.25E0,1.42E0));
#9871=DIRECTION('',(0.E0,0.E0,1.E0));
#9872=DIRECTION('',(1.E0,0.E0,0.E0));
#9873=AXIS2_PLACEMENT_3D('',#9870,#9871,#9872);
#9874=ITEM_DEFINED_TRANSFORMATION('','',#9698,#9873);
#9875=(REPRESENTATION_RELATIONSHIP('','',#9699,#4268)REPRESENTATION_RELATIONSHIP_WITH_TRANSFORMATION(#9874)SHAPE_REPRESENTATION_RELATIONSHIP());
#9876=CONTEXT_DEPENDENT_SHAPE_REPRESENTATION(#9875,#9869);
#9879=CARTESIAN_POINT('',(-1.38E0,4.25E0,1.42E0));
#9880=DIRECTION('',(0.E0,0.E0,1.E0));
#9881=DIRECTION('',(1.E0,0.E0,0.E0));
#9882=AXIS2_PLACEMENT_3D('',#9879,#9880,#9881);
#9883=ITEM_DEFINED_TRANSFORMATION('','',#9698,#9882);
#9884=(REPRESENTATION_RELATIONSHIP('','',#9699,#4268)REPRESENTATION_RELATIONSHIP_WITH_TRANSFORMATION(#9883)SHAPE_REPRESENTATION_RELATIONSHIP());
#9885=CONTEXT_DEPENDENT_SHAPE_REPRESENTATION(#9884,#9878);
#9888=CARTESIAN_POINT('',(-4.15E0,4.25E0,1.42E0));
#9889=DIRECTION('',(0.E0,0.E0,1.E0));
#9890=DIRECTION('',(1.E0,0.E0,0.E0));
#9891=AXIS2_PLACEMENT_3D('',#9888,#9889,#9890);
#9892=ITEM_DEFINED_TRANSFORMATION('','',#9698,#9891);
#9893=(REPRESENTATION_RELATIONSHIP('','',#9699,#4268)REPRESENTATION_RELATIONSHIP_WITH_TRANSFORMATION(#9892)SHAPE_REPRESENTATION_RELATIONSHIP());
#9894=CONTEXT_DEPENDENT_SHAPE_REPRESENTATION(#9893,#9887);
#9897=CARTESIAN_POINT('',(-6.92E0,4.25E0,1.42E0));
#9898=DIRECTION('',(0.E0,0.E0,1.E0));
#9899=DIRECTION('',(1.E0,0.E0,0.E0));
#9900=AXIS2_PLACEMENT_3D('',#9897,#9898,#9899);
#9901=ITEM_DEFINED_TRANSFORMATION('','',#9698,#9900);
#9902=(REPRESENTATION_RELATIONSHIP('','',#9699,#4268)REPRESENTATION_RELATIONSHIP_WITH_TRANSFORMATION(#9901)SHAPE_REPRESENTATION_RELATIONSHIP());
#9903=CONTEXT_DEPENDENT_SHAPE_REPRESENTATION(#9902,#9896);
#9906=CARTESIAN_POINT('',(-9.69E0,4.25E0,1.42E0));
#9907=DIRECTION('',(0.E0,0.E0,1.E0));
#9908=DIRECTION('',(1.E0,0.E0,0.E0));
#9909=AXIS2_PLACEMENT_3D('',#9906,#9907,#9908);
#9910=ITEM_DEFINED_TRANSFORMATION('','',#9698,#9909);
#9911=(REPRESENTATION_RELATIONSHIP('','',#9699,#4268)REPRESENTATION_RELATIONSHIP_WITH_TRANSFORMATION(#9910)SHAPE_REPRESENTATION_RELATIONSHIP());
#9912=CONTEXT_DEPENDENT_SHAPE_REPRESENTATION(#9911,#9905);
#9915=CARTESIAN_POINT('',(-1.246E1,4.25E0,1.42E0));
#9916=DIRECTION('',(0.E0,0.E0,1.E0));
#9917=DIRECTION('',(1.E0,0.E0,0.E0));
#9918=AXIS2_PLACEMENT_3D('',#9915,#9916,#9917);
#9919=ITEM_DEFINED_TRANSFORMATION('','',#9698,#9918);
#9920=(REPRESENTATION_RELATIONSHIP('','',#9699,#4268)REPRESENTATION_RELATIONSHIP_WITH_TRANSFORMATION(#9919)SHAPE_REPRESENTATION_RELATIONSHIP());
#9921=CONTEXT_DEPENDENT_SHAPE_REPRESENTATION(#9920,#9914);
#9924=CARTESIAN_POINT('',(-1.523E1,4.25E0,1.42E0));
#9925=DIRECTION('',(0.E0,0.E0,1.E0));
#9926=DIRECTION('',(1.E0,0.E0,0.E0));
#9927=AXIS2_PLACEMENT_3D('',#9924,#9925,#9926);
#9928=ITEM_DEFINED_TRANSFORMATION('','',#9698,#9927);
#9929=(REPRESENTATION_RELATIONSHIP('','',#9699,#4268)REPRESENTATION_RELATIONSHIP_WITH_TRANSFORMATION(#9928)SHAPE_REPRESENTATION_RELATIONSHIP());
#9930=CONTEXT_DEPENDENT_SHAPE_REPRESENTATION(#9929,#9923);
#9931=(LENGTH_UNIT()NAMED_UNIT(*)SI_UNIT(.MILLI.,.METRE.));
#9932=DIMENSIONAL_EXPONENTS(0.E0,0.E0,0.E0,0.E0,0.E0,0.E0,0.E0);
#9933=(NAMED_UNIT(*)PLANE_ANGLE_UNIT()SI_UNIT($,.RADIAN.));
#9934=PLANE_ANGLE_MEASURE_WITH_UNIT(PLANE_ANGLE_MEASURE(1.745329251994E-2),
#9933);
#9935=(CONVERSION_BASED_UNIT('DEGREE',#9934)NAMED_UNIT(#9932)PLANE_ANGLE_UNIT(
));
#9936=(NAMED_UNIT(*)SI_UNIT($,.STERADIAN.)SOLID_ANGLE_UNIT());
#9937=UNCERTAINTY_MEASURE_WITH_UNIT(LENGTH_MEASURE(5.653803377141E-3),#9931,
'closure',
'Maximum model space distance between geometric entities at asserted connectivities');
#9939=CARTESIAN_POINT('',(0.E0,0.E0,0.E0));
#9940=DIRECTION('',(0.E0,0.E0,1.E0));
#9941=DIRECTION('',(1.E0,0.E0,0.E0));
#9943=DESIGN_CONTEXT('',#4257,'design');
#9944=MECHANICAL_CONTEXT('',#4257,'mechanical');
#9945=PRODUCT('100-25FEMALE-ASSMBLY_ASM','100-25FEMALE-ASSMBLY_ASM',
'NOT SPECIFIED',(#9944));
#9946=PRODUCT_DEFINITION_FORMATION_WITH_SPECIFIED_SOURCE('13','LAST_VERSION',
#9945,.MADE.);
#9948=PRODUCT_CATEGORY('part','');
#9949=PRODUCT_RELATED_PRODUCT_CATEGORY('assembly','',(#9945));
#9950=PRODUCT_CATEGORY_RELATIONSHIP('','',#9948,#9949);
#9951=PRODUCT_CATEGORY('part','');
#9952=PRODUCT_RELATED_PRODUCT_CATEGORY('detail','',(#4261,#5862,#8005,#9701));
#9953=PRODUCT_CATEGORY_RELATIONSHIP('','',#9951,#9952);
#9954=SECURITY_CLASSIFICATION_LEVEL('unclassified');
#9955=SECURITY_CLASSIFICATION('','',#9954);
#9956=CC_DESIGN_SECURITY_CLASSIFICATION(#9955,(#4262,#5863,#8006,#9702,#9946,
#4269,#5867,#8010,#9706,#9715,#9724,#9733,#9742,#9751,#9760,#9769,#9778,#9787,
#9796,#9805,#9814,#9823,#9832,#9841,#9850,#9859,#9868,#9877,#9886,#9895,#9904,
#9913,#9922));
#9957=APPROVAL_STATUS('approved');
#9958=APPROVAL(#9957,'');
#9959=CC_DESIGN_APPROVAL(#9958,(#9955,#4262,#5863,#8006,#9702,#9946,#4263,#5864,
#8007,#9703,#9947));
#9960=CALENDAR_DATE(115,15,10);
#9961=COORDINATED_UNIVERSAL_TIME_OFFSET(8,0,.AHEAD.);
#9962=LOCAL_TIME(16,35,1.9E1,#9961);
#9963=DATE_AND_TIME(#9960,#9962);
#9964=APPROVAL_DATE_TIME(#9963,#9958);
#9965=DATE_TIME_ROLE('creation_date');
#9966=CC_DESIGN_DATE_AND_TIME_ASSIGNMENT(#9963,#9965,(#4263,#5864,#8007,#9703,
#9947));
#9967=DATE_TIME_ROLE('classification_date');
#9968=CC_DESIGN_DATE_AND_TIME_ASSIGNMENT(#9963,#9967,(#9955));
#9969=PERSON('UNSPECIFIED','UNSPECIFIED',$,$,$,$);
#9970=ORGANIZATION('UNSPECIFIED','UNSPECIFIED','UNSPECIFIED');
#9971=PERSON_AND_ORGANIZATION(#9969,#9970);
#9972=APPROVAL_ROLE('approver');
#9973=APPROVAL_PERSON_ORGANIZATION(#9971,#9958,#9972);
#9974=PERSON_AND_ORGANIZATION_ROLE('creator');
#9975=CC_DESIGN_PERSON_AND_ORGANIZATION_ASSIGNMENT(#9971,#9974,(#4262,#5863,
#8006,#9702,#9946,#4263,#5864,#8007,#9703,#9947));
#9976=PERSON_AND_ORGANIZATION_ROLE('design_supplier');
#9977=CC_DESIGN_PERSON_AND_ORGANIZATION_ASSIGNMENT(#9971,#9976,(#4262,#5863,
#8006,#9702,#9946));
#9978=PERSON_AND_ORGANIZATION_ROLE('classification_officer');
#9979=CC_DESIGN_PERSON_AND_ORGANIZATION_ASSIGNMENT(#9971,#9978,(#9955));
#9980=PERSON_AND_ORGANIZATION_ROLE('design_owner');
#9981=CC_DESIGN_PERSON_AND_ORGANIZATION_ASSIGNMENT(#9971,#9980,(#9945,#4261,
#5862,#8005,#9701));
#6=CIRCLE('',#5,1.56E0);
#15=CIRCLE('',#14,1.56E0);
#24=CIRCLE('',#23,1.56E0);
#33=CIRCLE('',#32,1.56E0);
#42=CIRCLE('',#41,8.E-1);
#47=CIRCLE('',#46,8.E-1);
#52=CIRCLE('',#51,8.E-1);
#57=CIRCLE('',#56,8.E-1);
#62=CIRCLE('',#61,8.E-1);
#67=CIRCLE('',#66,8.E-1);
#72=CIRCLE('',#71,8.E-1);
#77=CIRCLE('',#76,8.E-1);
#82=CIRCLE('',#81,8.E-1);
#87=CIRCLE('',#86,8.E-1);
#92=CIRCLE('',#91,8.E-1);
#97=CIRCLE('',#96,8.E-1);
#102=CIRCLE('',#101,8.E-1);
#107=CIRCLE('',#106,8.E-1);
#112=CIRCLE('',#111,8.E-1);
#117=CIRCLE('',#116,8.E-1);
#122=CIRCLE('',#121,8.E-1);
#127=CIRCLE('',#126,8.E-1);
#132=CIRCLE('',#131,8.E-1);
#137=CIRCLE('',#136,8.E-1);
#142=CIRCLE('',#141,8.E-1);
#147=CIRCLE('',#146,8.E-1);
#152=CIRCLE('',#151,8.E-1);
#157=CIRCLE('',#156,8.E-1);
#162=CIRCLE('',#161,8.E-1);
#167=CIRCLE('',#166,8.E-1);
#172=CIRCLE('',#171,8.E-1);
#177=CIRCLE('',#176,8.E-1);
#182=CIRCLE('',#181,8.E-1);
#187=CIRCLE('',#186,8.E-1);
#192=CIRCLE('',#191,8.E-1);
#197=CIRCLE('',#196,8.E-1);
#202=CIRCLE('',#201,8.E-1);
#207=CIRCLE('',#206,8.E-1);
#212=CIRCLE('',#211,8.E-1);
#217=CIRCLE('',#216,8.E-1);
#222=CIRCLE('',#221,8.E-1);
#227=CIRCLE('',#226,8.E-1);
#232=CIRCLE('',#231,8.E-1);
#237=CIRCLE('',#236,8.E-1);
#242=CIRCLE('',#241,8.E-1);
#247=CIRCLE('',#246,8.E-1);
#252=CIRCLE('',#251,8.E-1);
#257=CIRCLE('',#256,8.E-1);
#262=CIRCLE('',#261,8.E-1);
#267=CIRCLE('',#266,8.E-1);
#272=CIRCLE('',#271,8.E-1);
#277=CIRCLE('',#276,8.E-1);
#282=CIRCLE('',#281,8.E-1);
#287=CIRCLE('',#286,8.E-1);
#292=CIRCLE('',#291,1.56E0);
#301=CIRCLE('',#300,2.E0);
#310=CIRCLE('',#309,2.E0);
#319=CIRCLE('',#318,2.E0);
#328=CIRCLE('',#327,2.E0);
#337=CIRCLE('',#336,2.E0);
#346=CIRCLE('',#345,2.E0);
#355=CIRCLE('',#354,2.E0);
#380=CIRCLE('',#379,2.E0);
#397=CIRCLE('',#396,1.E0);
#409=B_SPLINE_CURVE_WITH_KNOTS('',3,(#398,#399,#400,#401,#402,#403,#404,#405,
#406,#407,#408),.UNSPECIFIED.,.F.,.F.,(4,1,1,1,1,1,1,1,4),(0.E0,1.25E-1,2.5E-1,
3.75E-1,5.E-1,6.25E-1,7.5E-1,8.75E-1,1.E0),.UNSPECIFIED.);
#414=CIRCLE('',#413,1.E0);
#423=CIRCLE('',#422,1.E0);
#428=CIRCLE('',#427,1.E0);
#445=CIRCLE('',#444,1.E0);
#452=B_SPLINE_CURVE_WITH_KNOTS('',3,(#446,#447,#448,#449,#450,#451),
.UNSPECIFIED.,.F.,.F.,(4,1,1,4),(0.E0,3.333333333333E-1,6.666666666667E-1,1.E0),
.UNSPECIFIED.);
#457=CIRCLE('',#456,2.E0);
#471=B_SPLINE_CURVE_WITH_KNOTS('',3,(#466,#467,#468,#469,#470),.UNSPECIFIED.,
.F.,.F.,(4,1,4),(0.E0,5.E-1,1.E0),.UNSPECIFIED.);
#480=CIRCLE('',#479,2.E0);
#487=B_SPLINE_CURVE_WITH_KNOTS('',3,(#481,#482,#483,#484,#485,#486),
.UNSPECIFIED.,.F.,.F.,(4,1,1,4),(0.E0,3.333333333333E-1,6.666666666667E-1,1.E0),
.UNSPECIFIED.);
#496=CIRCLE('',#495,1.E0);
#513=CIRCLE('',#512,1.E0);
#522=CIRCLE('',#521,1.E0);
#527=CIRCLE('',#526,1.E0);
#536=CIRCLE('',#535,1.E0);
#541=CIRCLE('',#540,5.E-1);
#546=CIRCLE('',#545,5.E-1);
#551=CIRCLE('',#550,5.E-1);
#556=CIRCLE('',#555,5.E-1);
#561=CIRCLE('',#560,5.E-1);
#566=CIRCLE('',#565,5.E-1);
#571=CIRCLE('',#570,5.E-1);
#576=CIRCLE('',#575,5.E-1);
#581=CIRCLE('',#580,5.E-1);
#586=CIRCLE('',#585,5.E-1);
#591=CIRCLE('',#590,5.E-1);
#596=CIRCLE('',#595,5.E-1);
#601=CIRCLE('',#600,5.E-1);
#606=CIRCLE('',#605,5.E-1);
#611=CIRCLE('',#610,5.E-1);
#616=CIRCLE('',#615,5.E-1);
#621=CIRCLE('',#620,5.E-1);
#626=CIRCLE('',#625,5.E-1);
#631=CIRCLE('',#630,5.E-1);
#636=CIRCLE('',#635,5.E-1);
#641=CIRCLE('',#640,5.E-1);
#646=CIRCLE('',#645,5.E-1);
#651=CIRCLE('',#650,5.E-1);
#656=CIRCLE('',#655,5.E-1);
#661=CIRCLE('',#660,5.E-1);
#666=CIRCLE('',#665,5.E-1);
#671=CIRCLE('',#670,5.E-1);
#676=CIRCLE('',#675,5.E-1);
#681=CIRCLE('',#680,5.E-1);
#686=CIRCLE('',#685,5.E-1);
#691=CIRCLE('',#690,5.E-1);
#696=CIRCLE('',#695,5.E-1);
#701=CIRCLE('',#700,5.E-1);
#706=CIRCLE('',#705,5.E-1);
#711=CIRCLE('',#710,5.E-1);
#716=CIRCLE('',#715,5.E-1);
#721=CIRCLE('',#720,5.E-1);
#726=CIRCLE('',#725,5.E-1);
#731=CIRCLE('',#730,5.E-1);
#736=CIRCLE('',#735,5.E-1);
#741=CIRCLE('',#740,5.E-1);
#746=CIRCLE('',#745,5.E-1);
#751=CIRCLE('',#750,5.E-1);
#756=CIRCLE('',#755,5.E-1);
#761=CIRCLE('',#760,5.E-1);
#766=CIRCLE('',#765,5.E-1);
#771=CIRCLE('',#770,5.E-1);
#776=CIRCLE('',#775,5.E-1);
#781=CIRCLE('',#780,5.E-1);
#786=CIRCLE('',#785,5.E-1);
#799=CIRCLE('',#798,5.E-1);
#816=CIRCLE('',#815,5.E-1);
#825=CIRCLE('',#824,5.E-1);
#842=CIRCLE('',#841,5.E-1);
#851=CIRCLE('',#850,5.E-1);
#868=CIRCLE('',#867,5.E-1);
#877=CIRCLE('',#876,5.E-1);
#894=CIRCLE('',#893,5.E-1);
#903=CIRCLE('',#902,5.E-1);
#920=CIRCLE('',#919,5.E-1);
#929=CIRCLE('',#928,5.E-1);
#946=CIRCLE('',#945,5.E-1);
#955=CIRCLE('',#954,5.E-1);
#972=CIRCLE('',#971,5.E-1);
#981=CIRCLE('',#980,5.E-1);
#998=CIRCLE('',#997,5.E-1);
#1007=CIRCLE('',#1006,5.E-1);
#1024=CIRCLE('',#1023,5.E-1);
#1033=CIRCLE('',#1032,5.E-1);
#1050=CIRCLE('',#1049,5.E-1);
#1059=CIRCLE('',#1058,5.E-1);
#1076=CIRCLE('',#1075,5.E-1);
#1085=CIRCLE('',#1084,5.E-1);
#1102=CIRCLE('',#1101,5.E-1);
#1111=CIRCLE('',#1110,5.E-1);
#1128=CIRCLE('',#1127,5.E-1);
#1137=CIRCLE('',#1136,5.E-1);
#1154=CIRCLE('',#1153,5.E-1);
#1163=CIRCLE('',#1162,5.E-1);
#1180=CIRCLE('',#1179,5.E-1);
#1189=CIRCLE('',#1188,5.E-1);
#1206=CIRCLE('',#1205,5.E-1);
#1215=CIRCLE('',#1214,5.E-1);
#1232=CIRCLE('',#1231,5.E-1);
#1241=CIRCLE('',#1240,5.E-1);
#1258=CIRCLE('',#1257,5.E-1);
#1267=CIRCLE('',#1266,5.E-1);
#1284=CIRCLE('',#1283,5.E-1);
#1293=CIRCLE('',#1292,5.E-1);
#1310=CIRCLE('',#1309,5.E-1);
#1319=CIRCLE('',#1318,5.E-1);
#1336=CIRCLE('',#1335,5.E-1);
#1345=CIRCLE('',#1344,5.E-1);
#1362=CIRCLE('',#1361,5.E-1);
#1371=CIRCLE('',#1370,5.E-1);
#1388=CIRCLE('',#1387,5.E-1);
#1397=CIRCLE('',#1396,5.E-1);
#1414=CIRCLE('',#1413,5.E-1);
#1423=CIRCLE('',#1422,5.E-1);
#1440=CIRCLE('',#1439,5.E-1);
#1449=CIRCLE('',#1448,2.E0);
#1454=CIRCLE('',#1453,2.E0);
#1479=CIRCLE('',#1478,2.E0);
#1488=CIRCLE('',#1487,2.E0);
#1501=CIRCLE('',#1500,2.E0);
#1510=CIRCLE('',#1509,2.E0);
#1531=CIRCLE('',#1530,1.56E0);
#1548=CIRCLE('',#1547,1.56E0);
#1565=CIRCLE('',#1564,1.56E0);
#1993=EDGE_CURVE('',#1580,#1581,#6,.T.);
#1995=EDGE_CURVE('',#1581,#1583,#10,.T.);
#1997=EDGE_CURVE('',#1583,#1585,#15,.T.);
#1999=EDGE_CURVE('',#1585,#1587,#19,.T.);
#2001=EDGE_CURVE('',#1587,#1589,#24,.T.);
#2003=EDGE_CURVE('',#1589,#1591,#28,.T.);
#2005=EDGE_CURVE('',#1591,#1593,#33,.T.);
#2007=EDGE_CURVE('',#1593,#1580,#37,.T.);
#2011=EDGE_CURVE('',#1738,#1739,#42,.T.);
#2013=EDGE_CURVE('',#1739,#1738,#47,.T.);
#2017=EDGE_CURVE('',#1746,#1747,#52,.T.);
#2019=EDGE_CURVE('',#1747,#1746,#57,.T.);
#2023=EDGE_CURVE('',#1754,#1755,#62,.T.);
#2025=EDGE_CURVE('',#1755,#1754,#67,.T.);
#2029=EDGE_CURVE('',#1762,#1763,#72,.T.);
#2031=EDGE_CURVE('',#1763,#1762,#77,.T.);
#2035=EDGE_CURVE('',#1770,#1771,#82,.T.);
#2037=EDGE_CURVE('',#1771,#1770,#87,.T.);
#2041=EDGE_CURVE('',#1778,#1779,#92,.T.);
#2043=EDGE_CURVE('',#1779,#1778,#97,.T.);
#2047=EDGE_CURVE('',#1786,#1787,#102,.T.);
#2049=EDGE_CURVE('',#1787,#1786,#107,.T.);
#2053=EDGE_CURVE('',#1794,#1795,#112,.T.);
#2055=EDGE_CURVE('',#1795,#1794,#117,.T.);
#2059=EDGE_CURVE('',#1802,#1803,#122,.T.);
#2061=EDGE_CURVE('',#1803,#1802,#127,.T.);
#2065=EDGE_CURVE('',#1810,#1811,#132,.T.);
#2067=EDGE_CURVE('',#1811,#1810,#137,.T.);
#2071=EDGE_CURVE('',#1818,#1819,#142,.T.);
#2073=EDGE_CURVE('',#1819,#1818,#147,.T.);
#2077=EDGE_CURVE('',#1826,#1827,#152,.T.);
#2079=EDGE_CURVE('',#1827,#1826,#157,.T.);
#2083=EDGE_CURVE('',#1886,#1887,#162,.T.);
#2085=EDGE_CURVE('',#1887,#1886,#167,.T.);
#2089=EDGE_CURVE('',#1894,#1895,#172,.T.);
#2091=EDGE_CURVE('',#1895,#1894,#177,.T.);
#2095=EDGE_CURVE('',#1902,#1903,#182,.T.);
#2097=EDGE_CURVE('',#1903,#1902,#187,.T.);
#2101=EDGE_CURVE('',#1910,#1911,#192,.T.);
#2103=EDGE_CURVE('',#1911,#1910,#197,.T.);
#2107=EDGE_CURVE('',#1918,#1919,#202,.T.);
#2109=EDGE_CURVE('',#1919,#1918,#207,.T.);
#2113=EDGE_CURVE('',#1926,#1927,#212,.T.);
#2115=EDGE_CURVE('',#1927,#1926,#217,.T.);
#2119=EDGE_CURVE('',#1934,#1935,#222,.T.);
#2121=EDGE_CURVE('',#1935,#1934,#227,.T.);
#2125=EDGE_CURVE('',#1942,#1943,#232,.T.);
#2127=EDGE_CURVE('',#1943,#1942,#237,.T.);
#2131=EDGE_CURVE('',#1950,#1951,#242,.T.);
#2133=EDGE_CURVE('',#1951,#1950,#247,.T.);
#2137=EDGE_CURVE('',#1958,#1959,#252,.T.);
#2139=EDGE_CURVE('',#1959,#1958,#257,.T.);
#2143=EDGE_CURVE('',#1966,#1967,#262,.T.);
#2145=EDGE_CURVE('',#1967,#1966,#267,.T.);
#2149=EDGE_CURVE('',#1974,#1975,#272,.T.);
#2151=EDGE_CURVE('',#1975,#1974,#277,.T.);
#2155=EDGE_CURVE('',#1982,#1983,#282,.T.);
#2157=EDGE_CURVE('',#1983,#1982,#287,.T.);
#2161=ADVANCED_FACE('',(#2010,#2016,#2022,#2028,#2034,#2040,#2046,#2052,#2058,
#2064,#2070,#2076,#2082,#2088,#2094,#2100,#2106,#2112,#2118,#2124,#2130,#2136,
#2142,#2148,#2154,#2160),#1992,.F.);
#2167=EDGE_CURVE('',#1612,#1613,#292,.T.);
#2169=EDGE_CURVE('',#1581,#1613,#1577,.T.);
#2172=EDGE_CURVE('',#1580,#1612,#296,.T.);
#2176=ADVANCED_FACE('',(#2175),#2166,.T.);
#2182=EDGE_CURVE('',#1596,#1597,#301,.T.);
#2184=EDGE_CURVE('',#1597,#1599,#305,.T.);
#2186=EDGE_CURVE('',#1599,#1601,#310,.T.);
#2188=EDGE_CURVE('',#1601,#1603,#314,.T.);
#2190=EDGE_CURVE('',#1603,#1605,#319,.T.);
#2192=EDGE_CURVE('',#1605,#1607,#323,.T.);
#2194=EDGE_CURVE('',#1607,#1609,#328,.T.);
#2196=EDGE_CURVE('',#1609,#1596,#332,.T.);
#2201=EDGE_CURVE('',#1625,#1612,#1522,.T.);
#2203=EDGE_CURVE('',#1623,#1625,#1531,.T.);
#2205=EDGE_CURVE('',#1621,#1623,#1539,.T.);
#2207=EDGE_CURVE('',#1619,#1621,#1548,.T.);
#2209=EDGE_CURVE('',#1617,#1619,#1556,.T.);
#2211=EDGE_CURVE('',#1615,#1617,#1565,.T.);
#2213=EDGE_CURVE('',#1613,#1615,#1573,.T.);
#2217=ADVANCED_FACE('',(#2199,#2216),#2181,.F.);
#2223=EDGE_CURVE('',#1628,#1629,#337,.T.);
#2225=EDGE_CURVE('',#1597,#1629,#1518,.T.);
#2228=EDGE_CURVE('',#1596,#1628,#341,.T.);
#2232=ADVANCED_FACE('',(#2231),#2222,.T.);
#2238=EDGE_CURVE('',#1687,#1628,#346,.T.);
#2240=EDGE_CURVE('',#1687,#1629,#380,.T.);
#2245=ADVANCED_FACE('',(#2244),#2237,.T.);
#2251=EDGE_CURVE('',#1678,#1687,#350,.T.);
#2254=EDGE_CURVE('',#1641,#1628,#1462,.T.);
#2256=EDGE_CURVE('',#1675,#1641,#355,.T.);
#2258=EDGE_CURVE('',#1675,#1667,#359,.T.);
#2260=EDGE_CURVE('',#1667,#1678,#363,.T.);
#2264=ADVANCED_FACE('',(#2263),#2250,.T.);
#2270=EDGE_CURVE('',#1685,#1687,#367,.T.);
#2273=EDGE_CURVE('',#1685,#1678,#397,.T.);
#2277=ADVANCED_FACE('',(#2276),#2269,.T.);
#2284=EDGE_CURVE('',#1685,#1649,#371,.T.);
#2286=EDGE_CURVE('',#1649,#1653,#375,.T.);
#2288=EDGE_CURVE('',#1653,#1631,#1510,.T.);
#2290=EDGE_CURVE('',#1629,#1631,#1514,.T.);
#2295=ADVANCED_FACE('',(#2294),#2282,.T.);
#2301=EDGE_CURVE('',#1683,#1685,#384,.T.);
#2303=EDGE_CURVE('',#1683,#1648,#388,.T.);
#2305=EDGE_CURVE('',#1648,#1649,#392,.T.);
#2310=ADVANCED_FACE('',(#2309),#2300,.T.);
#2316=EDGE_CURVE('',#1678,#1679,#423,.T.);
#2318=EDGE_CURVE('',#1681,#1679,#790,.T.);
#2320=EDGE_CURVE('',#1681,#1683,#513,.T.);
#2326=ADVANCED_FACE('',(#2325),#2315,.T.);
#2332=EDGE_CURVE('',#1654,#1655,#409,.T.);
#2334=EDGE_CURVE('',#1645,#1654,#465,.T.);
#2336=EDGE_CURVE('',#1644,#1645,#414,.T.);
#2338=EDGE_CURVE('',#1644,#1655,#418,.T.);
#2342=ADVANCED_FACE('',(#2341),#2331,.F.);
#2350=EDGE_CURVE('',#1666,#1667,#428,.T.);
#2352=EDGE_CURVE('',#1666,#1679,#432,.T.);
#2356=ADVANCED_FACE('',(#2355),#2347,.F.);
#2363=EDGE_CURVE('',#1657,#1655,#436,.T.);
#2365=EDGE_CURVE('',#1657,#1659,#527,.T.);
#2367=EDGE_CURVE('',#1659,#1661,#504,.T.);
#2369=EDGE_CURVE('',#1661,#1654,#487,.T.);
#2373=ADVANCED_FACE('',(#2372),#2361,.T.);
#2381=EDGE_CURVE('',#1651,#1644,#440,.T.);
#2383=EDGE_CURVE('',#1651,#1657,#531,.T.);
#2387=ADVANCED_FACE('',(#2386),#2378,.T.);
#2394=EDGE_CURVE('',#1645,#1649,#445,.T.);
#2397=EDGE_CURVE('',#1648,#1651,#536,.T.);
#2402=ADVANCED_FACE('',(#2401),#2392,.T.);
#2408=EDGE_CURVE('',#1653,#1645,#461,.T.);
#2414=ADVANCED_FACE('',(#2413),#2407,.T.);
#2420=EDGE_CURVE('',#1662,#1663,#452,.T.);
#2422=EDGE_CURVE('',#1663,#1635,#1488,.T.);
#2424=EDGE_CURVE('',#1633,#1635,#1492,.T.);
#2426=EDGE_CURVE('',#1653,#1633,#457,.T.);
#2430=EDGE_CURVE('',#1654,#1662,#471,.T.);
#2434=ADVANCED_FACE('',(#2433),#2419,.T.);
#2440=EDGE_CURVE('',#1671,#1675,#475,.T.);
#2442=EDGE_CURVE('',#1675,#1639,#1449,.T.);
#2444=EDGE_CURVE('',#1637,#1639,#1470,.T.);
#2446=EDGE_CURVE('',#1663,#1637,#480,.T.);
#2451=EDGE_CURVE('',#1661,#1671,#491,.T.);
#2455=ADVANCED_FACE('',(#2454),#2439,.T.);
#2463=EDGE_CURVE('',#1667,#1671,#496,.T.);
#2467=ADVANCED_FACE('',(#2466),#2460,.T.);
#2475=EDGE_CURVE('',#1670,#1671,#500,.T.);
#2477=EDGE_CURVE('',#1670,#1673,#522,.T.);
#2479=EDGE_CURVE('',#1673,#1666,#794,.T.);
#2483=ADVANCED_FACE('',(#2482),#2472,.T.);
#2492=EDGE_CURVE('',#1659,#1670,#508,.T.);
#2496=ADVANCED_FACE('',(#2495),#2488,.T.);
#2503=EDGE_CURVE('',#1673,#1681,#517,.T.);
#2513=EDGE_CURVE('',#1690,#1691,#541,.T.);
#2515=EDGE_CURVE('',#1691,#1690,#546,.T.);
#2519=EDGE_CURVE('',#1694,#1695,#551,.T.);
#2521=EDGE_CURVE('',#1695,#1694,#556,.T.);
#2525=EDGE_CURVE('',#1698,#1699,#561,.T.);
#2527=EDGE_CURVE('',#1699,#1698,#566,.T.);
#2531=EDGE_CURVE('',#1702,#1703,#571,.T.);
#2533=EDGE_CURVE('',#1703,#1702,#576,.T.);
#2537=EDGE_CURVE('',#1706,#1707,#581,.T.);
#2539=EDGE_CURVE('',#1707,#1706,#586,.T.);
#2543=EDGE_CURVE('',#1710,#1711,#591,.T.);
#2545=EDGE_CURVE('',#1711,#1710,#596,.T.);
#2549=EDGE_CURVE('',#1714,#1715,#601,.T.);
#2551=EDGE_CURVE('',#1715,#1714,#606,.T.);
#2555=EDGE_CURVE('',#1718,#1719,#611,.T.);
#2557=EDGE_CURVE('',#1719,#1718,#616,.T.);
#2561=EDGE_CURVE('',#1722,#1723,#621,.T.);
#2563=EDGE_CURVE('',#1723,#1722,#626,.T.);
#2567=EDGE_CURVE('',#1726,#1727,#631,.T.);
#2569=EDGE_CURVE('',#1727,#1726,#636,.T.);
#2573=EDGE_CURVE('',#1730,#1731,#641,.T.);
#2575=EDGE_CURVE('',#1731,#1730,#646,.T.);
#2579=EDGE_CURVE('',#1734,#1735,#651,.T.);
#2581=EDGE_CURVE('',#1735,#1734,#656,.T.);
#2585=EDGE_CURVE('',#1834,#1835,#661,.T.);
#2587=EDGE_CURVE('',#1835,#1834,#666,.T.);
#2591=EDGE_CURVE('',#1838,#1839,#671,.T.);
#2593=EDGE_CURVE('',#1839,#1838,#676,.T.);
#2597=EDGE_CURVE('',#1842,#1843,#681,.T.);
#2599=EDGE_CURVE('',#1843,#1842,#686,.T.);
#2603=EDGE_CURVE('',#1846,#1847,#691,.T.);
#2605=EDGE_CURVE('',#1847,#1846,#696,.T.);
#2609=EDGE_CURVE('',#1850,#1851,#701,.T.);
#2611=EDGE_CURVE('',#1851,#1850,#706,.T.);
#2615=EDGE_CURVE('',#1854,#1855,#711,.T.);
#2617=EDGE_CURVE('',#1855,#1854,#716,.T.);
#2621=EDGE_CURVE('',#1858,#1859,#721,.T.);
#2623=EDGE_CURVE('',#1859,#1858,#726,.T.);
#2627=EDGE_CURVE('',#1862,#1863,#731,.T.);
#2629=EDGE_CURVE('',#1863,#1862,#736,.T.);
#2633=EDGE_CURVE('',#1866,#1867,#741,.T.);
#2635=EDGE_CURVE('',#1867,#1866,#746,.T.);
#2639=EDGE_CURVE('',#1870,#1871,#751,.T.);
#2641=EDGE_CURVE('',#1871,#1870,#756,.T.);
#2645=EDGE_CURVE('',#1874,#1875,#761,.T.);
#2647=EDGE_CURVE('',#1875,#1874,#766,.T.);
#2651=EDGE_CURVE('',#1878,#1879,#771,.T.);
#2653=EDGE_CURVE('',#1879,#1878,#776,.T.);
#2657=EDGE_CURVE('',#1882,#1883,#781,.T.);
#2659=EDGE_CURVE('',#1883,#1882,#786,.T.);
#2663=ADVANCED_FACE('',(#2512,#2518,#2524,#2530,#2536,#2542,#2548,#2554,#2560,
#2566,#2572,#2578,#2584,#2590,#2596,#2602,#2608,#2614,#2620,#2626,#2632,#2638,
#2644,#2650,#2656,#2662),#2501,.T.);
#2675=ADVANCED_FACE('',(#2674),#2668,.T.);
#2681=EDGE_CURVE('',#1742,#1743,#799,.T.);
#2683=EDGE_CURVE('',#1743,#1690,#803,.T.);
#2686=EDGE_CURVE('',#1742,#1691,#820,.T.);
#2690=ADVANCED_FACE('',(#2689),#2680,.F.);
#2697=EDGE_CURVE('',#1739,#1743,#811,.T.);
#2700=EDGE_CURVE('',#1738,#1742,#807,.T.);
#2704=ADVANCED_FACE('',(#2703),#2695,.F.);
#2712=EDGE_CURVE('',#1743,#1742,#816,.T.);
#2717=ADVANCED_FACE('',(#2716),#2709,.F.);
#2729=ADVANCED_FACE('',(#2728),#2722,.F.);
#2735=EDGE_CURVE('',#1750,#1751,#825,.T.);
#2737=EDGE_CURVE('',#1751,#1694,#829,.T.);
#2740=EDGE_CURVE('',#1750,#1695,#846,.T.);
#2744=ADVANCED_FACE('',(#2743),#2734,.F.);
#2751=EDGE_CURVE('',#1747,#1751,#837,.T.);
#2754=EDGE_CURVE('',#1746,#1750,#833,.T.);
#2758=ADVANCED_FACE('',(#2757),#2749,.F.);
#2766=EDGE_CURVE('',#1751,#1750,#842,.T.);
#2771=ADVANCED_FACE('',(#2770),#2763,.F.);
#2783=ADVANCED_FACE('',(#2782),#2776,.F.);
#2789=EDGE_CURVE('',#1758,#1759,#851,.T.);
#2791=EDGE_CURVE('',#1759,#1698,#855,.T.);
#2794=EDGE_CURVE('',#1758,#1699,#872,.T.);
#2798=ADVANCED_FACE('',(#2797),#2788,.F.);
#2805=EDGE_CURVE('',#1755,#1759,#863,.T.);
#2808=EDGE_CURVE('',#1754,#1758,#859,.T.);
#2812=ADVANCED_FACE('',(#2811),#2803,.F.);
#2820=EDGE_CURVE('',#1759,#1758,#868,.T.);
#2825=ADVANCED_FACE('',(#2824),#2817,.F.);
#2837=ADVANCED_FACE('',(#2836),#2830,.F.);
#2843=EDGE_CURVE('',#1766,#1767,#877,.T.);
#2845=EDGE_CURVE('',#1767,#1702,#881,.T.);
#2848=EDGE_CURVE('',#1766,#1703,#898,.T.);
#2852=ADVANCED_FACE('',(#2851),#2842,.F.);
#2859=EDGE_CURVE('',#1763,#1767,#889,.T.);
#2862=EDGE_CURVE('',#1762,#1766,#885,.T.);
#2866=ADVANCED_FACE('',(#2865),#2857,.F.);
#2874=EDGE_CURVE('',#1767,#1766,#894,.T.);
#2879=ADVANCED_FACE('',(#2878),#2871,.F.);
#2891=ADVANCED_FACE('',(#2890),#2884,.F.);
#2897=EDGE_CURVE('',#1774,#1775,#903,.T.);
#2899=EDGE_CURVE('',#1775,#1706,#907,.T.);
#2902=EDGE_CURVE('',#1774,#1707,#924,.T.);
#2906=ADVANCED_FACE('',(#2905),#2896,.F.);
#2913=EDGE_CURVE('',#1771,#1775,#915,.T.);
#2916=EDGE_CURVE('',#1770,#1774,#911,.T.);
#2920=ADVANCED_FACE('',(#2919),#2911,.F.);
#2928=EDGE_CURVE('',#1775,#1774,#920,.T.);
#2933=ADVANCED_FACE('',(#2932),#2925,.F.);
#2945=ADVANCED_FACE('',(#2944),#2938,.F.);
#2951=EDGE_CURVE('',#1782,#1783,#929,.T.);
#2953=EDGE_CURVE('',#1783,#1710,#933,.T.);
#2956=EDGE_CURVE('',#1782,#1711,#950,.T.);
#2960=ADVANCED_FACE('',(#2959),#2950,.F.);
#2967=EDGE_CURVE('',#1779,#1783,#941,.T.);
#2970=EDGE_CURVE('',#1778,#1782,#937,.T.);
#2974=ADVANCED_FACE('',(#2973),#2965,.F.);
#2982=EDGE_CURVE('',#1783,#1782,#946,.T.);
#2987=ADVANCED_FACE('',(#2986),#2979,.F.);
#2999=ADVANCED_FACE('',(#2998),#2992,.F.);
#3005=EDGE_CURVE('',#1790,#1791,#955,.T.);
#3007=EDGE_CURVE('',#1791,#1714,#959,.T.);
#3010=EDGE_CURVE('',#1790,#1715,#976,.T.);
#3014=ADVANCED_FACE('',(#3013),#3004,.F.);
#3021=EDGE_CURVE('',#1787,#1791,#967,.T.);
#3024=EDGE_CURVE('',#1786,#1790,#963,.T.);
#3028=ADVANCED_FACE('',(#3027),#3019,.F.);
#3036=EDGE_CURVE('',#1791,#1790,#972,.T.);
#3041=ADVANCED_FACE('',(#3040),#3033,.F.);
#3053=ADVANCED_FACE('',(#3052),#3046,.F.);
#3059=EDGE_CURVE('',#1798,#1799,#981,.T.);
#3061=EDGE_CURVE('',#1799,#1718,#985,.T.);
#3064=EDGE_CURVE('',#1798,#1719,#1002,.T.);
#3068=ADVANCED_FACE('',(#3067),#3058,.F.);
#3075=EDGE_CURVE('',#1795,#1799,#993,.T.);
#3078=EDGE_CURVE('',#1794,#1798,#989,.T.);
#3082=ADVANCED_FACE('',(#3081),#3073,.F.);
#3090=EDGE_CURVE('',#1799,#1798,#998,.T.);
#3095=ADVANCED_FACE('',(#3094),#3087,.F.);
#3107=ADVANCED_FACE('',(#3106),#3100,.F.);
#3113=EDGE_CURVE('',#1806,#1807,#1007,.T.);
#3115=EDGE_CURVE('',#1807,#1722,#1011,.T.);
#3118=EDGE_CURVE('',#1806,#1723,#1028,.T.);
#3122=ADVANCED_FACE('',(#3121),#3112,.F.);
#3129=EDGE_CURVE('',#1803,#1807,#1019,.T.);
#3132=EDGE_CURVE('',#1802,#1806,#1015,.T.);
#3136=ADVANCED_FACE('',(#3135),#3127,.F.);
#3144=EDGE_CURVE('',#1807,#1806,#1024,.T.);
#3149=ADVANCED_FACE('',(#3148),#3141,.F.);
#3161=ADVANCED_FACE('',(#3160),#3154,.F.);
#3167=EDGE_CURVE('',#1814,#1815,#1033,.T.);
#3169=EDGE_CURVE('',#1815,#1726,#1037,.T.);
#3172=EDGE_CURVE('',#1814,#1727,#1054,.T.);
#3176=ADVANCED_FACE('',(#3175),#3166,.F.);
#3183=EDGE_CURVE('',#1811,#1815,#1045,.T.);
#3186=EDGE_CURVE('',#1810,#1814,#1041,.T.);
#3190=ADVANCED_FACE('',(#3189),#3181,.F.);
#3198=EDGE_CURVE('',#1815,#1814,#1050,.T.);
#3203=ADVANCED_FACE('',(#3202),#3195,.F.);
#3215=ADVANCED_FACE('',(#3214),#3208,.F.);
#3221=EDGE_CURVE('',#1822,#1823,#1059,.T.);
#3223=EDGE_CURVE('',#1823,#1730,#1063,.T.);
#3226=EDGE_CURVE('',#1822,#1731,#1080,.T.);
#3230=ADVANCED_FACE('',(#3229),#3220,.F.);
#3237=EDGE_CURVE('',#1819,#1823,#1071,.T.);
#3240=EDGE_CURVE('',#1818,#1822,#1067,.T.);
#3244=ADVANCED_FACE('',(#3243),#3235,.F.);
#3252=EDGE_CURVE('',#1823,#1822,#1076,.T.);
#3257=ADVANCED_FACE('',(#3256),#3249,.F.);
#3269=ADVANCED_FACE('',(#3268),#3262,.F.);
#3275=EDGE_CURVE('',#1830,#1831,#1085,.T.);
#3277=EDGE_CURVE('',#1831,#1734,#1089,.T.);
#3280=EDGE_CURVE('',#1830,#1735,#1106,.T.);
#3284=ADVANCED_FACE('',(#3283),#3274,.F.);
#3291=EDGE_CURVE('',#1827,#1831,#1097,.T.);
#3294=EDGE_CURVE('',#1826,#1830,#1093,.T.);
#3298=ADVANCED_FACE('',(#3297),#3289,.F.);
#3306=EDGE_CURVE('',#1831,#1830,#1102,.T.);
#3311=ADVANCED_FACE('',(#3310),#3303,.F.);
#3323=ADVANCED_FACE('',(#3322),#3316,.F.);
#3329=EDGE_CURVE('',#1890,#1891,#1111,.T.);
#3331=EDGE_CURVE('',#1891,#1834,#1115,.T.);
#3334=EDGE_CURVE('',#1890,#1835,#1132,.T.);
#3338=ADVANCED_FACE('',(#3337),#3328,.F.);
#3345=EDGE_CURVE('',#1887,#1891,#1123,.T.);
#3348=EDGE_CURVE('',#1886,#1890,#1119,.T.);
#3352=ADVANCED_FACE('',(#3351),#3343,.F.);
#3360=EDGE_CURVE('',#1891,#1890,#1128,.T.);
#3365=ADVANCED_FACE('',(#3364),#3357,.F.);
#3377=ADVANCED_FACE('',(#3376),#3370,.F.);
#3383=EDGE_CURVE('',#1898,#1899,#1137,.T.);
#3385=EDGE_CURVE('',#1899,#1838,#1141,.T.);
#3388=EDGE_CURVE('',#1898,#1839,#1158,.T.);
#3392=ADVANCED_FACE('',(#3391),#3382,.F.);
#3399=EDGE_CURVE('',#1895,#1899,#1149,.T.);
#3402=EDGE_CURVE('',#1894,#1898,#1145,.T.);
#3406=ADVANCED_FACE('',(#3405),#3397,.F.);
#3414=EDGE_CURVE('',#1899,#1898,#1154,.T.);
#3419=ADVANCED_FACE('',(#3418),#3411,.F.);
#3431=ADVANCED_FACE('',(#3430),#3424,.F.);
#3437=EDGE_CURVE('',#1906,#1907,#1163,.T.);
#3439=EDGE_CURVE('',#1907,#1842,#1167,.T.);
#3442=EDGE_CURVE('',#1906,#1843,#1184,.T.);
#3446=ADVANCED_FACE('',(#3445),#3436,.F.);
#3453=EDGE_CURVE('',#1903,#1907,#1175,.T.);
#3456=EDGE_CURVE('',#1902,#1906,#1171,.T.);
#3460=ADVANCED_FACE('',(#3459),#3451,.F.);
#3468=EDGE_CURVE('',#1907,#1906,#1180,.T.);
#3473=ADVANCED_FACE('',(#3472),#3465,.F.);
#3485=ADVANCED_FACE('',(#3484),#3478,.F.);
#3491=EDGE_CURVE('',#1914,#1915,#1189,.T.);
#3493=EDGE_CURVE('',#1915,#1846,#1193,.T.);
#3496=EDGE_CURVE('',#1914,#1847,#1210,.T.);
#3500=ADVANCED_FACE('',(#3499),#3490,.F.);
#3507=EDGE_CURVE('',#1911,#1915,#1201,.T.);
#3510=EDGE_CURVE('',#1910,#1914,#1197,.T.);
#3514=ADVANCED_FACE('',(#3513),#3505,.F.);
#3522=EDGE_CURVE('',#1915,#1914,#1206,.T.);
#3527=ADVANCED_FACE('',(#3526),#3519,.F.);
#3539=ADVANCED_FACE('',(#3538),#3532,.F.);
#3545=EDGE_CURVE('',#1922,#1923,#1215,.T.);
#3547=EDGE_CURVE('',#1923,#1850,#1219,.T.);
#3550=EDGE_CURVE('',#1922,#1851,#1236,.T.);
#3554=ADVANCED_FACE('',(#3553),#3544,.F.);
#3561=EDGE_CURVE('',#1919,#1923,#1227,.T.);
#3564=EDGE_CURVE('',#1918,#1922,#1223,.T.);
#3568=ADVANCED_FACE('',(#3567),#3559,.F.);
#3576=EDGE_CURVE('',#1923,#1922,#1232,.T.);
#3581=ADVANCED_FACE('',(#3580),#3573,.F.);
#3593=ADVANCED_FACE('',(#3592),#3586,.F.);
#3599=EDGE_CURVE('',#1930,#1931,#1241,.T.);
#3601=EDGE_CURVE('',#1931,#1854,#1245,.T.);
#3604=EDGE_CURVE('',#1930,#1855,#1262,.T.);
#3608=ADVANCED_FACE('',(#3607),#3598,.F.);
#3615=EDGE_CURVE('',#1927,#1931,#1253,.T.);
#3618=EDGE_CURVE('',#1926,#1930,#1249,.T.);
#3622=ADVANCED_FACE('',(#3621),#3613,.F.);
#3630=EDGE_CURVE('',#1931,#1930,#1258,.T.);
#3635=ADVANCED_FACE('',(#3634),#3627,.F.);
#3647=ADVANCED_FACE('',(#3646),#3640,.F.);
#3653=EDGE_CURVE('',#1938,#1939,#1267,.T.);
#3655=EDGE_CURVE('',#1939,#1858,#1271,.T.);
#3658=EDGE_CURVE('',#1938,#1859,#1288,.T.);
#3662=ADVANCED_FACE('',(#3661),#3652,.F.);
#3669=EDGE_CURVE('',#1935,#1939,#1279,.T.);
#3672=EDGE_CURVE('',#1934,#1938,#1275,.T.);
#3676=ADVANCED_FACE('',(#3675),#3667,.F.);
#3684=EDGE_CURVE('',#1939,#1938,#1284,.T.);
#3689=ADVANCED_FACE('',(#3688),#3681,.F.);
#3701=ADVANCED_FACE('',(#3700),#3694,.F.);
#3707=EDGE_CURVE('',#1946,#1947,#1293,.T.);
#3709=EDGE_CURVE('',#1947,#1862,#1297,.T.);
#3712=EDGE_CURVE('',#1946,#1863,#1314,.T.);
#3716=ADVANCED_FACE('',(#3715),#3706,.F.);
#3723=EDGE_CURVE('',#1943,#1947,#1305,.T.);
#3726=EDGE_CURVE('',#1942,#1946,#1301,.T.);
#3730=ADVANCED_FACE('',(#3729),#3721,.F.);
#3738=EDGE_CURVE('',#1947,#1946,#1310,.T.);
#3743=ADVANCED_FACE('',(#3742),#3735,.F.);
#3755=ADVANCED_FACE('',(#3754),#3748,.F.);
#3761=EDGE_CURVE('',#1954,#1955,#1319,.T.);
#3763=EDGE_CURVE('',#1955,#1866,#1323,.T.);
#3766=EDGE_CURVE('',#1954,#1867,#1340,.T.);
#3770=ADVANCED_FACE('',(#3769),#3760,.F.);
#3777=EDGE_CURVE('',#1951,#1955,#1331,.T.);
#3780=EDGE_CURVE('',#1950,#1954,#1327,.T.);
#3784=ADVANCED_FACE('',(#3783),#3775,.F.);
#3792=EDGE_CURVE('',#1955,#1954,#1336,.T.);
#3797=ADVANCED_FACE('',(#3796),#3789,.F.);
#3809=ADVANCED_FACE('',(#3808),#3802,.F.);
#3815=EDGE_CURVE('',#1962,#1963,#1345,.T.);
#3817=EDGE_CURVE('',#1963,#1870,#1349,.T.);
#3820=EDGE_CURVE('',#1962,#1871,#1366,.T.);
#3824=ADVANCED_FACE('',(#3823),#3814,.F.);
#3831=EDGE_CURVE('',#1959,#1963,#1357,.T.);
#3834=EDGE_CURVE('',#1958,#1962,#1353,.T.);
#3838=ADVANCED_FACE('',(#3837),#3829,.F.);
#3846=EDGE_CURVE('',#1963,#1962,#1362,.T.);
#3851=ADVANCED_FACE('',(#3850),#3843,.F.);
#3863=ADVANCED_FACE('',(#3862),#3856,.F.);
#3869=EDGE_CURVE('',#1970,#1971,#1371,.T.);
#3871=EDGE_CURVE('',#1971,#1874,#1375,.T.);
#3874=EDGE_CURVE('',#1970,#1875,#1392,.T.);
#3878=ADVANCED_FACE('',(#3877),#3868,.F.);
#3885=EDGE_CURVE('',#1967,#1971,#1383,.T.);
#3888=EDGE_CURVE('',#1966,#1970,#1379,.T.);
#3892=ADVANCED_FACE('',(#3891),#3883,.F.);
#3900=EDGE_CURVE('',#1971,#1970,#1388,.T.);
#3905=ADVANCED_FACE('',(#3904),#3897,.F.);
#3917=ADVANCED_FACE('',(#3916),#3910,.F.);
#3923=EDGE_CURVE('',#1978,#1979,#1397,.T.);
#3925=EDGE_CURVE('',#1979,#1878,#1401,.T.);
#3928=EDGE_CURVE('',#1978,#1879,#1418,.T.);
#3932=ADVANCED_FACE('',(#3931),#3922,.F.);
#3939=EDGE_CURVE('',#1975,#1979,#1409,.T.);
#3942=EDGE_CURVE('',#1974,#1978,#1405,.T.);
#3946=ADVANCED_FACE('',(#3945),#3937,.F.);
#3954=EDGE_CURVE('',#1979,#1978,#1414,.T.);
#3959=ADVANCED_FACE('',(#3958),#3951,.F.);
#3971=ADVANCED_FACE('',(#3970),#3964,.F.);
#3977=EDGE_CURVE('',#1986,#1987,#1423,.T.);
#3979=EDGE_CURVE('',#1987,#1882,#1427,.T.);
#3982=EDGE_CURVE('',#1986,#1883,#1444,.T.);
#3986=ADVANCED_FACE('',(#3985),#3976,.F.);
#3993=EDGE_CURVE('',#1983,#1987,#1435,.T.);
#3996=EDGE_CURVE('',#1982,#1986,#1431,.T.);
#4000=ADVANCED_FACE('',(#3999),#3991,.F.);
#4008=EDGE_CURVE('',#1987,#1986,#1440,.T.);
#4013=ADVANCED_FACE('',(#4012),#4005,.F.);
#4025=ADVANCED_FACE('',(#4024),#4018,.F.);
#4032=EDGE_CURVE('',#1639,#1641,#1454,.T.);
#4037=ADVANCED_FACE('',(#4036),#4030,.T.);
#4044=EDGE_CURVE('',#1609,#1641,#1466,.T.);
#4047=EDGE_CURVE('',#1607,#1639,#1458,.T.);
#4051=ADVANCED_FACE('',(#4050),#4042,.T.);
#4063=ADVANCED_FACE('',(#4062),#4056,.T.);
#4072=EDGE_CURVE('',#1605,#1637,#1474,.T.);
#4076=ADVANCED_FACE('',(#4075),#4068,.T.);
#4082=EDGE_CURVE('',#1635,#1637,#1479,.T.);
#4086=EDGE_CURVE('',#1603,#1635,#1483,.T.);
#4090=ADVANCED_FACE('',(#4089),#4081,.T.);
#4101=ADVANCED_FACE('',(#4100),#4095,.T.);
#4110=EDGE_CURVE('',#1601,#1633,#1496,.T.);
#4114=ADVANCED_FACE('',(#4113),#4106,.T.);
#4120=EDGE_CURVE('',#1631,#1633,#1501,.T.);
#4124=EDGE_CURVE('',#1599,#1631,#1505,.T.);
#4128=ADVANCED_FACE('',(#4127),#4119,.T.);
#4139=ADVANCED_FACE('',(#4138),#4133,.T.);
#4151=ADVANCED_FACE('',(#4150),#4144,.T.);
#4160=EDGE_CURVE('',#1593,#1625,#1526,.T.);
#4164=ADVANCED_FACE('',(#4163),#4156,.T.);
#4173=EDGE_CURVE('',#1591,#1623,#1535,.T.);
#4177=ADVANCED_FACE('',(#4176),#4169,.T.);
#4186=EDGE_CURVE('',#1589,#1621,#1543,.T.);
#4190=ADVANCED_FACE('',(#4189),#4182,.T.);
#4199=EDGE_CURVE('',#1587,#1619,#1552,.T.);
#4203=ADVANCED_FACE('',(#4202),#4195,.T.);
#4212=EDGE_CURVE('',#1585,#1617,#1560,.T.);
#4216=ADVANCED_FACE('',(#4215),#4208,.T.);
#4225=EDGE_CURVE('',#1583,#1615,#1569,.T.);
#4229=ADVANCED_FACE('',(#4228),#4221,.T.);
#4241=ADVANCED_FACE('',(#4240),#4234,.T.);
#4251=(GEOMETRIC_REPRESENTATION_CONTEXT(3)GLOBAL_UNCERTAINTY_ASSIGNED_CONTEXT((
#4250))GLOBAL_UNIT_ASSIGNED_CONTEXT((#4244,#4248,#4249))REPRESENTATION_CONTEXT(
'ID1','3'));
#4255=AXIS2_PLACEMENT_3D('',#4252,#4253,#4254);
#4256=ADVANCED_BREP_SHAPE_REPRESENTATION('',(#4255,#4243),#4251);
#4263=PRODUCT_DEFINITION('design','',#4262,#4259);
#4264=PRODUCT_DEFINITION_SHAPE('','SHAPE FOR 100-25FEMALE-HOUSING.',#4263);
#4265=SHAPE_DEFINITION_REPRESENTATION(#4264,#4256);
#4266=SHAPE_DEFINITION_REPRESENTATION(#4267,#4268);
#4267=PRODUCT_DEFINITION_SHAPE('','SHAPE FOR 100-25FEMALE-ASSMBLY_ASM.',#9947);
#4268=SHAPE_REPRESENTATION('',(#4274,#5872,#8015,#9711,#9720,#9729,#9738,#9747,
#9756,#9765,#9774,#9783,#9792,#9801,#9810,#9819,#9828,#9837,#9846,#9855,#9864,
#9873,#9882,#9891,#9900,#9909,#9918,#9927,#9942),#9938);
#4269=NEXT_ASSEMBLY_USAGE_OCCURRENCE('0','Next assembly relationship',
'100-25FEMALE-HOUSING',#9947,#4263,$);
#4270=PRODUCT_DEFINITION_SHAPE('Placement #0',
'Placement of 100-25FEMALE-HOUSING with respect to 100-25FEMALE-ASSMBLY_ASM',
#4269);
#4282=CIRCLE('',#4281,1.525E0);
#4287=CIRCLE('',#4286,1.525E0);
#4292=CIRCLE('',#4291,1.525E0);
#4297=CIRCLE('',#4296,1.525E0);
#4302=CIRCLE('',#4301,1.3E0);
#4311=CIRCLE('',#4310,1.4E0);
#4320=CIRCLE('',#4319,1.3E0);
#4329=CIRCLE('',#4328,1.525E0);
#4338=CIRCLE('',#4337,2.6E0);
#4347=CIRCLE('',#4346,2.6E0);
#4356=CIRCLE('',#4355,2.6E0);
#4365=CIRCLE('',#4364,2.6E0);
#4382=CIRCLE('',#4381,1.525E0);
#4387=CIRCLE('',#4386,1.525E0);
#4392=CIRCLE('',#4391,1.525E0);
#4397=CIRCLE('',#4396,1.525E0);
#4402=CIRCLE('',#4401,1.3E0);
#4411=CIRCLE('',#4410,1.525E0);
#4420=CIRCLE('',#4419,1.3E0);
#4429=CIRCLE('',#4428,1.4E0);
#4438=CIRCLE('',#4437,2.5E0);
#4447=CIRCLE('',#4446,2.5E0);
#4456=CIRCLE('',#4455,2.5E0);
#4465=CIRCLE('',#4464,2.5E0);
#4514=CIRCLE('',#4513,5.E-1);
#4519=CIRCLE('',#4518,5.E-1);
#4524=CIRCLE('',#4523,5.E-1);
#4529=CIRCLE('',#4528,5.E-1);
#4534=CIRCLE('',#4533,5.E-1);
#4539=CIRCLE('',#4538,5.E-1);
#4544=CIRCLE('',#4543,5.E-1);
#4549=CIRCLE('',#4548,5.E-1);
#4566=CIRCLE('',#4565,2.E0);
#4575=CIRCLE('',#4574,2.E0);
#4592=CIRCLE('',#4591,2.E0);
#4601=CIRCLE('',#4600,2.E0);
#4618=CIRCLE('',#4617,2.E0);
#4627=CIRCLE('',#4626,2.E0);
#4644=CIRCLE('',#4643,2.E0);
#4653=CIRCLE('',#4652,2.E0);
#4658=CIRCLE('',#4657,1.E0);
#4663=CIRCLE('',#4662,1.6E0);
#4672=CIRCLE('',#4671,1.6E0);
#4681=CIRCLE('',#4680,1.E0);
#4686=CIRCLE('',#4685,1.E0);
#4691=CIRCLE('',#4690,1.E0);
#4696=CIRCLE('',#4695,1.E0);
#4701=CIRCLE('',#4700,1.E0);
#4706=CIRCLE('',#4705,1.E0);
#4711=CIRCLE('',#4710,1.E0);
#4716=CIRCLE('',#4715,1.E0);
#4733=CIRCLE('',#4732,1.E0);
#4738=CIRCLE('',#4737,1.E0);
#4743=CIRCLE('',#4742,1.6E0);
#4748=CIRCLE('',#4747,1.6E0);
#4769=CIRCLE('',#4768,1.E0);
#4774=CIRCLE('',#4773,1.E0);
#4779=CIRCLE('',#4778,1.6E0);
#4784=CIRCLE('',#4783,1.6E0);
#4805=CIRCLE('',#4804,1.E0);
#4810=CIRCLE('',#4809,1.E0);
#4815=CIRCLE('',#4814,1.6E0);
#4820=CIRCLE('',#4819,1.6E0);
#4837=CIRCLE('',#4836,1.E0);
#4987=EDGE_CURVE('',#4848,#4849,#4302,.T.);
#4989=EDGE_CURVE('',#4849,#4851,#4306,.T.);
#4991=EDGE_CURVE('',#4851,#4853,#4311,.T.);
#4993=EDGE_CURVE('',#4853,#4855,#4315,.T.);
#4995=EDGE_CURVE('',#4855,#4857,#4320,.T.);
#4997=EDGE_CURVE('',#4857,#4859,#4324,.T.);
#4999=EDGE_CURVE('',#4859,#4861,#4329,.T.);
#5001=EDGE_CURVE('',#4861,#4848,#4333,.T.);
#5005=EDGE_CURVE('',#4844,#4845,#4292,.T.);
#5007=EDGE_CURVE('',#4845,#4844,#4297,.T.);
#5011=EDGE_CURVE('',#4840,#4841,#4282,.T.);
#5013=EDGE_CURVE('',#4841,#4840,#4287,.T.);
#5017=EDGE_CURVE('',#4952,#4953,#4338,.T.);
#5019=EDGE_CURVE('',#4979,#4952,#4342,.T.);
#5021=EDGE_CURVE('',#4975,#4979,#4347,.T.);
#5023=EDGE_CURVE('',#4971,#4975,#4351,.T.);
#5025=EDGE_CURVE('',#4967,#4971,#4356,.T.);
#5027=EDGE_CURVE('',#4963,#4967,#4360,.T.);
#5029=EDGE_CURVE('',#4959,#4963,#4365,.T.);
#5031=EDGE_CURVE('',#4953,#4959,#4369,.T.);
#5035=ADVANCED_FACE('',(#5004,#5010,#5016,#5034),#4986,.F.);
#5042=EDGE_CURVE('',#4840,#4864,#4373,.T.);
#5044=EDGE_CURVE('',#4864,#4865,#4382,.T.);
#5046=EDGE_CURVE('',#4841,#4865,#4377,.T.);
#5050=ADVANCED_FACE('',(#5049),#5040,.F.);
#5058=EDGE_CURVE('',#4865,#4864,#4387,.T.);
#5063=ADVANCED_FACE('',(#5062),#5055,.F.);
#5069=EDGE_CURVE('',#4872,#4873,#4402,.T.);
#5071=EDGE_CURVE('',#4885,#4872,#4406,.T.);
#5073=EDGE_CURVE('',#4883,#4885,#4411,.T.);
#5075=EDGE_CURVE('',#4881,#4883,#4415,.T.);
#5077=EDGE_CURVE('',#4879,#4881,#4420,.T.);
#5079=EDGE_CURVE('',#4877,#4879,#4424,.T.);
#5081=EDGE_CURVE('',#4875,#4877,#4429,.T.);
#5083=EDGE_CURVE('',#4873,#4875,#4433,.T.);
#5087=EDGE_CURVE('',#4868,#4869,#4392,.T.);
#5089=EDGE_CURVE('',#4869,#4868,#4397,.T.);
#5097=EDGE_CURVE('',#4920,#4921,#4438,.T.);
#5099=EDGE_CURVE('',#4921,#4927,#4442,.T.);
#5101=EDGE_CURVE('',#4927,#4931,#4447,.T.);
#5103=EDGE_CURVE('',#4931,#4935,#4451,.T.);
#5105=EDGE_CURVE('',#4935,#4939,#4456,.T.);
#5107=EDGE_CURVE('',#4939,#4943,#4460,.T.);
#5109=EDGE_CURVE('',#4943,#4947,#4465,.T.);
#5111=EDGE_CURVE('',#4947,#4920,#4469,.T.);
#5115=ADVANCED_FACE('',(#5086,#5092,#5096,#5114),#5068,.T.);
#5122=EDGE_CURVE('',#4844,#4868,#4473,.T.);
#5125=EDGE_CURVE('',#4845,#4869,#4477,.T.);
#5129=ADVANCED_FACE('',(#5128),#5120,.F.);
#5141=ADVANCED_FACE('',(#5140),#5134,.F.);
#5148=EDGE_CURVE('',#4848,#4872,#4481,.T.);
#5151=EDGE_CURVE('',#4849,#4873,#4509,.T.);
#5155=ADVANCED_FACE('',(#5154),#5146,.T.);
#5162=EDGE_CURVE('',#4861,#4885,#4485,.T.);
#5168=ADVANCED_FACE('',(#5167),#5160,.T.);
#5175=EDGE_CURVE('',#4859,#4883,#4489,.T.);
#5181=ADVANCED_FACE('',(#5180),#5173,.T.);
#5188=EDGE_CURVE('',#4857,#4881,#4493,.T.);
#5194=ADVANCED_FACE('',(#5193),#5186,.T.);
#5201=EDGE_CURVE('',#4855,#4879,#4497,.T.);
#5207=ADVANCED_FACE('',(#5206),#5199,.T.);
#5214=EDGE_CURVE('',#4853,#4877,#4501,.T.);
#5220=ADVANCED_FACE('',(#5219),#5212,.T.);
#5227=EDGE_CURVE('',#4851,#4875,#4505,.T.);
#5233=ADVANCED_FACE('',(#5232),#5225,.T.);
#5245=ADVANCED_FACE('',(#5244),#5238,.T.);
#5252=EDGE_CURVE('',#4920,#4924,#4514,.T.);
#5254=EDGE_CURVE('',#4924,#4925,#4566,.T.);
#5256=EDGE_CURVE('',#4921,#4925,#4549,.T.);
#5260=ADVANCED_FACE('',(#5259),#5250,.F.);
#5267=EDGE_CURVE('',#4947,#4949,#4519,.T.);
#5269=EDGE_CURVE('',#4949,#4924,#4579,.T.);
#5274=ADVANCED_FACE('',(#5273),#5265,.F.);
#5281=EDGE_CURVE('',#4943,#4945,#4524,.T.);
#5283=EDGE_CURVE('',#4945,#4949,#4592,.T.);
#5288=ADVANCED_FACE('',(#5287),#5279,.F.);
#5295=EDGE_CURVE('',#4939,#4941,#4529,.T.);
#5297=EDGE_CURVE('',#4941,#4945,#4605,.T.);
#5302=ADVANCED_FACE('',(#5301),#5293,.F.);
#5309=EDGE_CURVE('',#4935,#4937,#4534,.T.);
#5311=EDGE_CURVE('',#4937,#4941,#4618,.T.);
#5316=ADVANCED_FACE('',(#5315),#5307,.F.);
#5323=EDGE_CURVE('',#4931,#4933,#4539,.T.);
#5325=EDGE_CURVE('',#4933,#4937,#4631,.T.);
#5330=ADVANCED_FACE('',(#5329),#5321,.F.);
#5337=EDGE_CURVE('',#4927,#4929,#4544,.T.);
#5339=EDGE_CURVE('',#4929,#4933,#4644,.T.);
#5344=ADVANCED_FACE('',(#5343),#5335,.F.);
#5352=EDGE_CURVE('',#4925,#4929,#4553,.T.);
#5357=ADVANCED_FACE('',(#5356),#5349,.F.);
#5364=EDGE_CURVE('',#4925,#4892,#4557,.T.);
#5366=EDGE_CURVE('',#4892,#4893,#4561,.T.);
#5368=EDGE_CURVE('',#4929,#4893,#4648,.T.);
#5372=ADVANCED_FACE('',(#5371),#5362,.T.);
#5379=EDGE_CURVE('',#4924,#4917,#4570,.T.);
#5381=EDGE_CURVE('',#4917,#4892,#4575,.T.);
#5386=ADVANCED_FACE('',(#5385),#5377,.T.);
#5393=EDGE_CURVE('',#4949,#4913,#4583,.T.);
#5395=EDGE_CURVE('',#4913,#4917,#4587,.T.);
#5400=ADVANCED_FACE('',(#5399),#5391,.T.);
#5407=EDGE_CURVE('',#4945,#4909,#4596,.T.);
#5409=EDGE_CURVE('',#4909,#4913,#4601,.T.);
#5414=ADVANCED_FACE('',(#5413),#5405,.T.);
#5421=EDGE_CURVE('',#4941,#4905,#4609,.T.);
#5423=EDGE_CURVE('',#4905,#4909,#4613,.T.);
#5428=ADVANCED_FACE('',(#5427),#5419,.T.);
#5435=EDGE_CURVE('',#4937,#4901,#4622,.T.);
#5437=EDGE_CURVE('',#4901,#4905,#4627,.T.);
#5442=ADVANCED_FACE('',(#5441),#5433,.T.);
#5449=EDGE_CURVE('',#4933,#4897,#4635,.T.);
#5451=EDGE_CURVE('',#4897,#4901,#4639,.T.);
#5456=ADVANCED_FACE('',(#5455),#5447,.T.);
#5464=EDGE_CURVE('',#4893,#4897,#4653,.T.);
#5469=ADVANCED_FACE('',(#5468),#5461,.T.);
#5487=EDGE_CURVE('',#4889,#4895,#4672,.T.);
#5489=EDGE_CURVE('',#4895,#4897,#4837,.T.);
#5492=EDGE_CURVE('',#4889,#4893,#4658,.T.);
#5496=ADVANCED_FACE('',(#5495),#5486,.T.);
#5502=EDGE_CURVE('',#4961,#4965,#4663,.T.);
#5504=EDGE_CURVE('',#4965,#4895,#4667,.T.);
#5507=EDGE_CURVE('',#4889,#4961,#4676,.T.);
#5511=ADVANCED_FACE('',(#5510),#5501,.F.);
#5518=EDGE_CURVE('',#4963,#4965,#4686,.T.);
#5521=EDGE_CURVE('',#4959,#4961,#4681,.T.);
#5525=ADVANCED_FACE('',(#5524),#5516,.T.);
#5532=EDGE_CURVE('',#4967,#4969,#4691,.T.);
#5534=EDGE_CURVE('',#4965,#4969,#4828,.T.);
#5539=ADVANCED_FACE('',(#5538),#5530,.T.);
#5546=EDGE_CURVE('',#4971,#4973,#4696,.T.);
#5548=EDGE_CURVE('',#4969,#4973,#4815,.T.);
#5553=ADVANCED_FACE('',(#5552),#5544,.T.);
#5560=EDGE_CURVE('',#4975,#4977,#4701,.T.);
#5562=EDGE_CURVE('',#4973,#4977,#4792,.T.);
#5567=ADVANCED_FACE('',(#5566),#5558,.T.);
#5574=EDGE_CURVE('',#4979,#4981,#4706,.T.);
#5576=EDGE_CURVE('',#4977,#4981,#4779,.T.);
#5581=ADVANCED_FACE('',(#5580),#5572,.T.);
#5588=EDGE_CURVE('',#4952,#4956,#4711,.T.);
#5590=EDGE_CURVE('',#4981,#4956,#4756,.T.);
#5595=ADVANCED_FACE('',(#5594),#5586,.T.);
#5602=EDGE_CURVE('',#4953,#4957,#4716,.T.);
#5604=EDGE_CURVE('',#4956,#4957,#4743,.T.);
#5609=ADVANCED_FACE('',(#5608),#5600,.T.);
#5617=EDGE_CURVE('',#4957,#4961,#4720,.T.);
#5622=ADVANCED_FACE('',(#5621),#5614,.T.);
#5630=EDGE_CURVE('',#4888,#4889,#4724,.T.);
#5632=EDGE_CURVE('',#4888,#4957,#4728,.T.);
#5636=ADVANCED_FACE('',(#5635),#5627,.F.);
#5645=EDGE_CURVE('',#4888,#4892,#4733,.T.);
#5649=ADVANCED_FACE('',(#5648),#5641,.T.);
#5667=EDGE_CURVE('',#4915,#4888,#4748,.T.);
#5671=EDGE_CURVE('',#4915,#4917,#4738,.T.);
#5675=ADVANCED_FACE('',(#5674),#5666,.T.);
#5684=EDGE_CURVE('',#4915,#4956,#4752,.T.);
#5688=ADVANCED_FACE('',(#5687),#5680,.F.);
#5696=EDGE_CURVE('',#4911,#4915,#4760,.T.);
#5698=EDGE_CURVE('',#4911,#4981,#4764,.T.);
#5702=ADVANCED_FACE('',(#5701),#5693,.F.);
#5711=EDGE_CURVE('',#4911,#4913,#4769,.T.);
#5715=ADVANCED_FACE('',(#5714),#5707,.T.);
#5733=EDGE_CURVE('',#4907,#4911,#4784,.T.);
#5737=EDGE_CURVE('',#4907,#4909,#4774,.T.);
#5741=ADVANCED_FACE('',(#5740),#5732,.T.);
#5750=EDGE_CURVE('',#4907,#4977,#4788,.T.);
#5754=ADVANCED_FACE('',(#5753),#5746,.F.);
#5762=EDGE_CURVE('',#4903,#4907,#4796,.T.);
#5764=EDGE_CURVE('',#4903,#4973,#4800,.T.);
#5768=ADVANCED_FACE('',(#5767),#5759,.F.);
#5777=EDGE_CURVE('',#4903,#4905,#4805,.T.);
#5781=ADVANCED_FACE('',(#5780),#5773,.T.);
#5799=EDGE_CURVE('',#4899,#4903,#4820,.T.);
#5803=EDGE_CURVE('',#4899,#4901,#4810,.T.);
#5807=ADVANCED_FACE('',(#5806),#5798,.T.);
#5816=EDGE_CURVE('',#4899,#4969,#4824,.T.);
#5820=ADVANCED_FACE('',(#5819),#5812,.F.);
#5828=EDGE_CURVE('',#4895,#4899,#4832,.T.);
#5833=ADVANCED_FACE('',(#5832),#5825,.F.);
#5845=ADVANCED_FACE('',(#5844),#5838,.T.);
#5855=(GEOMETRIC_REPRESENTATION_CONTEXT(3)GLOBAL_UNCERTAINTY_ASSIGNED_CONTEXT((
#5854))GLOBAL_UNIT_ASSIGNED_CONTEXT((#5848,#5852,#5853))REPRESENTATION_CONTEXT(
'ID2','3'));
#5859=AXIS2_PLACEMENT_3D('',#5856,#5857,#5858);
#5860=ADVANCED_BREP_SHAPE_REPRESENTATION('',(#5859,#5847),#5855);
#5864=PRODUCT_DEFINITION('design','',#5863,#4259);
#5865=PRODUCT_DEFINITION_SHAPE('','SHAPE FOR 100-25FEMALE-FRONTSHELL.',#5864);
#5866=SHAPE_DEFINITION_REPRESENTATION(#5865,#5860);
#5867=NEXT_ASSEMBLY_USAGE_OCCURRENCE('1','Next assembly relationship',
'100-25FEMALE-FRONTSHELL',#9947,#5864,$);
#5868=PRODUCT_DEFINITION_SHAPE('Placement #1',
'Placement of 100-25FEMALE-FRONTSHELL with respect to 100-25FEMALE-ASSMBLY_ASM',
#5867);
#5880=CIRCLE('',#5879,1.E0);
#5893=CIRCLE('',#5892,1.E0);
#5906=CIRCLE('',#5905,1.E0);
#5919=CIRCLE('',#5918,1.E0);
#5944=CIRCLE('',#5943,2.E0);
#5949=CIRCLE('',#5948,2.E0);
#5954=CIRCLE('',#5953,2.E0);
#5959=CIRCLE('',#5958,2.E0);
#5968=CIRCLE('',#5967,5.E-1);
#5973=CIRCLE('',#5972,5.E-1);
#5994=CIRCLE('',#5993,2.E0);
#6007=CIRCLE('',#6006,1.6E0);
#6012=CIRCLE('',#6011,1.E0);
#6025=CIRCLE('',#6024,1.E0);
#6038=CIRCLE('',#6037,1.E0);
#6051=CIRCLE('',#6050,1.E0);
#6068=CIRCLE('',#6067,1.6E0);
#6073=CIRCLE('',#6072,1.6E0);
#6078=CIRCLE('',#6077,1.6E0);
#6083=CIRCLE('',#6082,1.6E0);
#6088=CIRCLE('',#6087,1.E0);
#6093=CIRCLE('',#6092,1.3E0);
#6102=CIRCLE('',#6101,1.3E0);
#6111=CIRCLE('',#6110,1.3E0);
#6120=CIRCLE('',#6119,1.3E0);
#6129=CIRCLE('',#6128,2.6E0);
#6138=CIRCLE('',#6137,2.6E0);
#6147=CIRCLE('',#6146,2.6E0);
#6156=CIRCLE('',#6155,2.6E0);
#6165=CIRCLE('',#6164,1.525E0);
#6170=CIRCLE('',#6169,1.525E0);
#6175=CIRCLE('',#6174,1.525E0);
#6180=CIRCLE('',#6179,1.525E0);
#6189=CIRCLE('',#6188,1.3E0);
#6198=CIRCLE('',#6197,1.3E0);
#6207=CIRCLE('',#6206,1.3E0);
#6216=CIRCLE('',#6215,1.3E0);
#6225=CIRCLE('',#6224,1.525E0);
#6230=CIRCLE('',#6229,1.525E0);
#6235=CIRCLE('',#6234,1.525E0);
#6240=CIRCLE('',#6239,1.525E0);
#6245=CIRCLE('',#6244,2.5E0);
#6254=CIRCLE('',#6253,2.5E0);
#6263=CIRCLE('',#6262,2.5E0);
#6272=CIRCLE('',#6271,2.5E0);
#6325=CIRCLE('',#6324,5.E-1);
#6330=CIRCLE('',#6329,2.E0);
#6335=CIRCLE('',#6334,2.E0);
#6356=CIRCLE('',#6355,5.E-1);
#6361=CIRCLE('',#6360,5.E-1);
#6366=CIRCLE('',#6365,2.E0);
#6371=CIRCLE('',#6370,2.E0);
#6392=CIRCLE('',#6391,5.E-1);
#6397=CIRCLE('',#6396,5.E-1);
#6402=CIRCLE('',#6401,2.E0);
#6407=CIRCLE('',#6406,2.E0);
#6416=CIRCLE('',#6415,2.E0);
#6425=CIRCLE('',#6424,2.E0);
#6442=CIRCLE('',#6441,1.6E0);
#6447=CIRCLE('',#6446,1.6E0);
#6452=CIRCLE('',#6451,1.6E0);
#6457=CIRCLE('',#6456,1.6E0);
#6466=CIRCLE('',#6465,1.E0);
#6471=CIRCLE('',#6470,1.E0);
#6476=CIRCLE('',#6475,1.E0);
#6481=CIRCLE('',#6480,1.E0);
#6506=CIRCLE('',#6505,1.6E0);
#6519=CIRCLE('',#6518,2.E0);
#6524=CIRCLE('',#6523,2.E0);
#6529=CIRCLE('',#6528,2.E0);
#6542=CIRCLE('',#6541,1.6E0);
#6547=CIRCLE('',#6546,1.6E0);
#6552=CIRCLE('',#6551,1.6E0);
#6573=CIRCLE('',#6572,1.E0);
#6590=CIRCLE('',#6589,1.6E0);
#6595=CIRCLE('',#6594,1.6E0);
#6604=CIRCLE('',#6603,1.E0);
#6609=CIRCLE('',#6608,1.E0);
#6626=CIRCLE('',#6625,1.6E0);
#6643=CIRCLE('',#6642,5.E-1);
#6841=EDGE_CURVE('',#6695,#6698,#5880,.T.);
#6843=EDGE_CURVE('',#6665,#6698,#5884,.T.);
#6845=EDGE_CURVE('',#6695,#6665,#5888,.T.);
#6849=ADVANCED_FACE('',(#6848),#6840,.F.);
#6855=EDGE_CURVE('',#6699,#6702,#5893,.T.);
#6857=EDGE_CURVE('',#6661,#6702,#5897,.T.);
#6859=EDGE_CURVE('',#6699,#6661,#5901,.T.);
#6863=ADVANCED_FACE('',(#6862),#6854,.F.);
#6869=EDGE_CURVE('',#6703,#6706,#5906,.T.);
#6871=EDGE_CURVE('',#6663,#6706,#5910,.T.);
#6873=EDGE_CURVE('',#6703,#6663,#5914,.T.);
#6877=ADVANCED_FACE('',(#6876),#6868,.F.);
#6883=EDGE_CURVE('',#6707,#6694,#5919,.T.);
#6885=EDGE_CURVE('',#6667,#6694,#5923,.T.);
#6887=EDGE_CURVE('',#6707,#6667,#5927,.T.);
#6891=ADVANCED_FACE('',(#6890),#6882,.F.);
#6898=EDGE_CURVE('',#6695,#6711,#5931,.T.);
#6900=EDGE_CURVE('',#6711,#6714,#6012,.T.);
#6902=EDGE_CURVE('',#6698,#6714,#5998,.T.);
#6906=ADVANCED_FACE('',(#6905),#6896,.F.);
#6912=EDGE_CURVE('',#6694,#6695,#5939,.T.);
#6914=EDGE_CURVE('',#6694,#6710,#5935,.T.);
#6916=EDGE_CURVE('',#6710,#6711,#6063,.T.);
#6921=ADVANCED_FACE('',(#6920),#6911,.F.);
#6929=EDGE_CURVE('',#6665,#6653,#5949,.T.);
#6931=EDGE_CURVE('',#6651,#6653,#6634,.T.);
#6933=EDGE_CURVE('',#6667,#6651,#5944,.T.);
#6938=ADVANCED_FACE('',(#6937),#6926,.T.);
#6944=EDGE_CURVE('',#6653,#6655,#5959,.T.);
#6947=EDGE_CURVE('',#6665,#6655,#5994,.T.);
#6951=ADVANCED_FACE('',(#6950),#6943,.T.);
#6957=EDGE_CURVE('',#6821,#6825,#5954,.T.);
#6959=EDGE_CURVE('',#6653,#6825,#6638,.T.);
#6962=EDGE_CURVE('',#6655,#6821,#5963,.T.);
#6966=ADVANCED_FACE('',(#6965),#6956,.T.);
#6973=EDGE_CURVE('',#6821,#6823,#5968,.T.);
#6975=EDGE_CURVE('',#6823,#6827,#6254,.T.);
#6977=EDGE_CURVE('',#6825,#6827,#6643,.T.);
#6981=ADVANCED_FACE('',(#6980),#6971,.F.);
#6987=EDGE_CURVE('',#6817,#6821,#5977,.T.);
#6989=EDGE_CURVE('',#6817,#6819,#5973,.T.);
#6991=EDGE_CURVE('',#6819,#6823,#6258,.T.);
#6996=ADVANCED_FACE('',(#6995),#6986,.F.);
#7004=EDGE_CURVE('',#6655,#6657,#5981,.T.);
#7006=EDGE_CURVE('',#6657,#6817,#5985,.T.);
#7010=ADVANCED_FACE('',(#7009),#7001,.T.);
#7016=EDGE_CURVE('',#6698,#6699,#5989,.T.);
#7019=EDGE_CURVE('',#6661,#6657,#6416,.T.);
#7026=ADVANCED_FACE('',(#7025),#7015,.T.);
#7034=EDGE_CURVE('',#6714,#6715,#6002,.T.);
#7036=EDGE_CURVE('',#6699,#6715,#6433,.T.);
#7040=ADVANCED_FACE('',(#7039),#7031,.F.);
#7047=EDGE_CURVE('',#6689,#6714,#6020,.T.);
#7049=EDGE_CURVE('',#6689,#6679,#6007,.T.);
#7051=EDGE_CURVE('',#6679,#6681,#6581,.T.);
#7053=EDGE_CURVE('',#6685,#6681,#6447,.T.);
#7055=EDGE_CURVE('',#6715,#6685,#6029,.T.);
#7059=ADVANCED_FACE('',(#7058),#7045,.F.);
#7066=EDGE_CURVE('',#6711,#6689,#6016,.T.);
#7071=ADVANCED_FACE('',(#7070),#7064,.T.);
#7077=EDGE_CURVE('',#6715,#6718,#6025,.T.);
#7080=EDGE_CURVE('',#6685,#6718,#6033,.T.);
#7084=ADVANCED_FACE('',(#7083),#7076,.T.);
#7090=EDGE_CURVE('',#6719,#6722,#6038,.T.);
#7092=EDGE_CURVE('',#6719,#6687,#6042,.T.);
#7094=EDGE_CURVE('',#6687,#6722,#6046,.T.);
#7098=ADVANCED_FACE('',(#7097),#7089,.T.);
#7104=EDGE_CURVE('',#6723,#6710,#6051,.T.);
#7106=EDGE_CURVE('',#6723,#6691,#6055,.T.);
#7108=EDGE_CURVE('',#6691,#6710,#6059,.T.);
#7112=ADVANCED_FACE('',(#7111),#7103,.T.);
#7120=EDGE_CURVE('',#6691,#6675,#6068,.T.);
#7122=EDGE_CURVE('',#6675,#6677,#6617,.T.);
#7124=EDGE_CURVE('',#6689,#6677,#6626,.T.);
#7129=ADVANCED_FACE('',(#7128),#7117,.F.);
#7135=EDGE_CURVE('',#6673,#6675,#6083,.T.);
#7138=EDGE_CURVE('',#6691,#6673,#6073,.T.);
#7142=ADVANCED_FACE('',(#7141),#7134,.F.);
#7148=EDGE_CURVE('',#6767,#6771,#6078,.T.);
#7150=EDGE_CURVE('',#6675,#6771,#6621,.T.);
#7153=EDGE_CURVE('',#6767,#6673,#6489,.T.);
#7157=ADVANCED_FACE('',(#7156),#7147,.F.);
#7163=EDGE_CURVE('',#6765,#6769,#6156,.T.);
#7165=EDGE_CURVE('',#6769,#6771,#6609,.T.);
#7168=EDGE_CURVE('',#6765,#6767,#6088,.T.);
#7172=ADVANCED_FACE('',(#7171),#7162,.T.);
#7178=EDGE_CURVE('',#6742,#6743,#6093,.T.);
#7180=EDGE_CURVE('',#6755,#6742,#6097,.T.);
#7182=EDGE_CURVE('',#6753,#6755,#6102,.T.);
#7184=EDGE_CURVE('',#6751,#6753,#6106,.T.);
#7186=EDGE_CURVE('',#6749,#6751,#6111,.T.);
#7188=EDGE_CURVE('',#6747,#6749,#6115,.T.);
#7190=EDGE_CURVE('',#6745,#6747,#6120,.T.);
#7192=EDGE_CURVE('',#6743,#6745,#6124,.T.);
#7196=EDGE_CURVE('',#6758,#6759,#6129,.T.);
#7198=EDGE_CURVE('',#6785,#6758,#6133,.T.);
#7200=EDGE_CURVE('',#6781,#6785,#6138,.T.);
#7202=EDGE_CURVE('',#6777,#6781,#6142,.T.);
#7204=EDGE_CURVE('',#6773,#6777,#6147,.T.);
#7206=EDGE_CURVE('',#6769,#6773,#6151,.T.);
#7209=EDGE_CURVE('',#6759,#6765,#6160,.T.);
#7213=EDGE_CURVE('',#6794,#6795,#6165,.T.);
#7215=EDGE_CURVE('',#6795,#6794,#6170,.T.);
#7219=EDGE_CURVE('',#6834,#6835,#6175,.T.);
#7221=EDGE_CURVE('',#6835,#6834,#6180,.T.);
#7225=ADVANCED_FACE('',(#7195,#7212,#7218,#7224),#7177,.T.);
#7231=EDGE_CURVE('',#6726,#6727,#6189,.T.);
#7233=EDGE_CURVE('',#6726,#6742,#6184,.T.);
#7236=EDGE_CURVE('',#6727,#6743,#6280,.T.);
#7240=ADVANCED_FACE('',(#7239),#7230,.T.);
#7247=EDGE_CURVE('',#6727,#6729,#6193,.T.);
#7249=EDGE_CURVE('',#6729,#6731,#6198,.T.);
#7251=EDGE_CURVE('',#6731,#6733,#6202,.T.);
#7253=EDGE_CURVE('',#6733,#6735,#6207,.T.);
#7255=EDGE_CURVE('',#6735,#6737,#6211,.T.);
#7257=EDGE_CURVE('',#6737,#6739,#6216,.T.);
#7259=EDGE_CURVE('',#6739,#6726,#6220,.T.);
#7263=EDGE_CURVE('',#6790,#6791,#6225,.T.);
#7265=EDGE_CURVE('',#6791,#6790,#6230,.T.);
#7269=EDGE_CURVE('',#6830,#6831,#6235,.T.);
#7271=EDGE_CURVE('',#6831,#6830,#6240,.T.);
#7275=EDGE_CURVE('',#6802,#6803,#6245,.T.);
#7277=EDGE_CURVE('',#6827,#6802,#6249,.T.);
#7281=EDGE_CURVE('',#6815,#6819,#6263,.T.);
#7283=EDGE_CURVE('',#6811,#6815,#6267,.T.);
#7285=EDGE_CURVE('',#6807,#6811,#6272,.T.);
#7287=EDGE_CURVE('',#6803,#6807,#6276,.T.);
#7291=ADVANCED_FACE('',(#7262,#7268,#7274,#7290),#7245,.F.);
#7300=EDGE_CURVE('',#6729,#6745,#6284,.T.);
#7304=ADVANCED_FACE('',(#7303),#7296,.T.);
#7313=EDGE_CURVE('',#6731,#6747,#6288,.T.);
#7317=ADVANCED_FACE('',(#7316),#7309,.T.);
#7326=EDGE_CURVE('',#6733,#6749,#6292,.T.);
#7330=ADVANCED_FACE('',(#7329),#7322,.T.);
#7339=EDGE_CURVE('',#6735,#6751,#6296,.T.);
#7343=ADVANCED_FACE('',(#7342),#7335,.T.);
#7352=EDGE_CURVE('',#6737,#6753,#6300,.T.);
#7356=ADVANCED_FACE('',(#7355),#7348,.T.);
#7365=EDGE_CURVE('',#6739,#6755,#6304,.T.);
#7369=ADVANCED_FACE('',(#7368),#7361,.T.);
#7381=ADVANCED_FACE('',(#7380),#7374,.T.);
#7388=EDGE_CURVE('',#6795,#6791,#6312,.T.);
#7391=EDGE_CURVE('',#6794,#6790,#6308,.T.);
#7395=ADVANCED_FACE('',(#7394),#7386,.F.);
#7407=ADVANCED_FACE('',(#7406),#7400,.F.);
#7414=EDGE_CURVE('',#6835,#6831,#6320,.T.);
#7417=EDGE_CURVE('',#6834,#6830,#6316,.T.);
#7421=ADVANCED_FACE('',(#7420),#7412,.F.);
#7433=ADVANCED_FACE('',(#7432),#7426,.F.);
#7439=EDGE_CURVE('',#6798,#6799,#6330,.T.);
#7441=EDGE_CURVE('',#6798,#6802,#6325,.T.);
#7444=EDGE_CURVE('',#6799,#6803,#6356,.T.);
#7448=ADVANCED_FACE('',(#7447),#7438,.F.);
#7455=EDGE_CURVE('',#6649,#6799,#6351,.T.);
#7457=EDGE_CURVE('',#6649,#6651,#6335,.T.);
#7459=EDGE_CURVE('',#6651,#6798,#6339,.T.);
#7463=ADVANCED_FACE('',(#7462),#7453,.T.);
#7469=EDGE_CURVE('',#6799,#6805,#6343,.T.);
#7471=EDGE_CURVE('',#6647,#6805,#6375,.T.);
#7473=EDGE_CURVE('',#6647,#6649,#6347,.T.);
#7478=ADVANCED_FACE('',(#7477),#7468,.T.);
#7487=EDGE_CURVE('',#6805,#6807,#6361,.T.);
#7491=ADVANCED_FACE('',(#7490),#7483,.F.);
#7497=EDGE_CURVE('',#6805,#6809,#6366,.T.);
#7501=EDGE_CURVE('',#6809,#6811,#6392,.T.);
#7505=ADVANCED_FACE('',(#7504),#7496,.F.);
#7512=EDGE_CURVE('',#6646,#6809,#6387,.T.);
#7514=EDGE_CURVE('',#6646,#6647,#6371,.T.);
#7519=ADVANCED_FACE('',(#7518),#7510,.T.);
#7525=EDGE_CURVE('',#6809,#6813,#6379,.T.);
#7527=EDGE_CURVE('',#6659,#6813,#6411,.T.);
#7529=EDGE_CURVE('',#6659,#6646,#6383,.T.);
#7534=ADVANCED_FACE('',(#7533),#7524,.T.);
#7543=EDGE_CURVE('',#6813,#6815,#6397,.T.);
#7547=ADVANCED_FACE('',(#7546),#7539,.F.);
#7553=EDGE_CURVE('',#6813,#6817,#6402,.T.);
#7560=ADVANCED_FACE('',(#7559),#7552,.F.);
#7568=EDGE_CURVE('',#6657,#6659,#6407,.T.);
#7573=ADVANCED_FACE('',(#7572),#7565,.T.);
#7581=EDGE_CURVE('',#6661,#6659,#6425,.T.);
#7585=ADVANCED_FACE('',(#7584),#7578,.T.);
#7591=EDGE_CURVE('',#6702,#6703,#6420,.T.);
#7594=EDGE_CURVE('',#6663,#6646,#6529,.T.);
#7601=ADVANCED_FACE('',(#7600),#7590,.T.);
#7608=EDGE_CURVE('',#6702,#6718,#6429,.T.);
#7610=EDGE_CURVE('',#6718,#6719,#6437,.T.);
#7612=EDGE_CURVE('',#6703,#6719,#6533,.T.);
#7616=ADVANCED_FACE('',(#7615),#7606,.F.);
#7628=ADVANCED_FACE('',(#7627),#7621,.F.);
#7636=EDGE_CURVE('',#6685,#6683,#6442,.T.);
#7638=EDGE_CURVE('',#6683,#6670,#6564,.T.);
#7640=EDGE_CURVE('',#6687,#6670,#6542,.T.);
#7645=ADVANCED_FACE('',(#7644),#7633,.F.);
#7651=EDGE_CURVE('',#6681,#6683,#6457,.T.);
#7657=ADVANCED_FACE('',(#7656),#7650,.F.);
#7663=EDGE_CURVE('',#6783,#6787,#6452,.T.);
#7665=EDGE_CURVE('',#6683,#6787,#6568,.T.);
#7668=EDGE_CURVE('',#6681,#6783,#6461,.T.);
#7672=ADVANCED_FACE('',(#7671),#7662,.F.);
#7679=EDGE_CURVE('',#6785,#6787,#6471,.T.);
#7682=EDGE_CURVE('',#6781,#6783,#6466,.T.);
#7686=ADVANCED_FACE('',(#7685),#7677,.T.);
#7693=EDGE_CURVE('',#6758,#6762,#6476,.T.);
#7695=EDGE_CURVE('',#6787,#6762,#6560,.T.);
#7700=ADVANCED_FACE('',(#7699),#7691,.T.);
#7707=EDGE_CURVE('',#6759,#6763,#6481,.T.);
#7709=EDGE_CURVE('',#6762,#6763,#6547,.T.);
#7714=ADVANCED_FACE('',(#7713),#7705,.T.);
#7722=EDGE_CURVE('',#6763,#6767,#6485,.T.);
#7727=ADVANCED_FACE('',(#7726),#7719,.T.);
#7735=EDGE_CURVE('',#6671,#6673,#6493,.T.);
#7737=EDGE_CURVE('',#6671,#6763,#6497,.T.);
#7741=ADVANCED_FACE('',(#7740),#7732,.F.);
#7747=EDGE_CURVE('',#6722,#6723,#6501,.T.);
#7750=EDGE_CURVE('',#6687,#6671,#6506,.T.);
#7757=ADVANCED_FACE('',(#7756),#7746,.F.);
#7763=EDGE_CURVE('',#6706,#6707,#6514,.T.);
#7765=EDGE_CURVE('',#6706,#6722,#6510,.T.);
#7768=EDGE_CURVE('',#6707,#6723,#6537,.T.);
#7772=ADVANCED_FACE('',(#7771),#7762,.F.);
#7780=EDGE_CURVE('',#6667,#6649,#6524,.T.);
#7783=EDGE_CURVE('',#6663,#6647,#6519,.T.);
#7788=ADVANCED_FACE('',(#7787),#7777,.T.);
#7799=ADVANCED_FACE('',(#7798),#7793,.T.);
#7810=ADVANCED_FACE('',(#7809),#7804,.T.);
#7822=ADVANCED_FACE('',(#7821),#7815,.F.);
#7834=ADVANCED_FACE('',(#7833),#7827,.F.);
#7840=EDGE_CURVE('',#6670,#6671,#6552,.T.);
#7846=ADVANCED_FACE('',(#7845),#7839,.F.);
#7855=EDGE_CURVE('',#6670,#6762,#6556,.T.);
#7859=ADVANCED_FACE('',(#7858),#7851,.F.);
#7871=ADVANCED_FACE('',(#7870),#7864,.F.);
#7879=EDGE_CURVE('',#6779,#6783,#6577,.T.);
#7881=EDGE_CURVE('',#6777,#6779,#6573,.T.);
#7885=ADVANCED_FACE('',(#7884),#7876,.T.);
#7894=EDGE_CURVE('',#6679,#6779,#6585,.T.);
#7898=ADVANCED_FACE('',(#7897),#7890,.F.);
#7904=EDGE_CURVE('',#6775,#6779,#6590,.T.);
#7907=EDGE_CURVE('',#6677,#6679,#6595,.T.);
#7909=EDGE_CURVE('',#6677,#6775,#6599,.T.);
#7913=ADVANCED_FACE('',(#7912),#7903,.F.);
#7922=EDGE_CURVE('',#6773,#6775,#6604,.T.);
#7926=ADVANCED_FACE('',(#7925),#7918,.T.);
#7934=EDGE_CURVE('',#6771,#6775,#6613,.T.);
#7939=ADVANCED_FACE('',(#7938),#7931,.T.);
#7951=ADVANCED_FACE('',(#7950),#7944,.F.);
#7962=ADVANCED_FACE('',(#7961),#7956,.F.);
#7968=EDGE_CURVE('',#6825,#6798,#6630,.T.);
#7975=ADVANCED_FACE('',(#7974),#7967,.T.);
#7987=ADVANCED_FACE('',(#7986),#7980,.F.);
#7997=(GEOMETRIC_REPRESENTATION_CONTEXT(3)GLOBAL_UNCERTAINTY_ASSIGNED_CONTEXT((
#7996))GLOBAL_UNIT_ASSIGNED_CONTEXT((#7990,#7994,#7995))REPRESENTATION_CONTEXT(
'ID3','3'));
#8001=AXIS2_PLACEMENT_3D('',#7998,#7999,#8000);
#8002=ADVANCED_BREP_SHAPE_REPRESENTATION('',(#8001,#7989),#7997);
#8007=PRODUCT_DEFINITION('design','',#8006,#8003);
#8008=PRODUCT_DEFINITION_SHAPE('','SHAPE FOR 100-25FEMALE-BACKSHELL.',#8007);
#8009=SHAPE_DEFINITION_REPRESENTATION(#8008,#8002);
#8010=NEXT_ASSEMBLY_USAGE_OCCURRENCE('2','Next assembly relationship',
'100-25FEMALE-BACKSHELL',#9947,#8007,$);
#8011=PRODUCT_DEFINITION_SHAPE('Placement #2',
'Placement of 100-25FEMALE-BACKSHELL with respect to 100-25FEMALE-ASSMBLY_ASM',
#8010);
#8030=B_SPLINE_CURVE_WITH_KNOTS('',3,(#8023,#8024,#8025,#8026,#8027,#8028,
#8029),.UNSPECIFIED.,.F.,.F.,(4,1,1,1,4),(0.E0,2.5E-1,5.E-1,7.5E-1,1.E0),
.UNSPECIFIED.);
#8038=B_SPLINE_CURVE_WITH_KNOTS('',3,(#8031,#8032,#8033,#8034,#8035,#8036,
#8037),.UNSPECIFIED.,.F.,.F.,(4,1,1,1,4),(0.E0,2.5E-1,5.E-1,7.5E-1,1.E0),
.UNSPECIFIED.);
#8047=CIRCLE('',#8046,4.E-1);
#8052=CIRCLE('',#8051,4.E-1);
#8065=CIRCLE('',#8064,6.E-1);
#8070=CIRCLE('',#8069,6.E-1);
#8082=B_SPLINE_CURVE_WITH_KNOTS('',3,(#8075,#8076,#8077,#8078,#8079,#8080,
#8081),.UNSPECIFIED.,.F.,.F.,(4,1,1,1,4),(0.E0,2.5E-1,5.E-1,7.5E-1,1.E0),
.UNSPECIFIED.);
#8090=B_SPLINE_CURVE_WITH_KNOTS('',3,(#8083,#8084,#8085,#8086,#8087,#8088,
#8089),.UNSPECIFIED.,.F.,.F.,(4,1,1,1,4),(0.E0,2.5E-1,5.E-1,7.5E-1,1.E0),
.UNSPECIFIED.);
#8107=CIRCLE('',#8106,6.E-1);
#8116=CIRCLE('',#8115,6.E-1);
#8121=CIRCLE('',#8120,6.E-1);
#8130=CIRCLE('',#8129,7.E-1);
#8139=CIRCLE('',#8138,7.E-1);
#8144=CIRCLE('',#8143,7.E-1);
#8149=CIRCLE('',#8148,7.E-1);
#8154=CIRCLE('',#8153,4.5E-1);
#8159=CIRCLE('',#8158,4.5E-1);
#8172=CIRCLE('',#8171,5.E-1);
#8177=CIRCLE('',#8176,5.E-1);
#8182=CIRCLE('',#8181,4.5E-1);
#8187=CIRCLE('',#8186,4.5E-1);
#8192=CIRCLE('',#8191,5.E-1);
#8205=CIRCLE('',#8204,5.E-1);
#8210=CIRCLE('',#8209,4.E-1);
#8215=CIRCLE('',#8214,4.E-1);
#8228=CIRCLE('',#8227,4.E-1);
#8308=EDGE_CURVE('',#8287,#8288,#8022,.T.);
#8310=EDGE_CURVE('',#8288,#8302,#8030,.T.);
#8312=EDGE_CURVE('',#8302,#8292,#8038,.T.);
#8314=EDGE_CURVE('',#8291,#8292,#8042,.T.);
#8316=EDGE_CURVE('',#8291,#8271,#8047,.T.);
#8318=EDGE_CURVE('',#8271,#8272,#8223,.T.);
#8320=EDGE_CURVE('',#8264,#8272,#8210,.T.);
#8322=EDGE_CURVE('',#8263,#8264,#8219,.T.);
#8324=EDGE_CURVE('',#8263,#8287,#8052,.T.);
#8328=ADVANCED_FACE('',(#8327),#8307,.F.);
#8334=EDGE_CURVE('',#8279,#8280,#8060,.T.);
#8336=EDGE_CURVE('',#8280,#8288,#8056,.T.);
#8339=EDGE_CURVE('',#8279,#8287,#8094,.T.);
#8343=ADVANCED_FACE('',(#8342),#8333,.T.);
#8350=EDGE_CURVE('',#8247,#8279,#8065,.T.);
#8352=EDGE_CURVE('',#8247,#8248,#8102,.T.);
#8354=EDGE_CURVE('',#8248,#8256,#8116,.T.);
#8356=EDGE_CURVE('',#8255,#8256,#8111,.T.);
#8358=EDGE_CURVE('',#8283,#8255,#8070,.T.);
#8360=EDGE_CURVE('',#8283,#8284,#8074,.T.);
#8362=EDGE_CURVE('',#8301,#8284,#8082,.T.);
#8364=EDGE_CURVE('',#8280,#8301,#8090,.T.);
#8368=ADVANCED_FACE('',(#8367),#8348,.T.);
#8376=EDGE_CURVE('',#8247,#8263,#8098,.T.);
#8381=ADVANCED_FACE('',(#8380),#8373,.T.);
#8387=EDGE_CURVE('',#8247,#8255,#8107,.T.);
#8390=EDGE_CURVE('',#8263,#8271,#8228,.T.);
#8392=EDGE_CURVE('',#8255,#8271,#8232,.T.);
#8396=ADVANCED_FACE('',(#8395),#8386,.F.);
#8405=EDGE_CURVE('',#8248,#8256,#8121,.T.);
#8409=ADVANCED_FACE('',(#8408),#8401,.T.);
#8415=EDGE_CURVE('',#8251,#8259,#8130,.T.);
#8417=EDGE_CURVE('',#8251,#8259,#8139,.T.);
#8425=ADVANCED_FACE('',(#8420,#8424),#8414,.F.);
#8431=EDGE_CURVE('',#8251,#8252,#8125,.T.);
#8434=EDGE_CURVE('',#8259,#8260,#8134,.T.);
#8436=EDGE_CURVE('',#8252,#8260,#8149,.T.);
#8440=ADVANCED_FACE('',(#8439),#8430,.T.);
#8447=EDGE_CURVE('',#8252,#8260,#8144,.T.);
#8453=ADVANCED_FACE('',(#8452),#8445,.T.);
#8463=EDGE_CURVE('',#8295,#8296,#8154,.T.);
#8465=EDGE_CURVE('',#8296,#8295,#8159,.T.);
#8469=ADVANCED_FACE('',(#8462,#8468),#8458,.T.);
#8476=EDGE_CURVE('',#8295,#8299,#8163,.T.);
#8478=EDGE_CURVE('',#8299,#8300,#8182,.T.);
#8480=EDGE_CURVE('',#8296,#8300,#8167,.T.);
#8484=ADVANCED_FACE('',(#8483),#8474,.F.);
#8492=EDGE_CURVE('',#8300,#8299,#8187,.T.);
#8497=ADVANCED_FACE('',(#8496),#8489,.F.);
#8503=EDGE_CURVE('',#8268,#8276,#8172,.T.);
#8505=EDGE_CURVE('',#8268,#8276,#8177,.T.);
#8513=ADVANCED_FACE('',(#8508,#8512),#8502,.F.);
#8519=EDGE_CURVE('',#8267,#8268,#8196,.T.);
#8521=EDGE_CURVE('',#8267,#8275,#8192,.T.);
#8523=EDGE_CURVE('',#8275,#8276,#8200,.T.);
#8528=ADVANCED_FACE('',(#8527),#8518,.F.);
#8537=EDGE_CURVE('',#8267,#8275,#8205,.T.);
#8541=ADVANCED_FACE('',(#8540),#8533,.F.);
#8552=EDGE_CURVE('',#8264,#8272,#8215,.T.);
#8556=ADVANCED_FACE('',(#8550,#8555),#8546,.T.);
#8568=ADVANCED_FACE('',(#8567),#8561,.F.);
#8574=EDGE_CURVE('',#8283,#8291,#8236,.T.);
#8581=ADVANCED_FACE('',(#8580),#8573,.T.);
#8590=EDGE_CURVE('',#8284,#8292,#8240,.T.);
#8594=ADVANCED_FACE('',(#8593),#8586,.F.);
#8635=EDGE_CURVE('',#8301,#8302,#8244,.T.);
#8639=ADVANCED_FACE('',(#8638),#8631,.F.);
#8683=ADVANCED_FACE('',(#8682),#8676,.F.);
#8700=B_SPLINE_CURVE_WITH_KNOTS('',3,(#8694,#8695,#8696,#8697,#8698,#8699),
.UNSPECIFIED.,.F.,.F.,(4,1,1,4),(0.E0,3.333333333333E-1,6.666666666667E-1,1.E0),
.UNSPECIFIED.);
#8706=B_SPLINE_CURVE_WITH_KNOTS('',3,(#8701,#8702,#8703,#8704,#8705),
.UNSPECIFIED.,.F.,.F.,(4,1,4),(0.E0,5.E-1,1.E0),.UNSPECIFIED.);
#8712=B_SPLINE_CURVE_WITH_KNOTS('',3,(#8707,#8708,#8709,#8710,#8711),
.UNSPECIFIED.,.F.,.F.,(4,1,4),(0.E0,5.E-1,1.E0),.UNSPECIFIED.);
#8719=B_SPLINE_CURVE_WITH_KNOTS('',3,(#8713,#8714,#8715,#8716,#8717,#8718),
.UNSPECIFIED.,.F.,.F.,(4,1,1,4),(0.E0,3.333333333333E-1,6.666666666667E-1,1.E0),
.UNSPECIFIED.);
#8728=B_SPLINE_CURVE_WITH_KNOTS('',3,(#8720,#8721,#8722,#8723,#8724,#8725,#8726,
#8727),.UNSPECIFIED.,.F.,.F.,(4,1,1,1,1,4),(0.E0,2.E-1,4.E-1,6.E-1,8.E-1,1.E0),
.UNSPECIFIED.);
#8737=B_SPLINE_CURVE_WITH_KNOTS('',3,(#8733,#8734,#8735,#8736),.UNSPECIFIED.,
.F.,.F.,(4,4),(0.E0,1.E0),.UNSPECIFIED.);
#8742=B_SPLINE_CURVE_WITH_KNOTS('',3,(#8738,#8739,#8740,#8741),.UNSPECIFIED.,
.F.,.F.,(4,4),(0.E0,1.E0),.UNSPECIFIED.);
#8755=B_SPLINE_CURVE_WITH_KNOTS('',3,(#8747,#8748,#8749,#8750,#8751,#8752,#8753,
#8754),.UNSPECIFIED.,.F.,.F.,(4,1,1,1,1,4),(0.E0,2.E-1,4.E-1,6.E-1,8.E-1,1.E0),
.UNSPECIFIED.);
#8760=B_SPLINE_CURVE_WITH_KNOTS('',3,(#8756,#8757,#8758,#8759),.UNSPECIFIED.,
.F.,.F.,(4,4),(0.E0,1.E0),.UNSPECIFIED.);
#8765=CIRCLE('',#8764,2.736140808141E-1);
#8770=CIRCLE('',#8769,2.736140808141E-1);
#8775=B_SPLINE_CURVE_WITH_KNOTS('',3,(#8771,#8772,#8773,#8774),.UNSPECIFIED.,
.F.,.F.,(4,4),(0.E0,1.E0),.UNSPECIFIED.);
#8780=B_SPLINE_CURVE_WITH_KNOTS('',3,(#8776,#8777,#8778,#8779),.UNSPECIFIED.,
.F.,.F.,(4,4),(0.E0,1.E0),.UNSPECIFIED.);
#8793=B_SPLINE_CURVE_WITH_KNOTS('',3,(#8789,#8790,#8791,#8792),.UNSPECIFIED.,
.F.,.F.,(4,4),(0.E0,1.E0),.UNSPECIFIED.);
#8799=B_SPLINE_CURVE_WITH_KNOTS('',3,(#8794,#8795,#8796,#8797,#8798),
.UNSPECIFIED.,.F.,.F.,(4,1,4),(0.E0,5.E-1,1.E0),.UNSPECIFIED.);
#8805=B_SPLINE_CURVE_WITH_KNOTS('',3,(#8800,#8801,#8802,#8803,#8804),
.UNSPECIFIED.,.F.,.F.,(4,1,4),(0.E0,5.E-1,1.E0),.UNSPECIFIED.);
#8813=B_SPLINE_CURVE_WITH_KNOTS('',3,(#8806,#8807,#8808,#8809,#8810,#8811,
#8812),.UNSPECIFIED.,.F.,.F.,(4,1,1,1,4),(0.E0,2.5E-1,5.E-1,7.5E-1,1.E0),
.UNSPECIFIED.);
#8818=CIRCLE('',#8817,4.453943418051E-1);
#8824=B_SPLINE_CURVE_WITH_KNOTS('',3,(#8819,#8820,#8821,#8822,#8823),
.UNSPECIFIED.,.F.,.F.,(4,1,4),(0.E0,5.E-1,1.E0),.UNSPECIFIED.);
#8831=B_SPLINE_CURVE_WITH_KNOTS('',3,(#8825,#8826,#8827,#8828,#8829,#8830),
.UNSPECIFIED.,.F.,.F.,(4,1,1,4),(0.E0,3.333333333333E-1,6.666666666667E-1,1.E0),
.UNSPECIFIED.);
#8838=B_SPLINE_CURVE_WITH_KNOTS('',3,(#8832,#8833,#8834,#8835,#8836,#8837),
.UNSPECIFIED.,.F.,.F.,(4,1,1,4),(0.E0,3.333333333333E-1,6.666666666667E-1,1.E0),
.UNSPECIFIED.);
#8844=B_SPLINE_CURVE_WITH_KNOTS('',3,(#8839,#8840,#8841,#8842,#8843),
.UNSPECIFIED.,.F.,.F.,(4,1,4),(0.E0,5.E-1,1.E0),.UNSPECIFIED.);
#8850=B_SPLINE_CURVE_WITH_KNOTS('',3,(#8845,#8846,#8847,#8848,#8849),
.UNSPECIFIED.,.F.,.F.,(4,1,4),(0.E0,5.E-1,1.E0),.UNSPECIFIED.);
#8857=B_SPLINE_CURVE_WITH_KNOTS('',3,(#8851,#8852,#8853,#8854,#8855,#8856),
.UNSPECIFIED.,.F.,.F.,(4,1,1,4),(0.E0,3.333333333333E-1,6.666666666667E-1,1.E0),
.UNSPECIFIED.);
#8864=B_SPLINE_CURVE_WITH_KNOTS('',3,(#8858,#8859,#8860,#8861,#8862,#8863),
.UNSPECIFIED.,.F.,.F.,(4,1,1,4),(0.E0,3.333333333333E-1,6.666666666667E-1,1.E0),
.UNSPECIFIED.);
#8870=B_SPLINE_CURVE_WITH_KNOTS('',3,(#8865,#8866,#8867,#8868,#8869),
.UNSPECIFIED.,.F.,.F.,(4,1,4),(0.E0,5.E-1,1.E0),.UNSPECIFIED.);
#8875=CIRCLE('',#8874,4.453943418051E-1);
#8882=B_SPLINE_CURVE_WITH_KNOTS('',3,(#8876,#8877,#8878,#8879,#8880,#8881),
.UNSPECIFIED.,.F.,.F.,(4,1,1,4),(0.E0,3.333333333333E-1,6.666666666667E-1,1.E0),
.UNSPECIFIED.);
#8888=B_SPLINE_CURVE_WITH_KNOTS('',3,(#8883,#8884,#8885,#8886,#8887),
.UNSPECIFIED.,.F.,.F.,(4,1,4),(0.E0,5.E-1,1.E0),.UNSPECIFIED.);
#8898=B_SPLINE_CURVE_WITH_KNOTS('',3,(#8893,#8894,#8895,#8896,#8897),
.UNSPECIFIED.,.F.,.F.,(4,1,4),(0.E0,5.E-1,1.E0),.UNSPECIFIED.);
#8904=B_SPLINE_CURVE_WITH_KNOTS('',3,(#8899,#8900,#8901,#8902,#8903),
.UNSPECIFIED.,.F.,.F.,(4,1,4),(0.E0,5.E-1,1.E0),.UNSPECIFIED.);
#8913=CIRCLE('',#8912,7.074247348624E-1);
#8918=CIRCLE('',#8917,7.074247348624E-1);
#8925=B_SPLINE_CURVE_WITH_KNOTS('',3,(#8919,#8920,#8921,#8922,#8923,#8924),
.UNSPECIFIED.,.F.,.F.,(4,1,1,4),(0.E0,3.333333333333E-1,6.666666666667E-1,1.E0),
.UNSPECIFIED.);
#8932=B_SPLINE_CURVE_WITH_KNOTS('',3,(#8926,#8927,#8928,#8929,#8930,#8931),
.UNSPECIFIED.,.F.,.F.,(4,1,1,4),(0.E0,3.333333333333E-1,6.666666666667E-1,1.E0),
.UNSPECIFIED.);
#8939=B_SPLINE_CURVE_WITH_KNOTS('',3,(#8933,#8934,#8935,#8936,#8937,#8938),
.UNSPECIFIED.,.F.,.F.,(4,1,1,4),(0.E0,3.333333333333E-1,6.666666666667E-1,1.E0),
.UNSPECIFIED.);
#8944=CIRCLE('',#8943,7.074247348624E-1);
#8949=CIRCLE('',#8948,7.074247348624E-1);
#8956=B_SPLINE_CURVE_WITH_KNOTS('',3,(#8950,#8951,#8952,#8953,#8954,#8955),
.UNSPECIFIED.,.F.,.F.,(4,1,1,4),(0.E0,3.333333333333E-1,6.666666666667E-1,1.E0),
.UNSPECIFIED.);
#8987=B_SPLINE_CURVE_WITH_KNOTS('',3,(#8981,#8982,#8983,#8984,#8985,#8986),
.UNSPECIFIED.,.F.,.F.,(4,1,1,4),(0.E0,3.333333333333E-1,6.666666666667E-1,1.E0),
.UNSPECIFIED.);
#8996=B_SPLINE_CURVE_WITH_KNOTS('',3,(#8988,#8989,#8990,#8991,#8992,#8993,#8994,
#8995),.UNSPECIFIED.,.F.,.F.,(4,1,1,1,1,4),(0.E0,2.E-1,4.E-1,6.E-1,8.E-1,1.E0),
.UNSPECIFIED.);
#9003=B_SPLINE_CURVE_WITH_KNOTS('',3,(#8997,#8998,#8999,#9000,#9001,#9002),
.UNSPECIFIED.,.F.,.F.,(4,1,1,4),(0.E0,3.333333333333E-1,6.666666666667E-1,1.E0),
.UNSPECIFIED.);
#9009=B_SPLINE_CURVE_WITH_KNOTS('',3,(#9004,#9005,#9006,#9007,#9008),
.UNSPECIFIED.,.F.,.F.,(4,1,4),(0.E0,5.E-1,1.E0),.UNSPECIFIED.);
#9023=B_SPLINE_CURVE_WITH_KNOTS('',3,(#9018,#9019,#9020,#9021,#9022),
.UNSPECIFIED.,.F.,.F.,(4,1,4),(0.E0,5.E-1,1.E0),.UNSPECIFIED.);
#9032=CIRCLE('',#9031,6.5E-1);
#9041=CIRCLE('',#9040,6.5E-1);
#9046=CIRCLE('',#9045,6.5E-1);
#9055=CIRCLE('',#9054,4.5E-1);
#9060=CIRCLE('',#9059,6.5E-1);
#9069=CIRCLE('',#9068,4.5E-1);
#9082=CIRCLE('',#9081,4.5E-1);
#9087=CIRCLE('',#9086,4.5E-1);
#9096=B_SPLINE_CURVE_WITH_KNOTS('',3,(#9088,#9089,#9090,#9091,#9092,#9093,#9094,
#9095),.UNSPECIFIED.,.F.,.F.,(4,1,1,1,1,4),(0.E0,2.E-1,4.E-1,6.E-1,8.E-1,1.E0),
.UNSPECIFIED.);
#9101=B_SPLINE_CURVE_WITH_KNOTS('',3,(#9097,#9098,#9099,#9100),.UNSPECIFIED.,
.F.,.F.,(4,4),(0.E0,1.E0),.UNSPECIFIED.);
#9106=CIRCLE('',#9105,2.736140808141E-1);
#9119=CIRCLE('',#9118,2.736140808141E-1);
#9124=B_SPLINE_CURVE_WITH_KNOTS('',3,(#9120,#9121,#9122,#9123),.UNSPECIFIED.,
.F.,.F.,(4,4),(0.E0,1.E0),.UNSPECIFIED.);
#9207=EDGE_CURVE('',#9149,#9150,#8728,.T.);
#9209=EDGE_CURVE('',#9150,#9157,#8689,.T.);
#9211=EDGE_CURVE('',#9157,#9158,#8755,.T.);
#9213=EDGE_CURVE('',#9149,#9158,#8732,.T.);
#9217=ADVANCED_FACE('',(#9216),#9206,.F.);
#9223=EDGE_CURVE('',#9151,#9152,#8996,.T.);
#9225=EDGE_CURVE('',#9163,#9152,#8746,.T.);
#9227=EDGE_CURVE('',#9163,#9164,#9096,.T.);
#9229=EDGE_CURVE('',#9164,#9151,#8693,.T.);
#9233=ADVANCED_FACE('',(#9232),#9222,.F.);
#9239=EDGE_CURVE('',#9149,#9173,#8700,.T.);
#9241=EDGE_CURVE('',#9127,#9173,#8706,.T.);
#9243=EDGE_CURVE('',#9127,#9128,#9017,.T.);
#9245=EDGE_CURVE('',#9128,#9134,#9041,.T.);
#9247=EDGE_CURVE('',#9133,#9134,#9013,.T.);
#9249=EDGE_CURVE('',#9174,#9133,#8712,.T.);
#9251=EDGE_CURVE('',#9174,#9150,#8719,.T.);
#9256=ADVANCED_FACE('',(#9255),#9238,.T.);
#9264=EDGE_CURVE('',#9158,#9153,#8775,.T.);
#9266=EDGE_CURVE('',#9153,#9154,#8831,.T.);
#9268=EDGE_CURVE('',#9184,#9154,#8908,.T.);
#9270=EDGE_CURVE('',#9184,#9173,#8737,.T.);
#9274=ADVANCED_FACE('',(#9273),#9261,.F.);
#9280=EDGE_CURVE('',#9175,#9152,#8987,.T.);
#9282=EDGE_CURVE('',#9186,#9175,#8742,.T.);
#9284=EDGE_CURVE('',#9159,#9186,#8892,.T.);
#9286=EDGE_CURVE('',#9159,#9160,#8838,.T.);
#9288=EDGE_CURVE('',#9160,#9163,#9101,.T.);
#9293=ADVANCED_FACE('',(#9292),#9279,.F.);
#9300=EDGE_CURVE('',#9156,#9157,#8760,.T.);
#9302=EDGE_CURVE('',#9156,#9145,#8765,.T.);
#9304=EDGE_CURVE('',#9145,#9146,#9114,.T.);
#9306=EDGE_CURVE('',#9140,#9146,#9087,.T.);
#9308=EDGE_CURVE('',#9139,#9140,#9110,.T.);
#9310=EDGE_CURVE('',#9139,#9153,#8770,.T.);
#9315=ADVANCED_FACE('',(#9314),#9298,.F.);
#9322=EDGE_CURVE('',#9188,#9174,#8780,.T.);
#9324=EDGE_CURVE('',#9188,#9155,#8784,.T.);
#9326=EDGE_CURVE('',#9155,#9156,#8864,.T.);
#9332=ADVANCED_FACE('',(#9331),#9320,.F.);
#9338=EDGE_CURVE('',#9151,#9176,#9003,.T.);
#9341=EDGE_CURVE('',#9164,#9161,#9124,.T.);
#9343=EDGE_CURVE('',#9161,#9162,#8857,.T.);
#9345=EDGE_CURVE('',#9162,#9190,#8788,.T.);
#9347=EDGE_CURVE('',#9190,#9176,#8793,.T.);
#9351=ADVANCED_FACE('',(#9350),#9337,.F.);
#9357=EDGE_CURVE('',#9188,#9172,#8799,.T.);
#9360=EDGE_CURVE('',#9174,#9192,#8956,.T.);
#9362=EDGE_CURVE('',#9192,#9172,#8976,.T.);
#9366=ADVANCED_FACE('',(#9365),#9356,.F.);
#9372=EDGE_CURVE('',#9180,#9173,#8932,.T.);
#9375=EDGE_CURVE('',#9168,#9184,#8904,.T.);
#9377=EDGE_CURVE('',#9168,#9180,#8968,.T.);
#9381=ADVANCED_FACE('',(#9380),#9371,.F.);
#9387=EDGE_CURVE('',#9200,#9201,#8813,.T.);
#9389=EDGE_CURVE('',#9200,#9155,#8870,.T.);
#9393=EDGE_CURVE('',#9171,#9172,#8972,.T.);
#9395=EDGE_CURVE('',#9190,#9171,#8805,.T.);
#9398=EDGE_CURVE('',#9162,#9201,#8850,.T.);
#9402=ADVANCED_FACE('',(#9401),#9386,.T.);
#9409=EDGE_CURVE('',#9201,#9200,#8818,.T.);
#9413=ADVANCED_FACE('',(#9412),#9407,.F.);
#9419=EDGE_CURVE('',#9198,#9199,#8875,.T.);
#9421=EDGE_CURVE('',#9154,#9198,#8824,.T.);
#9425=EDGE_CURVE('',#9139,#9160,#9106,.T.);
#9428=EDGE_CURVE('',#9199,#9159,#8844,.T.);
#9432=ADVANCED_FACE('',(#9431),#9418,.F.);
#9441=EDGE_CURVE('',#9161,#9145,#9119,.T.);
#9448=ADVANCED_FACE('',(#9447),#9437,.F.);
#9455=EDGE_CURVE('',#9199,#9197,#8888,.T.);
#9457=EDGE_CURVE('',#9197,#9198,#8882,.T.);
#9461=ADVANCED_FACE('',(#9460),#9453,.F.);
#9471=EDGE_CURVE('',#9167,#9186,#8898,.T.);
#9473=EDGE_CURVE('',#9167,#9168,#8960,.T.);
#9480=ADVANCED_FACE('',(#9479),#9466,.T.);
#9486=EDGE_CURVE('',#9194,#9176,#8939,.T.);
#9490=EDGE_CURVE('',#9194,#9171,#8980,.T.);
#9494=ADVANCED_FACE('',(#9493),#9485,.F.);
#9502=EDGE_CURVE('',#9175,#9182,#8925,.T.);
#9504=EDGE_CURVE('',#9167,#9182,#8964,.T.);
#9508=ADVANCED_FACE('',(#9507),#9499,.F.);
#9514=EDGE_CURVE('',#9179,#9180,#8913,.T.);
#9516=EDGE_CURVE('',#9179,#9182,#8918,.T.);
#9519=EDGE_CURVE('',#9127,#9175,#9023,.T.);
#9525=ADVANCED_FACE('',(#9524),#9513,.T.);
#9532=EDGE_CURVE('',#9176,#9133,#9009,.T.);
#9535=EDGE_CURVE('',#9194,#9196,#8944,.T.);
#9537=EDGE_CURVE('',#9192,#9196,#8949,.T.);
#9542=ADVANCED_FACE('',(#9541),#9530,.T.);
#9555=ADVANCED_FACE('',(#9554),#9547,.F.);
#9568=ADVANCED_FACE('',(#9567),#9560,.F.);
#9579=EDGE_CURVE('',#9128,#9134,#9032,.T.);
#9585=ADVANCED_FACE('',(#9584),#9573,.T.);
#9591=EDGE_CURVE('',#9128,#9130,#9027,.T.);
#9594=EDGE_CURVE('',#9134,#9136,#9036,.T.);
#9596=EDGE_CURVE('',#9130,#9136,#9060,.T.);
#9600=ADVANCED_FACE('',(#9599),#9590,.T.);
#9607=EDGE_CURVE('',#9130,#9136,#9046,.T.);
#9613=ADVANCED_FACE('',(#9612),#9605,.T.);
#9620=EDGE_CURVE('',#9130,#9142,#9050,.T.);
#9622=EDGE_CURVE('',#9142,#9148,#9055,.T.);
#9624=EDGE_CURVE('',#9136,#9148,#9064,.T.);
#9628=ADVANCED_FACE('',(#9627),#9618,.F.);
#9636=EDGE_CURVE('',#9142,#9148,#9069,.T.);
#9641=ADVANCED_FACE('',(#9640),#9633,.T.);
#9647=EDGE_CURVE('',#9140,#9142,#9073,.T.);
#9650=EDGE_CURVE('',#9146,#9148,#9077,.T.);
#9652=EDGE_CURVE('',#9140,#9146,#9082,.T.);
#9656=ADVANCED_FACE('',(#9655),#9646,.F.);
#9668=ADVANCED_FACE('',(#9667),#9661,.F.);
#9684=ADVANCED_FACE('',(#9683),#9673,.F.);
#9694=(GEOMETRIC_REPRESENTATION_CONTEXT(3)GLOBAL_UNCERTAINTY_ASSIGNED_CONTEXT((
#9693))GLOBAL_UNIT_ASSIGNED_CONTEXT((#9687,#9691,#9692))REPRESENTATION_CONTEXT(
'ID4','3'));
#9698=AXIS2_PLACEMENT_3D('',#9695,#9696,#9697);
#9699=ADVANCED_BREP_SHAPE_REPRESENTATION('',(#9698,#8685,#9686),#9694);
#9703=PRODUCT_DEFINITION('design','',#9702,#8003);
#9704=PRODUCT_DEFINITION_SHAPE('','SHAPE FOR 104-FEMALE-TERMINAL-SHORT.',#9703);
#9705=SHAPE_DEFINITION_REPRESENTATION(#9704,#9699);
#9706=NEXT_ASSEMBLY_USAGE_OCCURRENCE('3','Next assembly relationship',
'104-FEMALE-TERMINAL-SHORT',#9947,#9703,$);
#9707=PRODUCT_DEFINITION_SHAPE('Placement #3',
'Placement of 104-FEMALE-TERMINAL-SHORT with respect to 100-25FEMALE-ASSMBLY_ASM',#9706);
#9715=NEXT_ASSEMBLY_USAGE_OCCURRENCE('4','Next assembly relationship',
'104-FEMALE-TERMINAL-SHORT',#9947,#9703,$);
#9716=PRODUCT_DEFINITION_SHAPE('Placement #4',
'Placement of 104-FEMALE-TERMINAL-SHORT with respect to 100-25FEMALE-ASSMBLY_ASM',#9715);
#9724=NEXT_ASSEMBLY_USAGE_OCCURRENCE('5','Next assembly relationship',
'104-FEMALE-TERMINAL-SHORT',#9947,#9703,$);
#9725=PRODUCT_DEFINITION_SHAPE('Placement #5',
'Placement of 104-FEMALE-TERMINAL-SHORT with respect to 100-25FEMALE-ASSMBLY_ASM',#9724);
#9733=NEXT_ASSEMBLY_USAGE_OCCURRENCE('6','Next assembly relationship',
'104-FEMALE-TERMINAL-SHORT',#9947,#9703,$);
#9734=PRODUCT_DEFINITION_SHAPE('Placement #6',
'Placement of 104-FEMALE-TERMINAL-SHORT with respect to 100-25FEMALE-ASSMBLY_ASM',#9733);
#9742=NEXT_ASSEMBLY_USAGE_OCCURRENCE('7','Next assembly relationship',
'104-FEMALE-TERMINAL-SHORT',#9947,#9703,$);
#9743=PRODUCT_DEFINITION_SHAPE('Placement #7',
'Placement of 104-FEMALE-TERMINAL-SHORT with respect to 100-25FEMALE-ASSMBLY_ASM',#9742);
#9751=NEXT_ASSEMBLY_USAGE_OCCURRENCE('8','Next assembly relationship',
'104-FEMALE-TERMINAL-SHORT',#9947,#9703,$);
#9752=PRODUCT_DEFINITION_SHAPE('Placement #8',
'Placement of 104-FEMALE-TERMINAL-SHORT with respect to 100-25FEMALE-ASSMBLY_ASM',#9751);
#9760=NEXT_ASSEMBLY_USAGE_OCCURRENCE('9','Next assembly relationship',
'104-FEMALE-TERMINAL-SHORT',#9947,#9703,$);
#9761=PRODUCT_DEFINITION_SHAPE('Placement #9',
'Placement of 104-FEMALE-TERMINAL-SHORT with respect to 100-25FEMALE-ASSMBLY_ASM',#9760);
#9769=NEXT_ASSEMBLY_USAGE_OCCURRENCE('10','Next assembly relationship',
'104-FEMALE-TERMINAL-SHORT',#9947,#9703,$);
#9770=PRODUCT_DEFINITION_SHAPE('Placement #10',
'Placement of 104-FEMALE-TERMINAL-SHORT with respect to 100-25FEMALE-ASSMBLY_ASM',#9769);
#9778=NEXT_ASSEMBLY_USAGE_OCCURRENCE('11','Next assembly relationship',
'104-FEMALE-TERMINAL-SHORT',#9947,#9703,$);
#9779=PRODUCT_DEFINITION_SHAPE('Placement #11',
'Placement of 104-FEMALE-TERMINAL-SHORT with respect to 100-25FEMALE-ASSMBLY_ASM',#9778);
#9787=NEXT_ASSEMBLY_USAGE_OCCURRENCE('12','Next assembly relationship',
'104-FEMALE-TERMINAL-SHORT',#9947,#9703,$);
#9788=PRODUCT_DEFINITION_SHAPE('Placement #12',
'Placement of 104-FEMALE-TERMINAL-SHORT with respect to 100-25FEMALE-ASSMBLY_ASM',#9787);
#9796=NEXT_ASSEMBLY_USAGE_OCCURRENCE('13','Next assembly relationship',
'104-FEMALE-TERMINAL-SHORT',#9947,#9703,$);
#9797=PRODUCT_DEFINITION_SHAPE('Placement #13',
'Placement of 104-FEMALE-TERMINAL-SHORT with respect to 100-25FEMALE-ASSMBLY_ASM',#9796);
#9805=NEXT_ASSEMBLY_USAGE_OCCURRENCE('14','Next assembly relationship',
'104-FEMALE-TERMINAL-SHORT',#9947,#9703,$);
#9806=PRODUCT_DEFINITION_SHAPE('Placement #14',
'Placement of 104-FEMALE-TERMINAL-SHORT with respect to 100-25FEMALE-ASSMBLY_ASM',#9805);
#9814=NEXT_ASSEMBLY_USAGE_OCCURRENCE('15','Next assembly relationship',
'104-FEMALE-TERMINAL-SHORT',#9947,#9703,$);
#9815=PRODUCT_DEFINITION_SHAPE('Placement #15',
'Placement of 104-FEMALE-TERMINAL-SHORT with respect to 100-25FEMALE-ASSMBLY_ASM',#9814);
#9823=NEXT_ASSEMBLY_USAGE_OCCURRENCE('16','Next assembly relationship',
'104-FEMALE-TERMINAL-SHORT',#9947,#9703,$);
#9824=PRODUCT_DEFINITION_SHAPE('Placement #16',
'Placement of 104-FEMALE-TERMINAL-SHORT with respect to 100-25FEMALE-ASSMBLY_ASM',#9823);
#9832=NEXT_ASSEMBLY_USAGE_OCCURRENCE('17','Next assembly relationship',
'104-FEMALE-TERMINAL-SHORT',#9947,#9703,$);
#9833=PRODUCT_DEFINITION_SHAPE('Placement #17',
'Placement of 104-FEMALE-TERMINAL-SHORT with respect to 100-25FEMALE-ASSMBLY_ASM',#9832);
#9841=NEXT_ASSEMBLY_USAGE_OCCURRENCE('18','Next assembly relationship',
'104-FEMALE-TERMINAL-SHORT',#9947,#9703,$);
#9842=PRODUCT_DEFINITION_SHAPE('Placement #18',
'Placement of 104-FEMALE-TERMINAL-SHORT with respect to 100-25FEMALE-ASSMBLY_ASM',#9841);
#9850=NEXT_ASSEMBLY_USAGE_OCCURRENCE('19','Next assembly relationship',
'104-FEMALE-TERMINAL-SHORT',#9947,#9703,$);
#9851=PRODUCT_DEFINITION_SHAPE('Placement #19',
'Placement of 104-FEMALE-TERMINAL-SHORT with respect to 100-25FEMALE-ASSMBLY_ASM',#9850);
#9859=NEXT_ASSEMBLY_USAGE_OCCURRENCE('20','Next assembly relationship',
'104-FEMALE-TERMINAL-SHORT',#9947,#9703,$);
#9860=PRODUCT_DEFINITION_SHAPE('Placement #20',
'Placement of 104-FEMALE-TERMINAL-SHORT with respect to 100-25FEMALE-ASSMBLY_ASM',#9859);
#9868=NEXT_ASSEMBLY_USAGE_OCCURRENCE('21','Next assembly relationship',
'104-FEMALE-TERMINAL-SHORT',#9947,#9703,$);
#9869=PRODUCT_DEFINITION_SHAPE('Placement #21',
'Placement of 104-FEMALE-TERMINAL-SHORT with respect to 100-25FEMALE-ASSMBLY_ASM',#9868);
#9877=NEXT_ASSEMBLY_USAGE_OCCURRENCE('22','Next assembly relationship',
'104-FEMALE-TERMINAL-SHORT',#9947,#9703,$);
#9878=PRODUCT_DEFINITION_SHAPE('Placement #22',
'Placement of 104-FEMALE-TERMINAL-SHORT with respect to 100-25FEMALE-ASSMBLY_ASM',#9877);
#9886=NEXT_ASSEMBLY_USAGE_OCCURRENCE('23','Next assembly relationship',
'104-FEMALE-TERMINAL-SHORT',#9947,#9703,$);
#9887=PRODUCT_DEFINITION_SHAPE('Placement #23',
'Placement of 104-FEMALE-TERMINAL-SHORT with respect to 100-25FEMALE-ASSMBLY_ASM',#9886);
#9895=NEXT_ASSEMBLY_USAGE_OCCURRENCE('24','Next assembly relationship',
'104-FEMALE-TERMINAL-SHORT',#9947,#9703,$);
#9896=PRODUCT_DEFINITION_SHAPE('Placement #24',
'Placement of 104-FEMALE-TERMINAL-SHORT with respect to 100-25FEMALE-ASSMBLY_ASM',#9895);
#9904=NEXT_ASSEMBLY_USAGE_OCCURRENCE('25','Next assembly relationship',
'104-FEMALE-TERMINAL-SHORT',#9947,#9703,$);
#9905=PRODUCT_DEFINITION_SHAPE('Placement #25',
'Placement of 104-FEMALE-TERMINAL-SHORT with respect to 100-25FEMALE-ASSMBLY_ASM',#9904);
#9913=NEXT_ASSEMBLY_USAGE_OCCURRENCE('26','Next assembly relationship',
'104-FEMALE-TERMINAL-SHORT',#9947,#9703,$);
#9914=PRODUCT_DEFINITION_SHAPE('Placement #26',
'Placement of 104-FEMALE-TERMINAL-SHORT with respect to 100-25FEMALE-ASSMBLY_ASM',#9913);
#9922=NEXT_ASSEMBLY_USAGE_OCCURRENCE('27','Next assembly relationship',
'104-FEMALE-TERMINAL-SHORT',#9947,#9703,$);
#9923=PRODUCT_DEFINITION_SHAPE('Placement #27',
'Placement of 104-FEMALE-TERMINAL-SHORT with respect to 100-25FEMALE-ASSMBLY_ASM',#9922);
#9938=(GEOMETRIC_REPRESENTATION_CONTEXT(3)GLOBAL_UNCERTAINTY_ASSIGNED_CONTEXT((
#9937))GLOBAL_UNIT_ASSIGNED_CONTEXT((#9931,#9935,#9936))REPRESENTATION_CONTEXT(
'ID5','3'));
#9942=AXIS2_PLACEMENT_3D('',#9939,#9940,#9941);
#9947=PRODUCT_DEFINITION('design','',#9946,#9943);
ENDSEC;
END-ISO-10303-21;

