ISO-10303-21;
HEADER;
FILE_DESCRIPTION (( 'STEP AP214' ),
    '1' );
FILE_NAME ('SD9S.STEP',
    '2019-07-09T18:56:02',
    ( '' ),
    ( '' ),
    'SwSTEP 2.0',
    'SolidWorks 2018',
    '' );
FILE_SCHEMA (( 'AUTOMOTIVE_DESIGN' ));
ENDSEC;

DATA;
#1 = CARTESIAN_POINT ( 'NONE',  ( -0.2274989828162504168, -0.05257057506277315606, 0.2505000000000000560 ) ) ;
#2 = SURFACE_STYLE_USAGE ( .BOTH. , #3265 ) ;
#3 = CARTESIAN_POINT ( 'NONE',  ( -0.2298195728430683094, -0.04593850662677061852, 0.2504999999999999449 ) ) ;
#4 = PRESENTATION_STYLE_ASSIGNMENT (( #9992 ) ) ;
#5 = CARTESIAN_POINT ( 'NONE',  ( -0.2274025270300416568, -0.04525983384409863058, 0.2505000000000000004 ) ) ;
#6 = ORIENTED_EDGE ( 'NONE', *, *, #5629, .T. ) ;
#7 = CARTESIAN_POINT ( 'NONE',  ( 0.08699999999999993849, 0.05600000000000000810, -0.2795000000000000262 ) ) ;
#8 = LENGTH_MEASURE_WITH_UNIT ( LENGTH_MEASURE( 0.02539999999999999897 ), #9353 );
#9 = AXIS2_PLACEMENT_3D ( 'NONE', #28, #5493, #5601 ) ;
#10 = ADVANCED_FACE ( 'NONE', ( #2985 ), #6914, .T. ) ;
#11 = STYLED_ITEM ( 'NONE', ( #4 ), #3815 ) ;
#12 = FACE_OUTER_BOUND ( 'NONE', #8069, .T. ) ;
#13 = CARTESIAN_POINT ( 'NONE',  ( -0.2149678480739825870, -0.08114939004290298852, 0.2504999999999998894 ) ) ;
#14 = CARTESIAN_POINT ( 'NONE',  ( -0.2321374495650352365, -0.06900172172586181707, 0.2484999999999999154 ) ) ;
#15 = CARTESIAN_POINT ( 'NONE',  ( -0.2295993281449142109, -0.05939820881500178229, 0.2484999999999999987 ) ) ;
#16 = CARTESIAN_POINT ( 'NONE',  ( -0.07650000000000009570, -0.05600000000000000810, -0.2795000000000000262 ) ) ;
#17 = ORIENTED_EDGE ( 'NONE', *, *, #3869, .F. ) ;
#18 = VERTEX_POINT ( 'NONE', #3254 ) ;
#19 = CARTESIAN_POINT ( 'NONE',  ( -0.002000000000000006113, 0.05600000000000000810, -0.3395000000000000240 ) ) ;
#20 = CARTESIAN_POINT ( 'NONE',  ( 0.3209115348192674855, 0.09550000000000004319, -0.1494999999999999940 ) ) ;
#21 = FACE_OUTER_BOUND ( 'NONE', #2196, .T. ) ;
#22 =( NAMED_UNIT ( * ) SI_UNIT ( $, .STERADIAN. ) SOLID_ANGLE_UNIT ( ) );
#23 = SURFACE_STYLE_USAGE ( .BOTH. , #876 ) ;
#24 = VECTOR ( 'NONE', #7651, 39.37007874015748143 ) ;
#25 = MECHANICAL_DESIGN_GEOMETRIC_PRESENTATION_REPRESENTATION (  '', ( #1789 ), #2450 ) ;
#26 = VERTEX_POINT ( 'NONE', #8039 ) ;
#27 = STYLED_ITEM ( 'NONE', ( #6856 ), #9804 ) ;
#28 = CARTESIAN_POINT ( 'NONE',  ( -0.2200000000000000011, 0.05600000000000000810, -0.3395000000000000240 ) ) ;
#29 = AXIS2_PLACEMENT_3D ( 'NONE', #6755, #7601, #8278 ) ;
#30 = FILL_AREA_STYLE ('',( #3870 ) ) ;
#31 = FACE_OUTER_BOUND ( 'NONE', #4788, .T. ) ;
#32 =( CONVERSION_BASED_UNIT ( 'INCH', #8350 ) LENGTH_UNIT ( ) NAMED_UNIT ( #3773 ) );
#33 = FACE_OUTER_BOUND ( 'NONE', #1353, .T. ) ;
#34 = LENGTH_MEASURE_WITH_UNIT ( LENGTH_MEASURE( 0.02539999999999999897 ), #8885 );
#35 = CIRCLE ( 'NONE', #9975, 0.02000000000000000042 ) ;
#36 = B_SPLINE_CURVE_WITH_KNOTS ( 'NONE', 3,
 ( #3111, #7263, #2021, #8890, #3464, #8924, #10047, #3066, #8532, #7353, #6204, #1822, #5600, #9117, #3984, #2320, #5463, #8609, #4108 ),
 .UNSPECIFIED., .F., .F.,
 ( 4, 1, 1, 1, 1, 1, 1, 1, 1, 1, 1, 1, 1, 1, 1, 1, 4 ),
 ( 0.0000000000000000000, 0.03979391035116931763, 0.07864414619082379931, 0.1175749007403575908, 0.1568659475868352526, 0.1972185745122383704, 0.2389183750035573928, 0.2836471067761068832, 0.3306660096206267552, 0.3828731110497713419, 0.4434976840441859913, 0.5126902889279845166, 0.5905940151895240353, 0.6783908545914191235, 0.7757338267246157715, 0.8827034224736386436, 0.9999999999999998890 ),
 .UNSPECIFIED. ) ;
#37 = CARTESIAN_POINT ( 'NONE',  ( 0.2385029052043940168, 0.1046887404145068756, 0.2484999999999999709 ) ) ;
#38 = DIRECTION ( 'NONE',  ( -0.0000000000000000000, -0.0000000000000000000, 1.000000000000000000 ) ) ;
#39 = DIRECTION ( 'NONE',  ( 1.000000000000000000, 0.0000000000000000000, 0.0000000000000000000 ) ) ;
#40 = ORIENTED_EDGE ( 'NONE', *, *, #9754, .T. ) ;
#41 = DIMENSIONAL_EXPONENTS ( 1.000000000000000000, 0.0000000000000000000, 0.0000000000000000000, 0.0000000000000000000, 0.0000000000000000000, 0.0000000000000000000, 0.0000000000000000000 ) ;
#42 = CARTESIAN_POINT ( 'NONE',  ( -0.5450000000000000400, 0.1870000000000001106, 0.01949999999999999997 ) ) ;
#43 = CARTESIAN_POINT ( 'NONE',  ( -0.2309335459014585090, -0.04645305498554299500, 0.2504999999999999449 ) ) ;
#44 =( GEOMETRIC_REPRESENTATION_CONTEXT ( 3 ) GLOBAL_UNCERTAINTY_ASSIGNED_CONTEXT ( ( #2337 ) ) GLOBAL_UNIT_ASSIGNED_CONTEXT ( ( #3920, #5513, #4699 ) ) REPRESENTATION_CONTEXT ( 'NONE', 'WORKASPACE' ) );
#45 = EDGE_CURVE ( 'NONE', #5181, #8505, #6675, .T. ) ;
#46 = EDGE_LOOP ( 'NONE', ( #2606, #9861, #2726, #5286 ) ) ;
#47 = ORIENTED_EDGE ( 'NONE', *, *, #9420, .F. ) ;
#48 = CARTESIAN_POINT ( 'NONE',  ( -0.2290452855798737752, -0.07050478051055575346, 0.2505000000000000004 ) ) ;
#49 = CARTESIAN_POINT ( 'NONE',  ( -0.2288223112295101336, -0.06182614979720842119, 0.2505000000000000560 ) ) ;
#50 = SURFACE_STYLE_USAGE ( .BOTH. , #2440 ) ;
#51 = CIRCLE ( 'NONE', #6014, 0.02000000000000000042 ) ;
#52 = PRODUCT_DEFINITION_SHAPE ( 'NONE', 'NONE',  #3518 ) ;
#53 = ORIENTED_EDGE ( 'NONE', *, *, #505, .F. ) ;
#55 = CIRCLE ( 'NONE', #569, 0.02999999999999993644 ) ;
#54 = AXIS2_PLACEMENT_3D ( 'NONE', #3422, #8361, #9695 ) ;
#56 = EDGE_CURVE ( 'NONE', #1639, #6376, #5810, .T. ) ;
#57 = AXIS2_PLACEMENT_3D ( 'NONE', #3380, #3308, #4911 ) ;
#58 = VERTEX_POINT ( 'NONE', #6401 ) ;
#59 = SURFACE_STYLE_USAGE ( .BOTH. , #2522 ) ;
#60 = CARTESIAN_POINT ( 'NONE',  ( -0.2234911601521273050, -0.05185065523017487465, 0.2505000000000000560 ) ) ;
#61 = CARTESIAN_POINT ( 'NONE',  ( -0.2110283181366034710, -0.06442318026056759184, 0.2505000000000000004 ) ) ;
#62 = CARTESIAN_POINT ( 'NONE',  ( -0.2253688829404693061, -0.08601853799412391421, 0.2505000000000000004 ) ) ;
#63 = FACE_OUTER_BOUND ( 'NONE', #751, .T. ) ;
#64 = ADVANCED_FACE ( 'NONE', ( #1621 ), #7749, .T. ) ;
#65 = LINE ( 'NONE', #5887, #4834 ) ;
#66 = VECTOR ( 'NONE', #1115, 39.37007874015748143 ) ;
#67 = ORIENTED_EDGE ( 'NONE', *, *, #5687, .T. ) ;
#68 = VERTEX_POINT ( 'NONE', #1690 ) ;
#69 = MECHANICAL_DESIGN_GEOMETRIC_PRESENTATION_REPRESENTATION (  '', ( #8847 ), #2167 ) ;
#70 = SURFACE_SIDE_STYLE ('',( #2531 ) ) ;
#71 =( NAMED_UNIT ( * ) PLANE_ANGLE_UNIT ( ) SI_UNIT ( $, .RADIAN. ) );
#72 = MECHANICAL_DESIGN_GEOMETRIC_PRESENTATION_REPRESENTATION (  '', ( #2362 ), #1126 ) ;
#73 = PRESENTATION_STYLE_ASSIGNMENT (( #2698 ) ) ;
#74 =( CONVERSION_BASED_UNIT ( 'INCH', #1262 ) LENGTH_UNIT ( ) NAMED_UNIT ( #2035 ) );
#75 = FILL_AREA_STYLE_COLOUR ( '', #3300 ) ;
#76 = SURFACE_STYLE_FILL_AREA ( #7928 ) ;
#77 = DIRECTION ( 'NONE',  ( -0.0000000000000000000, -0.0000000000000000000, -1.000000000000000000 ) ) ;
#78 = ORIENTED_EDGE ( 'NONE', *, *, #6356, .F. ) ;
#79 = VERTEX_POINT ( 'NONE', #5641 ) ;
#80 = UNCERTAINTY_MEASURE_WITH_UNIT (LENGTH_MEASURE( 1.000000000000000082E-05 ), #9294, 'distance_accuracy_value', 'NONE');
#81 = CIRCLE ( 'NONE', #9080, 0.02000000000000009409 ) ;
#82 = LENGTH_MEASURE_WITH_UNIT ( LENGTH_MEASURE( 0.02539999999999999897 ), #5238 );
#83 = DIMENSIONAL_EXPONENTS ( 1.000000000000000000, 0.0000000000000000000, 0.0000000000000000000, 0.0000000000000000000, 0.0000000000000000000, 0.0000000000000000000, 0.0000000000000000000 ) ;
#84 = CARTESIAN_POINT ( 'NONE',  ( 0.1914999999999999480, -0.05600000000000000810, -0.2195000000000000007 ) ) ;
#85 = CARTESIAN_POINT ( 'NONE',  ( -0.2347851773061516434, -0.06653364255677583772, 0.2484999999999999154 ) ) ;
#86 = CARTESIAN_POINT ( 'NONE',  ( -0.2284897234807755362, -0.06228955852823411798, 0.2484999999999999987 ) ) ;
#87 = CARTESIAN_POINT ( 'NONE',  ( -0.1854999999999999705, -0.05599999999999999423, -0.2013975032409335841 ) ) ;
#88 = ORIENTED_EDGE ( 'NONE', *, *, #8261, .F. ) ;
#89 = MECHANICAL_DESIGN_GEOMETRIC_PRESENTATION_REPRESENTATION (  '', ( #6593 ), #7452 ) ;
#90 = AXIS2_PLACEMENT_3D ( 'NONE', #6235, #2570, #8042 ) ;
#91 = DIMENSIONAL_EXPONENTS ( 1.000000000000000000, 0.0000000000000000000, 0.0000000000000000000, 0.0000000000000000000, 0.0000000000000000000, 0.0000000000000000000, 0.0000000000000000000 ) ;
#92 = AXIS2_PLACEMENT_3D ( 'NONE', #2460, #1812, #220 ) ;
#93 = DIRECTION ( 'NONE',  ( 0.0000000000000000000, 0.0000000000000000000, -1.000000000000000000 ) ) ;
#94 = DIRECTION ( 'NONE',  ( 2.410476511054680453E-13, -2.374417313200145338E-13, 1.000000000000000000 ) ) ;
#95 = CARTESIAN_POINT ( 'NONE',  ( -0.2188064670327387606, -0.05765835203121488783, 0.2504999999999999449 ) ) ;
#96 = ORIENTED_EDGE ( 'NONE', *, *, #3347, .T. ) ;
#97 = CARTESIAN_POINT ( 'NONE',  ( -0.2200000000000000011, 0.05600000000000000810, 0.01949999999999999997 ) ) ;
#98 = MECHANICAL_DESIGN_GEOMETRIC_PRESENTATION_REPRESENTATION (  '', ( #3112 ), #2596 ) ;
#99 = EDGE_CURVE ( 'NONE', #7463, #3529, #1255, .T. ) ;
#100 = UNCERTAINTY_MEASURE_WITH_UNIT (LENGTH_MEASURE( 1.000000000000000082E-05 ), #2867, 'distance_accuracy_value', 'NONE');
#101 = DIRECTION ( 'NONE',  ( -0.0000000000000000000, -0.0000000000000000000, 1.000000000000000000 ) ) ;
#102 = MECHANICAL_DESIGN_GEOMETRIC_PRESENTATION_REPRESENTATION (  '', ( #7646 ), #8178 ) ;
#103 = DIRECTION ( 'NONE',  ( -1.000000000000000000, 0.0000000000000000000, 0.0000000000000000000 ) ) ;
#104 = CYLINDRICAL_SURFACE ( 'NONE', #9263, 0.02999999999999997460 ) ;
#105 = EDGE_LOOP ( 'NONE', ( #7984, #1009 ) ) ;
#106 = DIRECTION ( 'NONE',  ( -0.1736481776669312194, 0.9848077530122077983, 0.0000000000000000000 ) ) ;
#107 = FILL_AREA_STYLE ('',( #75 ) ) ;
#108 = CARTESIAN_POINT ( 'NONE',  ( -0.5450000000000000400, 0.2470000000000000806, 0.01949999999999999997 ) ) ;
#109 = FACE_OUTER_BOUND ( 'NONE', #7914, .T. ) ;
#110 = ORIENTED_EDGE ( 'NONE', *, *, #3613, .F. ) ;
#111 = ADVANCED_FACE ( 'NONE', ( #174 ), #4939, .T. ) ;
#112 = CARTESIAN_POINT ( 'NONE',  ( -0.2238192001577654078, -0.06422557116788119025, 0.2505000000000000560 ) ) ;
#113 = CIRCLE ( 'NONE', #1848, 0.02999999999999998848 ) ;
#114 = ADVANCED_FACE ( 'NONE', ( #5681 ), #8354, .T. ) ;
#115 = VERTEX_POINT ( 'NONE', #1800 ) ;
#116 = AXIS2_PLACEMENT_3D ( 'NONE', #6036, #6867, #3774 ) ;
#117 = EDGE_CURVE ( 'NONE', #568, #4140, #7525, .T. ) ;
#118 = CARTESIAN_POINT ( 'NONE',  ( -0.2110320384826730178, -0.06617672509630292965, 0.2484999999999999987 ) ) ;
#119 = SURFACE_STYLE_FILL_AREA ( #9829 ) ;
#120 = SURFACE_STYLE_USAGE ( .BOTH. , #7065 ) ;
#121 = DIRECTION ( 'NONE',  ( -0.9848077530122080203, -0.1736481776669309418, 0.0000000000000000000 ) ) ;
#122 = CARTESIAN_POINT ( 'NONE',  ( -0.2189217000140143699, -0.06841218082544088530, 0.2485000000000000264 ) ) ;
#123 = ORIENTED_EDGE ( 'NONE', *, *, #8060, .F. ) ;
#124 = CARTESIAN_POINT ( 'NONE',  ( -0.1999999999999999278, 0.05600000000000000810, -0.2195000000000000007 ) ) ;
#125 = PRESENTATION_STYLE_ASSIGNMENT (( #2618 ) ) ;
#126 = VECTOR ( 'NONE', #5568, 39.37007874015748143 ) ;
#127 = FACE_OUTER_BOUND ( 'NONE', #1424, .T. ) ;
#128 = ORIENTED_EDGE ( 'NONE', *, *, #5973, .T. ) ;
#129 = CARTESIAN_POINT ( 'NONE',  ( -0.3409115348192675032, 0.09550000000000004319, -0.1494999999999999940 ) ) ;
#130 = CARTESIAN_POINT ( 'NONE',  ( -0.3593923101204881676, 0.07813518223330692680, -0.1494999999999999940 ) ) ;
#131 = DIRECTION ( 'NONE',  ( -1.000000000000000000, 0.0000000000000000000, 0.0000000000000000000 ) ) ;
#132 = LINE ( 'NONE', #4004, #8330 ) ;
#133 = CARTESIAN_POINT ( 'NONE',  ( -0.2112379680819604089, -0.06032536121435420201, 0.2504999999999999449 ) ) ;
#134 = CARTESIAN_POINT ( 'NONE',  ( -0.2191836475061524070, -0.07455062320528794972, 0.2505000000000000560 ) ) ;
#135 = AXIS2_PLACEMENT_3D ( 'NONE', #7283, #2586, #8087 ) ;
#136 = EDGE_CURVE ( 'NONE', #8476, #7902, #1744, .T. ) ;
#137 = EDGE_CURVE ( 'NONE', #7866, #4226, #3355, .T. ) ;
#138 = LENGTH_MEASURE_WITH_UNIT ( LENGTH_MEASURE( 0.02539999999999999897 ), #6067 );
#139 = FACE_OUTER_BOUND ( 'NONE', #8548, .T. ) ;
#140 = UNCERTAINTY_MEASURE_WITH_UNIT (LENGTH_MEASURE( 1.000000000000000082E-05 ), #6178, 'distance_accuracy_value', 'NONE');
#141 =( NAMED_UNIT ( * ) PLANE_ANGLE_UNIT ( ) SI_UNIT ( $, .RADIAN. ) );
#142 =( LENGTH_UNIT ( ) NAMED_UNIT ( * ) SI_UNIT ( $, .METRE. ) );
#143 = DIRECTION ( 'NONE',  ( -1.000000000000000000, 0.0000000000000000000, 0.0000000000000000000 ) ) ;
#144 = VERTEX_POINT ( 'NONE', #7183 ) ;
#145 = CARTESIAN_POINT ( 'NONE',  ( 0.2159999999999999976, 0.05600000000000000810, 0.2505000000000000004 ) ) ;
#146 = CARTESIAN_POINT ( 'NONE',  ( 0.1270000000000000850, 0.05600000000000000810, -0.2195000000000000007 ) ) ;
#147 = CARTESIAN_POINT ( 'NONE',  ( -0.5450000000000000400, 0.2470000000000000806, 0.01949999999999999997 ) ) ;
#148 = PRESENTATION_STYLE_ASSIGNMENT (( #2760 ) ) ;
#149 = CIRCLE ( 'NONE', #8024, 0.06000000000000004635 ) ;
#150 = CARTESIAN_POINT ( 'NONE',  ( 0.2443043707811019816, 0.08050000000000007150, 0.2505000000000000004 ) ) ;
#151 = STYLED_ITEM ( 'NONE', ( #4540 ), #829 ) ;
#152 = LENGTH_MEASURE_WITH_UNIT ( LENGTH_MEASURE( 0.02539999999999999897 ), #9703 );
#153 = AXIS2_PLACEMENT_3D ( 'NONE', #9355, #7795, #6957 ) ;
#154 = ORIENTED_EDGE ( 'NONE', *, *, #4145, .T. ) ;
#155 = PRESENTATION_LAYER_ASSIGNMENT (  '', '', ( #7686 ) ) ;
#156 = CYLINDRICAL_SURFACE ( 'NONE', #4313, 0.04000000000000004940 ) ;
#157 = CARTESIAN_POINT ( 'NONE',  ( -0.1409999999999999865, 0.05600000000000000810, -0.2195000000000000007 ) ) ;
#158 =( NAMED_UNIT ( * ) PLANE_ANGLE_UNIT ( ) SI_UNIT ( $, .RADIAN. ) );
#159 = CARTESIAN_POINT ( 'NONE',  ( -0.1455000000000000460, -0.05599999999999999423, -0.2013975032409335841 ) ) ;
#160 = LENGTH_MEASURE_WITH_UNIT ( LENGTH_MEASURE( 0.02539999999999999897 ), #4237 );
#161 = SURFACE_SIDE_STYLE ('',( #6797 ) ) ;
#162 = ORIENTED_EDGE ( 'NONE', *, *, #9345, .T. ) ;
#164 = ORIENTED_EDGE ( 'NONE', *, *, #3275, .F. ) ;
#163 = COLOUR_RGB ( '',0.9294117647058823817, 0.7607843137254901578, 0.4784313725490195734 ) ;
#165 = DIMENSIONAL_EXPONENTS ( 1.000000000000000000, 0.0000000000000000000, 0.0000000000000000000, 0.0000000000000000000, 0.0000000000000000000, 0.0000000000000000000, 0.0000000000000000000 ) ;
#166 = SURFACE_STYLE_USAGE ( .BOTH. , #3247 ) ;
#167 = ADVANCED_FACE ( 'NONE', ( #1363 ), #4109, .F. ) ;
#168 = CARTESIAN_POINT ( 'NONE',  ( -0.2119462880427877005, -0.05605094636134568681, 0.2485000000000000542 ) ) ;
#169 = DIRECTION ( 'NONE',  ( -0.0000000000000000000, -0.0000000000000000000, -1.000000000000000000 ) ) ;
#170 = MECHANICAL_DESIGN_GEOMETRIC_PRESENTATION_REPRESENTATION (  '', ( #5529 ), #10092 ) ;
#171 = COLOUR_RGB ( '',0.9294117647058823817, 0.7607843137254901578, 0.4784313725490195734 ) ;
#172 = VERTEX_POINT ( 'NONE', #8713 ) ;
#173 =( NAMED_UNIT ( * ) SI_UNIT ( $, .STERADIAN. ) SOLID_ANGLE_UNIT ( ) );
#174 = FACE_OUTER_BOUND ( 'NONE', #4391, .T. ) ;
#175 = DIRECTION ( 'NONE',  ( 1.000000000000000000, 0.0000000000000000000, 0.0000000000000000000 ) ) ;
#176 = MECHANICAL_DESIGN_GEOMETRIC_PRESENTATION_REPRESENTATION (  '', ( #1024 ), #882 ) ;
#177 = VERTEX_POINT ( 'NONE', #370 ) ;
#178 = DIRECTION ( 'NONE',  ( 1.826101600042956868E-16, -1.000000000000000000, 0.0000000000000000000 ) ) ;
#179 = FILL_AREA_STYLE ('',( #3018 ) ) ;
#180 = DIRECTION ( 'NONE',  ( -0.0000000000000000000, -0.0000000000000000000, -1.000000000000000000 ) ) ;
#181 = FACE_OUTER_BOUND ( 'NONE', #2025, .T. ) ;
#182 = SURFACE_STYLE_USAGE ( .BOTH. , #8788 ) ;
#183 =( NAMED_UNIT ( * ) SI_UNIT ( $, .STERADIAN. ) SOLID_ANGLE_UNIT ( ) );
#184 = VERTEX_POINT ( 'NONE', #4212 ) ;
#185 = CARTESIAN_POINT ( 'NONE',  ( -0.2242669897029559711, -0.07927754407051280927, 0.2484999999999999987 ) ) ;
#186 = ORIENTED_EDGE ( 'NONE', *, *, #6757, .F. ) ;
#187 = STYLED_ITEM ( 'NONE', ( #1600 ), #6492 ) ;
#188 = EDGE_CURVE ( 'NONE', #8580, #5367, #2860, .T. ) ;
#189 = CARTESIAN_POINT ( 'NONE',  ( -0.2252331218304198523, -0.07097345126355059097, 0.2504999999999999449 ) ) ;
#190 = LENGTH_MEASURE_WITH_UNIT ( LENGTH_MEASURE( 0.02539999999999999897 ), #9620 );
#191 = VECTOR ( 'NONE', #4345, 39.37007874015748143 ) ;
#192 = ORIENTED_EDGE ( 'NONE', *, *, #3793, .F. ) ;
#193 = COLOUR_RGB ( '',1.000000000000000000, 1.000000000000000000, 0.0000000000000000000 ) ;
#194 = CARTESIAN_POINT ( 'NONE',  ( 0.05249999999999998418, -0.05600000000000000810, 0.2505000000000000004 ) ) ;
#195 = CARTESIAN_POINT ( 'NONE',  ( 0.2439770279568635736, 0.1174245548352914198, 0.2484999999999999987 ) ) ;
#196 = DIRECTION ( 'NONE',  ( -1.000000000000000000, 0.0000000000000000000, 0.0000000000000000000 ) ) ;
#197 = DIRECTION ( 'NONE',  ( -0.0000000000000000000, -0.0000000000000000000, 1.000000000000000000 ) ) ;
#198 = SURFACE_STYLE_USAGE ( .BOTH. , #9480 ) ;
#199 = DIRECTION ( 'NONE',  ( 0.0000000000000000000, 0.0000000000000000000, -1.000000000000000000 ) ) ;
#200 = DIMENSIONAL_EXPONENTS ( 1.000000000000000000, 0.0000000000000000000, 0.0000000000000000000, 0.0000000000000000000, 0.0000000000000000000, 0.0000000000000000000, 0.0000000000000000000 ) ;
#201 = CIRCLE ( 'NONE', #54, 0.02000000000000000042 ) ;
#202 =( GEOMETRIC_REPRESENTATION_CONTEXT ( 3 ) GLOBAL_UNCERTAINTY_ASSIGNED_CONTEXT ( ( #2840 ) ) GLOBAL_UNIT_ASSIGNED_CONTEXT ( ( #4106, #7253, #8810 ) ) REPRESENTATION_CONTEXT ( 'NONE', 'WORKASPACE' ) );
#203 = EDGE_CURVE ( 'NONE', #4253, #144, #8846, .T. ) ;
#204 = EDGE_CURVE ( 'NONE', #6798, #2313, #7023, .T. ) ;
#205 = VERTEX_POINT ( 'NONE', #9700 ) ;
#206 = DIMENSIONAL_EXPONENTS ( 1.000000000000000000, 0.0000000000000000000, 0.0000000000000000000, 0.0000000000000000000, 0.0000000000000000000, 0.0000000000000000000, 0.0000000000000000000 ) ;
#207 = CARTESIAN_POINT ( 'NONE',  ( -0.2400000000000001021, 0.05600000000000000810, -0.2195000000000000007 ) ) ;
#208 = SURFACE_SIDE_STYLE ('',( #5216 ) ) ;
#209 = CARTESIAN_POINT ( 'NONE',  ( -0.2110199643843211348, -0.06529322254148302307, 0.2505000000000000004 ) ) ;
#210 = CARTESIAN_POINT ( 'NONE',  ( -0.2334876612941061969, -0.08267577376320169036, 0.2484999999999999709 ) ) ;
#211 = CARTESIAN_POINT ( 'NONE',  ( 0.2104510888804048685, -0.07550000000000001155, 0.01949999999999999997 ) ) ;
#212 = DIRECTION ( 'NONE',  ( -1.000000000000000000, 0.0000000000000000000, 0.0000000000000000000 ) ) ;
#213 = LINE ( 'NONE', #10118, #447 ) ;
#214 = CYLINDRICAL_SURFACE ( 'NONE', #1660, 0.06000000000000004635 ) ;
#215 = ORIENTED_EDGE ( 'NONE', *, *, #1357, .F. ) ;
#216 = AXIS2_PLACEMENT_3D ( 'NONE', #9058, #9863, #5197 ) ;
#217 = DIRECTION ( 'NONE',  ( -1.000000000000000000, 0.0000000000000000000, 0.0000000000000000000 ) ) ;
#218 = UNCERTAINTY_MEASURE_WITH_UNIT (LENGTH_MEASURE( 1.000000000000000082E-05 ), #9835, 'distance_accuracy_value', 'NONE');
#219 = DIRECTION ( 'NONE',  ( 1.000000000000000000, 0.0000000000000000000, 0.0000000000000000000 ) ) ;
#220 = DIRECTION ( 'NONE',  ( -1.000000000000000000, 0.0000000000000000000, 0.0000000000000000000 ) ) ;
#221 =( CONVERSION_BASED_UNIT ( 'INCH', #9702 ) LENGTH_UNIT ( ) NAMED_UNIT ( #9411 ) );
#222 = CARTESIAN_POINT ( 'NONE',  ( -0.2609115348192674322, 0.09550000000000004319, 0.2515000000000000013 ) ) ;
#223 = SURFACE_SIDE_STYLE ('',( #7096 ) ) ;
#224 = UNCERTAINTY_MEASURE_WITH_UNIT (LENGTH_MEASURE( 1.000000000000000082E-05 ), #1620, 'distance_accuracy_value', 'NONE');
#225 = DIRECTION ( 'NONE',  ( -1.000000000000000000, 0.0000000000000000000, 0.0000000000000000000 ) ) ;
#226 = SURFACE_STYLE_USAGE ( .BOTH. , #4874 ) ;
#227 = DIRECTION ( 'NONE',  ( -1.000000000000000000, 0.0000000000000000000, 0.0000000000000000000 ) ) ;
#228 = SURFACE_SIDE_STYLE ('',( #7618 ) ) ;
#229 = FACE_OUTER_BOUND ( 'NONE', #4986, .T. ) ;
#230 =( CONVERSION_BASED_UNIT ( 'INCH', #8255 ) LENGTH_UNIT ( ) NAMED_UNIT ( #8599 ) );
#231 = AXIS2_PLACEMENT_3D ( 'NONE', #611, #9899, #10014 ) ;
#232 = PRODUCT_DEFINITION_CONTEXT ( 'detailed design', #6012, 'design' ) ;
#233 = STYLED_ITEM ( 'NONE', ( #6186 ), #10088 ) ;
#234 = ORIENTED_EDGE ( 'NONE', *, *, #2598, .T. ) ;
#235 = AXIS2_PLACEMENT_3D ( 'NONE', #5427, #6889, #9259 ) ;
#236 = DIRECTION ( 'NONE',  ( 0.0000000000000000000, 0.0000000000000000000, -1.000000000000000000 ) ) ;
#237 = VERTEX_POINT ( 'NONE', #4992 ) ;
#238 = CARTESIAN_POINT ( 'NONE',  ( -0.2609115348192674322, 0.09550000000000004319, 0.03949999999999997957 ) ) ;
#239 = FILL_AREA_STYLE ('',( #6360 ) ) ;
#240 = CARTESIAN_POINT ( 'NONE',  ( -0.2362123303750303382, -0.07672249570592611090, 0.2485000000000000542 ) ) ;
#241 = LINE ( 'NONE', #6006, #2562 ) ;
#242 = UNCERTAINTY_MEASURE_WITH_UNIT (LENGTH_MEASURE( 1.000000000000000082E-05 ), #7259, 'distance_accuracy_value', 'NONE');
#243 = ORIENTED_EDGE ( 'NONE', *, *, #390, .T. ) ;
#244 = SURFACE_STYLE_USAGE ( .BOTH. , #4143 ) ;
#245 = CARTESIAN_POINT ( 'NONE',  ( -0.02650000000000006170, -0.05599999999999999423, -0.2795000000000000262 ) ) ;
#246 = VERTEX_POINT ( 'NONE', #311 ) ;
#247 = EDGE_CURVE ( 'NONE', #5272, #3032, #2616, .T. ) ;
#248 = CARTESIAN_POINT ( 'NONE',  ( -0.2609115348192674322, 0.09550000000000004319, -0.2195000000000000007 ) ) ;
#249 =( NAMED_UNIT ( * ) SI_UNIT ( $, .STERADIAN. ) SOLID_ANGLE_UNIT ( ) );
#250 = FACE_OUTER_BOUND ( 'NONE', #2656, .T. ) ;
#251 = CARTESIAN_POINT ( 'NONE',  ( -0.02650000000000006170, -0.05599999999999999423, -0.2795000000000000262 ) ) ;
#252 = CARTESIAN_POINT ( 'NONE',  ( 0.1415000000000000424, -0.05599999999999999423, -0.3395000000000000240 ) ) ;
#253 = CARTESIAN_POINT ( 'NONE',  ( 0.2695395540611373320, -0.08591889066001591468, 0.2515000000000000013 ) ) ;
#254 = CIRCLE ( 'NONE', #8931, 0.01949999999999987160 ) ;
#255 = FILL_AREA_STYLE_COLOUR ( '', #530 ) ;
#256 = LINE ( 'NONE', #7332, #488 ) ;
#257 = ORIENTED_EDGE ( 'NONE', *, *, #1291, .T. ) ;
#258 = DIRECTION ( 'NONE',  ( -1.000000000000000000, 0.0000000000000000000, 0.0000000000000000000 ) ) ;
#259 = CARTESIAN_POINT ( 'NONE',  ( 0.3809115348192674833, 0.09550000000000004319, -0.1494999999999999940 ) ) ;
#260 = AXIS2_PLACEMENT_3D ( 'NONE', #2987, #9227, #4544 ) ;
#261 = EDGE_CURVE ( 'NONE', #7512, #6683, #2244, .T. ) ;
#262 = FILL_AREA_STYLE ('',( #3443 ) ) ;
#263 = ORIENTED_EDGE ( 'NONE', *, *, #391, .F. ) ;
#264 =( CONVERSION_BASED_UNIT ( 'INCH', #2104 ) LENGTH_UNIT ( ) NAMED_UNIT ( #8971 ) );
#265 = CARTESIAN_POINT ( 'NONE',  ( 0.2104510888804048685, -0.1554999999999999993, 0.03949999999999997957 ) ) ;
#266 = CARTESIAN_POINT ( 'NONE',  ( -0.2205994018873632112, -0.06968383162069520520, 0.2485000000000001374 ) ) ;
#267 = CARTESIAN_POINT ( 'NONE',  ( -0.2255957433128985279, -0.07098093616452989807, 0.2484999999999999987 ) ) ;
#268 = FILL_AREA_STYLE ('',( #732 ) ) ;
#269 = CARTESIAN_POINT ( 'NONE',  ( 0.1615000000000000047, -0.05600000000000000810, -0.2195000000000000007 ) ) ;
#270 = CARTESIAN_POINT ( 'NONE',  ( 0.2104510888804048685, -0.07550000000000001155, -0.1494999999999999940 ) ) ;
#271 = COLOUR_RGB ( '',1.000000000000000000, 1.000000000000000000, 0.0000000000000000000 ) ;
#272 = CARTESIAN_POINT ( 'NONE',  ( -0.2609115348192674322, 0.1555000000000000271, -0.2195000000000000839 ) ) ;
#273 = CARTESIAN_POINT ( 'NONE',  ( -0.2285619520276037098, -0.08566407675854721682, 0.2505000000000000560 ) ) ;
#274 = LINE ( 'NONE', #6086, #3081 ) ;
#275 = VERTEX_POINT ( 'NONE', #8989 ) ;
#276 = UNCERTAINTY_MEASURE_WITH_UNIT (LENGTH_MEASURE( 1.000000000000000082E-05 ), #5375, 'distance_accuracy_value', 'NONE');
#277 = DIRECTION ( 'NONE',  ( -0.0000000000000000000, -0.0000000000000000000, -1.000000000000000000 ) ) ;
#278 = STYLED_ITEM ( 'NONE', ( #6921 ), #8677 ) ;
#279 = VERTEX_POINT ( 'NONE', #8238 ) ;
#280 = EDGE_CURVE ( 'NONE', #8943, #177, #770, .T. ) ;
#281 = EDGE_CURVE ( 'NONE', #8620, #2696, #2918, .T. ) ;
#282 = CARTESIAN_POINT ( 'NONE',  ( -0.2104510888804048685, -0.1554999999999999993, -0.1494999999999999940 ) ) ;
#283 = LENGTH_MEASURE_WITH_UNIT ( LENGTH_MEASURE( 0.02539999999999999897 ), #3280 );
#284 = DIRECTION ( 'NONE',  ( 1.000000000000000000, 0.0000000000000000000, 0.0000000000000000000 ) ) ;
#285 = CARTESIAN_POINT ( 'NONE',  ( -0.2104510888804048685, -0.07550000000000001155, -0.1694999999999999840 ) ) ;
#286 = CARTESIAN_POINT ( 'NONE',  ( 0.3987846202409766061, 0.07118925512662954702, -0.03950000000000000039 ) ) ;
#287 = ORIENTED_EDGE ( 'NONE', *, *, #9484, .T. ) ;
#288 = CARTESIAN_POINT ( 'NONE',  ( 0.3483241743021139869, -0.09981074487337049383, -0.03950000000000000039 ) ) ;
#289 = FILL_AREA_STYLE_COLOUR ( '', #9878 ) ;
#290 = CARTESIAN_POINT ( 'NONE',  ( 0.1615000000000000047, -0.05600000000000000810, -0.2013975032409335841 ) ) ;
#291 = ORIENTED_EDGE ( 'NONE', *, *, #6820, .T. ) ;
#292 = CARTESIAN_POINT ( 'NONE',  ( 0.05249999999999998418, -0.05600000000000000810, -0.3395000000000000240 ) ) ;
#293 = DIRECTION ( 'NONE',  ( 0.0000000000000000000, 0.0000000000000000000, -1.000000000000000000 ) ) ;
#294 = SURFACE_STYLE_FILL_AREA ( #2488 ) ;
#295 = AXIS2_PLACEMENT_3D ( 'NONE', #3277, #3129, #1672 ) ;
#296 = EDGE_LOOP ( 'NONE', ( #9273, #2849, #7678, #6576 ) ) ;
#297 = STYLED_ITEM ( 'NONE', ( #1560 ), #9493 ) ;
#298 = FILL_AREA_STYLE ('',( #7281 ) ) ;
#299 = CARTESIAN_POINT ( 'NONE',  ( 0.2418404025729688489, 0.1150945082996388952, 0.2505000000000000004 ) ) ;
#300 = DIRECTION ( 'NONE',  ( -1.000000000000000000, 0.0000000000000000000, 0.0000000000000000000 ) ) ;
#301 = CARTESIAN_POINT ( 'NONE',  ( -0.2189217000140143699, -0.06841218082544088530, 0.2485000000000000264 ) ) ;
#302 = DIRECTION ( 'NONE',  ( -0.0000000000000000000, -0.0000000000000000000, 1.000000000000000000 ) ) ;
#303 = DIMENSIONAL_EXPONENTS ( 1.000000000000000000, 0.0000000000000000000, 0.0000000000000000000, 0.0000000000000000000, 0.0000000000000000000, 0.0000000000000000000, 0.0000000000000000000 ) ;
#304 = ORIENTED_EDGE ( 'NONE', *, *, #3781, .T. ) ;
#305 = ORIENTED_EDGE ( 'NONE', *, *, #1612, .F. ) ;
#306 = DIRECTION ( 'NONE',  ( 1.000000000000000000, -6.543999663421849787E-17, 0.0000000000000000000 ) ) ;
#307 =( NAMED_UNIT ( * ) SI_UNIT ( $, .STERADIAN. ) SOLID_ANGLE_UNIT ( ) );
#308 = CARTESIAN_POINT ( 'NONE',  ( -0.2351324278202851781, -0.08005959284212782467, 0.2505000000000000560 ) ) ;
#309 = STYLED_ITEM ( 'NONE', ( #7656 ), #5866 ) ;
#310 = EDGE_CURVE ( 'NONE', #3046, #4446, #6543, .T. ) ;
#311 = CARTESIAN_POINT ( 'NONE',  ( 0.2520824406929609296, 0.1209459635416667289, 0.2484999999999999987 ) ) ;
#312 = VECTOR ( 'NONE', #5196, 39.37007874015748143 ) ;
#313 = LINE ( 'NONE', #9879, #6306 ) ;
#314 = VERTEX_POINT ( 'NONE', #5960 ) ;
#315 = EDGE_LOOP ( 'NONE', ( #5173, #1042, #2282, #6768, #6923, #6230 ) ) ;
#316 =( LENGTH_UNIT ( ) NAMED_UNIT ( * ) SI_UNIT ( $, .METRE. ) );
#317 = CARTESIAN_POINT ( 'NONE',  ( -0.2346602084922011500, -0.08101874423433384764, 0.2505000000000001115 ) ) ;
#318 = COLOUR_RGB ( '',0.9294117647058823817, 0.7607843137254901578, 0.4784313725490195734 ) ;
#319 = DIRECTION ( 'NONE',  ( -0.0000000000000000000, -0.0000000000000000000, -1.000000000000000000 ) ) ;
#320 = SURFACE_STYLE_USAGE ( .BOTH. , #4289 ) ;
#321 = COLOUR_RGB ( '',0.9294117647058823817, 0.7607843137254901578, 0.4784313725490195734 ) ;
#322 = SURFACE_STYLE_USAGE ( .BOTH. , #964 ) ;
#323 = LENGTH_MEASURE_WITH_UNIT ( LENGTH_MEASURE( 0.02539999999999999897 ), #9944 );
#324 = VERTEX_POINT ( 'NONE', #8271 ) ;
#325 = AXIS2_PLACEMENT_3D ( 'NONE', #6217, #1406, #3029 ) ;
#326 = EDGE_CURVE ( 'NONE', #9006, #3077, #8597, .T. ) ;
#327 = DIRECTION ( 'NONE',  ( 0.0000000000000000000, 0.0000000000000000000, -1.000000000000000000 ) ) ;
#328 = ORIENTED_EDGE ( 'NONE', *, *, #4695, .T. ) ;
#329 = DIRECTION ( 'NONE',  ( -0.0000000000000000000, -0.0000000000000000000, 1.000000000000000000 ) ) ;
#330 = DIRECTION ( 'NONE',  ( -1.000000000000000000, 0.0000000000000000000, 0.0000000000000000000 ) ) ;
#331 = ORIENTED_EDGE ( 'NONE', *, *, #6501, .T. ) ;
#332 = DIRECTION ( 'NONE',  ( -1.000000000000000000, 0.0000000000000000000, 0.0000000000000000000 ) ) ;
#333 =( NAMED_UNIT ( * ) SI_UNIT ( $, .STERADIAN. ) SOLID_ANGLE_UNIT ( ) );
#334 = PRESENTATION_LAYER_ASSIGNMENT (  '', '', ( #6500 ) ) ;
#335 = EDGE_CURVE ( 'NONE', #8740, #345, #4808, .T. ) ;
#336 = EDGE_CURVE ( 'NONE', #1935, #8630, #6420, .T. ) ;
#337 = CARTESIAN_POINT ( 'NONE',  ( 0.3200000000000000067, 0.08508110933998415393, -0.9827025327494508522 ) ) ;
#338 =( NAMED_UNIT ( * ) SI_UNIT ( $, .STERADIAN. ) SOLID_ANGLE_UNIT ( ) );
#339 = DIRECTION ( 'NONE',  ( 0.0000000000000000000, -1.000000000000000000, 0.0000000000000000000 ) ) ;
#340 = CARTESIAN_POINT ( 'NONE',  ( -0.2364283260963937761, -0.07546953067616517241, 0.2484999999999999987 ) ) ;
#341 = ORIENTED_EDGE ( 'NONE', *, *, #5305, .T. ) ;
#342 = FILL_AREA_STYLE_COLOUR ( '', #1489 ) ;
#343 =( NAMED_UNIT ( * ) PLANE_ANGLE_UNIT ( ) SI_UNIT ( $, .RADIAN. ) );
#344 = PRESENTATION_STYLE_ASSIGNMENT (( #7501 ) ) ;
#345 = VERTEX_POINT ( 'NONE', #8299 ) ;
#346 =( GEOMETRIC_REPRESENTATION_CONTEXT ( 3 ) GLOBAL_UNCERTAINTY_ASSIGNED_CONTEXT ( ( #3874 ) ) GLOBAL_UNIT_ASSIGNED_CONTEXT ( ( #4747, #1623, #950 ) ) REPRESENTATION_CONTEXT ( 'NONE', 'WORKASPACE' ) );
#347 = CARTESIAN_POINT ( 'NONE',  ( -0.1900000000000000300, 0.05600000000000000810, -0.2195000000000000007 ) ) ;
#348 = DIRECTION ( 'NONE',  ( -0.0000000000000000000, -0.0000000000000000000, 1.000000000000000000 ) ) ;
#349 = DIMENSIONAL_EXPONENTS ( 1.000000000000000000, 0.0000000000000000000, 0.0000000000000000000, 0.0000000000000000000, 0.0000000000000000000, 0.0000000000000000000, 0.0000000000000000000 ) ;
#350 = CARTESIAN_POINT ( 'NONE',  ( -0.2225994174166946449, -0.07896575545379644345, 0.2505000000000002225 ) ) ;
#351 = AXIS2_PLACEMENT_3D ( 'NONE', #5685, #4146, #9604 ) ;
#352 = CARTESIAN_POINT ( 'NONE',  ( -0.2288223112295101336, -0.06182614979720842119, 0.2485000000000000264 ) ) ;
#353 = MECHANICAL_DESIGN_GEOMETRIC_PRESENTATION_REPRESENTATION (  '', ( #7686 ), #2784 ) ;
#354 = CARTESIAN_POINT ( 'NONE',  ( -0.2609115348192674322, 0.1755000000000000449, 0.03949999999999997957 ) ) ;
#355 = COLOUR_RGB ( '',0.9294117647058823817, 0.7607843137254901578, 0.4784313725490195734 ) ;
#356 = ORIENTED_EDGE ( 'NONE', *, *, #4837, .T. ) ;
#357 = ORIENTED_EDGE ( 'NONE', *, *, #7019, .F. ) ;
#358 =( NAMED_UNIT ( * ) PLANE_ANGLE_UNIT ( ) SI_UNIT ( $, .RADIAN. ) );
#359 = CIRCLE ( 'NONE', #3820, 0.1000000000000000194 ) ;
#360 =( LENGTH_UNIT ( ) NAMED_UNIT ( * ) SI_UNIT ( $, .METRE. ) );
#361 = CARTESIAN_POINT ( 'NONE',  ( -0.2160038754825019947, -0.08229868622198419081, 0.2484999999999999154 ) ) ;
#362 = EDGE_LOOP ( 'NONE', ( #123, #7733 ) ) ;
#363 = FILL_AREA_STYLE_COLOUR ( '', #9114 ) ;
#364 = AXIS2_PLACEMENT_3D ( 'NONE', #8506, #6158, #6123 ) ;
#365 = LINE ( 'NONE', #3558, #4290 ) ;
#366 = COLOUR_RGB ( '',0.9294117647058823817, 0.7607843137254901578, 0.4784313725490195734 ) ;
#367 =( CONVERSION_BASED_UNIT ( 'INCH', #8997 ) LENGTH_UNIT ( ) NAMED_UNIT ( #641 ) );
#368 = DIRECTION ( 'NONE',  ( 1.000000000000000000, 0.0000000000000000000, 0.0000000000000000000 ) ) ;
#369 =( CONVERSION_BASED_UNIT ( 'INCH', #9736 ) LENGTH_UNIT ( ) NAMED_UNIT ( #3812 ) );
#370 = CARTESIAN_POINT ( 'NONE',  ( -0.4359999999999999432, 6.858022075225185886E-18, -0.01949999999999999997 ) ) ;
#371 = FACE_BOUND ( 'NONE', #9583, .T. ) ;
#372 = ADVANCED_FACE ( 'NONE', ( #405 ), #898, .F. ) ;
#373 = CARTESIAN_POINT ( 'NONE',  ( -0.2361186659678248534, -0.06448914814649306382, 0.2484999999999999709 ) ) ;
#374 = VECTOR ( 'NONE', #1697, 39.37007874015748143 ) ;
#375 = SURFACE_STYLE_FILL_AREA ( #6446 ) ;
#376 = ORIENTED_EDGE ( 'NONE', *, *, #3733, .T. ) ;
#377 = LINE ( 'NONE', #9324, #5032 ) ;
#378 = PRESENTATION_LAYER_ASSIGNMENT (  '', '', ( #4901 ) ) ;
#379 = EDGE_CURVE ( 'NONE', #6736, #531, #1880, .T. ) ;
#380 = FILL_AREA_STYLE ('',( #9744 ) ) ;
#381 = CARTESIAN_POINT ( 'NONE',  ( 0.2104510888804048685, -0.07550000000000001155, 0.2515000000000000013 ) ) ;
#382 = DIRECTION ( 'NONE',  ( -0.0000000000000000000, -0.0000000000000000000, -1.000000000000000000 ) ) ;
#383 = DIRECTION ( 'NONE',  ( 1.000000000000000000, -0.0000000000000000000, -0.0000000000000000000 ) ) ;
#384 = CARTESIAN_POINT ( 'NONE',  ( -0.2189163330967897059, -0.07344778696005858920, 0.2484999999999999987 ) ) ;
#385 = CARTESIAN_POINT ( 'NONE',  ( -0.2295993281449142109, -0.05939820881500178229, 0.2484999999999999987 ) ) ;
#386 = CIRCLE ( 'NONE', #4836, 0.1200000000000000233 ) ;
#387 = ORIENTED_EDGE ( 'NONE', *, *, #4269, .T. ) ;
#388 = AXIS2_PLACEMENT_3D ( 'NONE', #238, #5676, #981 ) ;
#389 = CARTESIAN_POINT ( 'NONE',  ( -0.2609115348192674322, 0.09550000000000004319, -0.1694999999999999840 ) ) ;
#390 = EDGE_CURVE ( 'NONE', #2060, #5414, #4823, .T. ) ;
#391 = EDGE_CURVE ( 'NONE', #4446, #9645, #5548, .T. ) ;
#392 = DIRECTION ( 'NONE',  ( -1.000000000000000000, 0.0000000000000000000, 0.0000000000000000000 ) ) ;
#393 = CARTESIAN_POINT ( 'NONE',  ( -0.2609115348192674322, 0.09550000000000004319, 0.2515000000000000013 ) ) ;
#394 = CARTESIAN_POINT ( 'NONE',  ( 0.2609115348192674322, 0.1955000000000000626, -0.1694999999999999840 ) ) ;
#395 =( NAMED_UNIT ( * ) PLANE_ANGLE_UNIT ( ) SI_UNIT ( $, .RADIAN. ) );
#396 = SURFACE_STYLE_USAGE ( .BOTH. , #2655 ) ;
#397 = EDGE_LOOP ( 'NONE', ( #4849, #6933 ) ) ;
#398 = UNCERTAINTY_MEASURE_WITH_UNIT (LENGTH_MEASURE( 1.000000000000000082E-05 ), #8003, 'distance_accuracy_value', 'NONE');
#399 = DIMENSIONAL_EXPONENTS ( 1.000000000000000000, 0.0000000000000000000, 0.0000000000000000000, 0.0000000000000000000, 0.0000000000000000000, 0.0000000000000000000, 0.0000000000000000000 ) ;
#400 = ORIENTED_EDGE ( 'NONE', *, *, #6580, .T. ) ;
#401 = PLANE ( 'NONE',  #8949 ) ;
#402 = CARTESIAN_POINT ( 'NONE',  ( -0.2892357091213815234, -0.08939185421335454906, -0.1494999999999999940 ) ) ;
#403 = FACE_OUTER_BOUND ( 'NONE', #7595, .T. ) ;
#404 = VECTOR ( 'NONE', #5171, 39.37007874015748143 ) ;
#405 = FACE_OUTER_BOUND ( 'NONE', #7505, .T. ) ;
#406 = LINE ( 'NONE', #9611, #3223 ) ;
#407 = VERTEX_POINT ( 'NONE', #9085 ) ;
#408 = DIRECTION ( 'NONE',  ( 1.000000000000000000, 0.0000000000000000000, 0.0000000000000000000 ) ) ;
#409 = ORIENTED_EDGE ( 'NONE', *, *, #1356, .F. ) ;
#410 = DIRECTION ( 'NONE',  ( -1.000000000000000000, 0.0000000000000000000, -0.0000000000000000000 ) ) ;
#411 = CARTESIAN_POINT ( 'NONE',  ( 0.2450509566249798044, 0.1191250570841284884, 0.2485000000000000264 ) ) ;
#412 = FILL_AREA_STYLE_COLOUR ( '', #3028 ) ;
#413 =( NAMED_UNIT ( * ) PLANE_ANGLE_UNIT ( ) SI_UNIT ( $, .RADIAN. ) );
#414 = COLOUR_RGB ( '',0.7529411764705882248, 0.7529411764705882248, 0.7529411764705882248 ) ;
#415 = CARTESIAN_POINT ( 'NONE',  ( -0.2184664083046964078, -0.07080647942178157350, 0.2505000000000000560 ) ) ;
#416 = DIRECTION ( 'NONE',  ( -1.000000000000000000, 0.0000000000000000000, 0.0000000000000000000 ) ) ;
#417 = ORIENTED_EDGE ( 'NONE', *, *, #7924, .T. ) ;
#418 = STYLED_ITEM ( 'NONE', ( #1101 ), #4958 ) ;
#419 = VECTOR ( 'NONE', #4166, 39.37007874015748143 ) ;
#420 = PRESENTATION_LAYER_ASSIGNMENT (  '', '', ( #2718 ) ) ;
#421 = VERTEX_POINT ( 'NONE', #3618 ) ;
#422 = CARTESIAN_POINT ( 'NONE',  ( -0.2233116515376623312, -0.04509431313207892117, 0.2484999999999999709 ) ) ;
#423 = PRESENTATION_LAYER_ASSIGNMENT (  '', '', ( #7760 ) ) ;
#424 = ORIENTED_EDGE ( 'NONE', *, *, #3981, .F. ) ;
#425 = DIRECTION ( 'NONE',  ( -0.0000000000000000000, 0.0000000000000000000, 1.000000000000000000 ) ) ;
#426 = CARTESIAN_POINT ( 'NONE',  ( -0.2112435883313970864, -0.07034791927193699557, 0.2485000000000000264 ) ) ;
#427 = PRESENTATION_STYLE_ASSIGNMENT (( #7038 ) ) ;
#428 = LINE ( 'NONE', #2864, #6070 ) ;
#429 = FACE_OUTER_BOUND ( 'NONE', #3666, .T. ) ;
#430 = CARTESIAN_POINT ( 'NONE',  ( 0.2609115348192674322, 0.1755000000000000449, -0.1494999999999999940 ) ) ;
#431 = ORIENTED_EDGE ( 'NONE', *, *, #9976, .F. ) ;
#432 = DIRECTION ( 'NONE',  ( -1.000000000000000000, 0.0000000000000000000, -0.0000000000000000000 ) ) ;
#433 = ORIENTED_EDGE ( 'NONE', *, *, #1237, .T. ) ;
#434 =( GEOMETRIC_REPRESENTATION_CONTEXT ( 3 ) GLOBAL_UNCERTAINTY_ASSIGNED_CONTEXT ( ( #6429 ) ) GLOBAL_UNIT_ASSIGNED_CONTEXT ( ( #1332, #9077, #9946 ) ) REPRESENTATION_CONTEXT ( 'NONE', 'WORKASPACE' ) );
#435 = EDGE_CURVE ( 'NONE', #4666, #6023, #6677, .T. ) ;
#436 = MECHANICAL_DESIGN_GEOMETRIC_PRESENTATION_REPRESENTATION (  '', ( #5535 ), #3647 ) ;
#437 = CARTESIAN_POINT ( 'NONE',  ( -0.2279327765287803842, -0.07078354957389512703, 0.2485000000000000264 ) ) ;
#438 = SURFACE_STYLE_FILL_AREA ( #6016 ) ;
#439 = LINE ( 'NONE', #630, #4355 ) ;
#440 = EDGE_LOOP ( 'NONE', ( #7176, #8872, #523, #4243 ) ) ;
#441 = ORIENTED_EDGE ( 'NONE', *, *, #5432, .F. ) ;
#442 = CARTESIAN_POINT ( 'NONE',  ( -0.2259427380307153788, -0.07902595171121595818, 0.2505000000000000004 ) ) ;
#443 = CARTESIAN_POINT ( 'NONE',  ( 0.2426188164184995277, 0.1158448755350825338, 0.2484999999999999154 ) ) ;
#444 = DIRECTION ( 'NONE',  ( -0.0000000000000000000, -0.0000000000000000000, -1.000000000000000000 ) ) ;
#445 = PRESENTATION_STYLE_ASSIGNMENT (( #9635 ) ) ;
#446 =( LENGTH_UNIT ( ) NAMED_UNIT ( * ) SI_UNIT ( $, .METRE. ) );
#447 = VECTOR ( 'NONE', #9415, 39.37007874015748143 ) ;
#448 = AXIS2_PLACEMENT_3D ( 'NONE', #5467, #6268, #1558 ) ;
#449 = EDGE_CURVE ( 'NONE', #4140, #7260, #4554, .T. ) ;
#450 = MECHANICAL_DESIGN_GEOMETRIC_PRESENTATION_REPRESENTATION (  '', ( #1292 ), #2347 ) ;
#451 = CARTESIAN_POINT ( 'NONE',  ( -0.2369929235185506688, -0.06216760122714018455, 0.2505000000000000004 ) ) ;
#452 = EDGE_LOOP ( 'NONE', ( #3419, #6818 ) ) ;
#453 = UNCERTAINTY_MEASURE_WITH_UNIT (LENGTH_MEASURE( 1.000000000000000082E-05 ), #8320, 'distance_accuracy_value', 'NONE');
#454 = CARTESIAN_POINT ( 'NONE',  ( -0.2169210280471481067, -0.04769107000133833429, 0.2485000000000000542 ) ) ;
#455 = DIRECTION ( 'NONE',  ( -0.0000000000000000000, -0.0000000000000000000, -1.000000000000000000 ) ) ;
#456 = EDGE_LOOP ( 'NONE', ( #2936, #7027, #3311, #1211 ) ) ;
#457 = FACE_BOUND ( 'NONE', #1788, .T. ) ;
#458 = DIRECTION ( 'NONE',  ( -1.000000000000000000, 0.0000000000000000000, 0.0000000000000000000 ) ) ;
#459 = DIRECTION ( 'NONE',  ( 0.0000000000000000000, 0.0000000000000000000, -1.000000000000000000 ) ) ;
#460 = LINE ( 'NONE', #9064, #3285 ) ;
#461 = CARTESIAN_POINT ( 'NONE',  ( 0.1615000000000000047, -0.05600000000000000810, -0.2195000000000000007 ) ) ;
#462 = ORIENTED_EDGE ( 'NONE', *, *, #335, .F. ) ;
#463 = EDGE_CURVE ( 'NONE', #345, #7743, #4564, .T. ) ;
#464 = EDGE_CURVE ( 'NONE', #3296, #2004, #8484, .T. ) ;
#465 = DIRECTION ( 'NONE',  ( -1.000000000000000000, 0.0000000000000000000, 0.0000000000000000000 ) ) ;
#466 =( LENGTH_UNIT ( ) NAMED_UNIT ( * ) SI_UNIT ( $, .METRE. ) );
#467 = LINE ( 'NONE', #2348, #8414 ) ;
#468 =( LENGTH_UNIT ( ) NAMED_UNIT ( * ) SI_UNIT ( $, .METRE. ) );
#469 = ORIENTED_EDGE ( 'NONE', *, *, #9034, .T. ) ;
#470 = CARTESIAN_POINT ( 'NONE',  ( -0.2200000000000000011, 0.05600000000000000810, -0.2795000000000000262 ) ) ;
#471 = VECTOR ( 'NONE', #2161, 39.37007874015748143 ) ;
#472 = FILL_AREA_STYLE_COLOUR ( '', #4683 ) ;
#473 = DIRECTION ( 'NONE',  ( -0.0000000000000000000, -0.0000000000000000000, 1.000000000000000000 ) ) ;
#474 = CARTESIAN_POINT ( 'NONE',  ( -0.2609115348192674322, 0.09550000000000004319, 0.03949999999999997957 ) ) ;
#476 = ADVANCED_FACE ( 'NONE', ( #6056 ), #6408, .T. ) ;
#475 = PRESENTATION_STYLE_ASSIGNMENT (( #3808 ) ) ;
#477 = EDGE_LOOP ( 'NONE', ( #7717, #7438, #5378, #2990 ) ) ;
#478 =( CONVERSION_BASED_UNIT ( 'INCH', #5297 ) LENGTH_UNIT ( ) NAMED_UNIT ( #8859 ) );
#479 = AXIS2_PLACEMENT_3D ( 'NONE', #1159, #1192, #408 ) ;
#480 = LENGTH_MEASURE_WITH_UNIT ( LENGTH_MEASURE( 0.02539999999999999897 ), #7596 );
#481 = AXIS2_PLACEMENT_3D ( 'NONE', #7828, #5363, #8603 ) ;
#482 = ORIENTED_EDGE ( 'NONE', *, *, #1806, .F. ) ;
#483 = CARTESIAN_POINT ( 'NONE',  ( -0.2309335459014585090, -0.04645305498554299500, 0.2484999999999999709 ) ) ;
#484 = LENGTH_MEASURE_WITH_UNIT ( LENGTH_MEASURE( 0.02539999999999999897 ), #4582 );
#485 = TOROIDAL_SURFACE ( 'NONE', #1139, 0.1399999999999999856, 0.02000000000000000042 ) ;
#486 = CARTESIAN_POINT ( 'NONE',  ( -0.08100000000000001643, 0.05599999999999999423, -0.2795000000000000262 ) ) ;
#487 = SURFACE_STYLE_FILL_AREA ( #4734 ) ;
#488 = VECTOR ( 'NONE', #7298, 39.37007874015748143 ) ;
#489 = DIRECTION ( 'NONE',  ( 0.0000000000000000000, 0.0000000000000000000, 1.000000000000000000 ) ) ;
#490 = ORIENTED_EDGE ( 'NONE', *, *, #1356, .T. ) ;
#491 = DIRECTION ( 'NONE',  ( -0.0000000000000000000, -0.0000000000000000000, -1.000000000000000000 ) ) ;
#492 = CARTESIAN_POINT ( 'NONE',  ( -0.2273063806311158008, -0.06339872316183629841, 0.2504999999999999449 ) ) ;
#493 = FILL_AREA_STYLE ('',( #9914 ) ) ;
#494 = MECHANICAL_DESIGN_GEOMETRIC_PRESENTATION_REPRESENTATION (  '', ( #9388 ), #8544 ) ;
#495 = VERTEX_POINT ( 'NONE', #3856 ) ;
#496 = AXIS2_PLACEMENT_3D ( 'NONE', #2525, #9600, #7324 ) ;
#497 = APPLICATION_CONTEXT ( 'automotive_design' ) ;
#498 = SURFACE_STYLE_FILL_AREA ( #647 ) ;
#499 = SURFACE_STYLE_FILL_AREA ( #4148 ) ;
#500 = CARTESIAN_POINT ( 'NONE',  ( -0.2000000000000000389, 0.05600000000000000810, -0.2795000000000000262 ) ) ;
#501 = DIRECTION ( 'NONE',  ( -1.000000000000000000, 0.0000000000000000000, 0.0000000000000000000 ) ) ;
#502 = FACE_OUTER_BOUND ( 'NONE', #932, .T. ) ;
#503 = FACE_OUTER_BOUND ( 'NONE', #6854, .T. ) ;
#504 = STYLED_ITEM ( 'NONE', ( #1364 ), #6380 ) ;
#505 = EDGE_CURVE ( 'NONE', #1322, #4861, #1374, .T. ) ;
#506 = DIRECTION ( 'NONE',  ( 0.0000000000000000000, 0.0000000000000000000, -1.000000000000000000 ) ) ;
#507 = DIRECTION ( 'NONE',  ( -0.0000000000000000000, -0.0000000000000000000, 1.000000000000000000 ) ) ;
#508 = DIMENSIONAL_EXPONENTS ( 1.000000000000000000, 0.0000000000000000000, 0.0000000000000000000, 0.0000000000000000000, 0.0000000000000000000, 0.0000000000000000000, 0.0000000000000000000 ) ;
#509 =( NAMED_UNIT ( * ) SI_UNIT ( $, .STERADIAN. ) SOLID_ANGLE_UNIT ( ) );
#510 = ORIENTED_EDGE ( 'NONE', *, *, #6503, .T. ) ;
#511 =( CONVERSION_BASED_UNIT ( 'INCH', #5179 ) LENGTH_UNIT ( ) NAMED_UNIT ( #4307 ) );
#512 = FILL_AREA_STYLE_COLOUR ( '', #10099 ) ;
#513 = ORIENTED_EDGE ( 'NONE', *, *, #1170, .F. ) ;
#514 = ADVANCED_FACE ( 'NONE', ( #5063 ), #9979, .F. ) ;
#515 = CARTESIAN_POINT ( 'NONE',  ( -0.2338984963053847566, -0.04866446727195922889, 0.2485000000000000542 ) ) ;
#516 = LENGTH_MEASURE_WITH_UNIT ( LENGTH_MEASURE( 0.02539999999999999897 ), #2956 );
#517 = FACE_OUTER_BOUND ( 'NONE', #6280, .T. ) ;
#518 = CIRCLE ( 'NONE', #4694, 0.04000000000000001471 ) ;
#519 = ORIENTED_EDGE ( 'NONE', *, *, #5954, .F. ) ;
#520 = UNCERTAINTY_MEASURE_WITH_UNIT (LENGTH_MEASURE( 1.000000000000000082E-05 ), #7460, 'distance_accuracy_value', 'NONE');
#521 = AXIS2_PLACEMENT_3D ( 'NONE', #7384, #5123, #425 ) ;
#522 = CARTESIAN_POINT ( 'NONE',  ( 0.2443043707811019816, 0.1092950629861946521, 0.2484999999999999987 ) ) ;
#523 = ORIENTED_EDGE ( 'NONE', *, *, #4204, .T. ) ;
#524 = EDGE_CURVE ( 'NONE', #6376, #6722, #8252, .T. ) ;
#525 = EDGE_CURVE ( 'NONE', #5259, #1316, #2861, .T. ) ;
#526 = CARTESIAN_POINT ( 'NONE',  ( -0.2286502561845348003, -0.07461070212339741825, 0.2505000000000000004 ) ) ;
#527 = DIRECTION ( 'NONE',  ( -1.000000000000000000, 0.0000000000000000000, 0.0000000000000000000 ) ) ;
#528 = CARTESIAN_POINT ( 'NONE',  ( -0.002000000000000006113, 0.05600000000000000810, -0.2795000000000000262 ) ) ;
#529 = CIRCLE ( 'NONE', #5751, 0.1200000000000000233 ) ;
#530 = COLOUR_RGB ( '',0.9294117647058823817, 0.7607843137254901578, 0.4784313725490195734 ) ;
#531 = VERTEX_POINT ( 'NONE', #2208 ) ;
#532 =( NAMED_UNIT ( * ) PLANE_ANGLE_UNIT ( ) SI_UNIT ( $, .RADIAN. ) );
#533 = ADVANCED_FACE ( 'NONE', ( #3715 ), #7001, .F. ) ;
#534 = ADVANCED_FACE ( 'Face2', ( #6792 ), #8356, .F. ) ;
#535 = UNCERTAINTY_MEASURE_WITH_UNIT (LENGTH_MEASURE( 1.000000000000000082E-05 ), #6196, 'distance_accuracy_value', 'NONE');
#536 = FILL_AREA_STYLE_COLOUR ( '', #6162 ) ;
#537 = PLANE ( 'NONE',  #9682 ) ;
#538 = ORIENTED_EDGE ( 'NONE', *, *, #7988, .T. ) ;
#539 = ORIENTED_EDGE ( 'NONE', *, *, #1237, .F. ) ;
#540 = PRESENTATION_LAYER_ASSIGNMENT (  '', '', ( #5939 ) ) ;
#541 = VERTEX_POINT ( 'NONE', #666 ) ;
#542 = STYLED_ITEM ( 'NONE', ( #5397 ), #9179 ) ;
#543 = FILL_AREA_STYLE_COLOUR ( '', #3790 ) ;
#544 = CARTESIAN_POINT ( 'NONE',  ( -0.2341057458434951666, -0.08188831310808239450, 0.2485000000000000264 ) ) ;
#545 = DIRECTION ( 'NONE',  ( -1.000000000000000000, 0.0000000000000000000, 0.0000000000000000000 ) ) ;
#546 = UNCERTAINTY_MEASURE_WITH_UNIT (LENGTH_MEASURE( 1.000000000000000082E-05 ), #3948, 'distance_accuracy_value', 'NONE');
#547 = LINE ( 'NONE', #3949, #3619 ) ;
#548 =( LENGTH_UNIT ( ) NAMED_UNIT ( * ) SI_UNIT ( $, .METRE. ) );
#549 = CIRCLE ( 'NONE', #8990, 0.06000000000000004635 ) ;
#550 = ORIENTED_EDGE ( 'NONE', *, *, #8849, .T. ) ;
#551 = PRESENTATION_STYLE_ASSIGNMENT (( #1751 ) ) ;
#552 = ORIENTED_EDGE ( 'NONE', *, *, #3015, .F. ) ;
#553 = SURFACE_SIDE_STYLE ('',( #9421 ) ) ;
#554 = SURFACE_SIDE_STYLE ('',( #6885 ) ) ;
#555 = AXIS2_PLACEMENT_3D ( 'NONE', #5169, #2744, #2081 ) ;
#556 =( GEOMETRIC_REPRESENTATION_CONTEXT ( 3 ) GLOBAL_UNCERTAINTY_ASSIGNED_CONTEXT ( ( #1206 ) ) GLOBAL_UNIT_ASSIGNED_CONTEXT ( ( #5813, #1931, #1860 ) ) REPRESENTATION_CONTEXT ( 'NONE', 'WORKASPACE' ) );
#557 = PRESENTATION_STYLE_ASSIGNMENT (( #5383 ) ) ;
#558 = SURFACE_STYLE_USAGE ( .BOTH. , #2851 ) ;
#559 = MECHANICAL_DESIGN_GEOMETRIC_PRESENTATION_REPRESENTATION (  '', ( #3117 ), #1088 ) ;
#560 = FACE_OUTER_BOUND ( 'NONE', #1160, .T. ) ;
#561 = CARTESIAN_POINT ( 'NONE',  ( 0.2458437804511574010, 0.1209459635416667289, 0.2505000000000000004 ) ) ;
#562 = ORIENTED_EDGE ( 'NONE', *, *, #9630, .T. ) ;
#563 = CARTESIAN_POINT ( 'NONE',  ( 0.2159999999999999976, 0.05600000000000000810, -0.03565432893255038316 ) ) ;
#564 = PLANE ( 'NONE',  #2212 ) ;
#565 =( NAMED_UNIT ( * ) SI_UNIT ( $, .STERADIAN. ) SOLID_ANGLE_UNIT ( ) );
#566 = VECTOR ( 'NONE', #131, 39.37007874015748143 ) ;
#567 = SURFACE_SIDE_STYLE ('',( #9341 ) ) ;
#568 = VERTEX_POINT ( 'NONE', #7653 ) ;
#569 = AXIS2_PLACEMENT_3D ( 'NONE', #4022, #199, #4805 ) ;
#570 = EDGE_CURVE ( 'NONE', #7439, #3017, #4215, .T. ) ;
#571 = ORIENTED_EDGE ( 'NONE', *, *, #3542, .T. ) ;
#572 = DIRECTION ( 'NONE',  ( -1.000000000000000000, 0.0000000000000000000, 0.0000000000000000000 ) ) ;
#573 = DIRECTION ( 'NONE',  ( -1.000000000000000000, 0.0000000000000000000, 0.0000000000000000000 ) ) ;
#574 = CIRCLE ( 'NONE', #4060, 0.06000000000000004635 ) ;
#575 = DIRECTION ( 'NONE',  ( -1.000000000000000000, 0.0000000000000000000, 0.0000000000000000000 ) ) ;
#576 = CARTESIAN_POINT ( 'NONE',  ( -0.2257418905753964533, -0.08601086163563272102, 0.2484999999999999987 ) ) ;
#577 = SURFACE_SIDE_STYLE ('',( #8229 ) ) ;
#578 = VERTEX_POINT ( 'NONE', #3030 ) ;
#579 = UNCERTAINTY_MEASURE_WITH_UNIT (LENGTH_MEASURE( 1.000000000000000082E-05 ), #9291, 'distance_accuracy_value', 'NONE');
#580 = CARTESIAN_POINT ( 'NONE',  ( -0.3396961550602441426, 0.08160814578664549179, 0.03949999999999997957 ) ) ;
#581 = CARTESIAN_POINT ( 'NONE',  ( -0.3003038449397558152, 0.08855407289332276055, 0.2505000000000000004 ) ) ;
#582 = VECTOR ( 'NONE', #1200, 39.37007874015748143 ) ;
#583 = DIMENSIONAL_EXPONENTS ( 1.000000000000000000, 0.0000000000000000000, 0.0000000000000000000, 0.0000000000000000000, 0.0000000000000000000, 0.0000000000000000000, 0.0000000000000000000 ) ;
#584 = PRESENTATION_LAYER_ASSIGNMENT (  '', '', ( #3732 ) ) ;
#585 = ADVANCED_FACE ( 'NONE', ( #6176 ), #1537, .T. ) ;
#586 = EDGE_CURVE ( 'NONE', #5259, #6117, #5940, .T. ) ;
#587 = AXIS2_PLACEMENT_3D ( 'NONE', #6076, #8263, #4369 ) ;
#588 =( NAMED_UNIT ( * ) SI_UNIT ( $, .STERADIAN. ) SOLID_ANGLE_UNIT ( ) );
#589 = DIRECTION ( 'NONE',  ( -1.000000000000000000, 0.0000000000000000000, -0.0000000000000000000 ) ) ;
#590 = ORIENTED_EDGE ( 'NONE', *, *, #8686, .T. ) ;
#591 = FILL_AREA_STYLE ('',( #6871 ) ) ;
#592 = CARTESIAN_POINT ( 'NONE',  ( 0.08249999999999993450, -0.05599999999999999423, -0.3395000000000000240 ) ) ;
#593 = CARTESIAN_POINT ( 'NONE',  ( 0.3396961550602440871, 0.08160814578664550567, 0.01949999999999999997 ) ) ;
#594 = ORIENTED_EDGE ( 'NONE', *, *, #2823, .T. ) ;
#595 = CARTESIAN_POINT ( 'NONE',  ( -0.2253004722196179088, -0.06418819887060302209, 0.2505000000000000560 ) ) ;
#596 = CARTESIAN_POINT ( 'NONE',  ( -0.2609115348192674322, 0.1555000000000000826, 0.2515000000000000013 ) ) ;
#597 = LENGTH_MEASURE_WITH_UNIT ( LENGTH_MEASURE( 0.02539999999999999897 ), #4638 );
#598 = VECTOR ( 'NONE', #9326, 39.37007874015748143 ) ;
#599 = DIMENSIONAL_EXPONENTS ( 1.000000000000000000, 0.0000000000000000000, 0.0000000000000000000, 0.0000000000000000000, 0.0000000000000000000, 0.0000000000000000000, 0.0000000000000000000 ) ;
#600 =( GEOMETRIC_REPRESENTATION_CONTEXT ( 3 ) GLOBAL_UNCERTAINTY_ASSIGNED_CONTEXT ( ( #3473 ) ) GLOBAL_UNIT_ASSIGNED_CONTEXT ( ( #5218, #3641, #8410 ) ) REPRESENTATION_CONTEXT ( 'NONE', 'WORKASPACE' ) );
#601 = MECHANICAL_DESIGN_GEOMETRIC_PRESENTATION_REPRESENTATION (  '', ( #5317 ), #1838 ) ;
#602 = SURFACE_STYLE_FILL_AREA ( #1360 ) ;
#603 = CARTESIAN_POINT ( 'NONE',  ( 0.2104510888804048407, -0.2154999999999999971, -0.03950000000000003508 ) ) ;
#604 = ORIENTED_EDGE ( 'NONE', *, *, #4061, .F. ) ;
#605 = SURFACE_STYLE_USAGE ( .BOTH. , #8560 ) ;
#606 = CIRCLE ( 'NONE', #3762, 0.1200000000000000233 ) ;
#607 = CARTESIAN_POINT ( 'NONE',  ( -0.1110000000000000014, 0.05600000000000000810, -0.3395000000000000240 ) ) ;
#608 = FACE_OUTER_BOUND ( 'NONE', #3871, .T. ) ;
#609 = CARTESIAN_POINT ( 'NONE',  ( -0.2362123303750303382, -0.07672249570592611090, 0.2485000000000000542 ) ) ;
#610 = ORIENTED_EDGE ( 'NONE', *, *, #136, .F. ) ;
#611 = CARTESIAN_POINT ( 'NONE',  ( -0.1655000000000000082, -0.05600000000000000810, -0.2795000000000000262 ) ) ;
#612 = DIRECTION ( 'NONE',  ( 0.0000000000000000000, 0.0000000000000000000, 1.000000000000000000 ) ) ;
#613 = DIRECTION ( 'NONE',  ( 1.000000000000000000, 0.0000000000000000000, 0.0000000000000000000 ) ) ;
#614 = PRESENTATION_LAYER_ASSIGNMENT (  '', '', ( #803 ) ) ;
#615 = AXIS2_PLACEMENT_3D ( 'NONE', #4350, #506, #5203 ) ;
#616 = AXIS2_PLACEMENT_3D ( 'NONE', #2609, #1774, #8077 ) ;
#617 = CARTESIAN_POINT ( 'NONE',  ( -0.2247693233847634919, -0.04505403645833331444, 0.2484999999999999987 ) ) ;
#618 =( NAMED_UNIT ( * ) PLANE_ANGLE_UNIT ( ) SI_UNIT ( $, .RADIAN. ) );
#619 = FILL_AREA_STYLE_COLOUR ( '', #4529 ) ;
#620 = CARTESIAN_POINT ( 'NONE',  ( 0.07249999999999993949, -0.05599999999999999423, -0.2795000000000000262 ) ) ;
#621 = CARTESIAN_POINT ( 'NONE',  ( -0.2242669897029559989, -0.07927754407051282315, 0.2505000000000000560 ) ) ;
#622 =( LENGTH_UNIT ( ) NAMED_UNIT ( * ) SI_UNIT ( $, .METRE. ) );
#623 = FILL_AREA_STYLE_COLOUR ( '', #1008 ) ;
#624 = PRESENTATION_LAYER_ASSIGNMENT (  '', '', ( #7325 ) ) ;
#625 = ORIENTED_EDGE ( 'NONE', *, *, #911, .F. ) ;
#626 = ADVANCED_FACE ( 'NONE', ( #10045 ), #763, .F. ) ;
#627 = CARTESIAN_POINT ( 'NONE',  ( -0.3200000000000000067, 0.08508110933998412617, 0.2515000000000000013 ) ) ;
#628 = LENGTH_MEASURE_WITH_UNIT ( LENGTH_MEASURE( 0.02539999999999999897 ), #9258 );
#629 =( NAMED_UNIT ( * ) SI_UNIT ( $, .STERADIAN. ) SOLID_ANGLE_UNIT ( ) );
#630 = CARTESIAN_POINT ( 'NONE',  ( 0.2459999999999999964, 0.05599999999999999423, -0.2795000000000000262 ) ) ;
#631 = VECTOR ( 'NONE', #728, 39.37007874015748143 ) ;
#632 = EDGE_LOOP ( 'NONE', ( #5820, #1398, #6874, #5433, #2435 ) ) ;
#633 = ORIENTED_EDGE ( 'NONE', *, *, #9021, .F. ) ;
#634 = STYLED_ITEM ( 'NONE', ( #991 ), #6846 ) ;
#635 = EDGE_CURVE ( 'NONE', #9765, #3785, #5927, .T. ) ;
#636 = DIRECTION ( 'NONE',  ( -1.000000000000000000, 0.0000000000000000000, 0.0000000000000000000 ) ) ;
#637 = CARTESIAN_POINT ( 'NONE',  ( -0.2295204988368214349, -0.08537002749999611506, 0.2484999999999999709 ) ) ;
#638 = FACE_OUTER_BOUND ( 'NONE', #2076, .T. ) ;
#639 = CARTESIAN_POINT ( 'NONE',  ( 0.2344521488927472919, 0.1027971337473291280, 0.2505000000000000004 ) ) ;
#640 = DIRECTION ( 'NONE',  ( 0.0000000000000000000, 1.000000000000000000, -0.0000000000000000000 ) ) ;
#641 = DIMENSIONAL_EXPONENTS ( 1.000000000000000000, 0.0000000000000000000, 0.0000000000000000000, 0.0000000000000000000, 0.0000000000000000000, 0.0000000000000000000, 0.0000000000000000000 ) ;
#642 = DIRECTION ( 'NONE',  ( 0.1736481776669316079, 0.9848077530122077983, 0.0000000000000000000 ) ) ;
#643 = LENGTH_MEASURE_WITH_UNIT ( LENGTH_MEASURE( 0.02539999999999999897 ), #2394 );
#645 = ORIENTED_EDGE ( 'NONE', *, *, #3347, .F. ) ;
#644 = PRESENTATION_STYLE_ASSIGNMENT (( #2549 ) ) ;
#646 = UNCERTAINTY_MEASURE_WITH_UNIT (LENGTH_MEASURE( 1.000000000000000082E-05 ), #9845, 'distance_accuracy_value', 'NONE');
#647 = FILL_AREA_STYLE ('',( #9320 ) ) ;
#648 = FILL_AREA_STYLE ('',( #6959 ) ) ;
#649 = VECTOR ( 'NONE', #7892, 39.37007874015748143 ) ;
#650 = COLOUR_RGB ( '',0.0000000000000000000, 0.5019607843137254832, 1.000000000000000000 ) ;
#651 = ORIENTED_EDGE ( 'NONE', *, *, #656, .F. ) ;
#652 = ORIENTED_EDGE ( 'NONE', *, *, #117, .T. ) ;
#653 = AXIS2_PLACEMENT_3D ( 'NONE', #6912, #2209, #4560 ) ;
#654 = SURFACE_SIDE_STYLE ('',( #1462 ) ) ;
#655 = EDGE_CURVE ( 'NONE', #1316, #2509, #8975, .T. ) ;
#656 = EDGE_CURVE ( 'NONE', #1094, #8565, #2351, .T. ) ;
#657 = DIRECTION ( 'NONE',  ( 0.0000000000000000000, 0.0000000000000000000, -1.000000000000000000 ) ) ;
#659 = ORIENTED_EDGE ( 'NONE', *, *, #1236, .F. ) ;
#658 = VECTOR ( 'NONE', #9737, 39.37007874015748143 ) ;
#660 = DIRECTION ( 'NONE',  ( -0.0000000000000000000, -0.0000000000000000000, -1.000000000000000000 ) ) ;
#661 = SURFACE_SIDE_STYLE ('',( #3209 ) ) ;
#662 = CARTESIAN_POINT ( 'NONE',  ( -0.2609115348192674322, 0.1355000000000000648, 0.2515000000000000013 ) ) ;
#663 = ORIENTED_EDGE ( 'NONE', *, *, #6215, .T. ) ;
#664 = VECTOR ( 'NONE', #8951, 39.37007874015748143 ) ;
#665 = SURFACE_SIDE_STYLE ('',( #9573 ) ) ;
#666 = CARTESIAN_POINT ( 'NONE',  ( -0.2253688829404693061, -0.08601853799412391421, 0.2484999999999999987 ) ) ;
#667 = PLANE ( 'NONE',  #2950 ) ;
#668 =( GEOMETRIC_REPRESENTATION_CONTEXT ( 3 ) GLOBAL_UNCERTAINTY_ASSIGNED_CONTEXT ( ( #7399 ) ) GLOBAL_UNIT_ASSIGNED_CONTEXT ( ( #8981, #9655, #6668 ) ) REPRESENTATION_CONTEXT ( 'NONE', 'WORKASPACE' ) );
#669 = AXIS2_PLACEMENT_3D ( 'NONE', #8683, #4074, #4001 ) ;
#670 = FACE_OUTER_BOUND ( 'NONE', #4502, .T. ) ;
#671 = COLOUR_RGB ( '',0.9294117647058823817, 0.7607843137254901578, 0.4784313725490195734 ) ;
#672 = ORIENTED_EDGE ( 'NONE', *, *, #5776, .T. ) ;
#673 = CARTESIAN_POINT ( 'NONE',  ( -0.2188008991631815170, -0.05815760734162900986, 0.2505000000000000004 ) ) ;
#674 = SURFACE_STYLE_USAGE ( .BOTH. , #7628 ) ;
#675 = CARTESIAN_POINT ( 'NONE',  ( 0.2520824406929609296, 0.1209459635416667289, 0.2484999999999999987 ) ) ;
#676 = SURFACE_STYLE_USAGE ( .BOTH. , #5459 ) ;
#677 = VECTOR ( 'NONE', #6468, 39.37007874015748143 ) ;
#678 = ADVANCED_FACE ( 'NONE', ( #9314 ), #8430, .T. ) ;
#679 = ADVANCED_FACE ( 'NONE', ( #7996 ), #6461, .F. ) ;
#680 = CARTESIAN_POINT ( 'NONE',  ( -0.08100000000000004419, 0.05600000000000000810, -0.3395000000000000240 ) ) ;
#681 = ORIENTED_EDGE ( 'NONE', *, *, #5918, .F. ) ;
#682 = DIRECTION ( 'NONE',  ( -1.000000000000000000, 0.0000000000000000000, -0.0000000000000000000 ) ) ;
#683 = ORIENTED_EDGE ( 'NONE', *, *, #2808, .T. ) ;
#684 = AXIS2_PLACEMENT_3D ( 'NONE', #1651, #9489, #5636 ) ;
#685 = SURFACE_STYLE_FILL_AREA ( #6330 ) ;
#686 = B_SPLINE_CURVE_WITH_KNOTS ( 'NONE', 3,
 ( #2811, #4607, #3867, #5395, #2290, #1484, #7726, #6956, #709, #6925, #8471, #3078, #8542, #9317, #4644 ),
 .UNSPECIFIED., .F., .F.,
 ( 4, 1, 1, 1, 1, 1, 1, 1, 1, 1, 1, 1, 4 ),
 ( 0.0000000000000000000, 0.1164323807288848156, 0.2266229944276460517, 0.3348174843248036825, 0.4447913643212244028, 0.5014766242041471811, 0.5605923454640759918, 0.6217257867906725854, 0.6868809963468857083, 0.7575557825207271945, 0.8323665149635305349, 0.9136238093466040322, 0.9999999999999998890 ),
 .UNSPECIFIED. ) ;
#687 = DIMENSIONAL_EXPONENTS ( 1.000000000000000000, 0.0000000000000000000, 0.0000000000000000000, 0.0000000000000000000, 0.0000000000000000000, 0.0000000000000000000, 0.0000000000000000000 ) ;
#688 = CARTESIAN_POINT ( 'NONE',  ( 0.2421330239753550773, 0.1072345576798192507, 0.2505000000000000560 ) ) ;
#689 = STYLED_ITEM ( 'NONE', ( #3197 ), #2597 ) ;
#690 = FILL_AREA_STYLE ('',( #3909 ) ) ;
#691 = SURFACE_STYLE_FILL_AREA ( #8705 ) ;
#692 = PLANE ( 'NONE',  #9011 ) ;
#693 = DIRECTION ( 'NONE',  ( -1.000000000000000000, 0.0000000000000000000, -0.0000000000000000000 ) ) ;
#694 = CARTESIAN_POINT ( 'NONE',  ( -0.2347429491188172401, -0.04959451417946984103, 0.2484999999999999709 ) ) ;
#695 = LINE ( 'NONE', #1448, #4380 ) ;
#696 = CIRCLE ( 'NONE', #3599, 0.01949999999999987160 ) ;
#697 = AXIS2_PLACEMENT_3D ( 'NONE', #1167, #3470, #416 ) ;
#698 = EDGE_CURVE ( 'NONE', #58, #7735, #8589, .T. ) ;
#699 = FILL_AREA_STYLE ('',( #7744 ) ) ;
#700 =( CONVERSION_BASED_UNIT ( 'INCH', #7882 ) LENGTH_UNIT ( ) NAMED_UNIT ( #6289 ) );
#701 = CARTESIAN_POINT ( 'NONE',  ( -0.002000000000000006113, 0.05600000000000000810, -0.3395000000000000240 ) ) ;
#702 = EDGE_LOOP ( 'NONE', ( #2492, #5917, #2252, #6821, #8291, #7226 ) ) ;
#703 = UNCERTAINTY_MEASURE_WITH_UNIT (LENGTH_MEASURE( 1.000000000000000082E-05 ), #367, 'distance_accuracy_value', 'NONE');
#704 = CARTESIAN_POINT ( 'NONE',  ( 0.2358518738605814291, 0.1033376237329804437, 0.2484999999999999987 ) ) ;
#705 = PRESENTATION_STYLE_ASSIGNMENT (( #5860 ) ) ;
#706 = SURFACE_SIDE_STYLE ('',( #2283 ) ) ;
#707 = ORIENTED_EDGE ( 'NONE', *, *, #2925, .T. ) ;
#708 = MECHANICAL_DESIGN_GEOMETRIC_PRESENTATION_REPRESENTATION (  '', ( #3921 ), #5303 ) ;
#709 = CARTESIAN_POINT ( 'NONE',  ( -0.2291341174891958765, -0.05454883783410388598, 0.2484999999999999987 ) ) ;
#710 = EDGE_CURVE ( 'Edge9', #3296, #8476, #8467, .T. ) ;
#711 = EDGE_CURVE ( 'NONE', #3032, #4776, #4081, .T. ) ;
#712 = SURFACE_STYLE_USAGE ( .BOTH. , #3835 ) ;
#713 = CARTESIAN_POINT ( 'NONE',  ( -0.2609115348192674322, 0.09550000000000004319, -0.2195000000000000007 ) ) ;
#714 = ORIENTED_EDGE ( 'NONE', *, *, #5431, .T. ) ;
#715 = DIRECTION ( 'NONE',  ( -0.9848077530122079093, 0.1736481776669316079, 0.0000000000000000000 ) ) ;
#716 = FACE_OUTER_BOUND ( 'NONE', #9542, .T. ) ;
#717 = ORIENTED_EDGE ( 'NONE', *, *, #4995, .T. ) ;
#718 = CARTESIAN_POINT ( 'NONE',  ( -0.3199999999999999512, 0.08508110933998412617, -0.9827025327494508522 ) ) ;
#719 = FILL_AREA_STYLE_COLOUR ( '', #5612 ) ;
#720 = DIRECTION ( 'NONE',  ( -0.0000000000000000000, -0.0000000000000000000, 1.000000000000000000 ) ) ;
#721 = CARTESIAN_POINT ( 'NONE',  ( -0.2365875656458527043, -0.05287559912926283190, 0.2505000000000000004 ) ) ;
#722 = DIRECTION ( 'NONE',  ( 0.0000000000000000000, 1.000000000000000000, -0.0000000000000000000 ) ) ;
#723 = COLOUR_RGB ( '',0.0000000000000000000, 0.5019607843137254832, 1.000000000000000000 ) ;
#724 = AXIS2_PLACEMENT_3D ( 'NONE', #918, #4924, #1022 ) ;
#725 = ADVANCED_FACE ( 'NONE', ( #8341 ), #1986, .T. ) ;
#726 = SURFACE_STYLE_FILL_AREA ( #4997 ) ;
#727 = EDGE_LOOP ( 'NONE', ( #5745, #164, #5240, #8309 ) ) ;
#728 = DIRECTION ( 'NONE',  ( -0.0000000000000000000, -0.0000000000000000000, -1.000000000000000000 ) ) ;
#729 = LINE ( 'NONE', #8057, #9406 ) ;
#730 = DIRECTION ( 'NONE',  ( -0.0000000000000000000, -0.0000000000000000000, 1.000000000000000000 ) ) ;
#731 =( LENGTH_UNIT ( ) NAMED_UNIT ( * ) SI_UNIT ( $, .METRE. ) );
#732 = FILL_AREA_STYLE_COLOUR ( '', #5199 ) ;
#733 = VECTOR ( 'NONE', #9290, 39.37007874015748143 ) ;
#734 = LENGTH_MEASURE_WITH_UNIT ( LENGTH_MEASURE( 0.02539999999999999897 ), #10024 );
#735 = ORIENTED_EDGE ( 'NONE', *, *, #6048, .T. ) ;
#736 =( CONVERSION_BASED_UNIT ( 'INCH', #597 ) LENGTH_UNIT ( ) NAMED_UNIT ( #2183 ) );
#737 = CARTESIAN_POINT ( 'NONE',  ( 0.5449999999999999289, 0.1870000000000001106, 0.01949999999999999997 ) ) ;
#738 = CARTESIAN_POINT ( 'NONE',  ( 0.2397565173948805750, 0.1054674514182445261, 0.2484999999999998876 ) ) ;
#739 = FILL_AREA_STYLE ('',( #10083 ) ) ;
#740 = VECTOR ( 'NONE', #9460, 39.37007874015748143 ) ;
#741 = CARTESIAN_POINT ( 'NONE',  ( -0.2158541463311981212, -0.04866222652772274337, 0.2484999999999999709 ) ) ;
#742 = MECHANICAL_DESIGN_GEOMETRIC_PRESENTATION_REPRESENTATION (  '', ( #6197 ), #1085 ) ;
#743 =( GEOMETRIC_REPRESENTATION_CONTEXT ( 3 ) GLOBAL_UNCERTAINTY_ASSIGNED_CONTEXT ( ( #4845 ) ) GLOBAL_UNIT_ASSIGNED_CONTEXT ( ( #6323, #3207, #7787 ) ) REPRESENTATION_CONTEXT ( 'NONE', 'WORKASPACE' ) );
#744 = DIRECTION ( 'NONE',  ( 0.0000000000000000000, 0.0000000000000000000, -1.000000000000000000 ) ) ;
#745 = STYLED_ITEM ( 'NONE', ( #8169 ), #2117 ) ;
#746 = FILL_AREA_STYLE ('',( #3768 ) ) ;
#747 = DIRECTION ( 'NONE',  ( 1.000000000000000000, 3.132853203743421473E-17, 0.0000000000000000000 ) ) ;
#748 = COLOUR_RGB ( '',0.9294117647058823817, 0.7607843137254901578, 0.4784313725490195734 ) ;
#749 = DIRECTION ( 'NONE',  ( -0.9848077530122080203, -0.1736481776669309418, 0.0000000000000000000 ) ) ;
#750 = VERTEX_POINT ( 'NONE', #6298 ) ;
#751 = EDGE_LOOP ( 'NONE', ( #3151, #1098 ) ) ;
#752 = B_SPLINE_CURVE_WITH_KNOTS ( 'NONE', 3,
 ( #5142, #8937, #5867, #1108, #6726, #5007, #6591, #8902, #1172, #2786, #6661, #1230, #2752, #9716, #451, #5835, #3533, #4331, #9786 ),
 .UNSPECIFIED., .F., .F.,
 ( 4, 1, 1, 1, 1, 1, 1, 1, 1, 1, 1, 1, 1, 1, 1, 1, 4 ),
 ( 0.0000000000000000000, 0.06126685886857929919, 0.1209662961677067661, 0.1793269055240390986, 0.2378002547117241960, 0.2962617467870127808, 0.3558812952642909089, 0.4167494055312126466, 0.4795073031032400790, 0.5429135943641880679, 0.6052002466384022172, 0.6676813715383245196, 0.7308754705414723940, 0.7947284631359178286, 0.8603840661699813097, 0.9287514343155144347, 1.000000000000000000 ),
 .UNSPECIFIED. ) ;
#753 = CARTESIAN_POINT ( 'NONE',  ( -0.2272850819573397074, -0.07814920392745626498, 0.2484999999999998876 ) ) ;
#754 = VERTEX_POINT ( 'NONE', #5642 ) ;
#755 = DIRECTION ( 'NONE',  ( -0.0000000000000000000, -0.0000000000000000000, 1.000000000000000000 ) ) ;
#756 = SURFACE_SIDE_STYLE ('',( #7647 ) ) ;
#757 = DIRECTION ( 'NONE',  ( -1.000000000000000000, 0.0000000000000000000, 0.0000000000000000000 ) ) ;
#758 = CARTESIAN_POINT ( 'NONE',  ( -0.2347429491188172401, -0.04959451417946984103, 0.2504999999999999449 ) ) ;
#759 = STYLED_ITEM ( 'NONE', ( #4112 ), #6027 ) ;
#760 = PRESENTATION_STYLE_ASSIGNMENT (( #4583 ) ) ;
#761 = EDGE_CURVE ( 'NONE', #1036, #5645, #4070, .T. ) ;
#762 = FACE_OUTER_BOUND ( 'NONE', #3085, .T. ) ;
#764 = ORIENTED_EDGE ( 'NONE', *, *, #9034, .F. ) ;
#763 = CYLINDRICAL_SURFACE ( 'NONE', #7940, 0.01949999999999987160 ) ;
#765 = ORIENTED_EDGE ( 'NONE', *, *, #1099, .F. ) ;
#766 = CIRCLE ( 'NONE', #3460, 0.1000000000000000611 ) ;
#767 = CARTESIAN_POINT ( 'NONE',  ( -0.2374654020846416469, -0.05822004021538626506, 0.2484999999999999709 ) ) ;
#768 = PLANE ( 'NONE',  #2335 ) ;
#769 = CYLINDRICAL_SURFACE ( 'NONE', #6579, 0.02000000000000000042 ) ;
#770 = CIRCLE ( 'NONE', #7740, 0.05600000000000002892 ) ;
#772 = EDGE_LOOP ( 'NONE', ( #1366, #826 ) ) ;
#771 = SURFACE_STYLE_FILL_AREA ( #3755 ) ;
#773 =( GEOMETRIC_REPRESENTATION_CONTEXT ( 3 ) GLOBAL_UNCERTAINTY_ASSIGNED_CONTEXT ( ( #5591 ) ) GLOBAL_UNIT_ASSIGNED_CONTEXT ( ( #8377, #4479, #2885 ) ) REPRESENTATION_CONTEXT ( 'NONE', 'WORKASPACE' ) );
#774 = EDGE_CURVE ( 'NONE', #6184, #3269, #9691, .T. ) ;
#775 =( GEOMETRIC_REPRESENTATION_CONTEXT ( 3 ) GLOBAL_UNCERTAINTY_ASSIGNED_CONTEXT ( ( #961 ) ) GLOBAL_UNIT_ASSIGNED_CONTEXT ( ( #7583, #2162, #6735 ) ) REPRESENTATION_CONTEXT ( 'NONE', 'WORKASPACE' ) );
#776 =( NAMED_UNIT ( * ) PLANE_ANGLE_UNIT ( ) SI_UNIT ( $, .RADIAN. ) );
#777 = CARTESIAN_POINT ( 'NONE',  ( -0.2201318921480915347, -0.05397438503596035247, 0.2505000000000000004 ) ) ;
#778 = CARTESIAN_POINT ( 'NONE',  ( 0.5449999999999999289, -0.2354999999999999594, -0.01949999999999999997 ) ) ;
#779 =( NAMED_UNIT ( * ) SI_UNIT ( $, .STERADIAN. ) SOLID_ANGLE_UNIT ( ) );
#780 =( NAMED_UNIT ( * ) SI_UNIT ( $, .STERADIAN. ) SOLID_ANGLE_UNIT ( ) );
#781 = ADVANCED_FACE ( 'NONE', ( #3215 ), #919, .T. ) ;
#782 = CYLINDRICAL_SURFACE ( 'NONE', #6281, 0.02999999999999993991 ) ;
#783 = ORIENTED_EDGE ( 'NONE', *, *, #8625, .T. ) ;
#784 = DIRECTION ( 'NONE',  ( -0.0000000000000000000, -0.0000000000000000000, 1.000000000000000000 ) ) ;
#785 = AXIS2_PLACEMENT_3D ( 'NONE', #8520, #9295, #3741 ) ;
#786 = DIMENSIONAL_EXPONENTS ( 1.000000000000000000, 0.0000000000000000000, 0.0000000000000000000, 0.0000000000000000000, 0.0000000000000000000, 0.0000000000000000000, 0.0000000000000000000 ) ;
#787 = CARTESIAN_POINT ( 'NONE',  ( 0.2385029052043940168, 0.1046887404145068756, 0.2504999999999999449 ) ) ;
#788 = LINE ( 'NONE', #500, #7292 ) ;
#789 = CARTESIAN_POINT ( 'NONE',  ( -0.2187980342961800828, -0.05841449196318274778, 0.2484999999999999987 ) ) ;
#790 = EDGE_CURVE ( 'NONE', #8275, #6294, #9923, .T. ) ;
#791 = EDGE_CURVE ( 'NONE', #5914, #275, #6896, .T. ) ;
#792 = CARTESIAN_POINT ( 'NONE',  ( -0.3009115348192675232, 0.09550000000000004319, 0.2515000000000000013 ) ) ;
#793 = ORIENTED_EDGE ( 'NONE', *, *, #6688, .F. ) ;
#794 = CARTESIAN_POINT ( 'NONE',  ( -0.2609115348192674322, 0.09550000000000004319, -0.2195000000000000007 ) ) ;
#795 = CARTESIAN_POINT ( 'NONE',  ( 0.2432515216811685643, 0.1082262247449276710, 0.2505000000000000004 ) ) ;
#796 = CIRCLE ( 'NONE', #3804, 0.1400000000000000133 ) ;
#797 = ORIENTED_EDGE ( 'NONE', *, *, #6474, .F. ) ;
#798 = CARTESIAN_POINT ( 'NONE',  ( -0.2115415097261126864, -0.07262325343245461251, 0.2484999999999999709 ) ) ;
#799 = ORIENTED_EDGE ( 'NONE', *, *, #464, .T. ) ;
#800 = FILL_AREA_STYLE_COLOUR ( '', #4445 ) ;
#801 = CARTESIAN_POINT ( 'NONE',  ( -0.2263533236548204708, -0.06388658998790246180, 0.2484999999999999987 ) ) ;
#802 = CARTESIAN_POINT ( 'NONE',  ( -0.2242770134151104156, -0.04506763938828553528, 0.2505000000000000560 ) ) ;
#803 = STYLED_ITEM ( 'NONE', ( #9883 ), #5097 ) ;
#804 = MECHANICAL_DESIGN_GEOMETRIC_PRESENTATION_REPRESENTATION (  '', ( #1142 ), #4811 ) ;
#805 = PRESENTATION_STYLE_ASSIGNMENT (( #3827 ) ) ;
#806 = CIRCLE ( 'NONE', #4684, 0.02999999999999997113 ) ;
#807 = ORIENTED_EDGE ( 'NONE', *, *, #5305, .F. ) ;
#808 = DIRECTION ( 'NONE',  ( -1.000000000000000000, -0.0000000000000000000, -0.0000000000000000000 ) ) ;
#809 = DIRECTION ( 'NONE',  ( -1.000000000000000000, 0.0000000000000000000, 0.0000000000000000000 ) ) ;
#810 = ORIENTED_EDGE ( 'NONE', *, *, #4653, .T. ) ;
#811 =( LENGTH_UNIT ( ) NAMED_UNIT ( * ) SI_UNIT ( $, .METRE. ) );
#812 = LINE ( 'NONE', #7792, #935 ) ;
#813 = SURFACE_SIDE_STYLE ('',( #5052 ) ) ;
#814 = CARTESIAN_POINT ( 'NONE',  ( 0.2609115348192674322, 0.2155000000000000526, -0.03950000000000000039 ) ) ;
#815 = EDGE_CURVE ( 'NONE', #2489, #1001, #4797, .T. ) ;
#816 = ORIENTED_EDGE ( 'NONE', *, *, #4636, .T. ) ;
#817 = CARTESIAN_POINT ( 'NONE',  ( 0.2371982050534481579, 0.1039820571748961420, 0.2504999999999999449 ) ) ;
#818 = MECHANICAL_DESIGN_GEOMETRIC_PRESENTATION_REPRESENTATION (  '', ( #9916 ), #9738 ) ;
#819 = CARTESIAN_POINT ( 'NONE',  ( -0.1655000000000000082, -0.05600000000000000810, 0.01949999999999999997 ) ) ;
#820 =( LENGTH_UNIT ( ) NAMED_UNIT ( * ) SI_UNIT ( $, .METRE. ) );
#821 = CARTESIAN_POINT ( 'NONE',  ( -0.2224206715949702540, -0.05219509922506634231, 0.2484999999999999709 ) ) ;
#822 = FILL_AREA_STYLE_COLOUR ( '', #2747 ) ;
#823 = CYLINDRICAL_SURFACE ( 'NONE', #6222, 0.01999999999999995878 ) ;
#824 = FACE_OUTER_BOUND ( 'NONE', #727, .T. ) ;
#825 = CARTESIAN_POINT ( 'NONE',  ( -0.2184310987881229182, -0.06788561209914570349, 0.2484999999999999987 ) ) ;
#826 = ORIENTED_EDGE ( 'NONE', *, *, #6104, .T. ) ;
#827 = ORIENTED_EDGE ( 'NONE', *, *, #8818, .T. ) ;
#828 = UNCERTAINTY_MEASURE_WITH_UNIT (LENGTH_MEASURE( 1.000000000000000082E-05 ), #8318, 'distance_accuracy_value', 'NONE');
#829 = ADVANCED_FACE ( 'NONE', ( #8711 ), #5023, .T. ) ;
#830 = VERTEX_POINT ( 'NONE', #8029 ) ;
#831 = MECHANICAL_DESIGN_GEOMETRIC_PRESENTATION_REPRESENTATION (  '', ( #9033 ), #9871 ) ;
#832 = EDGE_LOOP ( 'NONE', ( #7561, #8528, #7684, #764 ) ) ;
#833 = EDGE_CURVE ( 'NONE', #4893, #8879, #3315, .T. ) ;
#834 = CARTESIAN_POINT ( 'NONE',  ( -0.2125292264148602450, -0.07660252437614543941, 0.2505000000000000004 ) ) ;
#835 = CARTESIAN_POINT ( 'NONE',  ( -0.2279327765287803842, -0.07078354957389512703, 0.2484999999999999987 ) ) ;
#836 = DIRECTION ( 'NONE',  ( -0.0000000000000000000, -0.0000000000000000000, 1.000000000000000000 ) ) ;
#837 = DIMENSIONAL_EXPONENTS ( 1.000000000000000000, 0.0000000000000000000, 0.0000000000000000000, 0.0000000000000000000, 0.0000000000000000000, 0.0000000000000000000, 0.0000000000000000000 ) ;
#838 = CIRCLE ( 'NONE', #8093, 0.02000000000000007674 ) ;
#839 = EDGE_LOOP ( 'NONE', ( #47, #2226, #550, #8195 ) ) ;
#840 = PRESENTATION_STYLE_ASSIGNMENT (( #4656 ) ) ;
#841 = CARTESIAN_POINT ( 'NONE',  ( -0.4919999999999999929, 0.0000000000000000000, 0.01949999999999999997 ) ) ;
#842 = CARTESIAN_POINT ( 'NONE',  ( -0.2131470752329127638, -0.05253106872786893894, 0.2505000000000000560 ) ) ;
#843 = DIRECTION ( 'NONE',  ( -1.000000000000000000, 0.0000000000000000000, -0.0000000000000000000 ) ) ;
#844 =( GEOMETRIC_REPRESENTATION_CONTEXT ( 3 ) GLOBAL_UNCERTAINTY_ASSIGNED_CONTEXT ( ( #453 ) ) GLOBAL_UNIT_ASSIGNED_CONTEXT ( ( #8320, #2058, #6872 ) ) REPRESENTATION_CONTEXT ( 'NONE', 'WORKASPACE' ) );
#845 = EDGE_CURVE ( 'NONE', #5254, #18, #1833, .T. ) ;
#846 = SURFACE_STYLE_FILL_AREA ( #6548 ) ;
#847 = EDGE_CURVE ( 'NONE', #5411, #6694, #8559, .T. ) ;
#848 = VERTEX_POINT ( 'NONE', #4134 ) ;
#849 = CARTESIAN_POINT ( 'NONE',  ( -0.03199999999999999373, 0.05600000000000000810, -0.2795000000000000262 ) ) ;
#850 = DIMENSIONAL_EXPONENTS ( 1.000000000000000000, 0.0000000000000000000, 0.0000000000000000000, 0.0000000000000000000, 0.0000000000000000000, 0.0000000000000000000, 0.0000000000000000000 ) ;
#851 = LINE ( 'NONE', #4163, #8938 ) ;
#852 = ORIENTED_EDGE ( 'NONE', *, *, #8051, .F. ) ;
#853 = DIRECTION ( 'NONE',  ( 0.0000000000000000000, 0.0000000000000000000, 1.000000000000000000 ) ) ;
#854 = PRESENTATION_STYLE_ASSIGNMENT (( #7312 ) ) ;
#855 = CARTESIAN_POINT ( 'NONE',  ( 0.03300000000000011258, -0.05600000000000000810, 0.2505000000000000004 ) ) ;
#856 = PLANE ( 'NONE',  #2702 ) ;
#857 = CARTESIAN_POINT ( 'NONE',  ( -0.2298195728430683094, -0.04593850662677061852, 0.2484999999999999709 ) ) ;
#858 = ORIENTED_EDGE ( 'NONE', *, *, #4432, .T. ) ;
#859 = FACE_OUTER_BOUND ( 'NONE', #9500, .T. ) ;
#860 = STYLED_ITEM ( 'NONE', ( #1216 ), #1232 ) ;
#861 = AXIS2_PLACEMENT_3D ( 'NONE', #9531, #9456, #4858 ) ;
#862 = AXIS2_PLACEMENT_3D ( 'NONE', #9526, #8745, #2381 ) ;
#863 = COLOUR_RGB ( '',0.9294117647058823817, 0.7607843137254901578, 0.4784313725490195734 ) ;
#864 = CARTESIAN_POINT ( 'NONE',  ( -0.2361186659678248534, -0.06448914814649306382, 0.2504999999999999449 ) ) ;
#865 = CARTESIAN_POINT ( 'NONE',  ( -0.2290842123620482895, -0.06129496120716274726, 0.2504999999999999449 ) ) ;
#866 = SURFACE_STYLE_FILL_AREA ( #2919 ) ;
#867 = FILL_AREA_STYLE ('',( #8699 ) ) ;
#868 = FILL_AREA_STYLE ('',( #7039 ) ) ;
#869 = EDGE_LOOP ( 'NONE', ( #3698, #7075, #7060, #1682 ) ) ;
#870 = FILL_AREA_STYLE ('',( #8639 ) ) ;
#871 = DIRECTION ( 'NONE',  ( 0.0000000000000000000, 0.0000000000000000000, -1.000000000000000000 ) ) ;
#872 = CARTESIAN_POINT ( 'NONE',  ( -0.1655000000000000082, -0.05600000000000000810, 0.2505000000000000004 ) ) ;
#873 = LENGTH_MEASURE_WITH_UNIT ( LENGTH_MEASURE( 0.02539999999999999897 ), #548 );
#874 =( LENGTH_UNIT ( ) NAMED_UNIT ( * ) SI_UNIT ( $, .METRE. ) );
#875 = CARTESIAN_POINT ( 'NONE',  ( -0.2192204926343965798, -0.05561967465351741469, 0.2505000000000001115 ) ) ;
#876 = SURFACE_SIDE_STYLE ('',( #685 ) ) ;
#877 = COLOUR_RGB ( '',0.0000000000000000000, 0.5019607843137254832, 1.000000000000000000 ) ;
#878 = AXIS2_PLACEMENT_3D ( 'NONE', #9986, #5267, #2943 ) ;
#879 = ORIENTED_EDGE ( 'NONE', *, *, #5500, .F. ) ;
#880 = AXIS2_PLACEMENT_3D ( 'NONE', #9631, #4954, #1829 ) ;
#881 = DIRECTION ( 'NONE',  ( -0.0000000000000000000, -0.0000000000000000000, -1.000000000000000000 ) ) ;
#882 =( GEOMETRIC_REPRESENTATION_CONTEXT ( 3 ) GLOBAL_UNCERTAINTY_ASSIGNED_CONTEXT ( ( #2615 ) ) GLOBAL_UNIT_ASSIGNED_CONTEXT ( ( #2010, #4405, #3581 ) ) REPRESENTATION_CONTEXT ( 'NONE', 'WORKASPACE' ) );
#883 = ORIENTED_EDGE ( 'NONE', *, *, #9154, .F. ) ;
#884 = DIRECTION ( 'NONE',  ( -0.0000000000000000000, -0.0000000000000000000, -1.000000000000000000 ) ) ;
#885 = UNCERTAINTY_MEASURE_WITH_UNIT (LENGTH_MEASURE( 1.000000000000000082E-05 ), #3201, 'distance_accuracy_value', 'NONE');
#886 = FACE_OUTER_BOUND ( 'NONE', #7430, .T. ) ;
#887 = FILL_AREA_STYLE_COLOUR ( '', #4490 ) ;
#888 = CARTESIAN_POINT ( 'NONE',  ( -0.2500000000000000000, 0.05600000000000000810, -0.3395000000000000240 ) ) ;
#889 =( NAMED_UNIT ( * ) SI_UNIT ( $, .STERADIAN. ) SOLID_ANGLE_UNIT ( ) );
#890 = EDGE_LOOP ( 'NONE', ( #8492, #7072, #8752, #5183 ) ) ;
#891 = CARTESIAN_POINT ( 'NONE',  ( -0.2246072802615997621, -0.05179503038194442632, 0.2505000000000000560 ) ) ;
#892 =( CONVERSION_BASED_UNIT ( 'INCH', #4396 ) LENGTH_UNIT ( ) NAMED_UNIT ( #8217 ) );
#893 = DIRECTION ( 'NONE',  ( 0.0000000000000000000, 0.0000000000000000000, -1.000000000000000000 ) ) ;
#894 = AXIS2_PLACEMENT_3D ( 'NONE', #9648, #5728, #1105 ) ;
#895 = EDGE_CURVE ( 'NONE', #9770, #2908, #6010, .T. ) ;
#896 = FILL_AREA_STYLE_COLOUR ( '', #2961 ) ;
#897 = LINE ( 'NONE', #1119, #664 ) ;
#898 = CYLINDRICAL_SURFACE ( 'NONE', #8272, 0.01999999999999995878 ) ;
#899 = CARTESIAN_POINT ( 'NONE',  ( -0.2149678480739825870, -0.08114939004290298852, 0.2484999999999998876 ) ) ;
#900 = CARTESIAN_POINT ( 'NONE',  ( -0.2259932609313351215, -0.07096953565467553626, 0.2505000000000000560 ) ) ;
#901 = CARTESIAN_POINT ( 'NONE',  ( -0.2374654020846416469, -0.05822004021538626506, 0.2484999999999999987 ) ) ;
#902 =( NAMED_UNIT ( * ) SI_UNIT ( $, .STERADIAN. ) SOLID_ANGLE_UNIT ( ) );
#903 = CARTESIAN_POINT ( 'NONE',  ( -0.2169210280471481067, -0.04769107000133833429, 0.2505000000000000560 ) ) ;
#904 = COLOUR_RGB ( '',0.9294117647058823817, 0.7607843137254901578, 0.4784313725490195734 ) ;
#905 = FACE_OUTER_BOUND ( 'NONE', #10106, .T. ) ;
#906 = DIMENSIONAL_EXPONENTS ( 1.000000000000000000, 0.0000000000000000000, 0.0000000000000000000, 0.0000000000000000000, 0.0000000000000000000, 0.0000000000000000000, 0.0000000000000000000 ) ;
#907 = ORIENTED_EDGE ( 'NONE', *, *, #7913, .T. ) ;
#909 = LINE ( 'NONE', #1147, #2504 ) ;
#908 = AXIS2_PLACEMENT_3D ( 'NONE', #7500, #9000, #9063 ) ;
#910 = LINE ( 'NONE', #2132, #1636 ) ;
#911 = EDGE_CURVE ( 'NONE', #1054, #9833, #4413, .T. ) ;
#912 = EDGE_CURVE ( 'NONE', #1517, #172, #9897, .T. ) ;
#913 = CARTESIAN_POINT ( 'NONE',  ( 0.5449999999999999289, 0.2355000000000000426, -0.01949999999999999997 ) ) ;
#914 = FILL_AREA_STYLE_COLOUR ( '', #8888 ) ;
#915 = CARTESIAN_POINT ( 'NONE',  ( -0.08649999999999996581, -0.05600000000000000810, -0.3395000000000000240 ) ) ;
#916 = CARTESIAN_POINT ( 'NONE',  ( -0.2110444241623313788, -0.06274573964619120647, 0.2484999999999999987 ) ) ;
#917 = FILL_AREA_STYLE_COLOUR ( '', #5107 ) ;
#918 = CARTESIAN_POINT ( 'NONE',  ( -0.3396961550602440316, 0.08160814578664551955, -0.1494999999999999940 ) ) ;
#919 = PLANE ( 'NONE',  #9 ) ;
#920 = EDGE_LOOP ( 'NONE', ( #5720, #9399, #3751, #7467 ) ) ;
#921 = FACE_OUTER_BOUND ( 'NONE', #5100, .T. ) ;
#922 = SURFACE_STYLE_FILL_AREA ( #6568 ) ;
#923 = VERTEX_POINT ( 'NONE', #2473 ) ;
#924 = ORIENTED_EDGE ( 'NONE', *, *, #2361, .F. ) ;
#925 = CARTESIAN_POINT ( 'NONE',  ( -0.1655000000000000082, -0.05600000000000000810, 0.01949999999999999997 ) ) ;
#926 =( NAMED_UNIT ( * ) PLANE_ANGLE_UNIT ( ) SI_UNIT ( $, .RADIAN. ) );
#927 = AXIS2_PLACEMENT_3D ( 'NONE', #8211, #5854, #1123 ) ;
#928 = VECTOR ( 'NONE', #4028, 39.37007874015748143 ) ;
#929 = FILL_AREA_STYLE ('',( #9364 ) ) ;
#930 = CARTESIAN_POINT ( 'NONE',  ( -0.2892357091213815234, -0.08939185421335457682, -0.2195000000000000839 ) ) ;
#931 = COLOUR_RGB ( '',1.000000000000000000, 1.000000000000000000, 0.0000000000000000000 ) ;
#932 = EDGE_LOOP ( 'NONE', ( #387, #2738, #6981, #5999 ) ) ;
#933 = EDGE_LOOP ( 'NONE', ( #633, #3400, #5083, #9172 ) ) ;
#934 = DIRECTION ( 'NONE',  ( 0.0000000000000000000, 0.0000000000000000000, -1.000000000000000000 ) ) ;
#935 = VECTOR ( 'NONE', #5639, 39.37007874015748143 ) ;
#936 = CARTESIAN_POINT ( 'NONE',  ( 0.2393239132943598135, 0.1131111000693389851, 0.2505000000000001115 ) ) ;
#937 = CARTESIAN_POINT ( 'NONE',  ( 0.2609115348192674322, 0.1955000000000001181, -0.1494999999999999940 ) ) ;
#938 = EDGE_LOOP ( 'NONE', ( #2218, #5202, #3214, #8985 ) ) ;
#939 = AXIS2_PLACEMENT_3D ( 'NONE', #194, #6460, #3337 ) ;
#940 = MECHANICAL_DESIGN_GEOMETRIC_PRESENTATION_REPRESENTATION (  '', ( #5873 ), #1451 ) ;
#941 = MECHANICAL_DESIGN_GEOMETRIC_PRESENTATION_REPRESENTATION (  '', ( #2519 ), #8095 ) ;
#942 = DIRECTION ( 'NONE',  ( -1.000000000000000000, 8.113072757777217317E-17, 0.0000000000000000000 ) ) ;
#943 =( CONVERSION_BASED_UNIT ( 'INCH', #6783 ) LENGTH_UNIT ( ) NAMED_UNIT ( #1591 ) );
#944 = CARTESIAN_POINT ( 'NONE',  ( -0.1655000000000000082, -0.05600000000000000810, -0.3395000000000000240 ) ) ;
#945 =( NAMED_UNIT ( * ) PLANE_ANGLE_UNIT ( ) SI_UNIT ( $, .RADIAN. ) );
#946 = CARTESIAN_POINT ( 'NONE',  ( -0.2192204926343965798, -0.05561967465351741469, 0.2485000000000000542 ) ) ;
#947 = ADVANCED_FACE ( 'NONE', ( #1223 ), #7992, .F. ) ;
#948 = ORIENTED_EDGE ( 'NONE', *, *, #5687, .F. ) ;
#949 = SURFACE_STYLE_USAGE ( .BOTH. , #8779 ) ;
#950 =( NAMED_UNIT ( * ) SI_UNIT ( $, .STERADIAN. ) SOLID_ANGLE_UNIT ( ) );
#951 = DIRECTION ( 'NONE',  ( -1.000000000000000000, 0.0000000000000000000, 0.0000000000000000000 ) ) ;
#952 = CIRCLE ( 'NONE', #5673, 0.01949999999999987507 ) ;
#953 =( GEOMETRIC_REPRESENTATION_CONTEXT ( 3 ) GLOBAL_UNCERTAINTY_ASSIGNED_CONTEXT ( ( #5349 ) ) GLOBAL_UNIT_ASSIGNED_CONTEXT ( ( #230, #8737, #6530 ) ) REPRESENTATION_CONTEXT ( 'NONE', 'WORKASPACE' ) );
#954 = EDGE_CURVE ( 'NONE', #8598, #7297, #729, .T. ) ;
#955 =( CONVERSION_BASED_UNIT ( 'INCH', #2333 ) LENGTH_UNIT ( ) NAMED_UNIT ( #5364 ) );
#956 = DIMENSIONAL_EXPONENTS ( 1.000000000000000000, 0.0000000000000000000, 0.0000000000000000000, 0.0000000000000000000, 0.0000000000000000000, 0.0000000000000000000, 0.0000000000000000000 ) ;
#957 =( NAMED_UNIT ( * ) PLANE_ANGLE_UNIT ( ) SI_UNIT ( $, .RADIAN. ) );
#958 = AXIS2_PLACEMENT_3D ( 'NONE', #6325, #2444, #1615 ) ;
#959 = DIRECTION ( 'NONE',  ( -0.0000000000000000000, 0.0000000000000000000, -1.000000000000000000 ) ) ;
#960 = ORIENTED_EDGE ( 'NONE', *, *, #8575, .T. ) ;
#961 = UNCERTAINTY_MEASURE_WITH_UNIT (LENGTH_MEASURE( 1.000000000000000082E-05 ), #7583, 'distance_accuracy_value', 'NONE');
#962 = DIMENSIONAL_EXPONENTS ( 1.000000000000000000, 0.0000000000000000000, 0.0000000000000000000, 0.0000000000000000000, 0.0000000000000000000, 0.0000000000000000000, 0.0000000000000000000 ) ;
#963 =( LENGTH_UNIT ( ) NAMED_UNIT ( * ) SI_UNIT ( $, .METRE. ) );
#964 = SURFACE_SIDE_STYLE ('',( #8110 ) ) ;
#965 = LINE ( 'NONE', #9971, #2188 ) ;
#966 = DIMENSIONAL_EXPONENTS ( 1.000000000000000000, 0.0000000000000000000, 0.0000000000000000000, 0.0000000000000000000, 0.0000000000000000000, 0.0000000000000000000, 0.0000000000000000000 ) ;
#967 = ORIENTED_EDGE ( 'NONE', *, *, #3016, .T. ) ;
#968 = DIRECTION ( 'NONE',  ( -1.000000000000000000, 0.0000000000000000000, 0.0000000000000000000 ) ) ;
#969 = CARTESIAN_POINT ( 'NONE',  ( -0.02199999999999996403, 0.05600000000000000810, -0.2795000000000000262 ) ) ;
#970 = COLOUR_RGB ( '',0.9294117647058823817, 0.7607843137254901578, 0.4784313725490195734 ) ;
#971 = ORIENTED_EDGE ( 'NONE', *, *, #1112, .T. ) ;
#972 = ORIENTED_EDGE ( 'NONE', *, *, #2153, .F. ) ;
#973 = AXIS2_PLACEMENT_3D ( 'NONE', #9788, #3540, #5084 ) ;
#974 = EDGE_CURVE ( 'NONE', #2489, #3216, #4543, .T. ) ;
#975 = STYLED_ITEM ( 'NONE', ( #148 ), #3198 ) ;
#976 = CARTESIAN_POINT ( 'NONE',  ( -0.2253688829404693061, -0.08601853799412391421, 0.2484999999999999987 ) ) ;
#977 = DIRECTION ( 'NONE',  ( -1.000000000000000000, 0.0000000000000000000, 0.0000000000000000000 ) ) ;
#978 = CARTESIAN_POINT ( 'NONE',  ( -0.2215127359930952056, -0.07015198774650804880, 0.2484999999999999709 ) ) ;
#979 = FILL_AREA_STYLE ('',( #4946 ) ) ;
#980 = VECTOR ( 'NONE', #5857, 39.37007874015748143 ) ;
#981 = DIRECTION ( 'NONE',  ( -1.000000000000000000, 0.0000000000000000000, 0.0000000000000000000 ) ) ;
#982 = PLANE ( 'NONE',  #3837 ) ;
#983 = CARTESIAN_POINT ( 'NONE',  ( -0.2362123303750303382, -0.07672249570592611090, 0.2505000000000000560 ) ) ;
#984 = UNCERTAINTY_MEASURE_WITH_UNIT (LENGTH_MEASURE( 1.000000000000000082E-05 ), #1191, 'distance_accuracy_value', 'NONE');
#985 = CARTESIAN_POINT ( 'NONE',  ( -0.05650000000000001549, -0.05600000000000000810, -0.4243528137423855373 ) ) ;
#986 =( GEOMETRIC_REPRESENTATION_CONTEXT ( 3 ) GLOBAL_UNCERTAINTY_ASSIGNED_CONTEXT ( ( #3905 ) ) GLOBAL_UNIT_ASSIGNED_CONTEXT ( ( #1133, #7442, #1950 ) ) REPRESENTATION_CONTEXT ( 'NONE', 'WORKASPACE' ) );
#987 = EDGE_CURVE ( 'NONE', #9402, #5401, #4767, .T. ) ;
#988 = PRESENTATION_LAYER_ASSIGNMENT (  '', '', ( #9568 ) ) ;
#989 = DIRECTION ( 'NONE',  ( -1.000000000000000000, 0.0000000000000000000, 0.0000000000000000000 ) ) ;
#990 = VECTOR ( 'NONE', #6264, 39.37007874015748143 ) ;
#991 = PRESENTATION_STYLE_ASSIGNMENT (( #2056 ) ) ;
#992 = CARTESIAN_POINT ( 'NONE',  ( -0.2296821113043404916, -0.05762036874551771520, 0.2485000000000000264 ) ) ;
#993 = VERTEX_POINT ( 'NONE', #8875 ) ;
#994 = CARTESIAN_POINT ( 'NONE',  ( 0.2159999999999999976, 0.05600000000000000810, -0.2195000000000000007 ) ) ;
#995 = DIRECTION ( 'NONE',  ( -0.0000000000000000000, -0.0000000000000000000, -1.000000000000000000 ) ) ;
#996 = FACE_OUTER_BOUND ( 'NONE', #3019, .T. ) ;
#997 = DIRECTION ( 'NONE',  ( 1.000000000000000000, 0.0000000000000000000, 0.0000000000000000000 ) ) ;
#998 = CARTESIAN_POINT ( 'NONE',  ( -0.2187980342961800828, -0.05841449196318274778, 0.2484999999999999987 ) ) ;
#999 = LINE ( 'NONE', #1920, #2221 ) ;
#1000 = ADVANCED_FACE ( 'NONE', ( #6752 ), #7316, .F. ) ;
#1001 = VERTEX_POINT ( 'NONE', #1924 ) ;
#1002 = AXIS2_PLACEMENT_3D ( 'NONE', #2681, #8224, #8118 ) ;
#1003 = ORIENTED_EDGE ( 'NONE', *, *, #8061, .F. ) ;
#1004 = PRESENTATION_LAYER_ASSIGNMENT (  '', '', ( #542 ) ) ;
#1005 = SURFACE_SIDE_STYLE ('',( #3189 ) ) ;
#1006 = DIRECTION ( 'NONE',  ( -1.000000000000000000, 0.0000000000000000000, 0.0000000000000000000 ) ) ;
#1007 =( LENGTH_UNIT ( ) NAMED_UNIT ( * ) SI_UNIT ( $, .METRE. ) );
#1008 = COLOUR_RGB ( '',0.9294117647058823817, 0.7607843137254901578, 0.4784313725490195734 ) ;
#1009 = ORIENTED_EDGE ( 'NONE', *, *, #3854, .F. ) ;
#1010 = DIMENSIONAL_EXPONENTS ( 1.000000000000000000, 0.0000000000000000000, 0.0000000000000000000, 0.0000000000000000000, 0.0000000000000000000, 0.0000000000000000000, 0.0000000000000000000 ) ;
#1011 = ORIENTED_EDGE ( 'NONE', *, *, #7294, .F. ) ;
#1012 = CARTESIAN_POINT ( 'NONE',  ( 0.2360542715973121541, 0.1111759309221211217, 0.2505000000000000560 ) ) ;
#1013 = CARTESIAN_POINT ( 'NONE',  ( -0.2115415097261126864, -0.07262325343245461251, 0.2504999999999999449 ) ) ;
#1014 = DIMENSIONAL_EXPONENTS ( 1.000000000000000000, 0.0000000000000000000, 0.0000000000000000000, 0.0000000000000000000, 0.0000000000000000000, 0.0000000000000000000, 0.0000000000000000000 ) ;
#1015 = COLOUR_RGB ( '',0.9294117647058823817, 0.7607843137254901578, 0.4784313725490195734 ) ;
#1016 = CARTESIAN_POINT ( 'NONE',  ( -0.3809115348192674833, 0.09550000000000004319, -0.1494999999999999940 ) ) ;
#1017 = AXIS2_PLACEMENT_3D ( 'NONE', #9634, #3452, #4246 ) ;
#1018 = EDGE_CURVE ( 'NONE', #8740, #8153, #2578, .T. ) ;
#1019 = VECTOR ( 'NONE', #4933, 39.37007874015748143 ) ;
#1020 = ORIENTED_EDGE ( 'NONE', *, *, #7602, .F. ) ;
#1021 = UNCERTAINTY_MEASURE_WITH_UNIT (LENGTH_MEASURE( 1.000000000000000082E-05 ), #5791, 'distance_accuracy_value', 'NONE');
#1022 = DIRECTION ( 'NONE',  ( -0.9848077530122080203, -0.1736481776669309418, 0.0000000000000000000 ) ) ;
#1023 = CYLINDRICAL_SURFACE ( 'NONE', #6998, 0.01949999999999988895 ) ;
#1024 = STYLED_ITEM ( 'NONE', ( #1903 ), #2319 ) ;
#1026 = VERTEX_POINT ( 'NONE', #394 ) ;
#1025 = VECTOR ( 'NONE', #9336, 39.37007874015748143 ) ;
#1027 = DIRECTION ( 'NONE',  ( 0.0000000000000000000, 0.0000000000000000000, 1.000000000000000000 ) ) ;
#1028 =( LENGTH_UNIT ( ) NAMED_UNIT ( * ) SI_UNIT ( $, .METRE. ) );
#1029 = CARTESIAN_POINT ( 'NONE',  ( -0.2281428325564714144, -0.05309663698900715656, 0.2505000000000000560 ) ) ;
#1030 = FACE_OUTER_BOUND ( 'NONE', #4013, .T. ) ;
#1031 = CARTESIAN_POINT ( 'NONE',  ( 0.5449999999999999289, 0.2470000000000000806, 0.01949999999999999997 ) ) ;
#1032 = ORIENTED_EDGE ( 'NONE', *, *, #10049, .F. ) ;
#1033 =( CONVERSION_BASED_UNIT ( 'INCH', #3776 ) LENGTH_UNIT ( ) NAMED_UNIT ( #3645 ) );
#1034 = VECTOR ( 'NONE', #1273, 39.37007874015748143 ) ;
#1035 = CARTESIAN_POINT ( 'NONE',  ( 0.2458437804511574010, 0.1209459635416667289, 0.2484999999999999987 ) ) ;
#1036 = VERTEX_POINT ( 'NONE', #8907 ) ;
#1037 = AXIS2_PLACEMENT_3D ( 'NONE', #2575, #1705, #5760 ) ;
#1038 = EDGE_CURVE ( 'NONE', #6065, #2917, #3683, .T. ) ;
#1039 = DIRECTION ( 'NONE',  ( -0.0000000000000000000, -0.0000000000000000000, 1.000000000000000000 ) ) ;
#1040 = FACE_OUTER_BOUND ( 'NONE', #2859, .T. ) ;
#1041 = ADVANCED_FACE ( 'NONE', ( #608 ), #7457, .F. ) ;
#1042 = ORIENTED_EDGE ( 'NONE', *, *, #6166, .T. ) ;
#1043 = ORIENTED_EDGE ( 'NONE', *, *, #1305, .T. ) ;
#1044 = SURFACE_SIDE_STYLE ('',( #8721 ) ) ;
#1045 =( CONVERSION_BASED_UNIT ( 'INCH', #190 ) LENGTH_UNIT ( ) NAMED_UNIT ( #6674 ) );
#1046 = CARTESIAN_POINT ( 'NONE',  ( 0.03249999999999990397, -0.05600000000000000810, -0.2795000000000000262 ) ) ;
#1047 = CARTESIAN_POINT ( 'NONE',  ( -0.2247693233847634919, -0.04505403645833331444, 0.2505000000000000004 ) ) ;
#1048 = FACE_OUTER_BOUND ( 'NONE', #2020, .T. ) ;
#1049 = AXIS2_PLACEMENT_3D ( 'NONE', #393, #3512, #9724 ) ;
#1050 = VECTOR ( 'NONE', #3522, 39.37007874015748143 ) ;
#1051 = EDGE_CURVE ( 'NONE', #6510, #246, #851, .T. ) ;
#1052 = EDGE_CURVE ( 'NONE', #9692, #2816, #8082, .T. ) ;
#1053 = DIRECTION ( 'NONE',  ( 0.0000000000000000000, -1.000000000000000000, 0.0000000000000000000 ) ) ;
#1054 = VERTEX_POINT ( 'NONE', #6598 ) ;
#1055 = CARTESIAN_POINT ( 'NONE',  ( 0.3593923101204883341, 0.07813518223330681578, -0.1494999999999999940 ) ) ;
#1056 = DIRECTION ( 'NONE',  ( -1.000000000000000000, 0.0000000000000000000, 0.0000000000000000000 ) ) ;
#1057 = ORIENTED_EDGE ( 'NONE', *, *, #6701, .T. ) ;
#1058 =( CONVERSION_BASED_UNIT ( 'INCH', #1409 ) LENGTH_UNIT ( ) NAMED_UNIT ( #9983 ) );
#1059 = CARTESIAN_POINT ( 'NONE',  ( 0.2104510888804048685, -0.1554999999999999993, 0.2515000000000000013 ) ) ;
#1060 = DIRECTION ( 'NONE',  ( -0.0000000000000000000, 0.0000000000000000000, -1.000000000000000000 ) ) ;
#1061 = CARTESIAN_POINT ( 'NONE',  ( 0.3200000000000000067, 0.08508110933998415393, -0.1494999999999999940 ) ) ;
#1062 = ORIENTED_EDGE ( 'NONE', *, *, #3584, .F. ) ;
#1063 = CARTESIAN_POINT ( 'NONE',  ( 0.2609115348192674322, 0.2155000000000000526, -0.03950000000000003508 ) ) ;
#1064 = CARTESIAN_POINT ( 'NONE',  ( 0.2344521488927472919, 0.1105752036591881177, 0.2484999999999999987 ) ) ;
#1065 = STYLED_ITEM ( 'NONE', ( #2325 ), #1041 ) ;
#1066 = CARTESIAN_POINT ( 'NONE',  ( -0.2363550560093556352, -0.07589456158051277601, 0.2505000000000000004 ) ) ;
#1067 = SURFACE_STYLE_FILL_AREA ( #3928 ) ;
#1068 = SURFACE_STYLE_USAGE ( .BOTH. , #8821 ) ;
#1069 = SURFACE_STYLE_USAGE ( .BOTH. , #7196 ) ;
#1070 =( GEOMETRIC_REPRESENTATION_CONTEXT ( 3 ) GLOBAL_UNCERTAINTY_ASSIGNED_CONTEXT ( ( #2458 ) ) GLOBAL_UNIT_ASSIGNED_CONTEXT ( ( #6366, #6303, #9387 ) ) REPRESENTATION_CONTEXT ( 'NONE', 'WORKASPACE' ) );
#1071 = CARTESIAN_POINT ( 'NONE',  ( 0.2104510888804048685, -0.1755000000000000171, 0.03950000000000000039 ) ) ;
#1072 = PRESENTATION_LAYER_ASSIGNMENT (  '', '', ( #3507 ) ) ;
#1073 = FACE_BOUND ( 'NONE', #5507, .T. ) ;
#1074 = ORIENTED_EDGE ( 'NONE', *, *, #524, .F. ) ;
#1075 = DIRECTION ( 'NONE',  ( 0.1736481776669316079, 0.9848077530122077983, -0.0000000000000000000 ) ) ;
#1076 = DIRECTION ( 'NONE',  ( -1.000000000000000000, 0.0000000000000000000, 0.0000000000000000000 ) ) ;
#1077 = CARTESIAN_POINT ( 'NONE',  ( -0.2199779669801139592, -0.06238286413640889427, 0.2505000000000000560 ) ) ;
#1078 = VERTEX_POINT ( 'NONE', #1046 ) ;
#1079 = PLANE ( 'NONE',  #5334 ) ;
#1080 = CARTESIAN_POINT ( 'NONE',  ( 0.2457275307252011487, 0.1206358424745328367, 0.2505000000000000004 ) ) ;
#1081 = FILL_AREA_STYLE_COLOUR ( '', #9953 ) ;
#1082 = CARTESIAN_POINT ( 'NONE',  ( -0.2184310987881229182, -0.06788561209914570349, 0.2484999999999999987 ) ) ;
#1083 = DIRECTION ( 'NONE',  ( -0.9848077530122077983, -0.1736481776669317745, 0.0000000000000000000 ) ) ;
#1084 = ORIENTED_EDGE ( 'NONE', *, *, #3676, .F. ) ;
#1085 =( GEOMETRIC_REPRESENTATION_CONTEXT ( 3 ) GLOBAL_UNCERTAINTY_ASSIGNED_CONTEXT ( ( #7669 ) ) GLOBAL_UNIT_ASSIGNED_CONTEXT ( ( #3037, #1347, #8367 ) ) REPRESENTATION_CONTEXT ( 'NONE', 'WORKASPACE' ) );
#1086 = MECHANICAL_DESIGN_GEOMETRIC_PRESENTATION_REPRESENTATION (  '', ( #6332 ), #9452 ) ;
#1087 = EDGE_LOOP ( 'NONE', ( #4546, #128, #6573, #4974 ) ) ;
#1088 =( GEOMETRIC_REPRESENTATION_CONTEXT ( 3 ) GLOBAL_UNCERTAINTY_ASSIGNED_CONTEXT ( ( #8065 ) ) GLOBAL_UNIT_ASSIGNED_CONTEXT ( ( #369, #8988, #5060 ) ) REPRESENTATION_CONTEXT ( 'NONE', 'WORKASPACE' ) );
#1089 = CARTESIAN_POINT ( 'NONE',  ( 0.2445464361460443492, 0.1182622665438445575, 0.2504999999999999449 ) ) ;
#1090 = VERTEX_POINT ( 'NONE', #9622 ) ;
#1091 = SURFACE_STYLE_USAGE ( .BOTH. , #6779 ) ;
#1092 = ORIENTED_EDGE ( 'NONE', *, *, #3600, .T. ) ;
#1093 =( NAMED_UNIT ( * ) SI_UNIT ( $, .STERADIAN. ) SOLID_ANGLE_UNIT ( ) );
#1094 = VERTEX_POINT ( 'NONE', #8165 ) ;
#1095 =( CONVERSION_BASED_UNIT ( 'INCH', #5146 ) LENGTH_UNIT ( ) NAMED_UNIT ( #8352 ) );
#1096 = VECTOR ( 'NONE', #10068, 39.37007874015748143 ) ;
#1097 = AXIS2_PLACEMENT_3D ( 'NONE', #3516, #5127, #3548 ) ;
#1098 = ORIENTED_EDGE ( 'NONE', *, *, #4177, .T. ) ;
#1099 = EDGE_CURVE ( 'NONE', #2567, #4725, #5637, .T. ) ;
#1100 = CARTESIAN_POINT ( 'NONE',  ( -0.2249575488660731648, -0.05181091230876645748, 0.2505000000000000560 ) ) ;
#1101 = PRESENTATION_STYLE_ASSIGNMENT (( #9192 ) ) ;
#1102 = CARTESIAN_POINT ( 'NONE',  ( -0.1855000000000001092, -0.05600000000000000810, -0.2195000000000000007 ) ) ;
#1103 = CARTESIAN_POINT ( 'NONE',  ( -0.6049999999999999822, 0.1870000000000001106, 0.01949999999999999997 ) ) ;
#1104 = CARTESIAN_POINT ( 'NONE',  ( -0.2220845370925712547, -0.07871074722484991404, 0.2504999999999999449 ) ) ;
#1105 = DIRECTION ( 'NONE',  ( 0.0000000000000000000, 0.0000000000000000000, 1.000000000000000000 ) ) ;
#1106 = CYLINDRICAL_SURFACE ( 'NONE', #8339, 0.02999999999999997113 ) ;
#1107 = DIRECTION ( 'NONE',  ( 0.0000000000000000000, -1.000000000000000000, 0.0000000000000000000 ) ) ;
#1108 = CARTESIAN_POINT ( 'NONE',  ( -0.2279327765287803842, -0.07078354957389512703, 0.2505000000000000560 ) ) ;
#1109 = UNCERTAINTY_MEASURE_WITH_UNIT (LENGTH_MEASURE( 1.000000000000000082E-05 ), #9312, 'distance_accuracy_value', 'NONE');
#1110 = VERTEX_POINT ( 'NONE', #2793 ) ;
#1111 = STYLED_ITEM ( 'NONE', ( #9136 ), #7303 ) ;
#1112 = EDGE_CURVE ( 'NONE', #2143, #5319, #9545, .T. ) ;
#1113 = DIRECTION ( 'NONE',  ( -0.0000000000000000000, -0.0000000000000000000, -1.000000000000000000 ) ) ;
#1114 = ORIENTED_EDGE ( 'NONE', *, *, #5473, .F. ) ;
#1115 = DIRECTION ( 'NONE',  ( -0.0000000000000000000, -0.0000000000000000000, -1.000000000000000000 ) ) ;
#1116 = SURFACE_STYLE_FILL_AREA ( #3153 ) ;
#1117 = DIRECTION ( 'NONE',  ( 0.0000000000000000000, -1.000000000000000000, 0.0000000000000000000 ) ) ;
#1118 = DIMENSIONAL_EXPONENTS ( 1.000000000000000000, 0.0000000000000000000, 0.0000000000000000000, 0.0000000000000000000, 0.0000000000000000000, 0.0000000000000000000, 0.0000000000000000000 ) ;
#1119 = CARTESIAN_POINT ( 'NONE',  ( 0.03250000000000002887, -0.05599999999999999423, -0.2795000000000000262 ) ) ;
#1120 = SURFACE_SIDE_STYLE ('',( #10073 ) ) ;
#1121 = LENGTH_MEASURE_WITH_UNIT ( LENGTH_MEASURE( 0.02539999999999999897 ), #3700 );
#1122 = DIRECTION ( 'NONE',  ( 1.000000000000000000, 0.0000000000000000000, 0.0000000000000000000 ) ) ;
#1123 = DIRECTION ( 'NONE',  ( -1.000000000000000000, 0.0000000000000000000, 0.0000000000000000000 ) ) ;
#1124 = AXIS2_PLACEMENT_3D ( 'NONE', #6552, #4186, #9609 ) ;
#1125 = ORIENTED_EDGE ( 'NONE', *, *, #8060, .T. ) ;
#1126 =( GEOMETRIC_REPRESENTATION_CONTEXT ( 3 ) GLOBAL_UNCERTAINTY_ASSIGNED_CONTEXT ( ( #546 ) ) GLOBAL_UNIT_ASSIGNED_CONTEXT ( ( #3948, #9407, #5510 ) ) REPRESENTATION_CONTEXT ( 'NONE', 'WORKASPACE' ) );
#1127 = DIRECTION ( 'NONE',  ( -0.0000000000000000000, -0.0000000000000000000, 1.000000000000000000 ) ) ;
#1128 = COLOUR_RGB ( '',0.0000000000000000000, 0.5019607843137254832, 1.000000000000000000 ) ;
#1129 = CARTESIAN_POINT ( 'NONE',  ( -0.1849999999999999145, -0.05600000000000000810, -0.03565432893255038316 ) ) ;
#1130 = CARTESIAN_POINT ( 'NONE',  ( -0.2312778343524614921, -0.08454970129450736782, 0.2505000000000000560 ) ) ;
#1132 = ORIENTED_EDGE ( 'NONE', *, *, #6215, .F. ) ;
#1131 = COLOUR_RGB ( '',0.9294117647058823817, 0.7607843137254901578, 0.4784313725490195734 ) ;
#1133 =( CONVERSION_BASED_UNIT ( 'INCH', #8974 ) LENGTH_UNIT ( ) NAMED_UNIT ( #9627 ) );
#1134 = CARTESIAN_POINT ( 'NONE',  ( -0.002000000000000006113, 0.05600000000000000810, 0.01949999999999999997 ) ) ;
#1135 = DIRECTION ( 'NONE',  ( -0.0000000000000000000, -0.0000000000000000000, 1.000000000000000000 ) ) ;
#1136 = VERTEX_POINT ( 'NONE', #6839 ) ;
#1137 = FILL_AREA_STYLE_COLOUR ( '', #9913 ) ;
#1138 = FACE_OUTER_BOUND ( 'NONE', #7236, .T. ) ;
#1139 = AXIS2_PLACEMENT_3D ( 'NONE', #9073, #455, #9856 ) ;
#1140 = ORIENTED_EDGE ( 'NONE', *, *, #56, .T. ) ;
#1141 = ORIENTED_EDGE ( 'NONE', *, *, #7547, .T. ) ;
#1142 = STYLED_ITEM ( 'NONE', ( #3549 ), #9497 ) ;
#1143 = AXIS2_PLACEMENT_3D ( 'NONE', #6724, #7629, #2114 ) ;
#1144 = DIRECTION ( 'NONE',  ( 0.1736481776669317745, 0.9848077530122077983, 0.0000000000000000000 ) ) ;
#1145 = CARTESIAN_POINT ( 'NONE',  ( -0.05650000000000001549, -0.05600000000000000810, -0.03565432893255038316 ) ) ;
#1146 = DIRECTION ( 'NONE',  ( 0.0000000000000000000, 0.0000000000000000000, -1.000000000000000000 ) ) ;
#1147 = CARTESIAN_POINT ( 'NONE',  ( -0.2399999999999999634, 0.05600000000000000810, -0.2795000000000000262 ) ) ;
#1148 = PRESENTATION_STYLE_ASSIGNMENT (( #166 ) ) ;
#1149 = PRESENTATION_STYLE_ASSIGNMENT (( #1772 ) ) ;
#1150 = UNCERTAINTY_MEASURE_WITH_UNIT (LENGTH_MEASURE( 1.000000000000000082E-05 ), #9867, 'distance_accuracy_value', 'NONE');
#1151 = TOROIDAL_SURFACE ( 'NONE', #5762, 0.1600000000000000033, 0.02000000000000000042 ) ;
#1152 = VERTEX_POINT ( 'NONE', #2127 ) ;
#1153 = CARTESIAN_POINT ( 'NONE',  ( 0.2458437804511574010, 0.1209459635416667289, 0.2505000000000000004 ) ) ;
#1154 = CARTESIAN_POINT ( 'NONE',  ( -0.2000000000000000389, 0.05599999999999999423, -0.2795000000000000262 ) ) ;
#1155 = MECHANICAL_DESIGN_GEOMETRIC_PRESENTATION_REPRESENTATION (  '', ( #7325 ), #9078 ) ;
#1156 = CARTESIAN_POINT ( 'NONE',  ( -0.4919999999999999929, 0.0000000000000000000, -0.01949999999999999997 ) ) ;
#1157 = AXIS2_PLACEMENT_3D ( 'NONE', #2385, #7871, #8649 ) ;
#1158 = COLOUR_RGB ( '',0.0000000000000000000, 0.5019607843137254832, 1.000000000000000000 ) ;
#1159 = CARTESIAN_POINT ( 'NONE',  ( -0.2200000000000000011, 0.05600000000000000810, 0.2505000000000000004 ) ) ;
#1160 = EDGE_LOOP ( 'NONE', ( #1161, #3801, #6592, #7041 ) ) ;
#1161 = ORIENTED_EDGE ( 'NONE', *, *, #2566, .F. ) ;
#1162 = FILL_AREA_STYLE_COLOUR ( '', #8681 ) ;
#1163 = DIRECTION ( 'NONE',  ( -1.000000000000000000, 0.0000000000000000000, 0.0000000000000000000 ) ) ;
#1164 = SURFACE_SIDE_STYLE ('',( #8193 ) ) ;
#1165 = SURFACE_SIDE_STYLE ('',( #6541 ) ) ;
#1166 = CARTESIAN_POINT ( 'NONE',  ( -0.2609115348192674322, 0.09550000000000004319, -0.9827025327494508522 ) ) ;
#1167 = CARTESIAN_POINT ( 'NONE',  ( -0.05650000000000001549, -0.05600000000000000810, -0.3395000000000000240 ) ) ;
#1168 = ORIENTED_EDGE ( 'NONE', *, *, #8009, .F. ) ;
#1169 = PRESENTATION_LAYER_ASSIGNMENT (  '', '', ( #3067 ) ) ;
#1170 = EDGE_CURVE ( 'NONE', #3788, #275, #4161, .T. ) ;
#1171 = EDGE_LOOP ( 'NONE', ( #3359, #5485, #9039, #8155, #971, #2775 ) ) ;
#1172 = CARTESIAN_POINT ( 'NONE',  ( -0.2330770899485646863, -0.06827050398067729953, 0.2505000000000000560 ) ) ;
#1173 = LINE ( 'NONE', #3553, #8388 ) ;
#1174 = LINE ( 'NONE', #7178, #677 ) ;
#1175 = FILL_AREA_STYLE ('',( #9042 ) ) ;
#1176 = LINE ( 'NONE', #6434, #7665 ) ;
#1177 = DIRECTION ( 'NONE',  ( 0.0000000000000000000, 0.0000000000000000000, 1.000000000000000000 ) ) ;
#1178 = DIRECTION ( 'NONE',  ( -1.000000000000000000, 0.0000000000000000000, 0.0000000000000000000 ) ) ;
#1179 = EDGE_LOOP ( 'NONE', ( #681, #3259, #2848, #5011 ) ) ;
#1180 = CARTESIAN_POINT ( 'NONE',  ( -0.2255957433128985279, -0.07098093616452989807, 0.2484999999999999987 ) ) ;
#1181 = CARTESIAN_POINT ( 'NONE',  ( -0.02650000000000006170, -0.05599999999999999423, -0.3395000000000000240 ) ) ;
#1182 = VERTEX_POINT ( 'NONE', #9045 ) ;
#1183 = VECTOR ( 'NONE', #3830, 39.37007874015748143 ) ;
#1184 =( GEOMETRIC_REPRESENTATION_CONTEXT ( 3 ) GLOBAL_UNCERTAINTY_ASSIGNED_CONTEXT ( ( #885 ) ) GLOBAL_UNIT_ASSIGNED_CONTEXT ( ( #3201, #1539, #9440 ) ) REPRESENTATION_CONTEXT ( 'NONE', 'WORKASPACE' ) );
#1185 = EDGE_CURVE ( 'NONE', #9402, #1182, #3552, .T. ) ;
#1186 = EDGE_CURVE ( 'NONE', #495, #8789, #6742, .T. ) ;
#1187 = COLOUR_RGB ( '',0.9294117647058823817, 0.7607843137254901578, 0.4784313725490195734 ) ;
#1188 = DIRECTION ( 'NONE',  ( -0.0000000000000000000, -0.0000000000000000000, -1.000000000000000000 ) ) ;
#1189 = DIRECTION ( 'NONE',  ( 0.0000000000000000000, 0.0000000000000000000, 1.000000000000000000 ) ) ;
#1190 = VERTEX_POINT ( 'NONE', #1301 ) ;
#1191 =( CONVERSION_BASED_UNIT ( 'INCH', #34 ) LENGTH_UNIT ( ) NAMED_UNIT ( #7771 ) );
#1192 = DIRECTION ( 'NONE',  ( 0.0000000000000000000, 0.0000000000000000000, 1.000000000000000000 ) ) ;
#1193 = PRESENTATION_STYLE_ASSIGNMENT (( #2975 ) ) ;
#1194 = DIRECTION ( 'NONE',  ( -1.000000000000000000, 0.0000000000000000000, 0.0000000000000000000 ) ) ;
#1195 = FACE_OUTER_BOUND ( 'NONE', #7413, .T. ) ;
#1196 =( NAMED_UNIT ( * ) PLANE_ANGLE_UNIT ( ) SI_UNIT ( $, .RADIAN. ) );
#1197 =( GEOMETRIC_REPRESENTATION_CONTEXT ( 3 ) GLOBAL_UNCERTAINTY_ASSIGNED_CONTEXT ( ( #7691 ) ) GLOBAL_UNIT_ASSIGNED_CONTEXT ( ( #9194, #9296, #6179 ) ) REPRESENTATION_CONTEXT ( 'NONE', 'WORKASPACE' ) );
#1198 = DIRECTION ( 'NONE',  ( 0.0000000000000000000, 0.0000000000000000000, -1.000000000000000000 ) ) ;
#1199 =( NAMED_UNIT ( * ) SI_UNIT ( $, .STERADIAN. ) SOLID_ANGLE_UNIT ( ) );
#1200 = DIRECTION ( 'NONE',  ( -0.0000000000000000000, -0.0000000000000000000, 1.000000000000000000 ) ) ;
#1201 = CARTESIAN_POINT ( 'NONE',  ( -0.2284897234807755362, -0.06228955852823411798, 0.2484999999999999987 ) ) ;
#1202 =( GEOMETRIC_REPRESENTATION_CONTEXT ( 3 ) GLOBAL_UNCERTAINTY_ASSIGNED_CONTEXT ( ( #9797 ) ) GLOBAL_UNIT_ASSIGNED_CONTEXT ( ( #1227, #413, #1199 ) ) REPRESENTATION_CONTEXT ( 'NONE', 'WORKASPACE' ) );
#1203 = LENGTH_MEASURE_WITH_UNIT ( LENGTH_MEASURE( 0.02539999999999999897 ), #7007 );
#1204 = ADVANCED_FACE ( 'NONE', ( #1444 ), #8431, .F. ) ;
#1205 = PRESENTATION_STYLE_ASSIGNMENT (( #6614 ) ) ;
#1206 = UNCERTAINTY_MEASURE_WITH_UNIT (LENGTH_MEASURE( 1.000000000000000082E-05 ), #5813, 'distance_accuracy_value', 'NONE');
#1207 = CARTESIAN_POINT ( 'NONE',  ( 0.3089318641816256594, -0.09286481776669328059, 0.01949999999999999997 ) ) ;
#1208 = CYLINDRICAL_SURFACE ( 'NONE', #7049, 0.04000000000000004940 ) ;
#1209 = CARTESIAN_POINT ( 'NONE',  ( 0.3790884651807324701, 0.07466221867996818140, -0.1695000000000000673 ) ) ;
#1210 = DIRECTION ( 'NONE',  ( -1.000000000000000000, 8.537024980200815902E-16, 0.0000000000000000000 ) ) ;
#1211 = ORIENTED_EDGE ( 'NONE', *, *, #6623, .T. ) ;
#1212 = PRESENTATION_LAYER_ASSIGNMENT (  '', '', ( #8173 ) ) ;
#1213 = LENGTH_MEASURE_WITH_UNIT ( LENGTH_MEASURE( 0.02539999999999999897 ), #2298 );
#1214 = AXIS2_PLACEMENT_3D ( 'NONE', #9084, #7492, #9056 ) ;
#1215 = ORIENTED_EDGE ( 'NONE', *, *, #4511, .T. ) ;
#1216 = PRESENTATION_STYLE_ASSIGNMENT (( #2759 ) ) ;
#1217 = CARTESIAN_POINT ( 'NONE',  ( -0.1954999999999999793, -0.05600000000000000810, -0.3395000000000000240 ) ) ;
#1218 = CARTESIAN_POINT ( 'NONE',  ( -0.2311437884785405295, -0.06960581539229010462, 0.2484999999999999987 ) ) ;
#1219 = ORIENTED_EDGE ( 'NONE', *, *, #8311, .F. ) ;
#1220 = AXIS2_PLACEMENT_3D ( 'NONE', #5899, #5830, #7444 ) ;
#1221 = EDGE_CURVE ( 'NONE', #2384, #5858, #8796, .T. ) ;
#1222 = SURFACE_STYLE_USAGE ( .BOTH. , #8333 ) ;
#1223 = FACE_OUTER_BOUND ( 'NONE', #3346, .T. ) ;
#1224 = CARTESIAN_POINT ( 'NONE',  ( -0.07599999999999988709, -0.05600000000000000810, -0.03565432893255038316 ) ) ;
#1225 = CARTESIAN_POINT ( 'NONE',  ( 0.3003038449397558707, 0.08855407289332276055, 0.2514999999999999458 ) ) ;
#1226 = DIRECTION ( 'NONE',  ( 1.000000000000000000, -0.0000000000000000000, -0.0000000000000000000 ) ) ;
#1227 =( CONVERSION_BASED_UNIT ( 'INCH', #9442 ) LENGTH_UNIT ( ) NAMED_UNIT ( #349 ) );
#1228 = CARTESIAN_POINT ( 'NONE',  ( -0.2110199643843211348, -0.06529322254148302307, 0.2505000000000000004 ) ) ;
#1229 = CIRCLE ( 'NONE', #6315, 0.01949999999999988895 ) ;
#1230 = CARTESIAN_POINT ( 'NONE',  ( -0.2355074648966654083, -0.06554734694884682689, 0.2505000000000000004 ) ) ;
#1231 = CYLINDRICAL_SURFACE ( 'NONE', #9343, 0.1199999999999999817 ) ;
#1232 = ADVANCED_FACE ( 'NONE', ( #6124 ), #5978, .T. ) ;
#1233 = EDGE_LOOP ( 'NONE', ( #9741, #7998 ) ) ;
#1234 = STYLED_ITEM ( 'NONE', ( #2271 ), #7710 ) ;
#1235 = CARTESIAN_POINT ( 'NONE',  ( -0.2148457252341929302, -0.04977047798855659122, 0.2485000000000000264 ) ) ;
#1236 = EDGE_CURVE ( 'NONE', #3709, #7986, #1955, .T. ) ;
#1237 = EDGE_CURVE ( 'NONE', #6187, #6221, #9055, .T. ) ;
#1238 = DIRECTION ( 'NONE',  ( -0.0000000000000000000, -0.0000000000000000000, 1.000000000000000000 ) ) ;
#1239 = CARTESIAN_POINT ( 'NONE',  ( -0.2372701218218788988, -0.06091244076415450182, 0.2484999999999999987 ) ) ;
#1240 = CIRCLE ( 'NONE', #4980, 0.02999999999999998848 ) ;
#1241 = FILL_AREA_STYLE ('',( #2093 ) ) ;
#1242 = ORIENTED_EDGE ( 'NONE', *, *, #9826, .F. ) ;
#1243 = ORIENTED_EDGE ( 'NONE', *, *, #3937, .F. ) ;
#1244 =( NAMED_UNIT ( * ) PLANE_ANGLE_UNIT ( ) SI_UNIT ( $, .RADIAN. ) );
#1245 = FACE_OUTER_BOUND ( 'NONE', #6317, .T. ) ;
#1246 =( NAMED_UNIT ( * ) PLANE_ANGLE_UNIT ( ) SI_UNIT ( $, .RADIAN. ) );
#1247 = SURFACE_STYLE_USAGE ( .BOTH. , #9837 ) ;
#1249 = ORIENTED_EDGE ( 'NONE', *, *, #2065, .F. ) ;
#1248 = VECTOR ( 'NONE', #6567, 39.37007874015748143 ) ;
#1250 = ORIENTED_EDGE ( 'NONE', *, *, #1962, .F. ) ;
#1251 = DIRECTION ( 'NONE',  ( -0.9848077530122079093, 0.1736481776669315524, 0.0000000000000000000 ) ) ;
#1252 = CARTESIAN_POINT ( 'NONE',  ( -0.1655000000000000082, -0.05600000000000000810, -0.2195000000000000007 ) ) ;
#1253 = ORIENTED_EDGE ( 'NONE', *, *, #9198, .T. ) ;
#1254 =( LENGTH_UNIT ( ) NAMED_UNIT ( * ) SI_UNIT ( $, .METRE. ) );
#1255 = LINE ( 'NONE', #4820, #8120 ) ;
#1256 = CARTESIAN_POINT ( 'NONE',  ( -0.2104510888804048685, -0.1355000000000000093, 0.2505000000000000004 ) ) ;
#1257 = PRESENTATION_STYLE_ASSIGNMENT (( #3811 ) ) ;
#1258 = ORIENTED_EDGE ( 'NONE', *, *, #2625, .T. ) ;
#1259 = CARTESIAN_POINT ( 'NONE',  ( -0.2298195728430683094, -0.04593850662677061852, 0.2484999999999999709 ) ) ;
#1261 = ADVANCED_FACE ( 'NONE', ( #2569 ), #7586, .F. ) ;
#1260 = LENGTH_MEASURE_WITH_UNIT ( LENGTH_MEASURE( 0.02539999999999999897 ), #7819 );
#1262 = LENGTH_MEASURE_WITH_UNIT ( LENGTH_MEASURE( 0.02539999999999999897 ), #7943 );
#1263 = AXIS2_PLACEMENT_3D ( 'NONE', #5984, #5255, #5195 ) ;
#1264 = UNCERTAINTY_MEASURE_WITH_UNIT (LENGTH_MEASURE( 1.000000000000000082E-05 ), #8744, 'distance_accuracy_value', 'NONE');
#1265 = ORIENTED_EDGE ( 'NONE', *, *, #10093, .T. ) ;
#1266 = CARTESIAN_POINT ( 'NONE',  ( 0.02250000000000004427, -0.05600000000000000810, -0.4243528137423855373 ) ) ;
#1267 = PRESENTATION_LAYER_ASSIGNMENT (  '', '', ( #5876 ) ) ;
#1268 = SURFACE_STYLE_USAGE ( .BOTH. , #5975 ) ;
#1269 = VERTEX_POINT ( 'NONE', #593 ) ;
#1270 = CARTESIAN_POINT ( 'NONE',  ( -0.2609115348192674322, 0.09550000000000004319, -0.2195000000000000007 ) ) ;
#1271 = FILL_AREA_STYLE_COLOUR ( '', #10003 ) ;
#1272 = FILL_AREA_STYLE_COLOUR ( '', #6646 ) ;
#1273 = DIRECTION ( 'NONE',  ( -0.0000000000000000000, -0.0000000000000000000, -1.000000000000000000 ) ) ;
#1274 = CIRCLE ( 'NONE', #3455, 0.05999999999999997696 ) ;
#1275 = SURFACE_SIDE_STYLE ('',( #6054 ) ) ;
#1276 = ORIENTED_EDGE ( 'NONE', *, *, #1536, .T. ) ;
#1277 = CARTESIAN_POINT ( 'NONE',  ( -0.1355000000000000648, -0.05599999999999999423, -0.2795000000000000262 ) ) ;
#1278 = ORIENTED_EDGE ( 'NONE', *, *, #9872, .F. ) ;
#1279 = SURFACE_STYLE_USAGE ( .BOTH. , #2206 ) ;
#1280 = PRESENTATION_LAYER_ASSIGNMENT (  '', '', ( #759 ) ) ;
#1281 = EDGE_CURVE ( 'NONE', #2004, #7902, #5012, .T. ) ;
#1282 = DIRECTION ( 'NONE',  ( 0.0000000000000000000, -0.0000000000000000000, -1.000000000000000000 ) ) ;
#1283 = LENGTH_MEASURE_WITH_UNIT ( LENGTH_MEASURE( 0.02539999999999999897 ), #4779 );
#1284 = ORIENTED_EDGE ( 'NONE', *, *, #7000, .F. ) ;
#1285 = CARTESIAN_POINT ( 'NONE',  ( 0.2104510888804048685, -0.1554999999999999993, -0.1494999999999999940 ) ) ;
#1286 = CYLINDRICAL_SURFACE ( 'NONE', #6676, 0.05999999999999997696 ) ;
#1287 = UNCERTAINTY_MEASURE_WITH_UNIT (LENGTH_MEASURE( 1.000000000000000082E-05 ), #3217, 'distance_accuracy_value', 'NONE');
#1288 = SURFACE_STYLE_USAGE ( .BOTH. , #2944 ) ;
#1289 = LINE ( 'NONE', #2178, #5585 ) ;
#1290 = PRESENTATION_LAYER_ASSIGNMENT (  '', '', ( #2345 ) ) ;
#1291 = EDGE_CURVE ( 'NONE', #2908, #2143, #5877, .T. ) ;
#1292 = STYLED_ITEM ( 'NONE', ( #3693 ), #3409 ) ;
#1293 = CARTESIAN_POINT ( 'NONE',  ( -0.2369895609865665664, -0.05410801893507432431, 0.2485000000000000264 ) ) ;
#1294 = EDGE_LOOP ( 'NONE', ( #4277, #2725, #604, #8640 ) ) ;
#1295 = VERTEX_POINT ( 'NONE', #6994 ) ;
#1296 = LENGTH_MEASURE_WITH_UNIT ( LENGTH_MEASURE( 0.02539999999999999897 ), #3799 );
#1297 = CARTESIAN_POINT ( 'NONE',  ( -0.3286280192418698509, -0.09633778132003176231, -0.1694999999999999840 ) ) ;
#1298 = DIRECTION ( 'NONE',  ( 0.1097496682790523592, -0.9939592598857551753, 0.0000000000000000000 ) ) ;
#1299 = LINE ( 'NONE', #7566, #8286 ) ;
#1300 = CARTESIAN_POINT ( 'NONE',  ( -0.2285030544531953534, -0.07568698781136229403, 0.2504999999999999449 ) ) ;
#1301 = CARTESIAN_POINT ( 'NONE',  ( 0.02250000000000003386, -0.05600000000000000810, -0.2795000000000000262 ) ) ;
#1302 = CARTESIAN_POINT ( 'NONE',  ( -0.2296750785457551403, -0.05865656361629215110, 0.2504999999999999449 ) ) ;
#1303 = CARTESIAN_POINT ( 'NONE',  ( -0.2609115348192674322, 0.1555000000000000271, -0.9827025327494508522 ) ) ;
#1304 = AXIS2_PLACEMENT_3D ( 'NONE', #1103, #6517, #7272 ) ;
#1305 = EDGE_CURVE ( 'NONE', #8856, #6164, #1941, .T. ) ;
#1306 =( GEOMETRIC_REPRESENTATION_CONTEXT ( 3 ) GLOBAL_UNCERTAINTY_ASSIGNED_CONTEXT ( ( #5699 ) ) GLOBAL_UNIT_ASSIGNED_CONTEXT ( ( #3002, #3885, #10011 ) ) REPRESENTATION_CONTEXT ( 'NONE', 'WORKASPACE' ) );
#1307 = CIRCLE ( 'NONE', #1143, 0.01999999999999995878 ) ;
#1308 = CARTESIAN_POINT ( 'NONE',  ( -0.2200000000000000011, 0.05600000000000000810, -0.2795000000000000262 ) ) ;
#1309 = FILL_AREA_STYLE_COLOUR ( '', #4846 ) ;
#1310 = EDGE_LOOP ( 'NONE', ( #6302, #8122 ) ) ;
#1311 = EDGE_LOOP ( 'NONE', ( #8280, #8054, #7667, #1999 ) ) ;
#1312 = CARTESIAN_POINT ( 'NONE',  ( 0.1315000000000000613, -0.05600000000000000810, -0.4243528137423855373 ) ) ;
#1313 = CARTESIAN_POINT ( 'NONE',  ( -0.1954999999999999793, -0.05600000000000000810, -0.2195000000000000007 ) ) ;
#1314 = LINE ( 'NONE', #7703, #3047 ) ;
#1315 = DIRECTION ( 'NONE',  ( -1.000000000000000000, 0.0000000000000000000, 0.0000000000000000000 ) ) ;
#1316 = VERTEX_POINT ( 'NONE', #2231 ) ;
#1317 = UNCERTAINTY_MEASURE_WITH_UNIT (LENGTH_MEASURE( 1.000000000000000082E-05 ), #7818, 'distance_accuracy_value', 'NONE');
#1318 = PLANE ( 'NONE',  #5795 ) ;
#1319 = DIRECTION ( 'NONE',  ( -0.0000000000000000000, -0.0000000000000000000, 1.000000000000000000 ) ) ;
#1320 = AXIS2_PLACEMENT_3D ( 'NONE', #5841, #8197, #3511 ) ;
#1321 = CIRCLE ( 'NONE', #5010, 0.09999999999999999167 ) ;
#1322 = VERTEX_POINT ( 'NONE', #6966 ) ;
#1323 = DIRECTION ( 'NONE',  ( 0.0000000000000000000, -1.000000000000000000, 0.0000000000000000000 ) ) ;
#1324 = LENGTH_MEASURE_WITH_UNIT ( LENGTH_MEASURE( 0.02539999999999999897 ), #622 );
#1325 =( LENGTH_UNIT ( ) NAMED_UNIT ( * ) SI_UNIT ( $, .METRE. ) );
#1326 = ORIENTED_EDGE ( 'NONE', *, *, #5163, .T. ) ;
#1327 = LINE ( 'NONE', #1207, #6747 ) ;
#1328 = CARTESIAN_POINT ( 'NONE',  ( -0.2112379680819604089, -0.06032536121435420201, 0.2484999999999999709 ) ) ;
#1329 = VECTOR ( 'NONE', #8143, 39.37007874015748143 ) ;
#1330 = PLANE ( 'NONE',  #6062 ) ;
#1331 = ORIENTED_EDGE ( 'NONE', *, *, #7212, .T. ) ;
#1332 =( CONVERSION_BASED_UNIT ( 'INCH', #9595 ) LENGTH_UNIT ( ) NAMED_UNIT ( #8657 ) );
#1333 = AXIS2_PLACEMENT_3D ( 'NONE', #4377, #5129, #432 ) ;
#1334 = EDGE_CURVE ( 'NONE', #6850, #5055, #2426, .T. ) ;
#1335 = AXIS2_PLACEMENT_3D ( 'NONE', #4814, #1686, #5559 ) ;
#1336 = DIRECTION ( 'NONE',  ( -0.0000000000000000000, -0.0000000000000000000, 1.000000000000000000 ) ) ;
#1337 = VERTEX_POINT ( 'NONE', #3777 ) ;
#1338 = FACE_OUTER_BOUND ( 'NONE', #8808, .T. ) ;
#1339 = DIRECTION ( 'NONE',  ( -1.000000000000000000, 0.0000000000000000000, 0.0000000000000000000 ) ) ;
#1340 = DIRECTION ( 'NONE',  ( -0.0000000000000000000, 0.0000000000000000000, -1.000000000000000000 ) ) ;
#1341 = PRESENTATION_LAYER_ASSIGNMENT (  '', '', ( #8310 ) ) ;
#1342 = VECTOR ( 'NONE', #7983, 39.37007874015748143 ) ;
#1343 = EDGE_CURVE ( 'NONE', #6780, #6702, #965, .T. ) ;
#1344 = PRESENTATION_STYLE_ASSIGNMENT (( #3836 ) ) ;
#1345 = CARTESIAN_POINT ( 'NONE',  ( 0.4919999999999999929, 0.0000000000000000000, -0.01949999999999999997 ) ) ;
#1346 = FILL_AREA_STYLE ('',( #6021 ) ) ;
#1347 =( NAMED_UNIT ( * ) PLANE_ANGLE_UNIT ( ) SI_UNIT ( $, .RADIAN. ) );
#1348 = CARTESIAN_POINT ( 'NONE',  ( -0.1110000000000000014, 0.05600000000000000810, -0.2795000000000000262 ) ) ;
#1349 = ORIENTED_EDGE ( 'NONE', *, *, #4394, .F. ) ;
#1350 = FILL_AREA_STYLE_COLOUR ( '', #4053 ) ;
#1351 = FACE_OUTER_BOUND ( 'NONE', #5674, .T. ) ;
#1353 = EDGE_LOOP ( 'NONE', ( #879, #10114, #6837, #765 ) ) ;
#1352 = VECTOR ( 'NONE', #7328, 39.37007874015748143 ) ;
#1354 = CARTESIAN_POINT ( 'NONE',  ( -0.2110444241623313788, -0.06274573964619120647, 0.2484999999999999987 ) ) ;
#1355 = ORIENTED_EDGE ( 'NONE', *, *, #6772, .T. ) ;
#1356 = EDGE_CURVE ( 'NONE', #144, #6986, #359, .T. ) ;
#1357 = EDGE_CURVE ( 'Edge7', #6177, #7204, #7345, .T. ) ;
#1358 = DIRECTION ( 'NONE',  ( 0.0000000000000000000, 0.0000000000000000000, 1.000000000000000000 ) ) ;
#1359 = DIRECTION ( 'NONE',  ( -1.000000000000000000, 0.0000000000000000000, 0.0000000000000000000 ) ) ;
#1360 = FILL_AREA_STYLE ('',( #719 ) ) ;
#1361 = SURFACE_STYLE_USAGE ( .BOTH. , #5221 ) ;
#1362 = DIRECTION ( 'NONE',  ( 1.308799932684369957E-16, -1.000000000000000000, 0.0000000000000000000 ) ) ;
#1363 = FACE_OUTER_BOUND ( 'NONE', #477, .T. ) ;
#1364 = PRESENTATION_STYLE_ASSIGNMENT (( #8659 ) ) ;
#1365 = ORIENTED_EDGE ( 'NONE', *, *, #9021, .T. ) ;
#1366 = ORIENTED_EDGE ( 'NONE', *, *, #3677, .T. ) ;
#1367 =( NAMED_UNIT ( * ) SI_UNIT ( $, .STERADIAN. ) SOLID_ANGLE_UNIT ( ) );
#1368 = SURFACE_STYLE_USAGE ( .BOTH. , #665 ) ;
#1369 = DIRECTION ( 'NONE',  ( -0.0000000000000000000, -0.0000000000000000000, -1.000000000000000000 ) ) ;
#1370 = FILL_AREA_STYLE ('',( #2240 ) ) ;
#1371 = AXIS2_PLACEMENT_3D ( 'NONE', #5124, #2001, #9015 ) ;
#1372 = CIRCLE ( 'NONE', #1124, 0.02999999999999993991 ) ;
#1373 = AXIS2_PLACEMENT_3D ( 'NONE', #7730, #6987, #8474 ) ;
#1375 = ORIENTED_EDGE ( 'NONE', *, *, #7924, .F. ) ;
#1374 = CIRCLE ( 'NONE', #4996, 0.1400000000000000133 ) ;
#1376 = MECHANICAL_DESIGN_GEOMETRIC_PRESENTATION_REPRESENTATION (  '', ( #8933 ), #2434 ) ;
#1377 = CARTESIAN_POINT ( 'NONE',  ( 0.5449999999999999289, 0.2470000000000000806, -0.01949999999999999997 ) ) ;
#1378 = CARTESIAN_POINT ( 'NONE',  ( -0.2328157433418785172, -0.08338900579229287235, 0.2484999999999999987 ) ) ;
#1379 = DIRECTION ( 'NONE',  ( -0.0000000000000000000, -0.0000000000000000000, -1.000000000000000000 ) ) ;
#1380 = FACE_OUTER_BOUND ( 'NONE', #9191, .T. ) ;
#1381 = ORIENTED_EDGE ( 'NONE', *, *, #9360, .T. ) ;
#1382 = UNCERTAINTY_MEASURE_WITH_UNIT (LENGTH_MEASURE( 1.000000000000000082E-05 ), #3073, 'distance_accuracy_value', 'NONE');
#1383 = VERTEX_POINT ( 'NONE', #10001 ) ;
#1384 = TOROIDAL_SURFACE ( 'NONE', #6002, 0.08000000000000000167, 0.02000000000000000042 ) ;
#1385 = ORIENTED_EDGE ( 'NONE', *, *, #8911, .F. ) ;
#1386 = FILL_AREA_STYLE_COLOUR ( '', #748 ) ;
#1387 = DIRECTION ( 'NONE',  ( -1.000000000000000000, 0.0000000000000000000, 0.0000000000000000000 ) ) ;
#1388 = STYLED_ITEM ( 'NONE', ( #6827 ), #5545 ) ;
#1389 = AXIS2_PLACEMENT_3D ( 'NONE', #4879, #4813, #7320 ) ;
#1390 = B_SPLINE_CURVE_WITH_KNOTS ( 'NONE', 3,
 ( #8159, #5118, #422, #5908, #2790, #8258, #9823, #454, #5946, #1235, #6731, #2158, #6763, #2193, #7640, #1328, #1354, #5246, #7671 ),
 .UNSPECIFIED., .F., .F.,
 ( 4, 1, 1, 1, 1, 1, 1, 1, 1, 1, 1, 1, 1, 1, 1, 1, 4 ),
 ( 0.0000000000000000000, 0.05342829281650169487, 0.1047665906471945269, 0.1549900948249419430, 0.2045909534925099138, 0.2542004774278124324, 0.3046451619956860313, 0.3567538328657475222, 0.4105189630472819706, 0.4670647379806889821, 0.5272751162564861538, 0.5917399516749562993, 0.6614170385233464344, 0.7365739223556931892, 0.8179314976046464514, 0.9055660786144746899, 1.000000000000000000 ),
 .UNSPECIFIED. ) ;
#1391 = DIRECTION ( 'NONE',  ( -0.1736481776669316079, 0.9848077530122077983, -0.0000000000000000000 ) ) ;
#1392 = AXIS2_PLACEMENT_3D ( 'NONE', #7192, #2499, #9746 ) ;
#1393 = CIRCLE ( 'NONE', #5369, 0.08000000000000000167 ) ;
#1394 =( CONVERSION_BASED_UNIT ( 'INCH', #9160 ) LENGTH_UNIT ( ) NAMED_UNIT ( #583 ) );
#1395 = ORIENTED_EDGE ( 'NONE', *, *, #2565, .F. ) ;
#1396 =( CONVERSION_BASED_UNIT ( 'INCH', #1324 ) LENGTH_UNIT ( ) NAMED_UNIT ( #4646 ) );
#1397 =( NAMED_UNIT ( * ) PLANE_ANGLE_UNIT ( ) SI_UNIT ( $, .RADIAN. ) );
#1398 = ORIENTED_EDGE ( 'NONE', *, *, #4713, .F. ) ;
#1399 = FACE_OUTER_BOUND ( 'NONE', #920, .T. ) ;
#1400 = ORIENTED_EDGE ( 'NONE', *, *, #9104, .F. ) ;
#1401 = CIRCLE ( 'NONE', #5224, 0.02000000000000008021 ) ;
#1402 = FILL_AREA_STYLE ('',( #2170 ) ) ;
#1403 = EDGE_LOOP ( 'NONE', ( #1965, #6913, #717, #1953 ) ) ;
#1404 = STYLED_ITEM ( 'NONE', ( #6790 ), #6334 ) ;
#1405 = EDGE_CURVE ( 'NONE', #6510, #1799, #4759, .T. ) ;
#1406 = DIRECTION ( 'NONE',  ( -0.9848077530122079093, 0.1736481776669316357, 0.0000000000000000000 ) ) ;
#1407 = ORIENTED_EDGE ( 'NONE', *, *, #4394, .T. ) ;
#1408 = CARTESIAN_POINT ( 'NONE',  ( -0.02650000000000007558, -0.05600000000000000810, -0.4243528137423855373 ) ) ;
#1409 = LENGTH_MEASURE_WITH_UNIT ( LENGTH_MEASURE( 0.02539999999999999897 ), #4957 );
#1410 = VECTOR ( 'NONE', #8641, 39.37007874015748143 ) ;
#1411 = FILL_AREA_STYLE_COLOUR ( '', #7692 ) ;
#1412 = CARTESIAN_POINT ( 'NONE',  ( -0.2351324278202851781, -0.08005959284212782467, 0.2485000000000000264 ) ) ;
#1413 = ORIENTED_EDGE ( 'NONE', *, *, #2228, .F. ) ;
#1414 = DIRECTION ( 'NONE',  ( 0.0000000000000000000, 0.0000000000000000000, 1.000000000000000000 ) ) ;
#1415 = DIRECTION ( 'NONE',  ( 0.0000000000000000000, 0.0000000000000000000, 1.000000000000000000 ) ) ;
#1416 = CARTESIAN_POINT ( 'NONE',  ( -0.2241859681413740923, -0.06423994224091877925, 0.2484999999999999987 ) ) ;
#1417 = EDGE_CURVE ( 'NONE', #9715, #4400, #9043, .T. ) ;
#1418 = EDGE_CURVE ( 'NONE', #3989, #3046, #6972, .T. ) ;
#1419 = DIRECTION ( 'NONE',  ( -1.000000000000000000, 0.0000000000000000000, 0.0000000000000000000 ) ) ;
#1420 = LINE ( 'NONE', #8820, #3159 ) ;
#1421 =( CONVERSION_BASED_UNIT ( 'INCH', #2454 ) LENGTH_UNIT ( ) NAMED_UNIT ( #3728 ) );
#1422 = CYLINDRICAL_SURFACE ( 'NONE', #555, 0.02999999999999998848 ) ;
#1423 = ADVANCED_FACE ( 'NONE', ( #109 ), #692, .T. ) ;
#1424 = EDGE_LOOP ( 'NONE', ( #3569, #8386, #562, #6973, #4260, #2311 ) ) ;
#1425 =( NAMED_UNIT ( * ) SI_UNIT ( $, .STERADIAN. ) SOLID_ANGLE_UNIT ( ) );
#1426 =( LENGTH_UNIT ( ) NAMED_UNIT ( * ) SI_UNIT ( $, .METRE. ) );
#1427 = LINE ( 'NONE', #7982, #2920 ) ;
#1428 = DIRECTION ( 'NONE',  ( 1.000000000000000000, 0.0000000000000000000, 0.0000000000000000000 ) ) ;
#1429 = CARTESIAN_POINT ( 'NONE',  ( 0.2458437804511574010, 0.1209459635416667289, 0.2484999999999999987 ) ) ;
#1430 = EDGE_LOOP ( 'NONE', ( #1168, #5327, #2456, #2189 ) ) ;
#1431 = SURFACE_STYLE_USAGE ( .BOTH. , #3744 ) ;
#1432 = CARTESIAN_POINT ( 'NONE',  ( -0.2369895609865665664, -0.05410801893507432431, 0.2485000000000000264 ) ) ;
#1433 = CIRCLE ( 'NONE', #7757, 0.02000000000000007674 ) ;
#1434 = COLOUR_RGB ( '',0.9294117647058823817, 0.7607843137254901578, 0.4784313725490195734 ) ;
#1435 = ADVANCED_FACE ( 'NONE', ( #7086 ), #9993, .F. ) ;
#1436 = MECHANICAL_DESIGN_GEOMETRIC_PRESENTATION_REPRESENTATION (  '', ( #9301 ), #6905 ) ;
#1437 = ADVANCED_FACE ( 'NONE', ( #7947 ), #1208, .F. ) ;
#1438 = ORIENTED_EDGE ( 'NONE', *, *, #5119, .F. ) ;
#1439 = DIRECTION ( 'NONE',  ( -0.0000000000000000000, -0.0000000000000000000, 1.000000000000000000 ) ) ;
#1440 = PLANE ( 'NONE',  #7142 ) ;
#1441 = CYLINDRICAL_SURFACE ( 'NONE', #7958, 0.01949999999999987507 ) ;
#1442 = EDGE_LOOP ( 'NONE', ( #571, #4613, #3042, #4082 ) ) ;
#1443 = DIRECTION ( 'NONE',  ( -0.0000000000000000000, -0.0000000000000000000, 1.000000000000000000 ) ) ;
#1444 = FACE_OUTER_BOUND ( 'NONE', #3735, .T. ) ;
#1445 = CARTESIAN_POINT ( 'NONE',  ( -0.2312778343524614921, -0.08454970129450736782, 0.2485000000000000542 ) ) ;
#1446 = FILL_AREA_STYLE_COLOUR ( '', #8526 ) ;
#1447 =( CONVERSION_BASED_UNIT ( 'INCH', #8108 ) LENGTH_UNIT ( ) NAMED_UNIT ( #7392 ) );
#1448 = CARTESIAN_POINT ( 'NONE',  ( -0.6049999999999999822, -0.1869999999999998330, 0.01949999999999999997 ) ) ;
#1449 = STYLED_ITEM ( 'NONE', ( #2194 ), #4406 ) ;
#1450 = FACE_BOUND ( 'NONE', #7903, .T. ) ;
#1451 =( GEOMETRIC_REPRESENTATION_CONTEXT ( 3 ) GLOBAL_UNCERTAINTY_ASSIGNED_CONTEXT ( ( #5285 ) ) GLOBAL_UNIT_ASSIGNED_CONTEXT ( ( #7797, #5434, #8753 ) ) REPRESENTATION_CONTEXT ( 'NONE', 'WORKASPACE' ) );
#1452 = CARTESIAN_POINT ( 'NONE',  ( -0.2191754770714944567, -0.06093050720312638557, 0.2484999999999999709 ) ) ;
#1453 = AXIS2_PLACEMENT_3D ( 'NONE', #1348, #5207, #6095 ) ;
#1454 = LENGTH_MEASURE_WITH_UNIT ( LENGTH_MEASURE( 0.02539999999999999897 ), #316 );
#1455 = CARTESIAN_POINT ( 'NONE',  ( -0.1110000000000000014, 0.05600000000000000810, -0.2795000000000000262 ) ) ;
#1456 = VECTOR ( 'NONE', #9880, 39.37007874015748143 ) ;
#1457 =( NAMED_UNIT ( * ) SI_UNIT ( $, .STERADIAN. ) SOLID_ANGLE_UNIT ( ) );
#1458 = SURFACE_SIDE_STYLE ('',( #8067 ) ) ;
#1459 = CARTESIAN_POINT ( 'NONE',  ( 0.2443043707811019816, 0.08050000000000007150, 0.2484999999999999987 ) ) ;
#1460 = CARTESIAN_POINT ( 'NONE',  ( -0.2220853575575425509, -0.06389802300509414557, 0.2504999999999999449 ) ) ;
#1461 = DIRECTION ( 'NONE',  ( -1.000000000000000000, 0.0000000000000000000, 0.0000000000000000000 ) ) ;
#1462 = SURFACE_STYLE_FILL_AREA ( #6833 ) ;
#1463 = STYLED_ITEM ( 'NONE', ( #8861 ), #6231 ) ;
#1464 = EDGE_CURVE ( 'NONE', #4570, #3795, #1683, .T. ) ;
#1465 = MECHANICAL_DESIGN_GEOMETRIC_PRESENTATION_REPRESENTATION (  '', ( #5348 ), #2926 ) ;
#1466 = ORIENTED_EDGE ( 'NONE', *, *, #5531, .F. ) ;
#1467 = FACE_OUTER_BOUND ( 'NONE', #1294, .T. ) ;
#1468 = CARTESIAN_POINT ( 'NONE',  ( -0.1309999999999999776, 0.05599999999999999423, -0.3395000000000000240 ) ) ;
#1469 = DIRECTION ( 'NONE',  ( 0.0000000000000000000, -1.000000000000000000, 0.0000000000000000000 ) ) ;
#1470 = DIRECTION ( 'NONE',  ( 0.0000000000000000000, 0.0000000000000000000, -1.000000000000000000 ) ) ;
#1471 = ORIENTED_EDGE ( 'NONE', *, *, #5567, .T. ) ;
#1472 = ORIENTED_EDGE ( 'NONE', *, *, #3086, .F. ) ;
#1473 = PRESENTATION_LAYER_ASSIGNMENT (  '', '', ( #6946 ) ) ;
#1474 = EDGE_CURVE ( 'NONE', #993, #6035, #7836, .T. ) ;
#1475 = AXIS2_PLACEMENT_3D ( 'NONE', #2232, #720, #9297 ) ;
#1476 = DIRECTION ( 'NONE',  ( -1.000000000000000000, 0.0000000000000000000, -0.0000000000000000000 ) ) ;
#1477 = CARTESIAN_POINT ( 'NONE',  ( -0.2110320384826730178, -0.06617672509630292965, 0.2505000000000000004 ) ) ;
#1478 =( CONVERSION_BASED_UNIT ( 'INCH', #3883 ) LENGTH_UNIT ( ) NAMED_UNIT ( #9947 ) );
#1479 = DIRECTION ( 'NONE',  ( -0.1736481776669315802, -0.9848077530122077983, 0.0000000000000000000 ) ) ;
#1480 = CARTESIAN_POINT ( 'NONE',  ( 0.1914999999999999480, -0.05599999999999999423, -0.2795000000000000262 ) ) ;
#1481 = ORIENTED_EDGE ( 'NONE', *, *, #7923, .T. ) ;
#1482 = ADVANCED_FACE ( 'NONE', ( #6610 ), #4016, .T. ) ;
#1483 = ADVANCED_FACE ( 'NONE', ( #2417 ), #10107, .T. ) ;
#1484 = CARTESIAN_POINT ( 'NONE',  ( -0.2281428325564714144, -0.05309663698900715656, 0.2484999999999999987 ) ) ;
#1485 = ORIENTED_EDGE ( 'NONE', *, *, #6015, .F. ) ;
#1486 = CARTESIAN_POINT ( 'NONE',  ( -0.1655000000000000082, -0.05600000000000000810, -0.2195000000000000007 ) ) ;
#1487 =( LENGTH_UNIT ( ) NAMED_UNIT ( * ) SI_UNIT ( $, .METRE. ) );
#1488 = VERTEX_POINT ( 'NONE', #1704 ) ;
#1489 = COLOUR_RGB ( '',0.7529411764705882248, 0.7529411764705882248, 0.7529411764705882248 ) ;
#1490 = EDGE_CURVE ( 'NONE', #8501, #5181, #2678, .T. ) ;
#1491 =( GEOMETRIC_REPRESENTATION_CONTEXT ( 3 ) GLOBAL_UNCERTAINTY_ASSIGNED_CONTEXT ( ( #2357 ) ) GLOBAL_UNIT_ASSIGNED_CONTEXT ( ( #9494, #2563, #173 ) ) REPRESENTATION_CONTEXT ( 'NONE', 'WORKASPACE' ) );
#1492 = ORIENTED_EDGE ( 'NONE', *, *, #3399, .F. ) ;
#1493 =( NAMED_UNIT ( * ) PLANE_ANGLE_UNIT ( ) SI_UNIT ( $, .RADIAN. ) );
#1494 = CARTESIAN_POINT ( 'NONE',  ( 0.3200000000000000067, 0.08508110933998412617, 0.03949999999999997957 ) ) ;
#1495 = CARTESIAN_POINT ( 'NONE',  ( 0.2104510888804048685, -0.07550000000000001155, -0.03950000000000000039 ) ) ;
#1496 = DIRECTION ( 'NONE',  ( -0.9848077530122077983, 0.1736481776669315524, 0.0000000000000000000 ) ) ;
#1497 = LINE ( 'NONE', #4042, #5082 ) ;
#1498 = VERTEX_POINT ( 'NONE', #8019 ) ;
#1499 = ORIENTED_EDGE ( 'NONE', *, *, #5777, .F. ) ;
#1500 = ORIENTED_EDGE ( 'NONE', *, *, #7213, .T. ) ;
#1501 = CARTESIAN_POINT ( 'NONE',  ( -0.1309999999999999776, 0.05600000000000000810, -0.2795000000000000262 ) ) ;
#1502 =( NAMED_UNIT ( * ) PLANE_ANGLE_UNIT ( ) SI_UNIT ( $, .RADIAN. ) );
#1503 =( NAMED_UNIT ( * ) PLANE_ANGLE_UNIT ( ) SI_UNIT ( $, .RADIAN. ) );
#1504 =( CONVERSION_BASED_UNIT ( 'INCH', #1260 ) LENGTH_UNIT ( ) NAMED_UNIT ( #1719 ) );
#1505 = AXIS2_PLACEMENT_3D ( 'NONE', #7051, #1588, #3930 ) ;
#1506 = AXIS2_PLACEMENT_3D ( 'NONE', #580, #8398, #6061 ) ;
#1507 = VERTEX_POINT ( 'NONE', #2538 ) ;
#1508 = VERTEX_POINT ( 'NONE', #8790 ) ;
#1509 = CARTESIAN_POINT ( 'NONE',  ( 0.2344521488927472919, 0.1027971337473291280, 0.2484999999999999987 ) ) ;
#1510 = DIRECTION ( 'NONE',  ( -1.000000000000000000, 0.0000000000000000000, 0.0000000000000000000 ) ) ;
#1511 = CARTESIAN_POINT ( 'NONE',  ( -0.2180650494854236288, -0.04687624067779652681, 0.2484999999999999709 ) ) ;
#1512 =( NAMED_UNIT ( * ) SI_UNIT ( $, .STERADIAN. ) SOLID_ANGLE_UNIT ( ) );
#1513 = VECTOR ( 'NONE', #6384, 39.37007874015748143 ) ;
#1514 = FILL_AREA_STYLE_COLOUR ( '', #4527 ) ;
#1515 = ORIENTED_EDGE ( 'NONE', *, *, #6347, .F. ) ;
#1516 = DIRECTION ( 'NONE',  ( 0.0000000000000000000, 0.0000000000000000000, -1.000000000000000000 ) ) ;
#1517 = VERTEX_POINT ( 'NONE', #6554 ) ;
#1518 = ADVANCED_FACE ( 'NONE', ( #8662 ), #5605, .F. ) ;
#1519 = AXIS2_PLACEMENT_3D ( 'NONE', #8915, #6679, #1932 ) ;
#1520 = EDGE_CURVE ( 'NONE', #26, #3336, #2306, .T. ) ;
#1521 = TOROIDAL_SURFACE ( 'NONE', #2988, 0.09999999999999999167, 0.02000000000000000042 ) ;
#1522 = B_SPLINE_CURVE_WITH_KNOTS ( 'NONE', 3,
 ( #9026, #2018, #4348, #437, #7402, #5929, #1218, #6644, #6715, #3493, #8958, #4282, #373, #8090, #3546, #1239, #9165, #7738, #8313 ),
 .UNSPECIFIED., .F., .F.,
 ( 4, 1, 1, 1, 1, 1, 1, 1, 1, 1, 1, 1, 1, 1, 1, 1, 4 ),
 ( 0.0000000000000000000, 0.06126685886857929919, 0.1209662961677067661, 0.1793269055240390986, 0.2378002547117241960, 0.2962617467870127808, 0.3558812952642909089, 0.4167494055312126466, 0.4795073031032400790, 0.5429135943641880679, 0.6052002466384022172, 0.6676813715383245196, 0.7308754705414723940, 0.7947284631359178286, 0.8603840661699813097, 0.9287514343155144347, 1.000000000000000000 ),
 .UNSPECIFIED. ) ;
#1523 = CARTESIAN_POINT ( 'NONE',  ( 0.2409718528315643038, 0.1063120458446303040, 0.2485000000000000819 ) ) ;
#1524 = AXIS2_PLACEMENT_3D ( 'NONE', #6292, #9491, #3140 ) ;
#1525 = DIRECTION ( 'NONE',  ( -0.0000000000000000000, -0.0000000000000000000, -1.000000000000000000 ) ) ;
#1526 = SURFACE_STYLE_FILL_AREA ( #8773 ) ;
#1527 = CARTESIAN_POINT ( 'NONE',  ( -0.2892357091213815234, -0.08939185421335457682, -0.2195000000000000839 ) ) ;
#1528 =( NAMED_UNIT ( * ) PLANE_ANGLE_UNIT ( ) SI_UNIT ( $, .RADIAN. ) );
#1529 = LENGTH_MEASURE_WITH_UNIT ( LENGTH_MEASURE( 0.02539999999999999897 ), #874 );
#1530 = CARTESIAN_POINT ( 'NONE',  ( -0.2338984963053847566, -0.04866446727195922889, 0.2505000000000000560 ) ) ;
#1531 = EDGE_LOOP ( 'NONE', ( #8132, #5446 ) ) ;
#1532 = EDGE_LOOP ( 'NONE', ( #6493, #4716, #8175, #1696 ) ) ;
#1533 = VECTOR ( 'NONE', #9870, 39.37007874015748143 ) ;
#1534 = FACE_BOUND ( 'NONE', #5834, .T. ) ;
#1535 = STYLED_ITEM ( 'NONE', ( #7401 ), #6433 ) ;
#1536 = EDGE_CURVE ( 'NONE', #6221, #3795, #1427, .T. ) ;
#1537 = B_SPLINE_SURFACE_WITH_KNOTS ( 'NONE', 3, 1, ( 
 ( #2963, #7125 ),
 ( #2437, #900 ),
 ( #8593, #1574 ),
 ( #835, #7037 ),
 ( #4697, #48 ),
 ( #1674, #4055 ),
 ( #7168, #6319 ),
 ( #14, #7918 ),
 ( #5553, #4735 ),
 ( #8633, #6383 ),
 ( #85, #8664 ),
 ( #3917, #7853 ),
 ( #3235, #864 ),
 ( #5587, #4801 ),
 ( #1640, #8697 ),
 ( #9512, #5476 ),
 ( #5448, #9478 ),
 ( #10111, #2472 ),
 ( #767, #7953 ) ),
 .UNSPECIFIED., .F., .F., .F.,
 ( 4, 1, 1, 1, 1, 1, 1, 1, 1, 1, 1, 1, 1, 1, 1, 1, 4 ),
 ( 2, 2 ),
 ( 0.0000000000000000000, 0.06126685886857929919, 0.1209662961677067661, 0.1793269055240390986, 0.2378002547117241960, 0.2962617467870127808, 0.3558812952642909089, 0.4167494055312126466, 0.4795073031032400790, 0.5429135943641880679, 0.6052002466384022172, 0.6676813715383245196, 0.7308754705414723940, 0.7947284631359178286, 0.8603840661699813097, 0.9287514343155144347, 1.000000000000000000 ),
 ( 0.0000000000000000000, 1.000000000000000000 ),
 .UNSPECIFIED. ) ;
#1538 = CARTESIAN_POINT ( 'NONE',  ( -0.2119795348179118466, -0.07470562594050075833, 0.2505000000000000560 ) ) ;
#1539 =( NAMED_UNIT ( * ) PLANE_ANGLE_UNIT ( ) SI_UNIT ( $, .RADIAN. ) );
#1540 = DIRECTION ( 'NONE',  ( 0.0000000000000000000, 0.0000000000000000000, 1.000000000000000000 ) ) ;
#1541 = ORIENTED_EDGE ( 'NONE', *, *, #2546, .T. ) ;
#1542 = DIMENSIONAL_EXPONENTS ( 1.000000000000000000, 0.0000000000000000000, 0.0000000000000000000, 0.0000000000000000000, 0.0000000000000000000, 0.0000000000000000000, 0.0000000000000000000 ) ;
#1543 = EDGE_LOOP ( 'NONE', ( #4682, #5006, #8027, #6121 ) ) ;
#1544 = PLANE ( 'NONE',  #3384 ) ;
#1545 =( NAMED_UNIT ( * ) SI_UNIT ( $, .STERADIAN. ) SOLID_ANGLE_UNIT ( ) );
#1546 = CARTESIAN_POINT ( 'NONE',  ( 0.02799999999999996936, 0.05600000000000000810, -0.2195000000000000007 ) ) ;
#1547 =( NAMED_UNIT ( * ) SI_UNIT ( $, .STERADIAN. ) SOLID_ANGLE_UNIT ( ) );
#1548 = CARTESIAN_POINT ( 'NONE',  ( -0.2192709254435656341, -0.04620110333184510726, 0.2505000000000000560 ) ) ;
#1549 = DIRECTION ( 'NONE',  ( 0.0000000000000000000, 0.0000000000000000000, -1.000000000000000000 ) ) ;
#1550 = ORIENTED_EDGE ( 'NONE', *, *, #4115, .T. ) ;
#1551 = MECHANICAL_DESIGN_GEOMETRIC_PRESENTATION_REPRESENTATION (  '', ( #6500 ), #7015 ) ;
#1552 = CARTESIAN_POINT ( 'NONE',  ( -0.2220853575575425509, -0.06389802300509414557, 0.2484999999999998876 ) ) ;
#1553 = EDGE_CURVE ( 'NONE', #7189, #8595, #3657, .T. ) ;
#1554 = EDGE_CURVE ( 'NONE', #3989, #1090, #6106, .T. ) ;
#1555 = SURFACE_SIDE_STYLE ('',( #6381 ) ) ;
#1556 = VECTOR ( 'NONE', #995, 39.37007874015748143 ) ;
#1557 = PRESENTATION_STYLE_ASSIGNMENT (( #8618 ) ) ;
#1558 = DIRECTION ( 'NONE',  ( -1.000000000000000000, 0.0000000000000000000, 0.0000000000000000000 ) ) ;
#1559 = CARTESIAN_POINT ( 'NONE',  ( -0.2181822704281579373, -0.06761854135888252515, 0.2484999999999999987 ) ) ;
#1560 = PRESENTATION_STYLE_ASSIGNMENT (( #1222 ) ) ;
#1561 = CARTESIAN_POINT ( 'NONE',  ( -0.2286016699185906276, -0.05359839183305199761, 0.2505000000000000560 ) ) ;
#1562 = VERTEX_POINT ( 'NONE', #930 ) ;
#1563 = CARTESIAN_POINT ( 'NONE',  ( 0.3209115348192674855, 0.09550000000000004319, -0.2195000000000000839 ) ) ;
#1564 = DIRECTION ( 'NONE',  ( -0.0000000000000000000, -0.0000000000000000000, -1.000000000000000000 ) ) ;
#1565 = FILL_AREA_STYLE ('',( #822 ) ) ;
#1566 = ORIENTED_EDGE ( 'NONE', *, *, #7617, .F. ) ;
#1567 = CIRCLE ( 'NONE', #9516, 0.05999999999999997696 ) ;
#1568 = MECHANICAL_DESIGN_GEOMETRIC_PRESENTATION_REPRESENTATION (  '', ( #860 ), #6313 ) ;
#1569 = UNCERTAINTY_MEASURE_WITH_UNIT (LENGTH_MEASURE( 1.000000000000000082E-05 ), #4188, 'distance_accuracy_value', 'NONE');
#1570 = MECHANICAL_DESIGN_GEOMETRIC_PRESENTATION_REPRESENTATION (  '', ( #5939 ), #7881 ) ;
#1571 = CIRCLE ( 'NONE', #669, 0.02999999999999998848 ) ;
#1572 = AXIS2_PLACEMENT_3D ( 'NONE', #9158, #6862, #8402 ) ;
#1573 = CARTESIAN_POINT ( 'NONE',  ( -0.2171174070626036012, -0.08329436808942533577, 0.2505000000000000560 ) ) ;
#1574 = CARTESIAN_POINT ( 'NONE',  ( -0.2267781262704709477, -0.07094702630007544697, 0.2505000000000001115 ) ) ;
#1575 = CARTESIAN_POINT ( 'NONE',  ( -0.2192709254435656341, -0.04620110333184510726, 0.2505000000000000560 ) ) ;
#1576 = VECTOR ( 'NONE', #5620, 39.37007874015748143 ) ;
#1577 = ORIENTED_EDGE ( 'NONE', *, *, #6963, .T. ) ;
#1578 = CARTESIAN_POINT ( 'NONE',  ( -0.3209115348192674855, 0.09550000000000004319, 0.03949999999999997957 ) ) ;
#1579 = CARTESIAN_POINT ( 'NONE',  ( 0.1070000000000000118, 0.05600000000000000810, 0.01949999999999999997 ) ) ;
#1580 = CARTESIAN_POINT ( 'NONE',  ( 0.1414999999999999314, -0.05600000000000000810, -0.2195000000000000007 ) ) ;
#1581 = FILL_AREA_STYLE ('',( #2408 ) ) ;
#1582 = CARTESIAN_POINT ( 'NONE',  ( -0.2247693233847634919, -0.04505403645833331444, 0.2505000000000000004 ) ) ;
#1583 =( CONVERSION_BASED_UNIT ( 'INCH', #4127 ) LENGTH_UNIT ( ) NAMED_UNIT ( #8460 ) );
#1584 = MECHANICAL_DESIGN_GEOMETRIC_PRESENTATION_REPRESENTATION (  '', ( #6000 ), #7181 ) ;
#1585 = STYLED_ITEM ( 'NONE', ( #4561 ), #10040 ) ;
#1586 = ADVANCED_FACE ( 'NONE', ( #4750 ), #8450, .T. ) ;
#1587 = PRESENTATION_LAYER_ASSIGNMENT (  '', '', ( #1024 ) ) ;
#1588 = DIRECTION ( 'NONE',  ( -0.0000000000000000000, -0.0000000000000000000, -1.000000000000000000 ) ) ;
#1589 = PLANE ( 'NONE',  #1157 ) ;
#1590 = LENGTH_MEASURE_WITH_UNIT ( LENGTH_MEASURE( 0.02539999999999999897 ), #3138 );
#1591 = DIMENSIONAL_EXPONENTS ( 1.000000000000000000, 0.0000000000000000000, 0.0000000000000000000, 0.0000000000000000000, 0.0000000000000000000, 0.0000000000000000000, 0.0000000000000000000 ) ;
#1592 =( LENGTH_UNIT ( ) NAMED_UNIT ( * ) SI_UNIT ( $, .METRE. ) );
#1593 = DIRECTION ( 'NONE',  ( 1.000000000000000000, 0.0000000000000000000, 0.0000000000000000000 ) ) ;
#1594 = ORIENTED_EDGE ( 'NONE', *, *, #2211, .T. ) ;
#1595 = CARTESIAN_POINT ( 'NONE',  ( -0.2104510888804048685, -0.07550000000000001155, 0.03949999999999997957 ) ) ;
#1596 =( LENGTH_UNIT ( ) NAMED_UNIT ( * ) SI_UNIT ( $, .METRE. ) );
#1597 = CARTESIAN_POINT ( 'NONE',  ( -0.2247693233847634919, -0.04505403645833331444, 0.2484999999999999987 ) ) ;
#1598 = AXIS2_PLACEMENT_3D ( 'NONE', #8349, #7519, #9140 ) ;
#1599 = EDGE_CURVE ( 'NONE', #3960, #2604, #9032, .T. ) ;
#1600 = PRESENTATION_STYLE_ASSIGNMENT (( #322 ) ) ;
#1601 = VERTEX_POINT ( 'NONE', #3566 ) ;
#1602 = ORIENTED_EDGE ( 'NONE', *, *, #1417, .F. ) ;
#1603 = DIMENSIONAL_EXPONENTS ( 1.000000000000000000, 0.0000000000000000000, 0.0000000000000000000, 0.0000000000000000000, 0.0000000000000000000, 0.0000000000000000000, 0.0000000000000000000 ) ;
#1604 = SURFACE_STYLE_FILL_AREA ( #9430 ) ;
#1605 = CARTESIAN_POINT ( 'NONE',  ( -0.2253688829404693061, -0.08601853799412391421, 0.2505000000000000004 ) ) ;
#1606 = SURFACE_SIDE_STYLE ('',( #4940 ) ) ;
#1607 = FILL_AREA_STYLE ('',( #6320 ) ) ;
#1608 = FILL_AREA_STYLE_COLOUR ( '', #6063 ) ;
#1609 = CIRCLE ( 'NONE', #4993, 0.05999999999999997696 ) ;
#1610 = EDGE_LOOP ( 'NONE', ( #6952, #10067, #4165, #8080 ) ) ;
#1611 = AXIS2_PLACEMENT_3D ( 'NONE', #872, #7134, #4463 ) ;
#1612 = EDGE_CURVE ( 'NONE', #246, #8025, #7804, .T. ) ;
#1613 = STYLED_ITEM ( 'NONE', ( #760 ), #3395 ) ;
#1614 = DIRECTION ( 'NONE',  ( 1.000000000000000000, 0.0000000000000000000, 0.0000000000000000000 ) ) ;
#1615 = DIRECTION ( 'NONE',  ( 1.000000000000000000, 0.0000000000000000000, 0.0000000000000000000 ) ) ;
#1616 = CARTESIAN_POINT ( 'NONE',  ( 0.2609115348192674322, 0.09550000000000004319, -0.1494999999999999940 ) ) ;
#1617 = CIRCLE ( 'NONE', #5028, 0.05600000000000002892 ) ;
#1618 = CARTESIAN_POINT ( 'NONE',  ( 0.2609115348192674322, 0.09550000000000004319, 0.01949999999999999997 ) ) ;
#1619 = CARTESIAN_POINT ( 'NONE',  ( -0.2124826162615817693, -0.05419650718001907397, 0.2504999999999999449 ) ) ;
#1620 =( CONVERSION_BASED_UNIT ( 'INCH', #4729 ) LENGTH_UNIT ( ) NAMED_UNIT ( #2994 ) );
#1621 = FACE_OUTER_BOUND ( 'NONE', #8240, .T. ) ;
#1622 = COLOUR_RGB ( '',0.9294117647058823817, 0.7607843137254901578, 0.4784313725490195734 ) ;
#1623 =( NAMED_UNIT ( * ) PLANE_ANGLE_UNIT ( ) SI_UNIT ( $, .RADIAN. ) );
#1624 = EDGE_LOOP ( 'NONE', ( #4503, #5812 ) ) ;
#1625 = DIRECTION ( 'NONE',  ( -1.000000000000000000, 0.0000000000000000000, 0.0000000000000000000 ) ) ;
#1626 = UNCERTAINTY_MEASURE_WITH_UNIT (LENGTH_MEASURE( 1.000000000000000082E-05 ), #9418, 'distance_accuracy_value', 'NONE');
#1627 = MECHANICAL_DESIGN_GEOMETRIC_PRESENTATION_REPRESENTATION (  '', ( #8140 ), #3083 ) ;
#1628 = DIRECTION ( 'NONE',  ( 0.1736481776669317745, 0.9848077530122077983, 0.0000000000000000000 ) ) ;
#1629 = PRESENTATION_STYLE_ASSIGNMENT (( #3616 ) ) ;
#1630 = CARTESIAN_POINT ( 'NONE',  ( -0.4919999999999999929, 0.0000000000000000000, 0.01949999999999999997 ) ) ;
#1631 = AXIS2_PLACEMENT_3D ( 'NONE', #5738, #2619, #225 ) ;
#1632 = DIRECTION ( 'NONE',  ( -0.0000000000000000000, -0.0000000000000000000, 1.000000000000000000 ) ) ;
#1633 = CARTESIAN_POINT ( 'NONE',  ( 0.02799999999999997977, 0.05599999999999999423, -0.2795000000000000262 ) ) ;
#1634 = VERTEX_POINT ( 'NONE', #1228 ) ;
#1635 = DIRECTION ( 'NONE',  ( -1.000000000000000000, 0.0000000000000000000, 0.0000000000000000000 ) ) ;
#1636 = VECTOR ( 'NONE', #3614, 39.37007874015748143 ) ;
#1637 = EDGE_LOOP ( 'NONE', ( #78, #3673, #6444, #8419 ) ) ;
#1638 = VERTEX_POINT ( 'NONE', #9815 ) ;
#1639 = VERTEX_POINT ( 'NONE', #9031 ) ;
#1640 = CARTESIAN_POINT ( 'NONE',  ( -0.2369929235185506688, -0.06216760122714018455, 0.2484999999999999709 ) ) ;
#1641 = CARTESIAN_POINT ( 'NONE',  ( -0.2293010960458326253, -0.06071561508829845938, 0.2485000000000000264 ) ) ;
#1642 = CARTESIAN_POINT ( 'NONE',  ( -0.1309999999999999776, 0.05599999999999999423, -0.2795000000000000262 ) ) ;
#1643 = PRESENTATION_LAYER_ASSIGNMENT (  '', '', ( #2375 ) ) ;
#1644 = STYLED_ITEM ( 'NONE', ( #4292 ), #9435 ) ;
#1645 = ORIENTED_EDGE ( 'NONE', *, *, #8574, .F. ) ;
#1646 = PRESENTATION_LAYER_ASSIGNMENT (  '', '', ( #3766 ) ) ;
#1647 =( NAMED_UNIT ( * ) SI_UNIT ( $, .STERADIAN. ) SOLID_ANGLE_UNIT ( ) );
#1648 = ORIENTED_EDGE ( 'NONE', *, *, #7775, .F. ) ;
#1649 =( NAMED_UNIT ( * ) PLANE_ANGLE_UNIT ( ) SI_UNIT ( $, .RADIAN. ) );
#1650 = CARTESIAN_POINT ( 'NONE',  ( -0.2160038754825019947, -0.08229868622198419081, 0.2504999999999999449 ) ) ;
#1651 = CARTESIAN_POINT ( 'NONE',  ( -0.1900000000000000300, 0.05599999999999999423, -0.2795000000000000262 ) ) ;
#1652 = EDGE_LOOP ( 'NONE', ( #6183, #9436, #1984, #5128 ) ) ;
#1653 = CARTESIAN_POINT ( 'NONE',  ( -0.2115272104199381609, -0.05809391080317077155, 0.2484999999999999709 ) ) ;
#1654 = PLANE ( 'NONE',  #4037 ) ;
#1655 = CARTESIAN_POINT ( 'NONE',  ( -0.2190051174776823650, -0.06036049734866992533, 0.2485000000000000264 ) ) ;
#1656 = CIRCLE ( 'NONE', #2796, 0.01949999999999988895 ) ;
#1657 = FACE_BOUND ( 'NONE', #105, .T. ) ;
#1658 = COLOUR_RGB ( '',0.9294117647058823817, 0.7607843137254901578, 0.4784313725490195734 ) ;
#1659 = ORIENTED_EDGE ( 'NONE', *, *, #7672, .F. ) ;
#1660 = AXIS2_PLACEMENT_3D ( 'NONE', #5520, #6228, #1510 ) ;
#1661 = ORIENTED_EDGE ( 'NONE', *, *, #7673, .F. ) ;
#1662 = CARTESIAN_POINT ( 'NONE',  ( -0.002000000000000006113, 0.05600000000000000810, -0.2795000000000000262 ) ) ;
#1663 = AXIS2_PLACEMENT_3D ( 'NONE', #97, #5570, #8579 ) ;
#1664 = CARTESIAN_POINT ( 'NONE',  ( 0.2609115348192674322, 0.2155000000000000526, -0.1695000000000000673 ) ) ;
#1665 = CARTESIAN_POINT ( 'NONE',  ( -0.2206799970538751432, -0.05338352936124791948, 0.2484999999999999987 ) ) ;
#1666 = CARTESIAN_POINT ( 'NONE',  ( -0.2374350646498703532, -0.05679464610918816964, 0.2505000000000000004 ) ) ;
#1667 = EDGE_LOOP ( 'NONE', ( #3513, #5861, #8144, #4017 ) ) ;
#1668 = CARTESIAN_POINT ( 'NONE',  ( 0.2385029052043940168, 0.1046887404145068756, 0.2504999999999999449 ) ) ;
#1669 = CARTESIAN_POINT ( 'NONE',  ( -0.2211506599856837563, -0.06343861344840141803, 0.2484999999999999987 ) ) ;
#1670 = PRESENTATION_LAYER_ASSIGNMENT (  '', '', ( #4326 ) ) ;
#1671 = EDGE_CURVE ( 'NONE', #6221, #6187, #952, .T. ) ;
#1672 = DIRECTION ( 'NONE',  ( -1.000000000000000000, 0.0000000000000000000, 0.0000000000000000000 ) ) ;
#1673 = PRESENTATION_STYLE_ASSIGNMENT (( #9445 ) ) ;
#1674 = CARTESIAN_POINT ( 'NONE',  ( -0.2301174295666930936, -0.07011820335873242271, 0.2484999999999998876 ) ) ;
#1675 = CARTESIAN_POINT ( 'NONE',  ( 0.2520824406929609296, 0.1209459635416667289, 0.2505000000000000004 ) ) ;
#1676 = DIRECTION ( 'NONE',  ( -0.0000000000000000000, -0.0000000000000000000, -1.000000000000000000 ) ) ;
#1677 =( NAMED_UNIT ( * ) SI_UNIT ( $, .STERADIAN. ) SOLID_ANGLE_UNIT ( ) );
#1678 = DIRECTION ( 'NONE',  ( -1.000000000000000000, 0.0000000000000000000, 0.0000000000000000000 ) ) ;
#1679 = ORIENTED_EDGE ( 'NONE', *, *, #7122, .T. ) ;
#1680 = ORIENTED_EDGE ( 'NONE', *, *, #5551, .T. ) ;
#1681 = COLOUR_RGB ( '',0.7529411764705882248, 0.7529411764705882248, 0.7529411764705882248 ) ;
#1682 = ORIENTED_EDGE ( 'NONE', *, *, #7673, .T. ) ;
#1683 = CIRCLE ( 'NONE', #1998, 0.01949999999999987507 ) ;
#1684 = EDGE_LOOP ( 'NONE', ( #1043, #1250, #5850, #9640 ) ) ;
#1685 = EDGE_LOOP ( 'NONE', ( #9188, #6566, #7340, #2883 ) ) ;
#1686 = DIRECTION ( 'NONE',  ( 0.0000000000000000000, 0.0000000000000000000, -1.000000000000000000 ) ) ;
#1687 =( NAMED_UNIT ( * ) PLANE_ANGLE_UNIT ( ) SI_UNIT ( $, .RADIAN. ) );
#1688 = CARTESIAN_POINT ( 'NONE',  ( -0.2201318921480915347, -0.05397438503596035247, 0.2505000000000000560 ) ) ;
#1689 = CARTESIAN_POINT ( 'NONE',  ( -0.2242669897029559989, -0.07927754407051282315, 0.2505000000000000560 ) ) ;
#1690 = CARTESIAN_POINT ( 'NONE',  ( -0.1854999999999999705, -0.05599999999999999423, -0.3395000000000000240 ) ) ;
#1691 = AXIS2_PLACEMENT_3D ( 'NONE', #10078, #4769, #4632 ) ;
#1692 = DIRECTION ( 'NONE',  ( 0.0000000000000000000, 0.0000000000000000000, 1.000000000000000000 ) ) ;
#1693 = EDGE_CURVE ( 'NONE', #9079, #1634, #8782, .T. ) ;
#1694 = CIRCLE ( 'NONE', #615, 0.02999999999999998848 ) ;
#1695 = EDGE_CURVE ( 'NONE', #5941, #3667, #5241, .T. ) ;
#1696 = ORIENTED_EDGE ( 'NONE', *, *, #2336, .F. ) ;
#1697 = DIRECTION ( 'NONE',  ( 1.000000000000000000, -6.543999663421849787E-17, 0.0000000000000000000 ) ) ;
#1698 = ADVANCED_FACE ( 'NONE', ( #4739 ), #2299, .T. ) ;
#1699 = ORIENTED_EDGE ( 'NONE', *, *, #4190, .T. ) ;
#1700 = CARTESIAN_POINT ( 'NONE',  ( 0.3396961550602441426, 0.08160814578664549179, -0.1494999999999999940 ) ) ;
#1701 = CARTESIAN_POINT ( 'NONE',  ( -0.5450000000000000400, -0.1869999999999998330, -0.01949999999999999997 ) ) ;
#1702 = UNCERTAINTY_MEASURE_WITH_UNIT (LENGTH_MEASURE( 1.000000000000000082E-05 ), #1095, 'distance_accuracy_value', 'NONE');
#1703 = DIRECTION ( 'NONE',  ( 0.0000000000000000000, -1.000000000000000000, 0.0000000000000000000 ) ) ;
#1704 = CARTESIAN_POINT ( 'NONE',  ( -0.2695395540611373320, -0.08591889066001594244, 0.2505000000000000004 ) ) ;
#1705 = DIRECTION ( 'NONE',  ( -0.0000000000000000000, -0.0000000000000000000, 1.000000000000000000 ) ) ;
#1706 = ORIENTED_EDGE ( 'NONE', *, *, #8762, .T. ) ;
#1707 = CARTESIAN_POINT ( 'NONE',  ( -0.2205994018873632112, -0.06968383162069520520, 0.2505000000000001115 ) ) ;
#1708 = CIRCLE ( 'NONE', #1392, 0.01999999999999995878 ) ;
#1709 = AXIS2_PLACEMENT_3D ( 'NONE', #4770, #9590, #2439 ) ;
#1710 = AXIS2_PLACEMENT_3D ( 'NONE', #4362, #1991, #5797 ) ;
#1711 = AXIS2_PLACEMENT_3D ( 'NONE', #5108, #640, #2113 ) ;
#1712 = UNCERTAINTY_MEASURE_WITH_UNIT (LENGTH_MEASURE( 1.000000000000000082E-05 ), #7273, 'distance_accuracy_value', 'NONE');
#1713 = CARTESIAN_POINT ( 'NONE',  ( -0.05650000000000001549, -0.05600000000000000810, -0.2195000000000000007 ) ) ;
#1714 = CARTESIAN_POINT ( 'NONE',  ( 0.2609115348192674322, 0.09550000000000004319, -0.2195000000000000839 ) ) ;
#1715 = SURFACE_STYLE_USAGE ( .BOTH. , #7127 ) ;
#1716 =( CONVERSION_BASED_UNIT ( 'INCH', #4669 ) LENGTH_UNIT ( ) NAMED_UNIT ( #200 ) );
#1717 = DIRECTION ( 'NONE',  ( 0.0000000000000000000, 0.0000000000000000000, 1.000000000000000000 ) ) ;
#1718 = ORIENTED_EDGE ( 'NONE', *, *, #4382, .F. ) ;
#1719 = DIMENSIONAL_EXPONENTS ( 1.000000000000000000, 0.0000000000000000000, 0.0000000000000000000, 0.0000000000000000000, 0.0000000000000000000, 0.0000000000000000000, 0.0000000000000000000 ) ;
#1720 =( NAMED_UNIT ( * ) PLANE_ANGLE_UNIT ( ) SI_UNIT ( $, .RADIAN. ) );
#1721 =( NAMED_UNIT ( * ) SI_UNIT ( $, .STERADIAN. ) SOLID_ANGLE_UNIT ( ) );
#1722 = PRESENTATION_STYLE_ASSIGNMENT (( #1917 ) ) ;
#1723 = SURFACE_SIDE_STYLE ('',( #76 ) ) ;
#1724 = CARTESIAN_POINT ( 'NONE',  ( -0.2201318921480915347, -0.05397438503596035247, 0.2484999999999999987 ) ) ;
#1725 = DIRECTION ( 'NONE',  ( 1.000000000000000000, -0.0000000000000000000, -0.0000000000000000000 ) ) ;
#1726 = FACE_OUTER_BOUND ( 'NONE', #1442, .T. ) ;
#1727 = EDGE_LOOP ( 'NONE', ( #4427, #9681, #6544, #9477 ) ) ;
#1728 = DIRECTION ( 'NONE',  ( -0.0000000000000000000, -0.0000000000000000000, -1.000000000000000000 ) ) ;
#1729 = SURFACE_STYLE_USAGE ( .BOTH. , #813 ) ;
#1730 = AXIS2_PLACEMENT_3D ( 'NONE', #3263, #5468, #1593 ) ;
#1731 = ORIENTED_EDGE ( 'NONE', *, *, #7062, .T. ) ;
#1732 = CARTESIAN_POINT ( 'NONE',  ( 0.2104510888804048407, -0.2154999999999999971, -0.1695000000000000673 ) ) ;
#1733 = FACE_OUTER_BOUND ( 'NONE', #9743, .T. ) ;
#1734 = VECTOR ( 'NONE', #6128, 39.37007874015748143 ) ;
#1735 = PLANE ( 'NONE',  #5671 ) ;
#1736 = ORIENTED_EDGE ( 'NONE', *, *, #6745, .T. ) ;
#1737 = DIRECTION ( 'NONE',  ( -0.0000000000000000000, -0.0000000000000000000, 1.000000000000000000 ) ) ;
#1738 =( CONVERSION_BASED_UNIT ( 'INCH', #3901 ) LENGTH_UNIT ( ) NAMED_UNIT ( #8305 ) );
#1739 =( NAMED_UNIT ( * ) SI_UNIT ( $, .STERADIAN. ) SOLID_ANGLE_UNIT ( ) );
#1740 = ORIENTED_EDGE ( 'NONE', *, *, #774, .F. ) ;
#1741 = PRESENTATION_LAYER_ASSIGNMENT (  '', '', ( #4189 ) ) ;
#1742 = EDGE_CURVE ( 'NONE', #9962, #848, #1307, .T. ) ;
#1743 = SURFACE_STYLE_FILL_AREA ( #2675 ) ;
#1744 = LINE ( 'NONE', #4178, #4213 ) ;
#1745 = ORIENTED_EDGE ( 'NONE', *, *, #7490, .T. ) ;
#1746 = ORIENTED_EDGE ( 'NONE', *, *, #2292, .T. ) ;
#1747 = CARTESIAN_POINT ( 'NONE',  ( -0.2104510888804048685, -0.2154999999999999971, -0.03950000000000000039 ) ) ;
#1748 = FILL_AREA_STYLE_COLOUR ( '', #7270 ) ;
#1749 = CARTESIAN_POINT ( 'NONE',  ( 0.2104510888804048685, -0.1355000000000000093, 0.2515000000000000013 ) ) ;
#1750 =( NAMED_UNIT ( * ) PLANE_ANGLE_UNIT ( ) SI_UNIT ( $, .RADIAN. ) );
#1751 = SURFACE_STYLE_USAGE ( .BOTH. , #6463 ) ;
#1752 = FACE_OUTER_BOUND ( 'NONE', #8314, .T. ) ;
#1753 = ORIENTED_EDGE ( 'NONE', *, *, #281, .F. ) ;
#1754 = EDGE_LOOP ( 'NONE', ( #8342, #7083, #4247, #7756 ) ) ;
#1756 = SURFACE_STYLE_FILL_AREA ( #1241 ) ;
#1755 = AXIS2_PLACEMENT_3D ( 'NONE', #4955, #3451, #9731 ) ;
#1757 = EDGE_CURVE ( 'NONE', #3795, #4570, #9377, .T. ) ;
#1758 = EDGE_CURVE ( 'NONE', #7876, #1859, #4388, .T. ) ;
#1759 = CARTESIAN_POINT ( 'NONE',  ( 0.2376540773755735636, 0.1120405787827159494, 0.2504999999999999449 ) ) ;
#1760 = CARTESIAN_POINT ( 'NONE',  ( -0.2119795348179118466, -0.07470562594050075833, 0.2505000000000000560 ) ) ;
#1761 = CARTESIAN_POINT ( 'NONE',  ( 0.2104510888804048685, -0.07550000000000001155, 0.03949999999999997957 ) ) ;
#1762 = UNCERTAINTY_MEASURE_WITH_UNIT (LENGTH_MEASURE( 1.000000000000000082E-05 ), #478, 'distance_accuracy_value', 'NONE');
#1763 = LINE ( 'NONE', #159, #5205 ) ;
#1764 =( NAMED_UNIT ( * ) SI_UNIT ( $, .STERADIAN. ) SOLID_ANGLE_UNIT ( ) );
#1765 = CYLINDRICAL_SURFACE ( 'NONE', #9143, 0.01999999999999995878 ) ;
#1766 = SURFACE_STYLE_FILL_AREA ( #9911 ) ;
#1767 = ORIENTED_EDGE ( 'NONE', *, *, #6356, .T. ) ;
#1768 = LINE ( 'NONE', #5050, #9848 ) ;
#1769 = FILL_AREA_STYLE_COLOUR ( '', #3924 ) ;
#1770 = CARTESIAN_POINT ( 'NONE',  ( -0.2266150559893497507, -0.05211965239702479047, 0.2485000000000000542 ) ) ;
#1771 = AXIS2_PLACEMENT_3D ( 'NONE', #9247, #1469, #9277 ) ;
#1772 = SURFACE_STYLE_USAGE ( .BOTH. , #8046 ) ;
#1773 = DIMENSIONAL_EXPONENTS ( 1.000000000000000000, 0.0000000000000000000, 0.0000000000000000000, 0.0000000000000000000, 0.0000000000000000000, 0.0000000000000000000, 0.0000000000000000000 ) ;
#1774 = DIRECTION ( 'NONE',  ( 0.0000000000000000000, 0.0000000000000000000, -1.000000000000000000 ) ) ;
#1775 = LENGTH_MEASURE_WITH_UNIT ( LENGTH_MEASURE( 0.02539999999999999897 ), #731 );
#1776 = ORIENTED_EDGE ( 'NONE', *, *, #9360, .F. ) ;
#1777 = CARTESIAN_POINT ( 'NONE',  ( 0.1959999999999998965, 0.05600000000000000810, -0.2195000000000000007 ) ) ;
#1778 = ORIENTED_EDGE ( 'NONE', *, *, #5963, .F. ) ;
#1779 = CARTESIAN_POINT ( 'NONE',  ( -0.2184310987881229182, -0.06788561209914570349, 0.2505000000000000004 ) ) ;
#1780 = TOROIDAL_SURFACE ( 'NONE', #8635, 0.09999999999999999167, 0.02000000000000000042 ) ;
#1781 = FACE_OUTER_BOUND ( 'NONE', #7446, .T. ) ;
#1782 = DIRECTION ( 'NONE',  ( 0.0000000000000000000, 0.0000000000000000000, 1.000000000000000000 ) ) ;
#1783 = SURFACE_SIDE_STYLE ('',( #10038 ) ) ;
#1784 = CARTESIAN_POINT ( 'NONE',  ( 0.1809999999999998832, -0.05600000000000000810, -0.03565432893255038316 ) ) ;
#1785 = DIRECTION ( 'NONE',  ( -1.000000000000000000, 0.0000000000000000000, 0.0000000000000000000 ) ) ;
#1786 =( LENGTH_UNIT ( ) NAMED_UNIT ( * ) SI_UNIT ( $, .METRE. ) );
#1787 = CARTESIAN_POINT ( 'NONE',  ( 0.5480000000000000426, 6.858022075225185886E-18, -0.01949999999999999997 ) ) ;
#1788 = EDGE_LOOP ( 'NONE', ( #1602, #7911 ) ) ;
#1789 = STYLED_ITEM ( 'NONE', ( #5131 ), #5154 ) ;
#1790 =( GEOMETRIC_REPRESENTATION_CONTEXT ( 3 ) GLOBAL_UNCERTAINTY_ASSIGNED_CONTEXT ( ( #2526 ) ) GLOBAL_UNIT_ASSIGNED_CONTEXT ( ( #2404, #776, #1647 ) ) REPRESENTATION_CONTEXT ( 'NONE', 'WORKASPACE' ) );
#1791 = VECTOR ( 'NONE', #642, 39.37007874015748143 ) ;
#1792 = AXIS2_PLACEMENT_3D ( 'NONE', #10054, #10121, #4533 ) ;
#1793 = FILL_AREA_STYLE_COLOUR ( '', #650 ) ;
#1794 = VECTOR ( 'NONE', #7689, 39.37007874015748143 ) ;
#1795 = CARTESIAN_POINT ( 'NONE',  ( -0.2223383535309143844, -0.08573715522084403295, 0.2505000000000001670 ) ) ;
#1796 = COLOUR_RGB ( '',0.9294117647058823817, 0.7607843137254901578, 0.4784313725490195734 ) ;
#1797 =( NAMED_UNIT ( * ) SI_UNIT ( $, .STERADIAN. ) SOLID_ANGLE_UNIT ( ) );
#1798 = CARTESIAN_POINT ( 'NONE',  ( 0.3680203293623581229, -0.1032837084267091282, -0.03950000000000000039 ) ) ;
#1799 = VERTEX_POINT ( 'NONE', #2945 ) ;
#1800 = CARTESIAN_POINT ( 'NONE',  ( -0.2609115348192674322, 0.1355000000000000648, 0.2505000000000000004 ) ) ;
#1801 = DIRECTION ( 'NONE',  ( 1.000000000000000000, 0.0000000000000000000, 0.0000000000000000000 ) ) ;
#1802 = SURFACE_STYLE_FILL_AREA ( #5269 ) ;
#1803 = ORIENTED_EDGE ( 'NONE', *, *, #5567, .F. ) ;
#1804 = LINE ( 'NONE', #6392, #8916 ) ;
#1805 = AXIS2_PLACEMENT_3D ( 'NONE', #6633, #4399, #3682 ) ;
#1806 = EDGE_CURVE ( 'NONE', #9824, #4717, #8531, .T. ) ;
#1807 = DIRECTION ( 'NONE',  ( -0.0000000000000000000, -0.0000000000000000000, 1.000000000000000000 ) ) ;
#1808 = FILL_AREA_STYLE ('',( #7407 ) ) ;
#1809 = CARTESIAN_POINT ( 'NONE',  ( -0.002000000000000006113, 0.05600000000000000810, -0.2795000000000000262 ) ) ;
#1810 = ORIENTED_EDGE ( 'NONE', *, *, #2626, .F. ) ;
#1811 = DIRECTION ( 'NONE',  ( -0.0000000000000000000, -0.0000000000000000000, 1.000000000000000000 ) ) ;
#1812 = DIRECTION ( 'NONE',  ( -0.0000000000000000000, -0.0000000000000000000, -1.000000000000000000 ) ) ;
#1813 = CARTESIAN_POINT ( 'NONE',  ( -0.1110000000000000014, 0.05600000000000000810, 0.01949999999999999997 ) ) ;
#1814 = VECTOR ( 'NONE', #9647, 39.37007874015748143 ) ;
#1815 = VERTEX_POINT ( 'NONE', #1256 ) ;
#1816 = CARTESIAN_POINT ( 'NONE',  ( -0.2245175924757888963, -0.07095868196105205306, 0.2504999999999999449 ) ) ;
#1817 = MECHANICAL_DESIGN_GEOMETRIC_PRESENTATION_REPRESENTATION (  '', ( #2819 ), #7068 ) ;
#1818 = EDGE_CURVE ( 'NONE', #2143, #26, #2053, .T. ) ;
#1819 =( GEOMETRIC_REPRESENTATION_CONTEXT ( 3 ) GLOBAL_UNCERTAINTY_ASSIGNED_CONTEXT ( ( #3289 ) ) GLOBAL_UNIT_ASSIGNED_CONTEXT ( ( #3847, #7677, #5344 ) ) REPRESENTATION_CONTEXT ( 'NONE', 'WORKASPACE' ) );
#1820 = DIRECTION ( 'NONE',  ( 1.000000000000000000, 0.0000000000000000000, -0.0000000000000000000 ) ) ;
#1821 = VECTOR ( 'NONE', #5950, 39.37007874015748143 ) ;
#1822 = CARTESIAN_POINT ( 'NONE',  ( -0.2195090675318231155, -0.07550007305500083810, 0.2484999999999999987 ) ) ;
#1823 = CARTESIAN_POINT ( 'NONE',  ( 0.2104510888804048685, -0.1754999999999999893, -0.1694999999999999840 ) ) ;
#1824 = CARTESIAN_POINT ( 'NONE',  ( -0.2215127359930952056, -0.07015198774650804880, 0.2484999999999999709 ) ) ;
#1825 = CARTESIAN_POINT ( 'NONE',  ( 0.1615000000000000047, -0.05600000000000000810, -0.2013975032409335841 ) ) ;
#1826 = ORIENTED_EDGE ( 'NONE', *, *, #698, .T. ) ;
#1827 = CIRCLE ( 'NONE', #7375, 0.02999999999999995379 ) ;
#1828 = ORIENTED_EDGE ( 'NONE', *, *, #9104, .T. ) ;
#1829 = DIRECTION ( 'NONE',  ( -1.000000000000000000, 0.0000000000000000000, 0.0000000000000000000 ) ) ;
#1830 = CARTESIAN_POINT ( 'NONE',  ( 0.1615000000000000047, -0.05600000000000000810, 0.01949999999999999997 ) ) ;
#1831 =( NAMED_UNIT ( * ) PLANE_ANGLE_UNIT ( ) SI_UNIT ( $, .RADIAN. ) );
#1832 = FILL_AREA_STYLE ('',( #9664 ) ) ;
#1833 = CIRCLE ( 'NONE', #7371, 0.02000000000000009409 ) ;
#1834 = CARTESIAN_POINT ( 'NONE',  ( -0.3609115348192674655, 0.09550000000000004319, -0.1694999999999999840 ) ) ;
#1835 = DIRECTION ( 'NONE',  ( 1.000000000000000000, 0.0000000000000000000, 0.0000000000000000000 ) ) ;
#1836 = PRESENTATION_LAYER_ASSIGNMENT (  '', '', ( #7434 ) ) ;
#1837 = EDGE_CURVE ( 'NONE', #9280, #9833, #4147, .T. ) ;
#1838 =( GEOMETRIC_REPRESENTATION_CONTEXT ( 3 ) GLOBAL_UNCERTAINTY_ASSIGNED_CONTEXT ( ( #8563 ) ) GLOBAL_UNIT_ASSIGNED_CONTEXT ( ( #4768, #4019, #8734 ) ) REPRESENTATION_CONTEXT ( 'NONE', 'WORKASPACE' ) );
#1839 = CYLINDRICAL_SURFACE ( 'NONE', #1996, 0.02999999999999995379 ) ;
#1840 = LENGTH_MEASURE_WITH_UNIT ( LENGTH_MEASURE( 0.02539999999999999897 ), #3805 );
#1841 = SURFACE_STYLE_USAGE ( .BOTH. , #1907 ) ;
#1842 = CARTESIAN_POINT ( 'NONE',  ( 0.2349701453376489280, 0.1107694300974429030, 0.2484999999999999709 ) ) ;
#1843 = FILL_AREA_STYLE ('',( #5724 ) ) ;
#1844 = VECTOR ( 'NONE', #9544, 39.37007874015748143 ) ;
#1845 = DIRECTION ( 'NONE',  ( 0.0000000000000000000, 0.0000000000000000000, 1.000000000000000000 ) ) ;
#1846 = CARTESIAN_POINT ( 'NONE',  ( -0.2187980342961800828, -0.05841449196318274778, 0.2505000000000000560 ) ) ;
#1847 = DIMENSIONAL_EXPONENTS ( 1.000000000000000000, 0.0000000000000000000, 0.0000000000000000000, 0.0000000000000000000, 0.0000000000000000000, 0.0000000000000000000, 0.0000000000000000000 ) ;
#1848 = AXIS2_PLACEMENT_3D ( 'NONE', #5086, #8285, #392 ) ;
#1849 = ADVANCED_FACE ( 'NONE', ( #6843 ), #7564, .F. ) ;
#1850 = EDGE_LOOP ( 'NONE', ( #2637, #1826 ) ) ;
#1851 = PRESENTATION_LAYER_ASSIGNMENT (  '', '', ( #5873 ) ) ;
#1852 = CIRCLE ( 'NONE', #7989, 0.02999999999999998848 ) ;
#1853 = CARTESIAN_POINT ( 'NONE',  ( -0.5450000000000000400, -0.2469999999999998586, 0.01949999999999999997 ) ) ;
#1854 = LINE ( 'NONE', #7706, #9919 ) ;
#1855 = CARTESIAN_POINT ( 'NONE',  ( -0.07599999999999988709, -0.05600000000000000810, 0.2505000000000000004 ) ) ;
#1857 = ORIENTED_EDGE ( 'NONE', *, *, #4130, .F. ) ;
#1856 = PRESENTATION_STYLE_ASSIGNMENT (( #1729 ) ) ;
#1858 = DIMENSIONAL_EXPONENTS ( 1.000000000000000000, 0.0000000000000000000, 0.0000000000000000000, 0.0000000000000000000, 0.0000000000000000000, 0.0000000000000000000, 0.0000000000000000000 ) ;
#1859 = VERTEX_POINT ( 'NONE', #8308 ) ;
#1860 =( NAMED_UNIT ( * ) SI_UNIT ( $, .STERADIAN. ) SOLID_ANGLE_UNIT ( ) );
#1861 = FILL_AREA_STYLE_COLOUR ( '', #5099 ) ;
#1862 = CIRCLE ( 'NONE', #6410, 0.08000000000000000167 ) ;
#1863 = PLANE ( 'NONE',  #6602 ) ;
#1864 = CARTESIAN_POINT ( 'NONE',  ( -0.2295204988368214349, -0.08537002749999611506, 0.2484999999999999709 ) ) ;
#1865 =( GEOMETRIC_REPRESENTATION_CONTEXT ( 3 ) GLOBAL_UNCERTAINTY_ASSIGNED_CONTEXT ( ( #7495 ) ) GLOBAL_UNIT_ASSIGNED_CONTEXT ( ( #5022, #8880, #8136 ) ) REPRESENTATION_CONTEXT ( 'NONE', 'WORKASPACE' ) );
#1866 = EDGE_CURVE ( 'NONE', #5858, #7087, #6096, .T. ) ;
#1867 = LINE ( 'NONE', #3593, #404 ) ;
#1868 = DIRECTION ( 'NONE',  ( 0.1736481776669308030, -0.9848077530122080203, -0.0000000000000000000 ) ) ;
#1869 = VECTOR ( 'NONE', #4890, 39.37007874015748143 ) ;
#1870 = AXIS2_PLACEMENT_3D ( 'NONE', #130, #3990, #7177 ) ;
#1871 = ORIENTED_EDGE ( 'NONE', *, *, #1186, .T. ) ;
#1872 = CARTESIAN_POINT ( 'NONE',  ( -0.05650000000000001549, -0.05600000000000000810, -0.2795000000000000262 ) ) ;
#1873 = FILL_AREA_STYLE_COLOUR ( '', #6870 ) ;
#1874 = CARTESIAN_POINT ( 'NONE',  ( -0.2256393086952790950, -0.05184182475589806105, 0.2505000000000000004 ) ) ;
#1875 = LENGTH_MEASURE_WITH_UNIT ( LENGTH_MEASURE( 0.02539999999999999897 ), #1596 );
#1876 = CARTESIAN_POINT ( 'NONE',  ( 0.5449999999999999289, 0.1870000000000001106, -0.01949999999999999997 ) ) ;
#1877 = ORIENTED_EDGE ( 'NONE', *, *, #3998, .F. ) ;
#1878 = CARTESIAN_POINT ( 'NONE',  ( -0.2198576046473258438, -0.07630794426412908227, 0.2505000000000000560 ) ) ;
#1879 =( LENGTH_UNIT ( ) NAMED_UNIT ( * ) SI_UNIT ( $, .METRE. ) );
#1881 = ORIENTED_EDGE ( 'NONE', *, *, #7421, .F. ) ;
#1880 = CIRCLE ( 'NONE', #3748, 0.02000000000000007674 ) ;
#1882 = MECHANICAL_DESIGN_GEOMETRIC_PRESENTATION_REPRESENTATION (  '', ( #5900 ), #773 ) ;
#1883 = EDGE_CURVE ( 'NONE', #4725, #7424, #3637, .T. ) ;
#1884 = FACE_OUTER_BOUND ( 'NONE', #10117, .T. ) ;
#1885 = FACE_OUTER_BOUND ( 'NONE', #9943, .T. ) ;
#1886 = ORIENTED_EDGE ( 'NONE', *, *, #464, .F. ) ;
#1887 = DIRECTION ( 'NONE',  ( 1.000000000000000000, 0.0000000000000000000, -0.0000000000000000000 ) ) ;
#1888 = ORIENTED_EDGE ( 'NONE', *, *, #1757, .F. ) ;
#1889 = CARTESIAN_POINT ( 'NONE',  ( -0.3680203293623581229, -0.1032837084267090033, -0.01949999999999999997 ) ) ;
#1890 = DIRECTION ( 'NONE',  ( -0.1736481776669316357, 0.9848077530122079093, 0.0000000000000000000 ) ) ;
#1891 = UNCERTAINTY_MEASURE_WITH_UNIT (LENGTH_MEASURE( 1.000000000000000082E-05 ), #10009, 'distance_accuracy_value', 'NONE');
#1892 = SURFACE_STYLE_FILL_AREA ( #9278 ) ;
#1893 = STYLED_ITEM ( 'NONE', ( #10065 ), #8470 ) ;
#1894 = COLOUR_RGB ( '',0.9294117647058823817, 0.7607843137254901578, 0.4784313725490195734 ) ;
#1895 = EDGE_CURVE ( 'NONE', #7154, #2561, #7794, .T. ) ;
#1896 = EDGE_CURVE ( 'NONE', #3993, #1638, #4006, .T. ) ;
#1897 = LENGTH_MEASURE_WITH_UNIT ( LENGTH_MEASURE( 0.02539999999999999897 ), #360 );
#1898 = DIRECTION ( 'NONE',  ( -0.0000000000000000000, -0.0000000000000000000, 1.000000000000000000 ) ) ;
#1899 = ORIENTED_EDGE ( 'NONE', *, *, #10035, .F. ) ;
#1900 = DIRECTION ( 'NONE',  ( -0.0000000000000000000, -0.0000000000000000000, 1.000000000000000000 ) ) ;
#1901 = ORIENTED_EDGE ( 'NONE', *, *, #790, .T. ) ;
#1902 = DIRECTION ( 'NONE',  ( -0.0000000000000000000, -0.0000000000000000000, 1.000000000000000000 ) ) ;
#1903 = PRESENTATION_STYLE_ASSIGNMENT (( #6640 ) ) ;
#1904 = CARTESIAN_POINT ( 'NONE',  ( 0.02799999999999997977, 0.05599999999999999423, -0.3395000000000000240 ) ) ;
#1905 = FILL_AREA_STYLE ('',( #2634 ) ) ;
#1906 = ORIENTED_EDGE ( 'NONE', *, *, #9051, .T. ) ;
#1907 = SURFACE_SIDE_STYLE ('',( #5018 ) ) ;
#1908 = CARTESIAN_POINT ( 'NONE',  ( 0.2104510888804048685, -0.1355000000000000093, 0.2505000000000000004 ) ) ;
#1909 = CARTESIAN_POINT ( 'NONE',  ( -0.3483241743021139869, -0.09981074487337042445, -0.1494999999999999940 ) ) ;
#1910 = STYLED_ITEM ( 'NONE', ( #2312 ), #1261 ) ;
#1911 = CARTESIAN_POINT ( 'NONE',  ( -0.2304283621695252526, -0.08500843797080873121, 0.2505000000000000004 ) ) ;
#1912 = CARTESIAN_POINT ( 'NONE',  ( 0.2609115348192674322, 0.1555000000000000826, -0.9827025327494508522 ) ) ;
#1913 = CARTESIAN_POINT ( 'NONE',  ( -0.2186757247657050152, -0.07220106897743303054, 0.2505000000000000560 ) ) ;
#1914 = AXIS2_PLACEMENT_3D ( 'NONE', #1978, #5098, #5136 ) ;
#1915 = CARTESIAN_POINT ( 'NONE',  ( -0.2273063806311158008, -0.06339872316183629841, 0.2484999999999999154 ) ) ;
#1916 = VERTEX_POINT ( 'NONE', #581 ) ;
#1917 = SURFACE_STYLE_USAGE ( .BOTH. , #6697 ) ;
#1918 = ORIENTED_EDGE ( 'NONE', *, *, #1334, .T. ) ;
#1919 = FACE_OUTER_BOUND ( 'NONE', #3579, .T. ) ;
#1920 = CARTESIAN_POINT ( 'NONE',  ( -0.2609115348192674322, 0.1355000000000000648, 0.2515000000000000013 ) ) ;
#1921 = CARTESIAN_POINT ( 'NONE',  ( -0.3593923101204881676, 0.07813518223330696844, -0.1494999999999999940 ) ) ;
#1922 = CYLINDRICAL_SURFACE ( 'NONE', #2289, 0.07999999999999998779 ) ;
#1923 = FILL_AREA_STYLE_COLOUR ( '', #6071 ) ;
#1924 = CARTESIAN_POINT ( 'NONE',  ( -0.2181822704281579373, -0.06761854135888252515, 0.2505000000000000004 ) ) ;
#1925 = CARTESIAN_POINT ( 'NONE',  ( -0.2248493639499632157, -0.08600659151928985446, 0.2484999999999999987 ) ) ;
#1926 = DIRECTION ( 'NONE',  ( 0.0000000000000000000, 1.000000000000000000, 0.0000000000000000000 ) ) ;
#1927 = AXIS2_PLACEMENT_3D ( 'NONE', #7111, #9461, #6373 ) ;
#1928 = PRESENTATION_LAYER_ASSIGNMENT (  '', '', ( #233 ) ) ;
#1929 = DIMENSIONAL_EXPONENTS ( 1.000000000000000000, 0.0000000000000000000, 0.0000000000000000000, 0.0000000000000000000, 0.0000000000000000000, 0.0000000000000000000, 0.0000000000000000000 ) ;
#1930 = STYLED_ITEM ( 'NONE', ( #2159 ), #2412 ) ;
#1931 =( NAMED_UNIT ( * ) PLANE_ANGLE_UNIT ( ) SI_UNIT ( $, .RADIAN. ) );
#1932 = DIRECTION ( 'NONE',  ( 0.0000000000000000000, 0.0000000000000000000, -1.000000000000000000 ) ) ;
#1933 = FACE_OUTER_BOUND ( 'NONE', #6737, .T. ) ;
#1934 = CIRCLE ( 'NONE', #3517, 0.05999999999999997696 ) ;
#1935 = VERTEX_POINT ( 'NONE', #5996 ) ;
#1936 = CARTESIAN_POINT ( 'NONE',  ( -0.2241859681413740923, -0.06423994224091877925, 0.2505000000000000004 ) ) ;
#1937 = LINE ( 'NONE', #7687, #9987 ) ;
#1938 = ORIENTED_EDGE ( 'NONE', *, *, #635, .F. ) ;
#1939 = DIRECTION ( 'NONE',  ( 0.0000000000000000000, -1.000000000000000000, 0.0000000000000000000 ) ) ;
#1940 = DIRECTION ( 'NONE',  ( 0.1736481776669315802, 0.9848077530122079093, 0.0000000000000000000 ) ) ;
#1941 = LINE ( 'NONE', #5280, #1096 ) ;
#1942 = MECHANICAL_DESIGN_GEOMETRIC_PRESENTATION_REPRESENTATION (  '', ( #1535 ), #3330 ) ;
#1943 = EDGE_CURVE ( 'NONE', #6148, #9742, #5462, .T. ) ;
#1944 = PLANE ( 'NONE',  #5735 ) ;
#1945 =( LENGTH_UNIT ( ) NAMED_UNIT ( * ) SI_UNIT ( $, .METRE. ) );
#1946 = SURFACE_SIDE_STYLE ('',( #4261 ) ) ;
#1947 = DIRECTION ( 'NONE',  ( -0.1736481776669315247, -0.9848077530122077983, 0.0000000000000000000 ) ) ;
#1948 = DIRECTION ( 'NONE',  ( 0.0000000000000000000, 0.0000000000000000000, -1.000000000000000000 ) ) ;
#1949 = ORIENTED_EDGE ( 'NONE', *, *, #4557, .F. ) ;
#1950 =( NAMED_UNIT ( * ) SI_UNIT ( $, .STERADIAN. ) SOLID_ANGLE_UNIT ( ) );
#1951 = CARTESIAN_POINT ( 'NONE',  ( -0.2202525223033318935, -0.07697401285186579456, 0.2485000000000000264 ) ) ;
#1952 = LINE ( 'NONE', #1312, #6365 ) ;
#1953 = ORIENTED_EDGE ( 'NONE', *, *, #5102, .F. ) ;
#1954 =( NAMED_UNIT ( * ) PLANE_ANGLE_UNIT ( ) SI_UNIT ( $, .RADIAN. ) );
#1955 = LINE ( 'NONE', #1209, #1821 ) ;
#1956 = UNCERTAINTY_MEASURE_WITH_UNIT (LENGTH_MEASURE( 1.000000000000000082E-05 ), #5608, 'distance_accuracy_value', 'NONE');
#1957 = FACE_BOUND ( 'NONE', #6113, .T. ) ;
#1958 = ADVANCED_FACE ( 'NONE', ( #7922 ), #3764, .T. ) ;
#1959 = PRESENTATION_LAYER_ASSIGNMENT (  '', '', ( #1111 ) ) ;
#1960 = CARTESIAN_POINT ( 'NONE',  ( -0.2104510888804048685, -0.1755000000000000171, 0.01949999999999999997 ) ) ;
#1961 = LENGTH_MEASURE_WITH_UNIT ( LENGTH_MEASURE( 0.02539999999999999897 ), #6233 );
#1962 = EDGE_CURVE ( 'NONE', #9069, #6164, #695, .T. ) ;
#1963 = EDGE_CURVE ( 'NONE', #3245, #8134, #6716, .T. ) ;
#1964 = DIRECTION ( 'NONE',  ( -0.1736481776669309696, 0.9848077530122081313, 0.0000000000000000000 ) ) ;
#1965 = ORIENTED_EDGE ( 'NONE', *, *, #2765, .F. ) ;
#1966 = FILL_AREA_STYLE ('',( #1923 ) ) ;
#1967 = VECTOR ( 'NONE', #4117, 39.37007874015748143 ) ;
#1968 = CARTESIAN_POINT ( 'NONE',  ( -0.2224647219575730805, -0.07053447299476270360, 0.2485000000000000264 ) ) ;
#1969 = CARTESIAN_POINT ( 'NONE',  ( -0.2609115348192674322, 0.1355000000000000648, 0.2515000000000000013 ) ) ;
#1970 = CARTESIAN_POINT ( 'NONE',  ( 0.5480000000000000426, 6.858022075225185886E-18, 0.01949999999999999997 ) ) ;
#1971 = DIRECTION ( 'NONE',  ( -1.000000000000000000, 0.0000000000000000000, 0.0000000000000000000 ) ) ;
#1972 = UNCERTAINTY_MEASURE_WITH_UNIT (LENGTH_MEASURE( 1.000000000000000082E-05 ), #6528, 'distance_accuracy_value', 'NONE');
#1973 = LENGTH_MEASURE_WITH_UNIT ( LENGTH_MEASURE( 0.02539999999999999897 ), #3701 );
#1974 = SURFACE_STYLE_USAGE ( .BOTH. , #2630 ) ;
#1975 = VECTOR ( 'NONE', #1391, 39.37007874015748143 ) ;
#1976 =( NAMED_UNIT ( * ) PLANE_ANGLE_UNIT ( ) SI_UNIT ( $, .RADIAN. ) );
#1977 = ORIENTED_EDGE ( 'NONE', *, *, #6637, .F. ) ;
#1978 = CARTESIAN_POINT ( 'NONE',  ( 0.2159999999999999976, 0.05600000000000000810, -0.2795000000000000262 ) ) ;
#1979 = COLOUR_RGB ( '',0.9294117647058823817, 0.7607843137254901578, 0.4784313725490195734 ) ;
#1980 = VECTOR ( 'NONE', #1479, 39.37007874015748143 ) ;
#1981 = PLANE ( 'NONE',  #10019 ) ;
#1982 = PRESENTATION_STYLE_ASSIGNMENT (( #8196 ) ) ;
#1983 = SURFACE_STYLE_USAGE ( .BOTH. , #9778 ) ;
#1984 = ORIENTED_EDGE ( 'NONE', *, *, #4144, .F. ) ;
#1985 = DIRECTION ( 'NONE',  ( -1.000000000000000000, 0.0000000000000000000, 0.0000000000000000000 ) ) ;
#1987 = EDGE_LOOP ( 'NONE', ( #4704, #9061, #4089, #6811 ) ) ;
#1986 = CYLINDRICAL_SURFACE ( 'NONE', #2241, 0.02999999999999993644 ) ;
#1988 = CARTESIAN_POINT ( 'NONE',  ( -0.05650000000000001549, -0.05600000000000000810, 0.01949999999999999997 ) ) ;
#1989 = ORIENTED_EDGE ( 'NONE', *, *, #4914, .F. ) ;
#1990 = FACE_OUTER_BOUND ( 'NONE', #5577, .T. ) ;
#1991 = DIRECTION ( 'NONE',  ( -0.0000000000000000000, -0.0000000000000000000, 1.000000000000000000 ) ) ;
#1992 = PRESENTATION_STYLE_ASSIGNMENT (( #1247 ) ) ;
#1993 = CIRCLE ( 'NONE', #2463, 0.1200000000000000511 ) ;
#1994 = AXIS2_PLACEMENT_3D ( 'NONE', #5047, #1144, #2720 ) ;
#1995 = ORIENTED_EDGE ( 'NONE', *, *, #1490, .F. ) ;
#1996 = AXIS2_PLACEMENT_3D ( 'NONE', #3323, #2496, #4116 ) ;
#1997 =( CONVERSION_BASED_UNIT ( 'INCH', #2837 ) LENGTH_UNIT ( ) NAMED_UNIT ( #7174 ) );
#1998 = AXIS2_PLACEMENT_3D ( 'NONE', #7842, #8550, #2424 ) ;
#1999 = ORIENTED_EDGE ( 'NONE', *, *, #6355, .F. ) ;
#2000 = DIRECTION ( 'NONE',  ( -0.0000000000000000000, -0.0000000000000000000, 1.000000000000000000 ) ) ;
#2001 = DIRECTION ( 'NONE',  ( 0.0000000000000000000, -1.000000000000000000, 0.0000000000000000000 ) ) ;
#2002 = CARTESIAN_POINT ( 'NONE',  ( -0.2238290493719598262, -0.08598312911916261569, 0.2484999999999999154 ) ) ;
#2003 = CARTESIAN_POINT ( 'NONE',  ( -0.3396961550602441426, 0.08160814578664549179, 0.03949999999999997957 ) ) ;
#2004 = VERTEX_POINT ( 'NONE', #2251 ) ;
#2005 = COLOUR_RGB ( '',0.7529411764705882248, 0.7529411764705882248, 0.7529411764705882248 ) ;
#2006 = ORIENTED_EDGE ( 'NONE', *, *, #4889, .F. ) ;
#2007 = VECTOR ( 'NONE', #9238, 39.37007874015748143 ) ;
#2008 = ORIENTED_EDGE ( 'NONE', *, *, #56, .F. ) ;
#2009 = FILL_AREA_STYLE_COLOUR ( '', #7765 ) ;
#2010 =( CONVERSION_BASED_UNIT ( 'INCH', #8634 ) LENGTH_UNIT ( ) NAMED_UNIT ( #837 ) );
#2011 = MECHANICAL_DESIGN_GEOMETRIC_PRESENTATION_REPRESENTATION (  '', ( #8351 ), #4825 ) ;
#2012 = EDGE_CURVE ( 'Edge10', #7189, #7439, #8180, .T. ) ;
#2013 = ADVANCED_FACE ( 'NONE', ( #3882 ), #9864, .T. ) ;
#2014 = CARTESIAN_POINT ( 'NONE',  ( 0.2104510888804048685, -0.1555000000000000271, -0.9827025327494508522 ) ) ;
#2015 = PRESENTATION_LAYER_ASSIGNMENT (  '', '', ( #9916 ) ) ;
#2016 = LINE ( 'NONE', #7981, #3603 ) ;
#2017 = DIMENSIONAL_EXPONENTS ( 1.000000000000000000, 0.0000000000000000000, 0.0000000000000000000, 0.0000000000000000000, 0.0000000000000000000, 0.0000000000000000000, 0.0000000000000000000 ) ;
#2018 = CARTESIAN_POINT ( 'NONE',  ( -0.2259932609313351215, -0.07096953565467553626, 0.2485000000000000542 ) ) ;
#2019 = VERTEX_POINT ( 'NONE', #3011 ) ;
#2020 = EDGE_LOOP ( 'NONE', ( #5842, #6939, #400, #154 ) ) ;
#2021 = CARTESIAN_POINT ( 'NONE',  ( -0.2236942065499825383, -0.07926426825413654398, 0.2485000000000000264 ) ) ;
#2022 = CARTESIAN_POINT ( 'NONE',  ( 0.05249999999999998418, -0.05600000000000000810, -0.2195000000000000007 ) ) ;
#2023 = DIRECTION ( 'NONE',  ( -0.0000000000000000000, -0.0000000000000000000, -1.000000000000000000 ) ) ;
#2024 = ADVANCED_FACE ( 'NONE', ( #1919 ), #10085, .T. ) ;
#2025 = EDGE_LOOP ( 'NONE', ( #2278, #7014, #257, #8041 ) ) ;
#2026 = MECHANICAL_DESIGN_GEOMETRIC_PRESENTATION_REPRESENTATION (  '', ( #6946 ), #2545 ) ;
#2027 = EDGE_CURVE ( 'NONE', #3046, #6736, #7318, .T. ) ;
#2028 = UNCERTAINTY_MEASURE_WITH_UNIT (LENGTH_MEASURE( 1.000000000000000082E-05 ), #3055, 'distance_accuracy_value', 'NONE');
#2029 = DIRECTION ( 'NONE',  ( -0.0000000000000000000, -0.0000000000000000000, -1.000000000000000000 ) ) ;
#2030 = FACE_OUTER_BOUND ( 'NONE', #2805, .T. ) ;
#2031 = ORIENTED_EDGE ( 'NONE', *, *, #7357, .T. ) ;
#2032 = CARTESIAN_POINT ( 'NONE',  ( -0.1355000000000000648, -0.05599999999999999423, -0.3395000000000000240 ) ) ;
#2033 =( CONVERSION_BASED_UNIT ( 'INCH', #2971 ) LENGTH_UNIT ( ) NAMED_UNIT ( #6465 ) );
#2034 = COLOUR_RGB ( '',1.000000000000000000, 1.000000000000000000, 0.0000000000000000000 ) ;
#2035 = DIMENSIONAL_EXPONENTS ( 1.000000000000000000, 0.0000000000000000000, 0.0000000000000000000, 0.0000000000000000000, 0.0000000000000000000, 0.0000000000000000000, 0.0000000000000000000 ) ;
#2036 = AXIS2_PLACEMENT_3D ( 'NONE', #6142, #2300, #7704 ) ;
#2037 = EDGE_CURVE ( 'NONE', #9613, #3296, #8045, .T. ) ;
#2038 = EDGE_CURVE ( 'NONE', #6267, #7297, #9967, .T. ) ;
#2039 = DIRECTION ( 'NONE',  ( 0.0000000000000000000, 0.0000000000000000000, 1.000000000000000000 ) ) ;
#2040 = CIRCLE ( 'NONE', #3866, 0.02999999999999997113 ) ;
#2041 =( NAMED_UNIT ( * ) SI_UNIT ( $, .STERADIAN. ) SOLID_ANGLE_UNIT ( ) );
#2042 = CARTESIAN_POINT ( 'NONE',  ( -0.2609115348192674322, 0.09550000000000004319, -0.01949999999999999997 ) ) ;
#2043 = ORIENTED_EDGE ( 'NONE', *, *, #3411, .T. ) ;
#2044 = CARTESIAN_POINT ( 'NONE',  ( -0.2181822704281579373, -0.06761854135888252515, 0.2505000000000000004 ) ) ;
#2045 = DIRECTION ( 'NONE',  ( 0.0000000000000000000, 0.0000000000000000000, 1.000000000000000000 ) ) ;
#2046 = LINE ( 'NONE', #3662, #6717 ) ;
#2047 = CARTESIAN_POINT ( 'NONE',  ( -0.2281952199157394334, -0.07665288470382310149, 0.2504999999999999449 ) ) ;
#2048 =( CONVERSION_BASED_UNIT ( 'INCH', #6589 ) LENGTH_UNIT ( ) NAMED_UNIT ( #1010 ) );
#2049 = VERTEX_POINT ( 'NONE', #6163 ) ;
#2050 = DIRECTION ( 'NONE',  ( 1.000000000000000000, 0.0000000000000000000, 0.0000000000000000000 ) ) ;
#2051 = DIRECTION ( 'NONE',  ( -0.0000000000000000000, -0.0000000000000000000, 1.000000000000000000 ) ) ;
#2052 = MECHANICAL_DESIGN_GEOMETRIC_PRESENTATION_REPRESENTATION (  '', ( #4014 ), #2580 ) ;
#2053 = LINE ( 'NONE', #8399, #7331 ) ;
#2054 = EDGE_LOOP ( 'NONE', ( #7657, #6248, #7390, #2116 ) ) ;
#2055 = ORIENTED_EDGE ( 'NONE', *, *, #9942, .F. ) ;
#2056 = SURFACE_STYLE_USAGE ( .BOTH. , #654 ) ;
#2057 =( NAMED_UNIT ( * ) SI_UNIT ( $, .STERADIAN. ) SOLID_ANGLE_UNIT ( ) );
#2058 =( NAMED_UNIT ( * ) PLANE_ANGLE_UNIT ( ) SI_UNIT ( $, .RADIAN. ) );
#2059 = FILL_AREA_STYLE ('',( #5739 ) ) ;
#2060 = VERTEX_POINT ( 'NONE', #10084 ) ;
#2061 = DIRECTION ( 'NONE',  ( -1.000000000000000000, 0.0000000000000000000, -0.0000000000000000000 ) ) ;
#2062 = CARTESIAN_POINT ( 'NONE',  ( -0.09100000000000005307, 0.05599999999999999423, -0.2795000000000000262 ) ) ;
#2063 = PRESENTATION_LAYER_ASSIGNMENT (  '', '', ( #3967 ) ) ;
#2064 = LINE ( 'NONE', #792, #598 ) ;
#2065 = EDGE_CURVE ( 'NONE', #3032, #3975, #8515, .T. ) ;
#2066 = ORIENTED_EDGE ( 'NONE', *, *, #1671, .T. ) ;
#2067 = ORIENTED_EDGE ( 'NONE', *, *, #5551, .F. ) ;
#2068 = PRESENTATION_LAYER_ASSIGNMENT (  '', '', ( #3117 ) ) ;
#2069 = FACE_OUTER_BOUND ( 'NONE', #5557, .T. ) ;
#2070 = PRODUCT_CONTEXT ( 'NONE', #497, 'mechanical' ) ;
#2071 = SURFACE_STYLE_USAGE ( .BOTH. , #9115 ) ;
#2072 = VERTEX_POINT ( 'NONE', #2316 ) ;
#2073 =( LENGTH_UNIT ( ) NAMED_UNIT ( * ) SI_UNIT ( $, .METRE. ) );
#2074 = CIRCLE ( 'NONE', #2517, 0.01999999999999995878 ) ;
#2075 = LINE ( 'NONE', #8012, #9662 ) ;
#2076 = EDGE_LOOP ( 'NONE', ( #3437, #3742, #376, #6252 ) ) ;
#2077 = PRESENTATION_LAYER_ASSIGNMENT (  '', '', ( #5825 ) ) ;
#2078 = EDGE_CURVE ( 'NONE', #1078, #5515, #2780, .T. ) ;
#2079 = CARTESIAN_POINT ( 'NONE',  ( -0.2285030544531953534, -0.07568698781136229403, 0.2504999999999999449 ) ) ;
#2080 = DIRECTION ( 'NONE',  ( -0.0000000000000000000, -0.0000000000000000000, 1.000000000000000000 ) ) ;
#2081 = DIRECTION ( 'NONE',  ( 1.000000000000000000, 0.0000000000000000000, 0.0000000000000000000 ) ) ;
#2082 = UNCERTAINTY_MEASURE_WITH_UNIT (LENGTH_MEASURE( 1.000000000000000082E-05 ), #9708, 'distance_accuracy_value', 'NONE');
#2083 = ORIENTED_EDGE ( 'NONE', *, *, #5500, .T. ) ;
#2084 = CARTESIAN_POINT ( 'NONE',  ( -0.1655000000000000082, -0.05600000000000000810, -0.4243528137423855373 ) ) ;
#2085 = AXIS2_PLACEMENT_3D ( 'NONE', #1145, #2000, #2126 ) ;
#2086 = EDGE_CURVE ( 'NONE', #4776, #172, #812, .T. ) ;
#2087 = EDGE_CURVE ( 'NONE', #830, #1295, #4257, .T. ) ;
#2088 = DIRECTION ( 'NONE',  ( -0.0000000000000000000, 0.0000000000000000000, -1.000000000000000000 ) ) ;
#2089 = DIRECTION ( 'NONE',  ( -1.000000000000000000, 0.0000000000000000000, -0.0000000000000000000 ) ) ;
#2090 = SURFACE_SIDE_STYLE ('',( #119 ) ) ;
#2091 = CARTESIAN_POINT ( 'NONE',  ( -0.2296873321727826989, -0.05787974965674244632, 0.2505000000000000560 ) ) ;
#2092 = VECTOR ( 'NONE', #8052, 39.37007874015748143 ) ;
#2093 = FILL_AREA_STYLE_COLOUR ( '', #3370 ) ;
#2094 = B_SPLINE_SURFACE_WITH_KNOTS ( 'NONE', 3, 1, ( 
 ( #3929, #2044 ),
 ( #825, #9591 ),
 ( #122, #7317 ),
 ( #2622, #3340 ),
 ( #9514, #4056 ),
 ( #978, #9623 ),
 ( #4803, #7284 ),
 ( #7207, #6462 ),
 ( #2588, #8800 ),
 ( #8736, #5707 ),
 ( #267, #7955 ) ),
 .UNSPECIFIED., .F., .F., .F.,
 ( 4, 1, 1, 1, 1, 1, 1, 1, 4 ),
 ( 2, 2 ),
 ( 0.0000000000000000000, 0.1301900769552817583, 0.2566886321244257751, 0.3796569215111060269, 0.5012233733199313868, 0.6223956310597767994, 0.7448946318982028192, 0.8707157349022369708, 1.000000000000000000 ),
 ( 0.0000000000000000000, 1.000000000000000000 ),
 .UNSPECIFIED. ) ;
#2095 = ORIENTED_EDGE ( 'NONE', *, *, #7422, .T. ) ;
#2096 = CARTESIAN_POINT ( 'NONE',  ( -0.2247693233847634919, -0.04505403645833331444, 0.2484999999999999987 ) ) ;
#2097 = ORIENTED_EDGE ( 'NONE', *, *, #8423, .T. ) ;
#2098 = ORIENTED_EDGE ( 'NONE', *, *, #3923, .T. ) ;
#2099 = APPLICATION_PROTOCOL_DEFINITION ( 'draft international standard', 'automotive_design', 1998, #6012 ) ;
#2100 = DIRECTION ( 'NONE',  ( -0.0000000000000000000, -0.0000000000000000000, -1.000000000000000000 ) ) ;
#2101 = CARTESIAN_POINT ( 'NONE',  ( -0.2104510888804048685, -0.07550000000000001155, 0.2515000000000000013 ) ) ;
#2102 = CIRCLE ( 'NONE', #2806, 0.05600000000000002892 ) ;
#2103 = AXIS2_PLACEMENT_3D ( 'NONE', #3255, #1692, #2491 ) ;
#2105 = ORIENTED_EDGE ( 'NONE', *, *, #4327, .F. ) ;
#2104 = LENGTH_MEASURE_WITH_UNIT ( LENGTH_MEASURE( 0.02539999999999999897 ), #4093 );
#2106 = STYLED_ITEM ( 'NONE', ( #5282 ), #3754 ) ;
#2107 = ORIENTED_EDGE ( 'NONE', *, *, #4485, .T. ) ;
#2108 = AXIS2_PLACEMENT_3D ( 'NONE', #9994, #8513, #1387 ) ;
#2109 = LINE ( 'NONE', #5823, #7123 ) ;
#2110 = SURFACE_SIDE_STYLE ('',( #5618 ) ) ;
#2111 = DIRECTION ( 'NONE',  ( -1.000000000000000000, 0.0000000000000000000, -0.0000000000000000000 ) ) ;
#2112 = DIRECTION ( 'NONE',  ( 0.0000000000000000000, 0.0000000000000000000, -1.000000000000000000 ) ) ;
#2113 = DIRECTION ( 'NONE',  ( 0.0000000000000000000, 0.0000000000000000000, 1.000000000000000000 ) ) ;
#2114 = DIRECTION ( 'NONE',  ( -1.000000000000000000, 0.0000000000000000000, 0.0000000000000000000 ) ) ;
#2115 = ORIENTED_EDGE ( 'NONE', *, *, #4061, .T. ) ;
#2116 = ORIENTED_EDGE ( 'NONE', *, *, #8978, .F. ) ;
#2117 = ADVANCED_FACE ( 'NONE', ( #6205 ), #1654, .T. ) ;
#2118 = DIRECTION ( 'NONE',  ( -1.000000000000000000, 0.0000000000000000000, 0.0000000000000000000 ) ) ;
#2119 = AXIS2_PLACEMENT_3D ( 'NONE', #994, #6482, #5035 ) ;
#2120 = MECHANICAL_DESIGN_GEOMETRIC_PRESENTATION_REPRESENTATION (  '', ( #1585 ), #9966 ) ;
#2121 = ORIENTED_EDGE ( 'NONE', *, *, #895, .F. ) ;
#2122 = AXIS2_PLACEMENT_3D ( 'NONE', #2800, #5160, #3490 ) ;
#2123 = LENGTH_MEASURE_WITH_UNIT ( LENGTH_MEASURE( 0.02539999999999999897 ), #4403 );
#2124 = ORIENTED_EDGE ( 'NONE', *, *, #463, .F. ) ;
#2125 = PLANE ( 'NONE',  #4605 ) ;
#2126 = DIRECTION ( 'NONE',  ( 1.000000000000000000, 0.0000000000000000000, 0.0000000000000000000 ) ) ;
#2127 = CARTESIAN_POINT ( 'NONE',  ( 0.2104510888804048407, -0.1955000000000000349, -0.1694999999999999840 ) ) ;
#2128 = CARTESIAN_POINT ( 'NONE',  ( -0.2500000000000000000, 0.05600000000000000810, -0.3395000000000000240 ) ) ;
#2129 = SURFACE_STYLE_USAGE ( .BOTH. , #4370 ) ;
#2130 = VECTOR ( 'NONE', #6220, 39.37007874015748143 ) ;
#2131 = LINE ( 'NONE', #8287, #8617 ) ;
#2132 = CARTESIAN_POINT ( 'NONE',  ( 0.3790884651807324701, 0.07466221867996822303, -0.1494999999999999940 ) ) ;
#2133 = ORIENTED_EDGE ( 'NONE', *, *, #9809, .F. ) ;
#2134 =( LENGTH_UNIT ( ) NAMED_UNIT ( * ) SI_UNIT ( $, .METRE. ) );
#2135 = ORIENTED_EDGE ( 'NONE', *, *, #6806, .T. ) ;
#2136 = DIRECTION ( 'NONE',  ( -1.000000000000000000, 0.0000000000000000000, 0.0000000000000000000 ) ) ;
#2137 = STYLED_ITEM ( 'NONE', ( #7880 ), #6232 ) ;
#2138 = EDGE_CURVE ( 'NONE', #9917, #1001, #3772, .T. ) ;
#2139 = DIRECTION ( 'NONE',  ( 0.0000000000000000000, 0.0000000000000000000, -1.000000000000000000 ) ) ;
#2140 = DIRECTION ( 'NONE',  ( -1.000000000000000000, 0.0000000000000000000, 0.0000000000000000000 ) ) ;
#2141 = SURFACE_STYLE_FILL_AREA ( #9083 ) ;
#2142 = LINE ( 'NONE', #4337, #8751 ) ;
#2143 = VERTEX_POINT ( 'NONE', #7862 ) ;
#2144 = ORIENTED_EDGE ( 'NONE', *, *, #9546, .T. ) ;
#2145 =( NAMED_UNIT ( * ) PLANE_ANGLE_UNIT ( ) SI_UNIT ( $, .RADIAN. ) );
#2146 = CARTESIAN_POINT ( 'NONE',  ( -0.2364283260963937761, -0.07546953067616517241, 0.2484999999999999987 ) ) ;
#2147 =( NAMED_UNIT ( * ) PLANE_ANGLE_UNIT ( ) SI_UNIT ( $, .RADIAN. ) );
#2148 = FACE_OUTER_BOUND ( 'NONE', #6557, .T. ) ;
#2149 = DIRECTION ( 'NONE',  ( -0.0000000000000000000, -0.0000000000000000000, -1.000000000000000000 ) ) ;
#2150 =( NAMED_UNIT ( * ) SI_UNIT ( $, .STERADIAN. ) SOLID_ANGLE_UNIT ( ) );
#2151 = UNCERTAINTY_MEASURE_WITH_UNIT (LENGTH_MEASURE( 1.000000000000000082E-05 ), #7905, 'distance_accuracy_value', 'NONE');
#2152 = MECHANICAL_DESIGN_GEOMETRIC_PRESENTATION_REPRESENTATION (  '', ( #3732 ), #4267 ) ;
#2153 = EDGE_CURVE ( 'NONE', #9833, #1054, #6457, .T. ) ;
#2154 = MECHANICAL_DESIGN_GEOMETRIC_PRESENTATION_REPRESENTATION (  '', ( #1613 ), #2688 ) ;
#2155 = CARTESIAN_POINT ( 'NONE',  ( -0.2261057894069687935, -0.04508473403851684380, 0.2484999999999999987 ) ) ;
#2156 = ORIENTED_EDGE ( 'NONE', *, *, #2401, .F. ) ;
#2157 = CARTESIAN_POINT ( 'NONE',  ( -0.5450000000000000400, 0.1870000000000001106, -0.01949999999999999997 ) ) ;
#2158 = CARTESIAN_POINT ( 'NONE',  ( -0.2131470752329127638, -0.05253106872786893894, 0.2485000000000000264 ) ) ;
#2159 = PRESENTATION_STYLE_ASSIGNMENT (( #1279 ) ) ;
#2160 = FACE_BOUND ( 'NONE', #4183, .T. ) ;
#2161 = DIRECTION ( 'NONE',  ( -0.0000000000000000000, -0.0000000000000000000, 1.000000000000000000 ) ) ;
#2162 =( NAMED_UNIT ( * ) PLANE_ANGLE_UNIT ( ) SI_UNIT ( $, .RADIAN. ) );
#2163 = DIRECTION ( 'NONE',  ( -1.000000000000000000, 0.0000000000000000000, -0.0000000000000000000 ) ) ;
#2164 = UNCERTAINTY_MEASURE_WITH_UNIT (LENGTH_MEASURE( 1.000000000000000082E-05 ), #3652, 'distance_accuracy_value', 'NONE');
#2165 = ADVANCED_FACE ( 'NONE', ( #7182 ), #5212, .T. ) ;
#2166 = VERTEX_POINT ( 'NONE', #2449 ) ;
#2167 =( GEOMETRIC_REPRESENTATION_CONTEXT ( 3 ) GLOBAL_UNCERTAINTY_ASSIGNED_CONTEXT ( ( #9667 ) ) GLOBAL_UNIT_ASSIGNED_CONTEXT ( ( #6209, #10100, #9328 ) ) REPRESENTATION_CONTEXT ( 'NONE', 'WORKASPACE' ) );
#2168 = STYLED_ITEM ( 'NONE', ( #644 ), #678 ) ;
#2169 = COLOUR_RGB ( '',0.7529411764705882248, 0.7529411764705882248, 0.7529411764705882248 ) ;
#2170 = FILL_AREA_STYLE_COLOUR ( '', #6088 ) ;
#2171 = VECTOR ( 'NONE', #8397, 39.37007874015748143 ) ;
#2172 = SURFACE_STYLE_USAGE ( .BOTH. , #7681 ) ;
#2173 = ORIENTED_EDGE ( 'NONE', *, *, #6503, .F. ) ;
#2174 =( LENGTH_UNIT ( ) NAMED_UNIT ( * ) SI_UNIT ( $, .METRE. ) );
#2175 = CARTESIAN_POINT ( 'NONE',  ( 0.2609115348192674322, 0.1555000000000000548, 0.03949999999999997957 ) ) ;
#2176 = ORIENTED_EDGE ( 'NONE', *, *, #2881, .T. ) ;
#2177 = SURFACE_STYLE_USAGE ( .BOTH. , #3072 ) ;
#2178 = CARTESIAN_POINT ( 'NONE',  ( 0.3200000000000000067, 0.08508110933998415393, -0.2195000000000000839 ) ) ;
#2179 = FACE_OUTER_BOUND ( 'NONE', #7632, .T. ) ;
#2180 =( NAMED_UNIT ( * ) SI_UNIT ( $, .STERADIAN. ) SOLID_ANGLE_UNIT ( ) );
#2181 = EDGE_LOOP ( 'NONE', ( #3796, #53, #1472, #7506 ) ) ;
#2182 = VERTEX_POINT ( 'NONE', #1834 ) ;
#2183 = DIMENSIONAL_EXPONENTS ( 1.000000000000000000, 0.0000000000000000000, 0.0000000000000000000, 0.0000000000000000000, 0.0000000000000000000, 0.0000000000000000000, 0.0000000000000000000 ) ;
#2184 =( GEOMETRIC_REPRESENTATION_CONTEXT ( 3 ) GLOBAL_UNCERTAINTY_ASSIGNED_CONTEXT ( ( #4588 ) ) GLOBAL_UNIT_ASSIGNED_CONTEXT ( ( #4041, #9539, #889 ) ) REPRESENTATION_CONTEXT ( 'NONE', 'WORKASPACE' ) );
#2185 = AXIS2_PLACEMENT_3D ( 'NONE', #8183, #8214, #3497 ) ;
#2186 = ORIENTED_EDGE ( 'NONE', *, *, #6239, .F. ) ;
#2187 = AXIS2_PLACEMENT_3D ( 'NONE', #6825, #9151, #9934 ) ;
#2188 = VECTOR ( 'NONE', #660, 39.37007874015748143 ) ;
#2189 = ORIENTED_EDGE ( 'NONE', *, *, #5193, .F. ) ;
#2190 = DIRECTION ( 'NONE',  ( -1.000000000000000000, 0.0000000000000000000, 0.0000000000000000000 ) ) ;
#2191 = ORIENTED_EDGE ( 'NONE', *, *, #9889, .F. ) ;
#2192 = CIRCLE ( 'NONE', #3238, 0.05999999999999997696 ) ;
#2193 = CARTESIAN_POINT ( 'NONE',  ( -0.2119462880427877005, -0.05605094636134568681, 0.2485000000000000542 ) ) ;
#2194 = PRESENTATION_STYLE_ASSIGNMENT (( #4839 ) ) ;
#2195 = FILL_AREA_STYLE_COLOUR ( '', #2572 ) ;
#2196 = EDGE_LOOP ( 'NONE', ( #1753, #7093, #2383, #735 ) ) ;
#2197 = SURFACE_STYLE_USAGE ( .BOTH. , #6241 ) ;
#2198 = DIRECTION ( 'NONE',  ( 1.000000000000000000, 0.0000000000000000000, 0.0000000000000000000 ) ) ;
#2199 =( LENGTH_UNIT ( ) NAMED_UNIT ( * ) SI_UNIT ( $, .METRE. ) );
#2200 = LENGTH_MEASURE_WITH_UNIT ( LENGTH_MEASURE( 0.02539999999999999897 ), #4368 );
#2201 = STYLED_ITEM ( 'NONE', ( #4569 ), #6080 ) ;
#2202 = EDGE_CURVE ( 'NONE', #9742, #6148, #8896, .T. ) ;
#2203 = AXIS2_PLACEMENT_3D ( 'NONE', #8364, #6418, #2787 ) ;
#2204 = FACE_OUTER_BOUND ( 'NONE', #6976, .T. ) ;
#2205 = FACE_OUTER_BOUND ( 'NONE', #2807, .T. ) ;
#2206 = SURFACE_SIDE_STYLE ('',( #9752 ) ) ;
#2207 = VECTOR ( 'NONE', #8653, 39.37007874015748143 ) ;
#2208 = CARTESIAN_POINT ( 'NONE',  ( 0.1414999999999999314, -0.05600000000000000810, -0.2795000000000000262 ) ) ;
#2209 = DIRECTION ( 'NONE',  ( -0.0000000000000000000, -0.0000000000000000000, 1.000000000000000000 ) ) ;
#2210 = UNCERTAINTY_MEASURE_WITH_UNIT (LENGTH_MEASURE( 1.000000000000000082E-05 ), #1478, 'distance_accuracy_value', 'NONE');
#2211 = EDGE_CURVE ( 'NONE', #6722, #4374, #6945, .T. ) ;
#2212 = AXIS2_PLACEMENT_3D ( 'NONE', #528, #6765, #2061 ) ;
#2213 = SURFACE_STYLE_FILL_AREA ( #6898 ) ;
#2214 = CARTESIAN_POINT ( 'NONE',  ( 0.02799999999999997977, 0.05599999999999999423, -0.2795000000000000262 ) ) ;
#2215 = DIRECTION ( 'NONE',  ( -0.0000000000000000000, -0.0000000000000000000, 1.000000000000000000 ) ) ;
#2216 = CARTESIAN_POINT ( 'NONE',  ( -0.2394999999999999074, 0.05600000000000000810, 0.2505000000000000004 ) ) ;
#2217 = DIRECTION ( 'NONE',  ( -0.0000000000000000000, -0.0000000000000000000, -1.000000000000000000 ) ) ;
#2218 = ORIENTED_EDGE ( 'NONE', *, *, #8960, .T. ) ;
#2219 = CARTESIAN_POINT ( 'NONE',  ( -0.2199779669801139592, -0.06238286413640889427, 0.2485000000000000264 ) ) ;
#2220 = CARTESIAN_POINT ( 'NONE',  ( 0.01749999999999986983, 0.05600000000000000810, 0.2505000000000000004 ) ) ;
#2221 = VECTOR ( 'NONE', #2756, 39.37007874015748143 ) ;
#2223 = ORIENTED_EDGE ( 'NONE', *, *, #136, .T. ) ;
#2222 = VECTOR ( 'NONE', #2414, 39.37007874015748143 ) ;
#2224 =( GEOMETRIC_REPRESENTATION_CONTEXT ( 3 ) GLOBAL_UNCERTAINTY_ASSIGNED_CONTEXT ( ( #4519 ) ) GLOBAL_UNIT_ASSIGNED_CONTEXT ( ( #1045, #6526, #8798 ) ) REPRESENTATION_CONTEXT ( 'NONE', 'WORKASPACE' ) );
#2225 = DIMENSIONAL_EXPONENTS ( 1.000000000000000000, 0.0000000000000000000, 0.0000000000000000000, 0.0000000000000000000, 0.0000000000000000000, 0.0000000000000000000, 0.0000000000000000000 ) ;
#2226 = ORIENTED_EDGE ( 'NONE', *, *, #336, .F. ) ;
#2227 = EDGE_CURVE ( 'NONE', #79, #830, #6333, .T. ) ;
#2228 = EDGE_CURVE ( 'NONE', #6986, #8074, #9748, .T. ) ;
#2229 = DIRECTION ( 'NONE',  ( 0.9848077530122080203, 0.1736481776669308308, 0.0000000000000000000 ) ) ;
#2230 = SURFACE_STYLE_USAGE ( .BOTH. , #5343 ) ;
#2231 = CARTESIAN_POINT ( 'NONE',  ( -0.02650000000000007558, -0.05600000000000000810, -0.2195000000000000007 ) ) ;
#2232 = CARTESIAN_POINT ( 'NONE',  ( 0.1070000000000000118, 0.05600000000000000810, -0.03565432893255038316 ) ) ;
#2233 = CARTESIAN_POINT ( 'NONE',  ( -0.2104510888804048685, -0.2354999999999999871, -0.01949999999999999997 ) ) ;
#2234 = CYLINDRICAL_SURFACE ( 'NONE', #4131, 0.05600000000000002892 ) ;
#2235 = ORIENTED_EDGE ( 'NONE', *, *, #4964, .F. ) ;
#2236 = ORIENTED_EDGE ( 'NONE', *, *, #3016, .F. ) ;
#2237 = FACE_OUTER_BOUND ( 'NONE', #6037, .T. ) ;
#2238 = CARTESIAN_POINT ( 'NONE',  ( 0.2104510888804048685, -0.1555000000000000271, -0.9827025327494508522 ) ) ;
#2239 =( NAMED_UNIT ( * ) PLANE_ANGLE_UNIT ( ) SI_UNIT ( $, .RADIAN. ) );
#2240 = FILL_AREA_STYLE_COLOUR ( '', #318 ) ;
#2241 = AXIS2_PLACEMENT_3D ( 'NONE', #9496, #8008, #5525 ) ;
#2242 = PRESENTATION_STYLE_ASSIGNMENT (( #1068 ) ) ;
#2243 = FACE_OUTER_BOUND ( 'NONE', #315, .T. ) ;
#2244 = CIRCLE ( 'NONE', #927, 0.02999999999999997460 ) ;
#2245 = VECTOR ( 'NONE', #8725, 39.37007874015748143 ) ;
#2246 = STYLED_ITEM ( 'NONE', ( #1722 ), #3554 ) ;
#2247 = DIRECTION ( 'NONE',  ( 0.0000000000000000000, 0.0000000000000000000, -1.000000000000000000 ) ) ;
#2248 = DIRECTION ( 'NONE',  ( -1.000000000000000000, 0.0000000000000000000, 0.0000000000000000000 ) ) ;
#2249 = CARTESIAN_POINT ( 'NONE',  ( 0.05249999999999998418, -0.05600000000000000810, -0.4243528137423855373 ) ) ;
#2250 = SURFACE_SIDE_STYLE ('',( #4433 ) ) ;
#2251 = CARTESIAN_POINT ( 'NONE',  ( 0.2892357091213815234, -0.08939185421335456294, 0.03949999999999997957 ) ) ;
#2252 = ORIENTED_EDGE ( 'NONE', *, *, #3854, .T. ) ;
#2253 = ORIENTED_EDGE ( 'NONE', *, *, #790, .F. ) ;
#2254 = SURFACE_STYLE_USAGE ( .BOTH. , #6131 ) ;
#2255 = FACE_OUTER_BOUND ( 'NONE', #869, .T. ) ;
#2256 = CARTESIAN_POINT ( 'NONE',  ( -0.1455000000000000460, -0.05599999999999998729, -0.3395000000000000240 ) ) ;
#2257 = ADVANCED_FACE ( 'NONE', ( #6705 ), #1286, .T. ) ;
#2258 = PRESENTATION_LAYER_ASSIGNMENT (  '', '', ( #5025 ) ) ;
#2259 = FACE_OUTER_BOUND ( 'NONE', #9113, .T. ) ;
#2260 = CARTESIAN_POINT ( 'NONE',  ( 0.2421330239753550773, 0.1072345576798192507, 0.2485000000000000264 ) ) ;
#2261 = MECHANICAL_DESIGN_GEOMETRIC_PRESENTATION_REPRESENTATION (  '', ( #689 ), #4891 ) ;
#2262 = CYLINDRICAL_SURFACE ( 'NONE', #9886, 0.01999999999999995878 ) ;
#2263 = CARTESIAN_POINT ( 'NONE',  ( -0.2288892486490909095, -0.05404785101923464952, 0.2504999999999999449 ) ) ;
#2264 = CARTESIAN_POINT ( 'NONE',  ( 0.08249999999999993450, -0.05599999999999999423, -0.3395000000000000240 ) ) ;
#2265 = ORIENTED_EDGE ( 'NONE', *, *, #3646, .T. ) ;
#2266 = DIRECTION ( 'NONE',  ( 0.0000000000000000000, 0.0000000000000000000, -1.000000000000000000 ) ) ;
#2267 =( NAMED_UNIT ( * ) SI_UNIT ( $, .STERADIAN. ) SOLID_ANGLE_UNIT ( ) );
#2268 = CARTESIAN_POINT ( 'NONE',  ( -0.2374654020846416469, -0.05822004021538626506, 0.2505000000000000004 ) ) ;
#2269 = ORIENTED_EDGE ( 'NONE', *, *, #3720, .T. ) ;
#2270 = UNCERTAINTY_MEASURE_WITH_UNIT (LENGTH_MEASURE( 1.000000000000000082E-05 ), #5712, 'distance_accuracy_value', 'NONE');
#2271 = PRESENTATION_STYLE_ASSIGNMENT (( #1091 ) ) ;
#2272 = ADVANCED_FACE ( 'NONE', ( #2148 ), #2892, .F. ) ;
#2273 = CIRCLE ( 'NONE', #4392, 0.02000000000000000042 ) ;
#2274 = ORIENTED_EDGE ( 'NONE', *, *, #5891, .F. ) ;
#2275 = PRESENTATION_LAYER_ASSIGNMENT (  '', '', ( #1404 ) ) ;
#2276 = EDGE_CURVE ( 'NONE', #1815, #7131, #3873, .T. ) ;
#2277 = CARTESIAN_POINT ( 'NONE',  ( -0.2609115348192674322, 0.09550000000000004319, 0.2504999999999999449 ) ) ;
#2278 = ORIENTED_EDGE ( 'NONE', *, *, #9991, .F. ) ;
#2279 = DIRECTION ( 'NONE',  ( -1.000000000000000000, 0.0000000000000000000, 0.0000000000000000000 ) ) ;
#2280 = DIRECTION ( 'NONE',  ( 0.0000000000000000000, 0.0000000000000000000, -1.000000000000000000 ) ) ;
#2282 = ORIENTED_EDGE ( 'NONE', *, *, #6440, .T. ) ;
#2281 = CIRCLE ( 'NONE', #7211, 0.01999999999999995878 ) ;
#2283 = SURFACE_STYLE_FILL_AREA ( #1581 ) ;
#2284 = DIRECTION ( 'NONE',  ( 0.0000000000000000000, 0.0000000000000000000, -1.000000000000000000 ) ) ;
#2285 = CARTESIAN_POINT ( 'NONE',  ( 0.2439518268695001213, 0.1089371651502467064, 0.2484999999999999987 ) ) ;
#2286 = DIRECTION ( 'NONE',  ( -1.000000000000000000, 0.0000000000000000000, 0.0000000000000000000 ) ) ;
#2287 = ORIENTED_EDGE ( 'NONE', *, *, #8960, .F. ) ;
#2288 = FILL_AREA_STYLE_COLOUR ( '', #271 ) ;
#2289 = AXIS2_PLACEMENT_3D ( 'NONE', #381, #9644, #4930 ) ;
#2290 = CARTESIAN_POINT ( 'NONE',  ( -0.2274989828162504168, -0.05257057506277315606, 0.2485000000000000542 ) ) ;
#2291 = DIMENSIONAL_EXPONENTS ( 1.000000000000000000, 0.0000000000000000000, 0.0000000000000000000, 0.0000000000000000000, 0.0000000000000000000, 0.0000000000000000000, 0.0000000000000000000 ) ;
#2292 = EDGE_CURVE ( 'NONE', #10039, #2509, #9481, .T. ) ;
#2293 = EDGE_CURVE ( 'NONE', #9280, #2166, #8884, .T. ) ;
#2294 = DIRECTION ( 'NONE',  ( 0.0000000000000000000, 0.0000000000000000000, -1.000000000000000000 ) ) ;
#2295 = VECTOR ( 'NONE', #2080, 39.37007874015748143 ) ;
#2296 = CARTESIAN_POINT ( 'NONE',  ( -0.1110000000000000014, 0.05600000000000000810, -0.3395000000000000240 ) ) ;
#2297 = FACE_OUTER_BOUND ( 'NONE', #6630, .T. ) ;
#2298 =( LENGTH_UNIT ( ) NAMED_UNIT ( * ) SI_UNIT ( $, .METRE. ) );
#2299 = CYLINDRICAL_SURFACE ( 'NONE', #9722, 0.05999999999999997696 ) ;
#2300 = DIRECTION ( 'NONE',  ( 0.0000000000000000000, 0.0000000000000000000, -1.000000000000000000 ) ) ;
#2301 = DIRECTION ( 'NONE',  ( -0.0000000000000000000, -0.0000000000000000000, -1.000000000000000000 ) ) ;
#2302 = CARTESIAN_POINT ( 'NONE',  ( -0.2354656029322788335, -0.05061909484869259873, 0.2504999999999999449 ) ) ;
#2303 = CIRCLE ( 'NONE', #5807, 0.1400000000000000133 ) ;
#2304 = STYLED_ITEM ( 'NONE', ( #3360 ), #533 ) ;
#2305 = ADVANCED_FACE ( 'NONE', ( #2388 ), #6743, .T. ) ;
#2306 = CIRCLE ( 'NONE', #616, 0.02999999999999998848 ) ;
#2307 = DIRECTION ( 'NONE',  ( -0.0000000000000000000, -0.0000000000000000000, -1.000000000000000000 ) ) ;
#2308 = SURFACE_SIDE_STYLE ('',( #3964 ) ) ;
#2309 = FACE_OUTER_BOUND ( 'NONE', #9554, .T. ) ;
#2310 = CARTESIAN_POINT ( 'NONE',  ( -0.07599999999999988709, -0.05600000000000000810, 0.01949999999999999997 ) ) ;
#2311 = ORIENTED_EDGE ( 'NONE', *, *, #9754, .F. ) ;
#2312 = PRESENTATION_STYLE_ASSIGNMENT (( #3846 ) ) ;
#2313 = VERTEX_POINT ( 'NONE', #7431 ) ;
#2314 = SURFACE_STYLE_USAGE ( .BOTH. , #577 ) ;
#2315 = CARTESIAN_POINT ( 'NONE',  ( -0.2169210280471481067, -0.04769107000133833429, 0.2505000000000000560 ) ) ;
#2316 = CARTESIAN_POINT ( 'NONE',  ( -0.2005000000000001226, 0.05600000000000000810, 0.01949999999999999997 ) ) ;
#2317 = CIRCLE ( 'NONE', #1320, 0.02000000000000000042 ) ;
#2318 = MECHANICAL_DESIGN_GEOMETRIC_PRESENTATION_REPRESENTATION (  '', ( #6866 ), #556 ) ;
#2319 = ADVANCED_FACE ( 'NONE', ( #2648 ), #6712, .T. ) ;
#2320 = CARTESIAN_POINT ( 'NONE',  ( -0.2184664083046964078, -0.07080647942178157350, 0.2484999999999999987 ) ) ;
#2321 = AXIS2_PLACEMENT_3D ( 'NONE', #3157, #2301, #1635 ) ;
#2322 = LINE ( 'NONE', #7149, #9162 ) ;
#2323 =( NAMED_UNIT ( * ) SI_UNIT ( $, .STERADIAN. ) SOLID_ANGLE_UNIT ( ) );
#2324 = SURFACE_SIDE_STYLE ('',( #499 ) ) ;
#2325 = PRESENTATION_STYLE_ASSIGNMENT (( #6631 ) ) ;
#2326 = B_SPLINE_CURVE_WITH_KNOTS ( 'NONE', 3,
 ( #8585, #5576, #795, #5506, #9427, #3943, #1668, #9398, #7157, #4793, #9467 ),
 .UNSPECIFIED., .F., .F.,
 ( 4, 1, 1, 1, 1, 1, 1, 1, 4 ),
 ( 0.0000000000000000000, 0.1265709095624310554, 0.2514247494891281298, 0.3764250499327915223, 0.5000934709746320816, 0.6241806899120455610, 0.7481334495533769058, 0.8738690196222164142, 0.9999999999999998890 ),
 .UNSPECIFIED. ) ;
#2327 = CARTESIAN_POINT ( 'NONE',  ( 0.2397565173948805750, 0.1054674514182445261, 0.2484999999999998876 ) ) ;
#2328 = FILL_AREA_STYLE_COLOUR ( '', #970 ) ;
#2329 = FILL_AREA_STYLE_COLOUR ( '', #9100 ) ;
#2330 = DIRECTION ( 'NONE',  ( -1.000000000000000000, 0.0000000000000000000, -0.0000000000000000000 ) ) ;
#2331 = DIMENSIONAL_EXPONENTS ( 1.000000000000000000, 0.0000000000000000000, 0.0000000000000000000, 0.0000000000000000000, 0.0000000000000000000, 0.0000000000000000000, 0.0000000000000000000 ) ;
#2332 = CARTESIAN_POINT ( 'NONE',  ( -0.2319903295482025063, -0.04707222006503068712, 0.2484999999999999709 ) ) ;
#2333 = LENGTH_MEASURE_WITH_UNIT ( LENGTH_MEASURE( 0.02539999999999999897 ), #2534 );
#2334 = ORIENTED_EDGE ( 'NONE', *, *, #7146, .F. ) ;
#2335 = AXIS2_PLACEMENT_3D ( 'NONE', #87, #7887, #1540 ) ;
#2336 = EDGE_CURVE ( 'NONE', #531, #7575, #5227, .T. ) ;
#2337 = UNCERTAINTY_MEASURE_WITH_UNIT (LENGTH_MEASURE( 1.000000000000000082E-05 ), #3920, 'distance_accuracy_value', 'NONE');
#2338 = CIRCLE ( 'NONE', #6118, 0.06000000000000004635 ) ;
#2339 = DIRECTION ( 'NONE',  ( -0.0000000000000000000, -0.0000000000000000000, 1.000000000000000000 ) ) ;
#2340 = CARTESIAN_POINT ( 'NONE',  ( -0.02199999999999996403, 0.05599999999999999423, -0.2795000000000000262 ) ) ;
#2341 = CARTESIAN_POINT ( 'NONE',  ( -0.2241859681413740923, -0.06423994224091877925, 0.2484999999999999987 ) ) ;
#2342 =( LENGTH_UNIT ( ) NAMED_UNIT ( * ) SI_UNIT ( $, .METRE. ) );
#2343 = ORIENTED_EDGE ( 'NONE', *, *, #5225, .F. ) ;
#2344 = DIMENSIONAL_EXPONENTS ( 1.000000000000000000, 0.0000000000000000000, 0.0000000000000000000, 0.0000000000000000000, 0.0000000000000000000, 0.0000000000000000000, 0.0000000000000000000 ) ;
#2345 = STYLED_ITEM ( 'NONE', ( #5719 ), #7636 ) ;
#2346 = EDGE_CURVE ( 'NONE', #2652, #3753, #7319, .T. ) ;
#2347 =( GEOMETRIC_REPRESENTATION_CONTEXT ( 3 ) GLOBAL_UNCERTAINTY_ASSIGNED_CONTEXT ( ( #3538 ) ) GLOBAL_UNIT_ASSIGNED_CONTEXT ( ( #9471, #6967, #2267 ) ) REPRESENTATION_CONTEXT ( 'NONE', 'WORKASPACE' ) );
#2348 = CARTESIAN_POINT ( 'NONE',  ( -0.1854999999999999705, -0.05599999999999999423, -0.3395000000000000240 ) ) ;
#2349 = PRESENTATION_STYLE_ASSIGNMENT (( #7043 ) ) ;
#2350 = CARTESIAN_POINT ( 'NONE',  ( -0.2195090675318231155, -0.07550007305500083810, 0.2505000000000000004 ) ) ;
#2352 = VERTEX_POINT ( 'NONE', #5923 ) ;
#2351 = CIRCLE ( 'NONE', #1631, 0.02999999999999993991 ) ;
#2353 = CARTESIAN_POINT ( 'NONE',  ( -0.2204668229604057339, -0.06289641193096497107, 0.2484999999999999987 ) ) ;
#2354 = VERTEX_POINT ( 'NONE', #1217 ) ;
#2355 = CARTESIAN_POINT ( 'NONE',  ( -0.2200000000000000011, 0.05600000000000000810, -0.3395000000000000240 ) ) ;
#2356 = CIRCLE ( 'NONE', #2203, 0.05999999999999997696 ) ;
#2357 = UNCERTAINTY_MEASURE_WITH_UNIT (LENGTH_MEASURE( 1.000000000000000082E-05 ), #9494, 'distance_accuracy_value', 'NONE');
#2358 = STYLED_ITEM ( 'NONE', ( #7129 ), #8886 ) ;
#2359 = CARTESIAN_POINT ( 'NONE',  ( 0.2349192119501888332, 0.1029774855385852672, 0.2485000000000000542 ) ) ;
#2360 = SURFACE_STYLE_USAGE ( .BOTH. , #4078 ) ;
#2361 = EDGE_CURVE ( 'NONE', #1337, #4400, #1173, .T. ) ;
#2362 = STYLED_ITEM ( 'NONE', ( #3843 ), #626 ) ;
#2363 =( NAMED_UNIT ( * ) PLANE_ANGLE_UNIT ( ) SI_UNIT ( $, .RADIAN. ) );
#2364 = ORIENTED_EDGE ( 'NONE', *, *, #761, .T. ) ;
#2365 = CARTESIAN_POINT ( 'NONE',  ( -0.2360873406534024777, -0.05170774251347842049, 0.2505000000000000004 ) ) ;
#2366 = CARTESIAN_POINT ( 'NONE',  ( -0.2104510888804048685, -0.2354999999999999871, -0.03950000000000000039 ) ) ;
#2367 = ADVANCED_FACE ( 'NONE', ( #7904 ), #1521, .T. ) ;
#2368 = ADVANCED_FACE ( 'NONE', ( #7557 ), #5451, .T. ) ;
#2369 = VECTOR ( 'NONE', #5152, 39.37007874015748143 ) ;
#2370 =( CONVERSION_BASED_UNIT ( 'INCH', #4038 ) LENGTH_UNIT ( ) NAMED_UNIT ( #8013 ) );
#2371 =( LENGTH_UNIT ( ) NAMED_UNIT ( * ) SI_UNIT ( $, .METRE. ) );
#2372 = DIRECTION ( 'NONE',  ( 0.0000000000000000000, 0.0000000000000000000, 1.000000000000000000 ) ) ;
#2373 = CARTESIAN_POINT ( 'NONE',  ( -0.2180650494854236288, -0.04687624067779652681, 0.2504999999999999449 ) ) ;
#2374 = SURFACE_STYLE_FILL_AREA ( #8874 ) ;
#2375 = STYLED_ITEM ( 'NONE', ( #8676 ), #4884 ) ;
#2376 = ORIENTED_EDGE ( 'NONE', *, *, #9419, .F. ) ;
#2377 = COLOUR_RGB ( '',0.9294117647058823817, 0.7607843137254901578, 0.4784313725490195734 ) ;
#2378 = PRESENTATION_LAYER_ASSIGNMENT (  '', '', ( #7164 ) ) ;
#2379 = ORIENTED_EDGE ( 'NONE', *, *, #5839, .F. ) ;
#2380 = DIRECTION ( 'NONE',  ( 0.0000000000000000000, 0.0000000000000000000, -1.000000000000000000 ) ) ;
#2381 = DIRECTION ( 'NONE',  ( 1.000000000000000000, 0.0000000000000000000, 0.0000000000000000000 ) ) ;
#2382 =( NAMED_UNIT ( * ) SI_UNIT ( $, .STERADIAN. ) SOLID_ANGLE_UNIT ( ) );
#2383 = ORIENTED_EDGE ( 'NONE', *, *, #2671, .T. ) ;
#2384 = VERTEX_POINT ( 'NONE', #627 ) ;
#2385 = CARTESIAN_POINT ( 'NONE',  ( -0.2104510888804048685, -0.2154999999999999971, -0.1694999999999999840 ) ) ;
#2386 = EDGE_CURVE ( 'NONE', #2917, #6065, #5967, .T. ) ;
#2387 = UNCERTAINTY_MEASURE_WITH_UNIT (LENGTH_MEASURE( 1.000000000000000082E-05 ), #1997, 'distance_accuracy_value', 'NONE');
#2388 = FACE_OUTER_BOUND ( 'NONE', #2521, .T. ) ;
#2389 = DIRECTION ( 'NONE',  ( 0.0000000000000000000, 0.0000000000000000000, 1.000000000000000000 ) ) ;
#2390 = CARTESIAN_POINT ( 'NONE',  ( 0.2159999999999999976, 0.05600000000000000810, -0.3395000000000000240 ) ) ;
#2391 = FACE_OUTER_BOUND ( 'NONE', #5989, .T. ) ;
#2392 = DIMENSIONAL_EXPONENTS ( 1.000000000000000000, 0.0000000000000000000, 0.0000000000000000000, 0.0000000000000000000, 0.0000000000000000000, 0.0000000000000000000, 0.0000000000000000000 ) ;
#2393 = FILL_AREA_STYLE ('',( #3053 ) ) ;
#2394 =( LENGTH_UNIT ( ) NAMED_UNIT ( * ) SI_UNIT ( $, .METRE. ) );
#2395 = ORIENTED_EDGE ( 'NONE', *, *, #9546, .F. ) ;
#2396 = CARTESIAN_POINT ( 'NONE',  ( 0.2609115348192674322, 0.09550000000000004319, -0.1494999999999999940 ) ) ;
#2397 = ORIENTED_EDGE ( 'NONE', *, *, #5749, .F. ) ;
#2398 = COLOUR_RGB ( '',0.0000000000000000000, 0.5019607843137254832, 1.000000000000000000 ) ;
#2399 = AXIS2_PLACEMENT_3D ( 'NONE', #5403, #715, #6206 ) ;
#2400 = CIRCLE ( 'NONE', #231, 0.02000000000000009409 ) ;
#2401 = EDGE_CURVE ( 'NONE', #3667, #5941, #3393, .T. ) ;
#2402 = CARTESIAN_POINT ( 'NONE',  ( -0.1409999999999999865, 0.05600000000000000810, -0.3395000000000000240 ) ) ;
#2403 = CARTESIAN_POINT ( 'NONE',  ( -0.2253004722196179088, -0.06418819887060302209, 0.2505000000000000560 ) ) ;
#2404 =( CONVERSION_BASED_UNIT ( 'INCH', #6110 ) LENGTH_UNIT ( ) NAMED_UNIT ( #2910 ) );
#2405 = CARTESIAN_POINT ( 'NONE',  ( -0.2104510888804048685, -0.1955000000000000071, -0.1694999999999999840 ) ) ;
#2406 = CARTESIAN_POINT ( 'NONE',  ( -0.2224206715949702540, -0.05219509922506634231, 0.2504999999999999449 ) ) ;
#2407 = LINE ( 'NONE', #4288, #9381 ) ;
#2408 = FILL_AREA_STYLE_COLOUR ( '', #4723 ) ;
#2409 = CARTESIAN_POINT ( 'NONE',  ( -0.2202525223033318935, -0.07697401285186579456, 0.2505000000000000560 ) ) ;
#2410 = ORIENTED_EDGE ( 'NONE', *, *, #1112, .F. ) ;
#2411 = ADVANCED_FACE ( 'NONE', ( #3625 ), #7185, .F. ) ;
#2412 = ADVANCED_FACE ( 'NONE', ( #1399 ), #8395, .F. ) ;
#2413 = AXIS2_PLACEMENT_3D ( 'NONE', #1270, #4366, #6733 ) ;
#2414 = DIRECTION ( 'NONE',  ( -0.0000000000000000000, -0.0000000000000000000, 1.000000000000000000 ) ) ;
#2415 = EDGE_CURVE ( 'NONE', #8590, #2891, #81, .T. ) ;
#2416 = EDGE_CURVE ( 'NONE', #6430, #8986, #3520, .T. ) ;
#2417 = FACE_OUTER_BOUND ( 'NONE', #9882, .T. ) ;
#2418 = ORIENTED_EDGE ( 'NONE', *, *, #3261, .F. ) ;
#2419 = VERTEX_POINT ( 'NONE', #789 ) ;
#2420 = SURFACE_STYLE_FILL_AREA ( #870 ) ;
#2421 = ORIENTED_EDGE ( 'NONE', *, *, #9144, .T. ) ;
#2422 = CARTESIAN_POINT ( 'NONE',  ( 0.2443043707811019816, 0.1092950629861946521, 0.2484999999999999987 ) ) ;
#2423 = DIRECTION ( 'NONE',  ( 1.000000000000000000, 0.0000000000000000000, 0.0000000000000000000 ) ) ;
#2424 = DIRECTION ( 'NONE',  ( 1.000000000000000000, 0.0000000000000000000, 0.0000000000000000000 ) ) ;
#2425 = CARTESIAN_POINT ( 'NONE',  ( -0.2252209051766793368, -0.04506440893921680874, 0.2485000000000000264 ) ) ;
#2426 = LINE ( 'NONE', #8521, #9157 ) ;
#2427 = VERTEX_POINT ( 'NONE', #603 ) ;
#2428 = ORIENTED_EDGE ( 'NONE', *, *, #4049, .F. ) ;
#2429 =( CONVERSION_BASED_UNIT ( 'INCH', #516 ) LENGTH_UNIT ( ) NAMED_UNIT ( #956 ) );
#2430 = SURFACE_STYLE_FILL_AREA ( #591 ) ;
#2431 = PRESENTATION_LAYER_ASSIGNMENT (  '', '', ( #1910 ) ) ;
#2432 = EDGE_LOOP ( 'NONE', ( #8389, #2996, #3124, #10128 ) ) ;
#2433 = AXIS2_PLACEMENT_3D ( 'NONE', #9156, #1323, #2815 ) ;
#2434 =( GEOMETRIC_REPRESENTATION_CONTEXT ( 3 ) GLOBAL_UNCERTAINTY_ASSIGNED_CONTEXT ( ( #8918 ) ) GLOBAL_UNIT_ASSIGNED_CONTEXT ( ( #1421, #6927, #6830 ) ) REPRESENTATION_CONTEXT ( 'NONE', 'WORKASPACE' ) );
#2435 = ORIENTED_EDGE ( 'NONE', *, *, #9105, .F. ) ;
#2436 =( LENGTH_UNIT ( ) NAMED_UNIT ( * ) SI_UNIT ( $, .METRE. ) );
#2437 = CARTESIAN_POINT ( 'NONE',  ( -0.2259932609313351215, -0.07096953565467553626, 0.2485000000000000264 ) ) ;
#2438 = DIRECTION ( 'NONE',  ( -0.0000000000000000000, -0.0000000000000000000, -1.000000000000000000 ) ) ;
#2439 = DIRECTION ( 'NONE',  ( 1.000000000000000000, 0.0000000000000000000, 0.0000000000000000000 ) ) ;
#2440 = SURFACE_SIDE_STYLE ('',( #3857 ) ) ;
#2441 = CIRCLE ( 'NONE', #939, 0.01949999999999987160 ) ;
#2442 = DIMENSIONAL_EXPONENTS ( 1.000000000000000000, 0.0000000000000000000, 0.0000000000000000000, 0.0000000000000000000, 0.0000000000000000000, 0.0000000000000000000, 0.0000000000000000000 ) ;
#2443 = CARTESIAN_POINT ( 'NONE',  ( -0.1304999999999998661, 0.05600000000000000810, 0.01949999999999999997 ) ) ;
#2444 = DIRECTION ( 'NONE',  ( -0.0000000000000000000, -0.0000000000000000000, 1.000000000000000000 ) ) ;
#2445 =( CONVERSION_BASED_UNIT ( 'INCH', #4596 ) LENGTH_UNIT ( ) NAMED_UNIT ( #1118 ) );
#2446 = FILL_AREA_STYLE_COLOUR ( '', #4589 ) ;
#2447 = VECTOR ( 'NONE', #9029, 39.37007874015748854 ) ;
#2448 =( NAMED_UNIT ( * ) SI_UNIT ( $, .STERADIAN. ) SOLID_ANGLE_UNIT ( ) );
#2449 = CARTESIAN_POINT ( 'NONE',  ( 0.08750000000000014710, 0.05600000000000000810, 0.01949999999999999997 ) ) ;
#2450 =( GEOMETRIC_REPRESENTATION_CONTEXT ( 3 ) GLOBAL_UNCERTAINTY_ASSIGNED_CONTEXT ( ( #4913 ) ) GLOBAL_UNIT_ASSIGNED_CONTEXT ( ( #7980, #4005, #4755 ) ) REPRESENTATION_CONTEXT ( 'NONE', 'WORKASPACE' ) );
#2451 = STYLED_ITEM ( 'NONE', ( #2872 ), #7309 ) ;
#2452 = DIRECTION ( 'NONE',  ( -1.000000000000000000, 0.0000000000000000000, 0.0000000000000000000 ) ) ;
#2453 =( GEOMETRIC_REPRESENTATION_CONTEXT ( 3 ) GLOBAL_UNCERTAINTY_ASSIGNED_CONTEXT ( ( #224 ) ) GLOBAL_UNIT_ASSIGNED_CONTEXT ( ( #1620, #6362, #9527 ) ) REPRESENTATION_CONTEXT ( 'NONE', 'WORKASPACE' ) );
#2454 = LENGTH_MEASURE_WITH_UNIT ( LENGTH_MEASURE( 0.02539999999999999897 ), #1325 );
#2455 = SURFACE_STYLE_USAGE ( .BOTH. , #9733 ) ;
#2456 = ORIENTED_EDGE ( 'NONE', *, *, #7867, .T. ) ;
#2457 = SURFACE_SIDE_STYLE ('',( #6479 ) ) ;
#2458 = UNCERTAINTY_MEASURE_WITH_UNIT (LENGTH_MEASURE( 1.000000000000000082E-05 ), #6366, 'distance_accuracy_value', 'NONE');
#2459 = CARTESIAN_POINT ( 'NONE',  ( -0.2190385387779077153, -0.05625828882262957908, 0.2484999999999999154 ) ) ;
#2460 = CARTESIAN_POINT ( 'NONE',  ( -0.2609115348192674322, 0.09550000000000004319, 0.03949999999999997957 ) ) ;
#2461 = SURFACE_STYLE_FILL_AREA ( #4424 ) ;
#2462 = DIMENSIONAL_EXPONENTS ( 1.000000000000000000, 0.0000000000000000000, 0.0000000000000000000, 0.0000000000000000000, 0.0000000000000000000, 0.0000000000000000000, 0.0000000000000000000 ) ;
#2463 = AXIS2_PLACEMENT_3D ( 'NONE', #4865, #8822, #7301 ) ;
#2464 = EDGE_CURVE ( 'NONE', #568, #9402, #6338, .T. ) ;
#2465 = SURFACE_STYLE_FILL_AREA ( #9383 ) ;
#2466 = SURFACE_STYLE_USAGE ( .BOTH. , #6144 ) ;
#2467 = FACE_OUTER_BOUND ( 'NONE', #9072, .T. ) ;
#2468 = ORIENTED_EDGE ( 'NONE', *, *, #6604, .T. ) ;
#2469 = ADVANCED_FACE ( 'NONE', ( #2663 ), #8616, .T. ) ;
#2470 = ORIENTED_EDGE ( 'NONE', *, *, #5432, .T. ) ;
#2471 =( NAMED_UNIT ( * ) PLANE_ANGLE_UNIT ( ) SI_UNIT ( $, .RADIAN. ) );
#2472 = CARTESIAN_POINT ( 'NONE',  ( -0.2374541449753351241, -0.05868230768816104503, 0.2504999999999999449 ) ) ;
#2473 = CARTESIAN_POINT ( 'NONE',  ( -0.2609115348192674322, 0.1555000000000000826, 0.03949999999999997957 ) ) ;
#2474 = PLANE ( 'NONE',  #3601 ) ;
#2475 = LINE ( 'NONE', #9830, #3583 ) ;
#2476 =( NAMED_UNIT ( * ) PLANE_ANGLE_UNIT ( ) SI_UNIT ( $, .RADIAN. ) );
#2477 = COLOUR_RGB ( '',0.9294117647058823817, 0.7607843137254901578, 0.4784313725490195734 ) ;
#2478 = ORIENTED_EDGE ( 'NONE', *, *, #9345, .F. ) ;
#2479 = EDGE_CURVE ( 'NONE', #2352, #7876, #1656, .T. ) ;
#2480 = EDGE_CURVE ( 'NONE', #8555, #7773, #7445, .T. ) ;
#2481 = CARTESIAN_POINT ( 'NONE',  ( 0.2393239132943598135, 0.1131111000693389851, 0.2505000000000001115 ) ) ;
#2482 = DIRECTION ( 'NONE',  ( -1.000000000000000000, 0.0000000000000000000, 0.0000000000000000000 ) ) ;
#2483 = CARTESIAN_POINT ( 'NONE',  ( -0.2238290493719598262, -0.08598312911916261569, 0.2504999999999999449 ) ) ;
#2484 = DIRECTION ( 'NONE',  ( -1.000000000000000000, 0.0000000000000000000, 0.0000000000000000000 ) ) ;
#2485 = CARTESIAN_POINT ( 'NONE',  ( -0.2110444241623313788, -0.06274573964619120647, 0.2505000000000000004 ) ) ;
#2486 = CARTESIAN_POINT ( 'NONE',  ( -0.2220845370925712547, -0.07871074722484991404, 0.2504999999999998894 ) ) ;
#2487 = VERTEX_POINT ( 'NONE', #5572 ) ;
#2488 = FILL_AREA_STYLE ('',( #7290 ) ) ;
#2489 = VERTEX_POINT ( 'NONE', #1559 ) ;
#2490 = FACE_OUTER_BOUND ( 'NONE', #1543, .T. ) ;
#2491 = DIRECTION ( 'NONE',  ( -1.000000000000000000, 0.0000000000000000000, 0.0000000000000000000 ) ) ;
#2492 = ORIENTED_EDGE ( 'NONE', *, *, #5840, .F. ) ;
#2494 = ORIENTED_EDGE ( 'NONE', *, *, #4774, .F. ) ;
#2493 = VECTOR ( 'NONE', #2902, 39.37007874015748143 ) ;
#2495 = CARTESIAN_POINT ( 'NONE',  ( 0.1315000000000000613, -0.05600000000000000810, -0.2795000000000000262 ) ) ;
#2496 = DIRECTION ( 'NONE',  ( -0.0000000000000000000, -0.0000000000000000000, 1.000000000000000000 ) ) ;
#2497 = FILL_AREA_STYLE_COLOUR ( '', #9996 ) ;
#2498 = CYLINDRICAL_SURFACE ( 'NONE', #5686, 0.02000000000000000042 ) ;
#2499 = DIRECTION ( 'NONE',  ( 0.0000000000000000000, 0.0000000000000000000, -1.000000000000000000 ) ) ;
#2500 = AXIS2_PLACEMENT_3D ( 'NONE', #4462, #9145, #2045 ) ;
#2501 = FACE_OUTER_BOUND ( 'NONE', #8582, .T. ) ;
#2502 = CARTESIAN_POINT ( 'NONE',  ( -0.2187980342961800828, -0.05841449196318274778, 0.2484999999999999987 ) ) ;
#2503 = ORIENTED_EDGE ( 'NONE', *, *, #5248, .F. ) ;
#2504 = VECTOR ( 'NONE', #9166, 39.37007874015748143 ) ;
#2505 = SURFACE_STYLE_USAGE ( .BOTH. , #3371 ) ;
#2506 = CARTESIAN_POINT ( 'NONE',  ( -0.2191754770714944567, -0.06093050720312638557, 0.2484999999999999709 ) ) ;
#2507 = LINE ( 'NONE', #8171, #1050 ) ;
#2508 = CIRCLE ( 'NONE', #1049, 0.04000000000000004940 ) ;
#2509 = VERTEX_POINT ( 'NONE', #4829 ) ;
#2510 = CARTESIAN_POINT ( 'NONE',  ( -0.3009115348192674677, 0.09550000000000004319, 0.2504999999999999449 ) ) ;
#2511 = ORIENTED_EDGE ( 'NONE', *, *, #5304, .T. ) ;
#2512 = CARTESIAN_POINT ( 'NONE',  ( 0.2439770279568635736, 0.1174245548352914198, 0.2505000000000000004 ) ) ;
#2513 = CARTESIAN_POINT ( 'NONE',  ( -0.2104510888804048685, -0.1555000000000000271, -0.9827025327494508522 ) ) ;
#2514 = CARTESIAN_POINT ( 'NONE',  ( -0.2188106567709574291, -0.05909692165276578951, 0.2485000000000000819 ) ) ;
#2515 = PLANE ( 'NONE',  #57 ) ;
#2516 = CARTESIAN_POINT ( 'NONE',  ( -0.2119462880427877005, -0.05605094636134568681, 0.2505000000000000560 ) ) ;
#2517 = AXIS2_PLACEMENT_3D ( 'NONE', #3543, #9759, #4336 ) ;
#2518 = PRESENTATION_LAYER_ASSIGNMENT (  '', '', ( #6255 ) ) ;
#2519 = STYLED_ITEM ( 'NONE', ( #3166 ), #1586 ) ;
#2520 = CARTESIAN_POINT ( 'NONE',  ( 0.2359999999999999598, 0.05600000000000000810, -0.2795000000000000262 ) ) ;
#2521 = EDGE_LOOP ( 'NONE', ( #7698, #5347, #3508, #3615 ) ) ;
#2522 = SURFACE_SIDE_STYLE ('',( #9091 ) ) ;
#2523 = CARTESIAN_POINT ( 'NONE',  ( 0.2159999999999999976, 0.05600000000000000810, -0.2795000000000000262 ) ) ;
#2524 = CARTESIAN_POINT ( 'NONE',  ( -0.2206799970538751432, -0.05338352936124791948, 0.2484999999999999987 ) ) ;
#2525 = CARTESIAN_POINT ( 'NONE',  ( -0.2104510888804048685, -0.07550000000000001155, 0.01949999999999999997 ) ) ;
#2526 = UNCERTAINTY_MEASURE_WITH_UNIT (LENGTH_MEASURE( 1.000000000000000082E-05 ), #2404, 'distance_accuracy_value', 'NONE');
#2527 = SURFACE_STYLE_FILL_AREA ( #3392 ) ;
#2528 = ADVANCED_FACE ( 'Face3', ( #5847 ), #6513, .F. ) ;
#2529 =( LENGTH_UNIT ( ) NAMED_UNIT ( * ) SI_UNIT ( $, .METRE. ) );
#2530 =( LENGTH_UNIT ( ) NAMED_UNIT ( * ) SI_UNIT ( $, .METRE. ) );
#2531 = SURFACE_STYLE_FILL_AREA ( #8754 ) ;
#2532 = MECHANICAL_DESIGN_GEOMETRIC_PRESENTATION_REPRESENTATION (  '', ( #2137 ), #434 ) ;
#2533 = EDGE_CURVE ( 'NONE', #2908, #4024, #3757, .T. ) ;
#2534 =( LENGTH_UNIT ( ) NAMED_UNIT ( * ) SI_UNIT ( $, .METRE. ) );
#2535 = CARTESIAN_POINT ( 'NONE',  ( 0.05249999999999998418, -0.05600000000000000810, 0.2505000000000000004 ) ) ;
#2536 = PRESENTATION_LAYER_ASSIGNMENT (  '', '', ( #5348 ) ) ;
#2537 = DIRECTION ( 'NONE',  ( -1.000000000000000000, 0.0000000000000000000, 0.0000000000000000000 ) ) ;
#2538 = CARTESIAN_POINT ( 'NONE',  ( 0.1914999999999999480, -0.05599999999999999423, -0.3395000000000000240 ) ) ;
#2539 = CARTESIAN_POINT ( 'NONE',  ( -0.3409115348192675032, 0.09550000000000004319, 0.03949999999999997957 ) ) ;
#2540 = CIRCLE ( 'NONE', #3204, 0.01949999999999988895 ) ;
#2541 = LINE ( 'NONE', #9149, #7200 ) ;
#2542 = PLANE ( 'NONE',  #8687 ) ;
#2543 = CARTESIAN_POINT ( 'NONE',  ( -0.2234710112242444258, -0.07078606490898620152, 0.2505000000000000560 ) ) ;
#2544 = ORIENTED_EDGE ( 'NONE', *, *, #4205, .F. ) ;
#2545 =( GEOMETRIC_REPRESENTATION_CONTEXT ( 3 ) GLOBAL_UNCERTAINTY_ASSIGNED_CONTEXT ( ( #3152 ) ) GLOBAL_UNIT_ASSIGNED_CONTEXT ( ( #3187, #957, #6447 ) ) REPRESENTATION_CONTEXT ( 'NONE', 'WORKASPACE' ) );
#2546 = EDGE_CURVE ( 'NONE', #3017, #4633, #132, .T. ) ;
#2547 = PRESENTATION_LAYER_ASSIGNMENT (  '', '', ( #3734 ) ) ;
#2548 = CARTESIAN_POINT ( 'NONE',  ( 0.2609115348192674322, 0.09550000000000004319, 0.2505000000000000004 ) ) ;
#2549 = SURFACE_STYLE_USAGE ( .BOTH. , #1044 ) ;
#2550 = CARTESIAN_POINT ( 'NONE',  ( -0.2246072802615997621, -0.05179503038194442632, 0.2484999999999999987 ) ) ;
#2551 = CARTESIAN_POINT ( 'NONE',  ( -0.2399999999999999634, 0.05599999999999999423, -0.2795000000000000262 ) ) ;
#2552 = LINE ( 'NONE', #4864, #6728 ) ;
#2553 = CARTESIAN_POINT ( 'NONE',  ( -0.2115272104199381609, -0.05809391080317077155, 0.2504999999999999449 ) ) ;
#2554 = ORIENTED_EDGE ( 'NONE', *, *, #4856, .T. ) ;
#2555 = ORIENTED_EDGE ( 'NONE', *, *, #4915, .T. ) ;
#2556 = CARTESIAN_POINT ( 'NONE',  ( 0.2418404025729688489, 0.1150945082996388952, 0.2505000000000000004 ) ) ;
#2557 = FILL_AREA_STYLE_COLOUR ( '', #9322 ) ;
#2558 = CARTESIAN_POINT ( 'NONE',  ( -0.2104510888804048685, -0.1955000000000000071, -0.1694999999999999840 ) ) ;
#2559 =( NAMED_UNIT ( * ) PLANE_ANGLE_UNIT ( ) SI_UNIT ( $, .RADIAN. ) );
#2560 = CARTESIAN_POINT ( 'NONE',  ( -0.2363550560093556352, -0.07589456158051277601, 0.2484999999999999987 ) ) ;
#2561 = VERTEX_POINT ( 'NONE', #7151 ) ;
#2562 = VECTOR ( 'NONE', #9232, 39.37007874015748143 ) ;
#2563 =( NAMED_UNIT ( * ) PLANE_ANGLE_UNIT ( ) SI_UNIT ( $, .RADIAN. ) );
#2564 =( GEOMETRIC_REPRESENTATION_CONTEXT ( 3 ) GLOBAL_UNCERTAINTY_ASSIGNED_CONTEXT ( ( #140 ) ) GLOBAL_UNIT_ASSIGNED_CONTEXT ( ( #6178, #1493, #4514 ) ) REPRESENTATION_CONTEXT ( 'NONE', 'WORKASPACE' ) );
#2565 = EDGE_CURVE ( 'NONE', #7575, #4938, #1708, .T. ) ;
#2566 = EDGE_CURVE ( 'NONE', #2166, #1054, #8215, .T. ) ;
#2567 = VERTEX_POINT ( 'NONE', #4787 ) ;
#2568 = PLANE ( 'NONE',  #10080 ) ;
#2569 = FACE_OUTER_BOUND ( 'NONE', #6208, .T. ) ;
#2570 = DIRECTION ( 'NONE',  ( 0.0000000000000000000, 0.0000000000000000000, -1.000000000000000000 ) ) ;
#2571 = DIRECTION ( 'NONE',  ( 0.9939592598857551753, 0.1097496682790523592, 0.0000000000000000000 ) ) ;
#2572 = COLOUR_RGB ( '',0.9294117647058823817, 0.7607843137254901578, 0.4784313725490195734 ) ;
#2573 = CARTESIAN_POINT ( 'NONE',  ( 0.08699999999999993849, 0.05600000000000000810, -0.2195000000000000007 ) ) ;
#2574 = VECTOR ( 'NONE', #9775, 39.37007874015748143 ) ;
#2575 = CARTESIAN_POINT ( 'NONE',  ( 0.05249999999999998418, -0.05600000000000000810, -0.03565432893255038316 ) ) ;
#2576 = ORIENTED_EDGE ( 'NONE', *, *, #3613, .T. ) ;
#2577 = CARTESIAN_POINT ( 'NONE',  ( -0.2609115348192674322, 0.2355000000000000981, -0.03950000000000000039 ) ) ;
#2578 = LINE ( 'NONE', #5879, #3562 ) ;
#2579 = ADVANCED_FACE ( 'NONE', ( #1338 ), #4385, .F. ) ;
#2580 =( GEOMETRIC_REPRESENTATION_CONTEXT ( 3 ) GLOBAL_UNCERTAINTY_ASSIGNED_CONTEXT ( ( #1702 ) ) GLOBAL_UNIT_ASSIGNED_CONTEXT ( ( #1095, #343, #8887 ) ) REPRESENTATION_CONTEXT ( 'NONE', 'WORKASPACE' ) );
#2581 =( GEOMETRIC_REPRESENTATION_CONTEXT ( 3 ) GLOBAL_UNCERTAINTY_ASSIGNED_CONTEXT ( ( #4228 ) ) GLOBAL_UNIT_ASSIGNED_CONTEXT ( ( #6169, #6068, #8374 ) ) REPRESENTATION_CONTEXT ( 'NONE', 'WORKASPACE' ) );
#2582 = VECTOR ( 'NONE', #4647, 39.37007874015748143 ) ;
#2583 = CIRCLE ( 'NONE', #7453, 0.02999999999999998848 ) ;
#2584 = EDGE_LOOP ( 'NONE', ( #4991, #4466, #4574, #7067 ) ) ;
#2585 = CARTESIAN_POINT ( 'NONE',  ( 0.2454950506227662754, 0.1200156519591450005, 0.2505000000000000560 ) ) ;
#2586 = DIRECTION ( 'NONE',  ( 0.0000000000000000000, 0.0000000000000000000, 1.000000000000000000 ) ) ;
#2587 = DIRECTION ( 'NONE',  ( 1.000000000000000000, 0.0000000000000000000, 0.0000000000000000000 ) ) ;
#2588 = CARTESIAN_POINT ( 'NONE',  ( -0.2245175924757888963, -0.07095868196105205306, 0.2484999999999999709 ) ) ;
#2589 =( NAMED_UNIT ( * ) SI_UNIT ( $, .STERADIAN. ) SOLID_ANGLE_UNIT ( ) );
#2590 = DIMENSIONAL_EXPONENTS ( 1.000000000000000000, 0.0000000000000000000, 0.0000000000000000000, 0.0000000000000000000, 0.0000000000000000000, 0.0000000000000000000, 0.0000000000000000000 ) ;
#2591 = CARTESIAN_POINT ( 'NONE',  ( 0.2349701453376489280, 0.1107694300974429030, 0.2504999999999999449 ) ) ;
#2592 = SURFACE_STYLE_USAGE ( .BOTH. , #3389 ) ;
#2593 = VECTOR ( 'NONE', #10053, 39.37007874015748143 ) ;
#2594 = FILL_AREA_STYLE_COLOUR ( '', #3750 ) ;
#2595 = DIRECTION ( 'NONE',  ( -0.0000000000000000000, -0.0000000000000000000, -1.000000000000000000 ) ) ;
#2596 =( GEOMETRIC_REPRESENTATION_CONTEXT ( 3 ) GLOBAL_UNCERTAINTY_ASSIGNED_CONTEXT ( ( #398 ) ) GLOBAL_UNIT_ASSIGNED_CONTEXT ( ( #8003, #7218, #8811 ) ) REPRESENTATION_CONTEXT ( 'NONE', 'WORKASPACE' ) );
#2597 = ADVANCED_FACE ( 'NONE', ( #503 ), #7847, .F. ) ;
#2598 = EDGE_CURVE ( 'NONE', #4771, #1322, #8947, .T. ) ;
#2599 = LENGTH_MEASURE_WITH_UNIT ( LENGTH_MEASURE( 0.02539999999999999897 ), #1592 );
#2600 = AXIS2_PLACEMENT_3D ( 'NONE', #1798, #4921, #9560 ) ;
#2601 = ORIENTED_EDGE ( 'NONE', *, *, #8717, .F. ) ;
#2602 = CARTESIAN_POINT ( 'NONE',  ( -0.3396961550602440871, 0.08160814578664550567, -0.1694999999999999840 ) ) ;
#2603 = SURFACE_SIDE_STYLE ('',( #7198 ) ) ;
#2604 = VERTEX_POINT ( 'NONE', #6691 ) ;
#2605 =( NAMED_UNIT ( * ) PLANE_ANGLE_UNIT ( ) SI_UNIT ( $, .RADIAN. ) );
#2606 = ORIENTED_EDGE ( 'NONE', *, *, #7659, .F. ) ;
#2607 =( NAMED_UNIT ( * ) PLANE_ANGLE_UNIT ( ) SI_UNIT ( $, .RADIAN. ) );
#2608 = DIMENSIONAL_EXPONENTS ( 1.000000000000000000, 0.0000000000000000000, 0.0000000000000000000, 0.0000000000000000000, 0.0000000000000000000, 0.0000000000000000000, 0.0000000000000000000 ) ;
#2609 = CARTESIAN_POINT ( 'NONE',  ( -0.2200000000000000011, 0.05600000000000000810, -0.3395000000000000240 ) ) ;
#2610 =( NAMED_UNIT ( * ) PLANE_ANGLE_UNIT ( ) SI_UNIT ( $, .RADIAN. ) );
#2611 = ORIENTED_EDGE ( 'NONE', *, *, #3612, .F. ) ;
#2612 = AXIS2_PLACEMENT_3D ( 'NONE', #1813, #8078, #3405 ) ;
#2613 = EDGE_CURVE ( 'NONE', #7439, #8345, #10010, .T. ) ;
#2614 = DIRECTION ( 'NONE',  ( 1.000000000000000000, 0.0000000000000000000, -0.0000000000000000000 ) ) ;
#2615 = UNCERTAINTY_MEASURE_WITH_UNIT (LENGTH_MEASURE( 1.000000000000000082E-05 ), #2010, 'distance_accuracy_value', 'NONE');
#2616 = LINE ( 'NONE', #4347, #6173 ) ;
#2617 = ORIENTED_EDGE ( 'NONE', *, *, #3646, .F. ) ;
#2618 = SURFACE_STYLE_USAGE ( .BOTH. , #1005 ) ;
#2619 = DIRECTION ( 'NONE',  ( 0.0000000000000000000, 0.0000000000000000000, -1.000000000000000000 ) ) ;
#2620 = CARTESIAN_POINT ( 'NONE',  ( 0.08700000000000004952, 0.05599999999999999423, -0.3395000000000000240 ) ) ;
#2621 = DIRECTION ( 'NONE',  ( -1.000000000000000000, 0.0000000000000000000, 0.0000000000000000000 ) ) ;
#2622 = CARTESIAN_POINT ( 'NONE',  ( -0.2197342478748889605, -0.06910301810805888345, 0.2484999999999999987 ) ) ;
#2623 = PLANE ( 'NONE',  #3582 ) ;
#2624 = STYLED_ITEM ( 'NONE', ( #4578 ), #8415 ) ;
#2625 = EDGE_CURVE ( 'NONE', #7773, #6621, #4780, .T. ) ;
#2626 = EDGE_CURVE ( 'NONE', #7693, #2487, #686, .T. ) ;
#2627 = ORIENTED_EDGE ( 'NONE', *, *, #1051, .T. ) ;
#2628 = CARTESIAN_POINT ( 'NONE',  ( -0.2242669897029559989, -0.07927754407051282315, 0.2505000000000000560 ) ) ;
#2629 = CARTESIAN_POINT ( 'NONE',  ( 0.2695395540611373320, -0.08591889066001591468, 0.2504999999999999449 ) ) ;
#2630 = SURFACE_SIDE_STYLE ('',( #5708 ) ) ;
#2631 =( NAMED_UNIT ( * ) PLANE_ANGLE_UNIT ( ) SI_UNIT ( $, .RADIAN. ) );
#2632 = PRESENTATION_STYLE_ASSIGNMENT (( #10112 ) ) ;
#2633 = ADVANCED_FACE ( 'NONE', ( #4661 ), #8573, .T. ) ;
#2634 = FILL_AREA_STYLE_COLOUR ( '', #6651 ) ;
#2635 = CYLINDRICAL_SURFACE ( 'NONE', #3611, 0.02999999999999995379 ) ;
#2636 = SURFACE_SIDE_STYLE ('',( #726 ) ) ;
#2637 = ORIENTED_EDGE ( 'NONE', *, *, #9276, .T. ) ;
#2638 = VECTOR ( 'NONE', #3237, 39.37007874015748143 ) ;
#2639 = ORIENTED_EDGE ( 'NONE', *, *, #8191, .T. ) ;
#2640 = CARTESIAN_POINT ( 'NONE',  ( 0.3209115348192674855, 0.09550000000000004319, -0.9827025327494508522 ) ) ;
#2641 = CARTESIAN_POINT ( 'NONE',  ( -0.2296719789708203119, -0.05711697856621456709, 0.2505000000000001670 ) ) ;
#2642 = STYLED_ITEM ( 'NONE', ( #5153 ), #947 ) ;
#2643 = DIRECTION ( 'NONE',  ( 0.0000000000000000000, 0.0000000000000000000, -1.000000000000000000 ) ) ;
#2644 = PRESENTATION_LAYER_ASSIGNMENT (  '', '', ( #11 ) ) ;
#2645 = VECTOR ( 'NONE', #458, 39.37007874015748143 ) ;
#2646 = STYLED_ITEM ( 'NONE', ( #1344 ), #9279 ) ;
#2647 = ORIENTED_EDGE ( 'NONE', *, *, #4856, .F. ) ;
#2648 = FACE_OUTER_BOUND ( 'NONE', #397, .T. ) ;
#2649 = VECTOR ( 'NONE', #7010, 39.37007874015748854 ) ;
#2650 = DIRECTION ( 'NONE',  ( -1.000000000000000000, 0.0000000000000000000, 0.0000000000000000000 ) ) ;
#2651 =( LENGTH_UNIT ( ) NAMED_UNIT ( * ) SI_UNIT ( $, .METRE. ) );
#2652 = VERTEX_POINT ( 'NONE', #9844 ) ;
#2653 = CARTESIAN_POINT ( 'NONE',  ( -0.1304999999999998661, 0.05600000000000000810, -0.03565432893255038316 ) ) ;
#2654 = CARTESIAN_POINT ( 'NONE',  ( -0.2110320384826730178, -0.06617672509630292965, 0.2484999999999999987 ) ) ;
#2655 = SURFACE_SIDE_STYLE ('',( #2880 ) ) ;
#2656 = EDGE_LOOP ( 'NONE', ( #8650, #6906, #9244, #2043 ) ) ;
#2657 = AXIS2_PLACEMENT_3D ( 'NONE', #2249, #6022, #9256 ) ;
#2658 = AXIS2_PLACEMENT_3D ( 'NONE', #6537, #8839, #8742 ) ;
#2659 = UNCERTAINTY_MEASURE_WITH_UNIT (LENGTH_MEASURE( 1.000000000000000082E-05 ), #10069, 'distance_accuracy_value', 'NONE');
#2660 = COLOUR_RGB ( '',0.7529411764705882248, 0.7529411764705882248, 0.7529411764705882248 ) ;
#2661 = DIMENSIONAL_EXPONENTS ( 1.000000000000000000, 0.0000000000000000000, 0.0000000000000000000, 0.0000000000000000000, 0.0000000000000000000, 0.0000000000000000000, 0.0000000000000000000 ) ;
#2662 = AXIS2_PLACEMENT_3D ( 'NONE', #8329, #6814, #2136 ) ;
#2663 = FACE_OUTER_BOUND ( 'NONE', #1685, .T. ) ;
#2664 = CARTESIAN_POINT ( 'NONE',  ( -0.2246072802615997621, -0.05179503038194442632, 0.2485000000000000264 ) ) ;
#2665 = PLANE ( 'NONE',  #1333 ) ;
#2666 = CARTESIAN_POINT ( 'NONE',  ( -0.2312778343524614921, -0.08454970129450736782, 0.2505000000000000560 ) ) ;
#2667 = EDGE_LOOP ( 'NONE', ( #538, #3133, #8383, #8372 ) ) ;
#2668 = CIRCLE ( 'NONE', #7391, 0.02000000000000009409 ) ;
#2669 = STYLED_ITEM ( 'NONE', ( #5211 ), #6174 ) ;
#2670 = CYLINDRICAL_SURFACE ( 'NONE', #4239, 0.01999999999999995878 ) ;
#2671 = EDGE_CURVE ( 'NONE', #7668, #2419, #4478, .T. ) ;
#2672 = DIRECTION ( 'NONE',  ( 0.0000000000000000000, 0.0000000000000000000, -1.000000000000000000 ) ) ;
#2673 = CARTESIAN_POINT ( 'NONE',  ( -0.2296102387597409034, -0.05639076654123065940, 0.2484999999999998876 ) ) ;
#2674 = ORIENTED_EDGE ( 'NONE', *, *, #1281, .F. ) ;
#2675 = FILL_AREA_STYLE ('',( #7232 ) ) ;
#2676 = CARTESIAN_POINT ( 'NONE',  ( -0.2181822704281579373, -0.06761854135888252515, 0.2484999999999999987 ) ) ;
#2677 = PLANE ( 'NONE',  #5615 ) ;
#2678 = LINE ( 'NONE', #6519, #1814 ) ;
#2679 = ORIENTED_EDGE ( 'NONE', *, *, #7801, .F. ) ;
#2680 = CARTESIAN_POINT ( 'NONE',  ( -0.2500000000000000000, 0.05600000000000000810, -0.2795000000000000262 ) ) ;
#2681 = CARTESIAN_POINT ( 'NONE',  ( 0.2609115348192674322, 0.09550000000000004319, -0.01949999999999999997 ) ) ;
#2682 = ADVANCED_FACE ( 'NONE', ( #5508 ), #5423, .F. ) ;
#2683 = LENGTH_MEASURE_WITH_UNIT ( LENGTH_MEASURE( 0.02539999999999999897 ), #9254 );
#2684 = DIMENSIONAL_EXPONENTS ( 1.000000000000000000, 0.0000000000000000000, 0.0000000000000000000, 0.0000000000000000000, 0.0000000000000000000, 0.0000000000000000000, 0.0000000000000000000 ) ;
#2685 = ORIENTED_EDGE ( 'NONE', *, *, #9990, .F. ) ;
#2686 = AXIS2_PLACEMENT_3D ( 'NONE', #9866, #5168, #6785 ) ;
#2687 = EDGE_CURVE ( 'NONE', #2891, #6798, #5189, .T. ) ;
#2688 =( GEOMETRIC_REPRESENTATION_CONTEXT ( 3 ) GLOBAL_UNCERTAINTY_ASSIGNED_CONTEXT ( ( #5862 ) ) GLOBAL_UNIT_ASSIGNED_CONTEXT ( ( #2429, #5408, #6180 ) ) REPRESENTATION_CONTEXT ( 'NONE', 'WORKASPACE' ) );
#2689 = SURFACE_SIDE_STYLE ('',( #3978 ) ) ;
#2690 = DIRECTION ( 'NONE',  ( -1.000000000000000000, 0.0000000000000000000, 0.0000000000000000000 ) ) ;
#2691 = CARTESIAN_POINT ( 'NONE',  ( 0.2609115348192674322, 0.09550000000000004319, 0.03949999999999997957 ) ) ;
#2692 = ORIENTED_EDGE ( 'NONE', *, *, #5102, .T. ) ;
#2693 = CARTESIAN_POINT ( 'NONE',  ( 0.01749999999999986983, 0.05600000000000000810, 0.01949999999999999997 ) ) ;
#2694 = LINE ( 'NONE', #561, #8803 ) ;
#2695 = LINE ( 'NONE', #3257, #9896 ) ;
#2696 = VERTEX_POINT ( 'NONE', #3954 ) ;
#2697 = CARTESIAN_POINT ( 'NONE',  ( 0.2450509566249798044, 0.1191250570841284884, 0.2505000000000000560 ) ) ;
#2698 = SURFACE_STYLE_USAGE ( .BOTH. , #1120 ) ;
#2699 = B_SPLINE_SURFACE_WITH_KNOTS ( 'NONE', 3, 1, ( 
 ( #8456, #8698 ),
 ( #3886, #7002 ),
 ( #9373, #7780 ),
 ( #15, #3985 ),
 ( #3131, #9337 ),
 ( #1641, #6219 ),
 ( #7126, #865 ),
 ( #5477, #49 ),
 ( #86, #5511 ),
 ( #4736, #8594 ),
 ( #6251, #3918 ),
 ( #801, #3098 ),
 ( #8561, #2403 ),
 ( #6286, #5418 ),
 ( #2341, #4020 ) ),
 .UNSPECIFIED., .F., .F., .F.,
 ( 4, 1, 1, 1, 1, 1, 1, 1, 1, 1, 1, 1, 4 ),
 ( 2, 2 ),
 ( 0.0000000000000000000, 0.08334355990315536755, 0.1610751688675265136, 0.2344455393451879421, 0.3025182736756389934, 0.3670882284496950199, 0.4290542124686961833, 0.4882469829996050614, 0.5460626299695239272, 0.6585067581972079420, 0.7683766796857702808, 0.8814040714766057105, 1.000000000000000000 ),
 ( 0.0000000000000000000, 1.000000000000000000 ),
 .UNSPECIFIED. ) ;
#2700 = VERTEX_POINT ( 'NONE', #2405 ) ;
#2701 = CARTESIAN_POINT ( 'NONE',  ( -0.2188851578589211810, -0.05975005438566795279, 0.2504999999999998894 ) ) ;
#2702 = AXIS2_PLACEMENT_3D ( 'NONE', #1633, #1703, #6374 ) ;
#2703 = VECTOR ( 'NONE', #4195, 39.37007874015748143 ) ;
#2704 = AXIS2_PLACEMENT_3D ( 'NONE', #10077, #9207, #6087 ) ;
#2705 = COLOUR_RGB ( '',0.9294117647058823817, 0.7607843137254901578, 0.4784313725490195734 ) ;
#2706 = ORIENTED_EDGE ( 'NONE', *, *, #280, .T. ) ;
#2707 = LENGTH_MEASURE_WITH_UNIT ( LENGTH_MEASURE( 0.02539999999999999897 ), #7734 );
#2708 =( NAMED_UNIT ( * ) SI_UNIT ( $, .STERADIAN. ) SOLID_ANGLE_UNIT ( ) );
#2709 = CARTESIAN_POINT ( 'NONE',  ( -0.2246072802615997621, -0.05179503038194442632, 0.2505000000000000560 ) ) ;
#2710 =( LENGTH_UNIT ( ) NAMED_UNIT ( * ) SI_UNIT ( $, .METRE. ) );
#2711 = DIRECTION ( 'NONE',  ( 0.0000000000000000000, 0.0000000000000000000, -1.000000000000000000 ) ) ;
#2712 = CARTESIAN_POINT ( 'NONE',  ( 0.1615000000000000047, -0.05600000000000000810, 0.2505000000000000004 ) ) ;
#2713 = CARTESIAN_POINT ( 'NONE',  ( -0.2182965867627145451, -0.06926316617080904847, 0.2505000000000002225 ) ) ;
#2714 = CARTESIAN_POINT ( 'NONE',  ( -0.2695395540611373320, -0.08591889066001594244, 0.2514999999999999458 ) ) ;
#2715 = COLOUR_RGB ( '',1.000000000000000000, 1.000000000000000000, 0.0000000000000000000 ) ;
#2716 = UNCERTAINTY_MEASURE_WITH_UNIT (LENGTH_MEASURE( 1.000000000000000082E-05 ), #5827, 'distance_accuracy_value', 'NONE');
#2717 = ORIENTED_EDGE ( 'NONE', *, *, #6623, .F. ) ;
#2718 = STYLED_ITEM ( 'NONE', ( #5366 ), #9585 ) ;
#2719 = AXIS2_PLACEMENT_3D ( 'NONE', #8658, #5611, #4934 ) ;
#2720 = DIRECTION ( 'NONE',  ( -0.9848077530122077983, 0.1736481776669317745, 0.0000000000000000000 ) ) ;
#2721 = CARTESIAN_POINT ( 'NONE',  ( -0.2245175924757888963, -0.07095868196105205306, 0.2484999999999999709 ) ) ;
#2722 = CARTESIAN_POINT ( 'NONE',  ( -0.2104510888804048685, -0.1554999999999999993, 0.03949999999999997957 ) ) ;
#2723 = DIRECTION ( 'NONE',  ( 0.0000000000000000000, 0.0000000000000000000, 1.000000000000000000 ) ) ;
#2724 = LINE ( 'NONE', #4663, #24 ) ;
#2725 = ORIENTED_EDGE ( 'NONE', *, *, #8260, .T. ) ;
#2726 = ORIENTED_EDGE ( 'NONE', *, *, #4382, .T. ) ;
#2727 = FILL_AREA_STYLE ('',( #1793 ) ) ;
#2728 = ADVANCED_FACE ( 'NONE', ( #2740 ), #5541, .T. ) ;
#2729 = LINE ( 'NONE', #7368, #6283 ) ;
#2730 = SURFACE_SIDE_STYLE ('',( #7900 ) ) ;
#2731 = DIRECTION ( 'NONE',  ( 0.0000000000000000000, 0.0000000000000000000, 1.000000000000000000 ) ) ;
#2732 = AXIS2_PLACEMENT_3D ( 'NONE', #10113, #9410, #9338 ) ;
#2733 = LINE ( 'NONE', #6569, #5664 ) ;
#2734 = EDGE_CURVE ( 'NONE', #2166, #9280, #4558, .T. ) ;
#2735 = CARTESIAN_POINT ( 'NONE',  ( -0.2187980342961800828, -0.05841449196318274778, 0.2505000000000000560 ) ) ;
#2736 = LENGTH_MEASURE_WITH_UNIT ( LENGTH_MEASURE( 0.02539999999999999897 ), #3097 );
#2737 = CYLINDRICAL_SURFACE ( 'NONE', #7848, 0.02000000000000000042 ) ;
#2738 = ORIENTED_EDGE ( 'NONE', *, *, #8695, .F. ) ;
#2739 = ORIENTED_EDGE ( 'NONE', *, *, #6282, .F. ) ;
#2740 = FACE_OUTER_BOUND ( 'NONE', #832, .T. ) ;
#2741 = SURFACE_STYLE_USAGE ( .BOTH. , #3527 ) ;
#2742 = CARTESIAN_POINT ( 'NONE',  ( 0.2458437804511574010, 0.1209459635416667289, 0.2484999999999999987 ) ) ;
#2743 = CARTESIAN_POINT ( 'NONE',  ( 0.3483241743021139869, -0.09981074487337049383, -0.1694999999999999840 ) ) ;
#2744 = DIRECTION ( 'NONE',  ( -0.0000000000000000000, -0.0000000000000000000, 1.000000000000000000 ) ) ;
#2745 = CARTESIAN_POINT ( 'NONE',  ( 0.2104510888804048685, -0.07550000000000001155, 0.2504999999999999449 ) ) ;
#2746 = CARTESIAN_POINT ( 'NONE',  ( -0.2211280592765510755, -0.07798858666771944781, 0.2504999999999999449 ) ) ;
#2747 = COLOUR_RGB ( '',0.9294117647058823817, 0.7607843137254901578, 0.4784313725490195734 ) ;
#2748 = AXIS2_PLACEMENT_3D ( 'NONE', #8179, #1939, #3079 ) ;
#2749 = EDGE_CURVE ( 'NONE', #5713, #1508, #7520, .T. ) ;
#2750 = MECHANICAL_DESIGN_GEOMETRIC_PRESENTATION_REPRESENTATION (  '', ( #3206 ), #10050 ) ;
#2751 = DIRECTION ( 'NONE',  ( -0.0000000000000000000, -0.0000000000000000000, 1.000000000000000000 ) ) ;
#2752 = CARTESIAN_POINT ( 'NONE',  ( -0.2361186659678248534, -0.06448914814649306382, 0.2504999999999999449 ) ) ;
#2753 = SURFACE_STYLE_FILL_AREA ( #7805 ) ;
#2754 = ORIENTED_EDGE ( 'NONE', *, *, #711, .T. ) ;
#2755 = FACE_OUTER_BOUND ( 'NONE', #5355, .T. ) ;
#2756 = DIRECTION ( 'NONE',  ( -0.0000000000000000000, -0.0000000000000000000, -1.000000000000000000 ) ) ;
#2757 = ORIENTED_EDGE ( 'NONE', *, *, #10093, .F. ) ;
#2758 =( NAMED_UNIT ( * ) SI_UNIT ( $, .STERADIAN. ) SOLID_ANGLE_UNIT ( ) );
#2759 = SURFACE_STYLE_USAGE ( .BOTH. , #2090 ) ;
#2760 = SURFACE_STYLE_USAGE ( .BOTH. , #9656 ) ;
#2761 = CARTESIAN_POINT ( 'NONE',  ( 0.2104510888804048685, -0.1355000000000000093, 0.2515000000000000013 ) ) ;
#2762 = PRESENTATION_STYLE_ASSIGNMENT (( #8207 ) ) ;
#2763 = AXIS2_PLACEMENT_3D ( 'NONE', #3339, #8906, #6597 ) ;
#2764 = CIRCLE ( 'NONE', #8883, 0.01949999999999988895 ) ;
#2765 = EDGE_CURVE ( 'NONE', #3163, #177, #9205, .T. ) ;
#2766 = EDGE_CURVE ( 'NONE', #1026, #6309, #766, .T. ) ;
#2767 = FACE_OUTER_BOUND ( 'NONE', #9587, .T. ) ;
#2768 = DIRECTION ( 'NONE',  ( -1.000000000000000000, 0.0000000000000000000, 0.0000000000000000000 ) ) ;
#2769 = ORIENTED_EDGE ( 'NONE', *, *, #7000, .T. ) ;
#2770 = ORIENTED_EDGE ( 'NONE', *, *, #6893, .F. ) ;
#2771 =( LENGTH_UNIT ( ) NAMED_UNIT ( * ) SI_UNIT ( $, .METRE. ) );
#2772 = DIRECTION ( 'NONE',  ( -0.0000000000000000000, -0.0000000000000000000, -1.000000000000000000 ) ) ;
#2773 = ADVANCED_FACE ( 'NONE', ( #8841 ), #8477, .T. ) ;
#2774 = TOROIDAL_SURFACE ( 'NONE', #388, 0.08000000000000002942, 0.02000000000000000042 ) ;
#2775 = ORIENTED_EDGE ( 'NONE', *, *, #3998, .T. ) ;
#2776 = ORIENTED_EDGE ( 'NONE', *, *, #4714, .F. ) ;
#2777 = CARTESIAN_POINT ( 'NONE',  ( -0.2251323191864285089, -0.07923763112524845331, 0.2485000000000000264 ) ) ;
#2778 =( NAMED_UNIT ( * ) PLANE_ANGLE_UNIT ( ) SI_UNIT ( $, .RADIAN. ) );
#2779 = AXIS2_PLACEMENT_3D ( 'NONE', #6803, #8262, #2856 ) ;
#2780 = LINE ( 'NONE', #6129, #4477 ) ;
#2781 = DIRECTION ( 'NONE',  ( 0.0000000000000000000, 0.0000000000000000000, -1.000000000000000000 ) ) ;
#2782 = CARTESIAN_POINT ( 'NONE',  ( -0.2225994174166946449, -0.07896575545379644345, 0.2485000000000001652 ) ) ;
#2783 =( GEOMETRIC_REPRESENTATION_CONTEXT ( 3 ) GLOBAL_UNCERTAINTY_ASSIGNED_CONTEXT ( ( #4168 ) ) GLOBAL_UNIT_ASSIGNED_CONTEXT ( ( #9036, #1954, #4264 ) ) REPRESENTATION_CONTEXT ( 'NONE', 'WORKASPACE' ) );
#2784 =( GEOMETRIC_REPRESENTATION_CONTEXT ( 3 ) GLOBAL_UNCERTAINTY_ASSIGNED_CONTEXT ( ( #6043 ) ) GLOBAL_UNIT_ASSIGNED_CONTEXT ( ( #7600, #6024, #6094 ) ) REPRESENTATION_CONTEXT ( 'NONE', 'WORKASPACE' ) );
#2785 =( CONVERSION_BASED_UNIT ( 'INCH', #3961 ) LENGTH_UNIT ( ) NAMED_UNIT ( #7364 ) );
#2786 = CARTESIAN_POINT ( 'NONE',  ( -0.2339764198456118771, -0.06745345964620778900, 0.2504999999999999449 ) ) ;
#2787 = DIRECTION ( 'NONE',  ( 1.000000000000000000, 0.0000000000000000000, 0.0000000000000000000 ) ) ;
#2788 = ORIENTED_EDGE ( 'NONE', *, *, #9090, .F. ) ;
#2789 = UNCERTAINTY_MEASURE_WITH_UNIT (LENGTH_MEASURE( 1.000000000000000082E-05 ), #4067, 'distance_accuracy_value', 'NONE');
#2790 = CARTESIAN_POINT ( 'NONE',  ( -0.2205543440181218506, -0.04569433638056873831, 0.2484999999999999987 ) ) ;
#2791 = CARTESIAN_POINT ( 'NONE',  ( -0.1954999999999999793, -0.05600000000000000810, -0.2795000000000000262 ) ) ;
#2792 = CIRCLE ( 'NONE', #3013, 0.1199999999999999539 ) ;
#2793 = CARTESIAN_POINT ( 'NONE',  ( 0.03249999999999990397, -0.05600000000000000810, -0.2195000000000000007 ) ) ;
#2794 = CARTESIAN_POINT ( 'NONE',  ( 0.2159999999999999976, 0.05600000000000000810, -0.2195000000000000007 ) ) ;
#2795 = AXIS2_PLACEMENT_3D ( 'NONE', #841, #3862, #9310 ) ;
#2796 = AXIS2_PLACEMENT_3D ( 'NONE', #819, #2389, #4753 ) ;
#2797 = CARTESIAN_POINT ( 'NONE',  ( 0.2457275307252011487, 0.1206358424745328367, 0.2505000000000000004 ) ) ;
#2798 = ORIENTED_EDGE ( 'NONE', *, *, #4455, .T. ) ;
#2799 = SURFACE_SIDE_STYLE ('',( #3118 ) ) ;
#2800 = CARTESIAN_POINT ( 'NONE',  ( 0.2443043707811019816, 0.08050000000000007150, 0.2484999999999999987 ) ) ;
#2801 = ADVANCED_FACE ( 'NONE', ( #9707 ), #6431, .T. ) ;
#2802 = CIRCLE ( 'NONE', #1927, 0.01999999999999999001 ) ;
#2803 = EDGE_LOOP ( 'NONE', ( #6412, #441, #4727, #5766 ) ) ;
#2804 = FILL_AREA_STYLE ('',( #536 ) ) ;
#2805 = EDGE_LOOP ( 'NONE', ( #4476, #6339, #5053, #1242 ) ) ;
#2806 = AXIS2_PLACEMENT_3D ( 'NONE', #7778, #6114, #3855 ) ;
#2807 = EDGE_LOOP ( 'NONE', ( #8416, #40, #552, #1395 ) ) ;
#2808 = EDGE_CURVE ( 'NONE', #4771, #5055, #7274, .T. ) ;
#2809 = CARTESIAN_POINT ( 'NONE',  ( -0.2245626234801127163, -0.07926390809139582938, 0.2505000000000000004 ) ) ;
#2810 = CARTESIAN_POINT ( 'NONE',  ( 0.2454950506227662754, 0.1200156519591450005, 0.2485000000000000264 ) ) ;
#2811 = CARTESIAN_POINT ( 'NONE',  ( -0.2246072802615997621, -0.05179503038194442632, 0.2485000000000000264 ) ) ;
#2812 =( NAMED_UNIT ( * ) SI_UNIT ( $, .STERADIAN. ) SOLID_ANGLE_UNIT ( ) );
#2813 = VECTOR ( 'NONE', #575, 39.37007874015748143 ) ;
#2814 = ORIENTED_EDGE ( 'NONE', *, *, #1474, .T. ) ;
#2815 = DIRECTION ( 'NONE',  ( 0.0000000000000000000, -0.0000000000000000000, -1.000000000000000000 ) ) ;
#2816 = VERTEX_POINT ( 'NONE', #3173 ) ;
#2817 = ADVANCED_FACE ( 'NONE', ( #2980 ), #6909, .T. ) ;
#2818 = LINE ( 'NONE', #9438, #9903 ) ;
#2819 = STYLED_ITEM ( 'NONE', ( #6836 ), #7201 ) ;
#2820 = DIRECTION ( 'NONE',  ( 0.9848077530122079093, 0.1736481776669316079, -0.0000000000000000000 ) ) ;
#2821 = CIRCLE ( 'NONE', #9584, 0.05999999999999997696 ) ;
#2822 = EDGE_CURVE ( 'NONE', #4541, #8643, #6170, .T. ) ;
#2823 = EDGE_CURVE ( 'Edge7', #7204, #6177, #1617, .T. ) ;
#2824 = SURFACE_STYLE_USAGE ( .BOTH. , #7550 ) ;
#2825 =( CONVERSION_BASED_UNIT ( 'INCH', #2200 ) LENGTH_UNIT ( ) NAMED_UNIT ( #8494 ) );
#2826 = FILL_AREA_STYLE ('',( #7644 ) ) ;
#2827 = DIRECTION ( 'NONE',  ( -0.0000000000000000000, -0.0000000000000000000, 1.000000000000000000 ) ) ;
#2828 = ADVANCED_FACE ( 'NONE', ( #2237 ), #9556, .F. ) ;
#2829 = LINE ( 'NONE', #10023, #733 ) ;
#2830 = COLOUR_RGB ( '',0.9294117647058823817, 0.7607843137254901578, 0.4784313725490195734 ) ;
#2831 =( CONVERSION_BASED_UNIT ( 'INCH', #6816 ) LENGTH_UNIT ( ) NAMED_UNIT ( #3438 ) );
#2832 = VERTEX_POINT ( 'NONE', #4903 ) ;
#2833 = FILL_AREA_STYLE_COLOUR ( '', #5571 ) ;
#2834 =( GEOMETRIC_REPRESENTATION_CONTEXT ( 3 ) GLOBAL_UNCERTAINTY_ASSIGNED_CONTEXT ( ( #7524 ) ) GLOBAL_UNIT_ASSIGNED_CONTEXT ( ( #7716, #1502, #3818 ) ) REPRESENTATION_CONTEXT ( 'NONE', 'WORKASPACE' ) );
#2835 = CIRCLE ( 'NONE', #3164, 0.05600000000000002892 ) ;
#2836 = PRESENTATION_STYLE_ASSIGNMENT (( #7073 ) ) ;
#2837 = LENGTH_MEASURE_WITH_UNIT ( LENGTH_MEASURE( 0.02539999999999999897 ), #7382 );
#2838 = FILL_AREA_STYLE_COLOUR ( '', #2398 ) ;
#2839 = ORIENTED_EDGE ( 'NONE', *, *, #8636, .T. ) ;
#2840 = UNCERTAINTY_MEASURE_WITH_UNIT (LENGTH_MEASURE( 1.000000000000000082E-05 ), #4106, 'distance_accuracy_value', 'NONE');
#2841 = DIRECTION ( 'NONE',  ( 0.0000000000000000000, 0.0000000000000000000, -1.000000000000000000 ) ) ;
#2842 = DIRECTION ( 'NONE',  ( -0.0000000000000000000, -0.0000000000000000000, -1.000000000000000000 ) ) ;
#2843 = EDGE_LOOP ( 'NONE', ( #9636, #3092, #6616, #6403 ) ) ;
#2844 = DIRECTION ( 'NONE',  ( 0.0000000000000000000, 0.0000000000000000000, -1.000000000000000000 ) ) ;
#2845 = SURFACE_STYLE_FILL_AREA ( #9972 ) ;
#2846 = LENGTH_MEASURE_WITH_UNIT ( LENGTH_MEASURE( 0.02539999999999999897 ), #8424 );
#2847 = AXIS2_PLACEMENT_3D ( 'NONE', #4119, #959, #3972 ) ;
#2848 = ORIENTED_EDGE ( 'NONE', *, *, #6223, .T. ) ;
#2849 = ORIENTED_EDGE ( 'NONE', *, *, #2415, .T. ) ;
#2850 = PRESENTATION_LAYER_ASSIGNMENT (  '', '', ( #1585 ) ) ;
#2851 = SURFACE_SIDE_STYLE ('',( #866 ) ) ;
#2852 = MECHANICAL_DESIGN_GEOMETRIC_PRESENTATION_REPRESENTATION (  '', ( #5876 ), #3899 ) ;
#2853 = ORIENTED_EDGE ( 'NONE', *, *, #2464, .T. ) ;
#2854 = DIRECTION ( 'NONE',  ( -1.000000000000000000, 0.0000000000000000000, 0.0000000000000000000 ) ) ;
#2855 = SURFACE_SIDE_STYLE ('',( #1766 ) ) ;
#2856 = DIRECTION ( 'NONE',  ( -1.000000000000000000, 0.0000000000000000000, 0.0000000000000000000 ) ) ;
#2857 = CARTESIAN_POINT ( 'NONE',  ( -0.5450000000000000400, -0.2469999999999998586, -0.01949999999999999997 ) ) ;
#2858 = PLANE ( 'NONE',  #1598 ) ;
#2859 = EDGE_LOOP ( 'NONE', ( #2223, #4402, #5223, #9395 ) ) ;
#2860 = LINE ( 'NONE', #9773, #3474 ) ;
#2862 = ORIENTED_EDGE ( 'NONE', *, *, #5119, .T. ) ;
#2861 = LINE ( 'NONE', #1408, #1025 ) ;
#2863 = SURFACE_STYLE_USAGE ( .BOTH. , #1275 ) ;
#2864 = CARTESIAN_POINT ( 'NONE',  ( 0.3239612641885676880, -0.007628854747561156224, -0.1694999999999999840 ) ) ;
#2865 = EDGE_CURVE ( 'NONE', #923, #4852, #5294, .T. ) ;
#2866 = UNCERTAINTY_MEASURE_WITH_UNIT (LENGTH_MEASURE( 1.000000000000000082E-05 ), #1033, 'distance_accuracy_value', 'NONE');
#2867 =( CONVERSION_BASED_UNIT ( 'INCH', #8730 ) LENGTH_UNIT ( ) NAMED_UNIT ( #2331 ) );
#2868 = CARTESIAN_POINT ( 'NONE',  ( 0.1370000000000000107, 0.05600000000000000810, -0.2195000000000000007 ) ) ;
#2869 = COLOUR_RGB ( '',0.9294117647058823817, 0.7607843137254901578, 0.4784313725490195734 ) ;
#2870 = PRESENTATION_STYLE_ASSIGNMENT (( #5832 ) ) ;
#2871 = SURFACE_STYLE_FILL_AREA ( #6077 ) ;
#2872 = PRESENTATION_STYLE_ASSIGNMENT (( #2863 ) ) ;
#2873 = CARTESIAN_POINT ( 'NONE',  ( 0.2159999999999999976, 0.05600000000000000810, -0.2795000000000000262 ) ) ;
#2874 = CARTESIAN_POINT ( 'NONE',  ( 0.2457275307252011487, 0.1206358424745328367, 0.2484999999999999987 ) ) ;
#2875 = DIRECTION ( 'NONE',  ( 0.0000000000000000000, 1.000000000000000000, -0.0000000000000000000 ) ) ;
#2876 = DIRECTION ( 'NONE',  ( -1.000000000000000000, 0.0000000000000000000, 0.0000000000000000000 ) ) ;
#2877 = PRESENTATION_STYLE_ASSIGNMENT (( #3120 ) ) ;
#2878 = EDGE_LOOP ( 'NONE', ( #3974, #9732, #3919, #2888 ) ) ;
#2880 = SURFACE_STYLE_FILL_AREA ( #4985 ) ;
#2879 =( GEOMETRIC_REPRESENTATION_CONTEXT ( 3 ) GLOBAL_UNCERTAINTY_ASSIGNED_CONTEXT ( ( #5733 ) ) GLOBAL_UNIT_ASSIGNED_CONTEXT ( ( #2445, #3351, #1721 ) ) REPRESENTATION_CONTEXT ( 'NONE', 'WORKASPACE' ) );
#2881 = EDGE_CURVE ( 'NONE', #4626, #1916, #5660, .T. ) ;
#2882 = AXIS2_PLACEMENT_3D ( 'NONE', #2577, #2614, #293 ) ;
#2883 = ORIENTED_EDGE ( 'NONE', *, *, #3915, .F. ) ;
#2884 = FILL_AREA_STYLE_COLOUR ( '', #863 ) ;
#2885 =( NAMED_UNIT ( * ) SI_UNIT ( $, .STERADIAN. ) SOLID_ANGLE_UNIT ( ) );
#2886 = LENGTH_MEASURE_WITH_UNIT ( LENGTH_MEASURE( 0.02539999999999999897 ), #8208 );
#2887 = CARTESIAN_POINT ( 'NONE',  ( 0.2104510888804048685, -0.07550000000000001155, -0.01949999999999999997 ) ) ;
#2888 = ORIENTED_EDGE ( 'NONE', *, *, #9615, .T. ) ;
#2889 = DIRECTION ( 'NONE',  ( -0.0000000000000000000, -0.0000000000000000000, 1.000000000000000000 ) ) ;
#2890 = DIRECTION ( 'NONE',  ( -0.0000000000000000000, -0.0000000000000000000, 1.000000000000000000 ) ) ;
#2891 = VERTEX_POINT ( 'NONE', #1777 ) ;
#2892 = CYLINDRICAL_SURFACE ( 'NONE', #1214, 0.05999999999999997696 ) ;
#2893 = MECHANICAL_DESIGN_GEOMETRIC_PRESENTATION_REPRESENTATION (  '', ( #2358 ), #4454 ) ;
#2894 = EDGE_CURVE ( 'NONE', #4771, #6023, #7990, .T. ) ;
#2895 = AXIS2_PLACEMENT_3D ( 'NONE', #1713, #4132, #4873 ) ;
#2896 = VECTOR ( 'NONE', #8602, 39.37007874015748143 ) ;
#2897 = B_SPLINE_SURFACE_WITH_KNOTS ( 'NONE', 3, 1, ( 
 ( #6822, #3694 ),
 ( #2905, #6751 ),
 ( #9027, #2079 ),
 ( #5138, #2047 ),
 ( #8302, #9146 ),
 ( #5894, #3661 ),
 ( #9092, #5992 ),
 ( #7565, #442 ),
 ( #2777, #6689 ),
 ( #7498, #2809 ),
 ( #9062, #9842 ) ),
 .UNSPECIFIED., .F., .F., .F.,
 ( 4, 1, 1, 1, 1, 1, 1, 1, 4 ),
 ( 2, 2 ),
 ( 0.0000000000000000000, 0.1576427908297479141, 0.2979772444284779498, 0.4243479229965017030, 0.5399023001429742452, 0.6512049489192226481, 0.7608288691813742677, 0.8758862599684805739, 1.000000000000000000 ),
 ( 0.0000000000000000000, 1.000000000000000000 ),
 .UNSPECIFIED. ) ;
#2898 = ADVANCED_FACE ( 'NONE', ( #4330 ), #156, .F. ) ;
#2899 = DIRECTION ( 'NONE',  ( 1.000000000000000000, 0.0000000000000000000, 0.0000000000000000000 ) ) ;
#2900 = ORIENTED_EDGE ( 'NONE', *, *, #7341, .F. ) ;
#2901 = ORIENTED_EDGE ( 'NONE', *, *, #6355, .T. ) ;
#2902 = DIRECTION ( 'NONE',  ( -0.0000000000000000000, -0.0000000000000000000, -1.000000000000000000 ) ) ;
#2903 =( NAMED_UNIT ( * ) PLANE_ANGLE_UNIT ( ) SI_UNIT ( $, .RADIAN. ) );
#2904 = VECTOR ( 'NONE', #1725, 39.37007874015748143 ) ;
#2905 = CARTESIAN_POINT ( 'NONE',  ( -0.2285993249480930689, -0.07498309285789341028, 0.2484999999999999987 ) ) ;
#2906 =( NAMED_UNIT ( * ) SI_UNIT ( $, .STERADIAN. ) SOLID_ANGLE_UNIT ( ) );
#2907 = CARTESIAN_POINT ( 'NONE',  ( -0.1409999999999999865, 0.05600000000000000810, -0.2795000000000000262 ) ) ;
#2908 = VERTEX_POINT ( 'NONE', #2680 ) ;
#2909 = FILL_AREA_STYLE_COLOUR ( '', #2830 ) ;
#2910 = DIMENSIONAL_EXPONENTS ( 1.000000000000000000, 0.0000000000000000000, 0.0000000000000000000, 0.0000000000000000000, 0.0000000000000000000, 0.0000000000000000000, 0.0000000000000000000 ) ;
#2911 = DIRECTION ( 'NONE',  ( -0.0000000000000000000, -0.0000000000000000000, 1.000000000000000000 ) ) ;
#2912 = MECHANICAL_DESIGN_GEOMETRIC_PRESENTATION_REPRESENTATION (  '', ( #9008 ), #7095 ) ;
#2913 =( GEOMETRIC_REPRESENTATION_CONTEXT ( 3 ) GLOBAL_UNCERTAINTY_ASSIGNED_CONTEXT ( ( #2716 ) ) GLOBAL_UNIT_ASSIGNED_CONTEXT ( ( #5827, #7406, #2708 ) ) REPRESENTATION_CONTEXT ( 'NONE', 'WORKASPACE' ) );
#2914 = CARTESIAN_POINT ( 'NONE',  ( -0.03700000000000014388, -0.05600000000000000810, 0.01949999999999999997 ) ) ;
#2915 = SURFACE_SIDE_STYLE ('',( #7613 ) ) ;
#2916 = SURFACE_SIDE_STYLE ('',( #8718 ) ) ;
#2917 = VERTEX_POINT ( 'NONE', #8021 ) ;
#2918 = B_SPLINE_CURVE_WITH_KNOTS ( 'NONE', 3,
 ( #1936, #5818, #8919, #6605, #9805, #5750, #6578, #8139, #7400, #7327, #3458, #2701, #8177, #8956, #2735 ),
 .UNSPECIFIED., .F., .F.,
 ( 4, 1, 1, 1, 1, 1, 1, 1, 1, 1, 1, 1, 4 ),
 ( 0.0000000000000000000, 0.1225037676873542564, 0.2390359490643380325, 0.3522894876948658438, 0.4695319923678558660, 0.5290396073246369513, 0.5892849481570280323, 0.6504265554625408008, 0.7140851069771519954, 0.7801833689944079886, 0.8493595662544300984, 0.9221710300352453649, 1.000000000000000000 ),
 .UNSPECIFIED. ) ;
#2919 = FILL_AREA_STYLE ('',( #619 ) ) ;
#2920 = VECTOR ( 'NONE', #5693, 39.37007874015748143 ) ;
#2921 = CARTESIAN_POINT ( 'NONE',  ( 0.3200000000000000067, 0.08508110933998412617, 0.2515000000000000013 ) ) ;
#2922 = CARTESIAN_POINT ( 'NONE',  ( 0.2892357091213815234, -0.08939185421335456294, 0.2515000000000000013 ) ) ;
#2923 = SURFACE_STYLE_USAGE ( .BOTH. , #6738 ) ;
#2924 = AXIS2_PLACEMENT_3D ( 'NONE', #3551, #2100, #5158 ) ;
#2925 = EDGE_CURVE ( 'NONE', #5515, #8879, #5528, .T. ) ;
#2926 =( GEOMETRIC_REPRESENTATION_CONTEXT ( 3 ) GLOBAL_UNCERTAINTY_ASSIGNED_CONTEXT ( ( #5604 ) ) GLOBAL_UNIT_ASSIGNED_CONTEXT ( ( #8001, #1649, #5518 ) ) REPRESENTATION_CONTEXT ( 'NONE', 'WORKASPACE' ) );
#2927 = FACE_OUTER_BOUND ( 'NONE', #9894, .T. ) ;
#2928 = VERTEX_POINT ( 'NONE', #9579 ) ;
#2929 =( NAMED_UNIT ( * ) SI_UNIT ( $, .STERADIAN. ) SOLID_ANGLE_UNIT ( ) );
#2930 = VERTEX_POINT ( 'NONE', #7237 ) ;
#2931 = DIRECTION ( 'NONE',  ( 0.0000000000000000000, 0.0000000000000000000, -1.000000000000000000 ) ) ;
#2932 = DIRECTION ( 'NONE',  ( -1.000000000000000000, 0.0000000000000000000, 0.0000000000000000000 ) ) ;
#2933 = LINE ( 'NONE', #5312, #4167 ) ;
#2934 = ORIENTED_EDGE ( 'NONE', *, *, #2386, .T. ) ;
#2935 = CIRCLE ( 'NONE', #295, 0.02000000000000008021 ) ;
#2936 = ORIENTED_EDGE ( 'NONE', *, *, #3526, .F. ) ;
#2937 = AXIS2_PLACEMENT_3D ( 'NONE', #9424, #6409, #6304 ) ;
#2938 = EDGE_CURVE ( 'NONE', #6352, #7807, #2356, .T. ) ;
#2939 = DIRECTION ( 'NONE',  ( 1.000000000000000000, 0.0000000000000000000, 0.0000000000000000000 ) ) ;
#2940 = COLOUR_RGB ( '',0.9294117647058823817, 0.7607843137254901578, 0.4784313725490195734 ) ;
#2941 = CARTESIAN_POINT ( 'NONE',  ( 0.2520824406929609296, 0.08050000000000007150, 0.2484999999999999987 ) ) ;
#2942 = ADVANCED_FACE ( 'NONE', ( #1733 ), #2542, .F. ) ;
#2943 = DIRECTION ( 'NONE',  ( 1.000000000000000000, 0.0000000000000000000, 0.0000000000000000000 ) ) ;
#2944 = SURFACE_SIDE_STYLE ('',( #7995 ) ) ;
#2945 = CARTESIAN_POINT ( 'NONE',  ( 0.2458437804511574010, 0.1209459635416667289, 0.2505000000000000004 ) ) ;
#2946 = FACE_BOUND ( 'NONE', #362, .T. ) ;
#2947 = DIRECTION ( 'NONE',  ( 0.0000000000000000000, 0.0000000000000000000, 1.000000000000000000 ) ) ;
#2948 = FACE_OUTER_BOUND ( 'NONE', #5353, .T. ) ;
#2949 = CARTESIAN_POINT ( 'NONE',  ( 0.1070000000000000118, 0.05600000000000000810, -0.2195000000000000007 ) ) ;
#2950 = AXIS2_PLACEMENT_3D ( 'NONE', #7654, #1340, #9922 ) ;
#2951 = CARTESIAN_POINT ( 'NONE',  ( 0.1070000000000000118, 0.05600000000000000810, -0.3395000000000000240 ) ) ;
#2952 = EDGE_CURVE ( 'NONE', #1383, #1562, #1862, .T. ) ;
#2953 = EDGE_CURVE ( 'NONE', #1498, #3844, #2109, .T. ) ;
#2954 = CARTESIAN_POINT ( 'NONE',  ( 0.2520824406929609296, 0.08050000000000007150, 0.2484999999999999987 ) ) ;
#2955 = DIRECTION ( 'NONE',  ( 0.0000000000000000000, 0.0000000000000000000, -1.000000000000000000 ) ) ;
#2956 =( LENGTH_UNIT ( ) NAMED_UNIT ( * ) SI_UNIT ( $, .METRE. ) );
#2957 =( NAMED_UNIT ( * ) SI_UNIT ( $, .STERADIAN. ) SOLID_ANGLE_UNIT ( ) );
#2958 = ORIENTED_EDGE ( 'NONE', *, *, #7602, .T. ) ;
#2959 = DIMENSIONAL_EXPONENTS ( 1.000000000000000000, 0.0000000000000000000, 0.0000000000000000000, 0.0000000000000000000, 0.0000000000000000000, 0.0000000000000000000, 0.0000000000000000000 ) ;
#2960 = SURFACE_STYLE_FILL_AREA ( #7993 ) ;
#2961 = COLOUR_RGB ( '',0.9294117647058823817, 0.7607843137254901578, 0.4784313725490195734 ) ;
#2962 = PLANE ( 'NONE',  #325 ) ;
#2963 = CARTESIAN_POINT ( 'NONE',  ( -0.2255957433128985556, -0.07098093616452989807, 0.2484999999999999987 ) ) ;
#2964 = LENGTH_MEASURE_WITH_UNIT ( LENGTH_MEASURE( 0.02539999999999999897 ), #4085 );
#2965 = MECHANICAL_DESIGN_GEOMETRIC_PRESENTATION_REPRESENTATION (  '', ( #1910 ), #1197 ) ;
#2966 = VERTEX_POINT ( 'NONE', #1061 ) ;
#2967 = UNCERTAINTY_MEASURE_WITH_UNIT (LENGTH_MEASURE( 1.000000000000000082E-05 ), #1394, 'distance_accuracy_value', 'NONE');
#2968 = ORIENTED_EDGE ( 'NONE', *, *, #7850, .F. ) ;
#2969 = PRESENTATION_LAYER_ASSIGNMENT (  '', '', ( #8530 ) ) ;
#2970 = CARTESIAN_POINT ( 'NONE',  ( 0.2104510888804048685, -0.07550000000000001155, -0.1694999999999999840 ) ) ;
#2971 = LENGTH_MEASURE_WITH_UNIT ( LENGTH_MEASURE( 0.02539999999999999897 ), #3642 );
#2972 = LINE ( 'NONE', #1912, #9094 ) ;
#2973 = SURFACE_SIDE_STYLE ('',( #9501 ) ) ;
#2974 = FILL_AREA_STYLE_COLOUR ( '', #6777 ) ;
#2975 = SURFACE_STYLE_USAGE ( .BOTH. , #3103 ) ;
#2976 = EDGE_LOOP ( 'NONE', ( #110, #10030, #858, #9995 ) ) ;
#2977 = ORIENTED_EDGE ( 'NONE', *, *, #1018, .F. ) ;
#2978 = FILL_AREA_STYLE_COLOUR ( '', #6882 ) ;
#2979 = SURFACE_SIDE_STYLE ('',( #6758 ) ) ;
#2980 = FACE_OUTER_BOUND ( 'NONE', #9240, .T. ) ;
#2981 = AXIS2_PLACEMENT_3D ( 'NONE', #6788, #1948, #5993 ) ;
#2982 = SURFACE_STYLE_FILL_AREA ( #4898 ) ;
#2983 = CIRCLE ( 'NONE', #5276, 0.08000000000000002942 ) ;
#2984 = PRESENTATION_LAYER_ASSIGNMENT (  '', '', ( #2451 ) ) ;
#2985 = FACE_OUTER_BOUND ( 'NONE', #1171, .T. ) ;
#2986 = B_SPLINE_CURVE_WITH_KNOTS ( 'NONE', 3,
 ( #3955, #1477, #5635, #5560, #1013, #1760, #8035, #3248, #6359, #4916, #1650, #5710, #4815, #9598, #3284, #1795, #2483, #7965, #4065 ),
 .UNSPECIFIED., .F., .F.,
 ( 4, 1, 1, 1, 1, 1, 1, 1, 1, 1, 1, 1, 1, 1, 1, 1, 4 ),
 ( 0.0000000000000000000, 0.09296849789814323750, 0.1796190127418996196, 0.2599307969998235213, 0.3342928210780368725, 0.4033594219391465896, 0.4674866722224736426, 0.5275080672266683202, 0.5839739592262356283, 0.6379088361798712636, 0.6900487158246230157, 0.7408323275431825117, 0.7910762043891654827, 0.8414806052123239288, 0.8927076811809740997, 0.9453694004147268348, 1.000000000000000000 ),
 .UNSPECIFIED. ) ;
#2987 = CARTESIAN_POINT ( 'NONE',  ( -0.2609115348192674322, 0.09550000000000004319, -0.01949999999999999997 ) ) ;
#2988 = AXIS2_PLACEMENT_3D ( 'NONE', #8421, #2999, #6878 ) ;
#2989 =( NAMED_UNIT ( * ) SI_UNIT ( $, .STERADIAN. ) SOLID_ANGLE_UNIT ( ) );
#2990 = ORIENTED_EDGE ( 'NONE', *, *, #5304, .F. ) ;
#2991 = DIRECTION ( 'NONE',  ( 0.0000000000000000000, 0.0000000000000000000, -1.000000000000000000 ) ) ;
#2992 = CARTESIAN_POINT ( 'NONE',  ( -0.2241859681413740923, -0.06423994224091877925, 0.2505000000000000560 ) ) ;
#2993 = CARTESIAN_POINT ( 'NONE',  ( -0.2354656029322788335, -0.05061909484869259873, 0.2484999999999999709 ) ) ;
#2994 = DIMENSIONAL_EXPONENTS ( 1.000000000000000000, 0.0000000000000000000, 0.0000000000000000000, 0.0000000000000000000, 0.0000000000000000000, 0.0000000000000000000, 0.0000000000000000000 ) ;
#2995 = UNCERTAINTY_MEASURE_WITH_UNIT (LENGTH_MEASURE( 1.000000000000000082E-05 ), #8227, 'distance_accuracy_value', 'NONE');
#2996 = ORIENTED_EDGE ( 'NONE', *, *, #2211, .F. ) ;
#2997 = FACE_OUTER_BOUND ( 'NONE', #8235, .T. ) ;
#2998 = EDGE_LOOP ( 'NONE', ( #8540, #5064 ) ) ;
#2999 = DIRECTION ( 'NONE',  ( 0.0000000000000000000, 0.0000000000000000000, -1.000000000000000000 ) ) ;
#3000 = PRESENTATION_LAYER_ASSIGNMENT (  '', '', ( #504 ) ) ;
#3001 = EDGE_CURVE ( 'NONE', #10039, #5259, #9817, .T. ) ;
#3002 =( CONVERSION_BASED_UNIT ( 'INCH', #7277 ) LENGTH_UNIT ( ) NAMED_UNIT ( #2590 ) );
#3003 = CIRCLE ( 'NONE', #4203, 0.08000000000000002942 ) ;
#3004 = ORIENTED_EDGE ( 'NONE', *, *, #1695, .F. ) ;
#3005 = VECTOR ( 'NONE', #5059, 39.37007874015748143 ) ;
#3006 = ORIENTED_EDGE ( 'NONE', *, *, #6104, .F. ) ;
#3007 = CARTESIAN_POINT ( 'NONE',  ( 0.1315000000000000613, -0.05600000000000000810, -0.2195000000000000007 ) ) ;
#3008 = DIRECTION ( 'NONE',  ( 0.0000000000000000000, 0.0000000000000000000, -1.000000000000000000 ) ) ;
#3009 = CARTESIAN_POINT ( 'NONE',  ( -0.07649999999999997080, -0.05599999999999999423, -0.3395000000000000240 ) ) ;
#3010 = DIRECTION ( 'NONE',  ( 0.0000000000000000000, 1.000000000000000000, -0.0000000000000000000 ) ) ;
#3011 = CARTESIAN_POINT ( 'NONE',  ( 0.6049999999999998712, 0.1870000000000001106, 0.01949999999999999997 ) ) ;
#3012 = LENGTH_MEASURE_WITH_UNIT ( LENGTH_MEASURE( 0.02539999999999999897 ), #4208 );
#3013 = AXIS2_PLACEMENT_3D ( 'NONE', #285, #6514, #8043 ) ;
#3014 = LENGTH_MEASURE_WITH_UNIT ( LENGTH_MEASURE( 0.02539999999999999897 ), #7255 );
#3015 = EDGE_CURVE ( 'NONE', #4938, #1507, #2729, .T. ) ;
#3016 = EDGE_CURVE ( 'NONE', #3391, #6035, #4209, .T. ) ;
#3017 = VERTEX_POINT ( 'NONE', #8552 ) ;
#3018 = FILL_AREA_STYLE_COLOUR ( '', #2705 ) ;
#3019 = EDGE_LOOP ( 'NONE', ( #8392, #9490, #1276, #5251 ) ) ;
#3020 = CARTESIAN_POINT ( 'NONE',  ( 0.2432515216811685643, 0.1082262247449276710, 0.2505000000000000004 ) ) ;
#3021 = FACE_OUTER_BOUND ( 'NONE', #296, .T. ) ;
#3022 = DIRECTION ( 'NONE',  ( 0.0000000000000000000, 0.0000000000000000000, 1.000000000000000000 ) ) ;
#3023 = PLANE ( 'NONE',  #7403 ) ;
#3024 = UNCERTAINTY_MEASURE_WITH_UNIT (LENGTH_MEASURE( 1.000000000000000082E-05 ), #3084, 'distance_accuracy_value', 'NONE');
#3025 = AXIS2_PLACEMENT_3D ( 'NONE', #7591, #8360, #7493 ) ;
#3026 = ADVANCED_FACE ( 'NONE', ( #1990 ), #7397, .T. ) ;
#3027 = CIRCLE ( 'NONE', #2937, 0.01949999999999987160 ) ;
#3028 = COLOUR_RGB ( '',0.9294117647058823817, 0.7607843137254901578, 0.4784313725490195734 ) ;
#3029 = DIRECTION ( 'NONE',  ( -0.1736481776669316079, -0.9848077530122077983, 0.0000000000000000000 ) ) ;
#3030 = CARTESIAN_POINT ( 'NONE',  ( -0.5450000000000000400, -0.2469999999999998586, 0.01949999999999999997 ) ) ;
#3031 = CARTESIAN_POINT ( 'NONE',  ( -0.2609115348192674322, 0.09550000000000004319, 0.01949999999999999997 ) ) ;
#3032 = VERTEX_POINT ( 'NONE', #7 ) ;
#3033 = CARTESIAN_POINT ( 'NONE',  ( -0.2609115348192674322, 0.1555000000000000548, 0.03949999999999997957 ) ) ;
#3034 = CARTESIAN_POINT ( 'NONE',  ( -0.2304283621695252526, -0.08500843797080873121, 0.2484999999999999987 ) ) ;
#3036 = ADVANCED_FACE ( 'NONE', ( #31 ), #3220, .T. ) ;
#3035 = COLOUR_RGB ( '',0.9294117647058823817, 0.7607843137254901578, 0.4784313725490195734 ) ;
#3037 =( CONVERSION_BASED_UNIT ( 'INCH', #7449 ) LENGTH_UNIT ( ) NAMED_UNIT ( #850 ) );
#3038 = CARTESIAN_POINT ( 'NONE',  ( -0.2233116515376623312, -0.04509431313207892117, 0.2484999999999999709 ) ) ;
#3039 = CARTESIAN_POINT ( 'NONE',  ( -0.09100000000000005307, 0.05599999999999999423, -0.2795000000000000262 ) ) ;
#3040 = MECHANICAL_DESIGN_GEOMETRIC_PRESENTATION_REPRESENTATION (  '', ( #2375 ), #6254 ) ;
#3041 = MECHANICAL_DESIGN_GEOMETRIC_PRESENTATION_REPRESENTATION (  '', ( #6255 ), #2913 ) ;
#3042 = ORIENTED_EDGE ( 'NONE', *, *, #8557, .T. ) ;
#3043 = DIRECTION ( 'NONE',  ( -1.000000000000000000, 0.0000000000000000000, 0.0000000000000000000 ) ) ;
#3044 = AXIS2_PLACEMENT_3D ( 'NONE', #42, #4008, #757 ) ;
#3045 = COLOUR_RGB ( '',0.7529411764705882248, 0.7529411764705882248, 0.7529411764705882248 ) ;
#3046 = VERTEX_POINT ( 'NONE', #7709 ) ;
#3047 = VECTOR ( 'NONE', #9362, 39.37007874015748143 ) ;
#3048 = ORIENTED_EDGE ( 'NONE', *, *, #7265, .F. ) ;
#3049 = B_SPLINE_CURVE_WITH_KNOTS ( 'NONE', 3,
 ( #5038, #6620, #6656, #385, #8221, #9004, #4324, #352, #1201, #7412, #1915, #7376, #8189, #3505, #8968 ),
 .UNSPECIFIED., .F., .F.,
 ( 4, 1, 1, 1, 1, 1, 1, 1, 1, 1, 1, 1, 4 ),
 ( 0.0000000000000000000, 0.08334355990315536755, 0.1610751688675265136, 0.2344455393451879421, 0.3025182736756389934, 0.3670882284496950199, 0.4290542124686961833, 0.4882469829996050614, 0.5460626299695239272, 0.6585067581972079420, 0.7683766796857702808, 0.8814040714766057105, 1.000000000000000000 ),
 .UNSPECIFIED. ) ;
#3050 = CARTESIAN_POINT ( 'NONE',  ( -0.2281428325564714144, -0.05309663698900715656, 0.2505000000000000004 ) ) ;
#3051 = ORIENTED_EDGE ( 'NONE', *, *, #3720, .F. ) ;
#3052 =( NAMED_UNIT ( * ) PLANE_ANGLE_UNIT ( ) SI_UNIT ( $, .RADIAN. ) );
#3053 = FILL_AREA_STYLE_COLOUR ( '', #3045 ) ;
#3054 = SURFACE_STYLE_USAGE ( .BOTH. , #661 ) ;
#3055 =( CONVERSION_BASED_UNIT ( 'INCH', #7638 ) LENGTH_UNIT ( ) NAMED_UNIT ( #9464 ) );
#3056 = STYLED_ITEM ( 'NONE', ( #5694 ), #6279 ) ;
#3057 = EDGE_CURVE ( 'NONE', #2019, #3844, #7625, .T. ) ;
#3058 = PRESENTATION_LAYER_ASSIGNMENT (  '', '', ( #9968 ) ) ;
#3059 = CIRCLE ( 'NONE', #5734, 0.04000000000000001471 ) ;
#3060 = VECTOR ( 'NONE', #9569, 39.37007874015748143 ) ;
#3061 = ORIENTED_EDGE ( 'NONE', *, *, #6223, .F. ) ;
#3062 = DIRECTION ( 'NONE',  ( 1.000000000000000000, 0.0000000000000000000, 0.0000000000000000000 ) ) ;
#3063 = FILL_AREA_STYLE_COLOUR ( '', #2477 ) ;
#3064 = CARTESIAN_POINT ( 'NONE',  ( 0.3200000000000000067, 0.08508110933998412617, 0.03949999999999997957 ) ) ;
#3065 = EDGE_LOOP ( 'NONE', ( #8102, #9890, #6, #192 ) ) ;
#3066 = CARTESIAN_POINT ( 'NONE',  ( -0.2211280592765510755, -0.07798858666771944781, 0.2484999999999999154 ) ) ;
#3067 = STYLED_ITEM ( 'NONE', ( #4184 ), #6953 ) ;
#3068 = VECTOR ( 'NONE', #784, 39.37007874015748143 ) ;
#3069 = EDGE_CURVE ( 'NONE', #6023, #5659, #529, .T. ) ;
#3070 = STYLED_ITEM ( 'NONE', ( #6775 ), #3146 ) ;
#3071 = ORIENTED_EDGE ( 'NONE', *, *, #3781, .F. ) ;
#3072 = SURFACE_SIDE_STYLE ('',( #4505 ) ) ;
#3073 =( CONVERSION_BASED_UNIT ( 'INCH', #6634 ) LENGTH_UNIT ( ) NAMED_UNIT ( #687 ) );
#3074 = CARTESIAN_POINT ( 'NONE',  ( 0.2349192119501888332, 0.1029774855385852672, 0.2485000000000000542 ) ) ;
#3075 =( NAMED_UNIT ( * ) SI_UNIT ( $, .STERADIAN. ) SOLID_ANGLE_UNIT ( ) );
#3076 =( CONVERSION_BASED_UNIT ( 'INCH', #7254 ) LENGTH_UNIT ( ) NAMED_UNIT ( #1929 ) );
#3077 = VERTEX_POINT ( 'NONE', #8626 ) ;
#3078 = CARTESIAN_POINT ( 'NONE',  ( -0.2296102387597409034, -0.05639076654123065940, 0.2484999999999998876 ) ) ;
#3079 = DIRECTION ( 'NONE',  ( 0.0000000000000000000, -0.0000000000000000000, -1.000000000000000000 ) ) ;
#3080 = LINE ( 'NONE', #969, #3575 ) ;
#3081 = VECTOR ( 'NONE', #1439, 39.37007874015748143 ) ;
#3082 = ORIENTED_EDGE ( 'NONE', *, *, #833, .T. ) ;
#3083 =( GEOMETRIC_REPRESENTATION_CONTEXT ( 3 ) GLOBAL_UNCERTAINTY_ASSIGNED_CONTEXT ( ( #6983 ) ) GLOBAL_UNIT_ASSIGNED_CONTEXT ( ( #74, #7877, #8723 ) ) REPRESENTATION_CONTEXT ( 'NONE', 'WORKASPACE' ) );
#3084 =( CONVERSION_BASED_UNIT ( 'INCH', #1840 ) LENGTH_UNIT ( ) NAMED_UNIT ( #5691 ) );
#3085 = EDGE_LOOP ( 'NONE', ( #7381, #5079, #5928, #3563 ) ) ;
#3086 = EDGE_CURVE ( 'NONE', #6850, #1322, #3826, .T. ) ;
#3087 =( GEOMETRIC_REPRESENTATION_CONTEXT ( 3 ) GLOBAL_UNCERTAINTY_ASSIGNED_CONTEXT ( ( #6194 ) ) GLOBAL_UNIT_ASSIGNED_CONTEXT ( ( #2785, #8254, #1764 ) ) REPRESENTATION_CONTEXT ( 'NONE', 'WORKASPACE' ) );
#3088 = CARTESIAN_POINT ( 'NONE',  ( -0.2246072802615997621, -0.05179503038194442632, 0.2505000000000000560 ) ) ;
#3089 = CARTESIAN_POINT ( 'NONE',  ( 0.2459999999999999964, 0.05599999999999999423, -0.2795000000000000262 ) ) ;
#3090 =( NAMED_UNIT ( * ) PLANE_ANGLE_UNIT ( ) SI_UNIT ( $, .RADIAN. ) );
#3091 = FILL_AREA_STYLE_COLOUR ( '', #1622 ) ;
#3092 = ORIENTED_EDGE ( 'NONE', *, *, #4979, .F. ) ;
#3093 = UNCERTAINTY_MEASURE_WITH_UNIT (LENGTH_MEASURE( 1.000000000000000082E-05 ), #3175, 'distance_accuracy_value', 'NONE');
#3094 = ADVANCED_FACE ( 'NONE', ( #4439 ), #1589, .F. ) ;
#3095 = ORIENTED_EDGE ( 'NONE', *, *, #5826, .T. ) ;
#3096 = VECTOR ( 'NONE', #7071, 39.37007874015748143 ) ;
#3097 =( LENGTH_UNIT ( ) NAMED_UNIT ( * ) SI_UNIT ( $, .METRE. ) );
#3098 = CARTESIAN_POINT ( 'NONE',  ( -0.2263533236548204708, -0.06388658998790246180, 0.2505000000000000004 ) ) ;
#3099 =( GEOMETRIC_REPRESENTATION_CONTEXT ( 3 ) GLOBAL_UNCERTAINTY_ASSIGNED_CONTEXT ( ( #7373 ) ) GLOBAL_UNIT_ASSIGNED_CONTEXT ( ( #2370, #2471, #9476 ) ) REPRESENTATION_CONTEXT ( 'NONE', 'WORKASPACE' ) );
#3100 = EDGE_LOOP ( 'NONE', ( #4862, #4418, #5309, #5292, #9950, #1381, #663, #5794 ) ) ;
#3101 = PRESENTATION_LAYER_ASSIGNMENT (  '', '', ( #6045 ) ) ;
#3102 = CARTESIAN_POINT ( 'NONE',  ( 0.2371982050534481579, 0.1039820571748961420, 0.2484999999999999709 ) ) ;
#3103 = SURFACE_SIDE_STYLE ('',( #4266 ) ) ;
#3104 = SURFACE_STYLE_FILL_AREA ( #868 ) ;
#3105 = CIRCLE ( 'NONE', #2036, 0.02000000000000007674 ) ;
#3106 = ORIENTED_EDGE ( 'NONE', *, *, #4915, .F. ) ;
#3107 = LINE ( 'NONE', #596, #1034 ) ;
#3108 =( CONVERSION_BASED_UNIT ( 'INCH', #8 ) LENGTH_UNIT ( ) NAMED_UNIT ( #2225 ) );
#3109 =( NAMED_UNIT ( * ) PLANE_ANGLE_UNIT ( ) SI_UNIT ( $, .RADIAN. ) );
#3110 = DIRECTION ( 'NONE',  ( 0.9939592598857551753, 0.1097496682790523592, 0.0000000000000000000 ) ) ;
#3111 = CARTESIAN_POINT ( 'NONE',  ( -0.2242669897029559989, -0.07927754407051282315, 0.2485000000000000264 ) ) ;
#3112 = STYLED_ITEM ( 'NONE', ( #5444 ), #5679 ) ;
#3113 = EDGE_CURVE ( 'NONE', #2072, #7907, #8117, .T. ) ;
#3114 = LINE ( 'NONE', #2513, #4700 ) ;
#3115 = B_SPLINE_CURVE_WITH_KNOTS ( 'NONE', 3,
 ( #9617, #1779, #5617, #6417, #1707, #6522, #4086, #2543, #1816, #189, #5655 ),
 .UNSPECIFIED., .F., .F.,
 ( 4, 1, 1, 1, 1, 1, 1, 1, 4 ),
 ( 0.0000000000000000000, 0.1301900769552817583, 0.2566886321244257751, 0.3796569215111060269, 0.5012233733199313868, 0.6223956310597767994, 0.7448946318982028192, 0.8707157349022369708, 1.000000000000000000 ),
 .UNSPECIFIED. ) ;
#3116 = CARTESIAN_POINT ( 'NONE',  ( 0.2358518738605814291, 0.1033376237329804437, 0.2484999999999999987 ) ) ;
#3117 = STYLED_ITEM ( 'NONE', ( #3746 ), #2305 ) ;
#3118 = SURFACE_STYLE_FILL_AREA ( #4460 ) ;
#3119 =( NAMED_UNIT ( * ) SI_UNIT ( $, .STERADIAN. ) SOLID_ANGLE_UNIT ( ) );
#3120 = SURFACE_STYLE_USAGE ( .BOTH. , #756 ) ;
#3121 = ORIENTED_EDGE ( 'NONE', *, *, #2078, .F. ) ;
#3122 = LINE ( 'NONE', #8877, #7649 ) ;
#3123 = CARTESIAN_POINT ( 'NONE',  ( -0.07649999999999997080, -0.05599999999999999423, -0.2013975032409335841 ) ) ;
#3124 = ORIENTED_EDGE ( 'NONE', *, *, #8107, .F. ) ;
#3125 = PRESENTATION_STYLE_ASSIGNMENT (( #7347 ) ) ;
#3126 = EDGE_LOOP ( 'NONE', ( #7997, #7624, #5066, #6066 ) ) ;
#3127 = STYLED_ITEM ( 'NONE', ( #9103 ), #6293 ) ;
#3128 = EDGE_CURVE ( 'NONE', #8739, #2489, #36, .T. ) ;
#3129 = DIRECTION ( 'NONE',  ( -0.0000000000000000000, -0.0000000000000000000, 1.000000000000000000 ) ) ;
#3130 = DIRECTION ( 'NONE',  ( 1.000000000000000000, 0.0000000000000000000, 0.0000000000000000000 ) ) ;
#3131 = CARTESIAN_POINT ( 'NONE',  ( -0.2294856898094947972, -0.06008635027615578938, 0.2484999999999999709 ) ) ;
#3132 = SURFACE_STYLE_USAGE ( .BOTH. , #7781 ) ;
#3133 = ORIENTED_EDGE ( 'NONE', *, *, #8441, .F. ) ;
#3134 = SURFACE_STYLE_FILL_AREA ( #5888 ) ;
#3135 = DIRECTION ( 'NONE',  ( -0.0000000000000000000, -0.0000000000000000000, 1.000000000000000000 ) ) ;
#3136 = ORIENTED_EDGE ( 'NONE', *, *, #9213, .T. ) ;
#3137 = CARTESIAN_POINT ( 'NONE',  ( -0.2190385387779077153, -0.05625828882262957908, 0.2504999999999999449 ) ) ;
#3138 =( LENGTH_UNIT ( ) NAMED_UNIT ( * ) SI_UNIT ( $, .METRE. ) );
#3139 = CARTESIAN_POINT ( 'NONE',  ( 0.2892357091213815234, -0.08939185421335459070, -0.1494999999999999940 ) ) ;
#3140 = DIRECTION ( 'NONE',  ( 1.000000000000000000, 0.0000000000000000000, 0.0000000000000000000 ) ) ;
#3141 = ADVANCED_FACE ( 'NONE', ( #7870 ), #2094, .T. ) ;
#3142 = ADVANCED_FACE ( 'NONE', ( #1245 ), #2515, .F. ) ;
#3143 = ADVANCED_FACE ( 'NONE', ( #4927 ), #4794, .F. ) ;
#3144 = PRESENTATION_LAYER_ASSIGNMENT (  '', '', ( #2624 ) ) ;
#3145 =( NAMED_UNIT ( * ) PLANE_ANGLE_UNIT ( ) SI_UNIT ( $, .RADIAN. ) );
#3146 = ADVANCED_FACE ( 'NONE', ( #3699 ), #7171, .F. ) ;
#3147 = EDGE_CURVE ( 'NONE', #7902, #7863, #7858, .T. ) ;
#3148 = EDGE_CURVE ( 'NONE', #4949, #3529, #1852, .T. ) ;
#3149 = DIRECTION ( 'NONE',  ( -1.000000000000000000, 0.0000000000000000000, -0.0000000000000000000 ) ) ;
#3150 = FACE_BOUND ( 'NONE', #1531, .T. ) ;
#3151 = ORIENTED_EDGE ( 'NONE', *, *, #2822, .T. ) ;
#3152 = UNCERTAINTY_MEASURE_WITH_UNIT (LENGTH_MEASURE( 1.000000000000000082E-05 ), #3187, 'distance_accuracy_value', 'NONE');
#3153 = FILL_AREA_STYLE ('',( #7701 ) ) ;
#3154 =( NAMED_UNIT ( * ) SI_UNIT ( $, .STERADIAN. ) SOLID_ANGLE_UNIT ( ) );
#3155 = LENGTH_MEASURE_WITH_UNIT ( LENGTH_MEASURE( 0.02539999999999999897 ), #963 );
#3156 = CARTESIAN_POINT ( 'NONE',  ( 0.1420000000000001261, -0.05600000000000000810, 0.01949999999999999997 ) ) ;
#3157 = CARTESIAN_POINT ( 'NONE',  ( -0.2104510888804048685, -0.07550000000000001155, 0.03949999999999997957 ) ) ;
#3158 = CARTESIAN_POINT ( 'NONE',  ( -0.2319903295482025063, -0.04707222006503068712, 0.2504999999999999449 ) ) ;
#3159 = VECTOR ( 'NONE', #2571, 39.37007874015747433 ) ;
#3160 = VECTOR ( 'NONE', #4353, 39.37007874015748143 ) ;
#3161 = FILL_AREA_STYLE_COLOUR ( '', #3714 ) ;
#3162 = AXIS2_PLACEMENT_3D ( 'NONE', #9792, #8288, #5150 ) ;
#3163 = VERTEX_POINT ( 'NONE', #7458 ) ;
#3164 = AXIS2_PLACEMENT_3D ( 'NONE', #9755, #5115, #9007 ) ;
#3165 = PRESENTATION_LAYER_ASSIGNMENT (  '', '', ( #2646 ) ) ;
#3166 = PRESENTATION_STYLE_ASSIGNMENT (( #5758 ) ) ;
#3167 = CARTESIAN_POINT ( 'NONE',  ( -0.2195714218119642347, -0.08483332323579352574, 0.2485000000000000264 ) ) ;
#3168 = CARTESIAN_POINT ( 'NONE',  ( 0.3790884651807324701, 0.07466221867996818140, -0.03950000000000004896 ) ) ;
#3169 = PLANE ( 'NONE',  #7461 ) ;
#3170 = ORIENTED_EDGE ( 'NONE', *, *, #3660, .F. ) ;
#3171 = ORIENTED_EDGE ( 'NONE', *, *, #9361, .T. ) ;
#3172 = DIMENSIONAL_EXPONENTS ( 1.000000000000000000, 0.0000000000000000000, 0.0000000000000000000, 0.0000000000000000000, 0.0000000000000000000, 0.0000000000000000000, 0.0000000000000000000 ) ;
#3173 = CARTESIAN_POINT ( 'NONE',  ( -0.1304999999999998661, 0.05600000000000000810, 0.2505000000000000004 ) ) ;
#3174 = CARTESIAN_POINT ( 'NONE',  ( 0.1960000000000000353, 0.05599999999999999423, -0.3395000000000000240 ) ) ;
#3175 =( CONVERSION_BASED_UNIT ( 'INCH', #7058 ) LENGTH_UNIT ( ) NAMED_UNIT ( #8413 ) );
#3176 = CARTESIAN_POINT ( 'NONE',  ( -0.2110199643843211348, -0.06529322254148302307, 0.2484999999999999987 ) ) ;
#3177 = CARTESIAN_POINT ( 'NONE',  ( -0.2206888177945607599, -0.07751621257107375873, 0.2505000000000000560 ) ) ;
#3178 = ORIENTED_EDGE ( 'NONE', *, *, #9567, .F. ) ;
#3179 = AXIS2_PLACEMENT_3D ( 'NONE', #9095, #4322, #4415 ) ;
#3180 = FACE_OUTER_BOUND ( 'NONE', #3631, .T. ) ;
#3181 =( NAMED_UNIT ( * ) SI_UNIT ( $, .STERADIAN. ) SOLID_ANGLE_UNIT ( ) );
#3182 = AXIS2_PLACEMENT_3D ( 'NONE', #6084, #7650, #7560 ) ;
#3183 = FACE_OUTER_BOUND ( 'NONE', #7533, .T. ) ;
#3184 = LINE ( 'NONE', #5033, #6502 ) ;
#3185 = CARTESIAN_POINT ( 'NONE',  ( 0.08700000000000004952, 0.05599999999999999423, -0.3395000000000000240 ) ) ;
#3186 = ORIENTED_EDGE ( 'NONE', *, *, #7422, .F. ) ;
#3187 =( CONVERSION_BASED_UNIT ( 'INCH', #2599 ) LENGTH_UNIT ( ) NAMED_UNIT ( #2392 ) );
#3188 = CARTESIAN_POINT ( 'NONE',  ( 0.2459999999999999964, 0.05599999999999999423, -0.2795000000000000262 ) ) ;
#3189 = SURFACE_STYLE_FILL_AREA ( #262 ) ;
#3190 = SURFACE_STYLE_USAGE ( .BOTH. , #6308 ) ;
#3191 = SURFACE_SIDE_STYLE ('',( #7215 ) ) ;
#3192 = CIRCLE ( 'NONE', #5385, 0.02999999999999995379 ) ;
#3193 =( NAMED_UNIT ( * ) SI_UNIT ( $, .STERADIAN. ) SOLID_ANGLE_UNIT ( ) );
#3194 = EDGE_LOOP ( 'NONE', ( #96, #6504, #1776, #7813 ) ) ;
#3195 = STYLED_ITEM ( 'NONE', ( #3970 ), #5971 ) ;
#3196 = EDGE_CURVE ( 'NONE', #2313, #9962, #7115, .T. ) ;
#3197 = PRESENTATION_STYLE_ASSIGNMENT (( #5070 ) ) ;
#3198 = ADVANCED_FACE ( 'Face4', ( #8973, #3463, #7383, #9197 ), #2474, .F. ) ;
#3199 = FACE_OUTER_BOUND ( 'NONE', #3823, .T. ) ;
#3200 = DIRECTION ( 'NONE',  ( 1.000000000000000000, 0.0000000000000000000, 0.0000000000000000000 ) ) ;
#3201 =( CONVERSION_BASED_UNIT ( 'INCH', #1775 ) LENGTH_UNIT ( ) NAMED_UNIT ( #4401 ) );
#3202 = DIRECTION ( 'NONE',  ( -0.0000000000000000000, -0.0000000000000000000, 1.000000000000000000 ) ) ;
#3203 = EDGE_LOOP ( 'NONE', ( #3136, #7053, #5339, #6074, #1249, #6560 ) ) ;
#3204 = AXIS2_PLACEMENT_3D ( 'NONE', #6753, #5896, #7536 ) ;
#3205 = EDGE_CURVE ( 'NONE', #9079, #541, #3706, .T. ) ;
#3206 = STYLED_ITEM ( 'NONE', ( #9688 ), #3356 ) ;
#3207 =( NAMED_UNIT ( * ) PLANE_ANGLE_UNIT ( ) SI_UNIT ( $, .RADIAN. ) );
#3208 = CARTESIAN_POINT ( 'NONE',  ( -0.2609115348192674322, 0.09550000000000004319, -0.1494999999999999940 ) ) ;
#3209 = SURFACE_STYLE_FILL_AREA ( #9237 ) ;
#3210 = VECTOR ( 'NONE', #2149, 39.37007874015748143 ) ;
#3211 = CARTESIAN_POINT ( 'NONE',  ( 0.2892357091213815234, -0.08939185421335459070, -0.2195000000000000839 ) ) ;
#3212 = FILL_AREA_STYLE_COLOUR ( '', #4595 ) ;
#3213 = FACE_OUTER_BOUND ( 'NONE', #4932, .T. ) ;
#3214 = ORIENTED_EDGE ( 'NONE', *, *, #3807, .F. ) ;
#3216 = VERTEX_POINT ( 'NONE', #3478 ) ;
#3215 = FACE_OUTER_BOUND ( 'NONE', #1727, .T. ) ;
#3217 =( CONVERSION_BASED_UNIT ( 'INCH', #7118 ) LENGTH_UNIT ( ) NAMED_UNIT ( #1603 ) );
#3218 = ORIENTED_EDGE ( 'NONE', *, *, #7988, .F. ) ;
#3219 = CARTESIAN_POINT ( 'NONE',  ( -0.2500000000000000000, 0.05600000000000000810, -0.2195000000000000007 ) ) ;
#3220 = TOROIDAL_SURFACE ( 'NONE', #5165, 0.1000000000000000611, 0.02000000000000000042 ) ;
#3221 = LINE ( 'NONE', #2857, #4552 ) ;
#3223 = VECTOR ( 'NONE', #6452, 39.37007874015748143 ) ;
#3222 = AXIS2_PLACEMENT_3D ( 'NONE', #6450, #4083, #8114 ) ;
#3224 = CARTESIAN_POINT ( 'NONE',  ( -0.2259427380307153788, -0.07902595171121595818, 0.2484999999999999987 ) ) ;
#3225 =( NAMED_UNIT ( * ) SI_UNIT ( $, .STERADIAN. ) SOLID_ANGLE_UNIT ( ) );
#3226 = MECHANICAL_DESIGN_GEOMETRIC_PRESENTATION_REPRESENTATION (  '', ( #2168 ), #5856 ) ;
#3227 = ORIENTED_EDGE ( 'NONE', *, *, #8695, .T. ) ;
#3228 = CARTESIAN_POINT ( 'NONE',  ( -0.03650000000000006017, -0.05599999999999999423, -0.2013975032409335841 ) ) ;
#3229 = CARTESIAN_POINT ( 'NONE',  ( -0.2309335459014585090, -0.04645305498554299500, 0.2504999999999999449 ) ) ;
#3230 = CARTESIAN_POINT ( 'NONE',  ( -0.2247693233847634919, -0.04505403645833331444, 0.2505000000000000004 ) ) ;
#3231 = DIRECTION ( 'NONE',  ( 1.000000000000000000, 0.0000000000000000000, 0.0000000000000000000 ) ) ;
#3232 = ORIENTED_EDGE ( 'NONE', *, *, #3456, .F. ) ;
#3233 = ORIENTED_EDGE ( 'NONE', *, *, #204, .F. ) ;
#3234 = SURFACE_SIDE_STYLE ('',( #487 ) ) ;
#3235 = CARTESIAN_POINT ( 'NONE',  ( -0.2361186659678248534, -0.06448914814649306382, 0.2484999999999999154 ) ) ;
#3236 = CARTESIAN_POINT ( 'NONE',  ( -0.1355000000000000648, -0.05599999999999999423, -0.2013975032409335841 ) ) ;
#3237 = DIRECTION ( 'NONE',  ( -0.0000000000000000000, -0.0000000000000000000, -1.000000000000000000 ) ) ;
#3238 = AXIS2_PLACEMENT_3D ( 'NONE', #9163, #7549, #8381 ) ;
#3239 = LENGTH_MEASURE_WITH_UNIT ( LENGTH_MEASURE( 0.02539999999999999897 ), #9074 );
#3240 = MECHANICAL_DESIGN_GEOMETRIC_PRESENTATION_REPRESENTATION (  '', ( #7164 ), #7633 ) ;
#3241 = ORIENTED_EDGE ( 'NONE', *, *, #3293, .T. ) ;
#3242 = FACE_OUTER_BOUND ( 'NONE', #4761, .T. ) ;
#3243 = STYLED_ITEM ( 'NONE', ( #7077 ), #1518 ) ;
#3244 = CYLINDRICAL_SURFACE ( 'NONE', #6729, 0.01999999999999995878 ) ;
#3245 = VERTEX_POINT ( 'NONE', #2722 ) ;
#3246 = FILL_AREA_STYLE ('',( #4528 ) ) ;
#3247 = SURFACE_SIDE_STYLE ('',( #4936 ) ) ;
#3248 = CARTESIAN_POINT ( 'NONE',  ( -0.2132204320788069762, -0.07830672300242892681, 0.2505000000000000560 ) ) ;
#3249 =( NAMED_UNIT ( * ) SI_UNIT ( $, .STERADIAN. ) SOLID_ANGLE_UNIT ( ) );
#3250 = CARTESIAN_POINT ( 'NONE',  ( -0.2188008991631815170, -0.05815760734162900986, 0.2505000000000000560 ) ) ;
#3251 = CARTESIAN_POINT ( 'NONE',  ( -0.2236942065499825383, -0.07926426825413654398, 0.2505000000000000560 ) ) ;
#3252 = VECTOR ( 'NONE', #2932, 39.37007874015748143 ) ;
#3253 = ADVANCED_FACE ( 'Face2', ( #9818 ), #2234, .F. ) ;
#3254 = CARTESIAN_POINT ( 'NONE',  ( -0.1454999999999999349, -0.05600000000000000810, -0.2195000000000000007 ) ) ;
#3255 = CARTESIAN_POINT ( 'NONE',  ( -0.2104510888804048685, -0.07550000000000001155, -0.01949999999999999997 ) ) ;
#3256 = LINE ( 'NONE', #5662, #8152 ) ;
#3257 = CARTESIAN_POINT ( 'NONE',  ( -0.6049999999999999822, 0.1870000000000001106, 0.01949999999999999997 ) ) ;
#3258 = VERTEX_POINT ( 'NONE', #1969 ) ;
#3259 = ORIENTED_EDGE ( 'NONE', *, *, #7775, .T. ) ;
#3260 = STYLED_ITEM ( 'NONE', ( #551 ), #6101 ) ;
#3261 = EDGE_CURVE ( 'NONE', #5659, #3753, #6662, .T. ) ;
#3262 = AXIS2_PLACEMENT_3D ( 'NONE', #737, #6226, #2482 ) ;
#3263 = CARTESIAN_POINT ( 'NONE',  ( -0.2200000000000000011, 0.05600000000000000810, 0.2505000000000000004 ) ) ;
#3264 = DIRECTION ( 'NONE',  ( -1.000000000000000000, 0.0000000000000000000, 0.0000000000000000000 ) ) ;
#3265 = SURFACE_SIDE_STYLE ('',( #5944 ) ) ;
#3266 = CARTESIAN_POINT ( 'NONE',  ( 0.2520824406929609296, 0.1209459635416667289, 0.2484999999999999987 ) ) ;
#3267 = DIMENSIONAL_EXPONENTS ( 1.000000000000000000, 0.0000000000000000000, 0.0000000000000000000, 0.0000000000000000000, 0.0000000000000000000, 0.0000000000000000000, 0.0000000000000000000 ) ;
#3268 = DIRECTION ( 'NONE',  ( -1.000000000000000000, -0.0000000000000000000, -0.0000000000000000000 ) ) ;
#3269 = VERTEX_POINT ( 'NONE', #8129 ) ;
#3270 = ORIENTED_EDGE ( 'NONE', *, *, #1170, .T. ) ;
#3271 = CARTESIAN_POINT ( 'NONE',  ( -0.2188023341901455809, -0.05864696422840105089, 0.2505000000000000004 ) ) ;
#3272 = PRESENTATION_STYLE_ASSIGNMENT (( #2360 ) ) ;
#3273 = CIRCLE ( 'NONE', #5627, 0.1200000000000000511 ) ;
#3274 = AXIS2_PLACEMENT_3D ( 'NONE', #5416, #8942, #8445 ) ;
#3275 = EDGE_CURVE ( 'NONE', #6771, #3305, #4804, .T. ) ;
#3276 = PRESENTATION_LAYER_ASSIGNMENT (  '', '', ( #1292 ) ) ;
#3277 = CARTESIAN_POINT ( 'NONE',  ( -0.002000000000000006113, 0.05600000000000000810, -0.2195000000000000007 ) ) ;
#3278 = DIRECTION ( 'NONE',  ( -0.0000000000000000000, -0.0000000000000000000, -1.000000000000000000 ) ) ;
#3279 =( CONVERSION_BASED_UNIT ( 'INCH', #8812 ) LENGTH_UNIT ( ) NAMED_UNIT ( #2291 ) );
#3280 =( LENGTH_UNIT ( ) NAMED_UNIT ( * ) SI_UNIT ( $, .METRE. ) );
#3281 = EDGE_LOOP ( 'NONE', ( #1901, #9375, #2554, #9925, #7468, #5569, #8267, #4831, #8336 ) ) ;
#3282 = DIMENSIONAL_EXPONENTS ( 1.000000000000000000, 0.0000000000000000000, 0.0000000000000000000, 0.0000000000000000000, 0.0000000000000000000, 0.0000000000000000000, 0.0000000000000000000 ) ;
#3283 = DIRECTION ( 'NONE',  ( 1.000000000000000000, 0.0000000000000000000, 0.0000000000000000000 ) ) ;
#3284 = CARTESIAN_POINT ( 'NONE',  ( -0.2209204157775767619, -0.08535744176269431660, 0.2504999999999998894 ) ) ;
#3285 = VECTOR ( 'NONE', #5073, 39.37007874015748143 ) ;
#3286 = SURFACE_STYLE_USAGE ( .BOTH. , #9447 ) ;
#3287 = CARTESIAN_POINT ( 'NONE',  ( -0.2139282311518964641, -0.05105105441147064771, 0.2504999999999999449 ) ) ;
#3288 = CARTESIAN_POINT ( 'NONE',  ( -0.2264737489233165091, -0.08599580026284196765, 0.2484999999999999709 ) ) ;
#3289 = UNCERTAINTY_MEASURE_WITH_UNIT (LENGTH_MEASURE( 1.000000000000000082E-05 ), #3847, 'distance_accuracy_value', 'NONE');
#3290 =( NAMED_UNIT ( * ) SI_UNIT ( $, .STERADIAN. ) SOLID_ANGLE_UNIT ( ) );
#3291 = PRESENTATION_LAYER_ASSIGNMENT (  '', '', ( #4712 ) ) ;
#3292 = EDGE_CURVE ( 'NONE', #3993, #6936, #2733, .T. ) ;
#3293 = EDGE_CURVE ( 'NONE', #9006, #2604, #9930, .T. ) ;
#3294 = CIRCLE ( 'NONE', #4031, 0.02000000000000008021 ) ;
#3295 = DIRECTION ( 'NONE',  ( 0.0000000000000000000, 0.0000000000000000000, 1.000000000000000000 ) ) ;
#3296 = VERTEX_POINT ( 'NONE', #2922 ) ;
#3297 =( CONVERSION_BASED_UNIT ( 'INCH', #3590 ) LENGTH_UNIT ( ) NAMED_UNIT ( #2661 ) );
#3298 = CARTESIAN_POINT ( 'NONE',  ( -0.2236942065499825383, -0.07926426825413654398, 0.2485000000000000264 ) ) ;
#3299 =( NAMED_UNIT ( * ) SI_UNIT ( $, .STERADIAN. ) SOLID_ANGLE_UNIT ( ) );
#3300 = COLOUR_RGB ( '',0.7529411764705882248, 0.7529411764705882248, 0.7529411764705882248 ) ;
#3301 = CARTESIAN_POINT ( 'NONE',  ( -0.03700000000000014388, -0.05600000000000000810, -0.03565432893255038316 ) ) ;
#3302 = AXIS2_PLACEMENT_3D ( 'NONE', #4036, #9453, #7144 ) ;
#3303 = AXIS2_PLACEMENT_3D ( 'NONE', #8373, #2844, #9909 ) ;
#3304 = ADVANCED_FACE ( 'NONE', ( #638 ), #564, .T. ) ;
#3305 = VERTEX_POINT ( 'NONE', #5951 ) ;
#3306 = DIRECTION ( 'NONE',  ( -0.0000000000000000000, -0.0000000000000000000, -1.000000000000000000 ) ) ;
#3307 = CARTESIAN_POINT ( 'NONE',  ( 0.2445464361460443492, 0.1182622665438445575, 0.2504999999999999449 ) ) ;
#3308 = DIRECTION ( 'NONE',  ( -0.0000000000000000000, 0.0000000000000000000, -1.000000000000000000 ) ) ;
#3309 = CARTESIAN_POINT ( 'NONE',  ( -0.2158541463311981212, -0.04866222652772274337, 0.2504999999999999449 ) ) ;
#3310 = PRESENTATION_STYLE_ASSIGNMENT (( #2741 ) ) ;
#3311 = ORIENTED_EDGE ( 'NONE', *, *, #974, .T. ) ;
#3312 = DIRECTION ( 'NONE',  ( -1.000000000000000000, 0.0000000000000000000, 0.0000000000000000000 ) ) ;
#3313 = DIRECTION ( 'NONE',  ( -1.000000000000000000, 0.0000000000000000000, 0.0000000000000000000 ) ) ;
#3314 = CARTESIAN_POINT ( 'NONE',  ( 0.2397518889675942511, 0.1054795589012842011, 0.2484999999999999154 ) ) ;
#3315 = LINE ( 'NONE', #8920, #7715 ) ;
#3316 =( NAMED_UNIT ( * ) PLANE_ANGLE_UNIT ( ) SI_UNIT ( $, .RADIAN. ) );
#3317 = CARTESIAN_POINT ( 'NONE',  ( -0.2346602084922011500, -0.08101874423433384764, 0.2485000000000000819 ) ) ;
#3318 = MECHANICAL_DESIGN_GEOMETRIC_PRESENTATION_REPRESENTATION (  '', ( #1388 ), #3644 ) ;
#3319 = CARTESIAN_POINT ( 'NONE',  ( 0.2443043707811019816, 0.1092950629861946521, 0.2484999999999999987 ) ) ;
#3320 = MECHANICAL_DESIGN_GEOMETRIC_PRESENTATION_REPRESENTATION (  '', ( #1930 ), #3519 ) ;
#3321 = FACE_OUTER_BOUND ( 'NONE', #7750, .T. ) ;
#3322 = PRESENTATION_STYLE_ASSIGNMENT (( #8475 ) ) ;
#3323 = CARTESIAN_POINT ( 'NONE',  ( 0.1615000000000000047, -0.05600000000000000810, -0.4243528137423855373 ) ) ;
#3324 = DIRECTION ( 'NONE',  ( 1.000000000000000000, 0.0000000000000000000, 0.0000000000000000000 ) ) ;
#3325 = ORIENTED_EDGE ( 'NONE', *, *, #5176, .F. ) ;
#3326 = DIRECTION ( 'NONE',  ( 0.0000000000000000000, 0.0000000000000000000, 1.000000000000000000 ) ) ;
#3327 =( NAMED_UNIT ( * ) PLANE_ANGLE_UNIT ( ) SI_UNIT ( $, .RADIAN. ) );
#3328 = SURFACE_SIDE_STYLE ('',( #8301 ) ) ;
#3329 = FILL_AREA_STYLE ('',( #6556 ) ) ;
#3330 =( GEOMETRIC_REPRESENTATION_CONTEXT ( 3 ) GLOBAL_UNCERTAINTY_ASSIGNED_CONTEXT ( ( #1569 ) ) GLOBAL_UNIT_ASSIGNED_CONTEXT ( ( #4188, #5650, #3299 ) ) REPRESENTATION_CONTEXT ( 'NONE', 'WORKASPACE' ) );
#3331 = FACE_OUTER_BOUND ( 'NONE', #6793, .T. ) ;
#3332 = EDGE_CURVE ( 'NONE', #6798, #7463, #2475, .T. ) ;
#3333 = CARTESIAN_POINT ( 'NONE',  ( -0.5450000000000000400, -0.2469999999999998586, 0.01949999999999999997 ) ) ;
#3334 = SURFACE_STYLE_FILL_AREA ( #1175 ) ;
#3335 = EDGE_LOOP ( 'NONE', ( #6171, #5692, #3537, #6877, #4233 ) ) ;
#3336 = VERTEX_POINT ( 'NONE', #2128 ) ;
#3337 = DIRECTION ( 'NONE',  ( 1.000000000000000000, 0.0000000000000000000, 0.0000000000000000000 ) ) ;
#3338 = CARTESIAN_POINT ( 'NONE',  ( 0.2349701453376489280, 0.1107694300974429030, 0.2484999999999999709 ) ) ;
#3339 = CARTESIAN_POINT ( 'NONE',  ( 0.1070000000000000118, 0.05600000000000000810, -0.2195000000000000007 ) ) ;
#3340 = CARTESIAN_POINT ( 'NONE',  ( -0.2197342478748889605, -0.06910301810805888345, 0.2505000000000000004 ) ) ;
#3341 = CARTESIAN_POINT ( 'NONE',  ( -0.2148457252341929302, -0.04977047798855659122, 0.2505000000000000560 ) ) ;
#3342 = DIMENSIONAL_EXPONENTS ( 1.000000000000000000, 0.0000000000000000000, 0.0000000000000000000, 0.0000000000000000000, 0.0000000000000000000, 0.0000000000000000000, 0.0000000000000000000 ) ;
#3343 = ORIENTED_EDGE ( 'NONE', *, *, #8979, .F. ) ;
#3344 = ORIENTED_EDGE ( 'NONE', *, *, #711, .F. ) ;
#3345 = AXIS2_PLACEMENT_3D ( 'NONE', #4530, #4566, #5360 ) ;
#3346 = EDGE_LOOP ( 'NONE', ( #9307, #9269, #3270, #4746 ) ) ;
#3347 = EDGE_CURVE ( 'NONE', #4585, #5367, #3221, .T. ) ;
#3348 = EDGE_CURVE ( 'NONE', #4216, #8620, #9189, .T. ) ;
#3349 = CARTESIAN_POINT ( 'NONE',  ( 0.2433400616042395714, 0.1166132905068704428, 0.2505000000000000560 ) ) ;
#3350 = ORIENTED_EDGE ( 'NONE', *, *, #8519, .T. ) ;
#3351 =( NAMED_UNIT ( * ) PLANE_ANGLE_UNIT ( ) SI_UNIT ( $, .RADIAN. ) );
#3352 = ADVANCED_FACE ( 'NONE', ( #403 ), #4482, .F. ) ;
#3353 = FILL_AREA_STYLE_COLOUR ( '', #931 ) ;
#3354 = CARTESIAN_POINT ( 'NONE',  ( -0.2341057458434951666, -0.08188831310808239450, 0.2505000000000000560 ) ) ;
#3355 = LINE ( 'NONE', #4959, #5799 ) ;
#3356 = ADVANCED_FACE ( 'NONE', ( #7387 ), #7117, .T. ) ;
#3357 = LENGTH_MEASURE_WITH_UNIT ( LENGTH_MEASURE( 0.02539999999999999897 ), #6213 );
#3358 = ADVANCED_FACE ( 'NONE', ( #8836 ), #7621, .F. ) ;
#3359 = ORIENTED_EDGE ( 'NONE', *, *, #2533, .F. ) ;
#3361 = ORIENTED_EDGE ( 'NONE', *, *, #1464, .F. ) ;
#3360 = PRESENTATION_STYLE_ASSIGNMENT (( #605 ) ) ;
#3362 = DIRECTION ( 'NONE',  ( -1.000000000000000000, 0.0000000000000000000, 0.0000000000000000000 ) ) ;
#3363 = CARTESIAN_POINT ( 'NONE',  ( -0.2293368502719642377, -0.05510562371226146450, 0.2485000000000000264 ) ) ;
#3364 = LINE ( 'NONE', #7285, #6695 ) ;
#3365 = AXIS2_PLACEMENT_3D ( 'NONE', #1059, #5027, #5062 ) ;
#3366 = CARTESIAN_POINT ( 'NONE',  ( -0.2351324278202851781, -0.08005959284212782467, 0.2505000000000000560 ) ) ;
#3367 = CARTESIAN_POINT ( 'NONE',  ( -0.1355000000000000926, -0.05600000000000000810, -0.4243528137423855373 ) ) ;
#3368 = LENGTH_MEASURE_WITH_UNIT ( LENGTH_MEASURE( 0.02539999999999999897 ), #5714 );
#3369 =( NAMED_UNIT ( * ) PLANE_ANGLE_UNIT ( ) SI_UNIT ( $, .RADIAN. ) );
#3370 = COLOUR_RGB ( '',0.9294117647058823817, 0.7607843137254901578, 0.4784313725490195734 ) ;
#3371 = SURFACE_SIDE_STYLE ('',( #10036 ) ) ;
#3372 = ORIENTED_EDGE ( 'NONE', *, *, #4177, .F. ) ;
#3373 = LINE ( 'NONE', #4404, #312 ) ;
#3374 = EDGE_LOOP ( 'NONE', ( #10028, #3965, #4302, #1541 ) ) ;
#3375 = CARTESIAN_POINT ( 'NONE',  ( 0.01799999999999995007, 0.05599999999999999423, -0.2795000000000000262 ) ) ;
#3376 = EDGE_LOOP ( 'NONE', ( #1989, #1057, #9054, #2754 ) ) ;
#3377 = CARTESIAN_POINT ( 'NONE',  ( 0.2458437804511574010, 0.1209459635416667289, 0.2484999999999999987 ) ) ;
#3378 = DIRECTION ( 'NONE',  ( 0.0000000000000000000, 0.0000000000000000000, 1.000000000000000000 ) ) ;
#3379 = DIRECTION ( 'NONE',  ( -1.000000000000000000, 0.0000000000000000000, 0.0000000000000000000 ) ) ;
#3380 = CARTESIAN_POINT ( 'NONE',  ( 0.5449999999999999289, 0.1870000000000001106, 0.01949999999999999997 ) ) ;
#3381 = CARTESIAN_POINT ( 'NONE',  ( -0.2131470752329127638, -0.05253106872786893894, 0.2505000000000000560 ) ) ;
#3382 = DIMENSIONAL_EXPONENTS ( 1.000000000000000000, 0.0000000000000000000, 0.0000000000000000000, 0.0000000000000000000, 0.0000000000000000000, 0.0000000000000000000, 0.0000000000000000000 ) ;
#3383 = AXIS2_PLACEMENT_3D ( 'NONE', #1876, #8963, #3403 ) ;
#3384 = AXIS2_PLACEMENT_3D ( 'NONE', #7824, #9348, #9413 ) ;
#3385 = DIMENSIONAL_EXPONENTS ( 1.000000000000000000, 0.0000000000000000000, 0.0000000000000000000, 0.0000000000000000000, 0.0000000000000000000, 0.0000000000000000000, 0.0000000000000000000 ) ;
#3386 =( GEOMETRIC_REPRESENTATION_CONTEXT ( 3 ) GLOBAL_UNCERTAINTY_ASSIGNED_CONTEXT ( ( #7572 ) ) GLOBAL_UNIT_ASSIGNED_CONTEXT ( ( #6274, #3878, #9397 ) ) REPRESENTATION_CONTEXT ( 'NONE', 'WORKASPACE' ) );
#3387 = CARTESIAN_POINT ( 'NONE',  ( -0.3003038449397558707, 0.08855407289332276055, 0.2515000000000000013 ) ) ;
#3388 = ORIENTED_EDGE ( 'NONE', *, *, #3660, .T. ) ;
#3389 = SURFACE_SIDE_STYLE ('',( #1526 ) ) ;
#3390 = CARTESIAN_POINT ( 'NONE',  ( -0.2364283260963937761, -0.07546953067616517241, 0.2505000000000000004 ) ) ;
#3391 = VERTEX_POINT ( 'NONE', #8448 ) ;
#3392 = FILL_AREA_STYLE ('',( #8066 ) ) ;
#3393 = CIRCLE ( 'NONE', #3182, 0.01949999999999987160 ) ;
#3394 = DIRECTION ( 'NONE',  ( -0.0000000000000000000, -0.0000000000000000000, -1.000000000000000000 ) ) ;
#3395 = ADVANCED_FACE ( 'NONE', ( #8586 ), #3702, .F. ) ;
#3396 = TOROIDAL_SURFACE ( 'NONE', #8684, 0.08000000000000002942, 0.02000000000000000042 ) ;
#3397 = ORIENTED_EDGE ( 'NONE', *, *, #2228, .T. ) ;
#3398 = AXIS2_PLACEMENT_3D ( 'NONE', #4306, #7351, #5089 ) ;
#3399 = EDGE_CURVE ( 'NONE', #5744, #2930, #1854, .T. ) ;
#3400 = ORIENTED_EDGE ( 'NONE', *, *, #1038, .T. ) ;
#3401 =( CONVERSION_BASED_UNIT ( 'INCH', #6119 ) LENGTH_UNIT ( ) NAMED_UNIT ( #8538 ) );
#3402 =( NAMED_UNIT ( * ) PLANE_ANGLE_UNIT ( ) SI_UNIT ( $, .RADIAN. ) );
#3403 = DIRECTION ( 'NONE',  ( -1.000000000000000000, 0.0000000000000000000, 0.0000000000000000000 ) ) ;
#3404 = FILL_AREA_STYLE_COLOUR ( '', #8063 ) ;
#3405 = DIRECTION ( 'NONE',  ( -1.000000000000000000, 0.0000000000000000000, 0.0000000000000000000 ) ) ;
#3406 = CIRCLE ( 'NONE', #908, 0.06000000000000004635 ) ;
#3407 = CARTESIAN_POINT ( 'NONE',  ( -0.2609115348192674322, 0.09550000000000004319, -0.03950000000000000039 ) ) ;
#3408 = ORIENTED_EDGE ( 'NONE', *, *, #8848, .T. ) ;
#3409 = ADVANCED_FACE ( 'NONE', ( #21 ), #8638, .T. ) ;
#3410 = PRESENTATION_LAYER_ASSIGNMENT (  '', '', ( #3921 ) ) ;
#3411 = EDGE_CURVE ( 'NONE', #2652, #1136, #6017, .T. ) ;
#3412 =( GEOMETRIC_REPRESENTATION_CONTEXT ( 3 ) GLOBAL_UNCERTAINTY_ASSIGNED_CONTEXT ( ( #1972 ) ) GLOBAL_UNIT_ASSIGNED_CONTEXT ( ( #6528, #8767, #902 ) ) REPRESENTATION_CONTEXT ( 'NONE', 'WORKASPACE' ) );
#3413 = CARTESIAN_POINT ( 'NONE',  ( 0.1809999999999998832, -0.05600000000000000810, 0.01949999999999999997 ) ) ;
#3414 = CARTESIAN_POINT ( 'NONE',  ( 0.2450509566249798044, 0.1191250570841284884, 0.2505000000000000560 ) ) ;
#3415 = FILL_AREA_STYLE_COLOUR ( '', #2940 ) ;
#3416 = CARTESIAN_POINT ( 'NONE',  ( -0.2253688829404693061, -0.08601853799412391421, 0.2484999999999999987 ) ) ;
#3417 = FACE_OUTER_BOUND ( 'NONE', #7568, .T. ) ;
#3418 = CARTESIAN_POINT ( 'NONE',  ( -0.6049999999999999822, -0.1869999999999998330, -0.01949999999999999997 ) ) ;
#3419 = ORIENTED_EDGE ( 'NONE', *, *, #845, .F. ) ;
#3420 = UNCERTAINTY_MEASURE_WITH_UNIT (LENGTH_MEASURE( 1.000000000000000082E-05 ), #9298, 'distance_accuracy_value', 'NONE');
#3421 = DIRECTION ( 'NONE',  ( -0.0000000000000000000, -1.000000000000000000, -0.0000000000000000000 ) ) ;
#3422 = CARTESIAN_POINT ( 'NONE',  ( -0.3089318641816256594, -0.09286481776669318344, -0.1494999999999999940 ) ) ;
#3423 = DIRECTION ( 'NONE',  ( 0.0000000000000000000, 0.0000000000000000000, 1.000000000000000000 ) ) ;
#3424 = ORIENTED_EDGE ( 'NONE', *, *, #9053, .F. ) ;
#3425 = EDGE_CURVE ( 'NONE', #4202, #5721, #8578, .T. ) ;
#3426 = CIRCLE ( 'NONE', #6595, 0.02000000000000008021 ) ;
#3427 = MECHANICAL_DESIGN_GEOMETRIC_PRESENTATION_REPRESENTATION (  '', ( #8454 ), #2834 ) ;
#3428 = DIRECTION ( 'NONE',  ( 0.0000000000000000000, 0.0000000000000000000, -1.000000000000000000 ) ) ;
#3429 = FILL_AREA_STYLE_COLOUR ( '', #9865 ) ;
#3430 = CIRCLE ( 'NONE', #1994, 0.02000000000000000042 ) ;
#3431 = CARTESIAN_POINT ( 'NONE',  ( -0.2285619520276037098, -0.08566407675854721682, 0.2505000000000000560 ) ) ;
#3432 = PLANE ( 'NONE',  #1304 ) ;
#3433 = DIMENSIONAL_EXPONENTS ( 1.000000000000000000, 0.0000000000000000000, 0.0000000000000000000, 0.0000000000000000000, 0.0000000000000000000, 0.0000000000000000000, 0.0000000000000000000 ) ;
#3434 = FILL_AREA_STYLE_COLOUR ( '', #6343 ) ;
#3435 = DIRECTION ( 'NONE',  ( 0.0000000000000000000, 0.0000000000000000000, -1.000000000000000000 ) ) ;
#3436 = ORIENTED_EDGE ( 'NONE', *, *, #8489, .F. ) ;
#3437 = ORIENTED_EDGE ( 'NONE', *, *, #5247, .F. ) ;
#3438 = DIMENSIONAL_EXPONENTS ( 1.000000000000000000, 0.0000000000000000000, 0.0000000000000000000, 0.0000000000000000000, 0.0000000000000000000, 0.0000000000000000000, 0.0000000000000000000 ) ;
#3439 = MECHANICAL_DESIGN_GEOMETRIC_PRESENTATION_REPRESENTATION (  '', ( #418 ), #4097 ) ;
#3440 = LINE ( 'NONE', #7090, #3685 ) ;
#3441 =( GEOMETRIC_REPRESENTATION_CONTEXT ( 3 ) GLOBAL_UNCERTAINTY_ASSIGNED_CONTEXT ( ( #9339 ) ) GLOBAL_UNIT_ASSIGNED_CONTEXT ( ( #8109, #4218, #8999 ) ) REPRESENTATION_CONTEXT ( 'NONE', 'WORKASPACE' ) );
#3442 = CYLINDRICAL_SURFACE ( 'NONE', #1373, 0.01949999999999987507 ) ;
#3443 = FILL_AREA_STYLE_COLOUR ( '', #723 ) ;
#3444 = ORIENTED_EDGE ( 'NONE', *, *, #9051, .F. ) ;
#3445 =( NAMED_UNIT ( * ) SI_UNIT ( $, .STERADIAN. ) SOLID_ANGLE_UNIT ( ) );
#3446 = FACE_OUTER_BOUND ( 'NONE', #3376, .T. ) ;
#3447 = CARTESIAN_POINT ( 'NONE',  ( -0.2197342478748889605, -0.06910301810805888345, 0.2484999999999999987 ) ) ;
#3448 = CARTESIAN_POINT ( 'NONE',  ( 0.4919999999999999929, 0.0000000000000000000, 0.01949999999999999997 ) ) ;
#3449 =( CONVERSION_BASED_UNIT ( 'INCH', #8622 ) LENGTH_UNIT ( ) NAMED_UNIT ( #6466 ) );
#3450 = SURFACE_SIDE_STYLE ('',( #10044 ) ) ;
#3451 = DIRECTION ( 'NONE',  ( 1.000000000000000000, 0.0000000000000000000, 0.0000000000000000000 ) ) ;
#3452 = DIRECTION ( 'NONE',  ( -0.0000000000000000000, -0.0000000000000000000, 1.000000000000000000 ) ) ;
#3453 = CARTESIAN_POINT ( 'NONE',  ( -0.2328157433418785172, -0.08338900579229287235, 0.2484999999999999987 ) ) ;
#3454 = LINE ( 'NONE', #486, #4319 ) ;
#3455 = AXIS2_PLACEMENT_3D ( 'NONE', #7559, #8328, #3650 ) ;
#3456 = EDGE_CURVE ( 'NONE', #3667, #9742, #7611, .T. ) ;
#3457 = ADVANCED_FACE ( 'NONE', ( #12 ), #3931, .F. ) ;
#3458 = CARTESIAN_POINT ( 'NONE',  ( -0.2190051174776823650, -0.06036049734866992533, 0.2505000000000000560 ) ) ;
#3459 = CARTESIAN_POINT ( 'NONE',  ( 0.2609115348192674322, 0.09550000000000004319, -0.9827025327494508522 ) ) ;
#3460 = AXIS2_PLACEMENT_3D ( 'NONE', #4026, #871, #4706 ) ;
#3461 = EDGE_LOOP ( 'NONE', ( #10007, #6389, #7216, #6781 ) ) ;
#3462 = DIRECTION ( 'NONE',  ( 0.0000000000000000000, 0.0000000000000000000, 1.000000000000000000 ) ) ;
#3463 = FACE_BOUND ( 'NONE', #9518, .T. ) ;
#3464 = CARTESIAN_POINT ( 'NONE',  ( -0.2225994174166946449, -0.07896575545379644345, 0.2485000000000001652 ) ) ;
#3465 = CYLINDRICAL_SURFACE ( 'NONE', #4381, 0.01999999999999995878 ) ;
#3466 = CARTESIAN_POINT ( 'NONE',  ( -0.2286016699185906276, -0.05359839183305199761, 0.2505000000000001115 ) ) ;
#3467 = CARTESIAN_POINT ( 'NONE',  ( -0.2364283260963937761, -0.07546953067616517241, 0.2505000000000000004 ) ) ;
#3468 = SURFACE_STYLE_USAGE ( .BOTH. , #3530 ) ;
#3469 = CARTESIAN_POINT ( 'NONE',  ( -0.2189163330967897059, -0.07344778696005858920, 0.2505000000000000560 ) ) ;
#3470 = DIRECTION ( 'NONE',  ( 0.0000000000000000000, 0.0000000000000000000, -1.000000000000000000 ) ) ;
#3471 = ORIENTED_EDGE ( 'NONE', *, *, #2894, .T. ) ;
#3472 = EDGE_CURVE ( 'NONE', #2928, #8505, #3816, .T. ) ;
#3473 = UNCERTAINTY_MEASURE_WITH_UNIT (LENGTH_MEASURE( 1.000000000000000082E-05 ), #5218, 'distance_accuracy_value', 'NONE');
#3474 = VECTOR ( 'NONE', #7464, 39.37007874015748143 ) ;
#3475 = PRESENTATION_STYLE_ASSIGNMENT (( #2505 ) ) ;
#3476 =( CONVERSION_BASED_UNIT ( 'INCH', #1897 ) LENGTH_UNIT ( ) NAMED_UNIT ( #3482 ) );
#3477 = DIRECTION ( 'NONE',  ( -1.000000000000000000, -3.132853203743421473E-17, 0.0000000000000000000 ) ) ;
#3478 = CARTESIAN_POINT ( 'NONE',  ( -0.2255957433128985279, -0.07098093616452989807, 0.2484999999999999987 ) ) ;
#3479 = DIRECTION ( 'NONE',  ( -0.0000000000000000000, -0.0000000000000000000, 1.000000000000000000 ) ) ;
#3480 = LENGTH_MEASURE_WITH_UNIT ( LENGTH_MEASURE( 0.02539999999999999897 ), #4064 );
#3481 = LINE ( 'NONE', #1031, #5190 ) ;
#3482 = DIMENSIONAL_EXPONENTS ( 1.000000000000000000, 0.0000000000000000000, 0.0000000000000000000, 0.0000000000000000000, 0.0000000000000000000, 0.0000000000000000000, 0.0000000000000000000 ) ;
#3483 = MECHANICAL_DESIGN_GEOMETRIC_PRESENTATION_REPRESENTATION (  '', ( #2624 ), #844 ) ;
#3484 = EDGE_CURVE ( 'NONE', #578, #4585, #8098, .T. ) ;
#3485 = EDGE_CURVE ( 'NONE', #1337, #6899, #1240, .T. ) ;
#3487 = ORIENTED_EDGE ( 'NONE', *, *, #5763, .T. ) ;
#3486 = COLOUR_RGB ( '',0.9294117647058823817, 0.7607843137254901578, 0.4784313725490195734 ) ;
#3488 = FILL_AREA_STYLE ('',( #8236 ) ) ;
#3489 = DIRECTION ( 'NONE',  ( -0.0000000000000000000, -0.0000000000000000000, 1.000000000000000000 ) ) ;
#3490 = DIRECTION ( 'NONE',  ( 0.0000000000000000000, 0.0000000000000000000, -1.000000000000000000 ) ) ;
#3491 = DIRECTION ( 'NONE',  ( 0.0000000000000000000, 0.0000000000000000000, -1.000000000000000000 ) ) ;
#3492 = FACE_OUTER_BOUND ( 'NONE', #2054, .T. ) ;
#3493 = CARTESIAN_POINT ( 'NONE',  ( -0.2339764198456118771, -0.06745345964620778900, 0.2484999999999999709 ) ) ;
#3494 = ORIENTED_EDGE ( 'NONE', *, *, #7785, .F. ) ;
#3495 = SURFACE_STYLE_FILL_AREA ( #979 ) ;
#3496 = DIRECTION ( 'NONE',  ( 0.0000000000000000000, -1.000000000000000000, 0.0000000000000000000 ) ) ;
#3497 = DIRECTION ( 'NONE',  ( -1.000000000000000000, 0.0000000000000000000, -0.0000000000000000000 ) ) ;
#3498 = CARTESIAN_POINT ( 'NONE',  ( -0.2293368502719642377, -0.05510562371226146450, 0.2505000000000001115 ) ) ;
#3499 = DIRECTION ( 'NONE',  ( -0.0000000000000000000, -0.0000000000000000000, -1.000000000000000000 ) ) ;
#3500 = AXIS2_PLACEMENT_3D ( 'NONE', #3963, #6402, #175 ) ;
#3501 = CARTESIAN_POINT ( 'NONE',  ( -0.2295204988368214349, -0.08537002749999611506, 0.2504999999999999449 ) ) ;
#3502 = DIRECTION ( 'NONE',  ( 0.0000000000000000000, 0.0000000000000000000, -1.000000000000000000 ) ) ;
#3503 = DIRECTION ( 'NONE',  ( -0.0000000000000000000, -0.0000000000000000000, -1.000000000000000000 ) ) ;
#3504 = PRESENTATION_LAYER_ASSIGNMENT (  '', '', ( #9952 ) ) ;
#3505 = CARTESIAN_POINT ( 'NONE',  ( -0.2245633764261588672, -0.06422242020845513044, 0.2484999999999999987 ) ) ;
#3506 = VECTOR ( 'NONE', #5949, 39.37007874015748143 ) ;
#3507 = STYLED_ITEM ( 'NONE', ( #4538 ), #9142 ) ;
#3508 = ORIENTED_EDGE ( 'NONE', *, *, #1490, .T. ) ;
#3509 = DIRECTION ( 'NONE',  ( -1.000000000000000000, 0.0000000000000000000, 0.0000000000000000000 ) ) ;
#3510 = LINE ( 'NONE', #8914, #4363 ) ;
#3511 = DIRECTION ( 'NONE',  ( 0.0000000000000000000, 0.0000000000000000000, -1.000000000000000000 ) ) ;
#3512 = DIRECTION ( 'NONE',  ( 0.0000000000000000000, 0.0000000000000000000, 1.000000000000000000 ) ) ;
#3513 = ORIENTED_EDGE ( 'NONE', *, *, #9485, .F. ) ;
#3514 = DIRECTION ( 'NONE',  ( 0.0000000000000000000, 0.0000000000000000000, 1.000000000000000000 ) ) ;
#3515 = DIRECTION ( 'NONE',  ( -0.0000000000000000000, -0.0000000000000000000, -1.000000000000000000 ) ) ;
#3516 = CARTESIAN_POINT ( 'NONE',  ( -0.2609115348192674322, 0.1355000000000000648, 0.2515000000000000013 ) ) ;
#3517 = AXIS2_PLACEMENT_3D ( 'NONE', #1701, #8689, #7193 ) ;
#3518 = PRODUCT_DEFINITION ( 'UNKNOWN', '', #4032, #232 ) ;
#3519 =( GEOMETRIC_REPRESENTATION_CONTEXT ( 3 ) GLOBAL_UNCERTAINTY_ASSIGNED_CONTEXT ( ( #2164 ) ) GLOBAL_UNIT_ASSIGNED_CONTEXT ( ( #3652, #4430, #2929 ) ) REPRESENTATION_CONTEXT ( 'NONE', 'WORKASPACE' ) );
#3520 = CIRCLE ( 'NONE', #1730, 0.01949999999999988895 ) ;
#3521 =( LENGTH_UNIT ( ) NAMED_UNIT ( * ) SI_UNIT ( $, .METRE. ) );
#3522 = DIRECTION ( 'NONE',  ( -0.0000000000000000000, -0.0000000000000000000, -1.000000000000000000 ) ) ;
#3523 = FILL_AREA_STYLE_COLOUR ( '', #2034 ) ;
#3524 = VERTEX_POINT ( 'NONE', #259 ) ;
#3525 = CARTESIAN_POINT ( 'NONE',  ( 0.3286280192418698509, -0.09633778132003188721, -0.1694999999999999840 ) ) ;
#3526 = EDGE_CURVE ( 'NONE', #1001, #1601, #3115, .T. ) ;
#3527 = SURFACE_SIDE_STYLE ('',( #7831 ) ) ;
#3528 = DIRECTION ( 'NONE',  ( -1.000000000000000000, 0.0000000000000000000, 0.0000000000000000000 ) ) ;
#3529 = VERTEX_POINT ( 'NONE', #9581 ) ;
#3530 = SURFACE_SIDE_STYLE ('',( #4332 ) ) ;
#3531 = DIRECTION ( 'NONE',  ( -1.000000000000000000, 0.0000000000000000000, 0.0000000000000000000 ) ) ;
#3532 = DIRECTION ( 'NONE',  ( -1.000000000000000000, 0.0000000000000000000, 0.0000000000000000000 ) ) ;
#3533 = CARTESIAN_POINT ( 'NONE',  ( -0.2374320859792984906, -0.05958814914995973905, 0.2504999999999999449 ) ) ;
#3534 = VECTOR ( 'NONE', #6225, 39.37007874015748143 ) ;
#3535 = FACE_OUTER_BOUND ( 'NONE', #5702, .T. ) ;
#3536 = FACE_OUTER_BOUND ( 'NONE', #8741, .T. ) ;
#3537 = ORIENTED_EDGE ( 'NONE', *, *, #9615, .F. ) ;
#3538 = UNCERTAINTY_MEASURE_WITH_UNIT (LENGTH_MEASURE( 1.000000000000000082E-05 ), #9471, 'distance_accuracy_value', 'NONE');
#3539 = AXIS2_PLACEMENT_3D ( 'NONE', #9957, #3696, #2111 ) ;
#3540 = DIRECTION ( 'NONE',  ( -1.000000000000000000, 0.0000000000000000000, 0.0000000000000000000 ) ) ;
#3541 = EDGE_CURVE ( 'NONE', #421, #9765, #3080, .T. ) ;
#3542 = EDGE_CURVE ( 'NONE', #1638, #3993, #9302, .T. ) ;
#3543 = CARTESIAN_POINT ( 'NONE',  ( -0.1110000000000000014, 0.05600000000000000810, -0.3395000000000000240 ) ) ;
#3544 = PLANE ( 'NONE',  #521 ) ;
#3545 = ORIENTED_EDGE ( 'NONE', *, *, #1896, .T. ) ;
#3546 = CARTESIAN_POINT ( 'NONE',  ( -0.2369929235185506688, -0.06216760122714018455, 0.2484999999999999987 ) ) ;
#3547 = ORIENTED_EDGE ( 'NONE', *, *, #3600, .F. ) ;
#3548 = DIRECTION ( 'NONE',  ( 0.0000000000000000000, -0.0000000000000000000, -1.000000000000000000 ) ) ;
#3549 = PRESENTATION_STYLE_ASSIGNMENT (( #3622 ) ) ;
#3550 = SURFACE_SIDE_STYLE ('',( #3838 ) ) ;
#3551 = CARTESIAN_POINT ( 'NONE',  ( -0.05650000000000001549, -0.05600000000000000810, -0.2013975032409335841 ) ) ;
#3552 = CIRCLE ( 'NONE', #2779, 0.1200000000000000511 ) ;
#3553 = CARTESIAN_POINT ( 'NONE',  ( -0.1409999999999999865, 0.05600000000000000810, -0.3395000000000000240 ) ) ;
#3554 = ADVANCED_FACE ( 'NONE', ( #996 ), #6149, .F. ) ;
#3555 = DIMENSIONAL_EXPONENTS ( 1.000000000000000000, 0.0000000000000000000, 0.0000000000000000000, 0.0000000000000000000, 0.0000000000000000000, 0.0000000000000000000, 0.0000000000000000000 ) ;
#3556 = FACE_OUTER_BOUND ( 'NONE', #3933, .T. ) ;
#3557 = PRESENTATION_LAYER_ASSIGNMENT (  '', '', ( #2304 ) ) ;
#3558 = CARTESIAN_POINT ( 'NONE',  ( 0.4359999999999999432, 0.0000000000000000000, 0.01949999999999999997 ) ) ;
#3559 = FACE_OUTER_BOUND ( 'NONE', #3814, .T. ) ;
#3560 = ORIENTED_EDGE ( 'NONE', *, *, #8770, .T. ) ;
#3561 =( NAMED_UNIT ( * ) SI_UNIT ( $, .STERADIAN. ) SOLID_ANGLE_UNIT ( ) );
#3562 = VECTOR ( 'NONE', #8128, 39.37007874015748143 ) ;
#3563 = ORIENTED_EDGE ( 'NONE', *, *, #8901, .F. ) ;
#3564 = CARTESIAN_POINT ( 'NONE',  ( -0.2246072802615997621, -0.05179503038194442632, 0.2505000000000000560 ) ) ;
#3565 =( NAMED_UNIT ( * ) SI_UNIT ( $, .STERADIAN. ) SOLID_ANGLE_UNIT ( ) );
#3566 = CARTESIAN_POINT ( 'NONE',  ( -0.2255957433128985279, -0.07098093616452989807, 0.2505000000000000004 ) ) ;
#3567 = DIRECTION ( 'NONE',  ( -0.0000000000000000000, -0.0000000000000000000, -1.000000000000000000 ) ) ;
#3568 = AXIS2_PLACEMENT_3D ( 'NONE', #8409, #1298, #4512 ) ;
#3569 = ORIENTED_EDGE ( 'NONE', *, *, #1554, .F. ) ;
#3570 = DIRECTION ( 'NONE',  ( -1.000000000000000000, 0.0000000000000000000, 0.0000000000000000000 ) ) ;
#3571 = CARTESIAN_POINT ( 'NONE',  ( -0.2609115348192674322, 0.09550000000000004319, -0.03950000000000001427 ) ) ;
#3572 = SURFACE_STYLE_USAGE ( .BOTH. , #2689 ) ;
#3573 = CARTESIAN_POINT ( 'NONE',  ( -0.1854999999999999705, -0.05599999999999999423, -0.2795000000000000262 ) ) ;
#3574 = CARTESIAN_POINT ( 'NONE',  ( -0.2296831538477282775, -0.05814463296211337673, 0.2505000000000000004 ) ) ;
#3575 = VECTOR ( 'NONE', #3567, 39.37007874015748143 ) ;
#3576 = DIRECTION ( 'NONE',  ( 1.000000000000000000, 0.0000000000000000000, 0.0000000000000000000 ) ) ;
#3577 = ORIENTED_EDGE ( 'NONE', *, *, #5826, .F. ) ;
#3578 = ORIENTED_EDGE ( 'NONE', *, *, #5176, .T. ) ;
#3579 = EDGE_LOOP ( 'NONE', ( #8921, #7286, #7258, #2235 ) ) ;
#3580 =( CONVERSION_BASED_UNIT ( 'INCH', #8615 ) LENGTH_UNIT ( ) NAMED_UNIT ( #1847 ) );
#3581 =( NAMED_UNIT ( * ) SI_UNIT ( $, .STERADIAN. ) SOLID_ANGLE_UNIT ( ) );
#3582 = AXIS2_PLACEMENT_3D ( 'NONE', #2761, #1926, #8130 ) ;
#3583 = VECTOR ( 'NONE', #5250, 39.37007874015748143 ) ;
#3584 = EDGE_CURVE ( 'NONE', #8458, #1488, #7731, .T. ) ;
#3585 = DIRECTION ( 'NONE',  ( -0.0000000000000000000, -0.0000000000000000000, 1.000000000000000000 ) ) ;
#3586 = MECHANICAL_DESIGN_GEOMETRIC_PRESENTATION_REPRESENTATION (  '', ( #9968 ), #4487 ) ;
#3587 = VERTEX_POINT ( 'NONE', #9680 ) ;
#3588 = ORIENTED_EDGE ( 'NONE', *, *, #7659, .T. ) ;
#3589 = CARTESIAN_POINT ( 'NONE',  ( -0.2609115348192674322, 0.1955000000000000349, -0.1694999999999999840 ) ) ;
#3590 = LENGTH_MEASURE_WITH_UNIT ( LENGTH_MEASURE( 0.02539999999999999897 ), #5003 );
#3591 =( NAMED_UNIT ( * ) PLANE_ANGLE_UNIT ( ) SI_UNIT ( $, .RADIAN. ) );
#3592 = UNCERTAINTY_MEASURE_WITH_UNIT (LENGTH_MEASURE( 1.000000000000000082E-05 ), #9929, 'distance_accuracy_value', 'NONE');
#3593 = CARTESIAN_POINT ( 'NONE',  ( 0.1914999999999999480, -0.05599999999999999423, -0.2013975032409335841 ) ) ;
#3594 = LENGTH_MEASURE_WITH_UNIT ( LENGTH_MEASURE( 0.02539999999999999897 ), #9563 );
#3595 =( NAMED_UNIT ( * ) PLANE_ANGLE_UNIT ( ) SI_UNIT ( $, .RADIAN. ) );
#3596 = FACE_OUTER_BOUND ( 'NONE', #7883, .T. ) ;
#3598 = ORIENTED_EDGE ( 'NONE', *, *, #2336, .T. ) ;
#3597 = SURFACE_STYLE_FILL_AREA ( #6285 ) ;
#3599 = AXIS2_PLACEMENT_3D ( 'NONE', #2535, #853, #3324 ) ;
#3600 = EDGE_CURVE ( 'NONE', #5367, #1498, #2338, .T. ) ;
#3601 = AXIS2_PLACEMENT_3D ( 'NONE', #7349, #7485, #5125 ) ;
#3602 = CARTESIAN_POINT ( 'NONE',  ( 0.3790884651807324701, 0.07466221867996818140, -0.1494999999999999940 ) ) ;
#3603 = VECTOR ( 'NONE', #5538, 39.37007874015748143 ) ;
#3604 = ORIENTED_EDGE ( 'NONE', *, *, #710, .F. ) ;
#3605 = EDGE_LOOP ( 'NONE', ( #8493, #6508, #4925, #7304, #4590, #5200 ) ) ;
#3606 = DIRECTION ( 'NONE',  ( -0.0000000000000000000, -0.0000000000000000000, -1.000000000000000000 ) ) ;
#3607 = SURFACE_SIDE_STYLE ('',( #6367 ) ) ;
#3608 = DIRECTION ( 'NONE',  ( 1.000000000000000000, 3.132853203743421473E-17, 0.0000000000000000000 ) ) ;
#3609 =( LENGTH_UNIT ( ) NAMED_UNIT ( * ) SI_UNIT ( $, .METRE. ) );
#3610 = CIRCLE ( 'NONE', #8910, 0.06000000000000004635 ) ;
#3611 = AXIS2_PLACEMENT_3D ( 'NONE', #6965, #7028, #6902 ) ;
#3612 = EDGE_CURVE ( 'NONE', #1295, #5401, #9557, .T. ) ;
#3613 = EDGE_CURVE ( 'NONE', #7907, #8986, #6999, .T. ) ;
#3614 = DIRECTION ( 'NONE',  ( 0.1736481776669315524, 0.9848077530122077983, -0.0000000000000000000 ) ) ;
#3615 = ORIENTED_EDGE ( 'NONE', *, *, #45, .T. ) ;
#3616 = SURFACE_STYLE_USAGE ( .BOTH. , #2799 ) ;
#3617 = ORIENTED_EDGE ( 'NONE', *, *, #7265, .T. ) ;
#3618 = CARTESIAN_POINT ( 'NONE',  ( -0.02200000000000008546, 0.05600000000000000810, -0.2195000000000000007 ) ) ;
#3619 = VECTOR ( 'NONE', #836, 39.37007874015748143 ) ;
#3620 = EDGE_LOOP ( 'NONE', ( #1485, #2236, #9342, #4935 ) ) ;
#3621 = ORIENTED_EDGE ( 'NONE', *, *, #524, .T. ) ;
#3622 = SURFACE_STYLE_USAGE ( .BOTH. , #2110 ) ;
#3623 = CARTESIAN_POINT ( 'NONE',  ( 0.4359999999999999432, 0.0000000000000000000, 0.01949999999999999997 ) ) ;
#3624 = CARTESIAN_POINT ( 'NONE',  ( -0.2104510888804048685, -0.1355000000000000093, 0.2515000000000000013 ) ) ;
#3625 = FACE_OUTER_BOUND ( 'NONE', #7788, .T. ) ;
#3626 = CARTESIAN_POINT ( 'NONE',  ( -0.2609115348192674322, 0.09550000000000004319, -0.1694999999999999840 ) ) ;
#3627 = CARTESIAN_POINT ( 'NONE',  ( -0.2892357091213815234, -0.08939185421335457682, 0.03949999999999997957 ) ) ;
#3628 = MECHANICAL_DESIGN_GEOMETRIC_PRESENTATION_REPRESENTATION (  '', ( #9902 ), #5668 ) ;
#3629 = AXIS2_PLACEMENT_3D ( 'NONE', #9260, #4575, #682 ) ;
#3631 = EDGE_LOOP ( 'NONE', ( #8760, #3724, #162, #9974 ) ) ;
#3630 = FACE_OUTER_BOUND ( 'NONE', #4194, .T. ) ;
#3632 = DIMENSIONAL_EXPONENTS ( 1.000000000000000000, 0.0000000000000000000, 0.0000000000000000000, 0.0000000000000000000, 0.0000000000000000000, 0.0000000000000000000, 0.0000000000000000000 ) ;
#3633 = DIRECTION ( 'NONE',  ( -1.000000000000000000, 0.0000000000000000000, 0.0000000000000000000 ) ) ;
#3634 = ORIENTED_EDGE ( 'NONE', *, *, #2464, .F. ) ;
#3635 = FILL_AREA_STYLE ('',( #472 ) ) ;
#3636 = ORIENTED_EDGE ( 'NONE', *, *, #9767, .T. ) ;
#3637 = LINE ( 'NONE', #9126, #1533 ) ;
#3638 = B_SPLINE_CURVE_WITH_KNOTS ( 'NONE', 3,
 ( #8562, #802, #3718, #6253, #6287, #1575, #2373, #903, #3309, #3341, #7919, #3381, #8801, #2516, #2553, #6428, #8837, #9515, #7208 ),
 .UNSPECIFIED., .F., .F.,
 ( 4, 1, 1, 1, 1, 1, 1, 1, 1, 1, 1, 1, 1, 1, 1, 1, 4 ),
 ( 0.0000000000000000000, 0.05342829281650169487, 0.1047665906471945269, 0.1549900948249419430, 0.2045909534925099138, 0.2542004774278124324, 0.3046451619956860313, 0.3567538328657475222, 0.4105189630472819706, 0.4670647379806889821, 0.5272751162564861538, 0.5917399516749562993, 0.6614170385233464344, 0.7365739223556931892, 0.8179314976046464514, 0.9055660786144746899, 1.000000000000000000 ),
 .UNSPECIFIED. ) ;
#3639 =( NAMED_UNIT ( * ) PLANE_ANGLE_UNIT ( ) SI_UNIT ( $, .RADIAN. ) );
#3640 = CARTESIAN_POINT ( 'NONE',  ( -0.2104510888804048685, -0.2154999999999999971, -0.1494999999999999940 ) ) ;
#3641 =( NAMED_UNIT ( * ) PLANE_ANGLE_UNIT ( ) SI_UNIT ( $, .RADIAN. ) );
#3642 =( LENGTH_UNIT ( ) NAMED_UNIT ( * ) SI_UNIT ( $, .METRE. ) );
#3643 =( NAMED_UNIT ( * ) SI_UNIT ( $, .STERADIAN. ) SOLID_ANGLE_UNIT ( ) );
#3644 =( GEOMETRIC_REPRESENTATION_CONTEXT ( 3 ) GLOBAL_UNCERTAINTY_ASSIGNED_CONTEXT ( ( #3093 ) ) GLOBAL_UNIT_ASSIGNED_CONTEXT ( ( #3175, #10119, #1547 ) ) REPRESENTATION_CONTEXT ( 'NONE', 'WORKASPACE' ) );
#3645 = DIMENSIONAL_EXPONENTS ( 1.000000000000000000, 0.0000000000000000000, 0.0000000000000000000, 0.0000000000000000000, 0.0000000000000000000, 0.0000000000000000000, 0.0000000000000000000 ) ;
#3646 = EDGE_CURVE ( 'NONE', #5031, #6047, #2835, .T. ) ;
#3647 =( GEOMETRIC_REPRESENTATION_CONTEXT ( 3 ) GLOBAL_UNCERTAINTY_ASSIGNED_CONTEXT ( ( #7921 ) ) GLOBAL_UNIT_ASSIGNED_CONTEXT ( ( #9694, #5020, #338 ) ) REPRESENTATION_CONTEXT ( 'NONE', 'WORKASPACE' ) );
#3648 = CARTESIAN_POINT ( 'NONE',  ( 0.2609115348192674322, 0.1755000000000000449, 0.03950000000000000039 ) ) ;
#3649 = ORIENTED_EDGE ( 'NONE', *, *, #4695, .F. ) ;
#3650 = DIRECTION ( 'NONE',  ( 1.000000000000000000, 0.0000000000000000000, 0.0000000000000000000 ) ) ;
#3651 = LENGTH_MEASURE_WITH_UNIT ( LENGTH_MEASURE( 0.02539999999999999897 ), #8075 );
#3652 =( CONVERSION_BASED_UNIT ( 'INCH', #5111 ) LENGTH_UNIT ( ) NAMED_UNIT ( #9251 ) );
#3653 = VECTOR ( 'NONE', #5966, 39.37007874015748143 ) ;
#3654 = CARTESIAN_POINT ( 'NONE',  ( -0.1655000000000000082, -0.05600000000000000810, -0.4243528137423855373 ) ) ;
#3655 =( CONVERSION_BASED_UNIT ( 'INCH', #3012 ) LENGTH_UNIT ( ) NAMED_UNIT ( #7540 ) );
#3656 = ORIENTED_EDGE ( 'NONE', *, *, #2138, .F. ) ;
#3657 = LINE ( 'NONE', #253, #1556 ) ;
#3658 = EDGE_LOOP ( 'NONE', ( #3233, #4738, #6134, #417 ) ) ;
#3659 = AXIS2_PLACEMENT_3D ( 'NONE', #5078, #1135, #3532 ) ;
#3660 = EDGE_CURVE ( 'NONE', #1601, #993, #752, .T. ) ;
#3661 = CARTESIAN_POINT ( 'NONE',  ( -0.2272850819573397074, -0.07814920392745626498, 0.2504999999999998894 ) ) ;
#3662 = CARTESIAN_POINT ( 'NONE',  ( -0.3483241743021139869, -0.09981074487337038281, -0.1695000000000000673 ) ) ;
#3664 = ADVANCED_FACE ( 'NONE', ( #1467 ), #6766, .T. ) ;
#3663 = LINE ( 'NONE', #8547, #7342 ) ;
#3665 = CARTESIAN_POINT ( 'NONE',  ( 0.2104510888804048685, -0.1554999999999999993, 0.2515000000000000013 ) ) ;
#3666 = EDGE_LOOP ( 'NONE', ( #9561, #2156, #7315, #4281 ) ) ;
#3667 = VERTEX_POINT ( 'NONE', #2914 ) ;
#3668 = SURFACE_SIDE_STYLE ('',( #4672 ) ) ;
#3669 = FILL_AREA_STYLE_COLOUR ( '', #2169 ) ;
#3670 = ORIENTED_EDGE ( 'NONE', *, *, #2546, .F. ) ;
#3671 = ADVANCED_FACE ( 'NONE', ( #3331 ), #5998, .F. ) ;
#3672 = FILL_AREA_STYLE ('',( #2884 ) ) ;
#3673 = ORIENTED_EDGE ( 'NONE', *, *, #45, .F. ) ;
#3674 = CYLINDRICAL_SURFACE ( 'NONE', #8466, 0.02999999999999997460 ) ;
#3675 = AXIS2_PLACEMENT_3D ( 'NONE', #7622, #2280, #8425 ) ;
#3676 = EDGE_CURVE ( 'NONE', #8194, #3391, #10095, .T. ) ;
#3677 = EDGE_CURVE ( 'NONE', #495, #6421, #1229, .T. ) ;
#3678 = DIRECTION ( 'NONE',  ( 1.000000000000000000, 0.0000000000000000000, 0.0000000000000000000 ) ) ;
#3679 = ORIENTED_EDGE ( 'NONE', *, *, #8378, .F. ) ;
#3680 = CARTESIAN_POINT ( 'NONE',  ( 0.2443043707811019816, 0.1092950629861946521, 0.2505000000000000004 ) ) ;
#3681 =( NAMED_UNIT ( * ) SI_UNIT ( $, .STERADIAN. ) SOLID_ANGLE_UNIT ( ) );
#3682 = DIRECTION ( 'NONE',  ( 1.000000000000000000, 0.0000000000000000000, 0.0000000000000000000 ) ) ;
#3683 = CIRCLE ( 'NONE', #6649, 0.02000000000000007674 ) ;
#3684 = DIMENSIONAL_EXPONENTS ( 1.000000000000000000, 0.0000000000000000000, 0.0000000000000000000, 0.0000000000000000000, 0.0000000000000000000, 0.0000000000000000000, 0.0000000000000000000 ) ;
#3685 = VECTOR ( 'NONE', #5706, 39.37007874015748143 ) ;
#3686 = DIRECTION ( 'NONE',  ( -1.000000000000000000, 0.0000000000000000000, -0.0000000000000000000 ) ) ;
#3687 = COLOUR_RGB ( '',0.7529411764705882248, 0.7529411764705882248, 0.7529411764705882248 ) ;
#3688 = DIRECTION ( 'NONE',  ( -0.0000000000000000000, -0.0000000000000000000, 1.000000000000000000 ) ) ;
#3689 =( LENGTH_UNIT ( ) NAMED_UNIT ( * ) SI_UNIT ( $, .METRE. ) );
#3690 =( GEOMETRIC_REPRESENTATION_CONTEXT ( 3 ) GLOBAL_UNCERTAINTY_ASSIGNED_CONTEXT ( ( #7821 ) ) GLOBAL_UNIT_ASSIGNED_CONTEXT ( ( #3279, #4842, #5623 ) ) REPRESENTATION_CONTEXT ( 'NONE', 'WORKASPACE' ) );
#3691 = AXIS2_PLACEMENT_3D ( 'NONE', #2084, #5306, #8543 ) ;
#3692 = MECHANICAL_DESIGN_GEOMETRIC_PRESENTATION_REPRESENTATION (  '', ( #2646 ), #5265 ) ;
#3693 = PRESENTATION_STYLE_ASSIGNMENT (( #3054 ) ) ;
#3694 = CARTESIAN_POINT ( 'NONE',  ( -0.2286502561845348003, -0.07461070212339741825, 0.2505000000000000004 ) ) ;
#3695 = CIRCLE ( 'NONE', #3274, 0.02000000000000007674 ) ;
#3696 = DIRECTION ( 'NONE',  ( 0.0000000000000000000, 0.0000000000000000000, -1.000000000000000000 ) ) ;
#3697 = CARTESIAN_POINT ( 'NONE',  ( 0.02799999999999997977, 0.05599999999999999423, -0.3395000000000000240 ) ) ;
#3698 = ORIENTED_EDGE ( 'NONE', *, *, #3399, .T. ) ;
#3699 = FACE_OUTER_BOUND ( 'NONE', #7956, .T. ) ;
#3700 =( LENGTH_UNIT ( ) NAMED_UNIT ( * ) SI_UNIT ( $, .METRE. ) );
#3701 =( LENGTH_UNIT ( ) NAMED_UNIT ( * ) SI_UNIT ( $, .METRE. ) );
#3702 = CYLINDRICAL_SURFACE ( 'NONE', #1475, 0.01949999999999987160 ) ;
#3703 = MECHANICAL_DESIGN_GEOMETRIC_PRESENTATION_REPRESENTATION (  '', ( #6137 ), #8747 ) ;
#3704 = ORIENTED_EDGE ( 'NONE', *, *, #3793, .T. ) ;
#3705 = AXIS2_PLACEMENT_3D ( 'NONE', #7891, #9378, #8671 ) ;
#3706 = B_SPLINE_CURVE_WITH_KNOTS ( 'NONE', 3,
 ( #9016, #2654, #4338, #426, #6632, #7386, #5881, #9763, #8166, #8982, #361, #4198, #5911, #5088, #6669, #4984, #2002, #1925, #3416 ),
 .UNSPECIFIED., .F., .F.,
 ( 4, 1, 1, 1, 1, 1, 1, 1, 1, 1, 1, 1, 1, 1, 1, 1, 4 ),
 ( 0.0000000000000000000, 0.09296849789814323750, 0.1796190127418996196, 0.2599307969998235213, 0.3342928210780368725, 0.4033594219391465896, 0.4674866722224736426, 0.5275080672266683202, 0.5839739592262356283, 0.6379088361798712636, 0.6900487158246230157, 0.7408323275431825117, 0.7910762043891654827, 0.8414806052123239288, 0.8927076811809740997, 0.9453694004147268348, 1.000000000000000000 ),
 .UNSPECIFIED. ) ;
#3707 = DIRECTION ( 'NONE',  ( -0.0000000000000000000, -0.0000000000000000000, -1.000000000000000000 ) ) ;
#3708 = STYLED_ITEM ( 'NONE', ( #445 ), #2257 ) ;
#3709 = VERTEX_POINT ( 'NONE', #3602 ) ;
#3710 = DIRECTION ( 'NONE',  ( 1.000000000000000000, -6.543999663421849787E-17, 0.0000000000000000000 ) ) ;
#3711 = DIRECTION ( 'NONE',  ( -0.0000000000000000000, -0.0000000000000000000, 1.000000000000000000 ) ) ;
#3712 = DIRECTION ( 'NONE',  ( -1.000000000000000000, 0.0000000000000000000, 0.0000000000000000000 ) ) ;
#3713 = DIRECTION ( 'NONE',  ( 1.000000000000000000, 1.308799932684369957E-16, 0.0000000000000000000 ) ) ;
#3714 = COLOUR_RGB ( '',1.000000000000000000, 1.000000000000000000, 0.0000000000000000000 ) ;
#3716 = ORIENTED_EDGE ( 'NONE', *, *, #8379, .T. ) ;
#3715 = FACE_OUTER_BOUND ( 'NONE', #1532, .T. ) ;
#3717 = CARTESIAN_POINT ( 'NONE',  ( -0.3003038449397558152, 0.08855407289332277443, 0.2504999999999999449 ) ) ;
#3718 = CARTESIAN_POINT ( 'NONE',  ( -0.2233116515376623312, -0.04509431313207892117, 0.2504999999999999449 ) ) ;
#3719 = AXIS2_PLACEMENT_3D ( 'NONE', #8201, #2723, #8091 ) ;
#3720 = EDGE_CURVE ( 'NONE', #6683, #7512, #4052, .T. ) ;
#3721 = CARTESIAN_POINT ( 'NONE',  ( -0.1460000000000001574, -0.05600000000000000810, 0.01949999999999999997 ) ) ;
#3722 = UNCERTAINTY_MEASURE_WITH_UNIT (LENGTH_MEASURE( 1.000000000000000082E-05 ), #3752, 'distance_accuracy_value', 'NONE');
#3723 = LINE ( 'NONE', #662, #8251 ) ;
#3724 = ORIENTED_EDGE ( 'NONE', *, *, #3425, .F. ) ;
#3725 =( NAMED_UNIT ( * ) PLANE_ANGLE_UNIT ( ) SI_UNIT ( $, .RADIAN. ) );
#3726 = DIRECTION ( 'NONE',  ( -0.1736481776669315247, -0.9848077530122077983, 0.0000000000000000000 ) ) ;
#3727 =( LENGTH_UNIT ( ) NAMED_UNIT ( * ) SI_UNIT ( $, .METRE. ) );
#3728 = DIMENSIONAL_EXPONENTS ( 1.000000000000000000, 0.0000000000000000000, 0.0000000000000000000, 0.0000000000000000000, 0.0000000000000000000, 0.0000000000000000000, 0.0000000000000000000 ) ;
#3729 = CARTESIAN_POINT ( 'NONE',  ( 0.08249999999999992062, -0.05600000000000000810, -0.4243528137423855373 ) ) ;
#3730 = CIRCLE ( 'NONE', #7078, 0.02999999999999993991 ) ;
#3731 = ORIENTED_EDGE ( 'NONE', *, *, #5616, .T. ) ;
#3732 = STYLED_ITEM ( 'NONE', ( #73 ), #7742 ) ;
#3733 = EDGE_CURVE ( 'NONE', #3960, #9847, #4657, .T. ) ;
#3734 = STYLED_ITEM ( 'NONE', ( #9082 ), #3143 ) ;
#3735 = EDGE_LOOP ( 'NONE', ( #907, #1699, #5890, #4124 ) ) ;
#3736 = CARTESIAN_POINT ( 'NONE',  ( -0.2274025270300416568, -0.04525983384409863058, 0.2484999999999999987 ) ) ;
#3737 = DIRECTION ( 'NONE',  ( 0.0000000000000000000, 0.0000000000000000000, -1.000000000000000000 ) ) ;
#3738 = LENGTH_MEASURE_WITH_UNIT ( LENGTH_MEASURE( 0.02539999999999999897 ), #3819 );
#3739 = FILL_AREA_STYLE_COLOUR ( '', #5906 ) ;
#3740 = FACE_OUTER_BOUND ( 'NONE', #6348, .T. ) ;
#3741 = DIRECTION ( 'NONE',  ( 0.0000000000000000000, 0.0000000000000000000, -1.000000000000000000 ) ) ;
#3742 = ORIENTED_EDGE ( 'NONE', *, *, #7293, .T. ) ;
#3743 = SURFACE_SIDE_STYLE ('',( #602 ) ) ;
#3744 = SURFACE_SIDE_STYLE ('',( #5049 ) ) ;
#3745 = CARTESIAN_POINT ( 'NONE',  ( -0.2374654020846416469, -0.05822004021538626506, 0.2484999999999999987 ) ) ;
#3746 = PRESENTATION_STYLE_ASSIGNMENT (( #9771 ) ) ;
#3747 = PRESENTATION_LAYER_ASSIGNMENT (  '', '', ( #278 ) ) ;
#3748 = AXIS2_PLACEMENT_3D ( 'NONE', #6847, #2139, #9175 ) ;
#3749 = ORIENTED_EDGE ( 'NONE', *, *, #5225, .T. ) ;
#3750 = COLOUR_RGB ( '',0.9294117647058823817, 0.7607843137254901578, 0.4784313725490195734 ) ;
#3751 = ORIENTED_EDGE ( 'NONE', *, *, #7975, .T. ) ;
#3752 =( CONVERSION_BASED_UNIT ( 'INCH', #2846 ) LENGTH_UNIT ( ) NAMED_UNIT ( #2442 ) );
#3753 = VERTEX_POINT ( 'NONE', #7604 ) ;
#3754 = ADVANCED_FACE ( 'NONE', ( #5387 ), #9799, .T. ) ;
#3755 = FILL_AREA_STYLE ('',( #6189 ) ) ;
#3756 = CARTESIAN_POINT ( 'NONE',  ( -0.2394999999999999074, 0.05600000000000000810, 0.01949999999999999997 ) ) ;
#3757 = LINE ( 'NONE', #888, #740 ) ;
#3758 = FACE_OUTER_BOUND ( 'NONE', #2976, .T. ) ;
#3759 = SURFACE_SIDE_STYLE ('',( #10082 ) ) ;
#3760 = FILL_AREA_STYLE ('',( #5206 ) ) ;
#3761 =( NAMED_UNIT ( * ) SI_UNIT ( $, .STERADIAN. ) SOLID_ANGLE_UNIT ( ) );
#3762 = AXIS2_PLACEMENT_3D ( 'NONE', #3571, #1113, #6629 ) ;
#3763 = AXIS2_PLACEMENT_3D ( 'NONE', #1345, #8533, #9177 ) ;
#3764 = CYLINDRICAL_SURFACE ( 'NONE', #9318, 0.07999999999999996003 ) ;
#3765 = ORIENTED_EDGE ( 'NONE', *, *, #2293, .T. ) ;
#3766 = STYLED_ITEM ( 'NONE', ( #4998 ), #1849 ) ;
#3767 = ADVANCED_FACE ( 'NONE', ( #5156 ), #7974, .F. ) ;
#3768 = FILL_AREA_STYLE_COLOUR ( '', #9789 ) ;
#3769 = VECTOR ( 'NONE', #180, 39.37007874015748143 ) ;
#3770 = CARTESIAN_POINT ( 'NONE',  ( 0.08700000000000004952, 0.05599999999999999423, -0.2795000000000000262 ) ) ;
#3771 = VECTOR ( 'NONE', #382, 39.37007874015748143 ) ;
#3772 = B_SPLINE_CURVE_WITH_KNOTS ( 'NONE', 3,
 ( #1689, #7180, #3251, #7102, #8709, #2486, #4710, #5489, #3177, #2409, #7895, #2350, #134, #5563, #7829, #4818, #7074, #8604, #3995 ),
 .UNSPECIFIED., .F., .F.,
 ( 4, 1, 1, 1, 1, 1, 1, 1, 1, 1, 1, 1, 1, 1, 1, 1, 4 ),
 ( 0.0000000000000000000, 0.03979391035116931763, 0.07864414619082379931, 0.1175749007403575908, 0.1568659475868352526, 0.1972185745122383704, 0.2389183750035573928, 0.2836471067761068832, 0.3306660096206267552, 0.3828731110497713419, 0.4434976840441859913, 0.5126902889279845166, 0.5905940151895240353, 0.6783908545914191235, 0.7757338267246157715, 0.8827034224736386436, 0.9999999999999998890 ),
 .UNSPECIFIED. ) ;
#3773 = DIMENSIONAL_EXPONENTS ( 1.000000000000000000, 0.0000000000000000000, 0.0000000000000000000, 0.0000000000000000000, 0.0000000000000000000, 0.0000000000000000000, 0.0000000000000000000 ) ;
#3774 = DIRECTION ( 'NONE',  ( -1.000000000000000000, 0.0000000000000000000, 0.0000000000000000000 ) ) ;
#3775 = CARTESIAN_POINT ( 'NONE',  ( 0.5449999999999999289, 0.1870000000000001106, 0.01949999999999999997 ) ) ;
#3776 = LENGTH_MEASURE_WITH_UNIT ( LENGTH_MEASURE( 0.02539999999999999897 ), #4121 );
#3777 = CARTESIAN_POINT ( 'NONE',  ( -0.1409999999999999865, 0.05600000000000000810, -0.2795000000000000262 ) ) ;
#3778 = DIRECTION ( 'NONE',  ( -0.1736481776669308030, 0.9848077530122080203, 0.0000000000000000000 ) ) ;
#3779 = VECTOR ( 'NONE', #8809, 39.37007874015748143 ) ;
#3780 = MECHANICAL_DESIGN_GEOMETRIC_PRESENTATION_REPRESENTATION (  '', ( #3260 ), #6546 ) ;
#3781 = EDGE_CURVE ( 'NONE', #754, #4776, #5901, .T. ) ;
#3782 = UNCERTAINTY_MEASURE_WITH_UNIT (LENGTH_MEASURE( 1.000000000000000082E-05 ), #1447, 'distance_accuracy_value', 'NONE');
#3783 = PRESENTATION_LAYER_ASSIGNMENT (  '', '', ( #5535 ) ) ;
#3784 = CYLINDRICAL_SURFACE ( 'NONE', #3897, 0.02999999999999997113 ) ;
#3785 = VERTEX_POINT ( 'NONE', #8511 ) ;
#3786 = LENGTH_MEASURE_WITH_UNIT ( LENGTH_MEASURE( 0.02539999999999999897 ), #6310 );
#3787 =( LENGTH_UNIT ( ) NAMED_UNIT ( * ) SI_UNIT ( $, .METRE. ) );
#3788 = VERTEX_POINT ( 'NONE', #2256 ) ;
#3789 = CARTESIAN_POINT ( 'NONE',  ( 0.2459999999999999964, 0.05599999999999999423, -0.3395000000000000240 ) ) ;
#3790 = COLOUR_RGB ( '',0.9294117647058823817, 0.7607843137254901578, 0.4784313725490195734 ) ;
#3791 = UNCERTAINTY_MEASURE_WITH_UNIT (LENGTH_MEASURE( 1.000000000000000082E-05 ), #8058, 'distance_accuracy_value', 'NONE');
#3792 = AXIS2_PLACEMENT_3D ( 'NONE', #4268, #2820, #8283 ) ;
#3793 = EDGE_CURVE ( 'NONE', #6899, #9715, #7718, .T. ) ;
#3794 = STYLED_ITEM ( 'NONE', ( #6895 ), #3358 ) ;
#3795 = VERTEX_POINT ( 'NONE', #2220 ) ;
#3796 = ORIENTED_EDGE ( 'NONE', *, *, #7489, .T. ) ;
#3797 = FILL_AREA_STYLE ('',( #9180 ) ) ;
#3798 = DIRECTION ( 'NONE',  ( 0.0000000000000000000, 0.0000000000000000000, -1.000000000000000000 ) ) ;
#3799 =( LENGTH_UNIT ( ) NAMED_UNIT ( * ) SI_UNIT ( $, .METRE. ) );
#3800 = CARTESIAN_POINT ( 'NONE',  ( -0.2231035427155219908, -0.06419752955620293411, 0.2485000000000000542 ) ) ;
#3801 = ORIENTED_EDGE ( 'NONE', *, *, #2293, .F. ) ;
#3802 = CARTESIAN_POINT ( 'NONE',  ( 0.6049999999999998712, 0.1870000000000001106, -0.01949999999999999997 ) ) ;
#3803 = PLANE ( 'NONE',  #3629 ) ;
#3804 = AXIS2_PLACEMENT_3D ( 'NONE', #5878, #8163, #1178 ) ;
#3805 =( LENGTH_UNIT ( ) NAMED_UNIT ( * ) SI_UNIT ( $, .METRE. ) );
#3806 = EDGE_CURVE ( 'NONE', #9847, #7512, #8564, .T. ) ;
#3807 = EDGE_CURVE ( 'NONE', #2143, #5713, #2829, .T. ) ;
#3808 = SURFACE_STYLE_USAGE ( .BOTH. , #4654 ) ;
#3809 = CARTESIAN_POINT ( 'NONE',  ( 0.1615000000000000047, -0.05600000000000000810, -0.2795000000000000262 ) ) ;
#3810 = COLOUR_RGB ( '',0.9294117647058823817, 0.7607843137254901578, 0.4784313725490195734 ) ;
#3811 = SURFACE_STYLE_USAGE ( .BOTH. , #9271 ) ;
#3812 = DIMENSIONAL_EXPONENTS ( 1.000000000000000000, 0.0000000000000000000, 0.0000000000000000000, 0.0000000000000000000, 0.0000000000000000000, 0.0000000000000000000, 0.0000000000000000000 ) ;
#3813 = ADVANCED_FACE ( 'NONE', ( #5769 ), #7367, .F. ) ;
#3814 = EDGE_LOOP ( 'NONE', ( #2287, #6534, #807, #2428 ) ) ;
#3815 = ADVANCED_FACE ( 'NONE', ( #3321 ), #3442, .F. ) ;
#3816 = LINE ( 'NONE', #150, #1844 ) ;
#3817 = DIRECTION ( 'NONE',  ( -0.0000000000000000000, -0.0000000000000000000, -1.000000000000000000 ) ) ;
#3818 =( NAMED_UNIT ( * ) SI_UNIT ( $, .STERADIAN. ) SOLID_ANGLE_UNIT ( ) );
#3819 =( LENGTH_UNIT ( ) NAMED_UNIT ( * ) SI_UNIT ( $, .METRE. ) );
#3820 = AXIS2_PLACEMENT_3D ( 'NONE', #8384, #3711, #6873 ) ;
#3821 = ORIENTED_EDGE ( 'NONE', *, *, #3128, .F. ) ;
#3822 = AXIS2_PLACEMENT_3D ( 'NONE', #5905, #5042, #8192 ) ;
#3823 = EDGE_LOOP ( 'NONE', ( #9720, #1471, #5474, #8103 ) ) ;
#3824 = ORIENTED_EDGE ( 'NONE', *, *, #7404, .F. ) ;
#3825 =( GEOMETRIC_REPRESENTATION_CONTEXT ( 3 ) GLOBAL_UNCERTAINTY_ASSIGNED_CONTEXT ( ( #7856 ) ) GLOBAL_UNIT_ASSIGNED_CONTEXT ( ( #511, #4442, #9900 ) ) REPRESENTATION_CONTEXT ( 'NONE', 'WORKASPACE' ) );
#3826 = CIRCLE ( 'NONE', #7838, 0.01999999999999999695 ) ;
#3827 = SURFACE_STYLE_USAGE ( .BOTH. , #3759 ) ;
#3828 = CARTESIAN_POINT ( 'NONE',  ( -0.2218968062984869316, -0.04531642937717861308, 0.2485000000000000264 ) ) ;
#3829 = DIMENSIONAL_EXPONENTS ( 1.000000000000000000, 0.0000000000000000000, 0.0000000000000000000, 0.0000000000000000000, 0.0000000000000000000, 0.0000000000000000000, 0.0000000000000000000 ) ;
#3830 = DIRECTION ( 'NONE',  ( -0.0000000000000000000, -0.0000000000000000000, -1.000000000000000000 ) ) ;
#3831 = ORIENTED_EDGE ( 'NONE', *, *, #3196, .F. ) ;
#3832 = ORIENTED_EDGE ( 'NONE', *, *, #8191, .F. ) ;
#3833 = VERTEX_POINT ( 'NONE', #8442 ) ;
#3834 = DIMENSIONAL_EXPONENTS ( 1.000000000000000000, 0.0000000000000000000, 0.0000000000000000000, 0.0000000000000000000, 0.0000000000000000000, 0.0000000000000000000, 0.0000000000000000000 ) ;
#3835 = SURFACE_SIDE_STYLE ('',( #5505 ) ) ;
#3836 = SURFACE_STYLE_USAGE ( .BOTH. , #2915 ) ;
#3837 = AXIS2_PLACEMENT_3D ( 'NONE', #3314, #94, #9599 ) ;
#3838 = SURFACE_STYLE_FILL_AREA ( #2727 ) ;
#3839 = ORIENTED_EDGE ( 'NONE', *, *, #326, .F. ) ;
#3840 = CARTESIAN_POINT ( 'NONE',  ( -0.2286502561845348003, -0.07461070212339741825, 0.2484999999999999987 ) ) ;
#3841 = AXIS2_PLACEMENT_3D ( 'NONE', #2101, #7587, #4491 ) ;
#3842 = CARTESIAN_POINT ( 'NONE',  ( -0.2293368502719642377, -0.05510562371226146450, 0.2505000000000000560 ) ) ;
#3844 = VERTEX_POINT ( 'NONE', #3802 ) ;
#3843 = PRESENTATION_STYLE_ASSIGNMENT (( #120 ) ) ;
#3845 = CARTESIAN_POINT ( 'NONE',  ( 0.1070000000000000118, 0.05600000000000000810, -0.3395000000000000240 ) ) ;
#3846 = SURFACE_STYLE_USAGE ( .BOTH. , #7705 ) ;
#3847 =( CONVERSION_BASED_UNIT ( 'INCH', #4795 ) LENGTH_UNIT ( ) NAMED_UNIT ( #9626 ) );
#3848 =( NAMED_UNIT ( * ) SI_UNIT ( $, .STERADIAN. ) SOLID_ANGLE_UNIT ( ) );
#3849 = ORIENTED_EDGE ( 'NONE', *, *, #6688, .T. ) ;
#3850 = UNCERTAINTY_MEASURE_WITH_UNIT (LENGTH_MEASURE( 1.000000000000000082E-05 ), #7554, 'distance_accuracy_value', 'NONE');
#3851 = ORIENTED_EDGE ( 'NONE', *, *, #4049, .T. ) ;
#3852 = ORIENTED_EDGE ( 'NONE', *, *, #8504, .F. ) ;
#3853 =( GEOMETRIC_REPRESENTATION_CONTEXT ( 3 ) GLOBAL_UNCERTAINTY_ASSIGNED_CONTEXT ( ( #8541 ) ) GLOBAL_UNIT_ASSIGNED_CONTEXT ( ( #8522, #1397, #2957 ) ) REPRESENTATION_CONTEXT ( 'NONE', 'WORKASPACE' ) );
#3854 = EDGE_CURVE ( 'NONE', #7424, #4274, #3192, .T. ) ;
#3855 = DIRECTION ( 'NONE',  ( 1.000000000000000000, 0.0000000000000000000, 0.0000000000000000000 ) ) ;
#3856 = CARTESIAN_POINT ( 'NONE',  ( 0.2354999999999998761, 0.05600000000000000810, 0.01949999999999999997 ) ) ;
#3857 = SURFACE_STYLE_FILL_AREA ( #7128 ) ;
#3858 = EDGE_LOOP ( 'NONE', ( #3344, #9159, #287, #304 ) ) ;
#3859 = CYLINDRICAL_SURFACE ( 'NONE', #8488, 0.02000000000000000042 ) ;
#3860 = CARTESIAN_POINT ( 'NONE',  ( -0.2609115348192674322, 0.09550000000000004319, -0.2195000000000000007 ) ) ;
#3861 = ADVANCED_FACE ( 'NONE', ( #2205 ), #10089, .T. ) ;
#3862 = DIRECTION ( 'NONE',  ( -0.0000000000000000000, -0.0000000000000000000, -1.000000000000000000 ) ) ;
#3863 = CARTESIAN_POINT ( 'NONE',  ( -0.2242770134151104156, -0.04506763938828553528, 0.2505000000000000560 ) ) ;
#3864 = DIRECTION ( 'NONE',  ( 0.0000000000000000000, 0.0000000000000000000, 1.000000000000000000 ) ) ;
#3865 = ADVANCED_FACE ( 'NONE', ( #5379 ), #8083, .F. ) ;
#3866 = AXIS2_PLACEMENT_3D ( 'NONE', #7893, #6980, #5486 ) ;
#3867 = CARTESIAN_POINT ( 'NONE',  ( -0.2256393086952790950, -0.05184182475589806105, 0.2484999999999999154 ) ) ;
#3868 = EDGE_CURVE ( 'NONE', #1136, #9402, #4181, .T. ) ;
#3869 = EDGE_CURVE ( 'Edge6', #4765, #2019, #8439, .T. ) ;
#3870 = FILL_AREA_STYLE_COLOUR ( '', #7098 ) ;
#3871 = EDGE_LOOP ( 'NONE', ( #331, #9705 ) ) ;
#3872 =( NAMED_UNIT ( * ) PLANE_ANGLE_UNIT ( ) SI_UNIT ( $, .RADIAN. ) );
#3873 = LINE ( 'NONE', #5817, #4718 ) ;
#3874 = UNCERTAINTY_MEASURE_WITH_UNIT (LENGTH_MEASURE( 1.000000000000000082E-05 ), #4747, 'distance_accuracy_value', 'NONE');
#3875 = CARTESIAN_POINT ( 'NONE',  ( 0.02250000000000003386, -0.05600000000000000810, -0.2013975032409335841 ) ) ;
#3876 = LINE ( 'NONE', #2941, #9499 ) ;
#3877 =( LENGTH_UNIT ( ) NAMED_UNIT ( * ) SI_UNIT ( $, .METRE. ) );
#3878 =( NAMED_UNIT ( * ) PLANE_ANGLE_UNIT ( ) SI_UNIT ( $, .RADIAN. ) );
#3879 = DIRECTION ( 'NONE',  ( -1.000000000000000000, 0.0000000000000000000, 0.0000000000000000000 ) ) ;
#3880 = ORIENTED_EDGE ( 'NONE', *, *, #7069, .F. ) ;
#3881 = MECHANICAL_DESIGN_GEOMETRIC_PRESENTATION_REPRESENTATION (  '', ( #8787 ), #4456 ) ;
#3882 = FACE_OUTER_BOUND ( 'NONE', #7616, .T. ) ;
#3883 = LENGTH_MEASURE_WITH_UNIT ( LENGTH_MEASURE( 0.02539999999999999897 ), #9416 );
#3884 =( NAMED_UNIT ( * ) SI_UNIT ( $, .STERADIAN. ) SOLID_ANGLE_UNIT ( ) );
#3885 =( NAMED_UNIT ( * ) PLANE_ANGLE_UNIT ( ) SI_UNIT ( $, .RADIAN. ) );
#3886 = CARTESIAN_POINT ( 'NONE',  ( -0.2296831538477282775, -0.05814463296211337673, 0.2484999999999999987 ) ) ;
#3887 = CARTESIAN_POINT ( 'NONE',  ( -0.3790884651807323591, 0.07466221867996829242, -0.03950000000000004896 ) ) ;
#3888 = ORIENTED_EDGE ( 'NONE', *, *, #1343, .T. ) ;
#3889 = CARTESIAN_POINT ( 'NONE',  ( -0.2609115348192674322, 0.09550000000000004319, -0.1494999999999999940 ) ) ;
#3890 = VERTEX_POINT ( 'NONE', #7933 ) ;
#3891 = CARTESIAN_POINT ( 'NONE',  ( -0.2242320351744064855, -0.05181373173034520274, 0.2505000000000000560 ) ) ;
#3892 = FACE_BOUND ( 'NONE', #7855, .T. ) ;
#3893 = DIRECTION ( 'NONE',  ( 0.0000000000000000000, 0.0000000000000000000, -1.000000000000000000 ) ) ;
#3894 =( NAMED_UNIT ( * ) SI_UNIT ( $, .STERADIAN. ) SOLID_ANGLE_UNIT ( ) );
#3895 = CARTESIAN_POINT ( 'NONE',  ( 0.08700000000000004952, 0.05599999999999999423, -0.2795000000000000262 ) ) ;
#3896 = MECHANICAL_DESIGN_GEOMETRIC_PRESENTATION_REPRESENTATION (  '', ( #6864 ), #5090 ) ;
#3897 = AXIS2_PLACEMENT_3D ( 'NONE', #607, #7660, #2939 ) ;
#3898 = ORIENTED_EDGE ( 'NONE', *, *, #987, .F. ) ;
#3899 =( GEOMETRIC_REPRESENTATION_CONTEXT ( 3 ) GLOBAL_UNCERTAINTY_ASSIGNED_CONTEXT ( ( #4058 ) ) GLOBAL_UNIT_ASSIGNED_CONTEXT ( ( #1396, #1528, #7113 ) ) REPRESENTATION_CONTEXT ( 'NONE', 'WORKASPACE' ) );
#3900 = SURFACE_STYLE_USAGE ( .BOTH. , #1555 ) ;
#3901 = LENGTH_MEASURE_WITH_UNIT ( LENGTH_MEASURE( 0.02539999999999999897 ), #7233 );
#3902 = SURFACE_SIDE_STYLE ('',( #4182 ) ) ;
#3903 = SURFACE_STYLE_USAGE ( .BOTH. , #4763 ) ;
#3904 = FACE_OUTER_BOUND ( 'NONE', #9257, .T. ) ;
#3905 = UNCERTAINTY_MEASURE_WITH_UNIT (LENGTH_MEASURE( 1.000000000000000082E-05 ), #1133, 'distance_accuracy_value', 'NONE');
#3906 = ORIENTED_EDGE ( 'NONE', *, *, #2415, .F. ) ;
#3907 = B_SPLINE_CURVE_WITH_KNOTS ( 'NONE', 3,
 ( #3991, #2285, #5519, #5424, #6259, #738, #6227, #3102, #704, #3074, #1509 ),
 .UNSPECIFIED., .F., .F.,
 ( 4, 1, 1, 1, 1, 1, 1, 1, 4 ),
 ( 0.0000000000000000000, 0.1265709095624310554, 0.2514247494891281298, 0.3764250499327915223, 0.5000934709746320816, 0.6241806899120455610, 0.7481334495533769058, 0.8738690196222164142, 0.9999999999999998890 ),
 .UNSPECIFIED. ) ;
#3908 = CARTESIAN_POINT ( 'NONE',  ( -0.2285030544531953534, -0.07568698781136229403, 0.2484999999999999709 ) ) ;
#3909 = FILL_AREA_STYLE_COLOUR ( '', #9528 ) ;
#3910 = ORIENTED_EDGE ( 'NONE', *, *, #9535, .T. ) ;
#3911 = CARTESIAN_POINT ( 'NONE',  ( -0.2234911601521273050, -0.05185065523017487465, 0.2485000000000000542 ) ) ;
#3912 = CARTESIAN_POINT ( 'NONE',  ( 0.2609115348192674322, 0.09550000000000004319, 0.2515000000000000013 ) ) ;
#3913 = DIRECTION ( 'NONE',  ( 0.0000000000000000000, 0.0000000000000000000, 1.000000000000000000 ) ) ;
#3914 = MECHANICAL_DESIGN_GEOMETRIC_PRESENTATION_REPRESENTATION (  '', ( #1463 ), #4963 ) ;
#3915 = EDGE_CURVE ( 'NONE', #6025, #10039, #3922, .T. ) ;
#3916 = CARTESIAN_POINT ( 'NONE',  ( -0.2110320384826730178, -0.06617672509630292965, 0.2505000000000000004 ) ) ;
#3917 = CARTESIAN_POINT ( 'NONE',  ( -0.2355074648966654083, -0.06554734694884682689, 0.2484999999999999709 ) ) ;
#3918 = CARTESIAN_POINT ( 'NONE',  ( -0.2273063806311158008, -0.06339872316183629841, 0.2504999999999999449 ) ) ;
#3919 = ORIENTED_EDGE ( 'NONE', *, *, #9767, .F. ) ;
#3920 =( CONVERSION_BASED_UNIT ( 'INCH', #4361 ) LENGTH_UNIT ( ) NAMED_UNIT ( #5626 ) );
#3921 = STYLED_ITEM ( 'NONE', ( #805 ), #7359 ) ;
#3922 = LINE ( 'NONE', #5527, #9905 ) ;
#3923 = EDGE_CURVE ( 'NONE', #4725, #5914, #1827, .T. ) ;
#3924 = COLOUR_RGB ( '',0.9294117647058823817, 0.7607843137254901578, 0.4784313725490195734 ) ;
#3925 = ORIENTED_EDGE ( 'NONE', *, *, #5891, .T. ) ;
#3926 = CARTESIAN_POINT ( 'NONE',  ( -0.2206799970538751432, -0.05338352936124791948, 0.2505000000000000004 ) ) ;
#3927 = SURFACE_STYLE_USAGE ( .BOTH. , #706 ) ;
#3928 = FILL_AREA_STYLE ('',( #917 ) ) ;
#3929 = CARTESIAN_POINT ( 'NONE',  ( -0.2181822704281579373, -0.06761854135888252515, 0.2484999999999999987 ) ) ;
#3930 = DIRECTION ( 'NONE',  ( -1.000000000000000000, 0.0000000000000000000, 0.0000000000000000000 ) ) ;
#3931 = TOROIDAL_SURFACE ( 'NONE', #4449, 0.1399999999999999856, 0.02000000000000000042 ) ;
#3932 = LINE ( 'NONE', #9977, #8101 ) ;
#3933 = EDGE_LOOP ( 'NONE', ( #1278, #5614, #8591, #8768, #9575, #9462 ) ) ;
#3934 = AXIS2_PLACEMENT_3D ( 'NONE', #8017, #8858, #9646 ) ;
#3935 = CARTESIAN_POINT ( 'NONE',  ( 0.2358518738605814291, 0.1033376237329804437, 0.2505000000000000004 ) ) ;
#3936 = EDGE_LOOP ( 'NONE', ( #5771, #6713, #7167, #6078 ) ) ;
#3937 = EDGE_CURVE ( 'NONE', #2908, #3336, #6749, .T. ) ;
#3938 = AXIS2_PLACEMENT_3D ( 'NONE', #5260, #5233, #572 ) ;
#3939 = CARTESIAN_POINT ( 'NONE',  ( -0.2249575488660731648, -0.05181091230876645748, 0.2505000000000000004 ) ) ;
#3940 = DIRECTION ( 'NONE',  ( -0.0000000000000000000, -0.0000000000000000000, 1.000000000000000000 ) ) ;
#3941 = DIMENSIONAL_EXPONENTS ( 1.000000000000000000, 0.0000000000000000000, 0.0000000000000000000, 0.0000000000000000000, 0.0000000000000000000, 0.0000000000000000000, 0.0000000000000000000 ) ;
#3942 = CARTESIAN_POINT ( 'NONE',  ( -0.2338984963053847566, -0.04866446727195922889, 0.2505000000000000560 ) ) ;
#3943 = CARTESIAN_POINT ( 'NONE',  ( 0.2397565173948805750, 0.1054674514182445261, 0.2504999999999998894 ) ) ;
#3944 = ORIENTED_EDGE ( 'NONE', *, *, #6820, .F. ) ;
#3945 = EDGE_LOOP ( 'NONE', ( #7110, #7816, #186, #2253 ) ) ;
#3946 = DIMENSIONAL_EXPONENTS ( 1.000000000000000000, 0.0000000000000000000, 0.0000000000000000000, 0.0000000000000000000, 0.0000000000000000000, 0.0000000000000000000, 0.0000000000000000000 ) ;
#3947 = CARTESIAN_POINT ( 'NONE',  ( -0.2209204157775767619, -0.08535744176269431660, 0.2484999999999998599 ) ) ;
#3948 =( CONVERSION_BASED_UNIT ( 'INCH', #5683 ) LENGTH_UNIT ( ) NAMED_UNIT ( #4471 ) );
#3949 = CARTESIAN_POINT ( 'NONE',  ( 0.2344521488927472919, 0.1105752036591881177, 0.2484999999999999987 ) ) ;
#3950 = DIRECTION ( 'NONE',  ( 0.1736481776669315247, 0.9848077530122079093, 0.0000000000000000000 ) ) ;
#3951 = PRESENTATION_STYLE_ASSIGNMENT (( #949 ) ) ;
#3952 =( GEOMETRIC_REPRESENTATION_CONTEXT ( 3 ) GLOBAL_UNCERTAINTY_ASSIGNED_CONTEXT ( ( #9217 ) ) GLOBAL_UNIT_ASSIGNED_CONTEXT ( ( #3401, #5964, #9811 ) ) REPRESENTATION_CONTEXT ( 'NONE', 'WORKASPACE' ) );
#3953 = CARTESIAN_POINT ( 'NONE',  ( -0.08100000000000004419, 0.05600000000000000810, -0.2195000000000000007 ) ) ;
#3954 = CARTESIAN_POINT ( 'NONE',  ( -0.2187980342961800828, -0.05841449196318274778, 0.2505000000000000560 ) ) ;
#3955 = CARTESIAN_POINT ( 'NONE',  ( -0.2110199643843211348, -0.06529322254148302307, 0.2505000000000000004 ) ) ;
#3956 = DIRECTION ( 'NONE',  ( 0.0000000000000000000, 0.0000000000000000000, -1.000000000000000000 ) ) ;
#3957 = FILL_AREA_STYLE ('',( #7929 ) ) ;
#3958 = FILL_AREA_STYLE_COLOUR ( '', #9417 ) ;
#3959 = FACE_OUTER_BOUND ( 'NONE', #9850, .T. ) ;
#3960 = VERTEX_POINT ( 'NONE', #849 ) ;
#3961 = LENGTH_MEASURE_WITH_UNIT ( LENGTH_MEASURE( 0.02539999999999999897 ), #9785 );
#3962 = SURFACE_STYLE_FILL_AREA ( #493 ) ;
#3963 = CARTESIAN_POINT ( 'NONE',  ( -0.2104510888804048685, -0.07550000000000001155, 0.2515000000000000013 ) ) ;
#3965 = ORIENTED_EDGE ( 'NONE', *, *, #2613, .F. ) ;
#3964 = SURFACE_STYLE_FILL_AREA ( #9921 ) ;
#3966 =( LENGTH_UNIT ( ) NAMED_UNIT ( * ) SI_UNIT ( $, .METRE. ) );
#3967 = STYLED_ITEM ( 'NONE', ( #9120 ), #5768 ) ;
#3968 = EDGE_CURVE ( 'NONE', #7807, #9069, #2695, .T. ) ;
#3969 = PRESENTATION_LAYER_ASSIGNMENT (  '', '', ( #4118 ) ) ;
#3970 = PRESENTATION_STYLE_ASSIGNMENT (( #50 ) ) ;
#3971 = DIRECTION ( 'NONE',  ( -0.0000000000000000000, -0.0000000000000000000, -1.000000000000000000 ) ) ;
#3972 = DIRECTION ( 'NONE',  ( -1.000000000000000000, 0.0000000000000000000, 0.0000000000000000000 ) ) ;
#3973 = CARTESIAN_POINT ( 'NONE',  ( -0.3209115348192674855, 0.09550000000000004319, 0.2515000000000000013 ) ) ;
#3974 = ORIENTED_EDGE ( 'NONE', *, *, #4327, .T. ) ;
#3975 = VERTEX_POINT ( 'NONE', #3185 ) ;
#3976 = CIRCLE ( 'NONE', #3675, 0.06000000000000004635 ) ;
#3977 = CIRCLE ( 'NONE', #7645, 0.07999999999999996003 ) ;
#3978 = SURFACE_STYLE_FILL_AREA ( #1966 ) ;
#3979 = ORIENTED_EDGE ( 'NONE', *, *, #4762, .F. ) ;
#3980 =( GEOMETRIC_REPRESENTATION_CONTEXT ( 3 ) GLOBAL_UNCERTAINTY_ASSIGNED_CONTEXT ( ( #1891 ) ) GLOBAL_UNIT_ASSIGNED_CONTEXT ( ( #10009, #9206, #629 ) ) REPRESENTATION_CONTEXT ( 'NONE', 'WORKASPACE' ) );
#3981 = EDGE_CURVE ( 'NONE', #1182, #7986, #6005, .T. ) ;
#3982 = CARTESIAN_POINT ( 'NONE',  ( -0.2253688829404693061, -0.08601853799412391421, 0.2484999999999999987 ) ) ;
#3983 = ORIENTED_EDGE ( 'NONE', *, *, #5963, .T. ) ;
#3984 = CARTESIAN_POINT ( 'NONE',  ( -0.2186757247657050152, -0.07220106897743303054, 0.2484999999999999987 ) ) ;
#3985 = CARTESIAN_POINT ( 'NONE',  ( -0.2295993281449142109, -0.05939820881500178229, 0.2505000000000000004 ) ) ;
#3986 =( CONVERSION_BASED_UNIT ( 'INCH', #6305 ) LENGTH_UNIT ( ) NAMED_UNIT ( #4966 ) );
#3987 = DIMENSIONAL_EXPONENTS ( 1.000000000000000000, 0.0000000000000000000, 0.0000000000000000000, 0.0000000000000000000, 0.0000000000000000000, 0.0000000000000000000, 0.0000000000000000000 ) ;
#3988 = SURFACE_SIDE_STYLE ('',( #6727 ) ) ;
#3989 = VERTEX_POINT ( 'NONE', #2495 ) ;
#3990 = DIRECTION ( 'NONE',  ( 0.1736481776669313581, -0.9848077530122080203, 1.088490145428555231E-15 ) ) ;
#3991 = CARTESIAN_POINT ( 'NONE',  ( 0.2443043707811019816, 0.1092950629861946521, 0.2484999999999999987 ) ) ;
#3992 = PLANE ( 'NONE',  #684 ) ;
#3993 = VERTEX_POINT ( 'NONE', #5603 ) ;
#3994 = CARTESIAN_POINT ( 'NONE',  ( -0.2187980342961800828, -0.05841449196318274778, 0.2484999999999999987 ) ) ;
#3995 = CARTESIAN_POINT ( 'NONE',  ( -0.2181822704281579373, -0.06761854135888252515, 0.2505000000000000004 ) ) ;
#3996 = PRESENTATION_STYLE_ASSIGNMENT (( #6397 ) ) ;
#3997 = PRESENTATION_LAYER_ASSIGNMENT (  '', '', ( #1893 ) ) ;
#3998 = EDGE_CURVE ( 'NONE', #5319, #4024, #1571, .T. ) ;
#3999 = EDGE_CURVE ( 'NONE', #1152, #7154, #8428, .T. ) ;
#4000 = LENGTH_MEASURE_WITH_UNIT ( LENGTH_MEASURE( 0.02539999999999999897 ), #9393 );
#4001 = DIRECTION ( 'NONE',  ( -1.000000000000000000, 0.0000000000000000000, 0.0000000000000000000 ) ) ;
#4002 = CARTESIAN_POINT ( 'NONE',  ( -0.3286280192418698509, -0.09633778132003176231, -0.1494999999999999940 ) ) ;
#4003 = DIRECTION ( 'NONE',  ( -0.1736481776669315802, -0.9848077530122079093, 0.0000000000000000000 ) ) ;
#4004 = CARTESIAN_POINT ( 'NONE',  ( 0.2609115348192674322, 0.1355000000000000648, 0.2515000000000000013 ) ) ;
#4005 =( NAMED_UNIT ( * ) PLANE_ANGLE_UNIT ( ) SI_UNIT ( $, .RADIAN. ) );
#4006 = CIRCLE ( 'NONE', #2187, 0.02000000000000007674 ) ;
#4007 =( NAMED_UNIT ( * ) PLANE_ANGLE_UNIT ( ) SI_UNIT ( $, .RADIAN. ) );
#4008 = DIRECTION ( 'NONE',  ( -0.0000000000000000000, -0.0000000000000000000, -1.000000000000000000 ) ) ;
#4009 = CARTESIAN_POINT ( 'NONE',  ( -0.2298195728430683094, -0.04593850662677061852, 0.2504999999999999449 ) ) ;
#4010 = CARTESIAN_POINT ( 'NONE',  ( -0.2609115348192674322, 0.09550000000000004319, -0.03950000000000001427 ) ) ;
#4011 = FILL_AREA_STYLE_COLOUR ( '', #6033 ) ;
#4012 = PRESENTATION_LAYER_ASSIGNMENT (  '', '', ( #151 ) ) ;
#4013 = EDGE_LOOP ( 'NONE', ( #1114, #6192, #8133, #1481 ) ) ;
#4014 = STYLED_ITEM ( 'NONE', ( #5759 ), #4173 ) ;
#4015 =( GEOMETRIC_REPRESENTATION_CONTEXT ( 3 ) GLOBAL_UNCERTAINTY_ASSIGNED_CONTEXT ( ( #9049 ) ) GLOBAL_UNIT_ASSIGNED_CONTEXT ( ( #3076, #8508, #22 ) ) REPRESENTATION_CONTEXT ( 'NONE', 'WORKASPACE' ) );
#4016 = CYLINDRICAL_SURFACE ( 'NONE', #3044, 0.05999999999999997696 ) ;
#4017 = ORIENTED_EDGE ( 'NONE', *, *, #391, .T. ) ;
#4018 = VECTOR ( 'NONE', #4848, 39.37007874015748854 ) ;
#4019 =( NAMED_UNIT ( * ) PLANE_ANGLE_UNIT ( ) SI_UNIT ( $, .RADIAN. ) );
#4020 = CARTESIAN_POINT ( 'NONE',  ( -0.2241859681413740923, -0.06423994224091877925, 0.2505000000000000004 ) ) ;
#4021 = DIRECTION ( 'NONE',  ( -1.000000000000000000, -1.826101600042956375E-16, 0.0000000000000000000 ) ) ;
#4022 = CARTESIAN_POINT ( 'NONE',  ( -0.05650000000000001549, -0.05600000000000000810, -0.3395000000000000240 ) ) ;
#4023 = DIMENSIONAL_EXPONENTS ( 1.000000000000000000, 0.0000000000000000000, 0.0000000000000000000, 0.0000000000000000000, 0.0000000000000000000, 0.0000000000000000000, 0.0000000000000000000 ) ;
#4024 = VERTEX_POINT ( 'NONE', #3219 ) ;
#4025 = DIRECTION ( 'NONE',  ( 1.000000000000000000, -0.0000000000000000000, -0.0000000000000000000 ) ) ;
#4027 = ORIENTED_EDGE ( 'NONE', *, *, #2276, .F. ) ;
#4026 = CARTESIAN_POINT ( 'NONE',  ( 0.2609115348192674322, 0.09550000000000004319, -0.1694999999999999840 ) ) ;
#4028 = DIRECTION ( 'NONE',  ( -0.0000000000000000000, -0.0000000000000000000, 1.000000000000000000 ) ) ;
#4029 = CARTESIAN_POINT ( 'NONE',  ( -0.3809115348192674833, 0.09550000000000004319, -0.03950000000000001427 ) ) ;
#4030 = CARTESIAN_POINT ( 'NONE',  ( -0.2119462880427877005, -0.05605094636134568681, 0.2505000000000000560 ) ) ;
#4031 = AXIS2_PLACEMENT_3D ( 'NONE', #1809, #2711, #217 ) ;
#4032 = PRODUCT_DEFINITION_FORMATION_WITH_SPECIFIED_SOURCE ( 'ANY', '', #9323, .NOT_KNOWN. ) ;
#4033 = UNCERTAINTY_MEASURE_WITH_UNIT (LENGTH_MEASURE( 1.000000000000000082E-05 ), #9187, 'distance_accuracy_value', 'NONE');
#4034 = ORIENTED_EDGE ( 'NONE', *, *, #5040, .F. ) ;
#4035 = DIRECTION ( 'NONE',  ( -0.0000000000000000000, -0.0000000000000000000, 1.000000000000000000 ) ) ;
#4036 = CARTESIAN_POINT ( 'NONE',  ( 0.1070000000000000118, 0.05600000000000000810, -0.2795000000000000262 ) ) ;
#4037 = AXIS2_PLACEMENT_3D ( 'NONE', #7137, #1549, #843 ) ;
#4038 = LENGTH_MEASURE_WITH_UNIT ( LENGTH_MEASURE( 0.02539999999999999897 ), #2436 );
#4039 = ORIENTED_EDGE ( 'NONE', *, *, #8260, .F. ) ;
#4040 = CARTESIAN_POINT ( 'NONE',  ( -0.2224206715949702540, -0.05219509922506634231, 0.2505000000000000004 ) ) ;
#4041 =( CONVERSION_BASED_UNIT ( 'INCH', #7700 ) LENGTH_UNIT ( ) NAMED_UNIT ( #2684 ) );
#4042 = CARTESIAN_POINT ( 'NONE',  ( 0.1415000000000000424, -0.05600000000000000810, -0.2013975032409335841 ) ) ;
#4043 = DIMENSIONAL_EXPONENTS ( 1.000000000000000000, 0.0000000000000000000, 0.0000000000000000000, 0.0000000000000000000, 0.0000000000000000000, 0.0000000000000000000, 0.0000000000000000000 ) ;
#4044 = CARTESIAN_POINT ( 'NONE',  ( -0.2242669897029559711, -0.07927754407051280927, 0.2505000000000000560 ) ) ;
#4045 =( CONVERSION_BASED_UNIT ( 'INCH', #643 ) LENGTH_UNIT ( ) NAMED_UNIT ( #6414 ) );
#4046 = ORIENTED_EDGE ( 'NONE', *, *, #4510, .F. ) ;
#4047 = LINE ( 'NONE', #3875, #1967 ) ;
#4048 =( GEOMETRIC_REPRESENTATION_CONTEXT ( 3 ) GLOBAL_UNCERTAINTY_ASSIGNED_CONTEXT ( ( #6295 ) ) GLOBAL_UNIT_ASSIGNED_CONTEXT ( ( #8151, #9751, #5865 ) ) REPRESENTATION_CONTEXT ( 'NONE', 'WORKASPACE' ) );
#4049 = EDGE_CURVE ( 'NONE', #1508, #8777, #7594, .T. ) ;
#4050 = CARTESIAN_POINT ( 'NONE',  ( -0.1110000000000000014, 0.05600000000000000810, -0.2795000000000000262 ) ) ;
#4051 = LENGTH_MEASURE_WITH_UNIT ( LENGTH_MEASURE( 0.02539999999999999897 ), #2710 );
#4052 = CIRCLE ( 'NONE', #3303, 0.02999999999999997460 ) ;
#4053 = COLOUR_RGB ( '',0.9294117647058823817, 0.7607843137254901578, 0.4784313725490195734 ) ;
#4054 = CARTESIAN_POINT ( 'NONE',  ( -0.2132204320788069762, -0.07830672300242892681, 0.2505000000000000560 ) ) ;
#4055 = CARTESIAN_POINT ( 'NONE',  ( -0.2301174295666930936, -0.07011820335873242271, 0.2504999999999999449 ) ) ;
#4056 = CARTESIAN_POINT ( 'NONE',  ( -0.2205994018873632112, -0.06968383162069520520, 0.2505000000000001115 ) ) ;
#4057 = FILL_AREA_STYLE ('',( #6387 ) ) ;
#4058 = UNCERTAINTY_MEASURE_WITH_UNIT (LENGTH_MEASURE( 1.000000000000000082E-05 ), #1396, 'distance_accuracy_value', 'NONE');
#4059 = ORIENTED_EDGE ( 'NONE', *, *, #4205, .T. ) ;
#4060 = AXIS2_PLACEMENT_3D ( 'NONE', #474, #4384, #1163 ) ;
#4061 = EDGE_CURVE ( 'NONE', #7154, #2427, #4899, .T. ) ;
#4062 = EDGE_CURVE ( 'NONE', #3032, #8740, #2322, .T. ) ;
#4063 = DIRECTION ( 'NONE',  ( 0.1736481776669316079, -0.9848077530122077983, 0.0000000000000000000 ) ) ;
#4064 =( LENGTH_UNIT ( ) NAMED_UNIT ( * ) SI_UNIT ( $, .METRE. ) );
#4065 = CARTESIAN_POINT ( 'NONE',  ( -0.2253688829404693061, -0.08601853799412391421, 0.2504999999999999449 ) ) ;
#4066 = COLOUR_RGB ( '',0.0000000000000000000, 0.5019607843137254832, 1.000000000000000000 ) ;
#4067 =( CONVERSION_BASED_UNIT ( 'INCH', #6947 ) LENGTH_UNIT ( ) NAMED_UNIT ( #8000 ) );
#4068 =( NAMED_UNIT ( * ) PLANE_ANGLE_UNIT ( ) SI_UNIT ( $, .RADIAN. ) );
#4069 = COLOUR_RGB ( '',1.000000000000000000, 1.000000000000000000, 0.0000000000000000000 ) ;
#4071 = ORIENTED_EDGE ( 'NONE', *, *, #7476, .T. ) ;
#4070 = CIRCLE ( 'NONE', #3500, 0.07999999999999998779 ) ;
#4072 = SURFACE_STYLE_USAGE ( .BOTH. , #7222 ) ;
#4073 = ORIENTED_EDGE ( 'NONE', *, *, #8010, .T. ) ;
#4074 = DIRECTION ( 'NONE',  ( 0.0000000000000000000, 0.0000000000000000000, -1.000000000000000000 ) ) ;
#4075 = VECTOR ( 'NONE', #5844, 39.37007874015748143 ) ;
#4076 = CARTESIAN_POINT ( 'NONE',  ( -0.5450000000000000400, -0.2469999999999998586, 0.01949999999999999997 ) ) ;
#4077 = CARTESIAN_POINT ( 'NONE',  ( 0.2104510888804048685, -0.07550000000000001155, 0.03949999999999997957 ) ) ;
#4078 = SURFACE_SIDE_STYLE ('',( #5583 ) ) ;
#4079 = PRESENTATION_LAYER_ASSIGNMENT (  '', '', ( #8991 ) ) ;
#4080 = FILL_AREA_STYLE ('',( #2328 ) ) ;
#4082 = ORIENTED_EDGE ( 'NONE', *, *, #5616, .F. ) ;
#4081 = CIRCLE ( 'NONE', #3302, 0.02000000000000007674 ) ;
#4083 = DIRECTION ( 'NONE',  ( 0.0000000000000000000, 0.0000000000000000000, -1.000000000000000000 ) ) ;
#4084 = FILL_AREA_STYLE ('',( #289 ) ) ;
#4085 =( LENGTH_UNIT ( ) NAMED_UNIT ( * ) SI_UNIT ( $, .METRE. ) );
#4086 = CARTESIAN_POINT ( 'NONE',  ( -0.2224647219575730805, -0.07053447299476270360, 0.2505000000000000560 ) ) ;
#4087 = VECTOR ( 'NONE', #7433, 39.37007874015748143 ) ;
#4088 = SURFACE_STYLE_FILL_AREA ( #1565 ) ;
#4089 = ORIENTED_EDGE ( 'NONE', *, *, #1418, .F. ) ;
#4091 = ORIENTED_EDGE ( 'NONE', *, *, #2086, .F. ) ;
#4090 = LENGTH_MEASURE_WITH_UNIT ( LENGTH_MEASURE( 0.02539999999999999897 ), #9439 );
#4092 = CARTESIAN_POINT ( 'NONE',  ( -0.3987846202409765506, 0.07118925512662967192, -0.01949999999999999997 ) ) ;
#4093 =( LENGTH_UNIT ( ) NAMED_UNIT ( * ) SI_UNIT ( $, .METRE. ) );
#4094 = DIRECTION ( 'NONE',  ( -0.0000000000000000000, -0.0000000000000000000, 1.000000000000000000 ) ) ;
#4095 = DIRECTION ( 'NONE',  ( 0.0000000000000000000, 1.000000000000000000, -0.0000000000000000000 ) ) ;
#4096 = UNCERTAINTY_MEASURE_WITH_UNIT (LENGTH_MEASURE( 1.000000000000000082E-05 ), #6988, 'distance_accuracy_value', 'NONE');
#4097 =( GEOMETRIC_REPRESENTATION_CONTEXT ( 3 ) GLOBAL_UNCERTAINTY_ASSIGNED_CONTEXT ( ( #2967 ) ) GLOBAL_UNIT_ASSIGNED_CONTEXT ( ( #1394, #5217, #2989 ) ) REPRESENTATION_CONTEXT ( 'NONE', 'WORKASPACE' ) );
#4098 = VERTEX_POINT ( 'NONE', #7330 ) ;
#4099 = FACE_OUTER_BOUND ( 'NONE', #2843, .T. ) ;
#4100 = EDGE_LOOP ( 'NONE', ( #3350, #2798, #4983, #5948, #3487, #2364, #2511, #5579, #6098 ) ) ;
#4101 =( GEOMETRIC_REPRESENTATION_CONTEXT ( 3 ) GLOBAL_UNCERTAINTY_ASSIGNED_CONTEXT ( ( #4096 ) ) GLOBAL_UNIT_ASSIGNED_CONTEXT ( ( #6988, #3872, #9321 ) ) REPRESENTATION_CONTEXT ( 'NONE', 'WORKASPACE' ) );
#4102 = DIMENSIONAL_EXPONENTS ( 1.000000000000000000, 0.0000000000000000000, 0.0000000000000000000, 0.0000000000000000000, 0.0000000000000000000, 0.0000000000000000000, 0.0000000000000000000 ) ;
#4103 = ORIENTED_EDGE ( 'NONE', *, *, #3868, .F. ) ;
#4104 = STYLED_ITEM ( 'NONE', ( #840 ), #1435 ) ;
#4105 = CARTESIAN_POINT ( 'NONE',  ( 0.4919999999999999929, 0.0000000000000000000, 0.01949999999999999997 ) ) ;
#4106 =( CONVERSION_BASED_UNIT ( 'INCH', #5336 ) LENGTH_UNIT ( ) NAMED_UNIT ( #6723 ) );
#4107 = CARTESIAN_POINT ( 'NONE',  ( -0.2214240020111781504, -0.05274753149406770369, 0.2484999999999999987 ) ) ;
#4108 = CARTESIAN_POINT ( 'NONE',  ( -0.2181822704281579373, -0.06761854135888252515, 0.2484999999999999987 ) ) ;
#4109 = PLANE ( 'NONE',  #3365 ) ;
#4110 = SURFACE_STYLE_USAGE ( .BOTH. , #2636 ) ;
#4111 = ORIENTED_EDGE ( 'NONE', *, *, #7212, .F. ) ;
#4112 = PRESENTATION_STYLE_ASSIGNMENT (( #9592 ) ) ;
#4113 = ORIENTED_EDGE ( 'NONE', *, *, #7146, .T. ) ;
#4114 = PRESENTATION_LAYER_ASSIGNMENT (  '', '', ( #1463 ) ) ;
#4115 = EDGE_CURVE ( 'NONE', #5259, #6936, #8553, .T. ) ;
#4116 = DIRECTION ( 'NONE',  ( 1.000000000000000000, 0.0000000000000000000, 0.0000000000000000000 ) ) ;
#4117 = DIRECTION ( 'NONE',  ( -0.0000000000000000000, -0.0000000000000000000, -1.000000000000000000 ) ) ;
#4118 = STYLED_ITEM ( 'NONE', ( #1148 ), #2817 ) ;
#4119 = CARTESIAN_POINT ( 'NONE',  ( 0.5449999999999999289, 0.1870000000000001106, 0.01949999999999999997 ) ) ;
#4120 = CIRCLE ( 'NONE', #1611, 0.01949999999999987160 ) ;
#4121 =( LENGTH_UNIT ( ) NAMED_UNIT ( * ) SI_UNIT ( $, .METRE. ) );
#4122 = DIRECTION ( 'NONE',  ( 0.0000000000000000000, -1.000000000000000000, 0.0000000000000000000 ) ) ;
#4123 = PRESENTATION_STYLE_ASSIGNMENT (( #226 ) ) ;
#4124 = ORIENTED_EDGE ( 'NONE', *, *, #5056, .F. ) ;
#4125 = CARTESIAN_POINT ( 'NONE',  ( -0.2196633295073140979, -0.06194184244307657239, 0.2504999999999999449 ) ) ;
#4126 = VERTEX_POINT ( 'NONE', #282 ) ;
#4127 = LENGTH_MEASURE_WITH_UNIT ( LENGTH_MEASURE( 0.02539999999999999897 ), #811 );
#4128 = LENGTH_MEASURE_WITH_UNIT ( LENGTH_MEASURE( 0.02539999999999999897 ), #6887 );
#4129 = AXIS2_PLACEMENT_3D ( 'NONE', #6910, #2307, #5447 ) ;
#4130 = EDGE_CURVE ( 'NONE', #6421, #2832, #7830, .T. ) ;
#4131 = AXIS2_PLACEMENT_3D ( 'NONE', #3448, #3515, #7427 ) ;
#4132 = DIRECTION ( 'NONE',  ( 0.0000000000000000000, 0.0000000000000000000, -1.000000000000000000 ) ) ;
#4133 = DIRECTION ( 'NONE',  ( 0.0000000000000000000, 0.0000000000000000000, 1.000000000000000000 ) ) ;
#4134 = CARTESIAN_POINT ( 'NONE',  ( 0.1960000000000000353, 0.05599999999999999423, -0.3395000000000000240 ) ) ;
#4135 = SURFACE_STYLE_USAGE ( .BOTH. , #161 ) ;
#4136 = ORIENTED_EDGE ( 'NONE', *, *, #8762, .F. ) ;
#4137 = LINE ( 'NONE', #9812, #7796 ) ;
#4138 = DIRECTION ( 'NONE',  ( -1.000000000000000000, 0.0000000000000000000, 0.0000000000000000000 ) ) ;
#4139 = CARTESIAN_POINT ( 'NONE',  ( -0.2341057458434951666, -0.08188831310808239450, 0.2485000000000000264 ) ) ;
#4140 = VERTEX_POINT ( 'NONE', #8922 ) ;
#4141 = DIRECTION ( 'NONE',  ( -0.0000000000000000000, -0.0000000000000000000, 1.000000000000000000 ) ) ;
#4142 = AXIS2_PLACEMENT_3D ( 'NONE', #6413, #3940, #2423 ) ;
#4143 = SURFACE_SIDE_STYLE ('',( #10027 ) ) ;
#4144 = EDGE_CURVE ( 'NONE', #5645, #3245, #4645, .T. ) ;
#4145 = EDGE_CURVE ( 'NONE', #7668, #8620, #2075, .T. ) ;
#4146 = DIRECTION ( 'NONE',  ( -0.0000000000000000000, -0.0000000000000000000, 1.000000000000000000 ) ) ;
#4147 = LINE ( 'NONE', #9182, #8655 ) ;
#4148 = FILL_AREA_STYLE ('',( #7190 ) ) ;
#4149 = CARTESIAN_POINT ( 'NONE',  ( -0.2296719789708203119, -0.05711697856621456709, 0.2485000000000000819 ) ) ;
#4150 = CARTESIAN_POINT ( 'NONE',  ( -0.2362123303750303382, -0.07672249570592611090, 0.2505000000000000560 ) ) ;
#4151 = ORIENTED_EDGE ( 'NONE', *, *, #3205, .F. ) ;
#4152 = CARTESIAN_POINT ( 'NONE',  ( 0.07700000000000002676, 0.05600000000000000810, -0.2795000000000000262 ) ) ;
#4153 = DIRECTION ( 'NONE',  ( -0.0000000000000000000, -0.0000000000000000000, -1.000000000000000000 ) ) ;
#4154 =( NAMED_UNIT ( * ) SI_UNIT ( $, .STERADIAN. ) SOLID_ANGLE_UNIT ( ) );
#4155 = VECTOR ( 'NONE', #4153, 39.37007874015748143 ) ;
#4156 = ORIENTED_EDGE ( 'NONE', *, *, #6266, .F. ) ;
#4157 = AXIS2_PLACEMENT_3D ( 'NONE', #8346, #6901, #7579 ) ;
#4158 = FACE_OUTER_BOUND ( 'NONE', #9022, .T. ) ;
#4159 = MECHANICAL_DESIGN_GEOMETRIC_PRESENTATION_REPRESENTATION (  '', ( #1644 ), #3952 ) ;
#4160 = CARTESIAN_POINT ( 'NONE',  ( 0.5449999999999999289, 0.1870000000000001106, 0.01949999999999999997 ) ) ;
#4161 = LINE ( 'NONE', #2032, #7480 ) ;
#4162 =( LENGTH_UNIT ( ) NAMED_UNIT ( * ) SI_UNIT ( $, .METRE. ) );
#4163 = CARTESIAN_POINT ( 'NONE',  ( 0.2458437804511574010, 0.1209459635416667289, 0.2484999999999999987 ) ) ;
#4164 = DIRECTION ( 'NONE',  ( -1.000000000000000000, 0.0000000000000000000, 0.0000000000000000000 ) ) ;
#4165 = ORIENTED_EDGE ( 'NONE', *, *, #9289, .F. ) ;
#4166 = DIRECTION ( 'NONE',  ( -0.0000000000000000000, -0.0000000000000000000, 1.000000000000000000 ) ) ;
#4167 = VECTOR ( 'NONE', #7674, 39.37007874015748143 ) ;
#4168 = UNCERTAINTY_MEASURE_WITH_UNIT (LENGTH_MEASURE( 1.000000000000000082E-05 ), #9036, 'distance_accuracy_value', 'NONE');
#4169 = VECTOR ( 'NONE', #1127, 39.37007874015748143 ) ;
#4170 = ORIENTED_EDGE ( 'NONE', *, *, #8324, .F. ) ;
#4171 = DIRECTION ( 'NONE',  ( 0.0000000000000000000, 0.0000000000000000000, 1.000000000000000000 ) ) ;
#4172 = CARTESIAN_POINT ( 'NONE',  ( -0.2234911601521273050, -0.05185065523017487465, 0.2505000000000001115 ) ) ;
#4173 = ADVANCED_FACE ( 'NONE', ( #10125 ), #2568, .F. ) ;
#4174 = DIRECTION ( 'NONE',  ( 1.000000000000000000, -6.543999663421849787E-17, 0.0000000000000000000 ) ) ;
#4175 = DIRECTION ( 'NONE',  ( -1.000000000000000000, 0.0000000000000000000, 0.0000000000000000000 ) ) ;
#4176 = PRESENTATION_LAYER_ASSIGNMENT (  '', '', ( #1388 ) ) ;
#4177 = EDGE_CURVE ( 'NONE', #8643, #4541, #6364, .T. ) ;
#4178 = CARTESIAN_POINT ( 'NONE',  ( 0.3200000000000000067, 0.08508110933998412617, 0.2515000000000000013 ) ) ;
#4179 = AXIS2_PLACEMENT_3D ( 'NONE', #1872, #9885, #5226 ) ;
#4180 = DIRECTION ( 'NONE',  ( -1.000000000000000000, 0.0000000000000000000, 0.0000000000000000000 ) ) ;
#4181 = LINE ( 'NONE', #814, #374 ) ;
#4182 = SURFACE_STYLE_FILL_AREA ( #179 ) ;
#4183 = EDGE_LOOP ( 'NONE', ( #5258, #88 ) ) ;
#4184 = PRESENTATION_STYLE_ASSIGNMENT (( #8482 ) ) ;
#4185 = VECTOR ( 'NONE', #2023, 39.37007874015748143 ) ;
#4186 = DIRECTION ( 'NONE',  ( 0.0000000000000000000, 0.0000000000000000000, -1.000000000000000000 ) ) ;
#4187 =( NAMED_UNIT ( * ) PLANE_ANGLE_UNIT ( ) SI_UNIT ( $, .RADIAN. ) );
#4188 =( CONVERSION_BASED_UNIT ( 'INCH', #8719 ) LENGTH_UNIT ( ) NAMED_UNIT ( #41 ) );
#4189 = STYLED_ITEM ( 'NONE', ( #4436 ), #6594 ) ;
#4190 = EDGE_CURVE ( 'NONE', #3587, #4893, #4409, .T. ) ;
#4191 = CARTESIAN_POINT ( 'NONE',  ( -0.2188851578589211810, -0.05975005438566795279, 0.2484999999999998876 ) ) ;
#4192 = PRESENTATION_STYLE_ASSIGNMENT (( #2314 ) ) ;
#4193 = ORIENTED_EDGE ( 'NONE', *, *, #203, .F. ) ;
#4194 = EDGE_LOOP ( 'NONE', ( #9606, #9202, #3444, #3048 ) ) ;
#4195 = DIRECTION ( 'NONE',  ( -0.0000000000000000000, -0.0000000000000000000, 1.000000000000000000 ) ) ;
#4196 =( NAMED_UNIT ( * ) PLANE_ANGLE_UNIT ( ) SI_UNIT ( $, .RADIAN. ) );
#4197 = CARTESIAN_POINT ( 'NONE',  ( -0.1110000000000000014, 0.05600000000000000810, -0.2195000000000000007 ) ) ;
#4198 = CARTESIAN_POINT ( 'NONE',  ( -0.2171174070626036012, -0.08329436808942533577, 0.2485000000000000542 ) ) ;
#4199 = PLANE ( 'NONE',  #1097 ) ;
#4200 = VECTOR ( 'NONE', #4416, 39.37007874015748143 ) ;
#4201 = DIMENSIONAL_EXPONENTS ( 1.000000000000000000, 0.0000000000000000000, 0.0000000000000000000, 0.0000000000000000000, 0.0000000000000000000, 0.0000000000000000000, 0.0000000000000000000 ) ;
#4202 = VERTEX_POINT ( 'NONE', #9638 ) ;
#4203 = AXIS2_PLACEMENT_3D ( 'NONE', #3031, #6944, #9304 ) ;
#4204 = EDGE_CURVE ( 'NONE', #9625, #1859, #254, .T. ) ;
#4205 = EDGE_CURVE ( 'NONE', #3258, #6523, #5017, .T. ) ;
#4206 = PLANE ( 'NONE',  #4745 ) ;
#4207 = DIRECTION ( 'NONE',  ( 1.000000000000000000, 0.0000000000000000000, 0.0000000000000000000 ) ) ;
#4208 =( LENGTH_UNIT ( ) NAMED_UNIT ( * ) SI_UNIT ( $, .METRE. ) );
#4209 = LINE ( 'NONE', #2096, #6157 ) ;
#4210 = CARTESIAN_POINT ( 'NONE',  ( 0.1070000000000000118, 0.05600000000000000810, -0.03565432893255038316 ) ) ;
#4211 = SURFACE_SIDE_STYLE ('',( #2527 ) ) ;
#4212 = CARTESIAN_POINT ( 'NONE',  ( -0.2253688829404693061, -0.08601853799412391421, 0.2504999999999999449 ) ) ;
#4213 = VECTOR ( 'NONE', #277, 39.37007874015748143 ) ;
#4214 = CYLINDRICAL_SURFACE ( 'NONE', #8556, 0.01999999999999995878 ) ;
#4216 = VERTEX_POINT ( 'NONE', #7295 ) ;
#4215 = CIRCLE ( 'NONE', #8141, 0.04000000000000004940 ) ;
#4217 = CARTESIAN_POINT ( 'NONE',  ( 0.01799999999999995007, 0.05599999999999999423, -0.2795000000000000262 ) ) ;
#4218 =( NAMED_UNIT ( * ) PLANE_ANGLE_UNIT ( ) SI_UNIT ( $, .RADIAN. ) );
#4219 = FILL_AREA_STYLE ('',( #3429 ) ) ;
#4220 = PRESENTATION_LAYER_ASSIGNMENT (  '', '', ( #6515 ) ) ;
#4221 = DIRECTION ( 'NONE',  ( 0.0000000000000000000, -1.000000000000000000, 0.0000000000000000000 ) ) ;
#4222 = ORIENTED_EDGE ( 'NONE', *, *, #1695, .T. ) ;
#4223 = CARTESIAN_POINT ( 'NONE',  ( -0.2220845370925712547, -0.07871074722484991404, 0.2484999999999998876 ) ) ;
#4224 = MECHANICAL_DESIGN_GEOMETRIC_PRESENTATION_REPRESENTATION (  '', ( #9250 ), #4525 ) ;
#4225 =( LENGTH_UNIT ( ) NAMED_UNIT ( * ) SI_UNIT ( $, .METRE. ) );
#4226 = VERTEX_POINT ( 'NONE', #4217 ) ;
#4227 = MECHANICAL_DESIGN_GEOMETRIC_PRESENTATION_REPRESENTATION (  '', ( #6852 ), #8222 ) ;
#4228 = UNCERTAINTY_MEASURE_WITH_UNIT (LENGTH_MEASURE( 1.000000000000000082E-05 ), #6169, 'distance_accuracy_value', 'NONE');
#4229 = ADVANCED_FACE ( 'NONE', ( #3183 ), #7355, .T. ) ;
#4230 = FACE_OUTER_BOUND ( 'NONE', #1087, .T. ) ;
#4231 = VERTEX_POINT ( 'NONE', #8104 ) ;
#4232 = DIRECTION ( 'NONE',  ( 1.000000000000000000, 0.0000000000000000000, 0.0000000000000000000 ) ) ;
#4233 = ORIENTED_EDGE ( 'NONE', *, *, #8518, .T. ) ;
#4234 = CARTESIAN_POINT ( 'NONE',  ( 0.2433400616042395714, 0.1166132905068704428, 0.2505000000000000560 ) ) ;
#4235 = DIRECTION ( 'NONE',  ( -0.0000000000000000000, -0.0000000000000000000, -1.000000000000000000 ) ) ;
#4236 = CARTESIAN_POINT ( 'NONE',  ( 0.5449999999999999289, 0.1870000000000001106, 0.01949999999999999997 ) ) ;
#4237 =( LENGTH_UNIT ( ) NAMED_UNIT ( * ) SI_UNIT ( $, .METRE. ) );
#4238 = CARTESIAN_POINT ( 'NONE',  ( -0.2104510888804048685, -0.2154999999999999971, -0.03950000000000004896 ) ) ;
#4239 = AXIS2_PLACEMENT_3D ( 'NONE', #6650, #5937, #545 ) ;
#4240 = PRESENTATION_LAYER_ASSIGNMENT (  '', '', ( #1930 ) ) ;
#4241 = CYLINDRICAL_SURFACE ( 'NONE', #4887, 0.01949999999999987160 ) ;
#4242 = CARTESIAN_POINT ( 'NONE',  ( 0.2439770279568635736, 0.1174245548352914198, 0.2505000000000000004 ) ) ;
#4243 = ORIENTED_EDGE ( 'NONE', *, *, #1758, .F. ) ;
#4244 =( LENGTH_UNIT ( ) NAMED_UNIT ( * ) SI_UNIT ( $, .METRE. ) );
#4245 = DIRECTION ( 'NONE',  ( 0.0000000000000000000, -1.000000000000000000, 0.0000000000000000000 ) ) ;
#4246 = DIRECTION ( 'NONE',  ( 1.000000000000000000, 0.0000000000000000000, 0.0000000000000000000 ) ) ;
#4247 = ORIENTED_EDGE ( 'NONE', *, *, #911, .T. ) ;
#4248 = CARTESIAN_POINT ( 'NONE',  ( -0.2320691367175601594, -0.08400430297533192925, 0.2504999999999999449 ) ) ;
#4249 = SURFACE_STYLE_USAGE ( .BOTH. , #9668 ) ;
#4250 = FACE_OUTER_BOUND ( 'NONE', #6553, .T. ) ;
#4251 = ORIENTED_EDGE ( 'NONE', *, *, #9470, .F. ) ;
#4252 = EDGE_CURVE ( 'NONE', #6309, #205, #8807, .T. ) ;
#4253 = VERTEX_POINT ( 'NONE', #2602 ) ;
#4254 =( LENGTH_UNIT ( ) NAMED_UNIT ( * ) SI_UNIT ( $, .METRE. ) );
#4255 = CARTESIAN_POINT ( 'NONE',  ( -0.2256393086952790950, -0.05184182475589806105, 0.2484999999999999154 ) ) ;
#4256 = DIRECTION ( 'NONE',  ( 1.000000000000000000, -0.0000000000000000000, 0.0000000000000000000 ) ) ;
#4257 = LINE ( 'NONE', #7724, #4853 ) ;
#4258 = PLANE ( 'NONE',  #8007 ) ;
#4259 = CARTESIAN_POINT ( 'NONE',  ( -0.2187980342961800828, -0.05841449196318274778, 0.2484999999999999987 ) ) ;
#4260 = ORIENTED_EDGE ( 'NONE', *, *, #8901, .T. ) ;
#4262 = EDGE_LOOP ( 'NONE', ( #2503, #3906 ) ) ;
#4261 = SURFACE_STYLE_FILL_AREA ( #4219 ) ;
#4263 = PRESENTATION_STYLE_ASSIGNMENT (( #8433 ) ) ;
#4264 =( NAMED_UNIT ( * ) SI_UNIT ( $, .STERADIAN. ) SOLID_ANGLE_UNIT ( ) );
#4265 = ORIENTED_EDGE ( 'NONE', *, *, #3676, .T. ) ;
#4266 = SURFACE_STYLE_FILL_AREA ( #4568 ) ;
#4267 =( GEOMETRIC_REPRESENTATION_CONTEXT ( 3 ) GLOBAL_UNCERTAINTY_ASSIGNED_CONTEXT ( ( #8596 ) ) GLOBAL_UNIT_ASSIGNED_CONTEXT ( ( #9895, #2903, #6600 ) ) REPRESENTATION_CONTEXT ( 'NONE', 'WORKASPACE' ) );
#4268 = CARTESIAN_POINT ( 'NONE',  ( -0.3003038449397558707, 0.08855407289332276055, 0.2515000000000000013 ) ) ;
#4269 = EDGE_CURVE ( 'NONE', #3844, #9642, #2821, .T. ) ;
#4270 = AXIS2_PLACEMENT_3D ( 'NONE', #2691, #5015, #1210 ) ;
#4271 = PRESENTATION_STYLE_ASSIGNMENT (( #7299 ) ) ;
#4272 =( CONVERSION_BASED_UNIT ( 'INCH', #8500 ) LENGTH_UNIT ( ) NAMED_UNIT ( #6518 ) );
#4273 = CARTESIAN_POINT ( 'NONE',  ( -0.2200000000000000011, 0.05600000000000000810, -0.2795000000000000262 ) ) ;
#4274 = VERTEX_POINT ( 'NONE', #4315 ) ;
#4275 =( NAMED_UNIT ( * ) PLANE_ANGLE_UNIT ( ) SI_UNIT ( $, .RADIAN. ) );
#4276 = DIRECTION ( 'NONE',  ( -1.000000000000000000, 0.0000000000000000000, -0.0000000000000000000 ) ) ;
#4277 = ORIENTED_EDGE ( 'NONE', *, *, #5481, .T. ) ;
#4278 = CARTESIAN_POINT ( 'NONE',  ( 0.1914999999999999480, -0.05600000000000000810, -0.4243528137423855373 ) ) ;
#4279 = MECHANICAL_DESIGN_GEOMETRIC_PRESENTATION_REPRESENTATION (  '', ( #7800 ), #9169 ) ;
#4280 = AXIS2_PLACEMENT_3D ( 'NONE', #5290, #1369, #6883 ) ;
#4281 = ORIENTED_EDGE ( 'NONE', *, *, #2202, .T. ) ;
#4282 = CARTESIAN_POINT ( 'NONE',  ( -0.2355074648966654083, -0.06554734694884682689, 0.2484999999999999987 ) ) ;
#4283 = CARTESIAN_POINT ( 'NONE',  ( 0.3436574192488118795, -0.01110181830089979060, -0.1494999999999999940 ) ) ;
#4284 = ORIENTED_EDGE ( 'NONE', *, *, #10127, .T. ) ;
#4285 = PLANE ( 'NONE',  #4472 ) ;
#4286 = CARTESIAN_POINT ( 'NONE',  ( -0.2294968193057635719, -0.05571851038221659752, 0.2505000000000000560 ) ) ;
#4287 = CIRCLE ( 'NONE', #4157, 0.01999999999999999001 ) ;
#4288 = CARTESIAN_POINT ( 'NONE',  ( -0.02199999999999996403, 0.05599999999999999423, -0.3395000000000000240 ) ) ;
#4289 = SURFACE_SIDE_STYLE ('',( #6725 ) ) ;
#4290 = VECTOR ( 'NONE', #9739, 39.37007874015748143 ) ;
#4291 = FILL_AREA_STYLE_COLOUR ( '', #877 ) ;
#4292 = PRESENTATION_STYLE_ASSIGNMENT (( #5722 ) ) ;
#4293 = ORIENTED_EDGE ( 'NONE', *, *, #5057, .F. ) ;
#4294 = DIRECTION ( 'NONE',  ( 1.000000000000000000, 0.0000000000000000000, 0.0000000000000000000 ) ) ;
#4295 =( GEOMETRIC_REPRESENTATION_CONTEXT ( 3 ) GLOBAL_UNCERTAINTY_ASSIGNED_CONTEXT ( ( #80 ) ) GLOBAL_UNIT_ASSIGNED_CONTEXT ( ( #9294, #10098, #3154 ) ) REPRESENTATION_CONTEXT ( 'NONE', 'WORKASPACE' ) );
#4296 = LINE ( 'NONE', #9684, #1576 ) ;
#4297 = UNCERTAINTY_MEASURE_WITH_UNIT (LENGTH_MEASURE( 1.000000000000000082E-05 ), #1716, 'distance_accuracy_value', 'NONE');
#4298 = DIRECTION ( 'NONE',  ( -0.0000000000000000000, -0.0000000000000000000, 1.000000000000000000 ) ) ;
#4299 = PRESENTATION_LAYER_ASSIGNMENT (  '', '', ( #6926 ) ) ;
#4300 = LENGTH_MEASURE_WITH_UNIT ( LENGTH_MEASURE( 0.02539999999999999897 ), #4536 );
#4301 = CARTESIAN_POINT ( 'NONE',  ( 0.08249999999999993450, -0.05600000000000000810, -0.2195000000000000007 ) ) ;
#4302 = ORIENTED_EDGE ( 'NONE', *, *, #570, .T. ) ;
#4303 = CARTESIAN_POINT ( 'NONE',  ( 0.08249999999999993450, -0.05599999999999999423, -0.2013975032409335841 ) ) ;
#4304 = COLOUR_RGB ( '',0.9294117647058823817, 0.7607843137254901578, 0.4784313725490195734 ) ;
#4305 = DIRECTION ( 'NONE',  ( 0.0000000000000000000, 0.0000000000000000000, -1.000000000000000000 ) ) ;
#4306 = CARTESIAN_POINT ( 'NONE',  ( -0.1655000000000000082, -0.05600000000000000810, -0.2195000000000000007 ) ) ;
#4307 = DIMENSIONAL_EXPONENTS ( 1.000000000000000000, 0.0000000000000000000, 0.0000000000000000000, 0.0000000000000000000, 0.0000000000000000000, 0.0000000000000000000, 0.0000000000000000000 ) ;
#4308 = SURFACE_STYLE_USAGE ( .BOTH. , #3550 ) ;
#4309 = DIRECTION ( 'NONE',  ( 1.000000000000000000, 0.0000000000000000000, 0.0000000000000000000 ) ) ;
#4310 = AXIS2_PLACEMENT_3D ( 'NONE', #461, #2827, #5188 ) ;
#4311 = EDGE_CURVE ( 'NONE', #7463, #8555, #8932, .T. ) ;
#4312 = FILL_AREA_STYLE ('',( #342 ) ) ;
#4313 = AXIS2_PLACEMENT_3D ( 'NONE', #222, #5041, #258 ) ;
#4314 = ORIENTED_EDGE ( 'NONE', *, *, #5531, .T. ) ;
#4315 = CARTESIAN_POINT ( 'NONE',  ( -0.1355000000000000648, -0.05600000000000000810, -0.2195000000000000007 ) ) ;
#4316 = COLOUR_RGB ( '',0.7529411764705882248, 0.7529411764705882248, 0.7529411764705882248 ) ;
#4317 = LINE ( 'NONE', #3139, #1980 ) ;
#4318 = PLANE ( 'NONE',  #2185 ) ;
#4319 = VECTOR ( 'NONE', #2029, 39.37007874015748143 ) ;
#4320 = CARTESIAN_POINT ( 'NONE',  ( -0.3209115348192674300, 0.09550000000000004319, -0.1494999999999999940 ) ) ;
#4321 =( CONVERSION_BASED_UNIT ( 'INCH', #4051 ) LENGTH_UNIT ( ) NAMED_UNIT ( #786 ) );
#4322 = DIRECTION ( 'NONE',  ( 0.0000000000000000000, 0.0000000000000000000, 1.000000000000000000 ) ) ;
#4323 =( LENGTH_UNIT ( ) NAMED_UNIT ( * ) SI_UNIT ( $, .METRE. ) );
#4324 = CARTESIAN_POINT ( 'NONE',  ( -0.2290842123620482895, -0.06129496120716274726, 0.2484999999999999709 ) ) ;
#4325 = ORIENTED_EDGE ( 'NONE', *, *, #2823, .F. ) ;
#4326 = STYLED_ITEM ( 'NONE', ( #1982 ), #6812 ) ;
#4327 = EDGE_CURVE ( 'NONE', #5491, #279, #9401, .T. ) ;
#4328 = AXIS2_PLACEMENT_3D ( 'NONE', #8030, #4021, #8700 ) ;
#4329 = SURFACE_SIDE_STYLE ('',( #9938 ) ) ;
#4330 = FACE_OUTER_BOUND ( 'NONE', #4565, .T. ) ;
#4331 = CARTESIAN_POINT ( 'NONE',  ( -0.2374541449753351241, -0.05868230768816104503, 0.2504999999999999449 ) ) ;
#4332 = SURFACE_STYLE_FILL_AREA ( #8219 ) ;
#4333 = VECTOR ( 'NONE', #3585, 39.37007874015748143 ) ;
#4334 = ORIENTED_EDGE ( 'NONE', *, *, #586, .T. ) ;
#4335 = DIRECTION ( 'NONE',  ( -1.000000000000000000, 0.0000000000000000000, 0.0000000000000000000 ) ) ;
#4336 = DIRECTION ( 'NONE',  ( -1.000000000000000000, 0.0000000000000000000, 0.0000000000000000000 ) ) ;
#4337 = CARTESIAN_POINT ( 'NONE',  ( -0.2399999999999999634, 0.05599999999999999423, -0.2795000000000000262 ) ) ;
#4338 = CARTESIAN_POINT ( 'NONE',  ( -0.2110553661439211470, -0.06788368885542014897, 0.2484999999999999987 ) ) ;
#4339 = DIRECTION ( 'NONE',  ( 0.0000000000000000000, 0.0000000000000000000, 1.000000000000000000 ) ) ;
#4340 = SURFACE_STYLE_FILL_AREA ( #8070 ) ;
#4342 = LINE ( 'NONE', #3123, #2245 ) ;
#4341 = STYLED_ITEM ( 'NONE', ( #9231 ), #8359 ) ;
#4343 = EDGE_CURVE ( 'NONE', #8986, #6430, #6246, .T. ) ;
#4344 = STYLED_ITEM ( 'NONE', ( #2870 ), #10 ) ;
#4345 = DIRECTION ( 'NONE',  ( -0.0000000000000000000, -0.0000000000000000000, -1.000000000000000000 ) ) ;
#4346 = DIRECTION ( 'NONE',  ( -1.000000000000000000, 0.0000000000000000000, 0.0000000000000000000 ) ) ;
#4347 = CARTESIAN_POINT ( 'NONE',  ( 0.08700000000000004952, 0.05600000000000000810, -0.2795000000000000262 ) ) ;
#4348 = CARTESIAN_POINT ( 'NONE',  ( -0.2267781262704709477, -0.07094702630007544697, 0.2485000000000000819 ) ) ;
#4349 = ORIENTED_EDGE ( 'NONE', *, *, #5902, .F. ) ;
#4350 = CARTESIAN_POINT ( 'NONE',  ( 0.1070000000000000118, 0.05600000000000000810, -0.2795000000000000262 ) ) ;
#4351 = SURFACE_STYLE_USAGE ( .BOTH. , #1946 ) ;
#4352 = AXIS2_PLACEMENT_3D ( 'NONE', #5376, #2266, #9164 ) ;
#4353 = DIRECTION ( 'NONE',  ( -1.000000000000000000, 0.0000000000000000000, 0.0000000000000000000 ) ) ;
#4354 = UNCERTAINTY_MEASURE_WITH_UNIT (LENGTH_MEASURE( 1.000000000000000082E-05 ), #4567, 'distance_accuracy_value', 'NONE');
#4355 = VECTOR ( 'NONE', #2140, 39.37007874015748143 ) ;
#4356 = FILL_AREA_STYLE_COLOUR ( '', #4806 ) ;
#4357 = CARTESIAN_POINT ( 'NONE',  ( -0.2110199643843211348, -0.06529322254148302307, 0.2484999999999999987 ) ) ;
#4358 = AXIS2_PLACEMENT_3D ( 'NONE', #4389, #8400, #3633 ) ;
#4359 = MECHANICAL_DESIGN_GEOMETRIC_PRESENTATION_REPRESENTATION (  '', ( #6045 ), #1202 ) ;
#4360 = EDGE_LOOP ( 'NONE', ( #4859, #5803 ) ) ;
#4361 = LENGTH_MEASURE_WITH_UNIT ( LENGTH_MEASURE( 0.02539999999999999897 ), #2342 );
#4362 = CARTESIAN_POINT ( 'NONE',  ( -0.002000000000000006113, 0.05600000000000000810, -0.03565432893255038316 ) ) ;
#4363 = VECTOR ( 'NONE', #5234, 39.37007874015748143 ) ;
#4364 = CARTESIAN_POINT ( 'NONE',  ( -0.2330779265815187684, -0.08310291174946785042, 0.2484999999999999987 ) ) ;
#4365 = ORIENTED_EDGE ( 'NONE', *, *, #847, .T. ) ;
#4366 = DIRECTION ( 'NONE',  ( 0.0000000000000000000, 0.0000000000000000000, -1.000000000000000000 ) ) ;
#4367 = ORIENTED_EDGE ( 'NONE', *, *, #2625, .F. ) ;
#4368 =( LENGTH_UNIT ( ) NAMED_UNIT ( * ) SI_UNIT ( $, .METRE. ) );
#4369 = DIRECTION ( 'NONE',  ( 0.0000000000000000000, -0.0000000000000000000, -1.000000000000000000 ) ) ;
#4370 = SURFACE_SIDE_STYLE ('',( #3962 ) ) ;
#4371 = ORIENTED_EDGE ( 'NONE', *, *, #10049, .T. ) ;
#4372 = AXIS2_PLACEMENT_3D ( 'NONE', #1618, #8568, #2286 ) ;
#4373 =( GEOMETRIC_REPRESENTATION_CONTEXT ( 3 ) GLOBAL_UNCERTAINTY_ASSIGNED_CONTEXT ( ( #2151 ) ) GLOBAL_UNIT_ASSIGNED_CONTEXT ( ( #7905, #71, #3225 ) ) REPRESENTATION_CONTEXT ( 'NONE', 'WORKASPACE' ) );
#4374 = VERTEX_POINT ( 'NONE', #6684 ) ;
#4375 =( NAMED_UNIT ( * ) SI_UNIT ( $, .STERADIAN. ) SOLID_ANGLE_UNIT ( ) );
#4376 = CYLINDRICAL_SURFACE ( 'NONE', #9796, 0.01949999999999988895 ) ;
#4377 = CARTESIAN_POINT ( 'NONE',  ( -0.2609115348192674322, 0.09550000000000004319, -0.2195000000000000007 ) ) ;
#4378 = CARTESIAN_POINT ( 'NONE',  ( -0.2609115348192674322, 0.09550000000000004319, -0.2195000000000000007 ) ) ;
#4379 = UNCERTAINTY_MEASURE_WITH_UNIT (LENGTH_MEASURE( 1.000000000000000082E-05 ), #700, 'distance_accuracy_value', 'NONE');
#4380 = VECTOR ( 'NONE', #5333, 39.37007874015748143 ) ;
#4381 = AXIS2_PLACEMENT_3D ( 'NONE', #290, #5005, #5695 ) ;
#4382 = EDGE_CURVE ( 'NONE', #7204, #5031, #365, .T. ) ;
#4383 = FILL_AREA_STYLE ('',( #7469 ) ) ;
#4384 = DIRECTION ( 'NONE',  ( 0.0000000000000000000, 0.0000000000000000000, 1.000000000000000000 ) ) ;
#4385 = PLANE ( 'NONE',  #6337 ) ;
#4386 = CARTESIAN_POINT ( 'NONE',  ( -0.3003038449397558152, 0.08855407289332276055, 0.2515000000000000013 ) ) ;
#4387 = ORIENTED_EDGE ( 'NONE', *, *, #6015, .T. ) ;
#4388 = LINE ( 'NONE', #6789, #5354 ) ;
#4389 = CARTESIAN_POINT ( 'NONE',  ( -0.002000000000000006113, 0.05600000000000000810, -0.2795000000000000262 ) ) ;
#4390 = LINE ( 'NONE', #8096, #8295 ) ;
#4391 = EDGE_LOOP ( 'NONE', ( #5174, #4193, #2776, #1492 ) ) ;
#4392 = AXIS2_PLACEMENT_3D ( 'NONE', #8056, #4841, #3378 ) ;
#4393 = PLANE ( 'NONE',  #3792 ) ;
#4394 = EDGE_CURVE ( 'NONE', #3216, #8194, #1522, .T. ) ;
#4395 = EDGE_CURVE ( 'NONE', #421, #7866, #2935, .T. ) ;
#4396 = LENGTH_MEASURE_WITH_UNIT ( LENGTH_MEASURE( 0.02539999999999999897 ), #7806 );
#4397 = CARTESIAN_POINT ( 'NONE',  ( -0.1900000000000000300, 0.05600000000000000810, -0.3395000000000000240 ) ) ;
#4398 = ORIENTED_EDGE ( 'NONE', *, *, #4995, .F. ) ;
#4399 = DIRECTION ( 'NONE',  ( 0.0000000000000000000, 0.0000000000000000000, 1.000000000000000000 ) ) ;
#4400 = VERTEX_POINT ( 'NONE', #157 ) ;
#4401 = DIMENSIONAL_EXPONENTS ( 1.000000000000000000, 0.0000000000000000000, 0.0000000000000000000, 0.0000000000000000000, 0.0000000000000000000, 0.0000000000000000000, 0.0000000000000000000 ) ;
#4402 = ORIENTED_EDGE ( 'NONE', *, *, #3147, .T. ) ;
#4403 =( LENGTH_UNIT ( ) NAMED_UNIT ( * ) SI_UNIT ( $, .METRE. ) );
#4404 = CARTESIAN_POINT ( 'NONE',  ( 0.2104510888804048685, -0.1355000000000000093, 0.2515000000000000013 ) ) ;
#4405 =( NAMED_UNIT ( * ) PLANE_ANGLE_UNIT ( ) SI_UNIT ( $, .RADIAN. ) );
#4406 = ADVANCED_FACE ( 'NONE', ( #8680 ), #5512, .T. ) ;
#4407 = FACE_OUTER_BOUND ( 'NONE', #7017, .T. ) ;
#4408 = AXIS2_PLACEMENT_3D ( 'NONE', #3459, #197, #2587 ) ;
#4409 = LINE ( 'NONE', #5785, #3060 ) ;
#4410 = LINE ( 'NONE', #2640, #9060 ) ;
#4411 = ORIENTED_EDGE ( 'NONE', *, *, #2227, .T. ) ;
#4412 = CARTESIAN_POINT ( 'NONE',  ( 0.3680203293623581229, -0.1032837084267091282, -0.03950000000000000039 ) ) ;
#4413 = CIRCLE ( 'NONE', #1709, 0.01949999999999987160 ) ;
#4414 = DIMENSIONAL_EXPONENTS ( 1.000000000000000000, 0.0000000000000000000, 0.0000000000000000000, 0.0000000000000000000, 0.0000000000000000000, 0.0000000000000000000, 0.0000000000000000000 ) ;
#4415 = DIRECTION ( 'NONE',  ( 1.000000000000000000, 0.0000000000000000000, 0.0000000000000000000 ) ) ;
#4416 = DIRECTION ( 'NONE',  ( -1.000000000000000000, 0.0000000000000000000, 0.0000000000000000000 ) ) ;
#4417 = CARTESIAN_POINT ( 'NONE',  ( 0.2104510888804048685, -0.07550000000000001155, -0.1494999999999999940 ) ) ;
#4418 = ORIENTED_EDGE ( 'NONE', *, *, #6405, .T. ) ;
#4419 = MECHANICAL_DESIGN_GEOMETRIC_PRESENTATION_REPRESENTATION (  '', ( #233 ), #5809 ) ;
#4420 = DIRECTION ( 'NONE',  ( -1.000000000000000000, 0.0000000000000000000, 0.0000000000000000000 ) ) ;
#4421 =( GEOMETRIC_REPRESENTATION_CONTEXT ( 3 ) GLOBAL_UNCERTAINTY_ASSIGNED_CONTEXT ( ( #2866 ) ) GLOBAL_UNIT_ASSIGNED_CONTEXT ( ( #1033, #6485, #8860 ) ) REPRESENTATION_CONTEXT ( 'NONE', 'WORKASPACE' ) );
#4422 = CARTESIAN_POINT ( 'NONE',  ( 0.1814999999999999947, -0.05599999999999998729, -0.3395000000000000240 ) ) ;
#4423 = FILL_AREA_STYLE_COLOUR ( '', #671 ) ;
#4424 = FILL_AREA_STYLE ('',( #9046 ) ) ;
#4425 = CARTESIAN_POINT ( 'NONE',  ( 0.1615000000000000047, -0.05600000000000000810, -0.03565432893255038316 ) ) ;
#4426 = VERTEX_POINT ( 'NONE', #2402 ) ;
#4427 = ORIENTED_EDGE ( 'NONE', *, *, #8912, .F. ) ;
#4428 =( CONVERSION_BASED_UNIT ( 'INCH', #5085 ) LENGTH_UNIT ( ) NAMED_UNIT ( #6147 ) );
#4429 = CARTESIAN_POINT ( 'NONE',  ( -0.3200000000000000067, 0.08508110933998412617, 0.03949999999999997957 ) ) ;
#4430 =( NAMED_UNIT ( * ) PLANE_ANGLE_UNIT ( ) SI_UNIT ( $, .RADIAN. ) );
#4431 =( GEOMETRIC_REPRESENTATION_CONTEXT ( 3 ) GLOBAL_UNCERTAINTY_ASSIGNED_CONTEXT ( ( #10020 ) ) GLOBAL_UNIT_ASSIGNED_CONTEXT ( ( #5913, #5845, #6670 ) ) REPRESENTATION_CONTEXT ( 'NONE', 'WORKASPACE' ) );
#4432 = EDGE_CURVE ( 'NONE', #2072, #6430, #6130, .T. ) ;
#4433 = SURFACE_STYLE_FILL_AREA ( #9218 ) ;
#4434 = FILL_AREA_STYLE_COLOUR ( '', #3486 ) ;
#4435 = CARTESIAN_POINT ( 'NONE',  ( -0.2242320351744064855, -0.05181373173034520274, 0.2505000000000000560 ) ) ;
#4436 = PRESENTATION_STYLE_ASSIGNMENT (( #6588 ) ) ;
#4437 = ORIENTED_EDGE ( 'NONE', *, *, #9630, .F. ) ;
#4438 = EDGE_LOOP ( 'NONE', ( #6102, #4071, #852, #8253 ) ) ;
#4439 = FACE_OUTER_BOUND ( 'NONE', #5438, .T. ) ;
#4440 = DIRECTION ( 'NONE',  ( 0.9848077530122077983, -0.1736481776669317745, 0.0000000000000000000 ) ) ;
#4441 = PLANE ( 'NONE',  #3539 ) ;
#4442 =( NAMED_UNIT ( * ) PLANE_ANGLE_UNIT ( ) SI_UNIT ( $, .RADIAN. ) );
#4443 = SURFACE_STYLE_FILL_AREA ( #4312 ) ;
#4444 = DIRECTION ( 'NONE',  ( -0.0000000000000000000, -0.0000000000000000000, 1.000000000000000000 ) ) ;
#4446 = VERTEX_POINT ( 'NONE', #84 ) ;
#4445 = COLOUR_RGB ( '',0.9294117647058823817, 0.7607843137254901578, 0.4784313725490195734 ) ;
#4447 = AXIS2_PLACEMENT_3D ( 'NONE', #2523, #8002, #3313 ) ;
#4448 = EDGE_CURVE ( 'NONE', #2019, #5374, #10005, .T. ) ;
#4449 = AXIS2_PLACEMENT_3D ( 'NONE', #3407, #6489, #7238 ) ;
#4450 =( NAMED_UNIT ( * ) SI_UNIT ( $, .STERADIAN. ) SOLID_ANGLE_UNIT ( ) );
#4451 = SURFACE_STYLE_USAGE ( .BOTH. , #8344 ) ;
#4452 = ORIENTED_EDGE ( 'NONE', *, *, #3541, .F. ) ;
#4453 = CARTESIAN_POINT ( 'NONE',  ( -0.2259427380307153788, -0.07902595171121595818, 0.2505000000000000004 ) ) ;
#4454 =( GEOMETRIC_REPRESENTATION_CONTEXT ( 3 ) GLOBAL_UNCERTAINTY_ASSIGNED_CONTEXT ( ( #1762 ) ) GLOBAL_UNIT_ASSIGNED_CONTEXT ( ( #478, #5141, #3565 ) ) REPRESENTATION_CONTEXT ( 'NONE', 'WORKASPACE' ) );
#4455 = EDGE_CURVE ( 'Edge1', #7799, #3833, #2818, .T. ) ;
#4456 =( GEOMETRIC_REPRESENTATION_CONTEXT ( 3 ) GLOBAL_UNCERTAINTY_ASSIGNED_CONTEXT ( ( #4379 ) ) GLOBAL_UNIT_ASSIGNED_CONTEXT ( ( #700, #2239, #6218 ) ) REPRESENTATION_CONTEXT ( 'NONE', 'WORKASPACE' ) );
#4457 = COLOUR_RGB ( '',0.9294117647058823817, 0.7607843137254901578, 0.4784313725490195734 ) ;
#4458 = ORIENTED_EDGE ( 'NONE', *, *, #1553, .F. ) ;
#4459 = FACE_OUTER_BOUND ( 'NONE', #4438, .T. ) ;
#4460 = FILL_AREA_STYLE ('',( #2009 ) ) ;
#4461 = ORIENTED_EDGE ( 'NONE', *, *, #5481, .F. ) ;
#4462 = CARTESIAN_POINT ( 'NONE',  ( -0.2609115348192674322, 0.1955000000000001181, -0.1494999999999999940 ) ) ;
#4463 = DIRECTION ( 'NONE',  ( 1.000000000000000000, 0.0000000000000000000, 0.0000000000000000000 ) ) ;
#4464 = UNCERTAINTY_MEASURE_WITH_UNIT (LENGTH_MEASURE( 1.000000000000000082E-05 ), #8701, 'distance_accuracy_value', 'NONE');
#4465 = CIRCLE ( 'NONE', #653, 0.02000000000000008021 ) ;
#4466 = ORIENTED_EDGE ( 'NONE', *, *, #9887, .F. ) ;
#4467 = ORIENTED_EDGE ( 'NONE', *, *, #1051, .F. ) ;
#4468 = DIRECTION ( 'NONE',  ( -1.000000000000000000, 6.543999663421849787E-17, 0.0000000000000000000 ) ) ;
#4469 = SURFACE_SIDE_STYLE ('',( #4483 ) ) ;
#4470 = PRESENTATION_LAYER_ASSIGNMENT (  '', '', ( #1449 ) ) ;
#4471 = DIMENSIONAL_EXPONENTS ( 1.000000000000000000, 0.0000000000000000000, 0.0000000000000000000, 0.0000000000000000000, 0.0000000000000000000, 0.0000000000000000000, 0.0000000000000000000 ) ;
#4472 = AXIS2_PLACEMENT_3D ( 'NONE', #2873, #8244, #410 ) ;
#4473 = LINE ( 'NONE', #778, #5968 ) ;
#4474 = CARTESIAN_POINT ( 'NONE',  ( -0.2374350646498703532, -0.05679464610918816964, 0.2484999999999999987 ) ) ;
#4475 = ORIENTED_EDGE ( 'NONE', *, *, #5473, .T. ) ;
#4476 = ORIENTED_EDGE ( 'NONE', *, *, #435, .T. ) ;
#4477 = VECTOR ( 'NONE', #169, 39.37007874015748143 ) ;
#4478 = B_SPLINE_CURVE_WITH_KNOTS ( 'NONE', 3,
 ( #1416, #6263, #3800, #1552, #7048, #2353, #2219, #7694, #10021, #1452, #1655, #6427, #2514, #6143, #4259 ),
 .UNSPECIFIED., .F., .F.,
 ( 4, 1, 1, 1, 1, 1, 1, 1, 1, 1, 1, 1, 4 ),
 ( 0.0000000000000000000, 0.1225037676873542564, 0.2390359490643380325, 0.3522894876948658438, 0.4695319923678558660, 0.5290396073246369513, 0.5892849481570280323, 0.6504265554625408008, 0.7140851069771519954, 0.7801833689944079886, 0.8493595662544300984, 0.9221710300352453649, 1.000000000000000000 ),
 .UNSPECIFIED. ) ;
#4479 =( NAMED_UNIT ( * ) PLANE_ANGLE_UNIT ( ) SI_UNIT ( $, .RADIAN. ) );
#4480 =( LENGTH_UNIT ( ) NAMED_UNIT ( * ) SI_UNIT ( $, .METRE. ) );
#4481 = FACE_OUTER_BOUND ( 'NONE', #1430, .T. ) ;
#4482 = PLANE ( 'NONE',  #587 ) ;
#4483 = SURFACE_STYLE_FILL_AREA ( #3797 ) ;
#4484 =( GEOMETRIC_REPRESENTATION_CONTEXT ( 3 ) GLOBAL_UNCERTAINTY_ASSIGNED_CONTEXT ( ( #8727 ) ) GLOBAL_UNIT_ASSIGNED_CONTEXT ( ( #2831, #7619, #9801 ) ) REPRESENTATION_CONTEXT ( 'NONE', 'WORKASPACE' ) );
#4485 = EDGE_CURVE ( 'NONE', #754, #1517, #3440, .T. ) ;
#4486 = ORIENTED_EDGE ( 'NONE', *, *, #8625, .F. ) ;
#4487 =( GEOMETRIC_REPRESENTATION_CONTEXT ( 3 ) GLOBAL_UNCERTAINTY_ASSIGNED_CONTEXT ( ( #7447 ) ) GLOBAL_UNIT_ASSIGNED_CONTEXT ( ( #3108, #3145, #1512 ) ) REPRESENTATION_CONTEXT ( 'NONE', 'WORKASPACE' ) );
#4488 = FILL_AREA_STYLE ('',( #8293 ) ) ;
#4489 = DIRECTION ( 'NONE',  ( -1.000000000000000000, 0.0000000000000000000, 0.0000000000000000000 ) ) ;
#4490 = COLOUR_RGB ( '',1.000000000000000000, 1.000000000000000000, 0.0000000000000000000 ) ;
#4491 = DIRECTION ( 'NONE',  ( -1.000000000000000000, 0.0000000000000000000, 0.0000000000000000000 ) ) ;
#4492 = ORIENTED_EDGE ( 'NONE', *, *, #6701, .F. ) ;
#4493 =( NAMED_UNIT ( * ) SI_UNIT ( $, .STERADIAN. ) SOLID_ANGLE_UNIT ( ) );
#4494 = ORIENTED_EDGE ( 'NONE', *, *, #4573, .F. ) ;
#4495 = STYLED_ITEM ( 'NONE', ( #4192 ), #6708 ) ;
#4496 = EDGE_CURVE ( 'NONE', #4226, #3077, #4520, .T. ) ;
#4497 = CARTESIAN_POINT ( 'NONE',  ( 0.2609115348192674322, 0.2355000000000000426, -0.03950000000000000039 ) ) ;
#4498 = CIRCLE ( 'NONE', #9133, 0.1200000000000000233 ) ;
#4499 = CARTESIAN_POINT ( 'NONE',  ( -0.2253688829404693061, -0.08601853799412391421, 0.2484999999999999987 ) ) ;
#4500 = LENGTH_MEASURE_WITH_UNIT ( LENGTH_MEASURE( 0.02539999999999999897 ), #820 );
#4501 =( LENGTH_UNIT ( ) NAMED_UNIT ( * ) SI_UNIT ( $, .METRE. ) );
#4502 = EDGE_LOOP ( 'NONE', ( #4962, #1648 ) ) ;
#4503 = ORIENTED_EDGE ( 'NONE', *, *, #9288, .T. ) ;
#4504 = CARTESIAN_POINT ( 'NONE',  ( 0.08249999999999993450, -0.05599999999999999423, -0.2013975032409335841 ) ) ;
#4505 = SURFACE_STYLE_FILL_AREA ( #5295 ) ;
#4506 = VERTEX_POINT ( 'NONE', #4906 ) ;
#4507 = MECHANICAL_DESIGN_GEOMETRIC_PRESENTATION_REPRESENTATION (  '', ( #1893 ), #600 ) ;
#4508 = DIRECTION ( 'NONE',  ( -0.0000000000000000000, -0.0000000000000000000, 1.000000000000000000 ) ) ;
#4509 = COLOUR_RGB ( '',0.9294117647058823817, 0.7607843137254901578, 0.4784313725490195734 ) ;
#4510 = EDGE_CURVE ( 'NONE', #8643, #237, #6626, .T. ) ;
#4511 = EDGE_CURVE ( 'NONE', #5210, #314, #2441, .T. ) ;
#4512 = DIRECTION ( 'NONE',  ( 0.9939592598857551753, 0.1097496682790523592, 0.0000000000000000000 ) ) ;
#4513 = ORIENTED_EDGE ( 'NONE', *, *, #3485, .T. ) ;
#4514 =( NAMED_UNIT ( * ) SI_UNIT ( $, .STERADIAN. ) SOLID_ANGLE_UNIT ( ) );
#4515 = SURFACE_STYLE_USAGE ( .BOTH. , #3743 ) ;
#4516 =( NAMED_UNIT ( * ) PLANE_ANGLE_UNIT ( ) SI_UNIT ( $, .RADIAN. ) );
#4517 = FILL_AREA_STYLE ('',( #3091 ) ) ;
#4518 = COLOUR_RGB ( '',0.9294117647058823817, 0.7607843137254901578, 0.4784313725490195734 ) ;
#4519 = UNCERTAINTY_MEASURE_WITH_UNIT (LENGTH_MEASURE( 1.000000000000000082E-05 ), #1045, 'distance_accuracy_value', 'NONE');
#4520 = LINE ( 'NONE', #3375, #4772 ) ;
#4521 = COLOUR_RGB ( '',0.9294117647058823817, 0.7607843137254901578, 0.4784313725490195734 ) ;
#4522 = SURFACE_SIDE_STYLE ('',( #7147 ) ) ;
#4523 =( CONVERSION_BASED_UNIT ( 'INCH', #5214 ) LENGTH_UNIT ( ) NAMED_UNIT ( #3385 ) );
#4524 = AXIS2_PLACEMENT_3D ( 'NONE', #6075, #7609, #4549 ) ;
#4525 =( GEOMETRIC_REPRESENTATION_CONTEXT ( 3 ) GLOBAL_UNCERTAINTY_ASSIGNED_CONTEXT ( ( #6748 ) ) GLOBAL_UNIT_ASSIGNED_CONTEXT ( ( #8576, #10129, #4784 ) ) REPRESENTATION_CONTEXT ( 'NONE', 'WORKASPACE' ) );
#4526 = AXIS2_PLACEMENT_3D ( 'NONE', #7635, #3737, #589 ) ;
#4527 = COLOUR_RGB ( '',0.9294117647058823817, 0.7607843137254901578, 0.4784313725490195734 ) ;
#4528 = FILL_AREA_STYLE_COLOUR ( '', #6607 ) ;
#4529 = COLOUR_RGB ( '',0.7529411764705882248, 0.7529411764705882248, 0.7529411764705882248 ) ;
#4530 = CARTESIAN_POINT ( 'NONE',  ( 0.2609115348192674322, 0.09550000000000004319, 0.2515000000000000013 ) ) ;
#4531 = CARTESIAN_POINT ( 'NONE',  ( -0.2609115348192674322, 0.1555000000000000826, -0.1494999999999999940 ) ) ;
#4532 = CARTESIAN_POINT ( 'NONE',  ( -0.1900000000000000300, 0.05599999999999999423, -0.3395000000000000240 ) ) ;
#4533 = DIRECTION ( 'NONE',  ( 1.000000000000000000, 0.0000000000000000000, 0.0000000000000000000 ) ) ;
#4534 = ORIENTED_EDGE ( 'NONE', *, *, #2012, .F. ) ;
#4535 = FILL_AREA_STYLE ('',( #5430 ) ) ;
#4536 =( LENGTH_UNIT ( ) NAMED_UNIT ( * ) SI_UNIT ( $, .METRE. ) );
#4537 = CARTESIAN_POINT ( 'NONE',  ( 0.1264999999999998903, 0.05600000000000000810, 0.01949999999999999997 ) ) ;
#4538 = PRESENTATION_STYLE_ASSIGNMENT (( #8537 ) ) ;
#4539 = STYLED_ITEM ( 'NONE', ( #5730 ), #5542 ) ;
#4541 = VERTEX_POINT ( 'NONE', #3413 ) ;
#4540 = PRESENTATION_STYLE_ASSIGNMENT (( #244 ) ) ;
#4542 = PRODUCT_RELATED_PRODUCT_CATEGORY ( 'part', '', ( #9323 ) ) ;
#4543 = B_SPLINE_CURVE_WITH_KNOTS ( 'NONE', 3,
 ( #9686, #1082, #301, #3447, #266, #1824, #1968, #9762, #2721, #6527, #1180 ),
 .UNSPECIFIED., .F., .F.,
 ( 4, 1, 1, 1, 1, 1, 1, 1, 4 ),
 ( 0.0000000000000000000, 0.1301900769552817583, 0.2566886321244257751, 0.3796569215111060269, 0.5012233733199313868, 0.6223956310597767994, 0.7448946318982028192, 0.8707157349022369708, 1.000000000000000000 ),
 .UNSPECIFIED. ) ;
#4544 = DIRECTION ( 'NONE',  ( -1.000000000000000000, 0.0000000000000000000, 0.0000000000000000000 ) ) ;
#4545 =( GEOMETRIC_REPRESENTATION_CONTEXT ( 3 ) GLOBAL_UNCERTAINTY_ASSIGNED_CONTEXT ( ( #9422 ) ) GLOBAL_UNIT_ASSIGNED_CONTEXT ( ( #1583, #4068, #2382 ) ) REPRESENTATION_CONTEXT ( 'NONE', 'WORKASPACE' ) );
#4546 = ORIENTED_EDGE ( 'NONE', *, *, #137, .F. ) ;
#4547 = DIRECTION ( 'NONE',  ( -0.0000000000000000000, -0.0000000000000000000, 1.000000000000000000 ) ) ;
#4548 = FILL_AREA_STYLE_COLOUR ( '', #4457 ) ;
#4549 = DIRECTION ( 'NONE',  ( -1.000000000000000000, 0.0000000000000000000, 0.0000000000000000000 ) ) ;
#4550 =( NAMED_UNIT ( * ) SI_UNIT ( $, .STERADIAN. ) SOLID_ANGLE_UNIT ( ) );
#4551 = FILL_AREA_STYLE ('',( #8551 ) ) ;
#4552 = VECTOR ( 'NONE', #3608, 39.37007874015748143 ) ;
#4553 = LINE ( 'NONE', #252, #9931 ) ;
#4554 = CIRCLE ( 'NONE', #2500, 0.01999999999999999001 ) ;
#4556 = ORIENTED_EDGE ( 'NONE', *, *, #4252, .F. ) ;
#4555 = LENGTH_MEASURE_WITH_UNIT ( LENGTH_MEASURE( 0.02539999999999999897 ), #4162 );
#4557 = EDGE_CURVE ( 'NONE', #541, #184, #5029, .T. ) ;
#4558 = CIRCLE ( 'NONE', #9024, 0.01949999999999987160 ) ;
#4559 = CARTESIAN_POINT ( 'NONE',  ( -0.03199999999999997985, 0.05600000000000000810, -0.2195000000000000007 ) ) ;
#4560 = DIRECTION ( 'NONE',  ( -1.000000000000000000, 0.0000000000000000000, 0.0000000000000000000 ) ) ;
#4561 = PRESENTATION_STYLE_ASSIGNMENT (( #4308 ) ) ;
#4562 = VECTOR ( 'NONE', #4035, 39.37007874015748143 ) ;
#4563 = LINE ( 'NONE', #8264, #2007 ) ;
#4565 = EDGE_LOOP ( 'NONE', ( #4293, #8256, #2470, #4798 ) ) ;
#4564 = CIRCLE ( 'NONE', #216, 0.02999999999999997113 ) ;
#4566 = DIRECTION ( 'NONE',  ( 0.0000000000000000000, 0.0000000000000000000, 1.000000000000000000 ) ) ;
#4567 =( CONVERSION_BASED_UNIT ( 'INCH', #628 ) LENGTH_UNIT ( ) NAMED_UNIT ( #6571 ) );
#4568 = FILL_AREA_STYLE ('',( #7664 ) ) ;
#4569 = PRESENTATION_STYLE_ASSIGNMENT (( #4135 ) ) ;
#4570 = VERTEX_POINT ( 'NONE', #7344 ) ;
#4571 =( GEOMETRIC_REPRESENTATION_CONTEXT ( 3 ) GLOBAL_UNCERTAINTY_ASSIGNED_CONTEXT ( ( #7094 ) ) GLOBAL_UNIT_ASSIGNED_CONTEXT ( ( #8245, #6059, #5266 ) ) REPRESENTATION_CONTEXT ( 'NONE', 'WORKASPACE' ) );
#4572 = EDGE_CURVE ( 'NONE', #8345, #4633, #3059, .T. ) ;
#4573 = EDGE_CURVE ( 'NONE', #7807, #8856, #7839, .T. ) ;
#4574 = ORIENTED_EDGE ( 'NONE', *, *, #6282, .T. ) ;
#4575 = DIRECTION ( 'NONE',  ( 0.0000000000000000000, 0.0000000000000000000, -1.000000000000000000 ) ) ;
#4576 = CARTESIAN_POINT ( 'NONE',  ( 0.2432515216811685643, 0.1082262247449276710, 0.2484999999999999987 ) ) ;
#4577 = LINE ( 'NONE', #5256, #191 ) ;
#4578 = PRESENTATION_STYLE_ASSIGNMENT (( #2824 ) ) ;
#4579 = CARTESIAN_POINT ( 'NONE',  ( -0.2296719789708203119, -0.05711697856621456709, 0.2505000000000001115 ) ) ;
#4580 = DIRECTION ( 'NONE',  ( -0.0000000000000000000, -0.0000000000000000000, 1.000000000000000000 ) ) ;
#4581 = ORIENTED_EDGE ( 'NONE', *, *, #6580, .F. ) ;
#4582 =( LENGTH_UNIT ( ) NAMED_UNIT ( * ) SI_UNIT ( $, .METRE. ) );
#4583 = SURFACE_STYLE_USAGE ( .BOTH. , #5315 ) ;
#4584 = CARTESIAN_POINT ( 'NONE',  ( -0.2365875656458527043, -0.05287559912926283190, 0.2484999999999999987 ) ) ;
#4585 = VERTEX_POINT ( 'NONE', #8871 ) ;
#4586 = DIMENSIONAL_EXPONENTS ( 1.000000000000000000, 0.0000000000000000000, 0.0000000000000000000, 0.0000000000000000000, 0.0000000000000000000, 0.0000000000000000000, 0.0000000000000000000 ) ;
#4587 = MECHANICAL_DESIGN_GEOMETRIC_PRESENTATION_REPRESENTATION (  '', ( #8991 ), #9249 ) ;
#4588 = UNCERTAINTY_MEASURE_WITH_UNIT (LENGTH_MEASURE( 1.000000000000000082E-05 ), #4041, 'distance_accuracy_value', 'NONE');
#4589 = COLOUR_RGB ( '',0.9294117647058823817, 0.7607843137254901578, 0.4784313725490195734 ) ;
#4590 = ORIENTED_EDGE ( 'NONE', *, *, #5400, .F. ) ;
#4591 = FILL_AREA_STYLE_COLOUR ( '', #6020 ) ;
#4592 = ORIENTED_EDGE ( 'NONE', *, *, #8818, .F. ) ;
#4593 = DIRECTION ( 'NONE',  ( -1.000000000000000000, -0.0000000000000000000, -0.0000000000000000000 ) ) ;
#4594 = FILL_AREA_STYLE_COLOUR ( '', #6929 ) ;
#4595 = COLOUR_RGB ( '',0.9294117647058823817, 0.7607843137254901578, 0.4784313725490195734 ) ;
#4596 = LENGTH_MEASURE_WITH_UNIT ( LENGTH_MEASURE( 0.02539999999999999897 ), #9525 );
#4597 = LINE ( 'NONE', #7101, #2649 ) ;
#4598 = DIRECTION ( 'NONE',  ( 0.0000000000000000000, 1.000000000000000000, 0.0000000000000000000 ) ) ;
#4599 = UNCERTAINTY_MEASURE_WITH_UNIT (LENGTH_MEASURE( 1.000000000000000082E-05 ), #1058, 'distance_accuracy_value', 'NONE');
#4600 = DIMENSIONAL_EXPONENTS ( 1.000000000000000000, 0.0000000000000000000, 0.0000000000000000000, 0.0000000000000000000, 0.0000000000000000000, 0.0000000000000000000, 0.0000000000000000000 ) ;
#4601 = DIRECTION ( 'NONE',  ( 0.0000000000000000000, 0.0000000000000000000, -1.000000000000000000 ) ) ;
#4602 = ORIENTED_EDGE ( 'NONE', *, *, #6745, .F. ) ;
#4603 = FILL_AREA_STYLE_COLOUR ( '', #4066 ) ;
#4604 = FILL_AREA_STYLE ('',( #3669 ) ) ;
#4605 = AXIS2_PLACEMENT_3D ( 'NONE', #3775, #2088, #5278 ) ;
#4606 =( GEOMETRIC_REPRESENTATION_CONTEXT ( 3 ) GLOBAL_UNCERTAINTY_ASSIGNED_CONTEXT ( ( #7432 ) ) GLOBAL_UNIT_ASSIGNED_CONTEXT ( ( #6719, #1196, #3561 ) ) REPRESENTATION_CONTEXT ( 'NONE', 'WORKASPACE' ) );
#4607 = CARTESIAN_POINT ( 'NONE',  ( -0.2249575488660731648, -0.05181091230876645748, 0.2484999999999999987 ) ) ;
#4608 = PRESENTATION_LAYER_ASSIGNMENT (  '', '', ( #6535 ) ) ;
#4609 = ORIENTED_EDGE ( 'NONE', *, *, #8911, .T. ) ;
#4610 = LINE ( 'NONE', #2214, #1794 ) ;
#4611 = PLANE ( 'NONE',  #4526 ) ;
#4612 = FACE_OUTER_BOUND ( 'NONE', #8072, .T. ) ;
#4613 = ORIENTED_EDGE ( 'NONE', *, *, #3292, .T. ) ;
#4614 = B_SPLINE_CURVE_WITH_KNOTS ( 'NONE', 3,
 ( #3088, #3939, #5469, #9267, #1, #3050, #1561, #2263, #7736, #3842, #9394, #9999, #4579, #8483, #7767 ),
 .UNSPECIFIED., .F., .F.,
 ( 4, 1, 1, 1, 1, 1, 1, 1, 1, 1, 1, 1, 4 ),
 ( 0.0000000000000000000, 0.1164323807288848156, 0.2266229944276460517, 0.3348174843248036825, 0.4447913643212244028, 0.5014766242041471811, 0.5605923454640759918, 0.6217257867906725854, 0.6868809963468857083, 0.7575557825207271945, 0.8323665149635305349, 0.9136238093466040322, 0.9999999999999998890 ),
 .UNSPECIFIED. ) ;
#4615 = PLANE ( 'NONE',  #2399 ) ;
#4616 = FILL_AREA_STYLE ('',( #6992 ) ) ;
#4617 = CARTESIAN_POINT ( 'NONE',  ( 0.2609115348192674322, 0.09550000000000004319, 0.2515000000000000013 ) ) ;
#4618 = DIRECTION ( 'NONE',  ( 0.1736481776669316079, 0.9848077530122077983, 0.0000000000000000000 ) ) ;
#4619 = CARTESIAN_POINT ( 'NONE',  ( -0.2241859681413740923, -0.06423994224091877925, 0.2484999999999999987 ) ) ;
#4620 = CARTESIAN_POINT ( 'NONE',  ( -0.2374350646498703532, -0.05679464610918816964, 0.2484999999999999987 ) ) ;
#4621 = VECTOR ( 'NONE', #1053, 39.37007874015748143 ) ;
#4622 = AXIS2_PLACEMENT_3D ( 'NONE', #1303, #1362, #3713 ) ;
#4623 = CIRCLE ( 'NONE', #5597, 0.02000000000000000389 ) ;
#4624 = EDGE_CURVE ( 'NONE', #6702, #4426, #4296, .T. ) ;
#4625 = PRESENTATION_LAYER_ASSIGNMENT (  '', '', ( #7646 ) ) ;
#4626 = VERTEX_POINT ( 'NONE', #2510 ) ;
#4627 = ADVANCED_FACE ( 'NONE', ( #4896, #5270, #1957, #9787, #7959, #371, #9284, #2946, #1450, #9669, #2204, #7229 ), #1079, .T. ) ;
#4628 = ADVANCED_FACE ( 'NONE', ( #3556 ), #3674, .T. ) ;
#4629 = ORIENTED_EDGE ( 'NONE', *, *, #1866, .F. ) ;
#4630 = ORIENTED_EDGE ( 'NONE', *, *, #3292, .F. ) ;
#4631 = CARTESIAN_POINT ( 'NONE',  ( -0.2104510888804048685, -0.1754999999999999893, 0.01949999999999999997 ) ) ;
#4632 = DIRECTION ( 'NONE',  ( -1.000000000000000000, 0.0000000000000000000, 0.0000000000000000000 ) ) ;
#4633 = VERTEX_POINT ( 'NONE', #9827 ) ;
#4634 = FACE_OUTER_BOUND ( 'NONE', #5219, .T. ) ;
#4635 =( GEOMETRIC_REPRESENTATION_CONTEXT ( 3 ) GLOBAL_UNCERTAINTY_ASSIGNED_CONTEXT ( ( #2270 ) ) GLOBAL_UNIT_ASSIGNED_CONTEXT ( ( #5712, #8674, #333 ) ) REPRESENTATION_CONTEXT ( 'NONE', 'WORKASPACE' ) );
#4636 = EDGE_CURVE ( 'NONE', #8458, #5411, #1567, .T. ) ;
#4637 =( GEOMETRIC_REPRESENTATION_CONTEXT ( 3 ) GLOBAL_UNCERTAINTY_ASSIGNED_CONTEXT ( ( #4297 ) ) GLOBAL_UNIT_ASSIGNED_CONTEXT ( ( #1716, #1750, #1677 ) ) REPRESENTATION_CONTEXT ( 'NONE', 'WORKASPACE' ) );
#4638 =( LENGTH_UNIT ( ) NAMED_UNIT ( * ) SI_UNIT ( $, .METRE. ) );
#4639 = CARTESIAN_POINT ( 'NONE',  ( 0.3003038449397558707, 0.08855407289332276055, 0.2514999999999999458 ) ) ;
#4640 = DIRECTION ( 'NONE',  ( -1.000000000000000000, 0.0000000000000000000, -0.0000000000000000000 ) ) ;
#4641 = CARTESIAN_POINT ( 'NONE',  ( -0.2169210280471481067, -0.04769107000133833429, 0.2485000000000000542 ) ) ;
#4642 = DIRECTION ( 'NONE',  ( -1.000000000000000000, 0.0000000000000000000, 0.0000000000000000000 ) ) ;
#4643 = CYLINDRICAL_SURFACE ( 'NONE', #6388, 0.01999999999999999695 ) ;
#4644 = CARTESIAN_POINT ( 'NONE',  ( -0.2296873321727826989, -0.05787974965674244632, 0.2485000000000000264 ) ) ;
#4645 = LINE ( 'NONE', #4926, #8316 ) ;
#4646 = DIMENSIONAL_EXPONENTS ( 1.000000000000000000, 0.0000000000000000000, 0.0000000000000000000, 0.0000000000000000000, 0.0000000000000000000, 0.0000000000000000000, 0.0000000000000000000 ) ;
#4647 = DIRECTION ( 'NONE',  ( -1.000000000000000000, 0.0000000000000000000, 0.0000000000000000000 ) ) ;
#4648 = SURFACE_STYLE_USAGE ( .BOTH. , #3902 ) ;
#4649 = ORIENTED_EDGE ( 'NONE', *, *, #5415, .T. ) ;
#4650 = STYLED_ITEM ( 'NONE', ( #1149 ), #8823 ) ;
#4651 = SURFACE_SIDE_STYLE ('',( #7846 ) ) ;
#4652 = EDGE_CURVE ( 'NONE', #2427, #6201, #5884, .T. ) ;
#4653 = EDGE_CURVE ( 'NONE', #1639, #2004, #3430, .T. ) ;
#4654 = SURFACE_SIDE_STYLE ('',( #9389 ) ) ;
#4655 = FILL_AREA_STYLE ('',( #4548 ) ) ;
#4656 = SURFACE_STYLE_USAGE ( .BOTH. , #5539 ) ;
#4657 = CIRCLE ( 'NONE', #4358, 0.02999999999999998848 ) ;
#4658 = CARTESIAN_POINT ( 'NONE',  ( -0.2374551583921264142, -0.05773874378914155975, 0.2484999999999999987 ) ) ;
#4659 = ORIENTED_EDGE ( 'NONE', *, *, #3113, .T. ) ;
#4660 = LINE ( 'NONE', #6069, #1975 ) ;
#4661 = FACE_OUTER_BOUND ( 'NONE', #8512, .T. ) ;
#4662 = DIMENSIONAL_EXPONENTS ( 1.000000000000000000, 0.0000000000000000000, 0.0000000000000000000, 0.0000000000000000000, 0.0000000000000000000, 0.0000000000000000000, 0.0000000000000000000 ) ;
#4663 = CARTESIAN_POINT ( 'NONE',  ( -0.2255957433128985279, -0.07098093616452989807, 0.2484999999999999987 ) ) ;
#4664 = SURFACE_STYLE_USAGE ( .BOTH. , #4522 ) ;
#4665 = DIRECTION ( 'NONE',  ( 0.0000000000000000000, -0.0000000000000000000, 1.000000000000000000 ) ) ;
#4666 = VERTEX_POINT ( 'NONE', #4092 ) ;
#4667 = EDGE_LOOP ( 'NONE', ( #8234, #3679, #9203, #1899 ) ) ;
#4668 = ORIENTED_EDGE ( 'NONE', *, *, #8051, .T. ) ;
#4669 = LENGTH_MEASURE_WITH_UNIT ( LENGTH_MEASURE( 0.02539999999999999897 ), #1786 );
#4670 = DIRECTION ( 'NONE',  ( -1.000000000000000000, 0.0000000000000000000, 0.0000000000000000000 ) ) ;
#4671 = CARTESIAN_POINT ( 'NONE',  ( -0.2609115348192674322, 0.09550000000000004319, 0.01949999999999999997 ) ) ;
#4672 = SURFACE_STYLE_FILL_AREA ( #3760 ) ;
#4673 =( LENGTH_UNIT ( ) NAMED_UNIT ( * ) SI_UNIT ( $, .METRE. ) );
#4674 = UNCERTAINTY_MEASURE_WITH_UNIT (LENGTH_MEASURE( 1.000000000000000082E-05 ), #892, 'distance_accuracy_value', 'NONE');
#4675 =( LENGTH_UNIT ( ) NAMED_UNIT ( * ) SI_UNIT ( $, .METRE. ) );
#4676 = CARTESIAN_POINT ( 'NONE',  ( -0.05650000000000001549, -0.05600000000000000810, 0.2505000000000000004 ) ) ;
#4677 = VERTEX_POINT ( 'NONE', #6666 ) ;
#4678 = DIRECTION ( 'NONE',  ( -1.000000000000000000, 0.0000000000000000000, -0.0000000000000000000 ) ) ;
#4679 = EDGE_LOOP ( 'NONE', ( #3095, #1661, #8838, #2639 ) ) ;
#4680 = CARTESIAN_POINT ( 'NONE',  ( 0.1370000000000000107, 0.05599999999999999423, -0.2795000000000000262 ) ) ;
#4681 = DIRECTION ( 'NONE',  ( 0.0000000000000000000, 0.0000000000000000000, -1.000000000000000000 ) ) ;
#4682 = ORIENTED_EDGE ( 'NONE', *, *, #4762, .T. ) ;
#4683 = COLOUR_RGB ( '',0.9294117647058823817, 0.7607843137254901578, 0.4784313725490195734 ) ;
#4684 = AXIS2_PLACEMENT_3D ( 'NONE', #8536, #3956, #8642 ) ;
#4685 = EDGE_CURVE ( 'NONE', #5659, #1136, #606, .T. ) ;
#4686 = B_SPLINE_CURVE_WITH_KNOTS ( 'NONE', 3,
 ( #526, #5279, #1300, #5149, #7580, #8347, #9137, #4453, #6039, #6838, #621 ),
 .UNSPECIFIED., .F., .F.,
 ( 4, 1, 1, 1, 1, 1, 1, 1, 4 ),
 ( 0.0000000000000000000, 0.1576427908297479141, 0.2979772444284779498, 0.4243479229965017030, 0.5399023001429742452, 0.6512049489192226481, 0.7608288691813742677, 0.8758862599684805739, 1.000000000000000000 ),
 .UNSPECIFIED. ) ;
#4687 =( CONVERSION_BASED_UNIT ( 'INCH', #2707 ) LENGTH_UNIT ( ) NAMED_UNIT ( #3941 ) );
#4688 = PRESENTATION_LAYER_ASSIGNMENT (  '', '', ( #9392 ) ) ;
#4690 = EDGE_LOOP ( 'NONE', ( #4756, #6013, #8939, #3178 ) ) ;
#4689 = PRESENTATION_STYLE_ASSIGNMENT (( #9372 ) ) ;
#4691 = CARTESIAN_POINT ( 'NONE',  ( -0.2189011544558008282, -0.05693534430021367221, 0.2485000000000000542 ) ) ;
#4692 = CARTESIAN_POINT ( 'NONE',  ( -0.2374654020846416469, -0.05822004021538626506, 0.2505000000000000004 ) ) ;
#4693 = FILL_AREA_STYLE_COLOUR ( '', #5533 ) ;
#4694 = AXIS2_PLACEMENT_3D ( 'NONE', #2277, #10043, #3062 ) ;
#4695 = EDGE_CURVE ( 'NONE', #1269, #1639, #1327, .T. ) ;
#4696 = CARTESIAN_POINT ( 'NONE',  ( -0.2110199643843211348, -0.06529322254148302307, 0.2484999999999999987 ) ) ;
#4697 = CARTESIAN_POINT ( 'NONE',  ( -0.2290452855798737752, -0.07050478051055575346, 0.2484999999999999709 ) ) ;
#4698 = SURFACE_SIDE_STYLE ('',( #1892 ) ) ;
#4699 =( NAMED_UNIT ( * ) SI_UNIT ( $, .STERADIAN. ) SOLID_ANGLE_UNIT ( ) );
#4700 = VECTOR ( 'NONE', #9550, 39.37007874015748143 ) ;
#4701 = DIMENSIONAL_EXPONENTS ( 1.000000000000000000, 0.0000000000000000000, 0.0000000000000000000, 0.0000000000000000000, 0.0000000000000000000, 0.0000000000000000000, 0.0000000000000000000 ) ;
#4702 = EDGE_LOOP ( 'NONE', ( #9300, #1778, #9806, #1020 ) ) ;
#4703 = FACE_OUTER_BOUND ( 'NONE', #9116, .T. ) ;
#4704 = ORIENTED_EDGE ( 'NONE', *, *, #379, .F. ) ;
#4705 = CARTESIAN_POINT ( 'NONE',  ( -0.2609115348192674322, 0.1555000000000000271, -0.2195000000000000839 ) ) ;
#4706 = DIRECTION ( 'NONE',  ( -1.000000000000000000, 0.0000000000000000000, 0.0000000000000000000 ) ) ;
#4707 = CARTESIAN_POINT ( 'NONE',  ( -0.2188064670327387606, -0.05765835203121488783, 0.2504999999999999449 ) ) ;
#4708 =( NAMED_UNIT ( * ) PLANE_ANGLE_UNIT ( ) SI_UNIT ( $, .RADIAN. ) );
#4709 = SURFACE_SIDE_STYLE ('',( #2465 ) ) ;
#4710 = CARTESIAN_POINT ( 'NONE',  ( -0.2215981050265858343, -0.07838255489990669789, 0.2505000000000000004 ) ) ;
#4711 = LINE ( 'NONE', #2629, #8627 ) ;
#4712 = STYLED_ITEM ( 'NONE', ( #5564 ), #7864 ) ;
#4713 = EDGE_CURVE ( 'NONE', #9368, #407, #8426, .T. ) ;
#4714 = EDGE_CURVE ( 'NONE', #2930, #4253, #9659, .T. ) ;
#4715 = CARTESIAN_POINT ( 'NONE',  ( -0.2500000000000000000, 0.05600000000000000810, -0.2795000000000000262 ) ) ;
#4716 = ORIENTED_EDGE ( 'NONE', *, *, #1554, .T. ) ;
#4717 = VERTEX_POINT ( 'NONE', #4301 ) ;
#4718 = VECTOR ( 'NONE', #1122, 39.37007874015748143 ) ;
#4719 =( NAMED_UNIT ( * ) PLANE_ANGLE_UNIT ( ) SI_UNIT ( $, .RADIAN. ) );
#4720 = VECTOR ( 'NONE', #8601, 39.37007874015748143 ) ;
#4721 = CARTESIAN_POINT ( 'NONE',  ( -0.2246072802615997621, -0.05179503038194442632, 0.2485000000000000264 ) ) ;
#4722 = CARTESIAN_POINT ( 'NONE',  ( -0.2274025270300416568, -0.04525983384409863058, 0.2505000000000000004 ) ) ;
#4723 = COLOUR_RGB ( '',0.7529411764705882248, 0.7529411764705882248, 0.7529411764705882248 ) ;
#4724 = CARTESIAN_POINT ( 'NONE',  ( 0.2104510888804048685, -0.1755000000000000171, 0.01949999999999999997 ) ) ;
#4725 = VERTEX_POINT ( 'NONE', #2791 ) ;
#4726 = ADVANCED_FACE ( 'NONE', ( #4407 ), #4643, .T. ) ;
#4727 = ORIENTED_EDGE ( 'NONE', *, *, #9809, .T. ) ;
#4728 = MECHANICAL_DESIGN_GEOMETRIC_PRESENTATION_REPRESENTATION (  '', ( #2642 ), #3690 ) ;
#4729 = LENGTH_MEASURE_WITH_UNIT ( LENGTH_MEASURE( 0.02539999999999999897 ), #5522 );
#4730 = ADVANCED_FACE ( 'NONE', ( #250 ), #485, .F. ) ;
#4731 = AXIS2_PLACEMENT_3D ( 'NONE', #8073, #3462, #8815 ) ;
#4732 = MECHANICAL_DESIGN_GEOMETRIC_PRESENTATION_REPRESENTATION (  '', ( #8530 ), #2581 ) ;
#4733 = FACE_BOUND ( 'NONE', #7210, .T. ) ;
#4734 = FILL_AREA_STYLE ('',( #8592 ) ) ;
#4735 = CARTESIAN_POINT ( 'NONE',  ( -0.2330770899485646863, -0.06827050398067729953, 0.2505000000000000560 ) ) ;
#4736 = CARTESIAN_POINT ( 'NONE',  ( -0.2280092848228430780, -0.06283921235214560974, 0.2485000000000000819 ) ) ;
#4737 = CARTESIAN_POINT ( 'NONE',  ( 0.2104510888804048130, -0.2154999999999999971, -0.1494999999999999940 ) ) ;
#4738 = ORIENTED_EDGE ( 'NONE', *, *, #3332, .T. ) ;
#4739 = FACE_OUTER_BOUND ( 'NONE', #3335, .T. ) ;
#4740 = DIRECTION ( 'NONE',  ( -1.000000000000000000, 0.0000000000000000000, 0.0000000000000000000 ) ) ;
#4741 = DIRECTION ( 'NONE',  ( -1.000000000000000000, 0.0000000000000000000, 0.0000000000000000000 ) ) ;
#4742 = DIRECTION ( 'NONE',  ( 1.000000000000000000, -0.0000000000000000000, -0.0000000000000000000 ) ) ;
#4743 = CARTESIAN_POINT ( 'NONE',  ( -0.2110283181366034710, -0.06442318026056759184, 0.2484999999999999987 ) ) ;
#4744 = AXIS2_PLACEMENT_3D ( 'NONE', #7690, #6127, #9124 ) ;
#4745 = AXIS2_PLACEMENT_3D ( 'NONE', #5886, #5019, #9663 ) ;
#4746 = ORIENTED_EDGE ( 'NONE', *, *, #791, .F. ) ;
#4747 =( CONVERSION_BASED_UNIT ( 'INCH', #5669 ) LENGTH_UNIT ( ) NAMED_UNIT ( #2959 ) );
#4748 = AXIS2_PLACEMENT_3D ( 'NONE', #5231, #9173, #6908 ) ;
#4749 = CARTESIAN_POINT ( 'NONE',  ( 0.2609115348192674322, 0.09550000000000004319, -0.03950000000000001427 ) ) ;
#4750 = FACE_OUTER_BOUND ( 'NONE', #9784, .T. ) ;
#4751 = LINE ( 'NONE', #4705, #3534 ) ;
#4752 = FILL_AREA_STYLE ('',( #887 ) ) ;
#4753 = DIRECTION ( 'NONE',  ( -1.000000000000000000, 0.0000000000000000000, 0.0000000000000000000 ) ) ;
#4754 = CIRCLE ( 'NONE', #364, 0.02000000000000009409 ) ;
#4755 =( NAMED_UNIT ( * ) SI_UNIT ( $, .STERADIAN. ) SOLID_ANGLE_UNIT ( ) );
#4756 = ORIENTED_EDGE ( 'NONE', *, *, #5717, .T. ) ;
#4757 = CARTESIAN_POINT ( 'NONE',  ( -0.2197758498263108762, -0.05448016030695401052, 0.2484999999999999154 ) ) ;
#4758 = CARTESIAN_POINT ( 'NONE',  ( 0.2159999999999999976, 0.05600000000000000810, -0.2795000000000000262 ) ) ;
#4759 = LINE ( 'NONE', #1429, #471 ) ;
#4760 = AXIS2_PLACEMENT_3D ( 'NONE', #9892, #1336, #2899 ) ;
#4761 = EDGE_LOOP ( 'NONE', ( #1906, #6271, #2601, #4629 ) ) ;
#4762 = EDGE_CURVE ( 'NONE', #2427, #4677, #2317, .T. ) ;
#4763 = SURFACE_SIDE_STYLE ('',( #1604 ) ) ;
#4764 = ORIENTED_EDGE ( 'NONE', *, *, #5372, .T. ) ;
#4765 = VERTEX_POINT ( 'NONE', #7515 ) ;
#4766 = CARTESIAN_POINT ( 'NONE',  ( -0.2248493639499632157, -0.08600659151928985446, 0.2505000000000000004 ) ) ;
#4767 = CIRCLE ( 'NONE', #7031, 0.02000000000000000042 ) ;
#4768 =( CONVERSION_BASED_UNIT ( 'INCH', #4090 ) LENGTH_UNIT ( ) NAMED_UNIT ( #1858 ) );
#4769 = DIRECTION ( 'NONE',  ( -0.0000000000000000000, -0.0000000000000000000, -1.000000000000000000 ) ) ;
#4770 = CARTESIAN_POINT ( 'NONE',  ( 0.1070000000000000118, 0.05600000000000000810, 0.2505000000000000004 ) ) ;
#4771 = VERTEX_POINT ( 'NONE', #7423 ) ;
#4772 = VECTOR ( 'NONE', #9548, 39.37007874015748143 ) ;
#4773 = AXIS2_PLACEMENT_3D ( 'NONE', #9255, #4468, #9178 ) ;
#4774 = EDGE_CURVE ( 'NONE', #4024, #5319, #113, .T. ) ;
#4775 = AXIS2_PLACEMENT_3D ( 'NONE', #9139, #7518, #3712 ) ;
#4776 = VERTEX_POINT ( 'NONE', #8226 ) ;
#4777 = DIRECTION ( 'NONE',  ( 0.0000000000000000000, 0.0000000000000000000, 1.000000000000000000 ) ) ;
#4778 = DIRECTION ( 'NONE',  ( -1.000000000000000000, 0.0000000000000000000, 0.0000000000000000000 ) ) ;
#4779 =( LENGTH_UNIT ( ) NAMED_UNIT ( * ) SI_UNIT ( $, .METRE. ) );
#4780 = CIRCLE ( 'NONE', #6476, 0.02999999999999998848 ) ;
#4781 = CARTESIAN_POINT ( 'NONE',  ( -0.2148457252341929302, -0.04977047798855659122, 0.2505000000000000560 ) ) ;
#4782 = CARTESIAN_POINT ( 'NONE',  ( -0.2275452406900800306, -0.08587463054174958310, 0.2505000000000000004 ) ) ;
#4783 = UNCERTAINTY_MEASURE_WITH_UNIT (LENGTH_MEASURE( 1.000000000000000082E-05 ), #6565, 'distance_accuracy_value', 'NONE');
#4784 =( NAMED_UNIT ( * ) SI_UNIT ( $, .STERADIAN. ) SOLID_ANGLE_UNIT ( ) );
#4785 = PRESENTATION_STYLE_ASSIGNMENT (( #6135 ) ) ;
#4786 = AXIS2_PLACEMENT_3D ( 'NONE', #9108, #2955, #2089 ) ;
#4787 = CARTESIAN_POINT ( 'NONE',  ( -0.1855000000000001092, -0.05600000000000000810, -0.2795000000000000262 ) ) ;
#4788 = EDGE_LOOP ( 'NONE', ( #9533, #9264, #3218, #5318, #6960 ) ) ;
#4789 = AXIS2_PLACEMENT_3D ( 'NONE', #985, #7141, #6438 ) ;
#4790 = FILL_AREA_STYLE ('',( #9426 ) ) ;
#4791 =( NAMED_UNIT ( * ) SI_UNIT ( $, .STERADIAN. ) SOLID_ANGLE_UNIT ( ) );
#4792 = FILL_AREA_STYLE_COLOUR ( '', #6234 ) ;
#4793 = CARTESIAN_POINT ( 'NONE',  ( 0.2349192119501888332, 0.1029774855385852672, 0.2505000000000000560 ) ) ;
#4794 = CYLINDRICAL_SURFACE ( 'NONE', #6424, 0.01999999999999995878 ) ;
#4795 = LENGTH_MEASURE_WITH_UNIT ( LENGTH_MEASURE( 0.02539999999999999897 ), #2199 );
#4796 = CARTESIAN_POINT ( 'NONE',  ( -0.2238192001577654078, -0.06422557116788119025, 0.2485000000000000264 ) ) ;
#4797 = LINE ( 'NONE', #6363, #1352 ) ;
#4798 = ORIENTED_EDGE ( 'NONE', *, *, #2881, .F. ) ;
#4799 = LENGTH_MEASURE_WITH_UNIT ( LENGTH_MEASURE( 0.02539999999999999897 ), #3966 );
#4800 = CARTESIAN_POINT ( 'NONE',  ( -0.2132204320788069762, -0.07830672300242892681, 0.2485000000000000264 ) ) ;
#4801 = CARTESIAN_POINT ( 'NONE',  ( -0.2366116528511911232, -0.06336017086859972725, 0.2505000000000000560 ) ) ;
#4802 = DIRECTION ( 'NONE',  ( 0.0000000000000000000, 0.0000000000000000000, -1.000000000000000000 ) ) ;
#4803 = CARTESIAN_POINT ( 'NONE',  ( -0.2224647219575730805, -0.07053447299476270360, 0.2485000000000000264 ) ) ;
#4804 = CIRCLE ( 'NONE', #4775, 0.08000000000000002942 ) ;
#4805 = DIRECTION ( 'NONE',  ( -1.000000000000000000, 0.0000000000000000000, 0.0000000000000000000 ) ) ;
#4806 = COLOUR_RGB ( '',0.7529411764705882248, 0.7529411764705882248, 0.7529411764705882248 ) ;
#4807 = UNCERTAINTY_MEASURE_WITH_UNIT (LENGTH_MEASURE( 1.000000000000000082E-05 ), #2825, 'distance_accuracy_value', 'NONE');
#4808 = LINE ( 'NONE', #6778, #9199 ) ;
#4809 = PRESENTATION_LAYER_ASSIGNMENT (  '', '', ( #6593 ) ) ;
#4810 = ORIENTED_EDGE ( 'NONE', *, *, #2671, .F. ) ;
#4811 =( GEOMETRIC_REPRESENTATION_CONTEXT ( 3 ) GLOBAL_UNCERTAINTY_ASSIGNED_CONTEXT ( ( #9536 ) ) GLOBAL_UNIT_ASSIGNED_CONTEXT ( ( #5388, #3725, #9214 ) ) REPRESENTATION_CONTEXT ( 'NONE', 'WORKASPACE' ) );
#4812 =( GEOMETRIC_REPRESENTATION_CONTEXT ( 3 ) GLOBAL_UNCERTAINTY_ASSIGNED_CONTEXT ( ( #535 ) ) GLOBAL_UNIT_ASSIGNED_CONTEXT ( ( #6196, #6919, #780 ) ) REPRESENTATION_CONTEXT ( 'NONE', 'WORKASPACE' ) );
#4813 = DIRECTION ( 'NONE',  ( -0.0000000000000000000, -0.0000000000000000000, -1.000000000000000000 ) ) ;
#4814 = CARTESIAN_POINT ( 'NONE',  ( 0.1070000000000000118, 0.05600000000000000810, -0.2795000000000000262 ) ) ;
#4815 = CARTESIAN_POINT ( 'NONE',  ( -0.2183100390495325560, -0.08413343321436317357, 0.2505000000000000004 ) ) ;
#4816 = DIRECTION ( 'NONE',  ( -0.0000000000000000000, -0.0000000000000000000, -1.000000000000000000 ) ) ;
#4817 = CARTESIAN_POINT ( 'NONE',  ( -0.2187980342961800828, -0.05841449196318274778, 0.2505000000000000560 ) ) ;
#4818 = CARTESIAN_POINT ( 'NONE',  ( -0.2184664083046964078, -0.07080647942178157350, 0.2505000000000000004 ) ) ;
#4819 = CYLINDRICAL_SURFACE ( 'NONE', #9316, 0.01999999999999999001 ) ;
#4820 = CARTESIAN_POINT ( 'NONE',  ( 0.1859999999999999987, 0.05600000000000000810, -0.3395000000000000240 ) ) ;
#4821 = LENGTH_MEASURE_WITH_UNIT ( LENGTH_MEASURE( 0.02539999999999999897 ), #6968 );
#4822 =( NAMED_UNIT ( * ) PLANE_ANGLE_UNIT ( ) SI_UNIT ( $, .RADIAN. ) );
#4824 = EDGE_LOOP ( 'NONE', ( #7777, #9840, #8146, #3227 ) ) ;
#4823 = LINE ( 'NONE', #2014, #4333 ) ;
#4825 =( GEOMETRIC_REPRESENTATION_CONTEXT ( 3 ) GLOBAL_UNCERTAINTY_ASSIGNED_CONTEXT ( ( #5106 ) ) GLOBAL_UNIT_ASSIGNED_CONTEXT ( ( #3986, #9949, #8666 ) ) REPRESENTATION_CONTEXT ( 'NONE', 'WORKASPACE' ) );
#4826 = EDGE_CURVE ( 'NONE', #7297, #6702, #2074, .T. ) ;
#4827 = SURFACE_STYLE_USAGE ( .BOTH. , #6370 ) ;
#4828 = AXIS2_PLACEMENT_3D ( 'NONE', #292, #5697, #1076 ) ;
#4829 = CARTESIAN_POINT ( 'NONE',  ( -0.08649999999999995193, -0.05600000000000000810, -0.2195000000000000007 ) ) ;
#4830 = DIRECTION ( 'NONE',  ( 0.0000000000000000000, 0.0000000000000000000, -1.000000000000000000 ) ) ;
#4831 = ORIENTED_EDGE ( 'NONE', *, *, #6880, .T. ) ;
#4832 = CARTESIAN_POINT ( 'NONE',  ( -0.2188064670327387606, -0.05765835203121488783, 0.2484999999999999154 ) ) ;
#4833 = EDGE_LOOP ( 'NONE', ( #3852, #9964 ) ) ;
#4834 = VECTOR ( 'NONE', #1188, 39.37007874015748143 ) ;
#4835 = ORIENTED_EDGE ( 'NONE', *, *, #2865, .F. ) ;
#4836 = AXIS2_PLACEMENT_3D ( 'NONE', #9758, #9010, #4335 ) ;
#4837 = EDGE_CURVE ( 'NONE', #5696, #2182, #4287, .T. ) ;
#4838 = STYLED_ITEM ( 'NONE', ( #5924 ), #3304 ) ;
#4839 = SURFACE_STYLE_USAGE ( .BOTH. , #3234 ) ;
#4840 = EDGE_LOOP ( 'NONE', ( #2788, #1141, #2853, #9107 ) ) ;
#4841 = DIRECTION ( 'NONE',  ( -1.000000000000000000, 0.0000000000000000000, -0.0000000000000000000 ) ) ;
#4842 =( NAMED_UNIT ( * ) PLANE_ANGLE_UNIT ( ) SI_UNIT ( $, .RADIAN. ) );
#4843 = SURFACE_STYLE_USAGE ( .BOTH. , #228 ) ;
#4844 = CARTESIAN_POINT ( 'NONE',  ( -0.2187980342961800828, -0.05841449196318274778, 0.2484999999999999987 ) ) ;
#4845 = UNCERTAINTY_MEASURE_WITH_UNIT (LENGTH_MEASURE( 1.000000000000000082E-05 ), #6323, 'distance_accuracy_value', 'NONE');
#4846 = COLOUR_RGB ( '',0.7529411764705882248, 0.7529411764705882248, 0.7529411764705882248 ) ;
#4847 = FACE_OUTER_BOUND ( 'NONE', #938, .T. ) ;
#4848 = DIRECTION ( 'NONE',  ( 0.1736481776669308030, -0.9848077530122077983, -0.0000000000000000000 ) ) ;
#4849 = ORIENTED_EDGE ( 'NONE', *, *, #2386, .F. ) ;
#4850 = EDGE_LOOP ( 'NONE', ( #4059, #8712, #7417, #6085 ) ) ;
#4851 = CARTESIAN_POINT ( 'NONE',  ( -0.2275452406900800306, -0.08587463054174958310, 0.2484999999999999987 ) ) ;
#4852 = VERTEX_POINT ( 'NONE', #9012 ) ;
#4853 = VECTOR ( 'NONE', #7044, 39.37007874015748143 ) ;
#4854 = PRESENTATION_LAYER_ASSIGNMENT (  '', '', ( #10123 ) ) ;
#4855 = FILL_AREA_STYLE_COLOUR ( '', #163 ) ;
#4856 = EDGE_CURVE ( 'NONE', #4677, #830, #6001, .T. ) ;
#4857 = PRESENTATION_LAYER_ASSIGNMENT (  '', '', ( #4344 ) ) ;
#4858 = DIRECTION ( 'NONE',  ( 0.0000000000000000000, 0.0000000000000000000, 1.000000000000000000 ) ) ;
#4859 = ORIENTED_EDGE ( 'NONE', *, *, #2416, .F. ) ;
#4860 = CIRCLE ( 'NONE', #4372, 0.08000000000000002942 ) ;
#4861 = VERTEX_POINT ( 'NONE', #3640 ) ;
#4862 = ORIENTED_EDGE ( 'NONE', *, *, #4448, .T. ) ;
#4863 = CARTESIAN_POINT ( 'NONE',  ( 0.3089318641816256594, -0.09286481776669323895, -0.1494999999999999940 ) ) ;
#4864 = CARTESIAN_POINT ( 'NONE',  ( 0.3200000000000000067, 0.08508110933998415393, -0.9827025327494508522 ) ) ;
#4865 = CARTESIAN_POINT ( 'NONE',  ( 0.2609115348192674322, 0.09550000000000004319, -0.1494999999999999940 ) ) ;
#4866 = SURFACE_STYLE_FILL_AREA ( #4752 ) ;
#4867 = CARTESIAN_POINT ( 'NONE',  ( -0.2188106567709574291, -0.05909692165276578951, 0.2505000000000001115 ) ) ;
#4868 = AXIS2_PLACEMENT_3D ( 'NONE', #3809, #5407, #8411 ) ;
#4869 = MECHANICAL_DESIGN_GEOMETRIC_PRESENTATION_REPRESENTATION (  '', ( #9952 ), #5263 ) ;
#4870 = STYLED_ITEM ( 'NONE', ( #9309 ), #9025 ) ;
#4871 = VECTOR ( 'NONE', #8724, 39.37007874015748143 ) ;
#4872 = TOROIDAL_SURFACE ( 'NONE', #1389, 0.1599999999999999756, 0.02000000000000000042 ) ;
#4873 = DIRECTION ( 'NONE',  ( -1.000000000000000000, 0.0000000000000000000, 0.0000000000000000000 ) ) ;
#4874 = SURFACE_SIDE_STYLE ('',( #2374 ) ) ;
#4875 = FILL_AREA_STYLE_COLOUR ( '', #7262 ) ;
#4876 = VECTOR ( 'NONE', #1226, 39.37007874015748143 ) ;
#4877 = DIRECTION ( 'NONE',  ( 0.0000000000000000000, 0.0000000000000000000, -1.000000000000000000 ) ) ;
#4878 = ORIENTED_EDGE ( 'NONE', *, *, #4557, .T. ) ;
#4879 = CARTESIAN_POINT ( 'NONE',  ( -0.2104510888804048685, -0.07550000000000001155, -0.03950000000000000039 ) ) ;
#4880 = SURFACE_STYLE_FILL_AREA ( #2393 ) ;
#4881 = ORIENTED_EDGE ( 'NONE', *, *, #7713, .F. ) ;
#4883 = ORIENTED_EDGE ( 'NONE', *, *, #8771, .T. ) ;
#4882 = DIRECTION ( 'NONE',  ( 0.0000000000000000000, 0.0000000000000000000, 1.000000000000000000 ) ) ;
#4884 = ADVANCED_FACE ( 'NONE', ( #3180 ), #6800, .T. ) ;
#4885 = CARTESIAN_POINT ( 'NONE',  ( -0.2115272104199381609, -0.05809391080317077155, 0.2504999999999999449 ) ) ;
#4886 = CARTESIAN_POINT ( 'NONE',  ( -0.2304283621695252526, -0.08500843797080873121, 0.2505000000000000004 ) ) ;
#4887 = AXIS2_PLACEMENT_3D ( 'NONE', #4210, #1900, #4309 ) ;
#4888 = SURFACE_STYLE_FILL_AREA ( #4080 ) ;
#4889 = EDGE_CURVE ( 'NONE', #1488, #1815, #7352, .T. ) ;
#4890 = DIRECTION ( 'NONE',  ( -1.000000000000000000, 6.543999663421849787E-17, -0.0000000000000000000 ) ) ;
#4891 =( GEOMETRIC_REPRESENTATION_CONTEXT ( 3 ) GLOBAL_UNCERTAINTY_ASSIGNED_CONTEXT ( ( #9233 ) ) GLOBAL_UNIT_ASSIGNED_CONTEXT ( ( #4321, #6613, #6648 ) ) REPRESENTATION_CONTEXT ( 'NONE', 'WORKASPACE' ) );
#4892 = ORIENTED_EDGE ( 'NONE', *, *, #5371, .F. ) ;
#4893 = VERTEX_POINT ( 'NONE', #620 ) ;
#4894 = DIRECTION ( 'NONE',  ( -1.000000000000000000, 0.0000000000000000000, 0.0000000000000000000 ) ) ;
#4895 = CARTESIAN_POINT ( 'NONE',  ( -0.2245626234801127163, -0.07926390809139582938, 0.2484999999999999987 ) ) ;
#4896 = FACE_BOUND ( 'NONE', #9530, .T. ) ;
#4897 = CARTESIAN_POINT ( 'NONE',  ( -0.2264737489233165091, -0.08599580026284196765, 0.2504999999999999449 ) ) ;
#4898 = FILL_AREA_STYLE ('',( #4969 ) ) ;
#4899 = LINE ( 'NONE', #1732, #4169 ) ;
#4900 = DIRECTION ( 'NONE',  ( 1.000000000000000000, 0.0000000000000000000, 0.0000000000000000000 ) ) ;
#4901 = STYLED_ITEM ( 'NONE', ( #1257 ), #6335 ) ;
#4902 = EDGE_CURVE ( 'NONE', #7302, #5491, #2192, .T. ) ;
#4903 = CARTESIAN_POINT ( 'NONE',  ( 0.1965000000000001190, 0.05600000000000000810, 0.2505000000000000004 ) ) ;
#4904 = CARTESIAN_POINT ( 'NONE',  ( -0.2364283260963937761, -0.07546953067616517241, 0.2484999999999999987 ) ) ;
#4905 = VECTOR ( 'NONE', #5521, 39.37007874015748143 ) ;
#4906 = CARTESIAN_POINT ( 'NONE',  ( -0.5480000000000000426, 0.0000000000000000000, 0.01949999999999999997 ) ) ;
#4907 = FILL_AREA_STYLE_COLOUR ( '', #7511 ) ;
#4908 = CARTESIAN_POINT ( 'NONE',  ( -0.3987846202409764951, 0.07118925512662967192, -0.03950000000000000039 ) ) ;
#4909 = PRESENTATION_STYLE_ASSIGNMENT (( #558 ) ) ;
#4910 = DIRECTION ( 'NONE',  ( -0.0000000000000000000, -0.0000000000000000000, 1.000000000000000000 ) ) ;
#4911 = DIRECTION ( 'NONE',  ( -1.000000000000000000, 0.0000000000000000000, 0.0000000000000000000 ) ) ;
#4912 =( LENGTH_UNIT ( ) NAMED_UNIT ( * ) SI_UNIT ( $, .METRE. ) );
#4913 = UNCERTAINTY_MEASURE_WITH_UNIT (LENGTH_MEASURE( 1.000000000000000082E-05 ), #7980, 'distance_accuracy_value', 'NONE');
#4914 = EDGE_CURVE ( 'NONE', #8648, #4776, #2933, .T. ) ;
#4915 = EDGE_CURVE ( 'NONE', #1799, #8025, #2694, .T. ) ;
#4916 = CARTESIAN_POINT ( 'NONE',  ( -0.2149678480739825870, -0.08114939004290298852, 0.2504999999999998894 ) ) ;
#4917 = VECTOR ( 'NONE', #7379, 39.37007874015748143 ) ;
#4918 = DIMENSIONAL_EXPONENTS ( 1.000000000000000000, 0.0000000000000000000, 0.0000000000000000000, 0.0000000000000000000, 0.0000000000000000000, 0.0000000000000000000, 0.0000000000000000000 ) ;
#4919 = LENGTH_MEASURE_WITH_UNIT ( LENGTH_MEASURE( 0.02539999999999999897 ), #8776 );
#4920 = SURFACE_STYLE_USAGE ( .BOTH. , #208 ) ;
#4921 = DIRECTION ( 'NONE',  ( 0.1736481776669317745, 0.9848077530122077983, -0.0000000000000000000 ) ) ;
#4922 = ORIENTED_EDGE ( 'NONE', *, *, #1612, .T. ) ;
#4923 = ORIENTED_EDGE ( 'NONE', *, *, #5974, .T. ) ;
#4924 = DIRECTION ( 'NONE',  ( -0.1736481776669308585, 0.9848077530122081313, 0.0000000000000000000 ) ) ;
#4925 = ORIENTED_EDGE ( 'NONE', *, *, #3196, .T. ) ;
#4926 = CARTESIAN_POINT ( 'NONE',  ( -0.2104510888804048685, -0.1554999999999999993, 0.2515000000000000013 ) ) ;
#4927 = FACE_OUTER_BOUND ( 'NONE', #9356, .T. ) ;
#4928 = LINE ( 'NONE', #6824, #6531 ) ;
#4929 = CARTESIAN_POINT ( 'NONE',  ( -0.2364283260963937761, -0.07546953067616517241, 0.2484999999999999987 ) ) ;
#4930 = DIRECTION ( 'NONE',  ( -1.000000000000000000, 0.0000000000000000000, 0.0000000000000000000 ) ) ;
#4931 = PRESENTATION_LAYER_ASSIGNMENT (  '', '', ( #1065 ) ) ;
#4932 = EDGE_LOOP ( 'NONE', ( #799, #6353, #610, #3604 ) ) ;
#4933 = DIRECTION ( 'NONE',  ( -0.1736481776669315524, -0.9848077530122077983, 0.0000000000000000000 ) ) ;
#4934 = DIRECTION ( 'NONE',  ( 1.000000000000000000, 0.0000000000000000000, 0.0000000000000000000 ) ) ;
#4935 = ORIENTED_EDGE ( 'NONE', *, *, #1693, .T. ) ;
#4936 = SURFACE_STYLE_FILL_AREA ( #7927 ) ;
#4937 = CARTESIAN_POINT ( 'NONE',  ( -0.2193920883913222930, -0.06145915260545121300, 0.2505000000000001115 ) ) ;
#4938 = VERTEX_POINT ( 'NONE', #4422 ) ;
#4939 = CYLINDRICAL_SURFACE ( 'NONE', #724, 0.01999999999999999695 ) ;
#4941 = ORIENTED_EDGE ( 'NONE', *, *, #5431, .F. ) ;
#4940 = SURFACE_STYLE_FILL_AREA ( #6943 ) ;
#4942 = CARTESIAN_POINT ( 'NONE',  ( -0.002000000000000006113, 0.05600000000000000810, -0.3395000000000000240 ) ) ;
#4943 =( NAMED_UNIT ( * ) SI_UNIT ( $, .STERADIAN. ) SOLID_ANGLE_UNIT ( ) );
#4944 = DIRECTION ( 'NONE',  ( -0.0000000000000000000, -0.0000000000000000000, 1.000000000000000000 ) ) ;
#4945 = FILL_AREA_STYLE ('',( #5624 ) ) ;
#4946 = FILL_AREA_STYLE_COLOUR ( '', #7770 ) ;
#4947 = PRESENTATION_LAYER_ASSIGNMENT (  '', '', ( #7389 ) ) ;
#4948 = CIRCLE ( 'NONE', #6937, 0.02000000000000008021 ) ;
#4949 = VERTEX_POINT ( 'NONE', #9969 ) ;
#4950 =( GEOMETRIC_REPRESENTATION_CONTEXT ( 3 ) GLOBAL_UNCERTAINTY_ASSIGNED_CONTEXT ( ( #5045 ) ) GLOBAL_UNIT_ASSIGNED_CONTEXT ( ( #4428, #532, #9141 ) ) REPRESENTATION_CONTEXT ( 'NONE', 'WORKASPACE' ) );
#4951 = COLOUR_RGB ( '',0.9294117647058823817, 0.7607843137254901578, 0.4784313725490195734 ) ;
#4952 = PRESENTATION_LAYER_ASSIGNMENT (  '', '', ( #10022 ) ) ;
#4953 = ORIENTED_EDGE ( 'NONE', *, *, #8441, .T. ) ;
#4954 = DIRECTION ( 'NONE',  ( 0.0000000000000000000, 0.0000000000000000000, 1.000000000000000000 ) ) ;
#4955 = CARTESIAN_POINT ( 'NONE',  ( -0.2609115348192674322, -0.1955000000000000071, -0.1494999999999999940 ) ) ;
#4956 = CARTESIAN_POINT ( 'NONE',  ( -0.3200000000000000067, 0.08508110933998412617, 0.2515000000000000013 ) ) ;
#4957 =( LENGTH_UNIT ( ) NAMED_UNIT ( * ) SI_UNIT ( $, .METRE. ) );
#4958 = ADVANCED_FACE ( 'NONE', ( #8202 ), #2125, .F. ) ;
#4959 = CARTESIAN_POINT ( 'NONE',  ( 0.01799999999999995007, 0.05600000000000000810, -0.2795000000000000262 ) ) ;
#4960 = SURFACE_STYLE_FILL_AREA ( #4655 ) ;
#4961 = CARTESIAN_POINT ( 'NONE',  ( -0.1655000000000000082, -0.05600000000000000810, 0.2505000000000000004 ) ) ;
#4962 = ORIENTED_EDGE ( 'NONE', *, *, #9602, .F. ) ;
#4963 =( GEOMETRIC_REPRESENTATION_CONTEXT ( 3 ) GLOBAL_UNCERTAINTY_ASSIGNED_CONTEXT ( ( #8857 ) ) GLOBAL_UNIT_ASSIGNED_CONTEXT ( ( #6767, #5222, #565 ) ) REPRESENTATION_CONTEXT ( 'NONE', 'WORKASPACE' ) );
#4964 = EDGE_CURVE ( 'NONE', #8555, #4949, #241, .T. ) ;
#4965 = DIRECTION ( 'NONE',  ( -1.000000000000000000, 0.0000000000000000000, -0.0000000000000000000 ) ) ;
#4966 = DIMENSIONAL_EXPONENTS ( 1.000000000000000000, 0.0000000000000000000, 0.0000000000000000000, 0.0000000000000000000, 0.0000000000000000000, 0.0000000000000000000, 0.0000000000000000000 ) ;
#4967 = CARTESIAN_POINT ( 'NONE',  ( 0.2695395540611373320, -0.08591889066001592856, 0.2515000000000000013 ) ) ;
#4968 = CARTESIAN_POINT ( 'NONE',  ( -0.2341057458434951666, -0.08188831310808239450, 0.2505000000000000560 ) ) ;
#4969 = FILL_AREA_STYLE_COLOUR ( '', #5072 ) ;
#4970 = DIMENSIONAL_EXPONENTS ( 1.000000000000000000, 0.0000000000000000000, 0.0000000000000000000, 0.0000000000000000000, 0.0000000000000000000, 0.0000000000000000000, 0.0000000000000000000 ) ;
#4971 = CIRCLE ( 'NONE', #1519, 0.01999999999999999001 ) ;
#4972 = LINE ( 'NONE', #592, #3506 ) ;
#4973 = ORIENTED_EDGE ( 'NONE', *, *, #8205, .T. ) ;
#4974 = ORIENTED_EDGE ( 'NONE', *, *, #5247, .T. ) ;
#4975 = CARTESIAN_POINT ( 'NONE',  ( -0.2196633295073140979, -0.06194184244307657239, 0.2484999999999999154 ) ) ;
#4976 = UNCERTAINTY_MEASURE_WITH_UNIT (LENGTH_MEASURE( 1.000000000000000082E-05 ), #4272, 'distance_accuracy_value', 'NONE');
#4977 = FACE_OUTER_BOUND ( 'NONE', #4690, .T. ) ;
#4978 = STYLED_ITEM ( 'NONE', ( #5452 ), #7652 ) ;
#4979 = EDGE_CURVE ( 'NONE', #4231, #5213, #5368, .T. ) ;
#4980 = AXIS2_PLACEMENT_3D ( 'NONE', #4050, #934, #8763 ) ;
#4981 =( NAMED_UNIT ( * ) SI_UNIT ( $, .STERADIAN. ) SOLID_ANGLE_UNIT ( ) );
#4982 = CARTESIAN_POINT ( 'NONE',  ( 0.2344521488927472919, 0.1105752036591881177, 0.2484999999999999987 ) ) ;
#4983 = ORIENTED_EDGE ( 'NONE', *, *, #9887, .T. ) ;
#4984 = CARTESIAN_POINT ( 'NONE',  ( -0.2223383535309143844, -0.08573715522084403295, 0.2485000000000001652 ) ) ;
#4985 = FILL_AREA_STYLE ('',( #363 ) ) ;
#4986 = EDGE_LOOP ( 'NONE', ( #4649, #8845, #6400, #9868 ) ) ;
#4987 = DIRECTION ( 'NONE',  ( -0.0000000000000000000, -0.0000000000000000000, 1.000000000000000000 ) ) ;
#4988 = ORIENTED_EDGE ( 'NONE', *, *, #9470, .T. ) ;
#4989 = DIRECTION ( 'NONE',  ( -0.9848077530122077983, 0.1736481776669317745, 0.0000000000000000000 ) ) ;
#4990 = ADVANCED_FACE ( 'NONE', ( #5253 ), #1330, .F. ) ;
#4991 = ORIENTED_EDGE ( 'NONE', *, *, #8353, .F. ) ;
#4992 = CARTESIAN_POINT ( 'NONE',  ( 0.1420000000000001261, -0.05600000000000000810, 0.2505000000000000004 ) ) ;
#4993 = AXIS2_PLACEMENT_3D ( 'NONE', #2745, #5863, #5036 ) ;
#4994 = ADVANCED_FACE ( 'NONE', ( #2309 ), #1441, .F. ) ;
#4995 = EDGE_CURVE ( 'NONE', #4506, #8943, #1314, .T. ) ;
#4996 = AXIS2_PLACEMENT_3D ( 'NONE', #6153, #730, #2279 ) ;
#4997 = FILL_AREA_STYLE ('',( #9670 ) ) ;
#4998 = PRESENTATION_STYLE_ASSIGNMENT (( #9066 ) ) ;
#4999 = CYLINDRICAL_SURFACE ( 'NONE', #9287, 0.02000000000000000042 ) ;
#5000 = SURFACE_SIDE_STYLE ('',( #846 ) ) ;
#5001 = CARTESIAN_POINT ( 'NONE',  ( 0.2376540773755735636, 0.1120405787827159494, 0.2484999999999999709 ) ) ;
#5002 = CARTESIAN_POINT ( 'NONE',  ( -0.2257418905753964533, -0.08601086163563272102, 0.2505000000000000004 ) ) ;
#5003 =( LENGTH_UNIT ( ) NAMED_UNIT ( * ) SI_UNIT ( $, .METRE. ) );
#5004 = FILL_AREA_STYLE ('',( #3434 ) ) ;
#5005 = DIRECTION ( 'NONE',  ( -0.0000000000000000000, -0.0000000000000000000, -1.000000000000000000 ) ) ;
#5006 = ORIENTED_EDGE ( 'NONE', *, *, #5566, .F. ) ;
#5007 = CARTESIAN_POINT ( 'NONE',  ( -0.2301174295666930936, -0.07011820335873242271, 0.2504999999999999449 ) ) ;
#5008 = LENGTH_MEASURE_WITH_UNIT ( LENGTH_MEASURE( 0.02539999999999999897 ), #1426 );
#5009 = ORIENTED_EDGE ( 'NONE', *, *, #6989, .T. ) ;
#5010 = AXIS2_PLACEMENT_3D ( 'NONE', #2970, #9928, #6855 ) ;
#5011 = ORIENTED_EDGE ( 'NONE', *, *, #9991, .T. ) ;
#5012 = LINE ( 'NONE', #1494, #7697 ) ;
#5013 = SURFACE_SIDE_STYLE ('',( #922 ) ) ;
#5014 = DIRECTION ( 'NONE',  ( -0.0000000000000000000, 0.0000000000000000000, -1.000000000000000000 ) ) ;
#5015 = DIRECTION ( 'NONE',  ( 0.0000000000000000000, 0.0000000000000000000, 1.000000000000000000 ) ) ;
#5016 = ORIENTED_EDGE ( 'NONE', *, *, #7294, .T. ) ;
#5017 = CIRCLE ( 'NONE', #9434, 0.04000000000000004940 ) ;
#5018 = SURFACE_STYLE_FILL_AREA ( #9643 ) ;
#5019 = DIRECTION ( 'NONE',  ( 0.9848077530122079093, 0.1736481776669312471, 0.0000000000000000000 ) ) ;
#5020 =( NAMED_UNIT ( * ) PLANE_ANGLE_UNIT ( ) SI_UNIT ( $, .RADIAN. ) );
#5021 = DIRECTION ( 'NONE',  ( 0.0000000000000000000, 0.0000000000000000000, -1.000000000000000000 ) ) ;
#5022 =( CONVERSION_BASED_UNIT ( 'INCH', #2886 ) LENGTH_UNIT ( ) NAMED_UNIT ( #6795 ) );
#5023 = CYLINDRICAL_SURFACE ( 'NONE', #4408, 0.06000000000000004635 ) ;
#5024 = CARTESIAN_POINT ( 'NONE',  ( -0.2363550560093556352, -0.07589456158051277601, 0.2505000000000000004 ) ) ;
#5025 = STYLED_ITEM ( 'NONE', ( #7188 ), #5657 ) ;
#5026 = EDGE_CURVE ( 'NONE', #8909, #2049, #7471, .T. ) ;
#5027 = DIRECTION ( 'NONE',  ( 0.0000000000000000000, 1.000000000000000000, -0.0000000000000000000 ) ) ;
#5028 = AXIS2_PLACEMENT_3D ( 'NONE', #4105, #4882, #4207 ) ;
#5029 = LINE ( 'NONE', #976, #7482 ) ;
#5030 = LINE ( 'NONE', #4929, #9412 ) ;
#5031 = VERTEX_POINT ( 'NONE', #5437 ) ;
#5032 = VECTOR ( 'NONE', #6175, 39.37007874015748143 ) ;
#5033 = CARTESIAN_POINT ( 'NONE',  ( -0.5450000000000000400, 0.2470000000000000806, -0.01949999999999999997 ) ) ;
#5034 =( CONVERSION_BASED_UNIT ( 'INCH', #3651 ) LENGTH_UNIT ( ) NAMED_UNIT ( #8805 ) );
#5035 = DIRECTION ( 'NONE',  ( -1.000000000000000000, 0.0000000000000000000, 0.0000000000000000000 ) ) ;
#5036 = DIRECTION ( 'NONE',  ( 1.000000000000000000, 0.0000000000000000000, 0.0000000000000000000 ) ) ;
#5037 = CARTESIAN_POINT ( 'NONE',  ( -0.2191836475061524070, -0.07455062320528794972, 0.2505000000000001115 ) ) ;
#5038 = CARTESIAN_POINT ( 'NONE',  ( -0.2296873321727826989, -0.05787974965674244632, 0.2485000000000000264 ) ) ;
#5039 = MECHANICAL_DESIGN_GEOMETRIC_PRESENTATION_REPRESENTATION (  '', ( #4326 ), #7278 ) ;
#5040 = EDGE_CURVE ( 'NONE', #5380, #4216, #4614, .T. ) ;
#5041 = DIRECTION ( 'NONE',  ( -0.0000000000000000000, -0.0000000000000000000, -1.000000000000000000 ) ) ;
#5042 = DIRECTION ( 'NONE',  ( -0.0000000000000000000, -0.0000000000000000000, 1.000000000000000000 ) ) ;
#5043 = CYLINDRICAL_SURFACE ( 'NONE', #5175, 0.06000000000000004635 ) ;
#5044 = ORIENTED_EDGE ( 'NONE', *, *, #9213, .F. ) ;
#5045 = UNCERTAINTY_MEASURE_WITH_UNIT (LENGTH_MEASURE( 1.000000000000000082E-05 ), #4428, 'distance_accuracy_value', 'NONE');
#5046 = SURFACE_SIDE_STYLE ('',( #3334 ) ) ;
#5047 = CARTESIAN_POINT ( 'NONE',  ( 0.3089318641816256594, -0.09286481776669319732, 0.03950000000000000039 ) ) ;
#5048 = DIRECTION ( 'NONE',  ( -0.0000000000000000000, -0.0000000000000000000, -1.000000000000000000 ) ) ;
#5049 = SURFACE_STYLE_FILL_AREA ( #8486 ) ;
#5050 = CARTESIAN_POINT ( 'NONE',  ( 0.07199999999999985578, -0.05600000000000000810, -0.03565432893255038316 ) ) ;
#5051 = COLOUR_RGB ( '',0.9294117647058823817, 0.7607843137254901578, 0.4784313725490195734 ) ;
#5053 = ORIENTED_EDGE ( 'NONE', *, *, #8243, .F. ) ;
#5052 = SURFACE_STYLE_FILL_AREA ( #7932 ) ;
#5054 = AXIS2_PLACEMENT_3D ( 'NONE', #7456, #9654, #330 ) ;
#5055 = VERTEX_POINT ( 'NONE', #6272 ) ;
#5056 = EDGE_CURVE ( 'NONE', #1110, #1078, #3663, .T. ) ;
#5057 = EDGE_CURVE ( 'NONE', #6523, #4626, #2064, .T. ) ;
#5058 =( LENGTH_UNIT ( ) NAMED_UNIT ( * ) SI_UNIT ( $, .METRE. ) );
#5059 = DIRECTION ( 'NONE',  ( 0.1736481776669316079, -0.9848077530122077983, 0.0000000000000000000 ) ) ;
#5060 =( NAMED_UNIT ( * ) SI_UNIT ( $, .STERADIAN. ) SOLID_ANGLE_UNIT ( ) );
#5061 = SURFACE_STYLE_FILL_AREA ( #2826 ) ;
#5062 = DIRECTION ( 'NONE',  ( 0.0000000000000000000, 0.0000000000000000000, 1.000000000000000000 ) ) ;
#5063 = FACE_OUTER_BOUND ( 'NONE', #3936, .T. ) ;
#5064 = ORIENTED_EDGE ( 'NONE', *, *, #8848, .F. ) ;
#5066 = ORIENTED_EDGE ( 'NONE', *, *, #463, .T. ) ;
#5065 = PRESENTATION_STYLE_ASSIGNMENT (( #4072 ) ) ;
#5067 = CARTESIAN_POINT ( 'NONE',  ( -0.2104510888804048685, -0.07550000000000001155, -0.2195000000000000839 ) ) ;
#5068 = SURFACE_STYLE_FILL_AREA ( #5779 ) ;
#5069 = CARTESIAN_POINT ( 'NONE',  ( -0.2274989828162504168, -0.05257057506277315606, 0.2485000000000000542 ) ) ;
#5070 = SURFACE_STYLE_USAGE ( .BOTH. , #9221 ) ;
#5071 = AXIS2_PLACEMENT_3D ( 'NONE', #9236, #3022, #7643 ) ;
#5072 = COLOUR_RGB ( '',0.9294117647058823817, 0.7607843137254901578, 0.4784313725490195734 ) ;
#5073 = DIRECTION ( 'NONE',  ( -0.0000000000000000000, -0.0000000000000000000, 1.000000000000000000 ) ) ;
#5074 = LENGTH_MEASURE_WITH_UNIT ( LENGTH_MEASURE( 0.02539999999999999897 ), #5229 );
#5075 = EDGE_LOOP ( 'NONE', ( #1877, #2494 ) ) ;
#5076 =( LENGTH_UNIT ( ) NAMED_UNIT ( * ) SI_UNIT ( $, .METRE. ) );
#5077 = AXIS2_PLACEMENT_3D ( 'NONE', #1455, #5396, #1419 ) ;
#5078 = CARTESIAN_POINT ( 'NONE',  ( 0.05249999999999998418, -0.05600000000000000810, -0.2795000000000000262 ) ) ;
#5079 = ORIENTED_EDGE ( 'NONE', *, *, #6090, .T. ) ;
#5080 = AXIS2_PLACEMENT_3D ( 'NONE', #8464, #3010, #10015 ) ;
#5081 = LINE ( 'NONE', #4737, #2130 ) ;
#5082 = VECTOR ( 'NONE', #7056, 39.37007874015748143 ) ;
#5083 = ORIENTED_EDGE ( 'NONE', *, *, #6637, .T. ) ;
#5084 = DIRECTION ( 'NONE',  ( 0.0000000000000000000, 0.0000000000000000000, 1.000000000000000000 ) ) ;
#5085 = LENGTH_MEASURE_WITH_UNIT ( LENGTH_MEASURE( 0.02539999999999999897 ), #8420 );
#5086 = CARTESIAN_POINT ( 'NONE',  ( -0.2200000000000000011, 0.05600000000000000810, -0.2195000000000000007 ) ) ;
#5087 = EDGE_LOOP ( 'NONE', ( #7271, #8970, #2095, #10076 ) ) ;
#5088 = CARTESIAN_POINT ( 'NONE',  ( -0.2195714218119642347, -0.08483332323579352574, 0.2485000000000000264 ) ) ;
#5089 = DIRECTION ( 'NONE',  ( -1.000000000000000000, 0.0000000000000000000, 0.0000000000000000000 ) ) ;
#5090 =( GEOMETRIC_REPRESENTATION_CONTEXT ( 3 ) GLOBAL_UNCERTAINTY_ASSIGNED_CONTEXT ( ( #5235 ) ) GLOBAL_UNIT_ASSIGNED_CONTEXT ( ( #9674, #2605, #8855 ) ) REPRESENTATION_CONTEXT ( 'NONE', 'WORKASPACE' ) );
#5091 = LINE ( 'NONE', #4303, #8380 ) ;
#5092 = SURFACE_SIDE_STYLE ('',( #9482 ) ) ;
#5093 = ORIENTED_EDGE ( 'NONE', *, *, #3484, .F. ) ;
#5094 =( LENGTH_UNIT ( ) NAMED_UNIT ( * ) SI_UNIT ( $, .METRE. ) );
#5095 = ORIENTED_EDGE ( 'NONE', *, *, #9927, .T. ) ;
#5096 = ADVANCED_FACE ( 'NONE', ( #8304 ), #7803, .T. ) ;
#5097 = ADVANCED_FACE ( 'NONE', ( #3904 ), #7941, .F. ) ;
#5098 = DIRECTION ( 'NONE',  ( 0.0000000000000000000, 0.0000000000000000000, -1.000000000000000000 ) ) ;
#5099 = COLOUR_RGB ( '',0.7529411764705882248, 0.7529411764705882248, 0.7529411764705882248 ) ;
#5100 = EDGE_LOOP ( 'NONE', ( #3634, #652, #9455, #9152 ) ) ;
#5101 = STYLED_ITEM ( 'NONE', ( #8710 ), #6638 ) ;
#5102 = EDGE_CURVE ( 'NONE', #177, #8943, #10105, .T. ) ;
#5103 = ORIENTED_EDGE ( 'NONE', *, *, #570, .F. ) ;
#5104 = CARTESIAN_POINT ( 'NONE',  ( -0.3396961550602440871, 0.08160814578664550567, 0.01949999999999999997 ) ) ;
#5105 = FILL_AREA_STYLE ('',( #2978 ) ) ;
#5106 = UNCERTAINTY_MEASURE_WITH_UNIT (LENGTH_MEASURE( 1.000000000000000082E-05 ), #3986, 'distance_accuracy_value', 'NONE');
#5107 = COLOUR_RGB ( '',1.000000000000000000, 1.000000000000000000, 0.0000000000000000000 ) ;
#5108 = CARTESIAN_POINT ( 'NONE',  ( 0.03250000000000002887, -0.05599999999999999423, -0.2013975032409335841 ) ) ;
#5109 = CARTESIAN_POINT ( 'NONE',  ( -0.2211280592765510755, -0.07798858666771944781, 0.2484999999999999154 ) ) ;
#5110 = FILL_AREA_STYLE ('',( #4291 ) ) ;
#5111 = LENGTH_MEASURE_WITH_UNIT ( LENGTH_MEASURE( 0.02539999999999999897 ), #3787 );
#5112 = LINE ( 'NONE', #2558, #566 ) ;
#5113 = PRESENTATION_STYLE_ASSIGNMENT (( #8775 ) ) ;
#5114 = EDGE_LOOP ( 'NONE', ( #6155, #7119, #8186, #7326 ) ) ;
#5115 = DIRECTION ( 'NONE',  ( 0.0000000000000000000, 0.0000000000000000000, 1.000000000000000000 ) ) ;
#5116 = ORIENTED_EDGE ( 'NONE', *, *, #2822, .F. ) ;
#5117 = AXIS2_PLACEMENT_3D ( 'NONE', #4671, #9349, #7752 ) ;
#5118 = CARTESIAN_POINT ( 'NONE',  ( -0.2242770134151104156, -0.04506763938828553528, 0.2485000000000000264 ) ) ;
#5119 = EDGE_CURVE ( 'NONE', #6164, #4585, #1934, .T. ) ;
#5120 = EDGE_CURVE ( 'NONE', #7087, #3245, #9772, .T. ) ;
#5121 = DIRECTION ( 'NONE',  ( -1.000000000000000000, 0.0000000000000000000, 0.0000000000000000000 ) ) ;
#5122 = LENGTH_MEASURE_WITH_UNIT ( LENGTH_MEASURE( 0.02539999999999999897 ), #142 );
#5123 = DIRECTION ( 'NONE',  ( -1.000000000000000000, 0.0000000000000000000, -0.0000000000000000000 ) ) ;
#5124 = CARTESIAN_POINT ( 'NONE',  ( 0.2458437804511574010, 0.1209459635416667289, 0.2484999999999999987 ) ) ;
#5125 = DIRECTION ( 'NONE',  ( -1.000000000000000000, 0.0000000000000000000, 0.0000000000000000000 ) ) ;
#5126 = FACE_OUTER_BOUND ( 'NONE', #5428, .T. ) ;
#5127 = DIRECTION ( 'NONE',  ( 0.0000000000000000000, -1.000000000000000000, 0.0000000000000000000 ) ) ;
#5128 = ORIENTED_EDGE ( 'NONE', *, *, #761, .F. ) ;
#5129 = DIRECTION ( 'NONE',  ( 0.0000000000000000000, 0.0000000000000000000, -1.000000000000000000 ) ) ;
#5130 = LINE ( 'NONE', #5632, #4621 ) ;
#5131 = PRESENTATION_STYLE_ASSIGNMENT (( #8016 ) ) ;
#5132 = ORIENTED_EDGE ( 'NONE', *, *, #4979, .T. ) ;
#5133 = CARTESIAN_POINT ( 'NONE',  ( 0.2159999999999999976, 0.05600000000000000810, -0.2795000000000000262 ) ) ;
#5134 = LINE ( 'NONE', #6091, #9041 ) ;
#5135 = PRESENTATION_LAYER_ASSIGNMENT (  '', '', ( #8787 ) ) ;
#5136 = DIRECTION ( 'NONE',  ( -1.000000000000000000, 0.0000000000000000000, 0.0000000000000000000 ) ) ;
#5137 = ORIENTED_EDGE ( 'NONE', *, *, #6301, .F. ) ;
#5138 = CARTESIAN_POINT ( 'NONE',  ( -0.2281952199157394334, -0.07665288470382310149, 0.2484999999999999154 ) ) ;
#5139 = DIRECTION ( 'NONE',  ( -0.0000000000000000000, -0.0000000000000000000, 1.000000000000000000 ) ) ;
#5140 = CARTESIAN_POINT ( 'NONE',  ( 0.2609115348192674322, 0.2355000000000000426, -0.01949999999999999997 ) ) ;
#5141 =( NAMED_UNIT ( * ) PLANE_ANGLE_UNIT ( ) SI_UNIT ( $, .RADIAN. ) );
#5142 = CARTESIAN_POINT ( 'NONE',  ( -0.2255957433128985279, -0.07098093616452989807, 0.2505000000000000004 ) ) ;
#5143 = PRESENTATION_LAYER_ASSIGNMENT (  '', '', ( #1644 ) ) ;
#5144 = DIRECTION ( 'NONE',  ( 0.0000000000000000000, 0.0000000000000000000, 1.000000000000000000 ) ) ;
#5145 = AXIS2_PLACEMENT_3D ( 'NONE', #9283, #10016, #3864 ) ;
#5146 = LENGTH_MEASURE_WITH_UNIT ( LENGTH_MEASURE( 0.02539999999999999897 ), #2530 );
#5147 = DIRECTION ( 'NONE',  ( -0.1736481776669316079, -0.9848077530122077983, -0.0000000000000000000 ) ) ;
#5148 = ORIENTED_EDGE ( 'NONE', *, *, #3069, .T. ) ;
#5149 = CARTESIAN_POINT ( 'NONE',  ( -0.2281952199157394334, -0.07665288470382310149, 0.2504999999999999449 ) ) ;
#5150 = DIRECTION ( 'NONE',  ( -1.000000000000000000, 0.0000000000000000000, 0.0000000000000000000 ) ) ;
#5151 = CARTESIAN_POINT ( 'NONE',  ( -0.002000000000000006113, 0.05600000000000000810, -0.3395000000000000240 ) ) ;
#5152 = DIRECTION ( 'NONE',  ( 1.000000000000000000, -0.0000000000000000000, -0.0000000000000000000 ) ) ;
#5153 = PRESENTATION_STYLE_ASSIGNMENT (( #1715 ) ) ;
#5154 = ADVANCED_FACE ( 'NONE', ( #2179 ), #7231, .T. ) ;
#5155 = DIMENSIONAL_EXPONENTS ( 1.000000000000000000, 0.0000000000000000000, 0.0000000000000000000, 0.0000000000000000000, 0.0000000000000000000, 0.0000000000000000000, 0.0000000000000000000 ) ;
#5156 = FACE_OUTER_BOUND ( 'NONE', #933, .T. ) ;
#5157 = CIRCLE ( 'NONE', #9068, 0.05999999999999997696 ) ;
#5158 = DIRECTION ( 'NONE',  ( -1.000000000000000000, 0.0000000000000000000, 0.0000000000000000000 ) ) ;
#5159 = ORIENTED_EDGE ( 'NONE', *, *, #1186, .F. ) ;
#5160 = DIRECTION ( 'NONE',  ( 1.000000000000000000, -0.0000000000000000000, 0.0000000000000000000 ) ) ;
#5161 = LINE ( 'NONE', #9876, #7380 ) ;
#5162 = MECHANICAL_DESIGN_GEOMETRIC_PRESENTATION_REPRESENTATION (  '', ( #3195 ), #9532 ) ;
#5163 = EDGE_CURVE ( 'NONE', #6201, #3890, #2303, .T. ) ;
#5164 =( NAMED_UNIT ( * ) SI_UNIT ( $, .STERADIAN. ) SOLID_ANGLE_UNIT ( ) );
#5165 = AXIS2_PLACEMENT_3D ( 'NONE', #2396, #5654, #968 ) ;
#5166 = ORIENTED_EDGE ( 'NONE', *, *, #1742, .F. ) ;
#5167 = CIRCLE ( 'NONE', #973, 0.02000000000000000042 ) ;
#5168 = DIRECTION ( 'NONE',  ( -0.0000000000000000000, -0.0000000000000000000, 1.000000000000000000 ) ) ;
#5169 = CARTESIAN_POINT ( 'NONE',  ( -0.2200000000000000011, 0.05600000000000000810, -0.3395000000000000240 ) ) ;
#5170 = ORIENTED_EDGE ( 'NONE', *, *, #3069, .F. ) ;
#5171 = DIRECTION ( 'NONE',  ( -0.0000000000000000000, -0.0000000000000000000, -1.000000000000000000 ) ) ;
#5172 =( NAMED_UNIT ( * ) PLANE_ANGLE_UNIT ( ) SI_UNIT ( $, .RADIAN. ) );
#5173 = ORIENTED_EDGE ( 'NONE', *, *, #5776, .F. ) ;
#5174 = ORIENTED_EDGE ( 'NONE', *, *, #7728, .T. ) ;
#5175 = AXIS2_PLACEMENT_3D ( 'NONE', #7606, #3707, #4420 ) ;
#5176 = EDGE_CURVE ( 'NONE', #8789, #2832, #8535, .T. ) ;
#5177 = MECHANICAL_DESIGN_GEOMETRIC_PRESENTATION_REPRESENTATION (  '', ( #7603 ), #775 ) ;
#5178 =( CONVERSION_BASED_UNIT ( 'INCH', #138 ) LENGTH_UNIT ( ) NAMED_UNIT ( #508 ) );
#5179 = LENGTH_MEASURE_WITH_UNIT ( LENGTH_MEASURE( 0.02539999999999999897 ), #3727 );
#5181 = VERTEX_POINT ( 'NONE', #2422 ) ;
#5180 = VECTOR ( 'NONE', #1075, 39.37007874015748143 ) ;
#5182 = DIRECTION ( 'NONE',  ( 0.0000000000000000000, 0.0000000000000000000, -1.000000000000000000 ) ) ;
#5183 = ORIENTED_EDGE ( 'NONE', *, *, #7672, .T. ) ;
#5184 = CARTESIAN_POINT ( 'NONE',  ( -0.3790884651807323591, 0.07466221867996829242, -0.1694999999999999840 ) ) ;
#5185 = CARTESIAN_POINT ( 'NONE',  ( -0.2695395540611373320, -0.08591889066001594244, 0.2514999999999999458 ) ) ;
#5186 =( NAMED_UNIT ( * ) PLANE_ANGLE_UNIT ( ) SI_UNIT ( $, .RADIAN. ) );
#5187 = CARTESIAN_POINT ( 'NONE',  ( -0.2288223112295101336, -0.06182614979720842119, 0.2505000000000000560 ) ) ;
#5188 = DIRECTION ( 'NONE',  ( -1.000000000000000000, 0.0000000000000000000, 0.0000000000000000000 ) ) ;
#5189 = LINE ( 'NONE', #6358, #3096 ) ;
#5190 = VECTOR ( 'NONE', #319, 39.37007874015748143 ) ;
#5191 = MECHANICAL_DESIGN_GEOMETRIC_PRESENTATION_REPRESENTATION (  '', ( #4650 ), #7291 ) ;
#5192 = EDGE_CURVE ( 'NONE', #5491, #6771, #2802, .T. ) ;
#5193 = EDGE_CURVE ( 'NONE', #324, #2966, #2552, .T. ) ;
#5194 = ORIENTED_EDGE ( 'NONE', *, *, #6150, .F. ) ;
#5195 = DIRECTION ( 'NONE',  ( 0.9848077530122077983, -0.1736481776669317745, 0.0000000000000000000 ) ) ;
#5196 = DIRECTION ( 'NONE',  ( -0.0000000000000000000, -0.0000000000000000000, -1.000000000000000000 ) ) ;
#5197 = DIRECTION ( 'NONE',  ( -1.000000000000000000, 0.0000000000000000000, 0.0000000000000000000 ) ) ;
#5198 = DIRECTION ( 'NONE',  ( 0.0000000000000000000, -0.0000000000000000000, -1.000000000000000000 ) ) ;
#5199 = COLOUR_RGB ( '',0.7529411764705882248, 0.7529411764705882248, 0.7529411764705882248 ) ;
#5200 = ORIENTED_EDGE ( 'NONE', *, *, #2687, .F. ) ;
#5201 = SURFACE_STYLE_FILL_AREA ( #7612 ) ;
#5202 = ORIENTED_EDGE ( 'NONE', *, *, #2749, .F. ) ;
#5203 = DIRECTION ( 'NONE',  ( -1.000000000000000000, 0.0000000000000000000, 0.0000000000000000000 ) ) ;
#5204 = CARTESIAN_POINT ( 'NONE',  ( 0.2433400616042395714, 0.1166132905068704428, 0.2485000000000000542 ) ) ;
#5205 = VECTOR ( 'NONE', #3278, 39.37007874015748143 ) ;
#5206 = FILL_AREA_STYLE_COLOUR ( '', #5051 ) ;
#5207 = DIRECTION ( 'NONE',  ( -0.0000000000000000000, -0.0000000000000000000, -1.000000000000000000 ) ) ;
#5208 = AXIS2_PLACEMENT_3D ( 'NONE', #4160, #6524, #2650 ) ;
#5209 = AXIS2_PLACEMENT_3D ( 'NONE', #925, #6407, #8819 ) ;
#5210 = VERTEX_POINT ( 'NONE', #855 ) ;
#5211 = PRESENTATION_STYLE_ASSIGNMENT (( #396 ) ) ;
#5212 = B_SPLINE_SURFACE_WITH_KNOTS ( 'NONE', 3, 1, ( 
 ( #7930, #62 ),
 ( #7970, #9449 ),
 ( #3288, #8746 ),
 ( #4851, #4782 ),
 ( #6472, #273 ),
 ( #1864, #7362 ),
 ( #9665, #4886 ),
 ( #5747, #2666 ),
 ( #8137, #4248 ),
 ( #3453, #7288 ),
 ( #210, #8100 ),
 ( #4139, #3354 ),
 ( #3317, #5678 ),
 ( #8917, #308 ),
 ( #9697, #8037 ),
 ( #7256, #8005 ),
 ( #240, #983 ),
 ( #2560, #5024 ),
 ( #340, #7220 ) ),
 .UNSPECIFIED., .F., .F., .F.,
 ( 4, 1, 1, 1, 1, 1, 1, 1, 1, 1, 1, 1, 1, 1, 1, 1, 4 ),
 ( 2, 2 ),
 ( 0.0000000000000000000, 0.06604218868324747416, 0.1295778492903639223, 0.1906389490435834722, 0.2496406897267335889, 0.3069233147321072108, 0.3634138554911024999, 0.4201891275842972173, 0.4768918382378994902, 0.5343976327958666062, 0.5933314940605733945, 0.6539640631941074922, 0.7166316030423103278, 0.7824465528426792771, 0.8512634545319289758, 0.9236441324383487528, 1.000000000000000000 ),
 ( 0.0000000000000000000, 1.000000000000000000 ),
 .UNSPECIFIED. ) ;
#5213 = VERTEX_POINT ( 'NONE', #7152 ) ;
#5214 = LENGTH_MEASURE_WITH_UNIT ( LENGTH_MEASURE( 0.02539999999999999897 ), #7747 );
#5215 = DIRECTION ( 'NONE',  ( 1.000000000000000000, 0.0000000000000000000, 0.0000000000000000000 ) ) ;
#5216 = SURFACE_STYLE_FILL_AREA ( #6471 ) ;
#5217 =( NAMED_UNIT ( * ) PLANE_ANGLE_UNIT ( ) SI_UNIT ( $, .RADIAN. ) );
#5218 =( CONVERSION_BASED_UNIT ( 'INCH', #3239 ) LENGTH_UNIT ( ) NAMED_UNIT ( #2608 ) );
#5219 = EDGE_LOOP ( 'NONE', ( #3436, #1740, #9730, #7551 ) ) ;
#5220 = DIRECTION ( 'NONE',  ( -0.0000000000000000000, -0.0000000000000000000, 1.000000000000000000 ) ) ;
#5221 = SURFACE_SIDE_STYLE ('',( #5061 ) ) ;
#5222 =( NAMED_UNIT ( * ) PLANE_ANGLE_UNIT ( ) SI_UNIT ( $, .RADIAN. ) );
#5223 = ORIENTED_EDGE ( 'NONE', *, *, #7062, .F. ) ;
#5224 = AXIS2_PLACEMENT_3D ( 'NONE', #5782, #8842, #1056 ) ;
#5225 = EDGE_CURVE ( 'NONE', #6986, #4126, #9985, .T. ) ;
#5226 = DIRECTION ( 'NONE',  ( -1.000000000000000000, 0.0000000000000000000, 0.0000000000000000000 ) ) ;
#5227 = LINE ( 'NONE', #8270, #6322 ) ;
#5228 = AXIS2_PLACEMENT_3D ( 'NONE', #9308, #1107, #5833 ) ;
#5229 =( LENGTH_UNIT ( ) NAMED_UNIT ( * ) SI_UNIT ( $, .METRE. ) );
#5230 = CIRCLE ( 'NONE', #8038, 0.02999999999999997113 ) ;
#5231 = CARTESIAN_POINT ( 'NONE',  ( -0.1110000000000000014, 0.05600000000000000810, -0.03565432893255038316 ) ) ;
#5232 = ORIENTED_EDGE ( 'NONE', *, *, #7341, .T. ) ;
#5233 = DIRECTION ( 'NONE',  ( 0.0000000000000000000, 0.0000000000000000000, -1.000000000000000000 ) ) ;
#5234 = DIRECTION ( 'NONE',  ( -0.0000000000000000000, -0.0000000000000000000, 1.000000000000000000 ) ) ;
#5235 = UNCERTAINTY_MEASURE_WITH_UNIT (LENGTH_MEASURE( 1.000000000000000082E-05 ), #9674, 'distance_accuracy_value', 'NONE');
#5236 = FACE_OUTER_BOUND ( 'NONE', #5682, .T. ) ;
#5237 = EDGE_CURVE ( 'NONE', #184, #5721, #7639, .T. ) ;
#5238 =( LENGTH_UNIT ( ) NAMED_UNIT ( * ) SI_UNIT ( $, .METRE. ) );
#5239 = FILL_AREA_STYLE_COLOUR ( '', #1658 ) ;
#5240 = ORIENTED_EDGE ( 'NONE', *, *, #5192, .F. ) ;
#5241 = CIRCLE ( 'NONE', #6004, 0.01949999999999987160 ) ;
#5242 = ADVANCED_FACE ( 'Face5', ( #9641, #5987, #3535, #3892 ), #7372, .T. ) ;
#5243 = CARTESIAN_POINT ( 'NONE',  ( -0.2354656029322788335, -0.05061909484869259873, 0.2484999999999999709 ) ) ;
#5244 = LINE ( 'NONE', #7079, #3769 ) ;
#5245 = MECHANICAL_DESIGN_GEOMETRIC_PRESENTATION_REPRESENTATION (  '', ( #9102 ), #2224 ) ;
#5246 = CARTESIAN_POINT ( 'NONE',  ( -0.2110283181366034710, -0.06442318026056759184, 0.2484999999999999987 ) ) ;
#5247 = EDGE_CURVE ( 'NONE', #9765, #4226, #3294, .T. ) ;
#5248 = EDGE_CURVE ( 'NONE', #2891, #8590, #9038, .T. ) ;
#5249 = DIRECTION ( 'NONE',  ( -0.0000000000000000000, -0.0000000000000000000, -1.000000000000000000 ) ) ;
#5250 = DIRECTION ( 'NONE',  ( -1.000000000000000000, 0.0000000000000000000, 0.0000000000000000000 ) ) ;
#5251 = ORIENTED_EDGE ( 'NONE', *, *, #1757, .T. ) ;
#5252 = DIRECTION ( 'NONE',  ( -0.0000000000000000000, -0.0000000000000000000, 1.000000000000000000 ) ) ;
#5253 = FACE_OUTER_BOUND ( 'NONE', #9444, .T. ) ;
#5254 = VERTEX_POINT ( 'NONE', #1102 ) ;
#5255 = DIRECTION ( 'NONE',  ( -0.1736481776669317745, -0.9848077530122077983, -0.0000000000000000000 ) ) ;
#5256 = CARTESIAN_POINT ( 'NONE',  ( -0.1954999999999999793, -0.05600000000000000810, -0.2013975032409335841 ) ) ;
#5257 = FILL_AREA_STYLE_COLOUR ( '', #5836 ) ;
#5258 = ORIENTED_EDGE ( 'NONE', *, *, #655, .F. ) ;
#5259 = VERTEX_POINT ( 'NONE', #251 ) ;
#5260 = CARTESIAN_POINT ( 'NONE',  ( 0.2609115348192674322, 0.09550000000000004319, -0.2195000000000000839 ) ) ;
#5261 =( NAMED_UNIT ( * ) PLANE_ANGLE_UNIT ( ) SI_UNIT ( $, .RADIAN. ) );
#5262 = STYLED_ITEM ( 'NONE', ( #5065 ), #725 ) ;
#5263 =( GEOMETRIC_REPRESENTATION_CONTEXT ( 3 ) GLOBAL_UNCERTAINTY_ASSIGNED_CONTEXT ( ( #9608 ) ) GLOBAL_UNIT_ASSIGNED_CONTEXT ( ( #7020, #10060, #2323 ) ) REPRESENTATION_CONTEXT ( 'NONE', 'WORKASPACE' ) );
#5264 = COLOUR_RGB ( '',0.9294117647058823817, 0.7607843137254901578, 0.4784313725490195734 ) ;
#5265 =( GEOMETRIC_REPRESENTATION_CONTEXT ( 3 ) GLOBAL_UNCERTAINTY_ASSIGNED_CONTEXT ( ( #579 ) ) GLOBAL_UNIT_ASSIGNED_CONTEXT ( ( #9291, #618, #6099 ) ) REPRESENTATION_CONTEXT ( 'NONE', 'WORKASPACE' ) );
#5266 =( NAMED_UNIT ( * ) SI_UNIT ( $, .STERADIAN. ) SOLID_ANGLE_UNIT ( ) );
#5267 = DIRECTION ( 'NONE',  ( -0.0000000000000000000, -0.0000000000000000000, 1.000000000000000000 ) ) ;
#5268 = PLANE ( 'NONE',  #5080 ) ;
#5269 = FILL_AREA_STYLE ('',( #512 ) ) ;
#5270 = FACE_BOUND ( 'NONE', #2998, .T. ) ;
#5271 = LENGTH_MEASURE_WITH_UNIT ( LENGTH_MEASURE( 0.02539999999999999897 ), #1487 );
#5272 = VERTEX_POINT ( 'NONE', #2573 ) ;
#5273 = CARTESIAN_POINT ( 'NONE',  ( -0.2374551583921264142, -0.05773874378914155975, 0.2484999999999999987 ) ) ;
#5274 = SURFACE_STYLE_FILL_AREA ( #6577 ) ;
#5275 = PRESENTATION_LAYER_ASSIGNMENT (  '', '', ( #6137 ) ) ;
#5276 = AXIS2_PLACEMENT_3D ( 'NONE', #5920, #4987, #7491 ) ;
#5277 = FILL_AREA_STYLE_COLOUR ( '', #4304 ) ;
#5278 = DIRECTION ( 'NONE',  ( -1.000000000000000000, 0.0000000000000000000, 0.0000000000000000000 ) ) ;
#5279 = CARTESIAN_POINT ( 'NONE',  ( -0.2285993249480930689, -0.07498309285789341028, 0.2505000000000000004 ) ) ;
#5280 = CARTESIAN_POINT ( 'NONE',  ( -0.6049999999999999822, 0.1870000000000001106, -0.01949999999999999997 ) ) ;
#5281 =( NAMED_UNIT ( * ) PLANE_ANGLE_UNIT ( ) SI_UNIT ( $, .RADIAN. ) );
#5282 = PRESENTATION_STYLE_ASSIGNMENT (( #6031 ) ) ;
#5283 = LINE ( 'NONE', #9245, #4905 ) ;
#5284 = CIRCLE ( 'NONE', #9753, 0.01999999999999995878 ) ;
#5285 = UNCERTAINTY_MEASURE_WITH_UNIT (LENGTH_MEASURE( 1.000000000000000082E-05 ), #7797, 'distance_accuracy_value', 'NONE');
#5286 = ORIENTED_EDGE ( 'NONE', *, *, #9535, .F. ) ;
#5287 = PRESENTATION_LAYER_ASSIGNMENT (  '', '', ( #5101 ) ) ;
#5288 = EDGE_CURVE ( 'NONE', #7986, #1295, #4623, .T. ) ;
#5289 = ADVANCED_FACE ( 'NONE', ( #229 ), #7300, .F. ) ;
#5290 = CARTESIAN_POINT ( 'NONE',  ( 0.4919999999999999929, 0.0000000000000000000, 0.01949999999999999997 ) ) ;
#5291 =( NAMED_UNIT ( * ) PLANE_ANGLE_UNIT ( ) SI_UNIT ( $, .RADIAN. ) );
#5292 = ORIENTED_EDGE ( 'NONE', *, *, #3968, .T. ) ;
#5293 = EDGE_LOOP ( 'NONE', ( #948, #3670, #6011, #2135 ) ) ;
#5294 = CIRCLE ( 'NONE', #6606, 0.02000000000000000042 ) ;
#5295 = FILL_AREA_STYLE ('',( #1411 ) ) ;
#5296 = CARTESIAN_POINT ( 'NONE',  ( -0.2355683328630419904, -0.07903310997290503848, 0.2484999999999999154 ) ) ;
#5297 = LENGTH_MEASURE_WITH_UNIT ( LENGTH_MEASURE( 0.02539999999999999897 ), #1254 );
#5298 = CARTESIAN_POINT ( 'NONE',  ( 0.2609115348192674322, 0.09550000000000004319, 0.2505000000000000004 ) ) ;
#5299 =( LENGTH_UNIT ( ) NAMED_UNIT ( * ) SI_UNIT ( $, .METRE. ) );
#5300 = CYLINDRICAL_SURFACE ( 'NONE', #1037, 0.01949999999999987160 ) ;
#5302 = ORIENTED_EDGE ( 'NONE', *, *, #4204, .F. ) ;
#5301 = COLOUR_RGB ( '',1.000000000000000000, 1.000000000000000000, 0.0000000000000000000 ) ;
#5303 =( GEOMETRIC_REPRESENTATION_CONTEXT ( 3 ) GLOBAL_UNCERTAINTY_ASSIGNED_CONTEXT ( ( #3592 ) ) GLOBAL_UNIT_ASSIGNED_CONTEXT ( ( #9929, #9215, #2906 ) ) REPRESENTATION_CONTEXT ( 'NONE', 'WORKASPACE' ) );
#5304 = EDGE_CURVE ( 'NONE', #5645, #9613, #5361, .T. ) ;
#5305 = EDGE_CURVE ( 'NONE', #8777, #3336, #5741, .T. ) ;
#5306 = DIRECTION ( 'NONE',  ( -0.0000000000000000000, -0.0000000000000000000, 1.000000000000000000 ) ) ;
#5307 = FILL_AREA_STYLE ('',( #1350 ) ) ;
#5308 = FACE_OUTER_BOUND ( 'NONE', #1684, .T. ) ;
#5309 = ORIENTED_EDGE ( 'NONE', *, *, #2938, .T. ) ;
#5310 =( CONVERSION_BASED_UNIT ( 'INCH', #6146 ) LENGTH_UNIT ( ) NAMED_UNIT ( #6256 ) );
#5311 = ORIENTED_EDGE ( 'NONE', *, *, #8298, .T. ) ;
#5312 = CARTESIAN_POINT ( 'NONE',  ( 0.1269999999999999740, 0.05600000000000000810, -0.2795000000000000262 ) ) ;
#5313 = PRESENTATION_STYLE_ASSIGNMENT (( #5322 ) ) ;
#5314 = CARTESIAN_POINT ( 'NONE',  ( 0.5449999999999998179, -0.2469999999999998308, 0.01949999999999999997 ) ) ;
#5315 = SURFACE_SIDE_STYLE ('',( #2845 ) ) ;
#5316 = CARTESIAN_POINT ( 'NONE',  ( -0.2374551583921264142, -0.05773874378914155975, 0.2505000000000000004 ) ) ;
#5317 = STYLED_ITEM ( 'NONE', ( #4689 ), #585 ) ;
#5318 = ORIENTED_EDGE ( 'NONE', *, *, #7547, .F. ) ;
#5319 = VERTEX_POINT ( 'NONE', #347 ) ;
#5320 = LINE ( 'NONE', #3717, #8495 ) ;
#5321 = ORIENTED_EDGE ( 'NONE', *, *, #2038, .F. ) ;
#5322 = SURFACE_STYLE_USAGE ( .BOTH. , #2308 ) ;
#5323 = DIRECTION ( 'NONE',  ( -0.0000000000000000000, 0.0000000000000000000, -1.000000000000000000 ) ) ;
#5324 = LENGTH_MEASURE_WITH_UNIT ( LENGTH_MEASURE( 0.02539999999999999897 ), #6844 );
#5325 = CIRCLE ( 'NONE', #5054, 0.02999999999999993644 ) ;
#5326 = ORIENTED_EDGE ( 'NONE', *, *, #6948, .T. ) ;
#5327 = ORIENTED_EDGE ( 'NONE', *, *, #9420, .T. ) ;
#5328 = CARTESIAN_POINT ( 'NONE',  ( -0.1110000000000000014, 0.05600000000000000810, -0.2795000000000000262 ) ) ;
#5329 =( NAMED_UNIT ( * ) PLANE_ANGLE_UNIT ( ) SI_UNIT ( $, .RADIAN. ) );
#5330 = CARTESIAN_POINT ( 'NONE',  ( -0.2359194727300702454, -0.07791654446323503791, 0.2485000000000000542 ) ) ;
#5331 = FILL_AREA_STYLE ('',( #7722 ) ) ;
#5332 = CARTESIAN_POINT ( 'NONE',  ( -0.6049999999999999822, -0.1869999999999998330, 0.01949999999999999997 ) ) ;
#5333 = DIRECTION ( 'NONE',  ( -0.0000000000000000000, -0.0000000000000000000, -1.000000000000000000 ) ) ;
#5334 = AXIS2_PLACEMENT_3D ( 'NONE', #2548, #1782, #1820 ) ;
#5335 = PRESENTATION_LAYER_ASSIGNMENT (  '', '', ( #297 ) ) ;
#5336 = LENGTH_MEASURE_WITH_UNIT ( LENGTH_MEASURE( 0.02539999999999999897 ), #7217 );
#5337 = MECHANICAL_DESIGN_GEOMETRIC_PRESENTATION_REPRESENTATION (  '', ( #7760 ), #8806 ) ;
#5338 =( CONVERSION_BASED_UNIT ( 'INCH', #4300 ) LENGTH_UNIT ( ) NAMED_UNIT ( #6786 ) );
#5339 = ORIENTED_EDGE ( 'NONE', *, *, #2086, .T. ) ;
#5340 = DIRECTION ( 'NONE',  ( 1.000000000000000000, 0.0000000000000000000, 0.0000000000000000000 ) ) ;
#5341 = FILL_AREA_STYLE_COLOUR ( '', #2715 ) ;
#5342 = VECTOR ( 'NONE', #6270, 39.37007874015748143 ) ;
#5343 = SURFACE_SIDE_STYLE ('',( #4960 ) ) ;
#5344 =( NAMED_UNIT ( * ) SI_UNIT ( $, .STERADIAN. ) SOLID_ANGLE_UNIT ( ) );
#5345 = DIRECTION ( 'NONE',  ( -0.0000000000000000000, -0.0000000000000000000, -1.000000000000000000 ) ) ;
#5346 = PRESENTATION_LAYER_ASSIGNMENT (  '', '', ( #3195 ) ) ;
#5347 = ORIENTED_EDGE ( 'NONE', *, *, #7081, .F. ) ;
#5348 = STYLED_ITEM ( 'NONE', ( #7135 ), #2801 ) ;
#5349 = UNCERTAINTY_MEASURE_WITH_UNIT (LENGTH_MEASURE( 1.000000000000000082E-05 ), #230, 'distance_accuracy_value', 'NONE');
#5350 = FACE_OUTER_BOUND ( 'NONE', #8274, .T. ) ;
#5351 = CIRCLE ( 'NONE', #3179, 0.01949999999999988895 ) ;
#5352 = FILL_AREA_STYLE ('',( #4591 ) ) ;
#5353 = EDGE_LOOP ( 'NONE', ( #3494, #4458, #7022, #5790 ) ) ;
#5354 = VECTOR ( 'NONE', #2911, 39.37007874015748143 ) ;
#5355 = EDGE_LOOP ( 'NONE', ( #5874, #6324, #8085, #9274 ) ) ;
#5356 = STYLED_ITEM ( 'NONE', ( #7003 ), #6642 ) ;
#5357 = EDGE_CURVE ( 'NONE', #4274, #7424, #5869, .T. ) ;
#5358 = PRESENTATION_LAYER_ASSIGNMENT (  '', '', ( #4838 ) ) ;
#5359 = CARTESIAN_POINT ( 'NONE',  ( 0.1615000000000000047, -0.05600000000000000810, -0.2195000000000000007 ) ) ;
#5360 = DIRECTION ( 'NONE',  ( 1.000000000000000000, 0.0000000000000000000, -0.0000000000000000000 ) ) ;
#5361 = LINE ( 'NONE', #3665, #4876 ) ;
#5362 =( CONVERSION_BASED_UNIT ( 'INCH', #6340 ) LENGTH_UNIT ( ) NAMED_UNIT ( #83 ) );
#5363 = DIRECTION ( 'NONE',  ( -0.0000000000000000000, -0.0000000000000000000, 1.000000000000000000 ) ) ;
#5364 = DIMENSIONAL_EXPONENTS ( 1.000000000000000000, 0.0000000000000000000, 0.0000000000000000000, 0.0000000000000000000, 0.0000000000000000000, 0.0000000000000000000, 0.0000000000000000000 ) ;
#5365 = DIRECTION ( 'NONE',  ( -1.000000000000000000, 0.0000000000000000000, 0.0000000000000000000 ) ) ;
#5366 = PRESENTATION_STYLE_ASSIGNMENT (( #2177 ) ) ;
#5367 = VERTEX_POINT ( 'NONE', #6754 ) ;
#5368 = LINE ( 'NONE', #2954, #5478 ) ;
#5369 = AXIS2_PLACEMENT_3D ( 'NONE', #9685, #9761, #300 ) ;
#5370 = CARTESIAN_POINT ( 'NONE',  ( 0.2344521488927472919, 0.1027971337473291280, 0.2505000000000000004 ) ) ;
#5371 = EDGE_CURVE ( 'NONE', #5414, #4126, #7812, .T. ) ;
#5372 = EDGE_CURVE ( 'NONE', #7582, #237, #5351, .T. ) ;
#5373 = CARTESIAN_POINT ( 'NONE',  ( -0.2200000000000000011, 0.05600000000000000810, -0.2795000000000000262 ) ) ;
#5374 = VERTEX_POINT ( 'NONE', #8306 ) ;
#5375 =( CONVERSION_BASED_UNIT ( 'INCH', #8738 ) LENGTH_UNIT ( ) NAMED_UNIT ( #3433 ) );
#5376 = CARTESIAN_POINT ( 'NONE',  ( -0.1110000000000000014, 0.05600000000000000810, -0.2195000000000000007 ) ) ;
#5377 = CARTESIAN_POINT ( 'NONE',  ( -0.2360873406534024777, -0.05170774251347842049, 0.2484999999999999987 ) ) ;
#5378 = ORIENTED_EDGE ( 'NONE', *, *, #7357, .F. ) ;
#5379 = FACE_OUTER_BOUND ( 'NONE', #3203, .T. ) ;
#5380 = VERTEX_POINT ( 'NONE', #3564 ) ;
#5381 = CARTESIAN_POINT ( 'NONE',  ( 0.1859999999999999987, 0.05600000000000000810, -0.3395000000000000240 ) ) ;
#5382 = VECTOR ( 'NONE', #1785, 39.37007874015748143 ) ;
#5383 = SURFACE_STYLE_USAGE ( .BOTH. , #9208 ) ;
#5384 = MECHANICAL_DESIGN_GEOMETRIC_PRESENTATION_REPRESENTATION (  '', ( #151 ), #7162 ) ;
#5385 = AXIS2_PLACEMENT_3D ( 'NONE', #1486, #2294, #7762 ) ;
#5386 = PRESENTATION_LAYER_ASSIGNMENT (  '', '', ( #4870 ) ) ;
#5387 = FACE_OUTER_BOUND ( 'NONE', #8976, .T. ) ;
#5388 =( CONVERSION_BASED_UNIT ( 'INCH', #480 ) LENGTH_UNIT ( ) NAMED_UNIT ( #3684 ) );
#5389 = CARTESIAN_POINT ( 'NONE',  ( 0.1809999999999998832, -0.05600000000000000810, 0.2505000000000000004 ) ) ;
#5390 = CARTESIAN_POINT ( 'NONE',  ( -0.2200000000000000011, 0.05600000000000000810, -0.3395000000000000240 ) ) ;
#5391 = CARTESIAN_POINT ( 'NONE',  ( -0.2192709254435656341, -0.04620110333184510726, 0.2485000000000000264 ) ) ;
#5392 = ORIENTED_EDGE ( 'NONE', *, *, #525, .F. ) ;
#5393 = ADVANCED_FACE ( 'NONE', ( #4612 ), #1422, .T. ) ;
#5394 = ADVANCED_FACE ( 'NONE', ( #824 ), #9509, .T. ) ;
#5395 = CARTESIAN_POINT ( 'NONE',  ( -0.2266150559893497507, -0.05211965239702479047, 0.2485000000000000542 ) ) ;
#5396 = DIRECTION ( 'NONE',  ( -0.0000000000000000000, -0.0000000000000000000, -1.000000000000000000 ) ) ;
#5397 = PRESENTATION_STYLE_ASSIGNMENT (( #7219 ) ) ;
#5398 = LINE ( 'NONE', #1266, #6398 ) ;
#5399 = PRESENTATION_LAYER_ASSIGNMENT (  '', '', ( #309 ) ) ;
#5400 = EDGE_CURVE ( 'NONE', #6798, #848, #8908, .T. ) ;
#5401 = VERTEX_POINT ( 'NONE', #5140 ) ;
#5402 = UNCERTAINTY_MEASURE_WITH_UNIT (LENGTH_MEASURE( 1.000000000000000082E-05 ), #3297, 'distance_accuracy_value', 'NONE');
#5403 = CARTESIAN_POINT ( 'NONE',  ( 0.3003038449397558707, 0.08855407289332276055, 0.2515000000000000013 ) ) ;
#5404 = AXIS2_PLACEMENT_3D ( 'NONE', #5934, #3499, #8216 ) ;
#5405 = EDGE_LOOP ( 'NONE', ( #8225, #4494, #8457, #8116 ) ) ;
#5406 = DIRECTION ( 'NONE',  ( -1.000000000000000000, 0.0000000000000000000, 0.0000000000000000000 ) ) ;
#5407 = DIRECTION ( 'NONE',  ( -0.0000000000000000000, -0.0000000000000000000, 1.000000000000000000 ) ) ;
#5408 =( NAMED_UNIT ( * ) PLANE_ANGLE_UNIT ( ) SI_UNIT ( $, .RADIAN. ) );
#5409 =( NAMED_UNIT ( * ) PLANE_ANGLE_UNIT ( ) SI_UNIT ( $, .RADIAN. ) );
#5410 = COLOUR_RGB ( '',0.9294117647058823817, 0.7607843137254901578, 0.4784313725490195734 ) ;
#5411 = VERTEX_POINT ( 'NONE', #3624 ) ;
#5412 = ORIENTED_EDGE ( 'NONE', *, *, #3472, .T. ) ;
#5413 = PRESENTATION_LAYER_ASSIGNMENT (  '', '', ( #187 ) ) ;
#5414 = VERTEX_POINT ( 'NONE', #1285 ) ;
#5415 = EDGE_CURVE ( 'NONE', #3785, #2604, #2407, .T. ) ;
#5416 = CARTESIAN_POINT ( 'NONE',  ( 0.1070000000000000118, 0.05600000000000000810, -0.2195000000000000007 ) ) ;
#5417 = DIRECTION ( 'NONE',  ( 0.0000000000000000000, 0.0000000000000000000, 1.000000000000000000 ) ) ;
#5418 = CARTESIAN_POINT ( 'NONE',  ( -0.2245633764261588672, -0.06422242020845513044, 0.2505000000000000004 ) ) ;
#5419 = VECTOR ( 'NONE', #9463, 39.37007874015748143 ) ;
#5420 = SURFACE_STYLE_FILL_AREA ( #4551 ) ;
#5421 = ORIENTED_EDGE ( 'NONE', *, *, #987, .T. ) ;
#5422 = CARTESIAN_POINT ( 'NONE',  ( -0.03700000000000014388, -0.05600000000000000810, 0.2505000000000000004 ) ) ;
#5423 = PLANE ( 'NONE',  #3262 ) ;
#5424 = CARTESIAN_POINT ( 'NONE',  ( 0.2421330239753550773, 0.1072345576798192507, 0.2485000000000000264 ) ) ;
#5425 = DIMENSIONAL_EXPONENTS ( 1.000000000000000000, 0.0000000000000000000, 0.0000000000000000000, 0.0000000000000000000, 0.0000000000000000000, 0.0000000000000000000, 0.0000000000000000000 ) ;
#5426 = CARTESIAN_POINT ( 'NONE',  ( -0.2205543440181218506, -0.04569433638056873831, 0.2484999999999999987 ) ) ;
#5427 = CARTESIAN_POINT ( 'NONE',  ( 0.2104510888804048685, -0.07550000000000001155, 0.2515000000000000013 ) ) ;
#5428 = EDGE_LOOP ( 'NONE', ( #9955, #1355, #9409, #482, #6996, #651 ) ) ;
#5429 =( GEOMETRIC_REPRESENTATION_CONTEXT ( 3 ) GLOBAL_UNCERTAINTY_ASSIGNED_CONTEXT ( ( #7556 ) ) GLOBAL_UNIT_ASSIGNED_CONTEXT ( ( #3476, #6667, #2758 ) ) REPRESENTATION_CONTEXT ( 'NONE', 'WORKASPACE' ) );
#5430 = FILL_AREA_STYLE_COLOUR ( '', #7968 ) ;
#5431 = EDGE_CURVE ( 'NONE', #8194, #993, #460, .T. ) ;
#5432 = EDGE_CURVE ( 'NONE', #9666, #1916, #8661, .T. ) ;
#5433 = ORIENTED_EDGE ( 'NONE', *, *, #7867, .F. ) ;
#5434 =( NAMED_UNIT ( * ) PLANE_ANGLE_UNIT ( ) SI_UNIT ( $, .RADIAN. ) );
#5435 =( LENGTH_UNIT ( ) NAMED_UNIT ( * ) SI_UNIT ( $, .METRE. ) );
#5436 = CARTESIAN_POINT ( 'NONE',  ( -0.2278093944928561432, -0.07748199574986569527, 0.2485000000000000819 ) ) ;
#5437 = CARTESIAN_POINT ( 'NONE',  ( 0.4359999999999999432, 0.0000000000000000000, -0.01949999999999999997 ) ) ;
#5438 = EDGE_LOOP ( 'NONE', ( #2115, #9776, #793, #3983 ) ) ;
#5439 = CARTESIAN_POINT ( 'NONE',  ( -0.2252209051766793368, -0.04506440893921680874, 0.2505000000000000560 ) ) ;
#5440 = CIRCLE ( 'NONE', #3719, 0.01949999999999988895 ) ;
#5441 = CARTESIAN_POINT ( 'NONE',  ( -0.2369895609865665664, -0.05410801893507432431, 0.2505000000000000560 ) ) ;
#5442 = MECHANICAL_DESIGN_GEOMETRIC_PRESENTATION_REPRESENTATION (  '', ( #1065 ), #668 ) ;
#5443 = ADVANCED_FACE ( 'NONE', ( #3417 ), #2670, .F. ) ;
#5444 = PRESENTATION_STYLE_ASSIGNMENT (( #5677 ) ) ;
#5445 = LINE ( 'NONE', #1784, #1513 ) ;
#5446 = ORIENTED_EDGE ( 'NONE', *, *, #9332, .F. ) ;
#5447 = DIRECTION ( 'NONE',  ( -1.000000000000000000, 0.0000000000000000000, 0.0000000000000000000 ) ) ;
#5448 = CARTESIAN_POINT ( 'NONE',  ( -0.2374320859792984906, -0.05958814914995973905, 0.2484999999999999154 ) ) ;
#5449 = CARTESIAN_POINT ( 'NONE',  ( -0.2104510888804048685, -0.1355000000000000093, 0.2515000000000000013 ) ) ;
#5450 = DIRECTION ( 'NONE',  ( -1.000000000000000000, 0.0000000000000000000, 0.0000000000000000000 ) ) ;
#5451 = TOROIDAL_SURFACE ( 'NONE', #2662, 0.1199999999999999817, 0.02000000000000000042 ) ;
#5452 = PRESENTATION_STYLE_ASSIGNMENT (( #2592 ) ) ;
#5453 = FACE_OUTER_BOUND ( 'NONE', #632, .T. ) ;
#5454 = FILL_AREA_STYLE_COLOUR ( '', #1681 ) ;
#5455 = ORIENTED_EDGE ( 'NONE', *, *, #9276, .F. ) ;
#5456 = CARTESIAN_POINT ( 'NONE',  ( -0.2189011544558008282, -0.05693534430021367221, 0.2505000000000000560 ) ) ;
#5457 = CARTESIAN_POINT ( 'NONE',  ( 0.2609115348192674322, 0.09550000000000004319, -0.1494999999999999940 ) ) ;
#5458 =( NAMED_UNIT ( * ) PLANE_ANGLE_UNIT ( ) SI_UNIT ( $, .RADIAN. ) );
#5459 = SURFACE_SIDE_STYLE ('',( #7679 ) ) ;
#5460 = MECHANICAL_DESIGN_GEOMETRIC_PRESENTATION_REPRESENTATION (  '', ( #7389 ), #8605 ) ;
#5461 =( GEOMETRIC_REPRESENTATION_CONTEXT ( 3 ) GLOBAL_UNCERTAINTY_ASSIGNED_CONTEXT ( ( #5801 ) ) GLOBAL_UNIT_ASSIGNED_CONTEXT ( ( #6810, #1244, #9112 ) ) REPRESENTATION_CONTEXT ( 'NONE', 'WORKASPACE' ) );
#5462 = CIRCLE ( 'NONE', #7578, 0.01949999999999987507 ) ;
#5463 = CARTESIAN_POINT ( 'NONE',  ( -0.2182965867627145451, -0.06926316617080904847, 0.2485000000000001652 ) ) ;
#5464 = STYLED_ITEM ( 'NONE', ( #7338 ), #1483 ) ;
#5465 =( LENGTH_UNIT ( ) NAMED_UNIT ( * ) SI_UNIT ( $, .METRE. ) );
#5466 = SURFACE_STYLE_FILL_AREA ( #9350 ) ;
#5467 = CARTESIAN_POINT ( 'NONE',  ( 0.1070000000000000118, 0.05600000000000000810, -0.2795000000000000262 ) ) ;
#5468 = DIRECTION ( 'NONE',  ( 0.0000000000000000000, 0.0000000000000000000, 1.000000000000000000 ) ) ;
#5469 = CARTESIAN_POINT ( 'NONE',  ( -0.2256393086952790950, -0.05184182475589806105, 0.2504999999999999449 ) ) ;
#5470 = LENGTH_MEASURE_WITH_UNIT ( LENGTH_MEASURE( 0.02539999999999999897 ), #5299 );
#5471 = CARTESIAN_POINT ( 'NONE',  ( -0.2286400537097231789, -0.04554222899766088850, 0.2505000000000000560 ) ) ;
#5472 = CARTESIAN_POINT ( 'NONE',  ( -0.2286400537097231789, -0.04554222899766088850, 0.2505000000000000560 ) ) ;
#5473 = EDGE_CURVE ( 'NONE', #6245, #8429, #6718, .T. ) ;
#5474 = ORIENTED_EDGE ( 'NONE', *, *, #4624, .F. ) ;
#5475 = CARTESIAN_POINT ( 'NONE',  ( -0.2160038754825019947, -0.08229868622198419081, 0.2484999999999999154 ) ) ;
#5476 = CARTESIAN_POINT ( 'NONE',  ( -0.2372701218218788988, -0.06091244076415450182, 0.2505000000000000004 ) ) ;
#5477 = CARTESIAN_POINT ( 'NONE',  ( -0.2288223112295101336, -0.06182614979720842119, 0.2485000000000000264 ) ) ;
#5478 = VECTOR ( 'NONE', #4547, 39.37007874015748143 ) ;
#5479 = CARTESIAN_POINT ( 'NONE',  ( 0.2520824406929609296, 0.08050000000000007150, 0.2484999999999999987 ) ) ;
#5480 =( GEOMETRIC_REPRESENTATION_CONTEXT ( 3 ) GLOBAL_UNCERTAINTY_ASSIGNED_CONTEXT ( ( #8292 ) ) GLOBAL_UNIT_ASSIGNED_CONTEXT ( ( #5034, #3402, #8853 ) ) REPRESENTATION_CONTEXT ( 'NONE', 'WORKASPACE' ) );
#5481 = EDGE_CURVE ( 'NONE', #2561, #79, #2541, .T. ) ;
#5482 = AXIS2_PLACEMENT_3D ( 'NONE', #7415, #329, #3509 ) ;
#5483 =( NAMED_UNIT ( * ) PLANE_ANGLE_UNIT ( ) SI_UNIT ( $, .RADIAN. ) );
#5485 = ORIENTED_EDGE ( 'NONE', *, *, #3937, .T. ) ;
#5484 =( NAMED_UNIT ( * ) SI_UNIT ( $, .STERADIAN. ) SOLID_ANGLE_UNIT ( ) );
#5486 = DIRECTION ( 'NONE',  ( -1.000000000000000000, 0.0000000000000000000, 0.0000000000000000000 ) ) ;
#5487 = ADVANCED_FACE ( 'NONE', ( #5126 ), #6840, .T. ) ;
#5488 = CARTESIAN_POINT ( 'NONE',  ( -0.2247693233847634919, -0.04505403645833331444, 0.2484999999999999987 ) ) ;
#5489 = CARTESIAN_POINT ( 'NONE',  ( -0.2211280592765510755, -0.07798858666771944781, 0.2504999999999999449 ) ) ;
#5490 = ADVANCED_FACE ( 'NONE', ( #2297 ), #5980, .T. ) ;
#5491 = VERTEX_POINT ( 'NONE', #4531 ) ;
#5492 = ADVANCED_FACE ( 'NONE', ( #7798 ), #8462, .F. ) ;
#5493 = DIRECTION ( 'NONE',  ( 0.0000000000000000000, 0.0000000000000000000, -1.000000000000000000 ) ) ;
#5494 = LENGTH_MEASURE_WITH_UNIT ( LENGTH_MEASURE( 0.02539999999999999897 ), #4254 );
#5495 =( LENGTH_UNIT ( ) NAMED_UNIT ( * ) SI_UNIT ( $, .METRE. ) );
#5496 = ORIENTED_EDGE ( 'NONE', *, *, #8009, .T. ) ;
#5497 = PRESENTATION_LAYER_ASSIGNMENT (  '', '', ( #2358 ) ) ;
#5498 = DIMENSIONAL_EXPONENTS ( 1.000000000000000000, 0.0000000000000000000, 0.0000000000000000000, 0.0000000000000000000, 0.0000000000000000000, 0.0000000000000000000, 0.0000000000000000000 ) ;
#5499 =( CONVERSION_BASED_UNIT ( 'INCH', #7720 ) LENGTH_UNIT ( ) NAMED_UNIT ( #906 ) );
#5500 = EDGE_CURVE ( 'NONE', #6750, #2567, #2400, .T. ) ;
#5501 = STYLED_ITEM ( 'NONE', ( #1992 ), #372 ) ;
#5502 = DIRECTION ( 'NONE',  ( 0.0000000000000000000, 0.0000000000000000000, 1.000000000000000000 ) ) ;
#5503 = FILL_AREA_STYLE ('',( #8619 ) ) ;
#5504 =( NAMED_UNIT ( * ) SI_UNIT ( $, .STERADIAN. ) SOLID_ANGLE_UNIT ( ) );
#5505 = SURFACE_STYLE_FILL_AREA ( #746 ) ;
#5506 = CARTESIAN_POINT ( 'NONE',  ( 0.2421330239753550773, 0.1072345576798192507, 0.2505000000000000560 ) ) ;
#5507 = EDGE_LOOP ( 'NONE', ( #263, #4437 ) ) ;
#5508 = FACE_OUTER_BOUND ( 'NONE', #8068, .T. ) ;
#5509 = CARTESIAN_POINT ( 'NONE',  ( -0.2115415097261126864, -0.07262325343245461251, 0.2504999999999999449 ) ) ;
#5510 =( NAMED_UNIT ( * ) SI_UNIT ( $, .STERADIAN. ) SOLID_ANGLE_UNIT ( ) );
#5511 = CARTESIAN_POINT ( 'NONE',  ( -0.2284897234807755362, -0.06228955852823411798, 0.2505000000000000004 ) ) ;
#5512 = B_SPLINE_SURFACE_WITH_KNOTS ( 'NONE', 3, 1, ( 
 ( #4696, #6249 ),
 ( #118, #3916 ),
 ( #7852, #7124 ),
 ( #7817, #9371 ),
 ( #798, #5509 ),
 ( #8733, #1538 ),
 ( #7036, #834 ),
 ( #4800, #4054 ),
 ( #9511, #5586 ),
 ( #899, #13 ),
 ( #5475, #6284 ),
 ( #8663, #1573 ),
 ( #6382, #7064 ),
 ( #3167, #8631 ),
 ( #3947, #9405 ),
 ( #7885, #7166 ),
 ( #6318, #7917 ),
 ( #8696, #4766 ),
 ( #3982, #1605 ) ),
 .UNSPECIFIED., .F., .F., .F.,
 ( 4, 1, 1, 1, 1, 1, 1, 1, 1, 1, 1, 1, 1, 1, 1, 1, 4 ),
 ( 2, 2 ),
 ( 0.0000000000000000000, 0.09296849789814323750, 0.1796190127418996196, 0.2599307969998235213, 0.3342928210780368725, 0.4033594219391465896, 0.4674866722224736426, 0.5275080672266683202, 0.5839739592262356283, 0.6379088361798712636, 0.6900487158246230157, 0.7408323275431825117, 0.7910762043891654827, 0.8414806052123239288, 0.8927076811809740997, 0.9453694004147268348, 1.000000000000000000 ),
 ( 0.0000000000000000000, 1.000000000000000000 ),
 .UNSPECIFIED. ) ;
#5513 =( NAMED_UNIT ( * ) PLANE_ANGLE_UNIT ( ) SI_UNIT ( $, .RADIAN. ) );
#5514 = MECHANICAL_DESIGN_GEOMETRIC_PRESENTATION_REPRESENTATION (  '', ( #8866 ), #4295 ) ;
#5515 = VERTEX_POINT ( 'NONE', #6857 ) ;
#5516 = MECHANICAL_DESIGN_GEOMETRIC_PRESENTATION_REPRESENTATION (  '', ( #2718 ), #5598 ) ;
#5517 = SURFACE_STYLE_USAGE ( .BOTH. , #6357 ) ;
#5518 =( NAMED_UNIT ( * ) SI_UNIT ( $, .STERADIAN. ) SOLID_ANGLE_UNIT ( ) );
#5519 = CARTESIAN_POINT ( 'NONE',  ( 0.2432515216811685643, 0.1082262247449276710, 0.2484999999999999987 ) ) ;
#5520 = CARTESIAN_POINT ( 'NONE',  ( -0.2609115348192674322, 0.09550000000000004319, 0.2515000000000000013 ) ) ;
#5521 = DIRECTION ( 'NONE',  ( -0.0000000000000000000, -0.0000000000000000000, 1.000000000000000000 ) ) ;
#5522 =( LENGTH_UNIT ( ) NAMED_UNIT ( * ) SI_UNIT ( $, .METRE. ) );
#5523 = EDGE_LOOP ( 'NONE', ( #1499, #1746, #9319, #5392, #4334, #6900 ) ) ;
#5524 = UNCERTAINTY_MEASURE_WITH_UNIT (LENGTH_MEASURE( 1.000000000000000082E-05 ), #3449, 'distance_accuracy_value', 'NONE');
#5525 = DIRECTION ( 'NONE',  ( 1.000000000000000000, 0.0000000000000000000, 0.0000000000000000000 ) ) ;
#5526 = VERTEX_POINT ( 'NONE', #3009 ) ;
#5527 = CARTESIAN_POINT ( 'NONE',  ( -0.07649999999999997080, -0.05599999999999999423, -0.2795000000000000262 ) ) ;
#5528 = CIRCLE ( 'NONE', #4828, 0.01999999999999995878 ) ;
#5529 = STYLED_ITEM ( 'NONE', ( #7175 ), #5658 ) ;
#5530 = LENGTH_MEASURE_WITH_UNIT ( LENGTH_MEASURE( 0.02539999999999999897 ), #9881 );
#5531 = EDGE_CURVE ( 'NONE', #1337, #4426, #9973, .T. ) ;
#5532 = VECTOR ( 'NONE', #383, 39.37007874015748143 ) ;
#5533 = COLOUR_RGB ( '',0.9294117647058823817, 0.7607843137254901578, 0.4784313725490195734 ) ;
#5534 = DIRECTION ( 'NONE',  ( -1.000000000000000000, 0.0000000000000000000, 0.0000000000000000000 ) ) ;
#5535 = STYLED_ITEM ( 'NONE', ( #6416 ), #2828 ) ;
#5536 = DIRECTION ( 'NONE',  ( 1.000000000000000000, 0.0000000000000000000, 0.0000000000000000000 ) ) ;
#5537 = EDGE_LOOP ( 'NONE', ( #4668, #2977, #10056, #8269 ) ) ;
#5538 = DIRECTION ( 'NONE',  ( -0.0000000000000000000, -0.0000000000000000000, -1.000000000000000000 ) ) ;
#5539 = SURFACE_SIDE_STYLE ('',( #4880 ) ) ;
#5540 = CARTESIAN_POINT ( 'NONE',  ( 0.1965000000000001190, 0.05600000000000000810, 0.01949999999999999997 ) ) ;
#5541 = TOROIDAL_SURFACE ( 'NONE', #7978, 0.09999999999999999167, 0.02000000000000000042 ) ;
#5542 = ADVANCED_FACE ( 'NONE', ( #3758 ), #8050, .F. ) ;
#5543 = CYLINDRICAL_SURFACE ( 'NONE', #7938, 0.1399999999999999856 ) ;
#5544 = ADVANCED_FACE ( 'NONE', ( #8647 ), #6982, .T. ) ;
#5545 = ADVANCED_FACE ( 'Face7', ( #7311 ), #214, .T. ) ;
#5546 = COLOUR_RGB ( '',1.000000000000000000, 1.000000000000000000, 0.0000000000000000000 ) ;
#5547 = ADVANCED_FACE ( 'NONE', ( #5453 ), #3396, .T. ) ;
#5549 = ORIENTED_EDGE ( 'NONE', *, *, #9602, .T. ) ;
#5548 = CIRCLE ( 'NONE', #9838, 0.02999999999999993644 ) ;
#5550 = MECHANICAL_DESIGN_GEOMETRIC_PRESENTATION_REPRESENTATION (  '', ( #5356 ), #3980 ) ;
#5551 = EDGE_CURVE ( 'NONE', #9468, #1269, #4860, .T. ) ;
#5552 = DIRECTION ( 'NONE',  ( -1.000000000000000000, -0.0000000000000000000, -0.0000000000000000000 ) ) ;
#5553 = CARTESIAN_POINT ( 'NONE',  ( -0.2330770899485646863, -0.06827050398067729953, 0.2484999999999999987 ) ) ;
#5554 =( NAMED_UNIT ( * ) SI_UNIT ( $, .STERADIAN. ) SOLID_ANGLE_UNIT ( ) );
#5555 =( NAMED_UNIT ( * ) PLANE_ANGLE_UNIT ( ) SI_UNIT ( $, .RADIAN. ) );
#5556 = DIMENSIONAL_EXPONENTS ( 1.000000000000000000, 0.0000000000000000000, 0.0000000000000000000, 0.0000000000000000000, 0.0000000000000000000, 0.0000000000000000000, 0.0000000000000000000 ) ;
#5557 = EDGE_LOOP ( 'NONE', ( #8362, #8957 ) ) ;
#5558 = VERTEX_POINT ( 'NONE', #3211 ) ;
#5559 = DIRECTION ( 'NONE',  ( -1.000000000000000000, 0.0000000000000000000, -0.0000000000000000000 ) ) ;
#5560 = CARTESIAN_POINT ( 'NONE',  ( -0.2112435883313970864, -0.07034791927193699557, 0.2505000000000000560 ) ) ;
#5561 = CARTESIAN_POINT ( 'NONE',  ( 0.1615000000000000047, -0.05600000000000000810, -0.03565432893255038316 ) ) ;
#5562 = CARTESIAN_POINT ( 'NONE',  ( -0.2190385387779077153, -0.05625828882262957908, 0.2484999999999999154 ) ) ;
#5563 = CARTESIAN_POINT ( 'NONE',  ( -0.2189163330967897059, -0.07344778696005858920, 0.2505000000000000004 ) ) ;
#5564 = PRESENTATION_STYLE_ASSIGNMENT (( #8498 ) ) ;
#5565 = PRESENTATION_LAYER_ASSIGNMENT (  '', '', ( #5915 ) ) ;
#5566 = EDGE_CURVE ( 'NONE', #6294, #4677, #4473, .T. ) ;
#5567 = EDGE_CURVE ( 'NONE', #8598, #4426, #806, .T. ) ;
#5568 = DIRECTION ( 'NONE',  ( -1.826101600042956868E-16, 1.000000000000000000, -0.0000000000000000000 ) ) ;
#5569 = ORIENTED_EDGE ( 'NONE', *, *, #9942, .T. ) ;
#5570 = DIRECTION ( 'NONE',  ( 0.0000000000000000000, 0.0000000000000000000, 1.000000000000000000 ) ) ;
#5571 = COLOUR_RGB ( '',0.9294117647058823817, 0.7607843137254901578, 0.4784313725490195734 ) ;
#5572 = CARTESIAN_POINT ( 'NONE',  ( -0.2296873321727826989, -0.05787974965674244632, 0.2485000000000000264 ) ) ;
#5573 = COLOUR_RGB ( '',0.0000000000000000000, 0.5019607843137254832, 1.000000000000000000 ) ;
#5574 = DIRECTION ( 'NONE',  ( -0.0000000000000000000, -0.0000000000000000000, 1.000000000000000000 ) ) ;
#5575 = DIMENSIONAL_EXPONENTS ( 1.000000000000000000, 0.0000000000000000000, 0.0000000000000000000, 0.0000000000000000000, 0.0000000000000000000, 0.0000000000000000000, 0.0000000000000000000 ) ;
#5576 = CARTESIAN_POINT ( 'NONE',  ( 0.2439518268695001213, 0.1089371651502467064, 0.2505000000000000004 ) ) ;
#5577 = EDGE_LOOP ( 'NONE', ( #4881, #2757, #7768, #4556 ) ) ;
#5578 = CARTESIAN_POINT ( 'NONE',  ( 0.6049999999999998712, 0.1870000000000001106, 0.01949999999999999997 ) ) ;
#5579 = ORIENTED_EDGE ( 'NONE', *, *, #2037, .T. ) ;
#5580 = CARTESIAN_POINT ( 'NONE',  ( -0.2231035427155219908, -0.06419752955620293411, 0.2485000000000000542 ) ) ;
#5581 = AXIS2_PLACEMENT_3D ( 'NONE', #563, #7552, #2198 ) ;
#5582 = PRESENTATION_LAYER_ASSIGNMENT (  '', '', ( #2106 ) ) ;
#5583 = SURFACE_STYLE_FILL_AREA ( #1402 ) ;
#5584 = MECHANICAL_DESIGN_GEOMETRIC_PRESENTATION_REPRESENTATION (  '', ( #4870 ), #3825 ) ;
#5585 = VECTOR ( 'NONE', #3726, 39.37007874015748854 ) ;
#5586 = CARTESIAN_POINT ( 'NONE',  ( -0.2140254582707234732, -0.07982701102396680404, 0.2505000000000000004 ) ) ;
#5587 = CARTESIAN_POINT ( 'NONE',  ( -0.2366116528511911232, -0.06336017086859972725, 0.2484999999999999987 ) ) ;
#5588 = CARTESIAN_POINT ( 'NONE',  ( -0.2609115348192674322, 0.2155000000000001081, -0.1695000000000000673 ) ) ;
#5589 =( NAMED_UNIT ( * ) PLANE_ANGLE_UNIT ( ) SI_UNIT ( $, .RADIAN. ) );
#5590 = CARTESIAN_POINT ( 'NONE',  ( 0.3396961550602441426, 0.08160814578664549179, 0.03949999999999997957 ) ) ;
#5591 = UNCERTAINTY_MEASURE_WITH_UNIT (LENGTH_MEASURE( 1.000000000000000082E-05 ), #8377, 'distance_accuracy_value', 'NONE');
#5592 = CARTESIAN_POINT ( 'NONE',  ( -0.4359999999999999432, 6.858022075225184345E-18, 0.01949999999999999997 ) ) ;
#5593 = FILL_AREA_STYLE_COLOUR ( '', #7782 ) ;
#5594 = ADVANCED_FACE ( 'Face3', ( #6709 ), #8889, .F. ) ;
#5595 = SURFACE_SIDE_STYLE ('',( #9618 ) ) ;
#5596 = CARTESIAN_POINT ( 'NONE',  ( -0.2139282311518964641, -0.05105105441147064771, 0.2484999999999999154 ) ) ;
#5597 = AXIS2_PLACEMENT_3D ( 'NONE', #286, #7269, #5828 ) ;
#5598 =( GEOMETRIC_REPRESENTATION_CONTEXT ( 3 ) GLOBAL_UNCERTAINTY_ASSIGNED_CONTEXT ( ( #8463 ) ) GLOBAL_UNIT_ASSIGNED_CONTEXT ( ( #6058, #2145, #7626 ) ) REPRESENTATION_CONTEXT ( 'NONE', 'WORKASPACE' ) );
#5599 = ORIENTED_EDGE ( 'NONE', *, *, #7923, .F. ) ;
#5600 = CARTESIAN_POINT ( 'NONE',  ( -0.2191836475061524070, -0.07455062320528794972, 0.2485000000000000542 ) ) ;
#5601 = DIRECTION ( 'NONE',  ( -1.000000000000000000, 0.0000000000000000000, -0.0000000000000000000 ) ) ;
#5602 = PRESENTATION_LAYER_ASSIGNMENT (  '', '', ( #3708 ) ) ;
#5603 = CARTESIAN_POINT ( 'NONE',  ( -0.03649999999999993527, -0.05600000000000000810, -0.2195000000000000007 ) ) ;
#5604 = UNCERTAINTY_MEASURE_WITH_UNIT (LENGTH_MEASURE( 1.000000000000000082E-05 ), #8001, 'distance_accuracy_value', 'NONE');
#5605 = TOROIDAL_SURFACE ( 'NONE', #92, 0.08000000000000002942, 0.02000000000000000042 ) ;
#5606 = ORIENTED_EDGE ( 'NONE', *, *, #847, .F. ) ;
#5607 = LINE ( 'NONE', #3387, #9272 ) ;
#5608 =( CONVERSION_BASED_UNIT ( 'INCH', #5122 ) LENGTH_UNIT ( ) NAMED_UNIT ( #1773 ) );
#5609 = EDGE_LOOP ( 'NONE', ( #9121, #8468, #5326, #7148, #8728, #7296, #490, #3397, #8112 ) ) ;
#5610 = CARTESIAN_POINT ( 'NONE',  ( 0.2360000000000000986, 0.05600000000000000810, -0.2195000000000000007 ) ) ;
#5611 = DIRECTION ( 'NONE',  ( -0.0000000000000000000, -0.0000000000000000000, 1.000000000000000000 ) ) ;
#5612 = COLOUR_RGB ( '',0.9294117647058823817, 0.7607843137254901578, 0.4784313725490195734 ) ;
#5613 = ORIENTED_EDGE ( 'NONE', *, *, #2626, .T. ) ;
#5614 = ORIENTED_EDGE ( 'NONE', *, *, #1599, .T. ) ;
#5615 = AXIS2_PLACEMENT_3D ( 'NONE', #2238, #6881, #6940 ) ;
#5616 = EDGE_CURVE ( 'NONE', #1638, #6025, #9366, .T. ) ;
#5617 = CARTESIAN_POINT ( 'NONE',  ( -0.2189217000140143699, -0.06841218082544088530, 0.2505000000000000560 ) ) ;
#5618 = SURFACE_STYLE_FILL_AREA ( #6019 ) ;
#5619 = ORIENTED_EDGE ( 'NONE', *, *, #698, .F. ) ;
#5620 = DIRECTION ( 'NONE',  ( -1.000000000000000000, 0.0000000000000000000, 0.0000000000000000000 ) ) ;
#5621 = VECTOR ( 'NONE', #2889, 39.37007874015748143 ) ;
#5622 = CARTESIAN_POINT ( 'NONE',  ( 0.2376540773755735636, 0.1120405787827159494, 0.2484999999999999709 ) ) ;
#5623 =( NAMED_UNIT ( * ) SI_UNIT ( $, .STERADIAN. ) SOLID_ANGLE_UNIT ( ) );
#5624 = FILL_AREA_STYLE_COLOUR ( '', #6276 ) ;
#5625 = PLANE ( 'NONE',  #6404 ) ;
#5626 = DIMENSIONAL_EXPONENTS ( 1.000000000000000000, 0.0000000000000000000, 0.0000000000000000000, 0.0000000000000000000, 0.0000000000000000000, 0.0000000000000000000, 0.0000000000000000000 ) ;
#5627 = AXIS2_PLACEMENT_3D ( 'NONE', #1616, #9446, #4778 ) ;
#5628 = SURFACE_STYLE_FILL_AREA ( #30 ) ;
#5629 = EDGE_CURVE ( 'NONE', #4400, #9715, #5230, .T. ) ;
#5630 = EDGE_CURVE ( 'NONE', #3890, #6023, #4597, .T. ) ;
#5631 = ORIENTED_EDGE ( 'NONE', *, *, #3425, .T. ) ;
#5632 = CARTESIAN_POINT ( 'NONE',  ( 0.2520824406929609296, 0.1209459635416667289, 0.2505000000000000004 ) ) ;
#5633 = DIMENSIONAL_EXPONENTS ( 1.000000000000000000, 0.0000000000000000000, 0.0000000000000000000, 0.0000000000000000000, 0.0000000000000000000, 0.0000000000000000000, 0.0000000000000000000 ) ;
#5634 = FILL_AREA_STYLE ('',( #9488 ) ) ;
#5635 = CARTESIAN_POINT ( 'NONE',  ( -0.2110553661439211470, -0.06788368885542014897, 0.2505000000000000004 ) ) ;
#5636 = DIRECTION ( 'NONE',  ( 0.0000000000000000000, -0.0000000000000000000, -1.000000000000000000 ) ) ;
#5637 = LINE ( 'NONE', #3573, #1456 ) ;
#5638 = CARTESIAN_POINT ( 'NONE',  ( -0.2190385387779077153, -0.05625828882262957908, 0.2504999999999999449 ) ) ;
#5639 = DIRECTION ( 'NONE',  ( -0.0000000000000000000, -0.0000000000000000000, -1.000000000000000000 ) ) ;
#5640 = ORIENTED_EDGE ( 'NONE', *, *, #5918, .T. ) ;
#5641 = CARTESIAN_POINT ( 'NONE',  ( 0.3483241743021139869, -0.09981074487337049383, -0.03950000000000003508 ) ) ;
#5642 = CARTESIAN_POINT ( 'NONE',  ( 0.1370000000000000107, 0.05599999999999999423, -0.2795000000000000262 ) ) ;
#5643 =( NAMED_UNIT ( * ) SI_UNIT ( $, .STERADIAN. ) SOLID_ANGLE_UNIT ( ) );
#5644 = CARTESIAN_POINT ( 'NONE',  ( -0.2242669897029559989, -0.07927754407051282315, 0.2485000000000000264 ) ) ;
#5645 = VERTEX_POINT ( 'NONE', #6328 ) ;
#5646 = PRESENTATION_LAYER_ASSIGNMENT (  '', '', ( #2168 ) ) ;
#5647 =( LENGTH_UNIT ( ) NAMED_UNIT ( * ) SI_UNIT ( $, .METRE. ) );
#5648 = DIRECTION ( 'NONE',  ( -0.0000000000000000000, -0.0000000000000000000, 1.000000000000000000 ) ) ;
#5649 = CARTESIAN_POINT ( 'NONE',  ( -0.2236942065499825383, -0.07926426825413654398, 0.2505000000000000560 ) ) ;
#5650 =( NAMED_UNIT ( * ) PLANE_ANGLE_UNIT ( ) SI_UNIT ( $, .RADIAN. ) );
#5651 = ADVANCED_FACE ( 'NONE', ( #1781 ), #4376, .F. ) ;
#5652 = VECTOR ( 'NONE', #5943, 39.37007874015748143 ) ;
#5653 = LINE ( 'NONE', #6262, #6394 ) ;
#5654 = DIRECTION ( 'NONE',  ( 0.0000000000000000000, 0.0000000000000000000, -1.000000000000000000 ) ) ;
#5655 = CARTESIAN_POINT ( 'NONE',  ( -0.2255957433128985279, -0.07098093616452989807, 0.2505000000000000004 ) ) ;
#5656 = VERTEX_POINT ( 'NONE', #915 ) ;
#5657 = ADVANCED_FACE ( 'NONE', ( #6211 ), #7437, .F. ) ;
#5658 = ADVANCED_FACE ( 'NONE', ( #4847 ), #3992, .F. ) ;
#5659 = VERTEX_POINT ( 'NONE', #4029 ) ;
#5660 = CIRCLE ( 'NONE', #7108, 0.04000000000000001471 ) ;
#5661 = CARTESIAN_POINT ( 'NONE',  ( 0.2454950506227662754, 0.1200156519591450005, 0.2485000000000000264 ) ) ;
#5662 = CARTESIAN_POINT ( 'NONE',  ( -0.1355000000000000648, -0.05599999999999999423, -0.2795000000000000262 ) ) ;
#5663 =( NAMED_UNIT ( * ) PLANE_ANGLE_UNIT ( ) SI_UNIT ( $, .RADIAN. ) );
#5664 = VECTOR ( 'NONE', #9687, 39.37007874015748143 ) ;
#5665 = DIRECTION ( 'NONE',  ( -0.1736481776669316357, -0.9848077530122079093, 0.0000000000000000000 ) ) ;
#5666 = LINE ( 'NONE', #4532, #4200 ) ;
#5667 = LINE ( 'NONE', #147, #5800 ) ;
#5668 =( GEOMETRIC_REPRESENTATION_CONTEXT ( 3 ) GLOBAL_UNCERTAINTY_ASSIGNED_CONTEXT ( ( #7793 ) ) GLOBAL_UNIT_ASSIGNED_CONTEXT ( ( #8084, #9652, #4981 ) ) REPRESENTATION_CONTEXT ( 'NONE', 'WORKASPACE' ) );
#5670 = ORIENTED_EDGE ( 'NONE', *, *, #2766, .T. ) ;
#5669 = LENGTH_MEASURE_WITH_UNIT ( LENGTH_MEASURE( 0.02539999999999999897 ), #2529 );
#5671 = AXIS2_PLACEMENT_3D ( 'NONE', #713, #4681, #7227 ) ;
#5672 = UNCERTAINTY_MEASURE_WITH_UNIT (LENGTH_MEASURE( 1.000000000000000082E-05 ), #1504, 'distance_accuracy_value', 'NONE');
#5673 = AXIS2_PLACEMENT_3D ( 'NONE', #1134, #8967, #9750 ) ;
#5674 = EDGE_LOOP ( 'NONE', ( #8611, #3832, #431, #243 ) ) ;
#5675 = CARTESIAN_POINT ( 'NONE',  ( -0.03199999999999997985, 0.05600000000000000810, -0.3395000000000000240 ) ) ;
#5676 = DIRECTION ( 'NONE',  ( -0.0000000000000000000, -0.0000000000000000000, -1.000000000000000000 ) ) ;
#5677 = SURFACE_STYLE_USAGE ( .BOTH. , #1723 ) ;
#5678 = CARTESIAN_POINT ( 'NONE',  ( -0.2346602084922011500, -0.08101874423433384764, 0.2505000000000001115 ) ) ;
#5679 = ADVANCED_FACE ( 'NONE', ( #8161 ), #982, .T. ) ;
#5680 = DIRECTION ( 'NONE',  ( 1.000000000000000000, 0.0000000000000000000, 0.0000000000000000000 ) ) ;
#5681 = FACE_OUTER_BOUND ( 'NONE', #5523, .T. ) ;
#5682 = EDGE_LOOP ( 'NONE', ( #960, #9129, #3636, #9487, #5496, #9908, #7287, #8669, #9014 ) ) ;
#5684 = ORIENTED_EDGE ( 'NONE', *, *, #326, .T. ) ;
#5683 = LENGTH_MEASURE_WITH_UNIT ( LENGTH_MEASURE( 0.02539999999999999897 ), #2371 );
#5685 = CARTESIAN_POINT ( 'NONE',  ( 0.2609115348192674322, 0.09550000000000004319, -0.1694999999999999840 ) ) ;
#5686 = AXIS2_PLACEMENT_3D ( 'NONE', #6499, #1678, #1717 ) ;
#5687 = EDGE_CURVE ( 'NONE', #4633, #115, #1176, .T. ) ;
#5688 = DIMENSIONAL_EXPONENTS ( 1.000000000000000000, 0.0000000000000000000, 0.0000000000000000000, 0.0000000000000000000, 0.0000000000000000000, 0.0000000000000000000, 0.0000000000000000000 ) ;
#5689 = DIRECTION ( 'NONE',  ( -1.000000000000000000, 0.0000000000000000000, 0.0000000000000000000 ) ) ;
#5690 = CARTESIAN_POINT ( 'NONE',  ( -0.2399999999999999634, 0.05599999999999999423, -0.3395000000000000240 ) ) ;
#5691 = DIMENSIONAL_EXPONENTS ( 1.000000000000000000, 0.0000000000000000000, 0.0000000000000000000, 0.0000000000000000000, 0.0000000000000000000, 0.0000000000000000000, 0.0000000000000000000 ) ;
#5692 = ORIENTED_EDGE ( 'NONE', *, *, #4902, .T. ) ;
#5693 = DIRECTION ( 'NONE',  ( -0.0000000000000000000, -0.0000000000000000000, 1.000000000000000000 ) ) ;
#5694 = PRESENTATION_STYLE_ASSIGNMENT (( #2129 ) ) ;
#5695 = DIRECTION ( 'NONE',  ( -1.000000000000000000, 0.0000000000000000000, 0.0000000000000000000 ) ) ;
#5696 = VERTEX_POINT ( 'NONE', #1016 ) ;
#5697 = DIRECTION ( 'NONE',  ( 0.0000000000000000000, 0.0000000000000000000, -1.000000000000000000 ) ) ;
#5698 = CARTESIAN_POINT ( 'NONE',  ( -0.2190051174776823650, -0.06036049734866992533, 0.2485000000000000264 ) ) ;
#5699 = UNCERTAINTY_MEASURE_WITH_UNIT (LENGTH_MEASURE( 1.000000000000000082E-05 ), #3002, 'distance_accuracy_value', 'NONE');
#5700 = CYLINDRICAL_SURFACE ( 'NONE', #6439, 0.01999999999999999695 ) ;
#5701 = LINE ( 'NONE', #718, #9718 ) ;
#5702 = EDGE_LOOP ( 'NONE', ( #9101, #7542, #3547, #645, #1438, #9122, #6915, #7741 ) ) ;
#5703 = STYLED_ITEM ( 'NONE', ( #7926 ), #7088 ) ;
#5704 = EDGE_CURVE ( 'NONE', #4893, #1078, #1401, .T. ) ;
#5705 = MECHANICAL_DESIGN_GEOMETRIC_PRESENTATION_REPRESENTATION (  '', ( #975 ), #9035 ) ;
#5706 = DIRECTION ( 'NONE',  ( -0.0000000000000000000, -0.0000000000000000000, -1.000000000000000000 ) ) ;
#5707 = CARTESIAN_POINT ( 'NONE',  ( -0.2252331218304198523, -0.07097345126355059097, 0.2504999999999999449 ) ) ;
#5708 = SURFACE_STYLE_FILL_AREA ( #5816 ) ;
#5709 = EDGE_LOOP ( 'NONE', ( #1566, #8417, #10071, #4878 ) ) ;
#5710 = CARTESIAN_POINT ( 'NONE',  ( -0.2171174070626036012, -0.08329436808942533577, 0.2505000000000000560 ) ) ;
#5711 = ADVANCED_FACE ( 'NONE', ( #8510 ), #8499, .F. ) ;
#5712 =( CONVERSION_BASED_UNIT ( 'INCH', #1590 ) LENGTH_UNIT ( ) NAMED_UNIT ( #4102 ) );
#5713 = VERTEX_POINT ( 'NONE', #1154 ) ;
#5714 =( LENGTH_UNIT ( ) NAMED_UNIT ( * ) SI_UNIT ( $, .METRE. ) );
#5715 =( GEOMETRIC_REPRESENTATION_CONTEXT ( 3 ) GLOBAL_UNCERTAINTY_ASSIGNED_CONTEXT ( ( #276 ) ) GLOBAL_UNIT_ASSIGNED_CONTEXT ( ( #5375, #3052, #8549 ) ) REPRESENTATION_CONTEXT ( 'NONE', 'WORKASPACE' ) );
#5716 = ADVANCED_FACE ( 'NONE', ( #921 ), #1863, .F. ) ;
#5717 = EDGE_CURVE ( 'NONE', #8074, #5414, #4971, .T. ) ;
#5718 = MECHANICAL_DESIGN_GEOMETRIC_PRESENTATION_REPRESENTATION (  '', ( #9568 ), #1491 ) ;
#5719 = PRESENTATION_STYLE_ASSIGNMENT (( #8743 ) ) ;
#5720 = ORIENTED_EDGE ( 'NONE', *, *, #7018, .F. ) ;
#5721 = VERTEX_POINT ( 'NONE', #3390 ) ;
#5722 = SURFACE_STYLE_USAGE ( .BOTH. , #7440 ) ;
#5723 = CARTESIAN_POINT ( 'NONE',  ( -0.2288892486490909095, -0.05404785101923464952, 0.2484999999999999709 ) ) ;
#5724 = FILL_AREA_STYLE_COLOUR ( '', #3035 ) ;
#5725 = PRESENTATION_STYLE_ASSIGNMENT (( #676 ) ) ;
#5726 = DIRECTION ( 'NONE',  ( -1.000000000000000000, 0.0000000000000000000, 0.0000000000000000000 ) ) ;
#5727 = SURFACE_STYLE_USAGE ( .BOTH. , #3328 ) ;
#5728 = DIRECTION ( 'NONE',  ( 0.0000000000000000000, 1.000000000000000000, -0.0000000000000000000 ) ) ;
#5729 = CYLINDRICAL_SURFACE ( 'NONE', #4773, 0.01999999999999999001 ) ;
#5730 = PRESENTATION_STYLE_ASSIGNMENT (( #6092 ) ) ;
#5731 = CARTESIAN_POINT ( 'NONE',  ( -0.2188023341901455809, -0.05864696422840105089, 0.2484999999999999709 ) ) ;
#5732 = ORIENTED_EDGE ( 'NONE', *, *, #5749, .T. ) ;
#5733 = UNCERTAINTY_MEASURE_WITH_UNIT (LENGTH_MEASURE( 1.000000000000000082E-05 ), #2445, 'distance_accuracy_value', 'NONE');
#5734 = AXIS2_PLACEMENT_3D ( 'NONE', #7205, #5737, #8127 ) ;
#5735 = AXIS2_PLACEMENT_3D ( 'NONE', #7369, #2672, #8147 ) ;
#5736 = PRESENTATION_STYLE_ASSIGNMENT (( #320 ) ) ;
#5737 = DIRECTION ( 'NONE',  ( 0.0000000000000000000, 0.0000000000000000000, 1.000000000000000000 ) ) ;
#5738 = CARTESIAN_POINT ( 'NONE',  ( 0.05249999999999998418, -0.05600000000000000810, -0.3395000000000000240 ) ) ;
#5739 = FILL_AREA_STYLE_COLOUR ( '', #4518 ) ;
#5740 =( NAMED_UNIT ( * ) SI_UNIT ( $, .STERADIAN. ) SOLID_ANGLE_UNIT ( ) );
#5741 = LINE ( 'NONE', #5897, #3653 ) ;
#5742 = DIRECTION ( 'NONE',  ( -1.000000000000000000, 0.0000000000000000000, -0.0000000000000000000 ) ) ;
#5743 = DIMENSIONAL_EXPONENTS ( 1.000000000000000000, 0.0000000000000000000, 0.0000000000000000000, 0.0000000000000000000, 0.0000000000000000000, 0.0000000000000000000, 0.0000000000000000000 ) ;
#5744 = VERTEX_POINT ( 'NONE', #402 ) ;
#5745 = ORIENTED_EDGE ( 'NONE', *, *, #9941, .F. ) ;
#5746 = FILL_AREA_STYLE_COLOUR ( '', #321 ) ;
#5747 = CARTESIAN_POINT ( 'NONE',  ( -0.2312778343524614921, -0.08454970129450736782, 0.2485000000000000542 ) ) ;
#5748 = MECHANICAL_DESIGN_GEOMETRIC_PRESENTATION_REPRESENTATION (  '', ( #3967 ), #1865 ) ;
#5749 = EDGE_CURVE ( 'NONE', #2832, #8789, #2764, .T. ) ;
#5750 = CARTESIAN_POINT ( 'NONE',  ( -0.2204668229604057339, -0.06289641193096497107, 0.2505000000000000004 ) ) ;
#5751 = AXIS2_PLACEMENT_3D ( 'NONE', #4010, #7160, #9679 ) ;
#5752 = ORIENTED_EDGE ( 'NONE', *, *, #9768, .T. ) ;
#5753 = CARTESIAN_POINT ( 'NONE',  ( -0.2609115348192674322, 0.09550000000000004319, 0.2515000000000000013 ) ) ;
#5754 = EDGE_LOOP ( 'NONE', ( #594, #3588, #2617, #1718 ) ) ;
#5755 = DIRECTION ( 'NONE',  ( -1.000000000000000000, -0.0000000000000000000, -0.0000000000000000000 ) ) ;
#5756 = CARTESIAN_POINT ( 'NONE',  ( -0.2296873321727826989, -0.05787974965674244632, 0.2485000000000000264 ) ) ;
#5757 = CARTESIAN_POINT ( 'NONE',  ( -0.2104510888804048685, -0.1554999999999999993, -0.1494999999999999940 ) ) ;
#5758 = SURFACE_STYLE_USAGE ( .BOTH. , #9610 ) ;
#5759 = PRESENTATION_STYLE_ASSIGNMENT (( #4110 ) ) ;
#5760 = DIRECTION ( 'NONE',  ( 1.000000000000000000, 0.0000000000000000000, 0.0000000000000000000 ) ) ;
#5761 = ORIENTED_EDGE ( 'NONE', *, *, #6167, .F. ) ;
#5762 = AXIS2_PLACEMENT_3D ( 'NONE', #1495, #5345, #3879 ) ;
#5763 = EDGE_CURVE ( 'Edge2', #2384, #1036, #9228, .T. ) ;
#5764 = CARTESIAN_POINT ( 'NONE',  ( 0.3200000000000000067, 0.08508110933998412617, 0.2515000000000000013 ) ) ;
#5765 = LENGTH_MEASURE_WITH_UNIT ( LENGTH_MEASURE( 0.02539999999999999897 ), #8834 );
#5766 = ORIENTED_EDGE ( 'NONE', *, *, #3584, .T. ) ;
#5767 = VECTOR ( 'NONE', #3306, 39.37007874015748143 ) ;
#5768 = ADVANCED_FACE ( 'NONE', ( #560 ), #4241, .F. ) ;
#5769 = FACE_OUTER_BOUND ( 'NONE', #4850, .T. ) ;
#5770 = CIRCLE ( 'NONE', #90, 0.08000000000000000167 ) ;
#5771 = ORIENTED_EDGE ( 'NONE', *, *, #7546, .T. ) ;
#5772 = CARTESIAN_POINT ( 'NONE',  ( 0.2376540773755735636, 0.1120405787827159494, 0.2504999999999999449 ) ) ;
#5773 = CARTESIAN_POINT ( 'NONE',  ( -0.3209115348192674855, 0.09550000000000004319, 0.2515000000000000013 ) ) ;
#5774 = CARTESIAN_POINT ( 'NONE',  ( -0.2609115348192674322, 0.09550000000000004319, 0.03949999999999997957 ) ) ;
#5775 = MECHANICAL_DESIGN_GEOMETRIC_PRESENTATION_REPRESENTATION (  '', ( #4341 ), #5429 ) ;
#5776 = EDGE_CURVE ( 'NONE', #18, #6750, #2507, .T. ) ;
#5777 = EDGE_CURVE ( 'NONE', #10039, #5656, #65, .T. ) ;
#5778 = FILL_AREA_STYLE_COLOUR ( '', #171 ) ;
#5779 = FILL_AREA_STYLE ('',( #2557 ) ) ;
#5780 = DIRECTION ( 'NONE',  ( 0.1736481776669314414, 0.9848077530122077983, 0.0000000000000000000 ) ) ;
#5781 = LENGTH_MEASURE_WITH_UNIT ( LENGTH_MEASURE( 0.02539999999999999897 ), #9195 );
#5782 = CARTESIAN_POINT ( 'NONE',  ( 0.05249999999999998418, -0.05600000000000000810, -0.2795000000000000262 ) ) ;
#5783 = LENGTH_MEASURE_WITH_UNIT ( LENGTH_MEASURE( 0.02539999999999999897 ), #8497 );
#5784 = VERTEX_POINT ( 'NONE', #272 ) ;
#5785 = CARTESIAN_POINT ( 'NONE',  ( 0.07249999999999993949, -0.05600000000000000810, -0.2013975032409335841 ) ) ;
#5786 =( NAMED_UNIT ( * ) PLANE_ANGLE_UNIT ( ) SI_UNIT ( $, .RADIAN. ) );
#5787 = CARTESIAN_POINT ( 'NONE',  ( -0.2288892486490909095, -0.05404785101923464952, 0.2505000000000000560 ) ) ;
#5788 =( GEOMETRIC_REPRESENTATION_CONTEXT ( 3 ) GLOBAL_UNCERTAINTY_ASSIGNED_CONTEXT ( ( #4807 ) ) GLOBAL_UNIT_ASSIGNED_CONTEXT ( ( #2825, #5186, #9912 ) ) REPRESENTATION_CONTEXT ( 'NONE', 'WORKASPACE' ) );
#5789 = CARTESIAN_POINT ( 'NONE',  ( -0.2355683328630419904, -0.07903310997290503848, 0.2504999999999999449 ) ) ;
#5790 = ORIENTED_EDGE ( 'NONE', *, *, #2613, .T. ) ;
#5791 =( CONVERSION_BASED_UNIT ( 'INCH', #8478 ) LENGTH_UNIT ( ) NAMED_UNIT ( #9676 ) );
#5792 = CARTESIAN_POINT ( 'NONE',  ( -0.2215981050265858343, -0.07838255489990669789, 0.2484999999999999987 ) ) ;
#5793 = SURFACE_SIDE_STYLE ('',( #9200 ) ) ;
#5794 = ORIENTED_EDGE ( 'NONE', *, *, #3869, .T. ) ;
#5795 = AXIS2_PLACEMENT_3D ( 'NONE', #5298, #1414, #9181 ) ;
#5796 = VECTOR ( 'NONE', #8154, 39.37007874015748143 ) ;
#5797 = DIRECTION ( 'NONE',  ( 1.000000000000000000, 0.0000000000000000000, 0.0000000000000000000 ) ) ;
#5798 = COLOUR_RGB ( '',0.9294117647058823817, 0.7607843137254901578, 0.4784313725490195734 ) ;
#5799 = VECTOR ( 'NONE', #881, 39.37007874015748143 ) ;
#5800 = VECTOR ( 'NONE', #3268, 39.37007874015748143 ) ;
#5801 = UNCERTAINTY_MEASURE_WITH_UNIT (LENGTH_MEASURE( 1.000000000000000082E-05 ), #6810, 'distance_accuracy_value', 'NONE');
#5803 = ORIENTED_EDGE ( 'NONE', *, *, #4343, .F. ) ;
#5802 = VECTOR ( 'NONE', #6250, 39.37007874015748143 ) ;
#5804 = DIRECTION ( 'NONE',  ( 1.000000000000000000, 0.0000000000000000000, 0.0000000000000000000 ) ) ;
#5805 = CARTESIAN_POINT ( 'NONE',  ( 0.3003038449397557597, 0.08855407289332277443, 0.2505000000000002225 ) ) ;
#5806 = CARTESIAN_POINT ( 'NONE',  ( -0.4009115348192673900, 0.09550000000000004319, -0.03950000000000000039 ) ) ;
#5807 = AXIS2_PLACEMENT_3D ( 'NONE', #8720, #6307, #3264 ) ;
#5808 = ORIENTED_EDGE ( 'NONE', *, *, #1943, .T. ) ;
#5809 =( GEOMETRIC_REPRESENTATION_CONTEXT ( 3 ) GLOBAL_UNCERTAINTY_ASSIGNED_CONTEXT ( ( #7240 ) ) GLOBAL_UNIT_ASSIGNED_CONTEXT ( ( #5957, #8326, #1367 ) ) REPRESENTATION_CONTEXT ( 'NONE', 'WORKASPACE' ) );
#5810 = CIRCLE ( 'NONE', #6441, 0.09999999999999999167 ) ;
#5811 = PRESENTATION_LAYER_ASSIGNMENT (  '', '', ( #689 ) ) ;
#5812 = ORIENTED_EDGE ( 'NONE', *, *, #2479, .T. ) ;
#5813 =( CONVERSION_BASED_UNIT ( 'INCH', #7009 ) LENGTH_UNIT ( ) NAMED_UNIT ( #6769 ) );
#5814 = FILL_AREA_STYLE ('',( #1309 ) ) ;
#5815 = ADVANCED_FACE ( 'NONE', ( #670 ), #2665, .T. ) ;
#5816 = FILL_AREA_STYLE ('',( #2594 ) ) ;
#5817 = CARTESIAN_POINT ( 'NONE',  ( -0.2104510888804048685, -0.1355000000000000093, 0.2504999999999999449 ) ) ;
#5818 = CARTESIAN_POINT ( 'NONE',  ( -0.2238192001577654078, -0.06422557116788119025, 0.2505000000000000560 ) ) ;
#5819 = CARTESIAN_POINT ( 'NONE',  ( -0.2200000000000000011, 0.05600000000000000810, -0.3395000000000000240 ) ) ;
#5820 = ORIENTED_EDGE ( 'NONE', *, *, #6347, .T. ) ;
#5821 = FACE_OUTER_BOUND ( 'NONE', #5293, .T. ) ;
#5822 = VECTOR ( 'NONE', #1898, 39.37007874015748143 ) ;
#5823 = CARTESIAN_POINT ( 'NONE',  ( 0.6049999999999998712, 0.1870000000000001106, -0.01949999999999999997 ) ) ;
#5824 = ORIENTED_EDGE ( 'NONE', *, *, #4510, .T. ) ;
#5825 = STYLED_ITEM ( 'NONE', ( #3475 ), #6491 ) ;
#5826 = EDGE_CURVE ( 'NONE', #4126, #5744, #3977, .T. ) ;
#5827 =( CONVERSION_BASED_UNIT ( 'INCH', #5494 ) LENGTH_UNIT ( ) NAMED_UNIT ( #3829 ) );
#5828 = DIRECTION ( 'NONE',  ( -0.9848077530122076872, 0.1736481776669321631, 0.0000000000000000000 ) ) ;
#5829 = CARTESIAN_POINT ( 'NONE',  ( -0.6049999999999999822, 0.1870000000000001106, -0.01949999999999999997 ) ) ;
#5830 = DIRECTION ( 'NONE',  ( 0.0000000000000000000, 0.0000000000000000000, -1.000000000000000000 ) ) ;
#5831 = ORIENTED_EDGE ( 'NONE', *, *, #2480, .F. ) ;
#5832 = SURFACE_STYLE_USAGE ( .BOTH. , #4329 ) ;
#5833 = DIRECTION ( 'NONE',  ( 0.0000000000000000000, -0.0000000000000000000, -1.000000000000000000 ) ) ;
#5834 = EDGE_LOOP ( 'NONE', ( #5137, #5103, #4534, #10075, #5606, #9017, #2133, #10046, #2544 ) ) ;
#5835 = CARTESIAN_POINT ( 'NONE',  ( -0.2372701218218788988, -0.06091244076415450182, 0.2505000000000000004 ) ) ;
#5836 = COLOUR_RGB ( '',0.9294117647058823817, 0.7607843137254901578, 0.4784313725490195734 ) ;
#5837 = PRESENTATION_LAYER_ASSIGNMENT (  '', '', ( #6165 ) ) ;
#5838 =( NAMED_UNIT ( * ) SI_UNIT ( $, .STERADIAN. ) SOLID_ANGLE_UNIT ( ) );
#5839 = EDGE_CURVE ( 'NONE', #8909, #9368, #428, .T. ) ;
#5840 = EDGE_CURVE ( 'NONE', #4725, #2354, #4577, .T. ) ;
#5841 = CARTESIAN_POINT ( 'NONE',  ( 0.2104510888804048407, -0.2355000000000000149, -0.03949999999999999345 ) ) ;
#5842 = ORIENTED_EDGE ( 'NONE', *, *, #3348, .F. ) ;
#5843 = SURFACE_SIDE_STYLE ('',( #7361 ) ) ;
#5844 = DIRECTION ( 'NONE',  ( -0.0000000000000000000, -0.0000000000000000000, -1.000000000000000000 ) ) ;
#5845 =( NAMED_UNIT ( * ) PLANE_ANGLE_UNIT ( ) SI_UNIT ( $, .RADIAN. ) );
#5846 = ORIENTED_EDGE ( 'NONE', *, *, #954, .T. ) ;
#5847 = FACE_OUTER_BOUND ( 'NONE', #7363, .T. ) ;
#5848 = DIRECTION ( 'NONE',  ( -0.0000000000000000000, -0.0000000000000000000, -1.000000000000000000 ) ) ;
#5849 = LINE ( 'NONE', #10052, #9127 ) ;
#5850 = ORIENTED_EDGE ( 'NONE', *, *, #3968, .F. ) ;
#5851 = FILL_AREA_STYLE ('',( #5746 ) ) ;
#5852 = SURFACE_SIDE_STYLE ('',( #9241 ) ) ;
#5853 = ORIENTED_EDGE ( 'NONE', *, *, #8205, .F. ) ;
#5854 = DIRECTION ( 'NONE',  ( 0.0000000000000000000, 0.0000000000000000000, -1.000000000000000000 ) ) ;
#5855 = AXIS2_PLACEMENT_3D ( 'NONE', #8757, #1737, #219 ) ;
#5856 =( GEOMETRIC_REPRESENTATION_CONTEXT ( 3 ) GLOBAL_UNCERTAINTY_ASSIGNED_CONTEXT ( ( #7066 ) ) GLOBAL_UNIT_ASSIGNED_CONTEXT ( ( #264, #4196, #3445 ) ) REPRESENTATION_CONTEXT ( 'NONE', 'WORKASPACE' ) );
#5857 = DIRECTION ( 'NONE',  ( -0.1736481776669315524, -0.9848077530122077983, 0.0000000000000000000 ) ) ;
#5858 = VERTEX_POINT ( 'NONE', #4429 ) ;
#5859 = CARTESIAN_POINT ( 'NONE',  ( 0.2439770279568635736, 0.1174245548352914198, 0.2484999999999999987 ) ) ;
#5860 = SURFACE_STYLE_USAGE ( .BOTH. , #1164 ) ;
#5861 = ORIENTED_EDGE ( 'NONE', *, *, #1418, .T. ) ;
#5862 = UNCERTAINTY_MEASURE_WITH_UNIT (LENGTH_MEASURE( 1.000000000000000082E-05 ), #2429, 'distance_accuracy_value', 'NONE');
#5863 = DIRECTION ( 'NONE',  ( 0.0000000000000000000, 0.0000000000000000000, 1.000000000000000000 ) ) ;
#5864 =( CONVERSION_BASED_UNIT ( 'INCH', #5985 ) LENGTH_UNIT ( ) NAMED_UNIT ( #6470 ) );
#5865 =( NAMED_UNIT ( * ) SI_UNIT ( $, .STERADIAN. ) SOLID_ANGLE_UNIT ( ) );
#5866 = ADVANCED_FACE ( 'NONE', ( #3740 ), #6808, .F. ) ;
#5867 = CARTESIAN_POINT ( 'NONE',  ( -0.2267781262704709477, -0.07094702630007544697, 0.2505000000000001115 ) ) ;
#5868 = LINE ( 'NONE', #5675, #3779 ) ;
#5869 = CIRCLE ( 'NONE', #6671, 0.02999999999999995379 ) ;
#5870 = ADVANCED_FACE ( 'NONE', ( #1380 ), #7150, .F. ) ;
#5871 = PRESENTATION_LAYER_ASSIGNMENT (  '', '', ( #9902 ) ) ;
#5872 = LINE ( 'NONE', #7100, #8418 ) ;
#5873 = STYLED_ITEM ( 'NONE', ( #8693 ), #9334 ) ;
#5874 = ORIENTED_EDGE ( 'NONE', *, *, #2292, .F. ) ;
#5875 = PLANE ( 'NONE',  #10048 ) ;
#5876 = STYLED_ITEM ( 'NONE', ( #9521 ), #1423 ) ;
#5877 = CIRCLE ( 'NONE', #4524, 0.02999999999999998848 ) ;
#5878 = CARTESIAN_POINT ( 'NONE',  ( 0.2104510888804048685, -0.07550000000000001155, -0.03950000000000000039 ) ) ;
#5879 = CARTESIAN_POINT ( 'NONE',  ( 0.07700000000000002676, 0.05600000000000000810, -0.2795000000000000262 ) ) ;
#5880 = ORIENTED_EDGE ( 'NONE', *, *, #7728, .F. ) ;
#5881 = CARTESIAN_POINT ( 'NONE',  ( -0.2125292264148602450, -0.07660252437614543941, 0.2484999999999999987 ) ) ;
#5882 = ORIENTED_EDGE ( 'NONE', *, *, #10127, .F. ) ;
#5883 =( LENGTH_UNIT ( ) NAMED_UNIT ( * ) SI_UNIT ( $, .METRE. ) );
#5884 = LINE ( 'NONE', #1747, #7592 ) ;
#5885 = CYLINDRICAL_SURFACE ( 'NONE', #6922, 0.02000000000000000042 ) ;
#5886 = CARTESIAN_POINT ( 'NONE',  ( -0.2892357091213815234, -0.08939185421335457682, -0.9827025327494508522 ) ) ;
#5887 = CARTESIAN_POINT ( 'NONE',  ( -0.08649999999999996581, -0.05600000000000000810, -0.2013975032409335841 ) ) ;
#5888 = FILL_AREA_STYLE ('',( #3523 ) ) ;
#5889 = PRESENTATION_LAYER_ASSIGNMENT (  '', '', ( #2201 ) ) ;
#5890 = ORIENTED_EDGE ( 'NONE', *, *, #5704, .T. ) ;
#5891 = EDGE_CURVE ( 'NONE', #6694, #7131, #3373, .T. ) ;
#5892 = STYLED_ITEM ( 'NONE', ( #6660 ), #3141 ) ;
#5893 = PRESENTATION_STYLE_ASSIGNMENT (( #9571 ) ) ;
#5894 = CARTESIAN_POINT ( 'NONE',  ( -0.2272850819573397074, -0.07814920392745626498, 0.2484999999999998876 ) ) ;
#5895 = SURFACE_STYLE_FILL_AREA ( #4535 ) ;
#5896 = DIRECTION ( 'NONE',  ( 0.0000000000000000000, 0.0000000000000000000, 1.000000000000000000 ) ) ;
#5897 = CARTESIAN_POINT ( 'NONE',  ( -0.2399999999999999634, 0.05599999999999999423, -0.3395000000000000240 ) ) ;
#5898 = DIMENSIONAL_EXPONENTS ( 1.000000000000000000, 0.0000000000000000000, 0.0000000000000000000, 0.0000000000000000000, 0.0000000000000000000, 0.0000000000000000000, 0.0000000000000000000 ) ;
#5899 = CARTESIAN_POINT ( 'NONE',  ( -0.2609115348192674322, 0.09550000000000004319, -0.2195000000000000839 ) ) ;
#5900 = STYLED_ITEM ( 'NONE', ( #4909 ), #6907 ) ;
#5901 = LINE ( 'NONE', #4680, #2582 ) ;
#5902 = EDGE_CURVE ( 'NONE', #9069, #578, #1274, .T. ) ;
#5903 = FACE_OUTER_BOUND ( 'NONE', #5537, .T. ) ;
#5904 = PRESENTATION_LAYER_ASSIGNMENT (  '', '', ( #7603 ) ) ;
#5905 = CARTESIAN_POINT ( 'NONE',  ( 0.2104510888804048685, -0.07550000000000001155, -0.1694999999999999840 ) ) ;
#5906 = COLOUR_RGB ( '',0.7529411764705882248, 0.7529411764705882248, 0.7529411764705882248 ) ;
#5907 = ORIENTED_EDGE ( 'NONE', *, *, #4774, .T. ) ;
#5908 = CARTESIAN_POINT ( 'NONE',  ( -0.2218968062984869316, -0.04531642937717861308, 0.2485000000000000264 ) ) ;
#5909 = CARTESIAN_POINT ( 'NONE',  ( -0.2104510888804048685, -0.07550000000000001155, 0.2515000000000000013 ) ) ;
#5910 = DIRECTION ( 'NONE',  ( -0.9848077530122080203, -0.1736481776669309418, 0.0000000000000000000 ) ) ;
#5911 = CARTESIAN_POINT ( 'NONE',  ( -0.2183100390495325560, -0.08413343321436317357, 0.2484999999999999987 ) ) ;
#5912 = LENGTH_MEASURE_WITH_UNIT ( LENGTH_MEASURE( 0.02539999999999999897 ), #8156 );
#5913 =( CONVERSION_BASED_UNIT ( 'INCH', #6311 ) LENGTH_UNIT ( ) NAMED_UNIT ( #2344 ) );
#5914 = VERTEX_POINT ( 'NONE', #1277 ) ;
#5915 = STYLED_ITEM ( 'NONE', ( #2632 ), #7966 ) ;
#5916 = ORIENTED_EDGE ( 'NONE', *, *, #8489, .T. ) ;
#5917 = ORIENTED_EDGE ( 'NONE', *, *, #1883, .T. ) ;
#5918 = EDGE_CURVE ( 'NONE', #6093, #5713, #788, .T. ) ;
#5919 = MECHANICAL_DESIGN_GEOMETRIC_PRESENTATION_REPRESENTATION (  '', ( #4344 ), #3087 ) ;
#5920 = CARTESIAN_POINT ( 'NONE',  ( -0.2609115348192674322, 0.09550000000000004319, -0.1694999999999999840 ) ) ;
#5921 = VECTOR ( 'NONE', #6377, 39.37007874015748143 ) ;
#5922 = DIRECTION ( 'NONE',  ( -1.000000000000000000, 0.0000000000000000000, 0.0000000000000000000 ) ) ;
#5923 = CARTESIAN_POINT ( 'NONE',  ( -0.1849999999999999145, -0.05600000000000000810, 0.01949999999999999997 ) ) ;
#5924 = PRESENTATION_STYLE_ASSIGNMENT (( #1361 ) ) ;
#5925 =( NAMED_UNIT ( * ) PLANE_ANGLE_UNIT ( ) SI_UNIT ( $, .RADIAN. ) );
#5926 = ADVANCED_FACE ( 'NONE', ( #7416 ), #1765, .F. ) ;
#5928 = ORIENTED_EDGE ( 'NONE', *, *, #3015, .T. ) ;
#5927 = LINE ( 'NONE', #2340, #1248 ) ;
#5929 = CARTESIAN_POINT ( 'NONE',  ( -0.2301174295666930936, -0.07011820335873242271, 0.2484999999999999154 ) ) ;
#5930 = ORIENTED_EDGE ( 'NONE', *, *, #7913, .F. ) ;
#5931 = LENGTH_MEASURE_WITH_UNIT ( LENGTH_MEASURE( 0.02539999999999999897 ), #4244 );
#5932 = DIRECTION ( 'NONE',  ( -1.000000000000000000, 0.0000000000000000000, 0.0000000000000000000 ) ) ;
#5933 = CARTESIAN_POINT ( 'NONE',  ( 0.2407266707886135670, 0.1141610335375898150, 0.2484999999999999154 ) ) ;
#5934 = CARTESIAN_POINT ( 'NONE',  ( 0.2609115348192674322, 0.09550000000000004319, 0.03949999999999997957 ) ) ;
#5935 = AXIS2_PLACEMENT_3D ( 'NONE', #6558, #1845, #6659 ) ;
#5936 = CIRCLE ( 'NONE', #3222, 0.02999999999999995379 ) ;
#5937 = DIRECTION ( 'NONE',  ( -0.0000000000000000000, -0.0000000000000000000, -1.000000000000000000 ) ) ;
#5938 = CARTESIAN_POINT ( 'NONE',  ( -0.2182215279723935253, -0.06818332443695852840, 0.2505000000000000560 ) ) ;
#5939 = STYLED_ITEM ( 'NONE', ( #8824 ), #3671 ) ;
#5941 = VERTEX_POINT ( 'NONE', #2310 ) ;
#5940 = LINE ( 'NONE', #6349, #5802 ) ;
#5942 = AXIS2_PLACEMENT_3D ( 'NONE', #4504, #2875, #612 ) ;
#5943 = DIRECTION ( 'NONE',  ( -0.0000000000000000000, -0.0000000000000000000, -1.000000000000000000 ) ) ;
#5944 = SURFACE_STYLE_FILL_AREA ( #929 ) ;
#5945 = EDGE_LOOP ( 'NONE', ( #4046, #5116, #7040, #4764 ) ) ;
#5946 = CARTESIAN_POINT ( 'NONE',  ( -0.2158541463311981212, -0.04866222652772274337, 0.2484999999999999709 ) ) ;
#5947 = DIRECTION ( 'NONE',  ( 0.1736481776669308308, -0.9848077530122080203, 0.0000000000000000000 ) ) ;
#5948 = ORIENTED_EDGE ( 'NONE', *, *, #7279, .T. ) ;
#5949 = DIRECTION ( 'NONE',  ( 1.000000000000000000, -0.0000000000000000000, -0.0000000000000000000 ) ) ;
#5950 = DIRECTION ( 'NONE',  ( -0.0000000000000000000, -0.0000000000000000000, 1.000000000000000000 ) ) ;
#5951 = CARTESIAN_POINT ( 'NONE',  ( -0.3409115348192675032, 0.09550000000000004319, -0.1694999999999999840 ) ) ;
#5952 = CARTESIAN_POINT ( 'NONE',  ( 0.2344521488927472919, 0.1027971337473291280, 0.2505000000000000004 ) ) ;
#5953 = MECHANICAL_DESIGN_GEOMETRIC_PRESENTATION_REPRESENTATION (  '', ( #309 ), #6265 ) ;
#5954 = EDGE_CURVE ( 'NONE', #1269, #7902, #51, .T. ) ;
#5955 = AXIS2_PLACEMENT_3D ( 'NONE', #4378, #6680, #4276 ) ;
#5956 = TOROIDAL_SURFACE ( 'NONE', #2732, 0.1400000000000000411, 0.02000000000000000042 ) ;
#5957 =( CONVERSION_BASED_UNIT ( 'INCH', #5074 ) LENGTH_UNIT ( ) NAMED_UNIT ( #8435 ) );
#5958 = ORIENTED_EDGE ( 'NONE', *, *, #6474, .T. ) ;
#5959 = ORIENTED_EDGE ( 'NONE', *, *, #8298, .F. ) ;
#5960 = CARTESIAN_POINT ( 'NONE',  ( 0.07199999999999985578, -0.05600000000000000810, 0.2505000000000000004 ) ) ;
#5961 = ORIENTED_EDGE ( 'NONE', *, *, #6501, .F. ) ;
#5962 = MECHANICAL_DESIGN_GEOMETRIC_PRESENTATION_REPRESENTATION (  '', ( #504 ), #9089 ) ;
#5963 = EDGE_CURVE ( 'NONE', #4861, #7154, #5081, .T. ) ;
#5964 =( NAMED_UNIT ( * ) PLANE_ANGLE_UNIT ( ) SI_UNIT ( $, .RADIAN. ) );
#5965 = DIMENSIONAL_EXPONENTS ( 1.000000000000000000, 0.0000000000000000000, 0.0000000000000000000, 0.0000000000000000000, 0.0000000000000000000, 0.0000000000000000000, 0.0000000000000000000 ) ;
#5966 = DIRECTION ( 'NONE',  ( -1.000000000000000000, 0.0000000000000000000, 0.0000000000000000000 ) ) ;
#5967 = CIRCLE ( 'NONE', #7184, 0.02000000000000007674 ) ;
#5969 = ADVANCED_FACE ( 'NONE', ( #1884 ), #5956, .F. ) ;
#5968 = VECTOR ( 'NONE', #4742, 39.37007874015748143 ) ;
#5970 = CARTESIAN_POINT ( 'NONE',  ( -0.2252209051766793368, -0.04506440893921680874, 0.2485000000000000264 ) ) ;
#5971 = ADVANCED_FACE ( 'NONE', ( #3492 ), #768, .F. ) ;
#5972 = CARTESIAN_POINT ( 'NONE',  ( 0.1959999999999998965, 0.05600000000000000810, -0.2795000000000000262 ) ) ;
#5973 = EDGE_CURVE ( 'NONE', #7866, #421, #4948, .T. ) ;
#5974 = EDGE_CURVE ( 'NONE', #6780, #1337, #8503, .T. ) ;
#5975 = SURFACE_SIDE_STYLE ('',( #2430 ) ) ;
#5976 = FACE_OUTER_BOUND ( 'NONE', #2667, .T. ) ;
#5977 = CARTESIAN_POINT ( 'NONE',  ( 0.08249999999999993450, -0.05599999999999999423, -0.2795000000000000262 ) ) ;
#5978 = PLANE ( 'NONE',  #1371 ) ;
#5979 = CARTESIAN_POINT ( 'NONE',  ( -0.2263533236548204708, -0.06388658998790246180, 0.2505000000000000004 ) ) ;
#5980 = TOROIDAL_SURFACE ( 'NONE', #6533, 0.09999999999999999167, 0.02000000000000000042 ) ;
#5981 = CARTESIAN_POINT ( 'NONE',  ( -0.05650000000000001549, -0.05600000000000000810, -0.4243528137423855373 ) ) ;
#5982 = ADVANCED_FACE ( 'NONE', ( #4099 ), #3169, .T. ) ;
#5983 = ORIENTED_EDGE ( 'NONE', *, *, #10126, .T. ) ;
#5984 = CARTESIAN_POINT ( 'NONE',  ( 0.3286280192418698509, -0.09633778132003184558, -0.1494999999999999940 ) ) ;
#5985 = LENGTH_MEASURE_WITH_UNIT ( LENGTH_MEASURE( 0.02539999999999999897 ), #5076 );
#5986 = CIRCLE ( 'NONE', #3705, 0.02999999999999993644 ) ;
#5987 = FACE_BOUND ( 'NONE', #9616, .T. ) ;
#5988 = DIRECTION ( 'NONE',  ( 0.1736481776669317745, 0.9848077530122077983, 0.0000000000000000000 ) ) ;
#5989 = EDGE_LOOP ( 'NONE', ( #7835, #7394, #9924, #3944 ) ) ;
#5990 = UNCERTAINTY_MEASURE_WITH_UNIT (LENGTH_MEASURE( 1.000000000000000082E-05 ), #4045, 'distance_accuracy_value', 'NONE');
#5991 = ORIENTED_EDGE ( 'NONE', *, *, #6487, .T. ) ;
#5992 = CARTESIAN_POINT ( 'NONE',  ( -0.2266593723228483848, -0.07865847088696716061, 0.2505000000000000560 ) ) ;
#5993 = DIRECTION ( 'NONE',  ( -1.000000000000000000, 0.0000000000000000000, 0.0000000000000000000 ) ) ;
#5994 = EDGE_LOOP ( 'NONE', ( #810, #6454, #797, #2008 ) ) ;
#5995 = DIRECTION ( 'NONE',  ( 0.0000000000000000000, 1.000000000000000000, 0.0000000000000000000 ) ) ;
#5996 = CARTESIAN_POINT ( 'NONE',  ( 0.2609115348192674322, 0.1555000000000000826, -0.2195000000000000839 ) ) ;
#5997 = ORIENTED_EDGE ( 'NONE', *, *, #4496, .F. ) ;
#5998 = PLANE ( 'NONE',  #2433 ) ;
#5999 = ORIENTED_EDGE ( 'NONE', *, *, #3057, .T. ) ;
#6000 = STYLED_ITEM ( 'NONE', ( #9764 ), #5487 ) ;
#6001 = CIRCLE ( 'NONE', #8157, 0.1600000000000000033 ) ;
#6002 = AXIS2_PLACEMENT_3D ( 'NONE', #6678, #8987, #1971 ) ;
#6003 =( LENGTH_UNIT ( ) NAMED_UNIT ( * ) SI_UNIT ( $, .METRE. ) );
#6004 = AXIS2_PLACEMENT_3D ( 'NONE', #1988, #8898, #3531 ) ;
#6005 = CIRCLE ( 'NONE', #8529, 0.1200000000000000511 ) ;
#6006 = CARTESIAN_POINT ( 'NONE',  ( 0.2459999999999999964, 0.05600000000000000810, -0.3395000000000000240 ) ) ;
#6007 = CARTESIAN_POINT ( 'NONE',  ( 0.2354999999999998761, 0.05600000000000000810, -0.03565432893255038316 ) ) ;
#6008 =( NAMED_UNIT ( * ) SI_UNIT ( $, .STERADIAN. ) SOLID_ANGLE_UNIT ( ) );
#6009 = FILL_AREA_STYLE_COLOUR ( '', #10058 ) ;
#6010 = LINE ( 'NONE', #2551, #7239 ) ;
#6011 = ORIENTED_EDGE ( 'NONE', *, *, #6301, .T. ) ;
#6012 = APPLICATION_CONTEXT ( 'automotive_design' ) ;
#6013 = ORIENTED_EDGE ( 'NONE', *, *, #9361, .F. ) ;
#6014 = AXIS2_PLACEMENT_3D ( 'NONE', #6321, #3950, #9374 ) ;
#6015 = EDGE_CURVE ( 'NONE', #6035, #1634, #3638, .T. ) ;
#6016 = FILL_AREA_STYLE ('',( #1861 ) ) ;
#6017 = CIRCLE ( 'NONE', #2882, 0.02000000000000000042 ) ;
#6018 = COLOUR_RGB ( '',1.000000000000000000, 1.000000000000000000, 0.0000000000000000000 ) ;
#6019 = FILL_AREA_STYLE ('',( #543 ) ) ;
#6020 = COLOUR_RGB ( '',0.9294117647058823817, 0.7607843137254901578, 0.4784313725490195734 ) ;
#6021 = FILL_AREA_STYLE_COLOUR ( '', #7675 ) ;
#6022 = DIRECTION ( 'NONE',  ( -0.0000000000000000000, -0.0000000000000000000, 1.000000000000000000 ) ) ;
#6023 = VERTEX_POINT ( 'NONE', #3887 ) ;
#6024 =( NAMED_UNIT ( * ) PLANE_ANGLE_UNIT ( ) SI_UNIT ( $, .RADIAN. ) );
#6025 = VERTEX_POINT ( 'NONE', #16 ) ;
#6026 = PRESENTATION_LAYER_ASSIGNMENT (  '', '', ( #1234 ) ) ;
#6027 = ADVANCED_FACE ( 'NONE', ( #1752 ), #2498, .F. ) ;
#6028 = EDGE_CURVE ( 'NONE', #754, #7743, #3364, .T. ) ;
#6029 = AXIS2_PLACEMENT_3D ( 'NONE', #5151, #459, #7553 ) ;
#6030 = SURFACE_STYLE_FILL_AREA ( #6498 ) ;
#6031 = SURFACE_STYLE_USAGE ( .BOTH. , #553 ) ;
#6032 = DIRECTION ( 'NONE',  ( 0.0000000000000000000, -0.0000000000000000000, -1.000000000000000000 ) ) ;
#6033 = COLOUR_RGB ( '',1.000000000000000000, 1.000000000000000000, 0.0000000000000000000 ) ;
#6034 = COLOUR_RGB ( '',0.7529411764705882248, 0.7529411764705882248, 0.7529411764705882248 ) ;
#6035 = VERTEX_POINT ( 'NONE', #1047 ) ;
#6036 = CARTESIAN_POINT ( 'NONE',  ( 0.5449999999999999289, 0.1870000000000001106, 0.01949999999999999997 ) ) ;
#6037 = EDGE_LOOP ( 'NONE', ( #341, #1243, #2121, #5311 ) ) ;
#6038 = SURFACE_SIDE_STYLE ('',( #10122 ) ) ;
#6039 = CARTESIAN_POINT ( 'NONE',  ( -0.2251323191864285089, -0.07923763112524845331, 0.2505000000000000560 ) ) ;
#6040 = CARTESIAN_POINT ( 'NONE',  ( -0.2293010960458326253, -0.06071561508829845938, 0.2505000000000000560 ) ) ;
#6041 = FILL_AREA_STYLE_COLOUR ( '', #6555 ) ;
#6042 = CIRCLE ( 'NONE', #7488, 0.01949999999999988895 ) ;
#6043 = UNCERTAINTY_MEASURE_WITH_UNIT (LENGTH_MEASURE( 1.000000000000000082E-05 ), #7600, 'distance_accuracy_value', 'NONE');
#6044 = DIMENSIONAL_EXPONENTS ( 1.000000000000000000, 0.0000000000000000000, 0.0000000000000000000, 0.0000000000000000000, 0.0000000000000000000, 0.0000000000000000000, 0.0000000000000000000 ) ;
#6046 = CIRCLE ( 'NONE', #7339, 0.02000000000000000042 ) ;
#6045 = STYLED_ITEM ( 'NONE', ( #8844 ), #8936 ) ;
#6047 = VERTEX_POINT ( 'NONE', #1787 ) ;
#6048 = EDGE_CURVE ( 'NONE', #2419, #2696, #6445, .T. ) ;
#6049 = MECHANICAL_DESIGN_GEOMETRIC_PRESENTATION_REPRESENTATION (  '', ( #2304 ), #1306 ) ;
#6050 = SURFACE_STYLE_USAGE ( .BOTH. , #567 ) ;
#6051 = DIRECTION ( 'NONE',  ( -0.0000000000000000000, -0.0000000000000000000, -1.000000000000000000 ) ) ;
#6052 = DIRECTION ( 'NONE',  ( -1.000000000000000000, 0.0000000000000000000, 0.0000000000000000000 ) ) ;
#6053 = LINE ( 'NONE', #3367, #7748 ) ;
#6054 = SURFACE_STYLE_FILL_AREA ( #4488 ) ;
#6055 = ORIENTED_EDGE ( 'NONE', *, *, #6105, .F. ) ;
#6057 = ORIENTED_EDGE ( 'NONE', *, *, #6636, .F. ) ;
#6056 = FACE_OUTER_BOUND ( 'NONE', #702, .T. ) ;
#6058 =( CONVERSION_BASED_UNIT ( 'INCH', #2683 ) LENGTH_UNIT ( ) NAMED_UNIT ( #6044 ) );
#6059 =( NAMED_UNIT ( * ) PLANE_ANGLE_UNIT ( ) SI_UNIT ( $, .RADIAN. ) );
#6060 =( NAMED_UNIT ( * ) PLANE_ANGLE_UNIT ( ) SI_UNIT ( $, .RADIAN. ) );
#6061 = DIRECTION ( 'NONE',  ( -0.9848077530122077983, -0.1736481776669317745, 0.0000000000000000000 ) ) ;
#6062 = AXIS2_PLACEMENT_3D ( 'NONE', #5184, #2229, #7055 ) ;
#6063 = COLOUR_RGB ( '',0.9294117647058823817, 0.7607843137254901578, 0.4784313725490195734 ) ;
#6064 = STYLED_ITEM ( 'NONE', ( #8554 ), #9400 ) ;
#6065 = VERTEX_POINT ( 'NONE', #7994 ) ;
#6066 = ORIENTED_EDGE ( 'NONE', *, *, #6028, .F. ) ;
#6067 =( LENGTH_UNIT ( ) NAMED_UNIT ( * ) SI_UNIT ( $, .METRE. ) );
#6068 =( NAMED_UNIT ( * ) PLANE_ANGLE_UNIT ( ) SI_UNIT ( $, .RADIAN. ) );
#6069 = CARTESIAN_POINT ( 'NONE',  ( -0.3396961550602441426, 0.08160814578664549179, 0.01949999999999999997 ) ) ;
#6070 = VECTOR ( 'NONE', #8268, 39.37007874015748143 ) ;
#6071 = COLOUR_RGB ( '',1.000000000000000000, 1.000000000000000000, 0.0000000000000000000 ) ;
#6072 = FILL_AREA_STYLE ('',( #2195 ) ) ;
#6073 = CARTESIAN_POINT ( 'NONE',  ( -0.002000000000000006113, 0.05600000000000000810, -0.2795000000000000262 ) ) ;
#6074 = ORIENTED_EDGE ( 'NONE', *, *, #6835, .T. ) ;
#6075 = CARTESIAN_POINT ( 'NONE',  ( -0.2200000000000000011, 0.05600000000000000810, -0.2795000000000000262 ) ) ;
#6076 = CARTESIAN_POINT ( 'NONE',  ( 0.2459999999999999964, 0.05599999999999999423, -0.2795000000000000262 ) ) ;
#6077 = FILL_AREA_STYLE ('',( #6009 ) ) ;
#6078 = ORIENTED_EDGE ( 'NONE', *, *, #5400, .T. ) ;
#6079 = PRESENTATION_LAYER_ASSIGNMENT (  '', '', ( #3112 ) ) ;
#6080 = ADVANCED_FACE ( 'NONE', ( #181 ), #5625, .T. ) ;
#6081 = EDGE_CURVE ( 'NONE', #5656, #6117, #55, .T. ) ;
#6082 = AXIS2_PLACEMENT_3D ( 'NONE', #9523, #6393, #3283 ) ;
#6083 = TOROIDAL_SURFACE ( 'NONE', #8376, 0.1200000000000000233, 0.02000000000000000042 ) ;
#6084 = CARTESIAN_POINT ( 'NONE',  ( -0.05650000000000001549, -0.05600000000000000810, 0.01949999999999999997 ) ) ;
#6085 = ORIENTED_EDGE ( 'NONE', *, *, #6806, .F. ) ;
#6086 = CARTESIAN_POINT ( 'NONE',  ( -0.2104510888804048685, -0.2154999999999999971, -0.1694999999999999840 ) ) ;
#6087 = DIRECTION ( 'NONE',  ( 0.0000000000000000000, 0.0000000000000000000, 1.000000000000000000 ) ) ;
#6088 = COLOUR_RGB ( '',0.9294117647058823817, 0.7607843137254901578, 0.4784313725490195734 ) ;
#6089 = PRESENTATION_LAYER_ASSIGNMENT (  '', '', ( #634 ) ) ;
#6090 = EDGE_CURVE ( 'NONE', #6736, #4938, #7889, .T. ) ;
#6091 = CARTESIAN_POINT ( 'NONE',  ( -0.2609115348192674322, 0.1555000000000000271, -0.9827025327494508522 ) ) ;
#6092 = SURFACE_STYLE_USAGE ( .BOTH. , #4469 ) ;
#6093 = VERTEX_POINT ( 'NONE', #124 ) ;
#6094 =( NAMED_UNIT ( * ) SI_UNIT ( $, .STERADIAN. ) SOLID_ANGLE_UNIT ( ) );
#6095 = DIRECTION ( 'NONE',  ( -1.000000000000000000, 0.0000000000000000000, 0.0000000000000000000 ) ) ;
#6096 = LINE ( 'NONE', #3627, #6954 ) ;
#6097 = DIMENSIONAL_EXPONENTS ( 1.000000000000000000, 0.0000000000000000000, 0.0000000000000000000, 0.0000000000000000000, 0.0000000000000000000, 0.0000000000000000000, 0.0000000000000000000 ) ;
#6098 = ORIENTED_EDGE ( 'NONE', *, *, #710, .T. ) ;
#6099 =( NAMED_UNIT ( * ) SI_UNIT ( $, .STERADIAN. ) SOLID_ANGLE_UNIT ( ) );
#6100 = SURFACE_STYLE_FILL_AREA ( #8507 ) ;
#6101 = ADVANCED_FACE ( 'NONE', ( #4703 ), #3859, .F. ) ;
#6102 = ORIENTED_EDGE ( 'NONE', *, *, #912, .F. ) ;
#6103 =( GEOMETRIC_REPRESENTATION_CONTEXT ( 3 ) GLOBAL_UNCERTAINTY_ASSIGNED_CONTEXT ( ( #10079 ) ) GLOBAL_UNIT_ASSIGNED_CONTEXT ( ( #6974, #5291, #6884 ) ) REPRESENTATION_CONTEXT ( 'NONE', 'WORKASPACE' ) );
#6104 = EDGE_CURVE ( 'NONE', #6421, #495, #5440, .T. ) ;
#6105 = EDGE_CURVE ( 'NONE', #58, #5210, #3122, .T. ) ;
#6106 = LINE ( 'NONE', #7155, #4155 ) ;
#6107 = DIRECTION ( 'NONE',  ( 1.000000000000000000, 0.0000000000000000000, 0.0000000000000000000 ) ) ;
#6108 = CARTESIAN_POINT ( 'NONE',  ( -0.2360873406534024777, -0.05170774251347842049, 0.2505000000000000004 ) ) ;
#6109 = CIRCLE ( 'NONE', #880, 0.06000000000000004635 ) ;
#6110 = LENGTH_MEASURE_WITH_UNIT ( LENGTH_MEASURE( 0.02539999999999999897 ), #8703 );
#6111 = UNCERTAINTY_MEASURE_WITH_UNIT (LENGTH_MEASURE( 1.000000000000000082E-05 ), #32, 'distance_accuracy_value', 'NONE');
#6112 = ORIENTED_EDGE ( 'NONE', *, *, #1052, .F. ) ;
#6113 = EDGE_LOOP ( 'NONE', ( #1284, #7249 ) ) ;
#6114 = DIRECTION ( 'NONE',  ( 0.0000000000000000000, 0.0000000000000000000, 1.000000000000000000 ) ) ;
#6115 = SURFACE_SIDE_STYLE ('',( #6314 ) ) ;
#6116 = AXIS2_PLACEMENT_3D ( 'NONE', #1853, #8089, #3477 ) ;
#6117 = VERTEX_POINT ( 'NONE', #1181 ) ;
#6118 = AXIS2_PLACEMENT_3D ( 'NONE', #8972, #7451, #4294 ) ;
#6119 = LENGTH_MEASURE_WITH_UNIT ( LENGTH_MEASURE( 0.02539999999999999897 ), #1028 );
#6120 = MECHANICAL_DESIGN_GEOMETRIC_PRESENTATION_REPRESENTATION (  '', ( #7507 ), #9588 ) ;
#6121 = ORIENTED_EDGE ( 'NONE', *, *, #4652, .F. ) ;
#6122 = B_SPLINE_SURFACE_WITH_KNOTS ( 'NONE', 3, 1, ( 
 ( #9503, #2709 ),
 ( #8148, #1100 ),
 ( #4255, #1874 ),
 ( #1770, #7333 ),
 ( #5069, #6549 ),
 ( #7370, #1029 ),
 ( #6481, #3466 ),
 ( #5723, #5787 ),
 ( #8184, #7268 ),
 ( #3363, #3498 ),
 ( #8894, #4286 ),
 ( #2673, #8962 ),
 ( #4149, #2641 ),
 ( #992, #6612 ),
 ( #5756, #8927 ) ),
 .UNSPECIFIED., .F., .F., .F.,
 ( 4, 1, 1, 1, 1, 1, 1, 1, 1, 1, 1, 1, 4 ),
 ( 2, 2 ),
 ( 0.0000000000000000000, 0.1164323807288848156, 0.2266229944276460517, 0.3348174843248036825, 0.4447913643212244028, 0.5014766242041471811, 0.5605923454640759918, 0.6217257867906725854, 0.6868809963468857083, 0.7575557825207271945, 0.8323665149635305349, 0.9136238093466040322, 0.9999999999999998890 ),
 ( 0.0000000000000000000, 1.000000000000000000 ),
 .UNSPECIFIED. ) ;
#6123 = DIRECTION ( 'NONE',  ( -1.000000000000000000, 0.0000000000000000000, 0.0000000000000000000 ) ) ;
#6124 = FACE_OUTER_BOUND ( 'NONE', #8011, .T. ) ;
#6125 = CARTESIAN_POINT ( 'NONE',  ( -0.2334876612941061969, -0.08267577376320169036, 0.2484999999999999709 ) ) ;
#6126 = ADVANCED_FACE ( 'NONE', ( #5821 ), #4199, .T. ) ;
#6127 = DIRECTION ( 'NONE',  ( -0.0000000000000000000, 0.0000000000000000000, -1.000000000000000000 ) ) ;
#6128 = DIRECTION ( 'NONE',  ( -0.0000000000000000000, -0.0000000000000000000, -1.000000000000000000 ) ) ;
#6129 = CARTESIAN_POINT ( 'NONE',  ( 0.03250000000000002887, -0.05599999999999999423, -0.2013975032409335841 ) ) ;
#6130 = LINE ( 'NONE', #7952, #7365 ) ;
#6131 = SURFACE_SIDE_STYLE ('',( #5895 ) ) ;
#6132 = PRESENTATION_STYLE_ASSIGNMENT (( #712 ) ) ;
#6133 = PRESENTATION_STYLE_ASSIGNMENT (( #4648 ) ) ;
#6134 = ORIENTED_EDGE ( 'NONE', *, *, #4311, .T. ) ;
#6135 = SURFACE_STYLE_USAGE ( .BOTH. , #554 ) ;
#6136 = VECTOR ( 'NONE', #7109, 39.37007874015748143 ) ;
#6137 = STYLED_ITEM ( 'NONE', ( #344 ), #5443 ) ;
#6138 = PRESENTATION_LAYER_ASSIGNMENT (  '', '', ( #9853 ) ) ;
#6139 = DIRECTION ( 'NONE',  ( -0.0000000000000000000, -0.0000000000000000000, 1.000000000000000000 ) ) ;
#6140 =( GEOMETRIC_REPRESENTATION_CONTEXT ( 3 ) GLOBAL_UNCERTAINTY_ASSIGNED_CONTEXT ( ( #4599 ) ) GLOBAL_UNIT_ASSIGNED_CONTEXT ( ( #1058, #2631, #8882 ) ) REPRESENTATION_CONTEXT ( 'NONE', 'WORKASPACE' ) );
#6141 = DIRECTION ( 'NONE',  ( -1.000000000000000000, 0.0000000000000000000, -0.0000000000000000000 ) ) ;
#6142 = CARTESIAN_POINT ( 'NONE',  ( -0.05650000000000001549, -0.05600000000000000810, -0.2795000000000000262 ) ) ;
#6143 = CARTESIAN_POINT ( 'NONE',  ( -0.2188023341901455809, -0.05864696422840105089, 0.2484999999999999709 ) ) ;
#6144 = SURFACE_SIDE_STYLE ('',( #9570 ) ) ;
#6145 = SURFACE_STYLE_USAGE ( .BOTH. , #9330 ) ;
#6146 = LENGTH_MEASURE_WITH_UNIT ( LENGTH_MEASURE( 0.02539999999999999897 ), #6003 );
#6147 = DIMENSIONAL_EXPONENTS ( 1.000000000000000000, 0.0000000000000000000, 0.0000000000000000000, 0.0000000000000000000, 0.0000000000000000000, 0.0000000000000000000, 0.0000000000000000000 ) ;
#6148 = VERTEX_POINT ( 'NONE', #1855 ) ;
#6149 = CYLINDRICAL_SURFACE ( 'NONE', #1710, 0.01949999999999987507 ) ;
#6150 = EDGE_CURVE ( 'NONE', #7735, #314, #1768, .T. ) ;
#6151 = FACE_OUTER_BOUND ( 'NONE', #4679, .T. ) ;
#6152 =( NAMED_UNIT ( * ) PLANE_ANGLE_UNIT ( ) SI_UNIT ( $, .RADIAN. ) );
#6153 = CARTESIAN_POINT ( 'NONE',  ( -0.2104510888804048685, -0.07550000000000001155, -0.1494999999999999940 ) ) ;
#6154 = CARTESIAN_POINT ( 'NONE',  ( -0.6049999999999999822, 0.1870000000000001106, 0.01949999999999999997 ) ) ;
#6155 = ORIENTED_EDGE ( 'NONE', *, *, #9889, .T. ) ;
#6156 = ORIENTED_EDGE ( 'NONE', *, *, #6150, .T. ) ;
#6157 = VECTOR ( 'NONE', #10072, 39.37007874015748143 ) ;
#6158 = DIRECTION ( 'NONE',  ( -0.0000000000000000000, -0.0000000000000000000, 1.000000000000000000 ) ) ;
#6159 = CARTESIAN_POINT ( 'NONE',  ( -0.2346602084922011500, -0.08101874423433384764, 0.2485000000000000819 ) ) ;
#6160 = SURFACE_STYLE_FILL_AREA ( #8876 ) ;
#6161 = CARTESIAN_POINT ( 'NONE',  ( -0.2242770134151104156, -0.04506763938828553528, 0.2485000000000000264 ) ) ;
#6162 = COLOUR_RGB ( '',0.9294117647058823817, 0.7607843137254901578, 0.4784313725490195734 ) ;
#6163 = CARTESIAN_POINT ( 'NONE',  ( 0.2892357091213815234, -0.08939185421335459070, -0.1494999999999999940 ) ) ;
#6164 = VERTEX_POINT ( 'NONE', #3418 ) ;
#6165 = STYLED_ITEM ( 'NONE', ( #4271 ), #7140 ) ;
#6166 = EDGE_CURVE ( 'NONE', #18, #5254, #6562, .T. ) ;
#6167 = EDGE_CURVE ( 'NONE', #923, #9791, #9220, .T. ) ;
#6168 = CARTESIAN_POINT ( 'NONE',  ( 0.02799999999999996936, 0.05600000000000000810, -0.3395000000000000240 ) ) ;
#6169 =( CONVERSION_BASED_UNIT ( 'INCH', #734 ) LENGTH_UNIT ( ) NAMED_UNIT ( #9780 ) );
#6170 = CIRCLE ( 'NONE', #8491, 0.01949999999999987160 ) ;
#6171 = ORIENTED_EDGE ( 'NONE', *, *, #9289, .T. ) ;
#6172 = UNCERTAINTY_MEASURE_WITH_UNIT (LENGTH_MEASURE( 1.000000000000000082E-05 ), #3655, 'distance_accuracy_value', 'NONE');
#6173 = VECTOR ( 'NONE', #2772, 39.37007874015748143 ) ;
#6174 = ADVANCED_FACE ( 'NONE', ( #3242 ), #7543, .F. ) ;
#6175 = DIRECTION ( 'NONE',  ( -1.000000000000000000, 6.543999663421849787E-17, -0.0000000000000000000 ) ) ;
#6177 = VERTEX_POINT ( 'NONE', #1970 ) ;
#6176 = FACE_OUTER_BOUND ( 'NONE', #9465, .T. ) ;
#6178 =( CONVERSION_BASED_UNIT ( 'INCH', #9333 ) LENGTH_UNIT ( ) NAMED_UNIT ( #8094 ) );
#6179 =( NAMED_UNIT ( * ) SI_UNIT ( $, .STERADIAN. ) SOLID_ANGLE_UNIT ( ) );
#6180 =( NAMED_UNIT ( * ) SI_UNIT ( $, .STERADIAN. ) SOLID_ANGLE_UNIT ( ) );
#6181 =( NAMED_UNIT ( * ) SI_UNIT ( $, .STERADIAN. ) SOLID_ANGLE_UNIT ( ) );
#6182 =( GEOMETRIC_REPRESENTATION_CONTEXT ( 3 ) GLOBAL_UNCERTAINTY_ASSIGNED_CONTEXT ( ( #100 ) ) GLOBAL_UNIT_ASSIGNED_CONTEXT ( ( #2867, #5925, #5164 ) ) REPRESENTATION_CONTEXT ( 'NONE', 'WORKASPACE' ) );
#6183 = ORIENTED_EDGE ( 'NONE', *, *, #9672, .T. ) ;
#6184 = VERTEX_POINT ( 'NONE', #9657 ) ;
#6185 = ADVANCED_FACE ( 'NONE', ( #2997 ), #2623, .T. ) ;
#6186 = PRESENTATION_STYLE_ASSIGNMENT (( #8913 ) ) ;
#6187 = VERTEX_POINT ( 'NONE', #8983 ) ;
#6188 = CARTESIAN_POINT ( 'NONE',  ( -0.03650000000000007405, -0.05599999999999998729, -0.3395000000000000240 ) ) ;
#6189 = FILL_AREA_STYLE_COLOUR ( '', #7631 ) ;
#6190 = CARTESIAN_POINT ( 'NONE',  ( 0.1815000000000001057, -0.05600000000000000810, -0.2195000000000000007 ) ) ;
#6191 = FACE_OUTER_BOUND ( 'NONE', #1667, .T. ) ;
#6192 = ORIENTED_EDGE ( 'NONE', *, *, #7729, .F. ) ;
#6193 = DIRECTION ( 'NONE',  ( 0.0000000000000000000, 0.0000000000000000000, -1.000000000000000000 ) ) ;
#6194 = UNCERTAINTY_MEASURE_WITH_UNIT (LENGTH_MEASURE( 1.000000000000000082E-05 ), #2785, 'distance_accuracy_value', 'NONE');
#6195 = DIRECTION ( 'NONE',  ( -0.0000000000000000000, -0.0000000000000000000, 1.000000000000000000 ) ) ;
#6196 =( CONVERSION_BASED_UNIT ( 'INCH', #1296 ) LENGTH_UNIT ( ) NAMED_UNIT ( #1014 ) );
#6197 = STYLED_ITEM ( 'NONE', ( #4263 ), #5492 ) ;
#6198 = STYLED_ITEM ( 'NONE', ( #5893 ), #9386 ) ;
#6199 =( GEOMETRIC_REPRESENTATION_CONTEXT ( 3 ) GLOBAL_UNCERTAINTY_ASSIGNED_CONTEXT ( ( #7810 ) ) GLOBAL_UNIT_ASSIGNED_CONTEXT ( ( #9846, #5172, #8368 ) ) REPRESENTATION_CONTEXT ( 'NONE', 'WORKASPACE' ) );
#6200 = COLOUR_RGB ( '',0.7529411764705882248, 0.7529411764705882248, 0.7529411764705882248 ) ;
#6201 = VERTEX_POINT ( 'NONE', #4238 ) ;
#6202 = CARTESIAN_POINT ( 'NONE',  ( 0.3396961550602441426, 0.08160814578664549179, -0.1694999999999999840 ) ) ;
#6203 = ORIENTED_EDGE ( 'NONE', *, *, #5237, .F. ) ;
#6204 = CARTESIAN_POINT ( 'NONE',  ( -0.2198576046473258438, -0.07630794426412908227, 0.2484999999999999987 ) ) ;
#6205 = FACE_OUTER_BOUND ( 'NONE', #6483, .T. ) ;
#6206 = DIRECTION ( 'NONE',  ( -0.1736481776669315802, -0.9848077530122077983, 0.0000000000000000000 ) ) ;
#6207 = DIRECTION ( 'NONE',  ( 0.1736481776669317745, 0.9848077530122077983, 0.0000000000000000000 ) ) ;
#6208 = EDGE_LOOP ( 'NONE', ( #3006, #6341, #5732, #5159 ) ) ;
#6209 =( CONVERSION_BASED_UNIT ( 'INCH', #7541 ) LENGTH_UNIT ( ) NAMED_UNIT ( #4970 ) );
#6210 = FILL_AREA_STYLE ('',( #9138 ) ) ;
#6211 = FACE_OUTER_BOUND ( 'NONE', #5994, .T. ) ;
#6212 = B_SPLINE_SURFACE_WITH_KNOTS ( 'NONE', 3, 1, ( 
 ( #5488, #1582 ),
 ( #6161, #3863 ),
 ( #3038, #9351 ),
 ( #3828, #9311 ),
 ( #5426, #9282 ),
 ( #5391, #1548 ),
 ( #1511, #6984 ),
 ( #4641, #2315 ),
 ( #741, #8004 ),
 ( #6329, #4781 ),
 ( #5596, #3287 ),
 ( #7179, #842 ),
 ( #8675, #1619 ),
 ( #168, #4030 ),
 ( #1653, #4885 ),
 ( #7894, #133 ),
 ( #916, #2485 ),
 ( #4743, #61 ),
 ( #3176, #209 ) ),
 .UNSPECIFIED., .F., .F., .F.,
 ( 4, 1, 1, 1, 1, 1, 1, 1, 1, 1, 1, 1, 1, 1, 1, 1, 4 ),
 ( 2, 2 ),
 ( 0.0000000000000000000, 0.05342829281650169487, 0.1047665906471945269, 0.1549900948249419430, 0.2045909534925099138, 0.2542004774278124324, 0.3046451619956860313, 0.3567538328657475222, 0.4105189630472819706, 0.4670647379806889821, 0.5272751162564861538, 0.5917399516749562993, 0.6614170385233464344, 0.7365739223556931892, 0.8179314976046464514, 0.9055660786144746899, 1.000000000000000000 ),
 ( 0.0000000000000000000, 1.000000000000000000 ),
 .UNSPECIFIED. ) ;
#6213 =( LENGTH_UNIT ( ) NAMED_UNIT ( * ) SI_UNIT ( $, .METRE. ) );
#6214 = MECHANICAL_DESIGN_GEOMETRIC_PRESENTATION_REPRESENTATION (  '', ( #759 ), #953 ) ;
#6215 = EDGE_CURVE ( 'NONE', #8580, #4765, #7156, .T. ) ;
#6216 = ORIENTED_EDGE ( 'NONE', *, *, #586, .F. ) ;
#6217 = CARTESIAN_POINT ( 'NONE',  ( 0.3200000000000000067, 0.08508110933998412617, 0.2515000000000000013 ) ) ;
#6218 =( NAMED_UNIT ( * ) SI_UNIT ( $, .STERADIAN. ) SOLID_ANGLE_UNIT ( ) );
#6219 = CARTESIAN_POINT ( 'NONE',  ( -0.2293010960458326253, -0.06071561508829845938, 0.2505000000000000560 ) ) ;
#6220 = DIRECTION ( 'NONE',  ( 1.000000000000000000, -0.0000000000000000000, -0.0000000000000000000 ) ) ;
#6221 = VERTEX_POINT ( 'NONE', #2693 ) ;
#6222 = AXIS2_PLACEMENT_3D ( 'NONE', #1662, #8652, #5534 ) ;
#6223 = EDGE_CURVE ( 'NONE', #7670, #9770, #909, .T. ) ;
#6224 =( GEOMETRIC_REPRESENTATION_CONTEXT ( 3 ) GLOBAL_UNCERTAINTY_ASSIGNED_CONTEXT ( ( #8241 ) ) GLOBAL_UNIT_ASSIGNED_CONTEXT ( ( #2033, #5281, #6008 ) ) REPRESENTATION_CONTEXT ( 'NONE', 'WORKASPACE' ) );
#6225 = DIRECTION ( 'NONE',  ( 1.000000000000000000, 1.308799932684369957E-16, 0.0000000000000000000 ) ) ;
#6226 = DIRECTION ( 'NONE',  ( -0.0000000000000000000, 0.0000000000000000000, -1.000000000000000000 ) ) ;
#6227 = CARTESIAN_POINT ( 'NONE',  ( 0.2385029052043940168, 0.1046887404145068756, 0.2484999999999999709 ) ) ;
#6228 = DIRECTION ( 'NONE',  ( -0.0000000000000000000, -0.0000000000000000000, -1.000000000000000000 ) ) ;
#6229 = SURFACE_SIDE_STYLE ('',( #8706 ) ) ;
#6230 = ORIENTED_EDGE ( 'NONE', *, *, #8174, .F. ) ;
#6231 = ADVANCED_FACE ( 'NONE', ( #4459 ), #2858, .T. ) ;
#6232 = ADVANCED_FACE ( 'NONE', ( #9940 ), #8167, .F. ) ;
#6233 =( LENGTH_UNIT ( ) NAMED_UNIT ( * ) SI_UNIT ( $, .METRE. ) );
#6234 = COLOUR_RGB ( '',0.9294117647058823817, 0.7607843137254901578, 0.4784313725490195734 ) ;
#6235 = CARTESIAN_POINT ( 'NONE',  ( 0.2104510888804048685, -0.07550000000000001155, -0.1494999999999999940 ) ) ;
#6236 = ORIENTED_EDGE ( 'NONE', *, *, #4432, .F. ) ;
#6237 = STYLED_ITEM ( 'NONE', ( #8606 ), #8571 ) ;
#6238 = CARTESIAN_POINT ( 'NONE',  ( 0.2371982050534481579, 0.1039820571748961420, 0.2484999999999999709 ) ) ;
#6239 = EDGE_CURVE ( 'NONE', #5656, #5526, #7759, .T. ) ;
#6240 = STYLED_ITEM ( 'NONE', ( #3951 ), #114 ) ;
#6241 = SURFACE_SIDE_STYLE ('',( #2753 ) ) ;
#6242 = SURFACE_STYLE_USAGE ( .BOTH. , #3191 ) ;
#6243 = CARTESIAN_POINT ( 'NONE',  ( -0.2338984963053847566, -0.04866446727195922889, 0.2485000000000000542 ) ) ;
#6244 = ORIENTED_EDGE ( 'NONE', *, *, #2401, .T. ) ;
#6245 = VERTEX_POINT ( 'NONE', #5952 ) ;
#6246 = CIRCLE ( 'NONE', #479, 0.01949999999999988895 ) ;
#6247 = PRESENTATION_STYLE_ASSIGNMENT (( #6511 ) ) ;
#6248 = ORIENTED_EDGE ( 'NONE', *, *, #5840, .T. ) ;
#6249 = CARTESIAN_POINT ( 'NONE',  ( -0.2110199643843211348, -0.06529322254148302307, 0.2505000000000000004 ) ) ;
#6250 = DIRECTION ( 'NONE',  ( -0.0000000000000000000, -0.0000000000000000000, -1.000000000000000000 ) ) ;
#6251 = CARTESIAN_POINT ( 'NONE',  ( -0.2273063806311158008, -0.06339872316183629841, 0.2484999999999999154 ) ) ;
#6252 = ORIENTED_EDGE ( 'NONE', *, *, #7356, .T. ) ;
#6253 = CARTESIAN_POINT ( 'NONE',  ( -0.2218968062984869316, -0.04531642937717861308, 0.2505000000000000560 ) ) ;
#6254 =( GEOMETRIC_REPRESENTATION_CONTEXT ( 3 ) GLOBAL_UNCERTAINTY_ASSIGNED_CONTEXT ( ( #828 ) ) GLOBAL_UNIT_ASSIGNED_CONTEXT ( ( #8318, #7607, #2057 ) ) REPRESENTATION_CONTEXT ( 'NONE', 'WORKASPACE' ) );
#6255 = STYLED_ITEM ( 'NONE', ( #3310 ), #9433 ) ;
#6256 = DIMENSIONAL_EXPONENTS ( 1.000000000000000000, 0.0000000000000000000, 0.0000000000000000000, 0.0000000000000000000, 0.0000000000000000000, 0.0000000000000000000, 0.0000000000000000000 ) ;
#6257 = B_SPLINE_SURFACE_WITH_KNOTS ( 'NONE', 3, 1, ( 
 ( #3994, #4817 ),
 ( #9448, #3250 ),
 ( #6396, #95 ),
 ( #7969, #8644 ),
 ( #5562, #5638 ),
 ( #946, #875 ),
 ( #6435, #6361 ),
 ( #7136, #8708 ),
 ( #1724, #1688 ),
 ( #2524, #9559 ),
 ( #4107, #6665 ),
 ( #10096, #4040 ),
 ( #8303, #4172 ),
 ( #9632, #4435 ),
 ( #2550, #891 ) ),
 .UNSPECIFIED., .F., .F., .F.,
 ( 4, 1, 1, 1, 1, 1, 1, 1, 1, 1, 1, 1, 4 ),
 ( 2, 2 ),
 ( 0.0000000000000000000, 0.07812636888353749476, 0.1518386126524806368, 0.2214787026593711960, 0.2883218449895933455, 0.3535121359603214941, 0.4164239604785008875, 0.4789155420202590441, 0.5411742382343336377, 0.6613623320156010177, 0.7750504512098750354, 0.8860655164346460388, 1.000000000000000000 ),
 ( 0.0000000000000000000, 1.000000000000000000 ),
 .UNSPECIFIED. ) ;
#6258 =( NAMED_UNIT ( * ) SI_UNIT ( $, .STERADIAN. ) SOLID_ANGLE_UNIT ( ) );
#6259 = CARTESIAN_POINT ( 'NONE',  ( 0.2409718528315643038, 0.1063120458446303040, 0.2485000000000000819 ) ) ;
#6260 = CARTESIAN_POINT ( 'NONE',  ( -0.07649999999999997080, -0.05600000000000000810, -0.2013975032409335841 ) ) ;
#6261 = SURFACE_STYLE_FILL_AREA ( #5105 ) ;
#6262 = CARTESIAN_POINT ( 'NONE',  ( 0.3809115348192674833, 0.09550000000000004319, -0.1694999999999999840 ) ) ;
#6263 = CARTESIAN_POINT ( 'NONE',  ( -0.2238192001577654078, -0.06422557116788119025, 0.2485000000000000264 ) ) ;
#6264 = DIRECTION ( 'NONE',  ( -0.0000000000000000000, -0.0000000000000000000, 1.000000000000000000 ) ) ;
#6265 =( GEOMETRIC_REPRESENTATION_CONTEXT ( 3 ) GLOBAL_UNCERTAINTY_ASSIGNED_CONTEXT ( ( #218 ) ) GLOBAL_UNIT_ASSIGNED_CONTEXT ( ( #9835, #6741, #6711 ) ) REPRESENTATION_CONTEXT ( 'NONE', 'WORKASPACE' ) );
#6266 = EDGE_CURVE ( 'NONE', #7890, #7514, #9335, .T. ) ;
#6267 = VERTEX_POINT ( 'NONE', #2062 ) ;
#6268 = DIRECTION ( 'NONE',  ( -0.0000000000000000000, -0.0000000000000000000, -1.000000000000000000 ) ) ;
#6269 = AXIS2_PLACEMENT_3D ( 'NONE', #10087, #10124, #4678 ) ;
#6270 = DIRECTION ( 'NONE',  ( -0.0000000000000000000, -0.0000000000000000000, 1.000000000000000000 ) ) ;
#6271 = ORIENTED_EDGE ( 'NONE', *, *, #6892, .F. ) ;
#6272 = CARTESIAN_POINT ( 'NONE',  ( -0.3593923101204882231, 0.07813518223330688517, -0.1694999999999999840 ) ) ;
#6273 = CARTESIAN_POINT ( 'NONE',  ( -0.2242320351744064855, -0.05181373173034520274, 0.2485000000000000264 ) ) ;
#6274 =( CONVERSION_BASED_UNIT ( 'INCH', #3786 ) LENGTH_UNIT ( ) NAMED_UNIT ( #5965 ) );
#6275 = CARTESIAN_POINT ( 'NONE',  ( -0.2309335459014585090, -0.04645305498554299500, 0.2484999999999999709 ) ) ;
#6276 = COLOUR_RGB ( '',0.9294117647058823817, 0.7607843137254901578, 0.4784313725490195734 ) ;
#6277 = SURFACE_STYLE_FILL_AREA ( #5110 ) ;
#6278 = ORIENTED_EDGE ( 'NONE', *, *, #5763, .F. ) ;
#6279 = ADVANCED_FACE ( 'NONE', ( #2755 ), #782, .T. ) ;
#6280 = EDGE_LOOP ( 'NONE', ( #8300, #3082, #3716, #1219 ) ) ;
#6281 = AXIS2_PLACEMENT_3D ( 'NONE', #5981, #2890, #3576 ) ;
#6282 = EDGE_CURVE ( 'NONE', #3833, #923, #3107, .T. ) ;
#6283 = VECTOR ( 'NONE', #8145, 39.37007874015748143 ) ;
#6284 = CARTESIAN_POINT ( 'NONE',  ( -0.2160038754825019947, -0.08229868622198419081, 0.2504999999999999449 ) ) ;
#6285 = FILL_AREA_STYLE ('',( #800 ) ) ;
#6286 = CARTESIAN_POINT ( 'NONE',  ( -0.2245633764261588672, -0.06422242020845513044, 0.2484999999999999987 ) ) ;
#6287 = CARTESIAN_POINT ( 'NONE',  ( -0.2205543440181218506, -0.04569433638056873831, 0.2505000000000000004 ) ) ;
#6288 = ORIENTED_EDGE ( 'NONE', *, *, #1963, .F. ) ;
#6289 = DIMENSIONAL_EXPONENTS ( 1.000000000000000000, 0.0000000000000000000, 0.0000000000000000000, 0.0000000000000000000, 0.0000000000000000000, 0.0000000000000000000, 0.0000000000000000000 ) ;
#6290 = CARTESIAN_POINT ( 'NONE',  ( -0.02200000000000008546, 0.05600000000000000810, -0.2795000000000000262 ) ) ;
#6291 =( LENGTH_UNIT ( ) NAMED_UNIT ( * ) SI_UNIT ( $, .METRE. ) );
#6292 = CARTESIAN_POINT ( 'NONE',  ( 0.1070000000000000118, 0.05600000000000000810, 0.2505000000000000004 ) ) ;
#6293 = ADVANCED_FACE ( 'NONE', ( #7034 ), #1023, .F. ) ;
#6294 = VERTEX_POINT ( 'NONE', #2233 ) ;
#6295 = UNCERTAINTY_MEASURE_WITH_UNIT (LENGTH_MEASURE( 1.000000000000000082E-05 ), #8151, 'distance_accuracy_value', 'NONE');
#6297 = LENGTH_MEASURE_WITH_UNIT ( LENGTH_MEASURE( 0.02539999999999999897 ), #3609 );
#6296 = STYLED_ITEM ( 'NONE', ( #427 ), #7916 ) ;
#6298 = CARTESIAN_POINT ( 'NONE',  ( 0.02250000000000004427, -0.05600000000000000810, -0.2195000000000000007 ) ) ;
#6299 = COLOUR_RGB ( '',0.7529411764705882248, 0.7529411764705882248, 0.7529411764705882248 ) ;
#6300 = EDGE_CURVE ( 'NONE', #5213, #2928, #4563, .T. ) ;
#6301 = EDGE_CURVE ( 'NONE', #3017, #3258, #3723, .T. ) ;
#6302 = ORIENTED_EDGE ( 'NONE', *, *, #4395, .F. ) ;
#6303 =( NAMED_UNIT ( * ) PLANE_ANGLE_UNIT ( ) SI_UNIT ( $, .RADIAN. ) );
#6304 = DIRECTION ( 'NONE',  ( -1.000000000000000000, 0.0000000000000000000, 0.0000000000000000000 ) ) ;
#6305 = LENGTH_MEASURE_WITH_UNIT ( LENGTH_MEASURE( 0.02539999999999999897 ), #2134 );
#6306 = VECTOR ( 'NONE', #3606, 39.37007874015748143 ) ;
#6307 = DIRECTION ( 'NONE',  ( -0.0000000000000000000, -0.0000000000000000000, -1.000000000000000000 ) ) ;
#6308 = SURFACE_SIDE_STYLE ('',( #8992 ) ) ;
#6309 = VERTEX_POINT ( 'NONE', #10032 ) ;
#6310 =( LENGTH_UNIT ( ) NAMED_UNIT ( * ) SI_UNIT ( $, .METRE. ) );
#6311 = LENGTH_MEASURE_WITH_UNIT ( LENGTH_MEASURE( 0.02539999999999999897 ), #5883 );
#6312 = CARTESIAN_POINT ( 'NONE',  ( -0.2274025270300416568, -0.04525983384409863058, 0.2484999999999999987 ) ) ;
#6313 =( GEOMETRIC_REPRESENTATION_CONTEXT ( 3 ) GLOBAL_UNCERTAINTY_ASSIGNED_CONTEXT ( ( #2995 ) ) GLOBAL_UNIT_ASSIGNED_CONTEXT ( ( #8227, #9859, #3681 ) ) REPRESENTATION_CONTEXT ( 'NONE', 'WORKASPACE' ) );
#6314 = SURFACE_STYLE_FILL_AREA ( #1370 ) ;
#6315 = AXIS2_PLACEMENT_3D ( 'NONE', #9070, #2947, #2118 ) ;
#6316 = PRESENTATION_LAYER_ASSIGNMENT (  '', '', ( #7507 ) ) ;
#6317 = EDGE_LOOP ( 'NONE', ( #2066, #433 ) ) ;
#6318 = CARTESIAN_POINT ( 'NONE',  ( -0.2238290493719598262, -0.08598312911916261569, 0.2484999999999999154 ) ) ;
#6319 = CARTESIAN_POINT ( 'NONE',  ( -0.2311437884785405295, -0.06960581539229010462, 0.2505000000000000004 ) ) ;
#6320 = FILL_AREA_STYLE_COLOUR ( '', #6200 ) ;
#6321 = CARTESIAN_POINT ( 'NONE',  ( 0.3396961550602440871, 0.08160814578664550567, 0.03950000000000000039 ) ) ;
#6322 = VECTOR ( 'NONE', #9836, 39.37007874015748143 ) ;
#6323 =( CONVERSION_BASED_UNIT ( 'INCH', #1203 ) LENGTH_UNIT ( ) NAMED_UNIT ( #599 ) );
#6324 = ORIENTED_EDGE ( 'NONE', *, *, #3001, .T. ) ;
#6325 = CARTESIAN_POINT ( 'NONE',  ( 0.2159999999999999976, 0.05600000000000000810, -0.3395000000000000240 ) ) ;
#6326 = CARTESIAN_POINT ( 'NONE',  ( 0.1415000000000000424, -0.05599999999999999423, -0.3395000000000000240 ) ) ;
#6327 = ADVANCED_FACE ( 'NONE', ( #3596 ), #1151, .F. ) ;
#6328 = CARTESIAN_POINT ( 'NONE',  ( -0.2104510888804048685, -0.1554999999999999993, 0.2515000000000000013 ) ) ;
#6329 = CARTESIAN_POINT ( 'NONE',  ( -0.2148457252341929302, -0.04977047798855659122, 0.2485000000000000264 ) ) ;
#6330 = FILL_AREA_STYLE ('',( #3212 ) ) ;
#6331 = AXIS2_PLACEMENT_3D ( 'NONE', #1595, #3326, #2537 ) ;
#6332 = STYLED_ITEM ( 'NONE', ( #1673 ), #9704 ) ;
#6333 = CIRCLE ( 'NONE', #2600, 0.02000000000000000042 ) ;
#6334 = ADVANCED_FACE ( 'NONE', ( #7143 ), #3023, .T. ) ;
#6335 = ADVANCED_FACE ( 'NONE', ( #7526 ), #9225, .T. ) ;
#6336 = FILL_AREA_STYLE ('',( #4855 ) ) ;
#6337 = AXIS2_PLACEMENT_3D ( 'NONE', #2743, #1251, #1947 ) ;
#6338 = LINE ( 'NONE', #1664, #5342 ) ;
#6339 = ORIENTED_EDGE ( 'NONE', *, *, #5630, .F. ) ;
#6340 = LENGTH_MEASURE_WITH_UNIT ( LENGTH_MEASURE( 0.02539999999999999897 ), #6888 );
#6341 = ORIENTED_EDGE ( 'NONE', *, *, #4130, .T. ) ;
#6342 = CARTESIAN_POINT ( 'NONE',  ( 0.2609115348192674322, 0.1755000000000000449, 0.01949999999999999997 ) ) ;
#6343 = COLOUR_RGB ( '',0.0000000000000000000, 0.5019607843137254832, 1.000000000000000000 ) ;
#6344 = CARTESIAN_POINT ( 'NONE',  ( -0.2194745320915534870, -0.05503006000117092317, 0.2484999999999999154 ) ) ;
#6345 = DIRECTION ( 'NONE',  ( 0.0000000000000000000, 0.0000000000000000000, -1.000000000000000000 ) ) ;
#6346 =( GEOMETRIC_REPRESENTATION_CONTEXT ( 3 ) GLOBAL_UNCERTAINTY_ASSIGNED_CONTEXT ( ( #3850 ) ) GLOBAL_UNIT_ASSIGNED_CONTEXT ( ( #7554, #8323, #3643 ) ) REPRESENTATION_CONTEXT ( 'NONE', 'WORKASPACE' ) );
#6347 = EDGE_CURVE ( 'NONE', #279, #407, #8481, .T. ) ;
#6348 = EDGE_LOOP ( 'NONE', ( #4630, #3545, #3731, #2901, #510, #9306 ) ) ;
#6349 = CARTESIAN_POINT ( 'NONE',  ( -0.02650000000000006170, -0.05599999999999999423, -0.2013975032409335841 ) ) ;
#6350 =( NAMED_UNIT ( * ) SI_UNIT ( $, .STERADIAN. ) SOLID_ANGLE_UNIT ( ) );
#6351 = DIRECTION ( 'NONE',  ( 0.0000000000000000000, 1.000000000000000000, 0.0000000000000000000 ) ) ;
#6352 = VERTEX_POINT ( 'NONE', #108 ) ;
#6353 = ORIENTED_EDGE ( 'NONE', *, *, #1281, .T. ) ;
#6354 = AXIS2_PLACEMENT_3D ( 'NONE', #7008, #808, #9380 ) ;
#6355 = EDGE_CURVE ( 'NONE', #6025, #5526, #4342, .T. ) ;
#6356 = EDGE_CURVE ( 'NONE', #8505, #6245, #2326, .T. ) ;
#6357 = SURFACE_SIDE_STYLE ('',( #2420 ) ) ;
#6358 = CARTESIAN_POINT ( 'NONE',  ( 0.1960000000000000353, 0.05600000000000000810, -0.2795000000000000262 ) ) ;
#6359 = CARTESIAN_POINT ( 'NONE',  ( -0.2140254582707234732, -0.07982701102396680404, 0.2505000000000000004 ) ) ;
#6360 = FILL_AREA_STYLE_COLOUR ( '', #9253 ) ;
#6361 = CARTESIAN_POINT ( 'NONE',  ( -0.2194745320915534870, -0.05503006000117092317, 0.2504999999999999449 ) ) ;
#6362 =( NAMED_UNIT ( * ) PLANE_ANGLE_UNIT ( ) SI_UNIT ( $, .RADIAN. ) );
#6363 = CARTESIAN_POINT ( 'NONE',  ( -0.2181822704281579373, -0.06761854135888252515, 0.2484999999999999987 ) ) ;
#6364 = CIRCLE ( 'NONE', #4731, 0.01949999999999987160 ) ;
#6365 = VECTOR ( 'NONE', #473, 39.37007874015748143 ) ;
#6366 =( CONVERSION_BASED_UNIT ( 'INCH', #8327 ) LENGTH_UNIT ( ) NAMED_UNIT ( #4600 ) );
#6367 = SURFACE_STYLE_FILL_AREA ( #2059 ) ;
#6368 = ORIENTED_EDGE ( 'NONE', *, *, #5237, .T. ) ;
#6369 = PRESENTATION_LAYER_ASSIGNMENT (  '', '', ( #8847 ) ) ;
#6370 = SURFACE_SIDE_STYLE ('',( #4866 ) ) ;
#6371 = DIRECTION ( 'NONE',  ( -1.000000000000000000, 0.0000000000000000000, -0.0000000000000000000 ) ) ;
#6372 = PRESENTATION_LAYER_ASSIGNMENT (  '', '', ( #2362 ) ) ;
#6373 = DIRECTION ( 'NONE',  ( 0.0000000000000000000, 0.0000000000000000000, -1.000000000000000000 ) ) ;
#6374 = DIRECTION ( 'NONE',  ( 0.0000000000000000000, -0.0000000000000000000, -1.000000000000000000 ) ) ;
#6375 = FACE_OUTER_BOUND ( 'NONE', #10108, .T. ) ;
#6376 = VERTEX_POINT ( 'NONE', #4724 ) ;
#6377 = DIRECTION ( 'NONE',  ( -0.0000000000000000000, -0.0000000000000000000, -1.000000000000000000 ) ) ;
#6378 = CARTESIAN_POINT ( 'NONE',  ( -0.2231035427155219908, -0.06419752955620293411, 0.2505000000000001115 ) ) ;
#6379 = ADVANCED_FACE ( 'NONE', ( #2490 ), #2737, .F. ) ;
#6380 = ADVANCED_FACE ( 'NONE', ( #6419 ), #4214, .F. ) ;
#6381 = SURFACE_STYLE_FILL_AREA ( #7666 ) ;
#6382 = CARTESIAN_POINT ( 'NONE',  ( -0.2183100390495325560, -0.08413343321436317357, 0.2484999999999999987 ) ) ;
#6383 = CARTESIAN_POINT ( 'NONE',  ( -0.2339764198456118771, -0.06745345964620778900, 0.2504999999999999449 ) ) ;
#6384 = DIRECTION ( 'NONE',  ( -0.0000000000000000000, -0.0000000000000000000, 1.000000000000000000 ) ) ;
#6385 =( CONVERSION_BASED_UNIT ( 'INCH', #152 ) LENGTH_UNIT ( ) NAMED_UNIT ( #7727 ) );
#6386 = DIRECTION ( 'NONE',  ( -0.0000000000000000000, -0.0000000000000000000, -1.000000000000000000 ) ) ;
#6387 = FILL_AREA_STYLE_COLOUR ( '', #2869 ) ;
#6388 = AXIS2_PLACEMENT_3D ( 'NONE', #1921, #5947, #9723 ) ;
#6389 = ORIENTED_EDGE ( 'NONE', *, *, #6547, .T. ) ;
#6390 = PRESENTATION_LAYER_ASSIGNMENT (  '', '', ( #6064 ) ) ;
#6391 = PRESENTATION_LAYER_ASSIGNMENT (  '', '', ( #5464 ) ) ;
#6392 = CARTESIAN_POINT ( 'NONE',  ( -0.09150000000000013678, 0.05600000000000000810, -0.03565432893255038316 ) ) ;
#6393 = DIRECTION ( 'NONE',  ( -0.0000000000000000000, -0.0000000000000000000, 1.000000000000000000 ) ) ;
#6394 = VECTOR ( 'NONE', #6195, 39.37007874015748143 ) ;
#6395 =( LENGTH_UNIT ( ) NAMED_UNIT ( * ) SI_UNIT ( $, .METRE. ) );
#6396 = CARTESIAN_POINT ( 'NONE',  ( -0.2188064670327387606, -0.05765835203121488783, 0.2484999999999999154 ) ) ;
#6397 = SURFACE_STYLE_USAGE ( .BOTH. , #9384 ) ;
#6398 = VECTOR ( 'NONE', #4298, 39.37007874015748143 ) ;
#6400 = ORIENTED_EDGE ( 'NONE', *, *, #7293, .F. ) ;
#6399 = VECTOR ( 'NONE', #7972, 39.37007874015748143 ) ;
#6401 = CARTESIAN_POINT ( 'NONE',  ( 0.03300000000000011258, -0.05600000000000000810, 0.01949999999999999997 ) ) ;
#6402 = DIRECTION ( 'NONE',  ( 0.0000000000000000000, 0.0000000000000000000, 1.000000000000000000 ) ) ;
#6403 = ORIENTED_EDGE ( 'NONE', *, *, #7081, .T. ) ;
#6404 = AXIS2_PLACEMENT_3D ( 'NONE', #7957, #4877, #5742 ) ;
#6405 = EDGE_CURVE ( 'Edge5', #5374, #6352, #5667, .T. ) ;
#6406 = FACE_OUTER_BOUND ( 'NONE', #6599, .T. ) ;
#6407 = DIRECTION ( 'NONE',  ( 0.0000000000000000000, 0.0000000000000000000, 1.000000000000000000 ) ) ;
#6408 = CYLINDRICAL_SURFACE ( 'NONE', #10006, 0.02999999999999993644 ) ;
#6409 = DIRECTION ( 'NONE',  ( 0.0000000000000000000, 0.0000000000000000000, 1.000000000000000000 ) ) ;
#6410 = AXIS2_PLACEMENT_3D ( 'NONE', #5067, #6609, #1194 ) ;
#6411 = CARTESIAN_POINT ( 'NONE',  ( 0.08750000000000014710, 0.05600000000000000810, -0.03565432893255038316 ) ) ;
#6412 = ORIENTED_EDGE ( 'NONE', *, *, #10126, .F. ) ;
#6413 = CARTESIAN_POINT ( 'NONE',  ( 0.2104510888804048685, -0.07550000000000001155, -0.9827025327494508522 ) ) ;
#6414 = DIMENSIONAL_EXPONENTS ( 1.000000000000000000, 0.0000000000000000000, 0.0000000000000000000, 0.0000000000000000000, 0.0000000000000000000, 0.0000000000000000000, 0.0000000000000000000 ) ;
#6415 =( NAMED_UNIT ( * ) SI_UNIT ( $, .STERADIAN. ) SOLID_ANGLE_UNIT ( ) );
#6416 = PRESENTATION_STYLE_ASSIGNMENT (( #6574 ) ) ;
#6417 = CARTESIAN_POINT ( 'NONE',  ( -0.2197342478748889605, -0.06910301810805888345, 0.2505000000000000004 ) ) ;
#6418 = DIRECTION ( 'NONE',  ( 0.0000000000000000000, 0.0000000000000000000, 1.000000000000000000 ) ) ;
#6419 = FACE_OUTER_BOUND ( 'NONE', #3605, .T. ) ;
#6421 = VERTEX_POINT ( 'NONE', #5540 ) ;
#6420 = CIRCLE ( 'NONE', #3938, 0.06000000000000004635 ) ;
#6422 =( GEOMETRIC_REPRESENTATION_CONTEXT ( 3 ) GLOBAL_UNCERTAINTY_ASSIGNED_CONTEXT ( ( #3024 ) ) GLOBAL_UNIT_ASSIGNED_CONTEXT ( ( #3084, #9265, #1457 ) ) REPRESENTATION_CONTEXT ( 'NONE', 'WORKASPACE' ) );
#6423 = EDGE_CURVE ( 'NONE', #9305, #9791, #35, .T. ) ;
#6424 = AXIS2_PLACEMENT_3D ( 'NONE', #1825, #6386, #4164 ) ;
#6425 = DIRECTION ( 'NONE',  ( -0.0000000000000000000, -0.0000000000000000000, 1.000000000000000000 ) ) ;
#6426 = CARTESIAN_POINT ( 'NONE',  ( 0.2457275307252011487, 0.1206358424745328367, 0.2484999999999999987 ) ) ;
#6427 = CARTESIAN_POINT ( 'NONE',  ( -0.2188851578589211810, -0.05975005438566795279, 0.2484999999999998876 ) ) ;
#6428 = CARTESIAN_POINT ( 'NONE',  ( -0.2112379680819604089, -0.06032536121435420201, 0.2504999999999999449 ) ) ;
#6429 = UNCERTAINTY_MEASURE_WITH_UNIT (LENGTH_MEASURE( 1.000000000000000082E-05 ), #1332, 'distance_accuracy_value', 'NONE');
#6430 = VERTEX_POINT ( 'NONE', #7808 ) ;
#6431 = PLANE ( 'NONE',  #1335 ) ;
#6432 = SURFACE_SIDE_STYLE ('',( #691 ) ) ;
#6433 = ADVANCED_FACE ( 'NONE', ( #7130 ), #5300, .F. ) ;
#6434 = CARTESIAN_POINT ( 'NONE',  ( 0.2609115348192674322, 0.1355000000000000648, 0.2504999999999999449 ) ) ;
#6435 = CARTESIAN_POINT ( 'NONE',  ( -0.2194745320915534870, -0.05503006000117092317, 0.2484999999999999154 ) ) ;
#6436 = DIRECTION ( 'NONE',  ( 1.000000000000000000, 0.0000000000000000000, 0.0000000000000000000 ) ) ;
#6437 = SURFACE_STYLE_FILL_AREA ( #9980 ) ;
#6438 = DIRECTION ( 'NONE',  ( 1.000000000000000000, 0.0000000000000000000, 0.0000000000000000000 ) ) ;
#6439 = AXIS2_PLACEMENT_3D ( 'NONE', #4908, #9589, #121 ) ;
#6440 = EDGE_CURVE ( 'NONE', #5254, #2567, #406, .T. ) ;
#6441 = AXIS2_PLACEMENT_3D ( 'NONE', #211, #1728, #6509 ) ;
#6442 = LINE ( 'NONE', #5773, #66 ) ;
#6443 = DIRECTION ( 'NONE',  ( 0.0000000000000000000, 0.0000000000000000000, -1.000000000000000000 ) ) ;
#6444 = ORIENTED_EDGE ( 'NONE', *, *, #7462, .T. ) ;
#6445 = LINE ( 'NONE', #4844, #419 ) ;
#6446 = FILL_AREA_STYLE ('',( #1769 ) ) ;
#6447 =( NAMED_UNIT ( * ) SI_UNIT ( $, .STERADIAN. ) SOLID_ANGLE_UNIT ( ) );
#6448 = CARTESIAN_POINT ( 'NONE',  ( -0.4919999999999999929, 0.0000000000000000000, -0.01949999999999999997 ) ) ;
#6449 = CYLINDRICAL_SURFACE ( 'NONE', #1755, 0.01999999999999999001 ) ;
#6450 = CARTESIAN_POINT ( 'NONE',  ( -0.1655000000000000082, -0.05600000000000000810, -0.3395000000000000240 ) ) ;
#6451 = FILL_AREA_STYLE ('',( #4792 ) ) ;
#6452 = DIRECTION ( 'NONE',  ( -0.0000000000000000000, -0.0000000000000000000, -1.000000000000000000 ) ) ;
#6453 = LINE ( 'NONE', #5449, #7764 ) ;
#6454 = ORIENTED_EDGE ( 'NONE', *, *, #6963, .F. ) ;
#6455 = CARTESIAN_POINT ( 'NONE',  ( -0.2190051174776823650, -0.06036049734866992533, 0.2505000000000000560 ) ) ;
#6456 = MECHANICAL_DESIGN_GEOMETRIC_PRESENTATION_REPRESENTATION (  '', ( #6515 ), #7563 ) ;
#6457 = CIRCLE ( 'NONE', #1524, 0.01949999999999987160 ) ;
#6458 = AXIS2_PLACEMENT_3D ( 'NONE', #2355, #6443, #3149 ) ;
#6459 = AXIS2_PLACEMENT_3D ( 'NONE', #3626, #2841, #9096 ) ;
#6460 = DIRECTION ( 'NONE',  ( 0.0000000000000000000, 0.0000000000000000000, 1.000000000000000000 ) ) ;
#6461 = PLANE ( 'NONE',  #8218 ) ;
#6462 = CARTESIAN_POINT ( 'NONE',  ( -0.2234710112242444258, -0.07078606490898620152, 0.2505000000000000560 ) ) ;
#6463 = SURFACE_SIDE_STYLE ('',( #3495 ) ) ;
#6464 = ORIENTED_EDGE ( 'NONE', *, *, #3806, .F. ) ;
#6465 = DIMENSIONAL_EXPONENTS ( 1.000000000000000000, 0.0000000000000000000, 0.0000000000000000000, 0.0000000000000000000, 0.0000000000000000000, 0.0000000000000000000, 0.0000000000000000000 ) ;
#6466 = DIMENSIONAL_EXPONENTS ( 1.000000000000000000, 0.0000000000000000000, 0.0000000000000000000, 0.0000000000000000000, 0.0000000000000000000, 0.0000000000000000000, 0.0000000000000000000 ) ;
#6467 = LINE ( 'NONE', #1224, #2295 ) ;
#6468 = DIRECTION ( 'NONE',  ( -0.0000000000000000000, -0.0000000000000000000, -1.000000000000000000 ) ) ;
#6469 = VECTOR ( 'NONE', #444, 39.37007874015748143 ) ;
#6470 = DIMENSIONAL_EXPONENTS ( 1.000000000000000000, 0.0000000000000000000, 0.0000000000000000000, 0.0000000000000000000, 0.0000000000000000000, 0.0000000000000000000, 0.0000000000000000000 ) ;
#6471 = FILL_AREA_STYLE ('',( #2446 ) ) ;
#6472 = CARTESIAN_POINT ( 'NONE',  ( -0.2285619520276037098, -0.08566407675854721682, 0.2485000000000000542 ) ) ;
#6473 = PRESENTATION_LAYER_ASSIGNMENT (  '', '', ( #6805 ) ) ;
#6474 = EDGE_CURVE ( 'NONE', #6376, #8134, #6046, .T. ) ;
#6475 = ORIENTED_EDGE ( 'NONE', *, *, #912, .T. ) ;
#6476 = AXIS2_PLACEMENT_3D ( 'NONE', #7016, #744, #3043 ) ;
#6477 = ORIENTED_EDGE ( 'NONE', *, *, #9735, .F. ) ;
#6478 = COLOUR_RGB ( '',0.9294117647058823817, 0.7607843137254901578, 0.4784313725490195734 ) ;
#6479 = SURFACE_STYLE_FILL_AREA ( #4790 ) ;
#6480 = SURFACE_STYLE_USAGE ( .BOTH. , #2324 ) ;
#6481 = CARTESIAN_POINT ( 'NONE',  ( -0.2286016699185906276, -0.05359839183305199761, 0.2485000000000000264 ) ) ;
#6482 = DIRECTION ( 'NONE',  ( -0.0000000000000000000, -0.0000000000000000000, 1.000000000000000000 ) ) ;
#6483 = EDGE_LOOP ( 'NONE', ( #8722, #4923, #4513, #9081 ) ) ;
#6484 = DIRECTION ( 'NONE',  ( 1.000000000000000000, -0.0000000000000000000, -0.0000000000000000000 ) ) ;
#6485 =( NAMED_UNIT ( * ) PLANE_ANGLE_UNIT ( ) SI_UNIT ( $, .RADIAN. ) );
#6486 = MECHANICAL_DESIGN_GEOMETRIC_PRESENTATION_REPRESENTATION (  '', ( #5101 ), #8049 ) ;
#6487 = EDGE_CURVE ( 'NONE', #3709, #3524, #1993, .T. ) ;
#6488 = DIRECTION ( 'NONE',  ( 0.0000000000000000000, 0.0000000000000000000, 1.000000000000000000 ) ) ;
#6489 = DIRECTION ( 'NONE',  ( -0.0000000000000000000, -0.0000000000000000000, -1.000000000000000000 ) ) ;
#6490 = UNCERTAINTY_MEASURE_WITH_UNIT (LENGTH_MEASURE( 1.000000000000000082E-05 ), #7084, 'distance_accuracy_value', 'NONE');
#6491 = ADVANCED_FACE ( 'NONE', ( #886 ), #8759, .F. ) ;
#6492 = ADVANCED_FACE ( 'NONE', ( #9820 ), #3465, .F. ) ;
#6493 = ORIENTED_EDGE ( 'NONE', *, *, #9683, .T. ) ;
#6494 =( NAMED_UNIT ( * ) SI_UNIT ( $, .STERADIAN. ) SOLID_ANGLE_UNIT ( ) );
#6495 = LENGTH_MEASURE_WITH_UNIT ( LENGTH_MEASURE( 0.02539999999999999897 ), #8348 );
#6496 = CARTESIAN_POINT ( 'NONE',  ( 0.2433400616042395714, 0.1166132905068704428, 0.2485000000000000542 ) ) ;
#6497 = CARTESIAN_POINT ( 'NONE',  ( -0.3199999999999999512, 0.08508110933998412617, -0.2195000000000000839 ) ) ;
#6498 = FILL_AREA_STYLE ('',( #9552 ) ) ;
#6499 = CARTESIAN_POINT ( 'NONE',  ( 0.2104510888804048685, -0.1754999999999999893, 0.03949999999999997957 ) ) ;
#6500 = STYLED_ITEM ( 'NONE', ( #3125 ), #8366 ) ;
#6501 = EDGE_CURVE ( 'NONE', #9425, #9692, #6532, .T. ) ;
#6502 = VECTOR ( 'NONE', #5755, 39.37007874015748143 ) ;
#6503 = EDGE_CURVE ( 'NONE', #5526, #6608, #9690, .T. ) ;
#6504 = ORIENTED_EDGE ( 'NONE', *, *, #188, .F. ) ;
#6505 = CARTESIAN_POINT ( 'NONE',  ( 0.2359999999999999598, 0.05599999999999999423, -0.3395000000000000240 ) ) ;
#6506 =( CONVERSION_BASED_UNIT ( 'INCH', #3014 ) LENGTH_UNIT ( ) NAMED_UNIT ( #966 ) );
#6507 = CARTESIAN_POINT ( 'NONE',  ( -0.05650000000000001549, -0.05600000000000000810, 0.2505000000000000004 ) ) ;
#6508 = ORIENTED_EDGE ( 'NONE', *, *, #9862, .T. ) ;
#6509 = DIRECTION ( 'NONE',  ( -1.000000000000000000, 0.0000000000000000000, 0.0000000000000000000 ) ) ;
#6510 = VERTEX_POINT ( 'NONE', #1035 ) ;
#6511 = SURFACE_STYLE_USAGE ( .BOTH. , #5000 ) ;
#6512 = DIMENSIONAL_EXPONENTS ( 1.000000000000000000, 0.0000000000000000000, 0.0000000000000000000, 0.0000000000000000000, 0.0000000000000000000, 0.0000000000000000000, 0.0000000000000000000 ) ;
#6513 = CYLINDRICAL_SURFACE ( 'NONE', #6868, 0.05600000000000002892 ) ;
#6514 = DIRECTION ( 'NONE',  ( 0.0000000000000000000, 0.0000000000000000000, -1.000000000000000000 ) ) ;
#6515 = STYLED_ITEM ( 'NONE', ( #1856 ), #781 ) ;
#6516 = CARTESIAN_POINT ( 'NONE',  ( -0.2359194727300702454, -0.07791654446323503791, 0.2505000000000000560 ) ) ;
#6517 = DIRECTION ( 'NONE',  ( 1.000000000000000000, 1.826101600042956375E-16, -0.0000000000000000000 ) ) ;
#6518 = DIMENSIONAL_EXPONENTS ( 1.000000000000000000, 0.0000000000000000000, 0.0000000000000000000, 0.0000000000000000000, 0.0000000000000000000, 0.0000000000000000000, 0.0000000000000000000 ) ;
#6519 = CARTESIAN_POINT ( 'NONE',  ( 0.2443043707811019816, 0.08050000000000007150, 0.2484999999999999987 ) ) ;
#6520 = VECTOR ( 'NONE', #1039, 39.37007874015748143 ) ;
#6521 = DIMENSIONAL_EXPONENTS ( 1.000000000000000000, 0.0000000000000000000, 0.0000000000000000000, 0.0000000000000000000, 0.0000000000000000000, 0.0000000000000000000, 0.0000000000000000000 ) ;
#6522 = CARTESIAN_POINT ( 'NONE',  ( -0.2215127359930952056, -0.07015198774650804880, 0.2504999999999999449 ) ) ;
#6523 = VERTEX_POINT ( 'NONE', #8791 ) ;
#6524 = DIRECTION ( 'NONE',  ( 0.0000000000000000000, 0.0000000000000000000, 1.000000000000000000 ) ) ;
#6525 = CARTESIAN_POINT ( 'NONE',  ( 0.2360542715973121541, 0.1111759309221211217, 0.2505000000000000560 ) ) ;
#6526 =( NAMED_UNIT ( * ) PLANE_ANGLE_UNIT ( ) SI_UNIT ( $, .RADIAN. ) );
#6527 = CARTESIAN_POINT ( 'NONE',  ( -0.2252331218304198523, -0.07097345126355059097, 0.2484999999999999709 ) ) ;
#6528 =( CONVERSION_BASED_UNIT ( 'INCH', #6645 ) LENGTH_UNIT ( ) NAMED_UNIT ( #6512 ) );
#6529 = LENGTH_MEASURE_WITH_UNIT ( LENGTH_MEASURE( 0.02539999999999999897 ), #7161 );
#6530 =( NAMED_UNIT ( * ) SI_UNIT ( $, .STERADIAN. ) SOLID_ANGLE_UNIT ( ) );
#6531 = VECTOR ( 'NONE', #1379, 39.37007874015748143 ) ;
#6532 = CIRCLE ( 'NONE', #2612, 0.01949999999999987160 ) ;
#6533 = AXIS2_PLACEMENT_3D ( 'NONE', #6916, #2112, #1315 ) ;
#6534 = ORIENTED_EDGE ( 'NONE', *, *, #1520, .T. ) ;
#6535 = STYLED_ITEM ( 'NONE', ( #5736 ), #1698 ) ;
#6536 = ORIENTED_EDGE ( 'NONE', *, *, #2808, .F. ) ;
#6537 = CARTESIAN_POINT ( 'NONE',  ( 0.05249999999999998418, -0.05600000000000000810, -0.03565432893255038316 ) ) ;
#6538 = PLANE ( 'NONE',  #8977 ) ;
#6539 = SURFACE_STYLE_USAGE ( .BOTH. , #2730 ) ;
#6540 = DIRECTION ( 'NONE',  ( 0.0000000000000000000, 0.0000000000000000000, 1.000000000000000000 ) ) ;
#6541 = SURFACE_STYLE_FILL_AREA ( #9779 ) ;
#6542 = DIRECTION ( 'NONE',  ( 0.0000000000000000000, 0.0000000000000000000, 1.000000000000000000 ) ) ;
#6543 = LINE ( 'NONE', #4278, #4087 ) ;
#6544 = ORIENTED_EDGE ( 'NONE', *, *, #8379, .F. ) ;
#6545 = DIRECTION ( 'NONE',  ( -1.826101600042956868E-16, 1.000000000000000000, -0.0000000000000000000 ) ) ;
#6546 =( GEOMETRIC_REPRESENTATION_CONTEXT ( 3 ) GLOBAL_UNCERTAINTY_ASSIGNED_CONTEXT ( ( #5524 ) ) GLOBAL_UNIT_ASSIGNED_CONTEXT ( ( #3449, #8228, #6570 ) ) REPRESENTATION_CONTEXT ( 'NONE', 'WORKASPACE' ) );
#6547 = EDGE_CURVE ( 'NONE', #1190, #9824, #8587, .T. ) ;
#6548 = FILL_AREA_STYLE ('',( #1162 ) ) ;
#6549 = CARTESIAN_POINT ( 'NONE',  ( -0.2274989828162504168, -0.05257057506277315606, 0.2505000000000001115 ) ) ;
#6550 = LINE ( 'NONE', #1527, #9839 ) ;
#6551 = ORIENTED_EDGE ( 'NONE', *, *, #1221, .T. ) ;
#6552 = CARTESIAN_POINT ( 'NONE',  ( 0.05249999999999998418, -0.05600000000000000810, -0.2195000000000000007 ) ) ;
#6553 = EDGE_LOOP ( 'NONE', ( #1731, #2144, #2739, #9834 ) ) ;
#6554 = CARTESIAN_POINT ( 'NONE',  ( 0.1370000000000000107, 0.05599999999999999423, -0.3395000000000000240 ) ) ;
#6555 = COLOUR_RGB ( '',0.9294117647058823817, 0.7607843137254901578, 0.4784313725490195734 ) ;
#6556 = FILL_AREA_STYLE_COLOUR ( '', #5410 ) ;
#6557 = EDGE_LOOP ( 'NONE', ( #1385, #2274, #8682, #7494 ) ) ;
#6558 = CARTESIAN_POINT ( 'NONE',  ( 0.05249999999999998418, -0.05600000000000000810, 0.01949999999999999997 ) ) ;
#6559 = CARTESIAN_POINT ( 'NONE',  ( -0.2188106567709574291, -0.05909692165276578951, 0.2485000000000000819 ) ) ;
#6560 = ORIENTED_EDGE ( 'NONE', *, *, #247, .F. ) ;
#6562 = CIRCLE ( 'NONE', #3398, 0.02000000000000009409 ) ;
#6561 = MECHANICAL_DESIGN_GEOMETRIC_PRESENTATION_REPRESENTATION (  '', ( #1234 ), #7418 ) ;
#6563 = EDGE_CURVE ( 'NONE', #8033, #5784, #7388, .T. ) ;
#6564 = AXIS2_PLACEMENT_3D ( 'NONE', #5806, #1117, #4305 ) ;
#6565 =( CONVERSION_BASED_UNIT ( 'INCH', #8437 ) LENGTH_UNIT ( ) NAMED_UNIT ( #3342 ) );
#6566 = ORIENTED_EDGE ( 'NONE', *, *, #4115, .F. ) ;
#6567 = DIRECTION ( 'NONE',  ( -0.0000000000000000000, -0.0000000000000000000, -1.000000000000000000 ) ) ;
#6568 = FILL_AREA_STYLE ('',( #1081 ) ) ;
#6569 = CARTESIAN_POINT ( 'NONE',  ( -0.03650000000000006017, -0.05600000000000000810, -0.2013975032409335841 ) ) ;
#6570 =( NAMED_UNIT ( * ) SI_UNIT ( $, .STERADIAN. ) SOLID_ANGLE_UNIT ( ) );
#6571 = DIMENSIONAL_EXPONENTS ( 1.000000000000000000, 0.0000000000000000000, 0.0000000000000000000, 0.0000000000000000000, 0.0000000000000000000, 0.0000000000000000000, 0.0000000000000000000 ) ;
#6572 =( NAMED_UNIT ( * ) SI_UNIT ( $, .STERADIAN. ) SOLID_ANGLE_UNIT ( ) );
#6573 = ORIENTED_EDGE ( 'NONE', *, *, #3541, .T. ) ;
#6574 = SURFACE_STYLE_USAGE ( .BOTH. , #8034 ) ;
#6575 = CARTESIAN_POINT ( 'NONE',  ( -0.2609115348192674322, 0.1555000000000000548, 0.2515000000000000013 ) ) ;
#6576 = ORIENTED_EDGE ( 'NONE', *, *, #204, .T. ) ;
#6577 = FILL_AREA_STYLE ('',( #3958 ) ) ;
#6578 = CARTESIAN_POINT ( 'NONE',  ( -0.2199779669801139592, -0.06238286413640889427, 0.2505000000000000560 ) ) ;
#6579 = AXIS2_PLACEMENT_3D ( 'NONE', #7539, #2050, #3502 ) ;
#6580 = EDGE_CURVE ( 'NONE', #2487, #7668, #3049, .T. ) ;
#6581 = PRESENTATION_LAYER_ASSIGNMENT (  '', '', ( #5501 ) ) ;
#6582 = ORIENTED_EDGE ( 'NONE', *, *, #1405, .T. ) ;
#6583 =( NAMED_UNIT ( * ) SI_UNIT ( $, .STERADIAN. ) SOLID_ANGLE_UNIT ( ) );
#6584 = CARTESIAN_POINT ( 'NONE',  ( -0.2275452406900800306, -0.08587463054174958310, 0.2505000000000000004 ) ) ;
#6585 = VECTOR ( 'NONE', #8465, 39.37007874015748143 ) ;
#6586 = CARTESIAN_POINT ( 'NONE',  ( -0.2609115348192674322, 0.09550000000000004319, -0.1494999999999999940 ) ) ;
#6587 = CARTESIAN_POINT ( 'NONE',  ( -0.2191836475061524070, -0.07455062320528794972, 0.2485000000000000542 ) ) ;
#6588 = SURFACE_STYLE_USAGE ( .BOTH. , #9713 ) ;
#6589 = LENGTH_MEASURE_WITH_UNIT ( LENGTH_MEASURE( 0.02539999999999999897 ), #9898 );
#6590 = DIRECTION ( 'NONE',  ( 1.000000000000000000, 0.0000000000000000000, 0.0000000000000000000 ) ) ;
#6591 = CARTESIAN_POINT ( 'NONE',  ( -0.2311437884785405295, -0.06960581539229010462, 0.2505000000000000004 ) ) ;
#6592 = ORIENTED_EDGE ( 'NONE', *, *, #1837, .T. ) ;
#6593 = STYLED_ITEM ( 'NONE', ( #1557 ), #5096 ) ;
#6594 = ADVANCED_FACE ( 'NONE', ( #1351 ), #2677, .F. ) ;
#6595 = AXIS2_PLACEMENT_3D ( 'NONE', #2022, #8276, #5932 ) ;
#6596 = DIRECTION ( 'NONE',  ( -0.9848077530122080203, -0.1736481776669309418, 0.0000000000000000000 ) ) ;
#6597 = DIRECTION ( 'NONE',  ( -1.000000000000000000, 0.0000000000000000000, 0.0000000000000000000 ) ) ;
#6598 = CARTESIAN_POINT ( 'NONE',  ( 0.08750000000000014710, 0.05600000000000000810, 0.2505000000000000004 ) ) ;
#6599 = EDGE_LOOP ( 'NONE', ( #7623, #5009, #9047, #3121 ) ) ;
#6600 =( NAMED_UNIT ( * ) SI_UNIT ( $, .STERADIAN. ) SOLID_ANGLE_UNIT ( ) );
#6601 = SURFACE_SIDE_STYLE ('',( #3134 ) ) ;
#6602 = AXIS2_PLACEMENT_3D ( 'NONE', #8954, #9696, #4174 ) ;
#6603 = LENGTH_MEASURE_WITH_UNIT ( LENGTH_MEASURE( 0.02539999999999999897 ), #8111 );
#6604 = EDGE_CURVE ( 'NONE', #115, #4626, #518, .T. ) ;
#6605 = CARTESIAN_POINT ( 'NONE',  ( -0.2220853575575425509, -0.06389802300509414557, 0.2504999999999998894 ) ) ;
#6606 = AXIS2_PLACEMENT_3D ( 'NONE', #354, #997, #327 ) ;
#6607 = COLOUR_RGB ( '',0.9294117647058823817, 0.7607843137254901578, 0.4784313725490195734 ) ;
#6608 = VERTEX_POINT ( 'NONE', #6188 ) ;
#6609 = DIRECTION ( 'NONE',  ( 0.0000000000000000000, 0.0000000000000000000, -1.000000000000000000 ) ) ;
#6610 = FACE_OUTER_BOUND ( 'NONE', #5405, .T. ) ;
#6611 = CARTESIAN_POINT ( 'NONE',  ( 0.2609115348192674322, 0.1755000000000000449, 0.01949999999999999997 ) ) ;
#6612 = CARTESIAN_POINT ( 'NONE',  ( -0.2296821113043404916, -0.05762036874551771520, 0.2505000000000001115 ) ) ;
#6613 =( NAMED_UNIT ( * ) PLANE_ANGLE_UNIT ( ) SI_UNIT ( $, .RADIAN. ) );
#6614 = SURFACE_STYLE_USAGE ( .BOTH. , #8044 ) ;
#6615 = UNCERTAINTY_MEASURE_WITH_UNIT (LENGTH_MEASURE( 1.000000000000000082E-05 ), #7026, 'distance_accuracy_value', 'NONE');
#6616 = ORIENTED_EDGE ( 'NONE', *, *, #7404, .T. ) ;
#6617 = DIRECTION ( 'NONE',  ( 1.000000000000000000, 0.0000000000000000000, 0.0000000000000000000 ) ) ;
#6618 = CARTESIAN_POINT ( 'NONE',  ( -0.2231378237521940977, -0.07913998797301494137, 0.2484999999999999154 ) ) ;
#6619 = COLOUR_RGB ( '',1.000000000000000000, 1.000000000000000000, 0.0000000000000000000 ) ;
#6620 = CARTESIAN_POINT ( 'NONE',  ( -0.2296831538477282775, -0.05814463296211337673, 0.2484999999999999987 ) ) ;
#6621 = VERTEX_POINT ( 'NONE', #5381 ) ;
#6622 = MECHANICAL_DESIGN_GEOMETRIC_PRESENTATION_REPRESENTATION (  '', ( #8310 ), #8363 ) ;
#6623 = EDGE_CURVE ( 'NONE', #3216, #1601, #2724, .T. ) ;
#6624 = FILL_AREA_STYLE ('',( #1137 ) ) ;
#6625 = VECTOR ( 'NONE', #5220, 39.37007874015748143 ) ;
#6626 = LINE ( 'NONE', #8026, #2703 ) ;
#6627 = CARTESIAN_POINT ( 'NONE',  ( -0.1310000000000000886, 0.05600000000000000810, -0.2795000000000000262 ) ) ;
#6628 = LINE ( 'NONE', #4076, #7844 ) ;
#6629 = DIRECTION ( 'NONE',  ( -1.000000000000000000, 0.0000000000000000000, 0.0000000000000000000 ) ) ;
#6630 = EDGE_LOOP ( 'NONE', ( #4592, #356, #4602, #6536 ) ) ;
#6631 = SURFACE_STYLE_USAGE ( .BOTH. , #5843 ) ;
#6632 = CARTESIAN_POINT ( 'NONE',  ( -0.2115415097261126864, -0.07262325343245461251, 0.2484999999999999709 ) ) ;
#6633 = CARTESIAN_POINT ( 'NONE',  ( 0.5449999999999998179, -0.1869999999999998330, 0.01949999999999999997 ) ) ;
#6634 = LENGTH_MEASURE_WITH_UNIT ( LENGTH_MEASURE( 0.02539999999999999897 ), #1945 );
#6635 = MECHANICAL_DESIGN_GEOMETRIC_PRESENTATION_REPRESENTATION (  '', ( #6296 ), #8714 ) ;
#6636 = EDGE_CURVE ( 'Edge4', #3163, #4506, #2102, .T. ) ;
#6637 = EDGE_CURVE ( 'NONE', #2917, #6780, #7267, .T. ) ;
#6638 = ADVANCED_FACE ( 'NONE', ( #3213 ), #2962, .F. ) ;
#6639 =( LENGTH_UNIT ( ) NAMED_UNIT ( * ) SI_UNIT ( $, .METRE. ) );
#6640 = SURFACE_STYLE_USAGE ( .BOTH. , #5852 ) ;
#6641 = CYLINDRICAL_SURFACE ( 'NONE', #116, 0.05999999999999997696 ) ;
#6642 = ADVANCED_FACE ( 'NONE', ( #1726 ), #8334, .F. ) ;
#6643 = ORIENTED_EDGE ( 'NONE', *, *, #6266, .T. ) ;
#6644 = CARTESIAN_POINT ( 'NONE',  ( -0.2321374495650352365, -0.06900172172586181707, 0.2484999999999999709 ) ) ;
#6645 = LENGTH_MEASURE_WITH_UNIT ( LENGTH_MEASURE( 0.02539999999999999897 ), #1007 );
#6646 = COLOUR_RGB ( '',0.9294117647058823817, 0.7607843137254901578, 0.4784313725490195734 ) ;
#6647 = CYLINDRICAL_SURFACE ( 'NONE', #481, 0.08000000000000000167 ) ;
#6648 =( NAMED_UNIT ( * ) SI_UNIT ( $, .STERADIAN. ) SOLID_ANGLE_UNIT ( ) );
#6649 = AXIS2_PLACEMENT_3D ( 'NONE', #4197, #4944, #2621 ) ;
#6650 = CARTESIAN_POINT ( 'NONE',  ( -0.1655000000000000082, -0.05600000000000000810, -0.2013975032409335841 ) ) ;
#6652 = ORIENTED_EDGE ( 'NONE', *, *, #6090, .F. ) ;
#6651 = COLOUR_RGB ( '',0.0000000000000000000, 0.5019607843137254832, 1.000000000000000000 ) ;
#6653 = PLANE ( 'NONE',  #1711 ) ;
#6654 = CARTESIAN_POINT ( 'NONE',  ( -0.2231378237521940977, -0.07913998797301494137, 0.2504999999999999449 ) ) ;
#6655 = MECHANICAL_DESIGN_GEOMETRIC_PRESENTATION_REPRESENTATION (  '', ( #2246 ), #2783 ) ;
#6656 = CARTESIAN_POINT ( 'NONE',  ( -0.2296750785457551403, -0.05865656361629215110, 0.2484999999999999154 ) ) ;
#6657 = ORIENTED_EDGE ( 'NONE', *, *, #3526, .T. ) ;
#6658 = AXIS2_PLACEMENT_3D ( 'NONE', #2949, #9937, #2190 ) ;
#6659 = DIRECTION ( 'NONE',  ( -1.000000000000000000, 0.0000000000000000000, 0.0000000000000000000 ) ) ;
#6660 = PRESENTATION_STYLE_ASSIGNMENT (( #3903 ) ) ;
#6661 = CARTESIAN_POINT ( 'NONE',  ( -0.2347851773061516434, -0.06653364255677583772, 0.2504999999999999449 ) ) ;
#6662 = CIRCLE ( 'NONE', #6564, 0.02000000000000000042 ) ;
#6663 = PRESENTATION_STYLE_ASSIGNMENT (( #4664 ) ) ;
#6664 = EDGE_LOOP ( 'NONE', ( #2343, #409, #5880, #3577 ) ) ;
#6665 = CARTESIAN_POINT ( 'NONE',  ( -0.2214240020111781504, -0.05274753149406770369, 0.2505000000000000560 ) ) ;
#6666 = CARTESIAN_POINT ( 'NONE',  ( 0.2104510888804048407, -0.2355000000000000149, -0.01949999999999999997 ) ) ;
#6667 =( NAMED_UNIT ( * ) PLANE_ANGLE_UNIT ( ) SI_UNIT ( $, .RADIAN. ) );
#6668 =( NAMED_UNIT ( * ) SI_UNIT ( $, .STERADIAN. ) SOLID_ANGLE_UNIT ( ) );
#6669 = CARTESIAN_POINT ( 'NONE',  ( -0.2209204157775767619, -0.08535744176269431660, 0.2484999999999998599 ) ) ;
#6670 =( NAMED_UNIT ( * ) SI_UNIT ( $, .STERADIAN. ) SOLID_ANGLE_UNIT ( ) );
#6671 = AXIS2_PLACEMENT_3D ( 'NONE', #1252, #1198, #3528 ) ;
#6672 = EDGE_LOOP ( 'NONE', ( #7571, #8396, #3617, #7937 ) ) ;
#6673 = MECHANICAL_DESIGN_GEOMETRIC_PRESENTATION_REPRESENTATION (  '', ( #27 ), #743 ) ;
#6674 = DIMENSIONAL_EXPONENTS ( 1.000000000000000000, 0.0000000000000000000, 0.0000000000000000000, 0.0000000000000000000, 0.0000000000000000000, 0.0000000000000000000, 0.0000000000000000000 ) ;
#6675 = LINE ( 'NONE', #3319, #4562 ) ;
#6676 = AXIS2_PLACEMENT_3D ( 'NONE', #8813, #2595, #4175 ) ;
#6677 = CIRCLE ( 'NONE', #3025, 0.01999999999999999695 ) ;
#6678 = CARTESIAN_POINT ( 'NONE',  ( -0.2609115348192674322, 0.09550000000000004319, -0.1494999999999999940 ) ) ;
#6679 = DIRECTION ( 'NONE',  ( 1.000000000000000000, -0.0000000000000000000, 0.0000000000000000000 ) ) ;
#6680 = DIRECTION ( 'NONE',  ( 0.0000000000000000000, 0.0000000000000000000, -1.000000000000000000 ) ) ;
#6681 = UNCERTAINTY_MEASURE_WITH_UNIT (LENGTH_MEASURE( 1.000000000000000082E-05 ), #736, 'distance_accuracy_value', 'NONE');
#6682 = CARTESIAN_POINT ( 'NONE',  ( -0.3396961550602440316, 0.08160814578664558894, -0.1694999999999999840 ) ) ;
#6683 = VERTEX_POINT ( 'NONE', #4559 ) ;
#6684 = CARTESIAN_POINT ( 'NONE',  ( -0.3089318641816256594, -0.09286481776669318344, 0.01949999999999999997 ) ) ;
#6685 = ORIENTED_EDGE ( 'NONE', *, *, #6880, .F. ) ;
#6686 = LENGTH_MEASURE_WITH_UNIT ( LENGTH_MEASURE( 0.02539999999999999897 ), #7486 );
#6687 = MECHANICAL_DESIGN_GEOMETRIC_PRESENTATION_REPRESENTATION (  '', ( #5825 ), #8959 ) ;
#6688 = EDGE_CURVE ( 'NONE', #4861, #6201, #274, .T. ) ;
#6689 = CARTESIAN_POINT ( 'NONE',  ( -0.2251323191864285089, -0.07923763112524845331, 0.2505000000000000560 ) ) ;
#6690 =( NAMED_UNIT ( * ) SI_UNIT ( $, .STERADIAN. ) SOLID_ANGLE_UNIT ( ) );
#6691 = CARTESIAN_POINT ( 'NONE',  ( -0.03199999999999999373, 0.05600000000000000810, -0.3395000000000000240 ) ) ;
#6692 = FILL_AREA_STYLE ('',( #412 ) ) ;
#6693 = CARTESIAN_POINT ( 'NONE',  ( -0.2206888177945607599, -0.07751621257107375873, 0.2505000000000000560 ) ) ;
#6694 = VERTEX_POINT ( 'NONE', #8527 ) ;
#6695 = VECTOR ( 'NONE', #9553, 39.37007874015748143 ) ;
#6696 = ORIENTED_EDGE ( 'NONE', *, *, #6892, .T. ) ;
#6697 = SURFACE_SIDE_STYLE ('',( #7849 ) ) ;
#6698 = FACE_OUTER_BOUND ( 'NONE', #4702, .T. ) ;
#6699 = MECHANICAL_DESIGN_GEOMETRIC_PRESENTATION_REPRESENTATION (  '', ( #6165 ), #5480 ) ;
#6700 = EDGE_CURVE ( 'NONE', #6352, #8995, #3932, .T. ) ;
#6701 = EDGE_CURVE ( 'NONE', #8648, #5272, #3695, .T. ) ;
#6702 = VERTEX_POINT ( 'NONE', #1468 ) ;
#6703 = DIRECTION ( 'NONE',  ( -1.000000000000000000, 0.0000000000000000000, 0.0000000000000000000 ) ) ;
#6704 = DIRECTION ( 'NONE',  ( 0.9848077530122077983, -0.1736481776669317745, 0.0000000000000000000 ) ) ;
#6705 = FACE_OUTER_BOUND ( 'NONE', #8338, .T. ) ;
#6706 = DIRECTION ( 'NONE',  ( 0.0000000000000000000, 1.000000000000000000, 0.0000000000000000000 ) ) ;
#6707 = LINE ( 'NONE', #3174, #1410 ) ;
#6708 = ADVANCED_FACE ( 'NONE', ( #7499 ), #7840, .F. ) ;
#6709 = FACE_OUTER_BOUND ( 'NONE', #1403, .T. ) ;
#6710 = ORIENTED_EDGE ( 'NONE', *, *, #4964, .T. ) ;
#6711 =( NAMED_UNIT ( * ) SI_UNIT ( $, .STERADIAN. ) SOLID_ANGLE_UNIT ( ) );
#6712 = PLANE ( 'NONE',  #5955 ) ;
#6713 = ORIENTED_EDGE ( 'NONE', *, *, #8440, .F. ) ;
#6714 = MECHANICAL_DESIGN_GEOMETRIC_PRESENTATION_REPRESENTATION (  '', ( #6240 ), #9505 ) ;
#6715 = CARTESIAN_POINT ( 'NONE',  ( -0.2330770899485646863, -0.06827050398067729953, 0.2485000000000000264 ) ) ;
#6716 = LINE ( 'NONE', #7012, #7194 ) ;
#6717 = VECTOR ( 'NONE', #5139, 39.37007874015748143 ) ;
#6718 = LINE ( 'NONE', #639, #2171 ) ;
#6719 =( CONVERSION_BASED_UNIT ( 'INCH', #7223 ) LENGTH_UNIT ( ) NAMED_UNIT ( #6970 ) );
#6720 = CARTESIAN_POINT ( 'NONE',  ( 0.2418404025729688489, 0.1150945082996388952, 0.2484999999999999987 ) ) ;
#6721 = FILL_AREA_STYLE_COLOUR ( '', #355 ) ;
#6722 = VERTEX_POINT ( 'NONE', #1960 ) ;
#6723 = DIMENSIONAL_EXPONENTS ( 1.000000000000000000, 0.0000000000000000000, 0.0000000000000000000, 0.0000000000000000000, 0.0000000000000000000, 0.0000000000000000000, 0.0000000000000000000 ) ;
#6724 = CARTESIAN_POINT ( 'NONE',  ( 0.2159999999999999976, 0.05600000000000000810, -0.3395000000000000240 ) ) ;
#6725 = SURFACE_STYLE_FILL_AREA ( #5004 ) ;
#6726 = CARTESIAN_POINT ( 'NONE',  ( -0.2290452855798737752, -0.07050478051055575346, 0.2505000000000000004 ) ) ;
#6727 = SURFACE_STYLE_FILL_AREA ( #7070 ) ;
#6728 = VECTOR ( 'NONE', #1632, 39.37007874015748143 ) ;
#6729 = AXIS2_PLACEMENT_3D ( 'NONE', #7395, #5848, #465 ) ;
#6730 = ORIENTED_EDGE ( 'NONE', *, *, #1185, .F. ) ;
#6731 = CARTESIAN_POINT ( 'NONE',  ( -0.2139282311518964641, -0.05105105441147064771, 0.2484999999999999154 ) ) ;
#6732 = MECHANICAL_DESIGN_GEOMETRIC_PRESENTATION_REPRESENTATION (  '', ( #3243 ), #4421 ) ;
#6733 = DIRECTION ( 'NONE',  ( -1.000000000000000000, 0.0000000000000000000, -0.0000000000000000000 ) ) ;
#6734 = CARTESIAN_POINT ( 'NONE',  ( -0.002000000000000006113, 0.05600000000000000810, 0.01949999999999999997 ) ) ;
#6735 =( NAMED_UNIT ( * ) SI_UNIT ( $, .STERADIAN. ) SOLID_ANGLE_UNIT ( ) );
#6736 = VERTEX_POINT ( 'NONE', #7419 ) ;
#6737 = EDGE_LOOP ( 'NONE', ( #5619, #6941, #1215, #5194 ) ) ;
#6738 = SURFACE_SIDE_STYLE ('',( #1756 ) ) ;
#6739 = DIMENSIONAL_EXPONENTS ( 1.000000000000000000, 0.0000000000000000000, 0.0000000000000000000, 0.0000000000000000000, 0.0000000000000000000, 0.0000000000000000000, 0.0000000000000000000 ) ;
#6740 = ORIENTED_EDGE ( 'NONE', *, *, #3148, .T. ) ;
#6741 =( NAMED_UNIT ( * ) PLANE_ANGLE_UNIT ( ) SI_UNIT ( $, .RADIAN. ) );
#6742 = LINE ( 'NONE', #6007, #6625 ) ;
#6743 = PLANE ( 'NONE',  #2122 ) ;
#6744 = PRESENTATION_LAYER_ASSIGNMENT (  '', '', ( #3260 ) ) ;
#6745 = EDGE_CURVE ( 'NONE', #5055, #2182, #7614, .T. ) ;
#6746 = ADVANCED_FACE ( 'NONE', ( #7257 ), #4393, .T. ) ;
#6747 = VECTOR ( 'NONE', #5147, 39.37007874015748143 ) ;
#6748 = UNCERTAINTY_MEASURE_WITH_UNIT (LENGTH_MEASURE( 1.000000000000000082E-05 ), #8576, 'distance_accuracy_value', 'NONE');
#6749 = LINE ( 'NONE', #4715, #6869 ) ;
#6750 = VERTEX_POINT ( 'NONE', #9721 ) ;
#6751 = CARTESIAN_POINT ( 'NONE',  ( -0.2285993249480930689, -0.07498309285789341028, 0.2505000000000000004 ) ) ;
#6752 = FACE_OUTER_BOUND ( 'NONE', #3194, .T. ) ;
#6753 = CARTESIAN_POINT ( 'NONE',  ( -0.2200000000000000011, 0.05600000000000000810, 0.01949999999999999997 ) ) ;
#6754 = CARTESIAN_POINT ( 'NONE',  ( 0.5449999999999998179, -0.2469999999999998308, -0.01949999999999999997 ) ) ;
#6755 = CARTESIAN_POINT ( 'NONE',  ( -0.002000000000000006113, 0.05600000000000000810, 0.2505000000000000004 ) ) ;
#6756 = PRESENTATION_LAYER_ASSIGNMENT (  '', '', ( #5703 ) ) ;
#6757 = EDGE_CURVE ( 'NONE', #6294, #6201, #5167, .T. ) ;
#6758 = SURFACE_STYLE_FILL_AREA ( #9783 ) ;
#6759 = PRESENTATION_LAYER_ASSIGNMENT (  '', '', ( #3794 ) ) ;
#6760 = ORIENTED_EDGE ( 'NONE', *, *, #9872, .T. ) ;
#6761 = SURFACE_STYLE_USAGE ( .BOTH. , #9099 ) ;
#6762 = UNCERTAINTY_MEASURE_WITH_UNIT (LENGTH_MEASURE( 1.000000000000000082E-05 ), #5864, 'distance_accuracy_value', 'NONE');
#6763 = CARTESIAN_POINT ( 'NONE',  ( -0.2124826162615817693, -0.05419650718001907397, 0.2484999999999999154 ) ) ;
#6764 = PLANE ( 'NONE',  #4786 ) ;
#6765 = DIRECTION ( 'NONE',  ( 0.0000000000000000000, 0.0000000000000000000, -1.000000000000000000 ) ) ;
#6766 = CYLINDRICAL_SURFACE ( 'NONE', #3822, 0.1400000000000000133 ) ;
#6767 =( CONVERSION_BASED_UNIT ( 'INCH', #6297 ) LENGTH_UNIT ( ) NAMED_UNIT ( #3282 ) );
#6768 = ORIENTED_EDGE ( 'NONE', *, *, #8978, .T. ) ;
#6769 = DIMENSIONAL_EXPONENTS ( 1.000000000000000000, 0.0000000000000000000, 0.0000000000000000000, 0.0000000000000000000, 0.0000000000000000000, 0.0000000000000000000, 0.0000000000000000000 ) ;
#6770 = AXIS2_PLACEMENT_3D ( 'NONE', #3845, #4580, #1428 ) ;
#6771 = VERTEX_POINT ( 'NONE', #7513 ) ;
#6772 = EDGE_CURVE ( 'NONE', #1190, #750, #5398, .T. ) ;
#6773 = EDGE_CURVE ( 'NONE', #6899, #8598, #3454, .T. ) ;
#6774 = DIRECTION ( 'NONE',  ( 1.000000000000000000, 0.0000000000000000000, 0.0000000000000000000 ) ) ;
#6775 = PRESENTATION_STYLE_ASSIGNMENT (( #198 ) ) ;
#6776 = DIRECTION ( 'NONE',  ( -0.0000000000000000000, -0.0000000000000000000, -1.000000000000000000 ) ) ;
#6777 = COLOUR_RGB ( '',0.9294117647058823817, 0.7607843137254901578, 0.4784313725490195734 ) ;
#6778 = CARTESIAN_POINT ( 'NONE',  ( 0.07700000000000004063, 0.05600000000000000810, -0.3395000000000000240 ) ) ;
#6779 = SURFACE_SIDE_STYLE ('',( #438 ) ) ;
#6780 = VERTEX_POINT ( 'NONE', #6627 ) ;
#6781 = ORIENTED_EDGE ( 'NONE', *, *, #8504, .T. ) ;
#6782 = ORIENTED_EDGE ( 'NONE', *, *, #1291, .F. ) ;
#6783 = LENGTH_MEASURE_WITH_UNIT ( LENGTH_MEASURE( 0.02539999999999999897 ), #7964 );
#6784 =( LENGTH_UNIT ( ) NAMED_UNIT ( * ) SI_UNIT ( $, .METRE. ) );
#6785 = DIRECTION ( 'NONE',  ( 1.000000000000000000, 0.0000000000000000000, 0.0000000000000000000 ) ) ;
#6786 = DIMENSIONAL_EXPONENTS ( 1.000000000000000000, 0.0000000000000000000, 0.0000000000000000000, 0.0000000000000000000, 0.0000000000000000000, 0.0000000000000000000, 0.0000000000000000000 ) ;
#6787 = LINE ( 'NONE', #9710, #5532 ) ;
#6788 = CARTESIAN_POINT ( 'NONE',  ( -0.2609115348192674322, 0.09550000000000004319, -0.1494999999999999940 ) ) ;
#6789 = CARTESIAN_POINT ( 'NONE',  ( -0.1460000000000001574, -0.05600000000000000810, -0.03565432893255038316 ) ) ;
#6790 = PRESENTATION_STYLE_ASSIGNMENT (( #6145 ) ) ;
#6791 = PRESENTATION_LAYER_ASSIGNMENT (  '', '', ( #8866 ) ) ;
#6793 = EDGE_LOOP ( 'NONE', ( #6475, #4091, #3071, #2107 ) ) ;
#6792 = FACE_OUTER_BOUND ( 'NONE', #5754, .T. ) ;
#6794 = AXIS2_PLACEMENT_3D ( 'NONE', #9357, #8014, #3362 ) ;
#6795 = DIMENSIONAL_EXPONENTS ( 1.000000000000000000, 0.0000000000000000000, 0.0000000000000000000, 0.0000000000000000000, 0.0000000000000000000, 0.0000000000000000000, 0.0000000000000000000 ) ;
#6796 = FILL_AREA_STYLE ('',( #1386 ) ) ;
#6797 = SURFACE_STYLE_FILL_AREA ( #4057 ) ;
#6798 = VERTEX_POINT ( 'NONE', #5972 ) ;
#6799 = DIRECTION ( 'NONE',  ( 0.0000000000000000000, 0.0000000000000000000, -1.000000000000000000 ) ) ;
#6800 = PLANE ( 'NONE',  #3568 ) ;
#6801 = ORIENTED_EDGE ( 'NONE', *, *, #9090, .T. ) ;
#6802 = FILL_AREA_STYLE ('',( #4423 ) ) ;
#6803 = CARTESIAN_POINT ( 'NONE',  ( 0.2609115348192674322, 0.09550000000000004319, -0.03950000000000001427 ) ) ;
#6804 = CARTESIAN_POINT ( 'NONE',  ( -0.2280092848228430780, -0.06283921235214560974, 0.2505000000000001115 ) ) ;
#6805 = STYLED_ITEM ( 'NONE', ( #1629 ), #5870 ) ;
#6806 = EDGE_CURVE ( 'NONE', #3258, #115, #999, .T. ) ;
#6807 = UNCERTAINTY_MEASURE_WITH_UNIT (LENGTH_MEASURE( 1.000000000000000082E-05 ), #955, 'distance_accuracy_value', 'NONE');
#6808 = CYLINDRICAL_SURFACE ( 'NONE', #2924, 0.01999999999999995878 ) ;
#6809 = PRESENTATION_STYLE_ASSIGNMENT (( #2230 ) ) ;
#6810 =( CONVERSION_BASED_UNIT ( 'INCH', #2123 ) LENGTH_UNIT ( ) NAMED_UNIT ( #9111 ) );
#6811 = ORIENTED_EDGE ( 'NONE', *, *, #9683, .F. ) ;
#6812 = ADVANCED_FACE ( 'NONE', ( #10026, #2467 ), #5875, .T. ) ;
#6813 = FILL_AREA_STYLE_COLOUR ( '', #9728 ) ;
#6814 = DIRECTION ( 'NONE',  ( 0.0000000000000000000, 0.0000000000000000000, -1.000000000000000000 ) ) ;
#6815 =( NAMED_UNIT ( * ) SI_UNIT ( $, .STERADIAN. ) SOLID_ANGLE_UNIT ( ) );
#6816 = LENGTH_MEASURE_WITH_UNIT ( LENGTH_MEASURE( 0.02539999999999999897 ), #5094 );
#6817 = SURFACE_STYLE_FILL_AREA ( #6802 ) ;
#6818 = ORIENTED_EDGE ( 'NONE', *, *, #6166, .F. ) ;
#6819 =( GEOMETRIC_REPRESENTATION_CONTEXT ( 3 ) GLOBAL_UNCERTAINTY_ASSIGNED_CONTEXT ( ( #3420 ) ) GLOBAL_UNIT_ASSIGNED_CONTEXT ( ( #9298, #7772, #6181 ) ) REPRESENTATION_CONTEXT ( 'NONE', 'WORKASPACE' ) );
#6820 = EDGE_CURVE ( 'NONE', #205, #1152, #386, .T. ) ;
#6821 = ORIENTED_EDGE ( 'NONE', *, *, #8771, .F. ) ;
#6822 = CARTESIAN_POINT ( 'NONE',  ( -0.2286502561845348003, -0.07461070212339741825, 0.2484999999999999987 ) ) ;
#6823 = CARTESIAN_POINT ( 'NONE',  ( -0.2187980342961800828, -0.05841449196318274778, 0.2505000000000000560 ) ) ;
#6824 = CARTESIAN_POINT ( 'NONE',  ( 0.1814999999999999669, -0.05600000000000000810, -0.2013975032409335841 ) ) ;
#6825 = CARTESIAN_POINT ( 'NONE',  ( -0.05650000000000001549, -0.05600000000000000810, -0.2195000000000000007 ) ) ;
#6826 = CIRCLE ( 'NONE', #5117, 0.08000000000000002942 ) ;
#6827 = PRESENTATION_STYLE_ASSIGNMENT (( #3927 ) ) ;
#6828 = CARTESIAN_POINT ( 'NONE',  ( -0.2365875656458527043, -0.05287559912926283190, 0.2484999999999999987 ) ) ;
#6829 = ORIENTED_EDGE ( 'NONE', *, *, #8574, .T. ) ;
#6830 =( NAMED_UNIT ( * ) SI_UNIT ( $, .STERADIAN. ) SOLID_ANGLE_UNIT ( ) );
#6831 = ORIENTED_EDGE ( 'NONE', *, *, #2138, .T. ) ;
#6832 = AXIS2_PLACEMENT_3D ( 'NONE', #8665, #2372, #7854 ) ;
#6833 = FILL_AREA_STYLE ('',( #3739 ) ) ;
#6834 = EDGE_CURVE ( 'NONE', #3391, #9079, #1390, .T. ) ;
#6835 = EDGE_CURVE ( 'NONE', #172, #3975, #5284, .T. ) ;
#6837 = ORIENTED_EDGE ( 'NONE', *, *, #3923, .F. ) ;
#6836 = PRESENTATION_STYLE_ASSIGNMENT (( #4351 ) ) ;
#6838 = CARTESIAN_POINT ( 'NONE',  ( -0.2245626234801127163, -0.07926390809139582938, 0.2505000000000000004 ) ) ;
#6839 = CARTESIAN_POINT ( 'NONE',  ( -0.2609115348192674322, 0.2155000000000001081, -0.03950000000000003508 ) ) ;
#6840 = CYLINDRICAL_SURFACE ( 'NONE', #2657, 0.02999999999999993644 ) ;
#6841 = SURFACE_SIDE_STYLE ('',( #2871 ) ) ;
#6842 = ORIENTED_EDGE ( 'NONE', *, *, #7202, .T. ) ;
#6843 = FACE_OUTER_BOUND ( 'NONE', #7648, .T. ) ;
#6844 =( LENGTH_UNIT ( ) NAMED_UNIT ( * ) SI_UNIT ( $, .METRE. ) );
#6845 = LINE ( 'NONE', #9459, #7811 ) ;
#6846 = ADVANCED_FACE ( 'NONE', ( #502 ), #6641, .T. ) ;
#6847 = CARTESIAN_POINT ( 'NONE',  ( 0.1615000000000000047, -0.05600000000000000810, -0.2795000000000000262 ) ) ;
#6848 = CARTESIAN_POINT ( 'NONE',  ( 0.01800000000000007497, 0.05600000000000000810, -0.2195000000000000007 ) ) ;
#6849 = PRESENTATION_LAYER_ASSIGNMENT (  '', '', ( #2642 ) ) ;
#6850 = VERTEX_POINT ( 'NONE', #1297 ) ;
#6851 =( GEOMETRIC_REPRESENTATION_CONTEXT ( 3 ) GLOBAL_UNCERTAINTY_ASSIGNED_CONTEXT ( ( #4033 ) ) GLOBAL_UNIT_ASSIGNED_CONTEXT ( ( #9187, #9936, #588 ) ) REPRESENTATION_CONTEXT ( 'NONE', 'WORKASPACE' ) );
#6852 = STYLED_ITEM ( 'NONE', ( #2836 ), #9131 ) ;
#6853 = SURFACE_STYLE_FILL_AREA ( #6451 ) ;
#6854 = EDGE_LOOP ( 'NONE', ( #4284, #8453, #519, #2067 ) ) ;
#6855 = DIRECTION ( 'NONE',  ( -1.000000000000000000, 0.0000000000000000000, 0.0000000000000000000 ) ) ;
#6856 = PRESENTATION_STYLE_ASSIGNMENT (( #5517 ) ) ;
#6857 = CARTESIAN_POINT ( 'NONE',  ( 0.03250000000000002887, -0.05599999999999999423, -0.3395000000000000240 ) ) ;
#6858 = CIRCLE ( 'NONE', #8607, 0.02999999999999993644 ) ;
#6859 = ORIENTED_EDGE ( 'NONE', *, *, #7462, .F. ) ;
#6860 = ADVANCED_FACE ( 'NONE', ( #9803 ), #1231, .T. ) ;
#6861 = CARTESIAN_POINT ( 'NONE',  ( -0.2374654020846416469, -0.05822004021538626506, 0.2484999999999999987 ) ) ;
#6862 = DIRECTION ( 'NONE',  ( 0.0000000000000000000, 0.0000000000000000000, 1.000000000000000000 ) ) ;
#6863 = ORIENTED_EDGE ( 'NONE', *, *, #4395, .T. ) ;
#6864 = STYLED_ITEM ( 'NONE', ( #1205 ), #5289 ) ;
#6865 = COLOUR_RGB ( '',1.000000000000000000, 1.000000000000000000, 0.0000000000000000000 ) ;
#6866 = STYLED_ITEM ( 'NONE', ( #2762 ), #10025 ) ;
#6867 = DIRECTION ( 'NONE',  ( -0.0000000000000000000, -0.0000000000000000000, -1.000000000000000000 ) ) ;
#6868 = AXIS2_PLACEMENT_3D ( 'NONE', #1630, #7874, #143 ) ;
#6869 = VECTOR ( 'NONE', #884, 39.37007874015748143 ) ;
#6870 = COLOUR_RGB ( '',0.9294117647058823817, 0.7607843137254901578, 0.4784313725490195734 ) ;
#6871 = FILL_AREA_STYLE_COLOUR ( '', #6865 ) ;
#6872 =( NAMED_UNIT ( * ) SI_UNIT ( $, .STERADIAN. ) SOLID_ANGLE_UNIT ( ) );
#6873 = DIRECTION ( 'NONE',  ( -1.000000000000000000, 0.0000000000000000000, 0.0000000000000000000 ) ) ;
#6874 = ORIENTED_EDGE ( 'NONE', *, *, #7019, .T. ) ;
#6875 = DIMENSIONAL_EXPONENTS ( 1.000000000000000000, 0.0000000000000000000, 0.0000000000000000000, 0.0000000000000000000, 0.0000000000000000000, 0.0000000000000000000, 0.0000000000000000000 ) ;
#6876 = FACE_OUTER_BOUND ( 'NONE', #452, .T. ) ;
#6877 = ORIENTED_EDGE ( 'NONE', *, *, #6563, .F. ) ;
#6878 = DIRECTION ( 'NONE',  ( -1.000000000000000000, 0.0000000000000000000, 0.0000000000000000000 ) ) ;
#6879 =( GEOMETRIC_REPRESENTATION_CONTEXT ( 3 ) GLOBAL_UNCERTAINTY_ASSIGNED_CONTEXT ( ( #2028 ) ) GLOBAL_UNIT_ASSIGNED_CONTEXT ( ( #3055, #5409, #3848 ) ) REPRESENTATION_CONTEXT ( 'NONE', 'WORKASPACE' ) );
#6880 = EDGE_CURVE ( 'NONE', #3753, #4666, #6886, .T. ) ;
#6881 = DIRECTION ( 'NONE',  ( 8.113072757777217317E-17, 1.000000000000000000, 0.0000000000000000000 ) ) ;
#6882 = COLOUR_RGB ( '',0.7529411764705882248, 0.7529411764705882248, 0.7529411764705882248 ) ;
#6883 = DIRECTION ( 'NONE',  ( -1.000000000000000000, 0.0000000000000000000, 0.0000000000000000000 ) ) ;
#6884 =( NAMED_UNIT ( * ) SI_UNIT ( $, .STERADIAN. ) SOLID_ANGLE_UNIT ( ) );
#6885 = SURFACE_STYLE_FILL_AREA ( #648 ) ;
#6886 = CIRCLE ( 'NONE', #260, 0.1399999999999999301 ) ;
#6887 =( LENGTH_UNIT ( ) NAMED_UNIT ( * ) SI_UNIT ( $, .METRE. ) );
#6888 =( LENGTH_UNIT ( ) NAMED_UNIT ( * ) SI_UNIT ( $, .METRE. ) );
#6889 = DIRECTION ( 'NONE',  ( 0.0000000000000000000, 0.0000000000000000000, 1.000000000000000000 ) ) ;
#6890 = VERTEX_POINT ( 'NONE', #9997 ) ;
#6891 = MECHANICAL_DESIGN_GEOMETRIC_PRESENTATION_REPRESENTATION (  '', ( #4978 ), #202 ) ;
#6892 = EDGE_CURVE ( 'NONE', #4374, #9534, #4660, .T. ) ;
#6893 = EDGE_CURVE ( 'NONE', #8739, #9917, #5161, .T. ) ;
#6894 = COLOUR_RGB ( '',0.7529411764705882248, 0.7529411764705882248, 0.7529411764705882248 ) ;
#6895 = PRESENTATION_STYLE_ASSIGNMENT (( #2466 ) ) ;
#6897 = EDGE_LOOP ( 'NONE', ( #3765, #7951 ) ) ;
#6896 = LINE ( 'NONE', #8679, #6399 ) ;
#6898 = FILL_AREA_STYLE ('',( #5341 ) ) ;
#6899 = VERTEX_POINT ( 'NONE', #7545 ) ;
#6900 = ORIENTED_EDGE ( 'NONE', *, *, #6081, .F. ) ;
#6901 = DIRECTION ( 'NONE',  ( -0.0000000000000000000, -1.000000000000000000, -0.0000000000000000000 ) ) ;
#6902 = DIRECTION ( 'NONE',  ( 1.000000000000000000, 0.0000000000000000000, 0.0000000000000000000 ) ) ;
#6903 = CARTESIAN_POINT ( 'NONE',  ( -0.2609115348192674322, 0.09550000000000004319, -0.2195000000000000007 ) ) ;
#6904 = PRESENTATION_LAYER_ASSIGNMENT (  '', '', ( #7800 ) ) ;
#6905 =( GEOMETRIC_REPRESENTATION_CONTEXT ( 3 ) GLOBAL_UNCERTAINTY_ASSIGNED_CONTEXT ( ( #984 ) ) GLOBAL_UNIT_ASSIGNED_CONTEXT ( ( #1191, #1976, #1093 ) ) REPRESENTATION_CONTEXT ( 'NONE', 'WORKASPACE' ) );
#6906 = ORIENTED_EDGE ( 'NONE', *, *, #3261, .T. ) ;
#6907 = ADVANCED_FACE ( 'Face7', ( #8451 ), #5043, .T. ) ;
#6908 = DIRECTION ( 'NONE',  ( 1.000000000000000000, 0.0000000000000000000, 0.0000000000000000000 ) ) ;
#6909 = CYLINDRICAL_SURFACE ( 'NONE', #958, 0.02999999999999998848 ) ;
#6910 = CARTESIAN_POINT ( 'NONE',  ( -0.05650000000000001549, -0.05600000000000000810, -0.2013975032409335841 ) ) ;
#6911 =( LENGTH_UNIT ( ) NAMED_UNIT ( * ) SI_UNIT ( $, .METRE. ) );
#6912 = CARTESIAN_POINT ( 'NONE',  ( 0.05249999999999998418, -0.05600000000000000810, -0.2195000000000000007 ) ) ;
#6913 = ORIENTED_EDGE ( 'NONE', *, *, #6636, .T. ) ;
#6914 = CYLINDRICAL_SURFACE ( 'NONE', #10064, 0.02999999999999998848 ) ;
#6915 = ORIENTED_EDGE ( 'NONE', *, *, #9230, .F. ) ;
#6916 = CARTESIAN_POINT ( 'NONE',  ( -0.2609115348192674322, 0.09550000000000004319, -0.1494999999999999940 ) ) ;
#6917 = SURFACE_STYLE_USAGE ( .BOTH. , #3668 ) ;
#6918 = DIMENSIONAL_EXPONENTS ( 1.000000000000000000, 0.0000000000000000000, 0.0000000000000000000, 0.0000000000000000000, 0.0000000000000000000, 0.0000000000000000000, 0.0000000000000000000 ) ;
#6919 =( NAMED_UNIT ( * ) PLANE_ANGLE_UNIT ( ) SI_UNIT ( $, .RADIAN. ) );
#6920 = MECHANICAL_DESIGN_GEOMETRIC_PRESENTATION_REPRESENTATION (  '', ( #803 ), #2184 ) ;
#6921 = PRESENTATION_STYLE_ASSIGNMENT (( #3190 ) ) ;
#6922 = AXIS2_PLACEMENT_3D ( 'NONE', #4412, #9123, #4440 ) ;
#6923 = ORIENTED_EDGE ( 'NONE', *, *, #7590, .T. ) ;
#6924 = COLOUR_RGB ( '',0.9294117647058823817, 0.7607843137254901578, 0.4784313725490195734 ) ;
#6925 = CARTESIAN_POINT ( 'NONE',  ( -0.2293368502719642377, -0.05510562371226146450, 0.2485000000000000264 ) ) ;
#6926 = STYLED_ITEM ( 'NONE', ( #5725 ), #1958 ) ;
#6927 =( NAMED_UNIT ( * ) PLANE_ANGLE_UNIT ( ) SI_UNIT ( $, .RADIAN. ) );
#6928 = UNCERTAINTY_MEASURE_WITH_UNIT (LENGTH_MEASURE( 1.000000000000000082E-05 ), #6506, 'distance_accuracy_value', 'NONE');
#6929 = COLOUR_RGB ( '',0.9294117647058823817, 0.7607843137254901578, 0.4784313725490195734 ) ;
#6930 = CARTESIAN_POINT ( 'NONE',  ( 0.2409718528315643038, 0.1063120458446303040, 0.2505000000000001115 ) ) ;
#6931 = CYLINDRICAL_SURFACE ( 'NONE', #2085, 0.01949999999999987507 ) ;
#6932 = CARTESIAN_POINT ( 'NONE',  ( 0.3089318641816256594, -0.09286481776669323895, -0.1494999999999999940 ) ) ;
#6933 = ORIENTED_EDGE ( 'NONE', *, *, #1038, .F. ) ;
#6934 = DIRECTION ( 'NONE',  ( 0.0000000000000000000, 0.0000000000000000000, -1.000000000000000000 ) ) ;
#6935 = CARTESIAN_POINT ( 'NONE',  ( -0.2609115348192674322, 0.09550000000000004319, -0.2195000000000000007 ) ) ;
#6936 = VERTEX_POINT ( 'NONE', #8315 ) ;
#6937 = AXIS2_PLACEMENT_3D ( 'NONE', #7004, #3202, #5450 ) ;
#6938 = PRESENTATION_LAYER_ASSIGNMENT (  '', '', ( #5892 ) ) ;
#6939 = ORIENTED_EDGE ( 'NONE', *, *, #7522, .F. ) ;
#6940 = DIRECTION ( 'NONE',  ( -1.000000000000000000, 8.113072757777217317E-17, 0.0000000000000000000 ) ) ;
#6941 = ORIENTED_EDGE ( 'NONE', *, *, #6105, .T. ) ;
#6942 = ADVANCED_FACE ( 'NONE', ( #9551 ), #9275, .T. ) ;
#6943 = FILL_AREA_STYLE ('',( #7682 ) ) ;
#6944 = DIRECTION ( 'NONE',  ( -0.0000000000000000000, -0.0000000000000000000, -1.000000000000000000 ) ) ;
#6945 = CIRCLE ( 'NONE', #496, 0.1000000000000000194 ) ;
#6946 = STYLED_ITEM ( 'NONE', ( #8996 ), #6997 ) ;
#6947 = LENGTH_MEASURE_WITH_UNIT ( LENGTH_MEASURE( 0.02539999999999999897 ), #6395 );
#6948 = EDGE_CURVE ( 'NONE', #407, #6771, #377, .T. ) ;
#6949 = AXIS2_PLACEMENT_3D ( 'NONE', #9270, #8694, #3231 ) ;
#6950 = CARTESIAN_POINT ( 'NONE',  ( -0.2363550560093556352, -0.07589456158051277601, 0.2484999999999999987 ) ) ;
#6951 = ADVANCED_FACE ( 'NONE', ( #3446 ), #8944, .F. ) ;
#6952 = ORIENTED_EDGE ( 'NONE', *, *, #10063, .F. ) ;
#6953 = MANIFOLD_SOLID_BREP ( 'Lower Row Pin 1 Identifier', #7033 ) ;
#6954 = VECTOR ( 'NONE', #9097, 39.37007874015748143 ) ;
#6955 = ADVANCED_FACE ( 'NONE', ( #2948 ), #4615, .T. ) ;
#6956 = CARTESIAN_POINT ( 'NONE',  ( -0.2288892486490909095, -0.05404785101923464952, 0.2484999999999999709 ) ) ;
#6957 = DIRECTION ( 'NONE',  ( -1.000000000000000000, 0.0000000000000000000, 0.0000000000000000000 ) ) ;
#6958 = VECTOR ( 'NONE', #7107, 39.37007874015748143 ) ;
#6959 = FILL_AREA_STYLE_COLOUR ( '', #8953 ) ;
#6960 = ORIENTED_EDGE ( 'NONE', *, *, #6487, .F. ) ;
#6961 = MECHANICAL_DESIGN_GEOMETRIC_PRESENTATION_REPRESENTATION (  '', ( #10123 ), #8059 ) ;
#6962 = EDGE_CURVE ( 'NONE', #6184, #8739, #8613, .T. ) ;
#6963 = EDGE_CURVE ( 'NONE', #8134, #2004, #8088, .T. ) ;
#6964 = DIRECTION ( 'NONE',  ( 1.000000000000000000, 0.0000000000000000000, 0.0000000000000000000 ) ) ;
#6965 = CARTESIAN_POINT ( 'NONE',  ( 0.1615000000000000047, -0.05600000000000000810, -0.4243528137423855373 ) ) ;
#6966 = CARTESIAN_POINT ( 'NONE',  ( -0.3483241743021139869, -0.09981074487337038281, -0.1494999999999999940 ) ) ;
#6967 =( NAMED_UNIT ( * ) PLANE_ANGLE_UNIT ( ) SI_UNIT ( $, .RADIAN. ) );
#6968 =( LENGTH_UNIT ( ) NAMED_UNIT ( * ) SI_UNIT ( $, .METRE. ) );
#6969 = VECTOR ( 'NONE', #8878, 39.37007874015748143 ) ;
#6970 = DIMENSIONAL_EXPONENTS ( 1.000000000000000000, 0.0000000000000000000, 0.0000000000000000000, 0.0000000000000000000, 0.0000000000000000000, 0.0000000000000000000, 0.0000000000000000000 ) ;
#6971 = FACE_OUTER_BOUND ( 'NONE', #7006, .T. ) ;
#6972 = CIRCLE ( 'NONE', #4868, 0.02999999999999995379 ) ;
#6973 = ORIENTED_EDGE ( 'NONE', *, *, #310, .F. ) ;
#6974 =( CONVERSION_BASED_UNIT ( 'INCH', #3738 ) LENGTH_UNIT ( ) NAMED_UNIT ( #303 ) );
#6975 = PRESENTATION_LAYER_ASSIGNMENT (  '', '', ( #5262 ) ) ;
#6976 = EDGE_LOOP ( 'NONE', ( #7934, #4609, #10057, #7888, #67, #2468, #2176, #5983, #7005 ) ) ;
#6977 = STYLED_ITEM ( 'NONE', ( #8941 ), #3865 ) ;
#6978 = DIRECTION ( 'NONE',  ( -0.0000000000000000000, -0.0000000000000000000, -1.000000000000000000 ) ) ;
#6979 = ORIENTED_EDGE ( 'NONE', *, *, #9672, .F. ) ;
#6980 = DIRECTION ( 'NONE',  ( 0.0000000000000000000, 0.0000000000000000000, -1.000000000000000000 ) ) ;
#6981 = ORIENTED_EDGE ( 'NONE', *, *, #4448, .F. ) ;
#6982 = PLANE ( 'NONE',  #9313 ) ;
#6983 = UNCERTAINTY_MEASURE_WITH_UNIT (LENGTH_MEASURE( 1.000000000000000082E-05 ), #74, 'distance_accuracy_value', 'NONE');
#6984 = CARTESIAN_POINT ( 'NONE',  ( -0.2180650494854236288, -0.04687624067779652681, 0.2504999999999999449 ) ) ;
#6985 = DIRECTION ( 'NONE',  ( 1.000000000000000000, 0.0000000000000000000, 0.0000000000000000000 ) ) ;
#6986 = VERTEX_POINT ( 'NONE', #7977 ) ;
#6987 = DIRECTION ( 'NONE',  ( -0.0000000000000000000, -0.0000000000000000000, 1.000000000000000000 ) ) ;
#6988 =( CONVERSION_BASED_UNIT ( 'INCH', #5271 ) LENGTH_UNIT ( ) NAMED_UNIT ( #6875 ) );
#6989 = EDGE_CURVE ( 'NONE', #1190, #1094, #4047, .T. ) ;
#6990 = CARTESIAN_POINT ( 'NONE',  ( -0.2281952199157394334, -0.07665288470382310149, 0.2484999999999999154 ) ) ;
#6991 = MECHANICAL_DESIGN_GEOMETRIC_PRESENTATION_REPRESENTATION (  '', ( #3708 ), #6140 ) ;
#6992 = FILL_AREA_STYLE_COLOUR ( '', #9148 ) ;
#6993 = CARTESIAN_POINT ( 'NONE',  ( -0.2241859681413740923, -0.06423994224091877925, 0.2505000000000000004 ) ) ;
#6994 = CARTESIAN_POINT ( 'NONE',  ( 0.3987846202409765506, 0.07118925512662956090, -0.01949999999999999997 ) ) ;
#6995 = DIRECTION ( 'NONE',  ( 0.0000000000000000000, 0.0000000000000000000, -1.000000000000000000 ) ) ;
#6996 = ORIENTED_EDGE ( 'NONE', *, *, #8311, .T. ) ;
#6997 = ADVANCED_FACE ( 'NONE', ( #859 ), #823, .F. ) ;
#6998 = AXIS2_PLACEMENT_3D ( 'NONE', #4425, #5252, #10102 ) ;
#6999 = LINE ( 'NONE', #7479, #4917 ) ;
#7000 = EDGE_CURVE ( 'NONE', #314, #5210, #696, .T. ) ;
#7001 = PLANE ( 'NONE',  #2704 ) ;
#7002 = CARTESIAN_POINT ( 'NONE',  ( -0.2296831538477282775, -0.05814463296211337673, 0.2505000000000000004 ) ) ;
#7003 = PRESENTATION_STYLE_ASSIGNMENT (( #2172 ) ) ;
#7004 = CARTESIAN_POINT ( 'NONE',  ( -0.002000000000000006113, 0.05600000000000000810, -0.2195000000000000007 ) ) ;
#7005 = ORIENTED_EDGE ( 'NONE', *, *, #4889, .T. ) ;
#7006 = EDGE_LOOP ( 'NONE', ( #9594, #6760, #2269, #6464 ) ) ;
#7007 =( LENGTH_UNIT ( ) NAMED_UNIT ( * ) SI_UNIT ( $, .METRE. ) );
#7008 = CARTESIAN_POINT ( 'NONE',  ( -0.2104510888804048685, -0.1955000000000000071, -0.1494999999999999940 ) ) ;
#7009 = LENGTH_MEASURE_WITH_UNIT ( LENGTH_MEASURE( 0.02539999999999999897 ), #3521 );
#7010 = DIRECTION ( 'NONE',  ( -0.1736481776669308030, 0.9848077530122077983, 0.0000000000000000000 ) ) ;
#7011 =( NAMED_UNIT ( * ) PLANE_ANGLE_UNIT ( ) SI_UNIT ( $, .RADIAN. ) );
#7012 = CARTESIAN_POINT ( 'NONE',  ( 0.2104510888804048685, -0.1554999999999999993, 0.03949999999999997957 ) ) ;
#7014 = ORIENTED_EDGE ( 'NONE', *, *, #895, .T. ) ;
#7013 = PRESENTATION_STYLE_ASSIGNMENT (( #8832 ) ) ;
#7015 =( GEOMETRIC_REPRESENTATION_CONTEXT ( 3 ) GLOBAL_UNCERTAINTY_ASSIGNED_CONTEXT ( ( #4976 ) ) GLOBAL_UNIT_ASSIGNED_CONTEXT ( ( #4272, #7425, #8198 ) ) REPRESENTATION_CONTEXT ( 'NONE', 'WORKASPACE' ) );
#7016 = CARTESIAN_POINT ( 'NONE',  ( 0.2159999999999999976, 0.05600000000000000810, -0.3395000000000000240 ) ) ;
#7017 = EDGE_LOOP ( 'NONE', ( #9299, #9369, #683, #7052 ) ) ;
#7018 = EDGE_CURVE ( 'NONE', #9692, #9425, #3027, .T. ) ;
#7019 = EDGE_CURVE ( 'NONE', #9368, #2966, #9760, .T. ) ;
#7020 =( CONVERSION_BASED_UNIT ( 'INCH', #10012 ) LENGTH_UNIT ( ) NAMED_UNIT ( #9168 ) );
#7021 = SURFACE_SIDE_STYLE ('',( #375 ) ) ;
#7022 = ORIENTED_EDGE ( 'NONE', *, *, #2012, .T. ) ;
#7023 = CIRCLE ( 'NONE', #7082, 0.02000000000000009409 ) ;
#7024 =( NAMED_UNIT ( * ) PLANE_ANGLE_UNIT ( ) SI_UNIT ( $, .RADIAN. ) );
#7025 = CARTESIAN_POINT ( 'NONE',  ( 0.2443043707811019816, 0.1092950629861946521, 0.2505000000000000004 ) ) ;
#7026 =( CONVERSION_BASED_UNIT ( 'INCH', #5008 ) LENGTH_UNIT ( ) NAMED_UNIT ( #4201 ) );
#7027 = ORIENTED_EDGE ( 'NONE', *, *, #815, .F. ) ;
#7028 = DIRECTION ( 'NONE',  ( -0.0000000000000000000, -0.0000000000000000000, 1.000000000000000000 ) ) ;
#7029 = DIRECTION ( 'NONE',  ( -1.000000000000000000, 0.0000000000000000000, 0.0000000000000000000 ) ) ;
#7030 = DIRECTION ( 'NONE',  ( 1.000000000000000000, 0.0000000000000000000, 0.0000000000000000000 ) ) ;
#7031 = AXIS2_PLACEMENT_3D ( 'NONE', #8199, #2690, #3514 ) ;
#7032 = ORIENTED_EDGE ( 'NONE', *, *, #6773, .T. ) ;
#7033 = CLOSED_SHELL ( 'NONE', ( #6492, #1204, #6642, #9334, #5487, #114, #5651, #9804, #4994, #6380, #3865, #6997, #1849, #2024, #8524, #9651, #9400, #1261, #3395, #3815, #2412, #5443, #476, #372, #5393, #3358, #5870, #7201, #5490, #10041, #4730, #1518, #4229, #3813, #5545, #534, #2528, #4627, #7303, #5242, #3198, #6846, #7742, #1482, #8823, #2257, #1000, #64, #3146, #5594, #3253, #7359, #7966, #7710, #6907, #9704, #1958, #167, #7140, #6638, #1437, #6126, #2898, #6746, #2411, #6185, #2272, #6955, #8473, #6860, #5716, #2773, #2579, #3664, #3094, #8678, #4990, #8886, #7652, #2597, #6174, #6101, #1435, #5657, #6027, #9543, #5969, #3457, #9495, #8020, #6327, #9906, #6379, #2367, #111, #2013, #5394, #7414, #10086, #7047, #5547, #3026, #7745, #3036, #7695, #7307, #2368, #2728, #4726, #1698, #6232, #829, #10025, #8677, #6594, #9131, #10040, #5097, #5542, #4958, #626, #10, #9432, #5926, #5658, #2828, #6080, #5815, #3754, #5544, #10088, #5971, #947, #8867, #9286, #1041, #5711, #3142, #3554, #5492, #5768, #7864, #8778, #9585, #9209, #4628, #9285, #1483, #6231, #2817, #5154, #3767, #6708, #2942, #2117, #8470, #8628, #5289, #3304, #6951, #3671, #9279, #2801, #7636, #3352, #514, #9435, #2319, #3356, #9386, #6334, #2682, #8366, #4173, #6433, #7814, #6293, #6279, #2633, #725, #781, #8523, #3861, #5866, #679, #6491, #2469, #8121, #8936, #9040, #9433, #3143, #533, #9071, #5096, #9497, #1423, #8415, #8359, #5982, #2305, #6942, #8571, #678, #1232, #5679, #2165, #4884, #9493, #1586, #3141, #585, #6335, #9142, #4406, #6812, #3409, #7916, #7088, #9179, #9025 ) ) ;
#7034 = FACE_OUTER_BOUND ( 'NONE', #5945, .T. ) ;
#7035 = SHAPE_DEFINITION_REPRESENTATION ( #52, #7309 ) ;
#7036 = CARTESIAN_POINT ( 'NONE',  ( -0.2125292264148602450, -0.07660252437614543941, 0.2484999999999999987 ) ) ;
#7037 = CARTESIAN_POINT ( 'NONE',  ( -0.2279327765287803842, -0.07078354957389512703, 0.2505000000000000560 ) ) ;
#7038 = SURFACE_STYLE_USAGE ( .BOTH. , #4698 ) ;
#7039 = FILL_AREA_STYLE_COLOUR ( '', #193 ) ;
#7040 = ORIENTED_EDGE ( 'NONE', *, *, #8061, .T. ) ;
#7041 = ORIENTED_EDGE ( 'NONE', *, *, #2153, .T. ) ;
#7042 = CARTESIAN_POINT ( 'NONE',  ( -0.2192204926343965798, -0.05561967465351741469, 0.2505000000000000560 ) ) ;
#7043 = SURFACE_STYLE_USAGE ( .BOTH. , #2250 ) ;
#7044 = DIRECTION ( 'NONE',  ( 0.1736481776669315524, 0.9848077530122077983, -0.0000000000000000000 ) ) ;
#7045 = PRESENTATION_LAYER_ASSIGNMENT (  '', '', ( #1789 ) ) ;
#7046 = UNCERTAINTY_MEASURE_WITH_UNIT (LENGTH_MEASURE( 1.000000000000000082E-05 ), #5338, 'distance_accuracy_value', 'NONE');
#7047 = ADVANCED_FACE ( 'NONE', ( #1195 ), #4999, .T. ) ;
#7048 = CARTESIAN_POINT ( 'NONE',  ( -0.2211506599856837563, -0.06343861344840141803, 0.2484999999999999987 ) ) ;
#7049 = AXIS2_PLACEMENT_3D ( 'NONE', #3912, #1564, #7029 ) ;
#7050 = PRESENTATION_STYLE_ASSIGNMENT (( #7398 ) ) ;
#7051 = CARTESIAN_POINT ( 'NONE',  ( 0.1070000000000000118, 0.05600000000000000810, -0.2795000000000000262 ) ) ;
#7052 = ORIENTED_EDGE ( 'NONE', *, *, #1334, .F. ) ;
#7053 = ORIENTED_EDGE ( 'NONE', *, *, #4914, .T. ) ;
#7054 = FILL_AREA_STYLE ('',( #5277 ) ) ;
#7055 = DIRECTION ( 'NONE',  ( -0.1736481776669308030, 0.9848077530122077983, 0.0000000000000000000 ) ) ;
#7056 = DIRECTION ( 'NONE',  ( -0.0000000000000000000, -0.0000000000000000000, -1.000000000000000000 ) ) ;
#7057 = CARTESIAN_POINT ( 'NONE',  ( -0.2374551583921264142, -0.05773874378914155975, 0.2505000000000000004 ) ) ;
#7058 = LENGTH_MEASURE_WITH_UNIT ( LENGTH_MEASURE( 0.02539999999999999897 ), #4673 );
#7059 = CARTESIAN_POINT ( 'NONE',  ( -0.2329805612613048416, -0.04781309973962925841, 0.2504999999999999449 ) ) ;
#7060 = ORIENTED_EDGE ( 'NONE', *, *, #8575, .F. ) ;
#7061 = MECHANICAL_DESIGN_GEOMETRIC_PRESENTATION_REPRESENTATION (  '', ( #2669 ), #4431 ) ;
#7062 = EDGE_CURVE ( 'NONE', #7799, #7863, #5244, .T. ) ;
#7063 = VECTOR ( 'NONE', #9932, 39.37007874015748143 ) ;
#7064 = CARTESIAN_POINT ( 'NONE',  ( -0.2183100390495325560, -0.08413343321436317357, 0.2505000000000000004 ) ) ;
#7065 = SURFACE_SIDE_STYLE ('',( #3597 ) ) ;
#7066 = UNCERTAINTY_MEASURE_WITH_UNIT (LENGTH_MEASURE( 1.000000000000000082E-05 ), #264, 'distance_accuracy_value', 'NONE');
#7067 = ORIENTED_EDGE ( 'NONE', *, *, #6167, .T. ) ;
#7068 =( GEOMETRIC_REPRESENTATION_CONTEXT ( 3 ) GLOBAL_UNCERTAINTY_ASSIGNED_CONTEXT ( ( #8176 ) ) GLOBAL_UNIT_ASSIGNED_CONTEXT ( ( #2048, #2778, #6690 ) ) REPRESENTATION_CONTEXT ( 'NONE', 'WORKASPACE' ) );
#7069 = EDGE_CURVE ( 'NONE', #4852, #9468, #9875, .T. ) ;
#7070 = FILL_AREA_STYLE ('',( #5454 ) ) ;
#7071 = DIRECTION ( 'NONE',  ( -0.0000000000000000000, -0.0000000000000000000, -1.000000000000000000 ) ) ;
#7072 = ORIENTED_EDGE ( 'NONE', *, *, #9288, .F. ) ;
#7073 = SURFACE_STYLE_USAGE ( .BOTH. , #6229 ) ;
#7074 = CARTESIAN_POINT ( 'NONE',  ( -0.2182965867627145451, -0.06926316617080904847, 0.2505000000000001670 ) ) ;
#7075 = ORIENTED_EDGE ( 'NONE', *, *, #8518, .F. ) ;
#7076 = DIRECTION ( 'NONE',  ( -1.000000000000000000, 0.0000000000000000000, 0.0000000000000000000 ) ) ;
#7077 = PRESENTATION_STYLE_ASSIGNMENT (( #5727 ) ) ;
#7078 = AXIS2_PLACEMENT_3D ( 'NONE', #7676, #2991, #5406 ) ;
#7079 = CARTESIAN_POINT ( 'NONE',  ( 0.2609115348192674322, 0.1555000000000000548, 0.2515000000000000013 ) ) ;
#7080 = DIRECTION ( 'NONE',  ( 0.0000000000000000000, 0.0000000000000000000, -1.000000000000000000 ) ) ;
#7081 = EDGE_CURVE ( 'NONE', #8501, #2928, #6845, .T. ) ;
#7082 = AXIS2_PLACEMENT_3D ( 'NONE', #5133, #3491, #9023 ) ;
#7083 = ORIENTED_EDGE ( 'NONE', *, *, #2566, .T. ) ;
#7084 =( CONVERSION_BASED_UNIT ( 'INCH', #1875 ) LENGTH_UNIT ( ) NAMED_UNIT ( #8966 ) );
#7085 = CARTESIAN_POINT ( 'NONE',  ( -0.2261057894069687935, -0.04508473403851684380, 0.2484999999999999987 ) ) ;
#7086 = FACE_OUTER_BOUND ( 'NONE', #2432, .T. ) ;
#7087 = VERTEX_POINT ( 'NONE', #7939 ) ;
#7088 = ADVANCED_FACE ( 'NONE', ( #7570 ), #6122, .T. ) ;
#7089 = VECTOR ( 'NONE', #212, 39.37007874015748143 ) ;
#7090 = CARTESIAN_POINT ( 'NONE',  ( 0.1370000000000000107, 0.05599999999999999423, -0.2795000000000000262 ) ) ;
#7091 = CARTESIAN_POINT ( 'NONE',  ( -0.1655000000000000082, -0.05600000000000000810, -0.03565432893255038316 ) ) ;
#7092 = SURFACE_SIDE_STYLE ('',( #7538 ) ) ;
#7093 = ORIENTED_EDGE ( 'NONE', *, *, #4145, .F. ) ;
#7094 = UNCERTAINTY_MEASURE_WITH_UNIT (LENGTH_MEASURE( 1.000000000000000082E-05 ), #8245, 'distance_accuracy_value', 'NONE');
#7095 =( GEOMETRIC_REPRESENTATION_CONTEXT ( 3 ) GLOBAL_UNCERTAINTY_ASSIGNED_CONTEXT ( ( #4783 ) ) GLOBAL_UNIT_ASSIGNED_CONTEXT ( ( #6565, #8764, #6494 ) ) REPRESENTATION_CONTEXT ( 'NONE', 'WORKASPACE' ) );
#7096 = SURFACE_STYLE_FILL_AREA ( #298 ) ;
#7097 = MECHANICAL_DESIGN_GEOMETRIC_PRESENTATION_REPRESENTATION (  '', ( #6064 ), #3441 ) ;
#7098 = COLOUR_RGB ( '',0.9294117647058823817, 0.7607843137254901578, 0.4784313725490195734 ) ;
#7099 = CIRCLE ( 'NONE', #6794, 0.05999999999999997696 ) ;
#7100 = CARTESIAN_POINT ( 'NONE',  ( 0.1415000000000000424, -0.05599999999999999423, -0.2795000000000000262 ) ) ;
#7101 = CARTESIAN_POINT ( 'NONE',  ( -0.3790884651807323591, 0.07466221867996829242, -0.03950000000000000039 ) ) ;
#7102 = CARTESIAN_POINT ( 'NONE',  ( -0.2231378237521940977, -0.07913998797301494137, 0.2504999999999999449 ) ) ;
#7103 = FILL_AREA_STYLE_COLOUR ( '', #1131 ) ;
#7104 = PRESENTATION_STYLE_ASSIGNMENT (( #3900 ) ) ;
#7105 = AXIS2_PLACEMENT_3D ( 'NONE', #1761, #4816, #8036 ) ;
#7106 = EDGE_CURVE ( 'NONE', #5721, #3269, #1420, .T. ) ;
#7107 = DIRECTION ( 'NONE',  ( 1.000000000000000000, -0.0000000000000000000, -0.0000000000000000000 ) ) ;
#7108 = AXIS2_PLACEMENT_3D ( 'NONE', #7378, #6488, #6590 ) ;
#7109 = DIRECTION ( 'NONE',  ( -0.0000000000000000000, -0.0000000000000000000, 1.000000000000000000 ) ) ;
#7110 = ORIENTED_EDGE ( 'NONE', *, *, #8243, .T. ) ;
#7111 = CARTESIAN_POINT ( 'NONE',  ( -0.2609115348192674322, 0.1755000000000000171, -0.1494999999999999940 ) ) ;
#7112 = DIMENSIONAL_EXPONENTS ( 1.000000000000000000, 0.0000000000000000000, 0.0000000000000000000, 0.0000000000000000000, 0.0000000000000000000, 0.0000000000000000000, 0.0000000000000000000 ) ;
#7113 =( NAMED_UNIT ( * ) SI_UNIT ( $, .STERADIAN. ) SOLID_ANGLE_UNIT ( ) );
#7114 = CARTESIAN_POINT ( 'NONE',  ( -0.2252209051766793368, -0.04506440893921680874, 0.2505000000000000560 ) ) ;
#7115 = LINE ( 'NONE', #9725, #4075 ) ;
#7116 = CIRCLE ( 'NONE', #6459, 0.09999999999999996392 ) ;
#7117 = PLANE ( 'NONE',  #7280 ) ;
#7119 = ORIENTED_EDGE ( 'NONE', *, *, #9053, .T. ) ;
#7118 = LENGTH_MEASURE_WITH_UNIT ( LENGTH_MEASURE( 0.02539999999999999897 ), #7898 );
#7120 = ORIENTED_EDGE ( 'NONE', *, *, #7106, .T. ) ;
#7121 = AXIS2_PLACEMENT_3D ( 'NONE', #1700, #1628, #9537 ) ;
#7122 = EDGE_CURVE ( 'NONE', #2700, #6850, #2792, .T. ) ;
#7123 = VECTOR ( 'NONE', #6545, 39.37007874015748143 ) ;
#7124 = CARTESIAN_POINT ( 'NONE',  ( -0.2110553661439211470, -0.06788368885542014897, 0.2505000000000000004 ) ) ;
#7125 = CARTESIAN_POINT ( 'NONE',  ( -0.2255957433128985556, -0.07098093616452989807, 0.2505000000000000560 ) ) ;
#7126 = CARTESIAN_POINT ( 'NONE',  ( -0.2290842123620482895, -0.06129496120716274726, 0.2484999999999999709 ) ) ;
#7127 = SURFACE_SIDE_STYLE ('',( #7833 ) ) ;
#7128 = FILL_AREA_STYLE ('',( #1608 ) ) ;
#7129 = PRESENTATION_STYLE_ASSIGNMENT (( #8929 ) ) ;
#7130 = FACE_OUTER_BOUND ( 'NONE', #7224, .T. ) ;
#7131 = VERTEX_POINT ( 'NONE', #1908 ) ;
#7132 = DIRECTION ( 'NONE',  ( -0.0000000000000000000, -0.0000000000000000000, 1.000000000000000000 ) ) ;
#7133 = FILL_AREA_STYLE_COLOUR ( '', #7405 ) ;
#7134 = DIRECTION ( 'NONE',  ( 0.0000000000000000000, 0.0000000000000000000, 1.000000000000000000 ) ) ;
#7135 = PRESENTATION_STYLE_ASSIGNMENT (( #59 ) ) ;
#7136 = CARTESIAN_POINT ( 'NONE',  ( -0.2197758498263108762, -0.05448016030695401052, 0.2484999999999999154 ) ) ;
#7137 = CARTESIAN_POINT ( 'NONE',  ( -0.1110000000000000014, 0.05600000000000000810, -0.2795000000000000262 ) ) ;
#7138 = CIRCLE ( 'NONE', #9564, 0.1200000000000000233 ) ;
#7139 = EDGE_LOOP ( 'NONE', ( #7857, #4941, #4265, #967 ) ) ;
#7140 = ADVANCED_FACE ( 'NONE', ( #5350 ), #1922, .T. ) ;
#7141 = DIRECTION ( 'NONE',  ( -0.0000000000000000000, -0.0000000000000000000, 1.000000000000000000 ) ) ;
#7143 = FACE_OUTER_BOUND ( 'NONE', #4262, .T. ) ;
#7142 = AXIS2_PLACEMENT_3D ( 'NONE', #9248, #5323, #573 ) ;
#7144 = DIRECTION ( 'NONE',  ( -1.000000000000000000, 0.0000000000000000000, 0.0000000000000000000 ) ) ;
#7145 = EDGE_CURVE ( 'NONE', #2352, #9625, #8660, .T. ) ;
#7146 = EDGE_CURVE ( 'NONE', #6890, #6510, #9390, .T. ) ;
#7148 = ORIENTED_EDGE ( 'NONE', *, *, #3275, .T. ) ;
#7147 = SURFACE_STYLE_FILL_AREA ( #9303 ) ;
#7149 = CARTESIAN_POINT ( 'NONE',  ( 0.08700000000000004952, 0.05599999999999999423, -0.2795000000000000262 ) ) ;
#7150 = CYLINDRICAL_SURFACE ( 'NONE', #4760, 0.01949999999999988895 ) ;
#7151 = CARTESIAN_POINT ( 'NONE',  ( 0.3483241743021139869, -0.09981074487337049383, -0.1494999999999999940 ) ) ;
#7152 = CARTESIAN_POINT ( 'NONE',  ( 0.2520824406929609296, 0.08050000000000007150, 0.2505000000000000004 ) ) ;
#7153 = ORIENTED_EDGE ( 'NONE', *, *, #9154, .T. ) ;
#7154 = VERTEX_POINT ( 'NONE', #7470 ) ;
#7155 = CARTESIAN_POINT ( 'NONE',  ( 0.1315000000000000613, -0.05600000000000000810, -0.2013975032409335841 ) ) ;
#7156 = CIRCLE ( 'NONE', #1805, 0.06000000000000004635 ) ;
#7157 = CARTESIAN_POINT ( 'NONE',  ( 0.2358518738605814291, 0.1033376237329804437, 0.2505000000000000004 ) ) ;
#7158 = CIRCLE ( 'NONE', #7897, 0.02000000000000000042 ) ;
#7159 = ORIENTED_EDGE ( 'NONE', *, *, #7868, .F. ) ;
#7160 = DIRECTION ( 'NONE',  ( -0.0000000000000000000, -0.0000000000000000000, -1.000000000000000000 ) ) ;
#7161 =( LENGTH_UNIT ( ) NAMED_UNIT ( * ) SI_UNIT ( $, .METRE. ) );
#7162 =( GEOMETRIC_REPRESENTATION_CONTEXT ( 3 ) GLOBAL_UNCERTAINTY_ASSIGNED_CONTEXT ( ( #9637 ) ) GLOBAL_UNIT_ASSIGNED_CONTEXT ( ( #6385, #5663, #6350 ) ) REPRESENTATION_CONTEXT ( 'NONE', 'WORKASPACE' ) );
#7163 = MECHANICAL_DESIGN_GEOMETRIC_PRESENTATION_REPRESENTATION (  '', ( #2106 ), #6851 ) ;
#7164 = STYLED_ITEM ( 'NONE', ( #6133 ), #9286 ) ;
#7165 = ORIENTED_EDGE ( 'NONE', *, *, #833, .F. ) ;
#7166 = CARTESIAN_POINT ( 'NONE',  ( -0.2223383535309143844, -0.08573715522084403295, 0.2505000000000001670 ) ) ;
#7167 = ORIENTED_EDGE ( 'NONE', *, *, #3332, .F. ) ;
#7168 = CARTESIAN_POINT ( 'NONE',  ( -0.2311437884785405295, -0.06960581539229010462, 0.2484999999999999709 ) ) ;
#7169 = DIRECTION ( 'NONE',  ( -1.000000000000000000, 0.0000000000000000000, 0.0000000000000000000 ) ) ;
#7170 = DIRECTION ( 'NONE',  ( 1.000000000000000000, 0.0000000000000000000, 0.0000000000000000000 ) ) ;
#7171 = PLANE ( 'NONE',  #4328 ) ;
#7172 =( LENGTH_UNIT ( ) NAMED_UNIT ( * ) SI_UNIT ( $, .METRE. ) );
#7173 = UNCERTAINTY_MEASURE_WITH_UNIT (LENGTH_MEASURE( 1.000000000000000082E-05 ), #5178, 'distance_accuracy_value', 'NONE');
#7174 = DIMENSIONAL_EXPONENTS ( 1.000000000000000000, 0.0000000000000000000, 0.0000000000000000000, 0.0000000000000000000, 0.0000000000000000000, 0.0000000000000000000, 0.0000000000000000000 ) ;
#7175 = PRESENTATION_STYLE_ASSIGNMENT (( #4920 ) ) ;
#7176 = ORIENTED_EDGE ( 'NONE', *, *, #2479, .F. ) ;
#7177 = DIRECTION ( 'NONE',  ( 0.9848077530122080203, 0.1736481776669309418, 0.0000000000000000000 ) ) ;
#7178 = CARTESIAN_POINT ( 'NONE',  ( 0.5480000000000000426, 6.858022075225184345E-18, 0.01949999999999999997 ) ) ;
#7179 = CARTESIAN_POINT ( 'NONE',  ( -0.2131470752329127638, -0.05253106872786893894, 0.2485000000000000264 ) ) ;
#7180 = CARTESIAN_POINT ( 'NONE',  ( -0.2240745407376016352, -0.07927308353931075691, 0.2505000000000000004 ) ) ;
#7181 =( GEOMETRIC_REPRESENTATION_CONTEXT ( 3 ) GLOBAL_UNCERTAINTY_ASSIGNED_CONTEXT ( ( #9472 ) ) GLOBAL_UNIT_ASSIGNED_CONTEXT ( ( #9958, #6060, #2180 ) ) REPRESENTATION_CONTEXT ( 'NONE', 'WORKASPACE' ) );
#7182 = FACE_OUTER_BOUND ( 'NONE', #9566, .T. ) ;
#7183 = CARTESIAN_POINT ( 'NONE',  ( -0.3089318641816256594, -0.09286481776669318344, -0.1694999999999999840 ) ) ;
#7184 = AXIS2_PLACEMENT_3D ( 'NONE', #9204, #8358, #501 ) ;
#7185 = CYLINDRICAL_SURFACE ( 'NONE', #3841, 0.05999999999999997696 ) ;
#7186 = DIRECTION ( 'NONE',  ( -1.000000000000000000, 0.0000000000000000000, 0.0000000000000000000 ) ) ;
#7187 = LINE ( 'NONE', #7859, #4720 ) ;
#7188 = PRESENTATION_STYLE_ASSIGNMENT (( #3286 ) ) ;
#7189 = VERTEX_POINT ( 'NONE', #4967 ) ;
#7190 = FILL_AREA_STYLE_COLOUR ( '', #4521 ) ;
#7191 = CARTESIAN_POINT ( 'NONE',  ( -0.2266593723228483848, -0.07865847088696716061, 0.2485000000000000542 ) ) ;
#7192 = CARTESIAN_POINT ( 'NONE',  ( 0.1615000000000000047, -0.05600000000000000810, -0.3395000000000000240 ) ) ;
#7193 = DIRECTION ( 'NONE',  ( 1.000000000000000000, 0.0000000000000000000, 0.0000000000000000000 ) ) ;
#7194 = VECTOR ( 'NONE', #6985, 39.37007874015748143 ) ;
#7195 = CARTESIAN_POINT ( 'NONE',  ( -0.2201318921480915347, -0.05397438503596035247, 0.2484999999999999987 ) ) ;
#7196 = SURFACE_SIDE_STYLE ('',( #6853 ) ) ;
#7197 = DIRECTION ( 'NONE',  ( 0.0000000000000000000, 0.0000000000000000000, -1.000000000000000000 ) ) ;
#7198 = SURFACE_STYLE_FILL_AREA ( #1808 ) ;
#7199 =( GEOMETRIC_REPRESENTATION_CONTEXT ( 3 ) GLOBAL_UNCERTAINTY_ASSIGNED_CONTEXT ( ( #8113 ) ) GLOBAL_UNIT_ASSIGNED_CONTEXT ( ( #7234, #8115, #4154 ) ) REPRESENTATION_CONTEXT ( 'NONE', 'WORKASPACE' ) );
#7201 = ADVANCED_FACE ( 'NONE', ( #4481 ), #8772, .T. ) ;
#7200 = VECTOR ( 'NONE', #2215, 39.37007874015748143 ) ;
#7202 = EDGE_CURVE ( 'NONE', #6187, #4570, #4137, .T. ) ;
#7203 = CARTESIAN_POINT ( 'NONE',  ( -0.2193920883913222930, -0.06145915260545121300, 0.2485000000000000819 ) ) ;
#7204 = VERTEX_POINT ( 'NONE', #3623 ) ;
#7205 = CARTESIAN_POINT ( 'NONE',  ( 0.2609115348192674322, 0.09550000000000004319, 0.2504999999999999449 ) ) ;
#7206 = FACE_OUTER_BOUND ( 'NONE', #3945, .T. ) ;
#7207 = CARTESIAN_POINT ( 'NONE',  ( -0.2234710112242444258, -0.07078606490898620152, 0.2485000000000000264 ) ) ;
#7208 = CARTESIAN_POINT ( 'NONE',  ( -0.2110199643843211348, -0.06529322254148302307, 0.2505000000000000004 ) ) ;
#7209 = SURFACE_STYLE_FILL_AREA ( #3246 ) ;
#7210 = EDGE_LOOP ( 'NONE', ( #8018, #3051 ) ) ;
#7211 = AXIS2_PLACEMENT_3D ( 'NONE', #944, #93, #4138 ) ;
#7212 = EDGE_CURVE ( 'NONE', #1322, #3890, #2046, .T. ) ;
#7213 = EDGE_CURVE ( 'NONE', #5941, #6148, #6467, .T. ) ;
#7214 = CARTESIAN_POINT ( 'NONE',  ( 0.2344521488927472919, 0.1105752036591881177, 0.2505000000000000004 ) ) ;
#7215 = SURFACE_STYLE_FILL_AREA ( #107 ) ;
#7216 = ORIENTED_EDGE ( 'NONE', *, *, #1806, .T. ) ;
#7217 =( LENGTH_UNIT ( ) NAMED_UNIT ( * ) SI_UNIT ( $, .METRE. ) );
#7218 =( NAMED_UNIT ( * ) PLANE_ANGLE_UNIT ( ) SI_UNIT ( $, .RADIAN. ) );
#7219 = SURFACE_STYLE_USAGE ( .BOTH. , #7861 ) ;
#7220 = CARTESIAN_POINT ( 'NONE',  ( -0.2364283260963937761, -0.07546953067616517241, 0.2505000000000000004 ) ) ;
#7221 = SURFACE_SIDE_STYLE ('',( #4340 ) ) ;
#7222 = SURFACE_SIDE_STYLE ('',( #8239 ) ) ;
#7223 = LENGTH_MEASURE_WITH_UNIT ( LENGTH_MEASURE( 0.02539999999999999897 ), #6784 );
#7224 = EDGE_LOOP ( 'NONE', ( #6055, #5455, #6156, #2769 ) ) ;
#7225 = DIRECTION ( 'NONE',  ( -0.0000000000000000000, -0.0000000000000000000, -1.000000000000000000 ) ) ;
#7226 = ORIENTED_EDGE ( 'NONE', *, *, #8770, .F. ) ;
#7227 = DIRECTION ( 'NONE',  ( -1.000000000000000000, 0.0000000000000000000, -0.0000000000000000000 ) ) ;
#7228 = DIMENSIONAL_EXPONENTS ( 1.000000000000000000, 0.0000000000000000000, 0.0000000000000000000, 0.0000000000000000000, 0.0000000000000000000, 0.0000000000000000000, 0.0000000000000000000 ) ;
#7229 = FACE_BOUND ( 'NONE', #10094, .T. ) ;
#7230 = PRESENTATION_LAYER_ASSIGNMENT (  '', '', ( #9301 ) ) ;
#7231 = PLANE ( 'NONE',  #8802 ) ;
#7232 = FILL_AREA_STYLE_COLOUR ( '', #2005 ) ;
#7233 =( LENGTH_UNIT ( ) NAMED_UNIT ( * ) SI_UNIT ( $, .METRE. ) );
#7234 =( CONVERSION_BASED_UNIT ( 'INCH', #2964 ) LENGTH_UNIT ( ) NAMED_UNIT ( #3172 ) );
#7235 = FACE_OUTER_BOUND ( 'NONE', #3658, .T. ) ;
#7236 = EDGE_LOOP ( 'NONE', ( #5882, #3880, #4835, #2395 ) ) ;
#7237 = CARTESIAN_POINT ( 'NONE',  ( -0.3199999999999998401, 0.08508110933998414005, -0.1494999999999999940 ) ) ;
#7238 = DIRECTION ( 'NONE',  ( -1.000000000000000000, 0.0000000000000000000, 0.0000000000000000000 ) ) ;
#7239 = VECTOR ( 'NONE', #1006, 39.37007874015748143 ) ;
#7240 = UNCERTAINTY_MEASURE_WITH_UNIT (LENGTH_MEASURE( 1.000000000000000082E-05 ), #5957, 'distance_accuracy_value', 'NONE');
#7241 =( LENGTH_UNIT ( ) NAMED_UNIT ( * ) SI_UNIT ( $, .METRE. ) );
#7242 = ORIENTED_EDGE ( 'NONE', *, *, #1866, .T. ) ;
#7243 = CARTESIAN_POINT ( 'NONE',  ( 0.2426188164184995277, 0.1158448755350825338, 0.2504999999999999449 ) ) ;
#7244 =( LENGTH_UNIT ( ) NAMED_UNIT ( * ) SI_UNIT ( $, .METRE. ) );
#7245 = SURFACE_SIDE_STYLE ('',( #2960 ) ) ;
#7246 = CARTESIAN_POINT ( 'NONE',  ( 0.1814999999999999669, -0.05599999999999999423, -0.2013975032409335841 ) ) ;
#7247 = DIMENSIONAL_EXPONENTS ( 1.000000000000000000, 0.0000000000000000000, 0.0000000000000000000, 0.0000000000000000000, 0.0000000000000000000, 0.0000000000000000000, 0.0000000000000000000 ) ;
#7248 = PRESENTATION_LAYER_ASSIGNMENT (  '', '', ( #9132 ) ) ;
#7249 = ORIENTED_EDGE ( 'NONE', *, *, #4511, .F. ) ;
#7250 = PRESENTATION_LAYER_ASSIGNMENT (  '', '', ( #27 ) ) ;
#7251 = MECHANICAL_DESIGN_GEOMETRIC_PRESENTATION_REPRESENTATION (  '', ( #3766 ), #6199 ) ;
#7252 = CARTESIAN_POINT ( 'NONE',  ( 0.2407266707886135670, 0.1141610335375898150, 0.2504999999999999449 ) ) ;
#7253 =( NAMED_UNIT ( * ) PLANE_ANGLE_UNIT ( ) SI_UNIT ( $, .RADIAN. ) );
#7254 = LENGTH_MEASURE_WITH_UNIT ( LENGTH_MEASURE( 0.02539999999999999897 ), #6291 );
#7255 =( LENGTH_UNIT ( ) NAMED_UNIT ( * ) SI_UNIT ( $, .METRE. ) );
#7256 = CARTESIAN_POINT ( 'NONE',  ( -0.2359194727300702454, -0.07791654446323503791, 0.2485000000000000542 ) ) ;
#7257 = FACE_OUTER_BOUND ( 'NONE', #2803, .T. ) ;
#7258 = ORIENTED_EDGE ( 'NONE', *, *, #9332, .T. ) ;
#7259 =( CONVERSION_BASED_UNIT ( 'INCH', #3594 ) LENGTH_UNIT ( ) NAMED_UNIT ( #3555 ) );
#7260 = VERTEX_POINT ( 'NONE', #3589 ) ;
#7261 = CARTESIAN_POINT ( 'NONE',  ( 0.1965000000000001190, 0.05600000000000000810, -0.03565432893255038316 ) ) ;
#7262 = COLOUR_RGB ( '',0.9294117647058823817, 0.7607843137254901578, 0.4784313725490195734 ) ;
#7263 = CARTESIAN_POINT ( 'NONE',  ( -0.2240745407376016352, -0.07927308353931075691, 0.2484999999999999987 ) ) ;
#7264 = AXIS2_PLACEMENT_3D ( 'NONE', #5774, #4339, #9794 ) ;
#7265 = EDGE_CURVE ( 'NONE', #9791, #5858, #574, .T. ) ;
#7266 = CARTESIAN_POINT ( 'NONE',  ( -0.3409115348192675032, 0.09550000000000004319, 0.01949999999999998956 ) ) ;
#7267 = LINE ( 'NONE', #1501, #631 ) ;
#7268 = CARTESIAN_POINT ( 'NONE',  ( -0.2291341174891958765, -0.05454883783410388598, 0.2505000000000000560 ) ) ;
#7269 = DIRECTION ( 'NONE',  ( 0.1736481776669321908, 0.9848077530122079093, 1.726091127955473253E-16 ) ) ;
#7271 = ORIENTED_EDGE ( 'NONE', *, *, #3348, .T. ) ;
#7270 = COLOUR_RGB ( '',0.9294117647058823817, 0.7607843137254901578, 0.4784313725490195734 ) ;
#7272 = DIRECTION ( 'NONE',  ( -1.826101600042956375E-16, 1.000000000000000000, 0.0000000000000000000 ) ) ;
#7273 =( CONVERSION_BASED_UNIT ( 'INCH', #3155 ) LENGTH_UNIT ( ) NAMED_UNIT ( #5425 ) );
#7274 = CIRCLE ( 'NONE', #1870, 0.01999999999999999695 ) ;
#7275 = CARTESIAN_POINT ( 'NONE',  ( -0.2204668229604057339, -0.06289641193096497107, 0.2484999999999999987 ) ) ;
#7276 = PRESENTATION_STYLE_ASSIGNMENT (( #4249 ) ) ;
#7277 = LENGTH_MEASURE_WITH_UNIT ( LENGTH_MEASURE( 0.02539999999999999897 ), #6911 );
#7278 =( GEOMETRIC_REPRESENTATION_CONTEXT ( 3 ) GLOBAL_UNCERTAINTY_ASSIGNED_CONTEXT ( ( #2387 ) ) GLOBAL_UNIT_ASSIGNED_CONTEXT ( ( #1997, #358, #5838 ) ) REPRESENTATION_CONTEXT ( 'NONE', 'WORKASPACE' ) );
#7279 = EDGE_CURVE ( 'Edge11', #8608, #2384, #3406, .T. ) ;
#7280 = AXIS2_PLACEMENT_3D ( 'NONE', #6903, #6934, #693 ) ;
#7281 = FILL_AREA_STYLE_COLOUR ( '', #8940 ) ;
#7282 = CARTESIAN_POINT ( 'NONE',  ( 0.2445464361460443492, 0.1182622665438445575, 0.2484999999999999709 ) ) ;
#7283 = CARTESIAN_POINT ( 'NONE',  ( -0.1110000000000000014, 0.05600000000000000810, 0.2505000000000000004 ) ) ;
#7284 = CARTESIAN_POINT ( 'NONE',  ( -0.2224647219575730805, -0.07053447299476270360, 0.2505000000000000560 ) ) ;
#7285 = CARTESIAN_POINT ( 'NONE',  ( 0.1369999999999999829, 0.05600000000000000810, -0.3395000000000000240 ) ) ;
#7286 = ORIENTED_EDGE ( 'NONE', *, *, #99, .T. ) ;
#7287 = ORIENTED_EDGE ( 'NONE', *, *, #8324, .T. ) ;
#7288 = CARTESIAN_POINT ( 'NONE',  ( -0.2328157433418785172, -0.08338900579229287235, 0.2505000000000000004 ) ) ;
#7289 = VECTOR ( 'NONE', #4094, 39.37007874015748143 ) ;
#7290 = FILL_AREA_STYLE_COLOUR ( '', #8249 ) ;
#7291 =( GEOMETRIC_REPRESENTATION_CONTEXT ( 3 ) GLOBAL_UNCERTAINTY_ASSIGNED_CONTEXT ( ( #5402 ) ) GLOBAL_UNIT_ASSIGNED_CONTEXT ( ( #3297, #2607, #183 ) ) REPRESENTATION_CONTEXT ( 'NONE', 'WORKASPACE' ) );
#7292 = VECTOR ( 'NONE', #6776, 39.37007874015748143 ) ;
#7293 = EDGE_CURVE ( 'NONE', #9765, #3960, #1299, .T. ) ;
#7294 = EDGE_CURVE ( 'NONE', #7907, #2072, #2540, .T. ) ;
#7295 = CARTESIAN_POINT ( 'NONE',  ( -0.2296873321727826989, -0.05787974965674244632, 0.2505000000000000560 ) ) ;
#7296 = ORIENTED_EDGE ( 'NONE', *, *, #203, .T. ) ;
#7297 = VERTEX_POINT ( 'NONE', #9093 ) ;
#7298 = DIRECTION ( 'NONE',  ( -1.000000000000000000, 0.0000000000000000000, 0.0000000000000000000 ) ) ;
#7299 = SURFACE_STYLE_USAGE ( .BOTH. , #2603 ) ;
#7300 = PLANE ( 'NONE',  #8092 ) ;
#7301 = DIRECTION ( 'NONE',  ( -1.000000000000000000, 7.967889981520763875E-15, 0.0000000000000000000 ) ) ;
#7302 = VERTEX_POINT ( 'NONE', #4320 ) ;
#7303 = ADVANCED_FACE ( 'NONE', ( #9370, #3150, #4733, #1657, #5236, #8900, #457, #8646, #2160, #1073 ), #4441, .T. ) ;
#7304 = ORIENTED_EDGE ( 'NONE', *, *, #1742, .T. ) ;
#7305 = CARTESIAN_POINT ( 'NONE',  ( -0.2188851578589211810, -0.05975005438566795279, 0.2504999999999999449 ) ) ;
#7306 = VECTOR ( 'NONE', #1902, 39.37007874015748143 ) ;
#7307 = ADVANCED_FACE ( 'NONE', ( #5976 ), #5729, .T. ) ;
#7308 = AXIS2_PLACEMENT_3D ( 'NONE', #6932, #6207, #10031 ) ;
#7309 = ADVANCED_BREP_SHAPE_REPRESENTATION ( 'SD9S', ( #6953, #8748 ), #4950 ) ;
#7310 = AXIS2_PLACEMENT_3D ( 'NONE', #248, #3428, #4965 ) ;
#7311 = FACE_OUTER_BOUND ( 'NONE', #6672, .T. ) ;
#7312 = SURFACE_STYLE_USAGE ( .BOTH. , #223 ) ;
#7313 = CARTESIAN_POINT ( 'NONE',  ( 0.2349701453376489280, 0.1107694300974429030, 0.2504999999999999449 ) ) ;
#7314 = DIRECTION ( 'NONE',  ( -0.0000000000000000000, -0.0000000000000000000, -1.000000000000000000 ) ) ;
#7315 = ORIENTED_EDGE ( 'NONE', *, *, #3456, .T. ) ;
#7316 = PLANE ( 'NONE',  #6116 ) ;
#7317 = CARTESIAN_POINT ( 'NONE',  ( -0.2189217000140143699, -0.06841218082544088530, 0.2505000000000000560 ) ) ;
#7318 = LINE ( 'NONE', #1480, #8282 ) ;
#7319 = CIRCLE ( 'NONE', #7899, 0.1399999999999999301 ) ;
#7320 = DIRECTION ( 'NONE',  ( -1.000000000000000000, 0.0000000000000000000, 0.0000000000000000000 ) ) ;
#7321 = DIRECTION ( 'NONE',  ( -1.000000000000000000, 0.0000000000000000000, 0.0000000000000000000 ) ) ;
#7322 = CARTESIAN_POINT ( 'NONE',  ( 0.2609115348192674322, 0.1555000000000000548, 0.2515000000000000013 ) ) ;
#7323 = CARTESIAN_POINT ( 'NONE',  ( 0.2159999999999999976, 0.05600000000000000810, 0.2505000000000000004 ) ) ;
#7324 = DIRECTION ( 'NONE',  ( -1.000000000000000000, 0.0000000000000000000, 0.0000000000000000000 ) ) ;
#7325 = STYLED_ITEM ( 'NONE', ( #5113 ), #5651 ) ;
#7326 = ORIENTED_EDGE ( 'NONE', *, *, #8636, .F. ) ;
#7327 = CARTESIAN_POINT ( 'NONE',  ( -0.2191754770714944567, -0.06093050720312638557, 0.2504999999999999449 ) ) ;
#7328 = DIRECTION ( 'NONE',  ( -0.0000000000000000000, -0.0000000000000000000, 1.000000000000000000 ) ) ;
#7329 =( GEOMETRIC_REPRESENTATION_CONTEXT ( 3 ) GLOBAL_UNCERTAINTY_ASSIGNED_CONTEXT ( ( #9740 ) ) GLOBAL_UNIT_ASSIGNED_CONTEXT ( ( #943, #1720, #5484 ) ) REPRESENTATION_CONTEXT ( 'NONE', 'WORKASPACE' ) );
#7330 = CARTESIAN_POINT ( 'NONE',  ( 0.2344521488927472919, 0.1027971337473291280, 0.2484999999999999987 ) ) ;
#7331 = VECTOR ( 'NONE', #2842, 39.37007874015748143 ) ;
#7332 = CARTESIAN_POINT ( 'NONE',  ( -0.08100000000000001643, 0.05599999999999999423, -0.2795000000000000262 ) ) ;
#7333 = CARTESIAN_POINT ( 'NONE',  ( -0.2266150559893497507, -0.05211965239702479047, 0.2505000000000001115 ) ) ;
#7334 = CARTESIAN_POINT ( 'NONE',  ( -0.02199999999999996403, 0.05599999999999999423, -0.2795000000000000262 ) ) ;
#7335 = ORIENTED_EDGE ( 'NONE', *, *, #6423, .T. ) ;
#7336 =( LENGTH_UNIT ( ) NAMED_UNIT ( * ) SI_UNIT ( $, .METRE. ) );
#7337 = CARTESIAN_POINT ( 'NONE',  ( -0.2195090675318231155, -0.07550007305500083810, 0.2484999999999999987 ) ) ;
#7338 = PRESENTATION_STYLE_ASSIGNMENT (( #1069 ) ) ;
#7339 = AXIS2_PLACEMENT_3D ( 'NONE', #1071, #4900, #3435 ) ;
#7340 = ORIENTED_EDGE ( 'NONE', *, *, #3001, .F. ) ;
#7341 = EDGE_CURVE ( 'NONE', #541, #4202, #7576, .T. ) ;
#7342 = VECTOR ( 'NONE', #1525, 39.37007874015748143 ) ;
#7343 = PRESENTATION_STYLE_ASSIGNMENT (( #10115 ) ) ;
#7344 = CARTESIAN_POINT ( 'NONE',  ( -0.02149999999999988032, 0.05600000000000000810, 0.2505000000000000004 ) ) ;
#7345 = CIRCLE ( 'NONE', #5071, 0.05600000000000002892 ) ;
#7346 = CARTESIAN_POINT ( 'NONE',  ( 0.2426188164184995277, 0.1158448755350825338, 0.2484999999999999154 ) ) ;
#7347 = SURFACE_STYLE_USAGE ( .BOTH. , #5013 ) ;
#7348 = DIRECTION ( 'NONE',  ( 1.000000000000000000, 0.0000000000000000000, 0.0000000000000000000 ) ) ;
#7349 = CARTESIAN_POINT ( 'NONE',  ( 0.5449999999999999289, 0.1870000000000001106, 0.01949999999999999997 ) ) ;
#7350 = ORIENTED_EDGE ( 'NONE', *, *, #9927, .F. ) ;
#7351 = DIRECTION ( 'NONE',  ( -0.0000000000000000000, -0.0000000000000000000, 1.000000000000000000 ) ) ;
#7352 = CIRCLE ( 'NONE', #8337, 0.05999999999999999084 ) ;
#7353 = CARTESIAN_POINT ( 'NONE',  ( -0.2202525223033318935, -0.07697401285186579456, 0.2485000000000000264 ) ) ;
#7354 = AXIS2_PLACEMENT_3D ( 'NONE', #701, #1470, #6052 ) ;
#7355 = CYLINDRICAL_SURFACE ( 'NONE', #351, 0.1200000000000000233 ) ;
#7356 = EDGE_CURVE ( 'NONE', #9847, #4226, #4610, .T. ) ;
#7357 = EDGE_CURVE ( 'NONE', #9613, #8134, #5849, .T. ) ;
#7358 = CARTESIAN_POINT ( 'NONE',  ( 0.07199999999999985578, -0.05600000000000000810, 0.01949999999999999997 ) ) ;
#7359 = ADVANCED_FACE ( 'Face6', ( #7448, #1534 ), #8461, .T. ) ;
#7360 = SURFACE_SIDE_STYLE ('',( #8750 ) ) ;
#7361 = SURFACE_STYLE_FILL_AREA ( #8945 ) ;
#7362 = CARTESIAN_POINT ( 'NONE',  ( -0.2295204988368214349, -0.08537002749999611506, 0.2504999999999999449 ) ) ;
#7363 = EDGE_LOOP ( 'NONE', ( #2421, #10018, #9385, #4398 ) ) ;
#7364 = DIMENSIONAL_EXPONENTS ( 1.000000000000000000, 0.0000000000000000000, 0.0000000000000000000, 0.0000000000000000000, 0.0000000000000000000, 0.0000000000000000000, 0.0000000000000000000 ) ;
#7365 = VECTOR ( 'NONE', #2339, 39.37007874015748143 ) ;
#7366 = DIRECTION ( 'NONE',  ( 0.0000000000000000000, 0.0000000000000000000, -1.000000000000000000 ) ) ;
#7367 = CYLINDRICAL_SURFACE ( 'NONE', #153, 0.04000000000000004940 ) ;
#7368 = CARTESIAN_POINT ( 'NONE',  ( 0.1914999999999999480, -0.05599999999999999423, -0.3395000000000000240 ) ) ;
#7369 = CARTESIAN_POINT ( 'NONE',  ( -0.2200000000000000011, 0.05600000000000000810, -0.3395000000000000240 ) ) ;
#7370 = CARTESIAN_POINT ( 'NONE',  ( -0.2281428325564714144, -0.05309663698900715656, 0.2484999999999999987 ) ) ;
#7371 = AXIS2_PLACEMENT_3D ( 'NONE', #8799, #4910, #227 ) ;
#7372 = PLANE ( 'NONE',  #3383 ) ;
#7373 = UNCERTAINTY_MEASURE_WITH_UNIT (LENGTH_MEASURE( 1.000000000000000082E-05 ), #2370, 'distance_accuracy_value', 'NONE');
#7374 = CARTESIAN_POINT ( 'NONE',  ( -0.2186757247657050152, -0.07220106897743303054, 0.2484999999999999987 ) ) ;
#7375 = AXIS2_PLACEMENT_3D ( 'NONE', #9498, #7973, #951 ) ;
#7376 = CARTESIAN_POINT ( 'NONE',  ( -0.2263533236548204708, -0.06388658998790246180, 0.2484999999999999987 ) ) ;
#7377 =( GEOMETRIC_REPRESENTATION_CONTEXT ( 3 ) GLOBAL_UNCERTAINTY_ASSIGNED_CONTEXT ( ( #1626 ) ) GLOBAL_UNIT_ASSIGNED_CONTEXT ( ( #9418, #3316, #2448 ) ) REPRESENTATION_CONTEXT ( 'NONE', 'WORKASPACE' ) );
#7378 = CARTESIAN_POINT ( 'NONE',  ( -0.2609115348192674322, 0.09550000000000004319, 0.2504999999999999449 ) ) ;
#7379 = DIRECTION ( 'NONE',  ( -0.0000000000000000000, -0.0000000000000000000, 1.000000000000000000 ) ) ;
#7380 = VECTOR ( 'NONE', #6139, 39.37007874015748143 ) ;
#7381 = ORIENTED_EDGE ( 'NONE', *, *, #2027, .T. ) ;
#7382 =( LENGTH_UNIT ( ) NAMED_UNIT ( * ) SI_UNIT ( $, .METRE. ) );
#7383 = FACE_OUTER_BOUND ( 'NONE', #3100, .T. ) ;
#7384 = CARTESIAN_POINT ( 'NONE',  ( 0.2520824406929609296, 0.1209459635416667289, 0.2484999999999999987 ) ) ;
#7385 = DIRECTION ( 'NONE',  ( -0.0000000000000000000, -0.0000000000000000000, 1.000000000000000000 ) ) ;
#7386 = CARTESIAN_POINT ( 'NONE',  ( -0.2119795348179118466, -0.07470562594050075833, 0.2485000000000000542 ) ) ;
#7387 = FACE_OUTER_BOUND ( 'NONE', #1310, .T. ) ;
#7388 = CIRCLE ( 'NONE', #1220, 0.05999999999999997696 ) ;
#7389 = STYLED_ITEM ( 'NONE', ( #705 ), #5393 ) ;
#7390 = ORIENTED_EDGE ( 'NONE', *, *, #9735, .T. ) ;
#7391 = AXIS2_PLACEMENT_3D ( 'NONE', #4273, #8266, #2768 ) ;
#7392 = DIMENSIONAL_EXPONENTS ( 1.000000000000000000, 0.0000000000000000000, 0.0000000000000000000, 0.0000000000000000000, 0.0000000000000000000, 0.0000000000000000000, 0.0000000000000000000 ) ;
#7393 = PRESENTATION_LAYER_ASSIGNMENT (  '', '', ( #8233 ) ) ;
#7394 = ORIENTED_EDGE ( 'NONE', *, *, #1895, .F. ) ;
#7395 = CARTESIAN_POINT ( 'NONE',  ( -0.1655000000000000082, -0.05600000000000000810, -0.2013975032409335841 ) ) ;
#7396 = CARTESIAN_POINT ( 'NONE',  ( 0.2459999999999999964, 0.05599999999999999423, -0.3395000000000000240 ) ) ;
#7397 = CYLINDRICAL_SURFACE ( 'NONE', #9201, 0.02000000000000000042 ) ;
#7398 = SURFACE_STYLE_USAGE ( .BOTH. , #7360 ) ;
#7399 = UNCERTAINTY_MEASURE_WITH_UNIT (LENGTH_MEASURE( 1.000000000000000082E-05 ), #8981, 'distance_accuracy_value', 'NONE');
#7400 = CARTESIAN_POINT ( 'NONE',  ( -0.2193920883913222930, -0.06145915260545121300, 0.2505000000000001115 ) ) ;
#7401 = PRESENTATION_STYLE_ASSIGNMENT (( #8899 ) ) ;
#7402 = CARTESIAN_POINT ( 'NONE',  ( -0.2290452855798737752, -0.07050478051055575346, 0.2484999999999999987 ) ) ;
#7403 = AXIS2_PLACEMENT_3D ( 'NONE', #6935, #6995, #2163 ) ;
#7404 = EDGE_CURVE ( 'NONE', #4231, #8501, #3876, .T. ) ;
#7405 = COLOUR_RGB ( '',0.9294117647058823817, 0.7607843137254901578, 0.4784313725490195734 ) ;
#7406 =( NAMED_UNIT ( * ) PLANE_ANGLE_UNIT ( ) SI_UNIT ( $, .RADIAN. ) );
#7407 = FILL_AREA_STYLE_COLOUR ( '', #8401 ) ;
#7408 = FACE_OUTER_BOUND ( 'NONE', #9235, .T. ) ;
#7409 = CARTESIAN_POINT ( 'NONE',  ( -0.2334876612941061969, -0.08267577376320169036, 0.2504999999999999449 ) ) ;
#7410 = FILL_AREA_STYLE ('',( #4356 ) ) ;
#7411 = CARTESIAN_POINT ( 'NONE',  ( -0.2202525223033318935, -0.07697401285186579456, 0.2505000000000000560 ) ) ;
#7412 = CARTESIAN_POINT ( 'NONE',  ( -0.2280092848228430780, -0.06283921235214560974, 0.2485000000000000819 ) ) ;
#7413 = EDGE_LOOP ( 'NONE', ( #7825, #1400, #357, #2379 ) ) ;
#7414 = ADVANCED_FACE ( 'NONE', ( #4977 ), #1780, .T. ) ;
#7415 = CARTESIAN_POINT ( 'NONE',  ( -0.05650000000000001549, -0.05600000000000000810, -0.2195000000000000007 ) ) ;
#7416 = FACE_OUTER_BOUND ( 'NONE', #1179, .T. ) ;
#7417 = ORIENTED_EDGE ( 'NONE', *, *, #6604, .F. ) ;
#7418 =( GEOMETRIC_REPRESENTATION_CONTEXT ( 3 ) GLOBAL_UNCERTAINTY_ASSIGNED_CONTEXT ( ( #6172 ) ) GLOBAL_UNIT_ASSIGNED_CONTEXT ( ( #3655, #1831, #6815 ) ) REPRESENTATION_CONTEXT ( 'NONE', 'WORKASPACE' ) );
#7419 = CARTESIAN_POINT ( 'NONE',  ( 0.1814999999999999669, -0.05599999999999999423, -0.2795000000000000262 ) ) ;
#7420 = CIRCLE ( 'NONE', #1263, 0.02000000000000000042 ) ;
#7421 = EDGE_CURVE ( 'NONE', #324, #5558, #1289, .T. ) ;
#7422 = EDGE_CURVE ( 'NONE', #2696, #5380, #8343, .T. ) ;
#7423 = CARTESIAN_POINT ( 'NONE',  ( -0.3790884651807323591, 0.07466221867996829242, -0.1494999999999999940 ) ) ;
#7424 = VERTEX_POINT ( 'NONE', #1313 ) ;
#7425 =( NAMED_UNIT ( * ) PLANE_ANGLE_UNIT ( ) SI_UNIT ( $, .RADIAN. ) );
#7426 = DIRECTION ( 'NONE',  ( 0.0000000000000000000, 0.0000000000000000000, 1.000000000000000000 ) ) ;
#7427 = DIRECTION ( 'NONE',  ( -1.000000000000000000, 0.0000000000000000000, 0.0000000000000000000 ) ) ;
#7428 = CARTESIAN_POINT ( 'NONE',  ( 0.2454950506227662754, 0.1200156519591450005, 0.2505000000000000560 ) ) ;
#7429 = ORIENTED_EDGE ( 'NONE', *, *, #390, .F. ) ;
#7430 = EDGE_LOOP ( 'NONE', ( #1550, #590, #2097, #6216 ) ) ;
#7431 = CARTESIAN_POINT ( 'NONE',  ( 0.2359999999999999598, 0.05599999999999999423, -0.2795000000000000262 ) ) ;
#7432 = UNCERTAINTY_MEASURE_WITH_UNIT (LENGTH_MEASURE( 1.000000000000000082E-05 ), #6719, 'distance_accuracy_value', 'NONE');
#7433 = DIRECTION ( 'NONE',  ( -0.0000000000000000000, -0.0000000000000000000, 1.000000000000000000 ) ) ;
#7434 = STYLED_ITEM ( 'NONE', ( #8119 ), #8867 ) ;
#7435 = PRESENTATION_LAYER_ASSIGNMENT (  '', '', ( #8454 ) ) ;
#7436 = CARTESIAN_POINT ( 'NONE',  ( 0.2609115348192674322, 0.1555000000000000548, -0.1494999999999999940 ) ) ;
#7437 = TOROIDAL_SURFACE ( 'NONE', #7105, 0.09999999999999999167, 0.02000000000000000042 ) ;
#7438 = ORIENTED_EDGE ( 'NONE', *, *, #1963, .T. ) ;
#7439 = VERTEX_POINT ( 'NONE', #4639 ) ;
#7440 = SURFACE_SIDE_STYLE ('',( #8794 ) ) ;
#7441 = CARTESIAN_POINT ( 'NONE',  ( 0.2393239132943598135, 0.1131111000693389851, 0.2485000000000000819 ) ) ;
#7442 =( NAMED_UNIT ( * ) PLANE_ANGLE_UNIT ( ) SI_UNIT ( $, .RADIAN. ) );
#7443 = CARTESIAN_POINT ( 'NONE',  ( -0.2198576046473258438, -0.07630794426412908227, 0.2484999999999999987 ) ) ;
#7444 = DIRECTION ( 'NONE',  ( -1.000000000000000000, 0.0000000000000000000, 0.0000000000000000000 ) ) ;
#7445 = LINE ( 'NONE', #3188, #2207 ) ;
#7446 = EDGE_LOOP ( 'NONE', ( #3372, #5824, #3408, #1003 ) ) ;
#7447 = UNCERTAINTY_MEASURE_WITH_UNIT (LENGTH_MEASURE( 1.000000000000000082E-05 ), #3108, 'distance_accuracy_value', 'NONE');
#7448 = FACE_OUTER_BOUND ( 'NONE', #4100, .T. ) ;
#7449 = LENGTH_MEASURE_WITH_UNIT ( LENGTH_MEASURE( 0.02539999999999999897 ), #7599 );
#7450 = CARTESIAN_POINT ( 'NONE',  ( -0.2200000000000000011, 0.05600000000000000810, -0.3395000000000000240 ) ) ;
#7451 = DIRECTION ( 'NONE',  ( 0.0000000000000000000, 0.0000000000000000000, 1.000000000000000000 ) ) ;
#7452 =( GEOMETRIC_REPRESENTATION_CONTEXT ( 3 ) GLOBAL_UNCERTAINTY_ASSIGNED_CONTEXT ( ( #6615 ) ) GLOBAL_UNIT_ASSIGNED_CONTEXT ( ( #7026, #2363, #3119 ) ) REPRESENTATION_CONTEXT ( 'NONE', 'WORKASPACE' ) );
#7453 = AXIS2_PLACEMENT_3D ( 'NONE', #8785, #1516, #4894 ) ;
#7454 = LENGTH_MEASURE_WITH_UNIT ( LENGTH_MEASURE( 0.02539999999999999897 ), #8436 );
#7455 = MECHANICAL_DESIGN_GEOMETRIC_PRESENTATION_REPRESENTATION (  '', ( #6535 ), #8610 ) ;
#7456 = CARTESIAN_POINT ( 'NONE',  ( -0.05650000000000001549, -0.05600000000000000810, -0.2195000000000000007 ) ) ;
#7457 = PLANE ( 'NONE',  #8076 ) ;
#7458 = CARTESIAN_POINT ( 'NONE',  ( -0.4359999999999999432, 6.858022075225185886E-18, 0.01949999999999999997 ) ) ;
#7459 = DIRECTION ( 'NONE',  ( -0.9848077530122079093, 0.1736481776669315524, 0.0000000000000000000 ) ) ;
#7460 =( CONVERSION_BASED_UNIT ( 'INCH', #9354 ) LENGTH_UNIT ( ) NAMED_UNIT ( #5155 ) );
#7461 = AXIS2_PLACEMENT_3D ( 'NONE', #5479, #6351, #4665 ) ;
#7462 = EDGE_CURVE ( 'NONE', #5181, #4098, #3907, .T. ) ;
#7463 = VERTEX_POINT ( 'NONE', #8534 ) ;
#7464 = DIRECTION ( 'NONE',  ( -0.0000000000000000000, -0.0000000000000000000, -1.000000000000000000 ) ) ;
#7465 = DIMENSIONAL_EXPONENTS ( 1.000000000000000000, 0.0000000000000000000, 0.0000000000000000000, 0.0000000000000000000, 0.0000000000000000000, 0.0000000000000000000, 0.0000000000000000000 ) ;
#7466 =( GEOMETRIC_REPRESENTATION_CONTEXT ( 3 ) GLOBAL_UNCERTAINTY_ASSIGNED_CONTEXT ( ( #8935 ) ) GLOBAL_UNIT_ASSIGNED_CONTEXT ( ( #8105, #7024, #4375 ) ) REPRESENTATION_CONTEXT ( 'NONE', 'WORKASPACE' ) );
#7467 = ORIENTED_EDGE ( 'NONE', *, *, #9825, .F. ) ;
#7468 = ORIENTED_EDGE ( 'NONE', *, *, #3612, .T. ) ;
#7469 = FILL_AREA_STYLE_COLOUR ( '', #8071 ) ;
#7470 = CARTESIAN_POINT ( 'NONE',  ( 0.2104510888804048407, -0.2154999999999999971, -0.1494999999999999940 ) ) ;
#7471 = CIRCLE ( 'NONE', #7308, 0.02000000000000000042 ) ;
#7472 = SURFACE_SIDE_STYLE ('',( #8774 ) ) ;
#7473 = CARTESIAN_POINT ( 'NONE',  ( -0.5480000000000000426, 0.0000000000000000000, -0.01949999999999999997 ) ) ;
#7474 = CARTESIAN_POINT ( 'NONE',  ( -0.2206888177945607599, -0.07751621257107375873, 0.2485000000000000264 ) ) ;
#7475 = MECHANICAL_DESIGN_GEOMETRIC_PRESENTATION_REPRESENTATION (  '', ( #4495 ), #4635 ) ;
#7476 = EDGE_CURVE ( 'NONE', #1517, #8153, #2040, .T. ) ;
#7477 = PRESENTATION_LAYER_ASSIGNMENT (  '', '', ( #1613 ) ) ;
#7478 = FILL_AREA_STYLE ('',( #8223 ) ) ;
#7479 = CARTESIAN_POINT ( 'NONE',  ( -0.2394999999999999074, 0.05600000000000000810, -0.03565432893255038316 ) ) ;
#7480 = VECTOR ( 'NONE', #7581, 39.37007874015748143 ) ;
#7481 = ORIENTED_EDGE ( 'NONE', *, *, #7546, .F. ) ;
#7482 = VECTOR ( 'NONE', #6425, 39.37007874015748143 ) ;
#7483 = CARTESIAN_POINT ( 'NONE',  ( -0.3396961550602440316, 0.08160814578664551955, -0.1494999999999999940 ) ) ;
#7484 = VERTEX_POINT ( 'NONE', #20 ) ;
#7485 = DIRECTION ( 'NONE',  ( -0.0000000000000000000, 0.0000000000000000000, -1.000000000000000000 ) ) ;
#7486 =( LENGTH_UNIT ( ) NAMED_UNIT ( * ) SI_UNIT ( $, .METRE. ) );
#7487 = DIMENSIONAL_EXPONENTS ( 1.000000000000000000, 0.0000000000000000000, 0.0000000000000000000, 0.0000000000000000000, 0.0000000000000000000, 0.0000000000000000000, 0.0000000000000000000 ) ;
#7488 = AXIS2_PLACEMENT_3D ( 'NONE', #2712, #9030, #6617 ) ;
#7489 = EDGE_CURVE ( 'NONE', #2700, #4861, #9252, .T. ) ;
#7490 = EDGE_CURVE ( 'Edge8', #9534, #9305, #6826, .T. ) ;
#7491 = DIRECTION ( 'NONE',  ( -1.000000000000000000, 0.0000000000000000000, 0.0000000000000000000 ) ) ;
#7492 = DIRECTION ( 'NONE',  ( -0.0000000000000000000, -0.0000000000000000000, -1.000000000000000000 ) ) ;
#7493 = DIRECTION ( 'NONE',  ( -0.9848077530122080203, -0.1736481776669305255, 0.0000000000000000000 ) ) ;
#7494 = ORIENTED_EDGE ( 'NONE', *, *, #1553, .T. ) ;
#7495 = UNCERTAINTY_MEASURE_WITH_UNIT (LENGTH_MEASURE( 1.000000000000000082E-05 ), #5022, 'distance_accuracy_value', 'NONE');
#7496 = SURFACE_STYLE_FILL_AREA ( #6796 ) ;
#7497 = SURFACE_STYLE_FILL_AREA ( #3957 ) ;
#7498 = CARTESIAN_POINT ( 'NONE',  ( -0.2245626234801127163, -0.07926390809139582938, 0.2484999999999999987 ) ) ;
#7499 = FACE_OUTER_BOUND ( 'NONE', #9219, .T. ) ;
#7500 = CARTESIAN_POINT ( 'NONE',  ( -0.2609115348192674322, 0.09550000000000004319, 0.2515000000000000013 ) ) ;
#7501 = SURFACE_STYLE_USAGE ( .BOTH. , #7472 ) ;
#7502 = EDGE_LOOP ( 'NONE', ( #4581, #1810, #4486, #4810 ) ) ;
#7503 = FILL_AREA_STYLE_COLOUR ( '', #5798 ) ;
#7504 = MECHANICAL_DESIGN_GEOMETRIC_PRESENTATION_REPRESENTATION (  '', ( #6977 ), #1070 ) ;
#7505 = EDGE_LOOP ( 'NONE', ( #5549, #5640, #9693, #3851, #5959, #3061 ) ) ;
#7506 = ORIENTED_EDGE ( 'NONE', *, *, #7122, .F. ) ;
#7507 = STYLED_ITEM ( 'NONE', ( #2349 ), #9071 ) ;
#7508 = CARTESIAN_POINT ( 'NONE',  ( -0.2372587822416878656, -0.05541823819278892532, 0.2484999999999999987 ) ) ;
#7509 = FACE_OUTER_BOUND ( 'NONE', #5087, .T. ) ;
#7510 = EDGE_LOOP ( 'NONE', ( #1828, #1032, #1881, #8053 ) ) ;
#7512 = VERTEX_POINT ( 'NONE', #1546 ) ;
#7511 = COLOUR_RGB ( '',1.000000000000000000, 1.000000000000000000, 0.0000000000000000000 ) ;
#7513 = CARTESIAN_POINT ( 'NONE',  ( -0.2609115348192674322, 0.1755000000000000726, -0.1694999999999999840 ) ) ;
#7514 = VERTEX_POINT ( 'NONE', #1580 ) ;
#7515 = CARTESIAN_POINT ( 'NONE',  ( 0.6049999999999998712, -0.1869999999999998330, 0.01949999999999999997 ) ) ;
#7516 = DIRECTION ( 'NONE',  ( 1.000000000000000000, -0.0000000000000000000, -0.0000000000000000000 ) ) ;
#7517 = SURFACE_STYLE_USAGE ( .BOTH. , #3607 ) ;
#7518 = DIRECTION ( 'NONE',  ( -0.0000000000000000000, -0.0000000000000000000, 1.000000000000000000 ) ) ;
#7519 = DIRECTION ( 'NONE',  ( 0.0000000000000000000, 0.0000000000000000000, -1.000000000000000000 ) ) ;
#7520 = LINE ( 'NONE', #8704, #649 ) ;
#7521 =( GEOMETRIC_REPRESENTATION_CONTEXT ( 3 ) GLOBAL_UNCERTAINTY_ASSIGNED_CONTEXT ( ( #9161 ) ) GLOBAL_UNIT_ASSIGNED_CONTEXT ( ( #3580, #1246, #2041 ) ) REPRESENTATION_CONTEXT ( 'NONE', 'WORKASPACE' ) );
#7522 = EDGE_CURVE ( 'NONE', #2487, #4216, #213, .T. ) ;
#7523 = ORIENTED_EDGE ( 'NONE', *, *, #5192, .T. ) ;
#7524 = UNCERTAINTY_MEASURE_WITH_UNIT (LENGTH_MEASURE( 1.000000000000000082E-05 ), #7716, 'distance_accuracy_value', 'NONE');
#7525 = LINE ( 'NONE', #7931, #1869 ) ;
#7526 = FACE_OUTER_BOUND ( 'NONE', #7139, .T. ) ;
#7527 = AXIS2_PLACEMENT_3D ( 'NONE', #8210, #1189, #8172 ) ;
#7528 = ORIENTED_EDGE ( 'NONE', *, *, #2865, .T. ) ;
#7529 = CARTESIAN_POINT ( 'NONE',  ( 0.0000000000000000000, 0.0000000000000000000, 0.0000000000000000000 ) ) ;
#7530 = CARTESIAN_POINT ( 'NONE',  ( -0.2104510888804048685, -0.07550000000000001155, -0.1494999999999999940 ) ) ;
#7531 = DIRECTION ( 'NONE',  ( -0.0000000000000000000, -0.0000000000000000000, 1.000000000000000000 ) ) ;
#7532 = CYLINDRICAL_SURFACE ( 'NONE', #6770, 0.02999999999999997113 ) ;
#7533 = EDGE_LOOP ( 'NONE', ( #5991, #6801, #8319, #659 ) ) ;
#7534 = MECHANICAL_DESIGN_GEOMETRIC_PRESENTATION_REPRESENTATION (  '', ( #4901 ), #3853 ) ;
#7535 = EDGE_CURVE ( 'NONE', #9847, #9006, #7187, .T. ) ;
#7536 = DIRECTION ( 'NONE',  ( -1.000000000000000000, 0.0000000000000000000, 0.0000000000000000000 ) ) ;
#7537 = CARTESIAN_POINT ( 'NONE',  ( 0.1960000000000000353, 0.05599999999999999423, -0.2795000000000000262 ) ) ;
#7538 = SURFACE_STYLE_FILL_AREA ( #1607 ) ;
#7539 = CARTESIAN_POINT ( 'NONE',  ( -0.2609115348192674322, 0.1755000000000000449, 0.03949999999999997957 ) ) ;
#7540 = DIMENSIONAL_EXPONENTS ( 1.000000000000000000, 0.0000000000000000000, 0.0000000000000000000, 0.0000000000000000000, 0.0000000000000000000, 0.0000000000000000000, 0.0000000000000000000 ) ;
#7541 = LENGTH_MEASURE_WITH_UNIT ( LENGTH_MEASURE( 0.02539999999999999897 ), #3877 );
#7542 = ORIENTED_EDGE ( 'NONE', *, *, #2953, .F. ) ;
#7543 = CYLINDRICAL_SURFACE ( 'NONE', #10034, 0.02000000000000000042 ) ;
#7544 = MECHANICAL_DESIGN_GEOMETRIC_PRESENTATION_REPRESENTATION (  '', ( #5915 ), #1184 ) ;
#7545 = CARTESIAN_POINT ( 'NONE',  ( -0.08100000000000001643, 0.05599999999999999423, -0.2795000000000000262 ) ) ;
#7546 = EDGE_CURVE ( 'NONE', #848, #6621, #6707, .T. ) ;
#7547 = EDGE_CURVE ( 'NONE', #3524, #568, #3273, .T. ) ;
#7548 = LINE ( 'NONE', #2620, #8273 ) ;
#7549 = DIRECTION ( 'NONE',  ( 0.0000000000000000000, 0.0000000000000000000, -1.000000000000000000 ) ) ;
#7550 = SURFACE_SIDE_STYLE ('',( #6817 ) ) ;
#7551 = ORIENTED_EDGE ( 'NONE', *, *, #6893, .T. ) ;
#7552 = DIRECTION ( 'NONE',  ( -0.0000000000000000000, -0.0000000000000000000, 1.000000000000000000 ) ) ;
#7553 = DIRECTION ( 'NONE',  ( -1.000000000000000000, 0.0000000000000000000, 0.0000000000000000000 ) ) ;
#7554 =( CONVERSION_BASED_UNIT ( 'INCH', #6686 ) LENGTH_UNIT ( ) NAMED_UNIT ( #7944 ) );
#7555 = EDGE_LOOP ( 'NONE', ( #4325, #215 ) ) ;
#7556 = UNCERTAINTY_MEASURE_WITH_UNIT (LENGTH_MEASURE( 1.000000000000000082E-05 ), #3476, 'distance_accuracy_value', 'NONE');
#7557 = FACE_OUTER_BOUND ( 'NONE', #2181, .T. ) ;
#7558 = DIRECTION ( 'NONE',  ( 0.0000000000000000000, 0.0000000000000000000, 1.000000000000000000 ) ) ;
#7559 = CARTESIAN_POINT ( 'NONE',  ( -0.5450000000000000400, -0.1869999999999998330, 0.01949999999999999997 ) ) ;
#7560 = DIRECTION ( 'NONE',  ( -1.000000000000000000, 0.0000000000000000000, 0.0000000000000000000 ) ) ;
#7561 = ORIENTED_EDGE ( 'NONE', *, *, #4837, .F. ) ;
#7562 = CARTESIAN_POINT ( 'NONE',  ( 0.2892357091213815234, -0.08939185421335456294, 0.2515000000000000013 ) ) ;
#7563 =( GEOMETRIC_REPRESENTATION_CONTEXT ( 3 ) GLOBAL_UNCERTAINTY_ASSIGNED_CONTEXT ( ( #1287 ) ) GLOBAL_UNIT_ASSIGNED_CONTEXT ( ( #3217, #4822, #3181 ) ) REPRESENTATION_CONTEXT ( 'NONE', 'WORKASPACE' ) );
#7564 = CYLINDRICAL_SURFACE ( 'NONE', #1453, 0.01999999999999995878 ) ;
#7565 = CARTESIAN_POINT ( 'NONE',  ( -0.2259427380307153788, -0.07902595171121595818, 0.2484999999999999987 ) ) ;
#7566 = CARTESIAN_POINT ( 'NONE',  ( -0.02199999999999996403, 0.05599999999999999423, -0.2795000000000000262 ) ) ;
#7567 = FILL_AREA_STYLE ('',( #6721 ) ) ;
#7568 = EDGE_LOOP ( 'NONE', ( #8925, #672, #2083, #8863 ) ) ;
#7569 = CARTESIAN_POINT ( 'NONE',  ( -0.2360873406534024777, -0.05170774251347842049, 0.2484999999999999987 ) ) ;
#7570 = FACE_OUTER_BOUND ( 'NONE', #8934, .T. ) ;
#7571 = ORIENTED_EDGE ( 'NONE', *, *, #7279, .F. ) ;
#7572 = UNCERTAINTY_MEASURE_WITH_UNIT (LENGTH_MEASURE( 1.000000000000000082E-05 ), #6274, 'distance_accuracy_value', 'NONE');
#7573 = AXIS2_PLACEMENT_3D ( 'NONE', #9709, #4256, #2643 ) ;
#7574 = MECHANICAL_DESIGN_GEOMETRIC_PRESENTATION_REPRESENTATION (  '', ( #9853 ), #1790 ) ;
#7575 = VERTEX_POINT ( 'NONE', #6326 ) ;
#7576 = B_SPLINE_CURVE_WITH_KNOTS ( 'NONE', 3,
 ( #4499, #576, #7661, #7721, #7597, #637, #3034, #1445, #9147, #1378, #6125, #544, #6159, #1412, #5296, #5330, #609, #6950, #2146 ),
 .UNSPECIFIED., .F., .F.,
 ( 4, 1, 1, 1, 1, 1, 1, 1, 1, 1, 1, 1, 1, 1, 1, 1, 4 ),
 ( 0.0000000000000000000, 0.06604218868324747416, 0.1295778492903639223, 0.1906389490435834722, 0.2496406897267335889, 0.3069233147321072108, 0.3634138554911024999, 0.4201891275842972173, 0.4768918382378994902, 0.5343976327958666062, 0.5933314940605733945, 0.6539640631941074922, 0.7166316030423103278, 0.7824465528426792771, 0.8512634545319289758, 0.9236441324383487528, 1.000000000000000000 ),
 .UNSPECIFIED. ) ;
#7577 =( LENGTH_UNIT ( ) NAMED_UNIT ( * ) SI_UNIT ( $, .METRE. ) );
#7578 = AXIS2_PLACEMENT_3D ( 'NONE', #4676, #1415, #8570 ) ;
#7579 = DIRECTION ( 'NONE',  ( 0.0000000000000000000, 0.0000000000000000000, -1.000000000000000000 ) ) ;
#7580 = CARTESIAN_POINT ( 'NONE',  ( -0.2278093944928561432, -0.07748199574986569527, 0.2505000000000001115 ) ) ;
#7581 = DIRECTION ( 'NONE',  ( 1.000000000000000000, -0.0000000000000000000, -0.0000000000000000000 ) ) ;
#7582 = VERTEX_POINT ( 'NONE', #5389 ) ;
#7583 =( CONVERSION_BASED_UNIT ( 'INCH', #5530 ) LENGTH_UNIT ( ) NAMED_UNIT ( #5688 ) );
#7584 = CARTESIAN_POINT ( 'NONE',  ( -0.07649999999999997080, -0.05599999999999999423, -0.3395000000000000240 ) ) ;
#7585 = FILL_AREA_STYLE ('',( #9918 ) ) ;
#7586 = CYLINDRICAL_SURFACE ( 'NONE', #5581, 0.01949999999999988895 ) ;
#7587 = DIRECTION ( 'NONE',  ( -0.0000000000000000000, -0.0000000000000000000, -1.000000000000000000 ) ) ;
#7588 = PRESENTATION_LAYER_ASSIGNMENT (  '', '', ( #2137 ) ) ;
#7589 = ORIENTED_EDGE ( 'NONE', *, *, #4190, .F. ) ;
#7590 = EDGE_CURVE ( 'NONE', #68, #3788, #2281, .T. ) ;
#7591 = CARTESIAN_POINT ( 'NONE',  ( -0.3987846202409765506, 0.07118925512662967192, -0.03950000000000000039 ) ) ;
#7592 = VECTOR ( 'NONE', #5121, 39.37007874015748143 ) ;
#7593 = ORIENTED_EDGE ( 'NONE', *, *, #4826, .T. ) ;
#7594 = CIRCLE ( 'NONE', #8394, 0.01999999999999995878 ) ;
#7595 = EDGE_LOOP ( 'NONE', ( #8387, #3831, #1375, #7823 ) ) ;
#7596 =( LENGTH_UNIT ( ) NAMED_UNIT ( * ) SI_UNIT ( $, .METRE. ) );
#7597 = CARTESIAN_POINT ( 'NONE',  ( -0.2285619520276037098, -0.08566407675854721682, 0.2485000000000000542 ) ) ;
#7598 = ORIENTED_EDGE ( 'NONE', *, *, #1464, .T. ) ;
#7599 =( LENGTH_UNIT ( ) NAMED_UNIT ( * ) SI_UNIT ( $, .METRE. ) );
#7600 =( CONVERSION_BASED_UNIT ( 'INCH', #873 ) LENGTH_UNIT ( ) NAMED_UNIT ( #399 ) );
#7601 = DIRECTION ( 'NONE',  ( 0.0000000000000000000, 0.0000000000000000000, 1.000000000000000000 ) ) ;
#7602 = EDGE_CURVE ( 'NONE', #1152, #2700, #5112, .T. ) ;
#7603 = STYLED_ITEM ( 'NONE', ( #9698 ), #3352 ) ;
#7604 = CARTESIAN_POINT ( 'NONE',  ( -0.4009115348192673900, 0.09550000000000004319, -0.01949999999999999997 ) ) ;
#7605 = PRESENTATION_STYLE_ASSIGNMENT (( #2254 ) ) ;
#7606 = CARTESIAN_POINT ( 'NONE',  ( -0.2609115348192674322, 0.09550000000000004319, 0.2515000000000000013 ) ) ;
#7607 =( NAMED_UNIT ( * ) PLANE_ANGLE_UNIT ( ) SI_UNIT ( $, .RADIAN. ) );
#7608 = CARTESIAN_POINT ( 'NONE',  ( -0.02650000000000006170, -0.05599999999999999423, -0.3395000000000000240 ) ) ;
#7609 = DIRECTION ( 'NONE',  ( 0.0000000000000000000, 0.0000000000000000000, -1.000000000000000000 ) ) ;
#7610 = SURFACE_SIDE_STYLE ('',( #2461 ) ) ;
#7611 = LINE ( 'NONE', #3301, #6520 ) ;
#7612 = FILL_AREA_STYLE ('',( #6041 ) ) ;
#7613 = SURFACE_STYLE_FILL_AREA ( #5307 ) ;
#7614 = CIRCLE ( 'NONE', #9926, 0.09999999999999996392 ) ;
#7615 = PRESENTATION_LAYER_ASSIGNMENT (  '', '', ( #9701 ) ) ;
#7616 = EDGE_LOOP ( 'NONE', ( #3749, #4892, #9088, #1413 ) ) ;
#7617 = EDGE_CURVE ( 'NONE', #1634, #184, #2986, .T. ) ;
#7618 = SURFACE_STYLE_FILL_AREA ( #4945 ) ;
#7619 =( NAMED_UNIT ( * ) PLANE_ANGLE_UNIT ( ) SI_UNIT ( $, .RADIAN. ) );
#7620 = FILL_AREA_STYLE ('',( #5257 ) ) ;
#7621 = CYLINDRICAL_SURFACE ( 'NONE', #6949, 0.01949999999999987160 ) ;
#7622 = CARTESIAN_POINT ( 'NONE',  ( 0.2609115348192674322, 0.09550000000000004319, -0.1494999999999999940 ) ) ;
#7623 = ORIENTED_EDGE ( 'NONE', *, *, #10035, .T. ) ;
#7624 = ORIENTED_EDGE ( 'NONE', *, *, #335, .T. ) ;
#7625 = LINE ( 'NONE', #5578, #5921 ) ;
#7626 =( NAMED_UNIT ( * ) SI_UNIT ( $, .STERADIAN. ) SOLID_ANGLE_UNIT ( ) );
#7627 = DIRECTION ( 'NONE',  ( -0.0000000000000000000, -0.0000000000000000000, -1.000000000000000000 ) ) ;
#7628 = SURFACE_SIDE_STYLE ('',( #6100 ) ) ;
#7629 = DIRECTION ( 'NONE',  ( 0.0000000000000000000, 0.0000000000000000000, -1.000000000000000000 ) ) ;
#7630 = MECHANICAL_DESIGN_GEOMETRIC_PRESENTATION_REPRESENTATION (  '', ( #1449 ), #3099 ) ;
#7632 = EDGE_LOOP ( 'NONE', ( #7159, #1258, #7481, #5166 ) ) ;
#7631 = COLOUR_RGB ( '',0.9294117647058823817, 0.7607843137254901578, 0.4784313725490195734 ) ;
#7633 =( GEOMETRIC_REPRESENTATION_CONTEXT ( 3 ) GLOBAL_UNCERTAINTY_ASSIGNED_CONTEXT ( ( #6807 ) ) GLOBAL_UNIT_ASSIGNED_CONTEXT ( ( #955, #141, #5643 ) ) REPRESENTATION_CONTEXT ( 'NONE', 'WORKASPACE' ) );
#7634 = PRESENTATION_LAYER_ASSIGNMENT (  '', '', ( #3243 ) ) ;
#7635 = CARTESIAN_POINT ( 'NONE',  ( -0.1110000000000000014, 0.05600000000000000810, -0.3395000000000000240 ) ) ;
#7636 = ADVANCED_FACE ( 'NONE', ( #3021 ), #9363, .F. ) ;
#7637 = LINE ( 'NONE', #288, #1019 ) ;
#7638 = LENGTH_MEASURE_WITH_UNIT ( LENGTH_MEASURE( 0.02539999999999999897 ), #7707 );
#7639 = B_SPLINE_CURVE_WITH_KNOTS ( 'NONE', 3,
 ( #9607, #5002, #4897, #6584, #3431, #3501, #1911, #1130, #8185, #8895, #7409, #4968, #317, #3366, #5789, #6516, #4150, #1066, #3467 ),
 .UNSPECIFIED., .F., .F.,
 ( 4, 1, 1, 1, 1, 1, 1, 1, 1, 1, 1, 1, 1, 1, 1, 1, 4 ),
 ( 0.0000000000000000000, 0.06604218868324747416, 0.1295778492903639223, 0.1906389490435834722, 0.2496406897267335889, 0.3069233147321072108, 0.3634138554911024999, 0.4201891275842972173, 0.4768918382378994902, 0.5343976327958666062, 0.5933314940605733945, 0.6539640631941074922, 0.7166316030423103278, 0.7824465528426792771, 0.8512634545319289758, 0.9236441324383487528, 1.000000000000000000 ),
 .UNSPECIFIED. ) ;
#7640 = CARTESIAN_POINT ( 'NONE',  ( -0.2115272104199381609, -0.05809391080317077155, 0.2484999999999999709 ) ) ;
#7641 = CARTESIAN_POINT ( 'NONE',  ( -0.2104510888804048685, -0.07550000000000001155, 0.2504999999999999449 ) ) ;
#7642 = FILL_AREA_STYLE_COLOUR ( '', #2377 ) ;
#7643 = DIRECTION ( 'NONE',  ( 1.000000000000000000, 0.0000000000000000000, 0.0000000000000000000 ) ) ;
#7644 = FILL_AREA_STYLE_COLOUR ( '', #8237 ) ;
#7645 = AXIS2_PLACEMENT_3D ( 'NONE', #7530, #8294, #5922 ) ;
#7646 = STYLED_ITEM ( 'NONE', ( #10033 ), #2942 ) ;
#7647 = SURFACE_STYLE_FILL_AREA ( #8446 ) ;
#7648 = EDGE_LOOP ( 'NONE', ( #2934, #1365, #8715, #7593, #9948, #1977 ) ) ;
#7649 = VECTOR ( 'NONE', #3479, 39.37007874015748143 ) ;
#7650 = DIRECTION ( 'NONE',  ( 0.0000000000000000000, 0.0000000000000000000, 1.000000000000000000 ) ) ;
#7651 = DIRECTION ( 'NONE',  ( -0.0000000000000000000, -0.0000000000000000000, 1.000000000000000000 ) ) ;
#7652 = ADVANCED_FACE ( 'NONE', ( #3630 ), #2774, .F. ) ;
#7653 = CARTESIAN_POINT ( 'NONE',  ( 0.2609115348192674322, 0.2155000000000000526, -0.1494999999999999940 ) ) ;
#7654 = CARTESIAN_POINT ( 'NONE',  ( 0.5449999999999999289, 0.1870000000000001106, 0.01949999999999999997 ) ) ;
#7655 = CIRCLE ( 'NONE', #7354, 0.01999999999999995878 ) ;
#7656 = PRESENTATION_STYLE_ASSIGNMENT (( #2071 ) ) ;
#7657 = ORIENTED_EDGE ( 'NONE', *, *, #1099, .T. ) ;
#7658 = MECHANICAL_DESIGN_GEOMETRIC_PRESENTATION_REPRESENTATION (  '', ( #3067 ), #6422 ) ;
#7659 = EDGE_CURVE ( 'NONE', #6177, #6047, #1174, .T. ) ;
#7660 = DIRECTION ( 'NONE',  ( -0.0000000000000000000, -0.0000000000000000000, 1.000000000000000000 ) ) ;
#7661 = CARTESIAN_POINT ( 'NONE',  ( -0.2264737489233165091, -0.08599580026284196765, 0.2484999999999999709 ) ) ;
#7662 =( NAMED_UNIT ( * ) SI_UNIT ( $, .STERADIAN. ) SOLID_ANGLE_UNIT ( ) );
#7663 = CARTESIAN_POINT ( 'NONE',  ( -0.5450000000000000400, 0.2470000000000000806, -0.01949999999999999997 ) ) ;
#7664 = FILL_AREA_STYLE_COLOUR ( '', #9757 ) ;
#7665 = VECTOR ( 'NONE', #2484, 39.37007874015748143 ) ;
#7666 = FILL_AREA_STYLE ('',( #1514 ) ) ;
#7667 = ORIENTED_EDGE ( 'NONE', *, *, #6239, .T. ) ;
#7668 = VERTEX_POINT ( 'NONE', #8840 ) ;
#7669 = UNCERTAINTY_MEASURE_WITH_UNIT (LENGTH_MEASURE( 1.000000000000000082E-05 ), #3037, 'distance_accuracy_value', 'NONE');
#7670 = VERTEX_POINT ( 'NONE', #207 ) ;
#7671 = CARTESIAN_POINT ( 'NONE',  ( -0.2110199643843211348, -0.06529322254148302307, 0.2484999999999999987 ) ) ;
#7672 = EDGE_CURVE ( 'NONE', #1859, #9625, #4120, .T. ) ;
#7673 = EDGE_CURVE ( 'NONE', #1562, #5744, #9242, .T. ) ;
#7674 = DIRECTION ( 'NONE',  ( -0.0000000000000000000, -0.0000000000000000000, -1.000000000000000000 ) ) ;
#7675 = COLOUR_RGB ( '',0.7529411764705882248, 0.7529411764705882248, 0.7529411764705882248 ) ;
#7676 = CARTESIAN_POINT ( 'NONE',  ( 0.05249999999999998418, -0.05600000000000000810, -0.2195000000000000007 ) ) ;
#7677 =( NAMED_UNIT ( * ) PLANE_ANGLE_UNIT ( ) SI_UNIT ( $, .RADIAN. ) );
#7678 = ORIENTED_EDGE ( 'NONE', *, *, #2687, .T. ) ;
#7679 = SURFACE_STYLE_FILL_AREA ( #4604 ) ;
#7680 = LENGTH_MEASURE_WITH_UNIT ( LENGTH_MEASURE( 0.02539999999999999897 ), #9747 );
#7681 = SURFACE_SIDE_STYLE ('',( #8826 ) ) ;
#7682 = FILL_AREA_STYLE_COLOUR ( '', #5301 ) ;
#7683 = PRESENTATION_LAYER_ASSIGNMENT (  '', '', ( #8588 ) ) ;
#7684 = ORIENTED_EDGE ( 'NONE', *, *, #449, .T. ) ;
#7685 = MECHANICAL_DESIGN_GEOMETRIC_PRESENTATION_REPRESENTATION (  '', ( #11 ), #8220 ) ;
#7686 = STYLED_ITEM ( 'NONE', ( #9429 ), #9040 ) ;
#7687 = CARTESIAN_POINT ( 'NONE',  ( -0.2892357091213815234, -0.08939185421335454906, 0.2515000000000000013 ) ) ;
#7688 = CYLINDRICAL_SURFACE ( 'NONE', #2658, 0.01949999999999987160 ) ;
#7689 = DIRECTION ( 'NONE',  ( -1.000000000000000000, 0.0000000000000000000, 0.0000000000000000000 ) ) ;
#7690 = CARTESIAN_POINT ( 'NONE',  ( 0.5449999999999999289, 0.1870000000000001106, 0.01949999999999999997 ) ) ;
#7691 = UNCERTAINTY_MEASURE_WITH_UNIT (LENGTH_MEASURE( 1.000000000000000082E-05 ), #9194, 'distance_accuracy_value', 'NONE');
#7692 = COLOUR_RGB ( '',0.9294117647058823817, 0.7607843137254901578, 0.4784313725490195734 ) ;
#7693 = VERTEX_POINT ( 'NONE', #2664 ) ;
#7694 = CARTESIAN_POINT ( 'NONE',  ( -0.2196633295073140979, -0.06194184244307657239, 0.2484999999999999154 ) ) ;
#7695 = ADVANCED_FACE ( 'NONE', ( #6698 ), #6449, .T. ) ;
#7696 =( NAMED_UNIT ( * ) SI_UNIT ( $, .STERADIAN. ) SOLID_ANGLE_UNIT ( ) );
#7697 = VECTOR ( 'NONE', #4618, 39.37007874015748143 ) ;
#7698 = ORIENTED_EDGE ( 'NONE', *, *, #3472, .F. ) ;
#7699 = AXIS2_PLACEMENT_3D ( 'NONE', #145, #8755, #5536 ) ;
#7700 = LENGTH_MEASURE_WITH_UNIT ( LENGTH_MEASURE( 0.02539999999999999897 ), #5647 );
#7701 = FILL_AREA_STYLE_COLOUR ( '', #3687 ) ;
#7702 = STYLED_ITEM ( 'NONE', ( #3272 ), #2469 ) ;
#7703 = CARTESIAN_POINT ( 'NONE',  ( -0.5480000000000000426, 0.0000000000000000000, 0.01949999999999999997 ) ) ;
#7704 = DIRECTION ( 'NONE',  ( -1.000000000000000000, 0.0000000000000000000, 0.0000000000000000000 ) ) ;
#7705 = SURFACE_SIDE_STYLE ('',( #7708 ) ) ;
#7706 = CARTESIAN_POINT ( 'NONE',  ( -0.3199999999999998401, 0.08508110933998414005, -0.1494999999999999940 ) ) ;
#7707 =( LENGTH_UNIT ( ) NAMED_UNIT ( * ) SI_UNIT ( $, .METRE. ) );
#7708 = SURFACE_STYLE_FILL_AREA ( #6210 ) ;
#7709 = CARTESIAN_POINT ( 'NONE',  ( 0.1914999999999999480, -0.05599999999999999423, -0.2795000000000000262 ) ) ;
#7710 = ADVANCED_FACE ( 'NONE', ( #4250 ), #537, .F. ) ;
#7711 = EDGE_LOOP ( 'NONE', ( #6477, #3560, #513, #8123 ) ) ;
#7712 = MECHANICAL_DESIGN_GEOMETRIC_PRESENTATION_REPRESENTATION (  '', ( #187 ), #7199 ) ;
#7713 = EDGE_CURVE ( 'NONE', #3709, #6309, #8756, .T. ) ;
#7714 = FILL_AREA_STYLE ('',( #8558 ) ) ;
#7715 = VECTOR ( 'NONE', #1676, 39.37007874015748143 ) ;
#7716 =( CONVERSION_BASED_UNIT ( 'INCH', #2736 ) LENGTH_UNIT ( ) NAMED_UNIT ( #3267 ) );
#7717 = ORIENTED_EDGE ( 'NONE', *, *, #4144, .T. ) ;
#7718 = LINE ( 'NONE', #680, #990 ) ;
#7719 = CARTESIAN_POINT ( 'NONE',  ( -0.09150000000000013678, 0.05600000000000000810, 0.2505000000000000004 ) ) ;
#7720 = LENGTH_MEASURE_WITH_UNIT ( LENGTH_MEASURE( 0.02539999999999999897 ), #9359 );
#7721 = CARTESIAN_POINT ( 'NONE',  ( -0.2275452406900800306, -0.08587463054174958310, 0.2484999999999999987 ) ) ;
#7722 = FILL_AREA_STYLE_COLOUR ( '', #1796 ) ;
#7723 = UNCERTAINTY_MEASURE_WITH_UNIT (LENGTH_MEASURE( 1.000000000000000082E-05 ), #4523, 'distance_accuracy_value', 'NONE');
#7724 = CARTESIAN_POINT ( 'NONE',  ( 0.4229983571981280055, 0.2085121813167269689, -0.01949999999999999997 ) ) ;
#7725 = EDGE_LOOP ( 'NONE', ( #883, #4467, #2334, #3343, #6859, #1995, #3824 ) ) ;
#7726 = CARTESIAN_POINT ( 'NONE',  ( -0.2286016699185906276, -0.05359839183305199761, 0.2485000000000000264 ) ) ;
#7727 = DIMENSIONAL_EXPONENTS ( 1.000000000000000000, 0.0000000000000000000, 0.0000000000000000000, 0.0000000000000000000, 0.0000000000000000000, 0.0000000000000000000, 0.0000000000000000000 ) ;
#7728 = EDGE_CURVE ( 'NONE', #5744, #144, #201, .T. ) ;
#7729 = EDGE_CURVE ( 'NONE', #4098, #6245, #3510, .T. ) ;
#7730 = CARTESIAN_POINT ( 'NONE',  ( -0.002000000000000006113, 0.05600000000000000810, -0.03565432893255038316 ) ) ;
#7731 = LINE ( 'NONE', #2714, #5652 ) ;
#7732 = COLOUR_RGB ( '',0.9294117647058823817, 0.7607843137254901578, 0.4784313725490195734 ) ;
#7733 = ORIENTED_EDGE ( 'NONE', *, *, #7975, .F. ) ;
#7734 =( LENGTH_UNIT ( ) NAMED_UNIT ( * ) SI_UNIT ( $, .METRE. ) );
#7735 = VERTEX_POINT ( 'NONE', #7358 ) ;
#7736 = CARTESIAN_POINT ( 'NONE',  ( -0.2291341174891958765, -0.05454883783410388598, 0.2505000000000000004 ) ) ;
#7737 = PLANE ( 'NONE',  #785 ) ;
#7738 = CARTESIAN_POINT ( 'NONE',  ( -0.2374541449753351241, -0.05868230768816104503, 0.2484999999999999709 ) ) ;
#7739 = DIRECTION ( 'NONE',  ( 0.0000000000000000000, 0.0000000000000000000, 1.000000000000000000 ) ) ;
#7740 = AXIS2_PLACEMENT_3D ( 'NONE', #1156, #6542, #1835 ) ;
#7741 = ORIENTED_EDGE ( 'NONE', *, *, #9404, .F. ) ;
#7742 = ADVANCED_FACE ( 'NONE', ( #9854 ), #6538, .F. ) ;
#7743 = VERTEX_POINT ( 'NONE', #2868 ) ;
#7744 = FILL_AREA_STYLE_COLOUR ( '', #7732 ) ;
#7745 = ADVANCED_FACE ( 'NONE', ( #2391 ), #6083, .T. ) ;
#7746 = CARTESIAN_POINT ( 'NONE',  ( 0.2609115348192674322, 0.09550000000000004319, 0.2515000000000000013 ) ) ;
#7747 =( LENGTH_UNIT ( ) NAMED_UNIT ( * ) SI_UNIT ( $, .METRE. ) );
#7748 = VECTOR ( 'NONE', #5648, 39.37007874015748143 ) ;
#7749 = CYLINDRICAL_SURFACE ( 'NONE', #8325, 0.06000000000000004635 ) ;
#7750 = EDGE_LOOP ( 'NONE', ( #539, #6842, #7598, #9524 ) ) ;
#7751 = CARTESIAN_POINT ( 'NONE',  ( 0.2104510888804048685, -0.1554999999999999993, 0.2515000000000000013 ) ) ;
#7752 = DIRECTION ( 'NONE',  ( -1.000000000000000000, 0.0000000000000000000, 0.0000000000000000000 ) ) ;
#7753 = CARTESIAN_POINT ( 'NONE',  ( -0.2110199643843211348, -0.06529322254148302307, 0.2484999999999999987 ) ) ;
#7754 =( GEOMETRIC_REPRESENTATION_CONTEXT ( 3 ) GLOBAL_UNCERTAINTY_ASSIGNED_CONTEXT ( ( #2210 ) ) GLOBAL_UNIT_ASSIGNED_CONTEXT ( ( #1478, #4708, #3075 ) ) REPRESENTATION_CONTEXT ( 'NONE', 'WORKASPACE' ) );
#7755 = SURFACE_STYLE_FILL_AREA ( #268 ) ;
#7756 = ORIENTED_EDGE ( 'NONE', *, *, #1837, .F. ) ;
#7757 = AXIS2_PLACEMENT_3D ( 'NONE', #269, #9486, #3312 ) ;
#7758 = ORIENTED_EDGE ( 'NONE', *, *, #7476, .F. ) ;
#7759 = LINE ( 'NONE', #7584, #2369 ) ;
#7760 = STYLED_ITEM ( 'NONE', ( #1193 ), #2024 ) ;
#7761 = ORIENTED_EDGE ( 'NONE', *, *, #7617, .T. ) ;
#7762 = DIRECTION ( 'NONE',  ( -1.000000000000000000, 0.0000000000000000000, 0.0000000000000000000 ) ) ;
#7763 = DIRECTION ( 'NONE',  ( -0.0000000000000000000, -0.0000000000000000000, 1.000000000000000000 ) ) ;
#7764 = VECTOR ( 'NONE', #2438, 39.37007874015748143 ) ;
#7765 = COLOUR_RGB ( '',0.9294117647058823817, 0.7607843137254901578, 0.4784313725490195734 ) ;
#7766 = COLOUR_RGB ( '',0.9294117647058823817, 0.7607843137254901578, 0.4784313725490195734 ) ;
#7767 = CARTESIAN_POINT ( 'NONE',  ( -0.2296873321727826989, -0.05787974965674244632, 0.2505000000000000560 ) ) ;
#7768 = ORIENTED_EDGE ( 'NONE', *, *, #10110, .F. ) ;
#7769 = CARTESIAN_POINT ( 'NONE',  ( -0.2372587822416878656, -0.05541823819278892532, 0.2505000000000000004 ) ) ;
#7770 = COLOUR_RGB ( '',0.7529411764705882248, 0.7529411764705882248, 0.7529411764705882248 ) ;
#7771 = DIMENSIONAL_EXPONENTS ( 1.000000000000000000, 0.0000000000000000000, 0.0000000000000000000, 0.0000000000000000000, 0.0000000000000000000, 0.0000000000000000000, 0.0000000000000000000 ) ;
#7772 =( NAMED_UNIT ( * ) PLANE_ANGLE_UNIT ( ) SI_UNIT ( $, .RADIAN. ) );
#7773 = VERTEX_POINT ( 'NONE', #7396 ) ;
#7774 = PRESENTATION_LAYER_ASSIGNMENT (  '', '', ( #8351 ) ) ;
#7775 = EDGE_CURVE ( 'NONE', #6093, #7670, #7906, .T. ) ;
#7776 = CARTESIAN_POINT ( 'NONE',  ( -0.07649999999999997080, -0.05599999999999999423, -0.2013975032409335841 ) ) ;
#7777 = ORIENTED_EDGE ( 'NONE', *, *, #9404, .T. ) ;
#7778 = CARTESIAN_POINT ( 'NONE',  ( -0.4919999999999999929, 0.0000000000000000000, 0.01949999999999999997 ) ) ;
#7779 = ORIENTED_EDGE ( 'NONE', *, *, #7522, .T. ) ;
#7780 = CARTESIAN_POINT ( 'NONE',  ( -0.2296750785457551403, -0.05865656361629215110, 0.2504999999999999449 ) ) ;
#7781 = SURFACE_SIDE_STYLE ('',( #3104 ) ) ;
#7782 = COLOUR_RGB ( '',0.7529411764705882248, 0.7529411764705882248, 0.7529411764705882248 ) ;
#7783 =( GEOMETRIC_REPRESENTATION_CONTEXT ( 3 ) GLOBAL_UNCERTAINTY_ASSIGNED_CONTEXT ( ( #7985 ) ) GLOBAL_UNIT_ASSIGNED_CONTEXT ( ( #5310, #3639, #8444 ) ) REPRESENTATION_CONTEXT ( 'NONE', 'WORKASPACE' ) );
#7784 = SURFACE_STYLE_FILL_AREA ( #239 ) ;
#7785 = EDGE_CURVE ( 'NONE', #8595, #8345, #4711, .T. ) ;
#7786 = MECHANICAL_DESIGN_GEOMETRIC_PRESENTATION_REPRESENTATION (  '', ( #3794 ), #1819 ) ;
#7787 =( NAMED_UNIT ( * ) SI_UNIT ( $, .STERADIAN. ) SOLID_ANGLE_UNIT ( ) );
#7788 = EDGE_LOOP ( 'NONE', ( #2006, #1062, #816, #4073 ) ) ;
#7789 = CARTESIAN_POINT ( 'NONE',  ( -0.2197758498263108762, -0.05448016030695401052, 0.2504999999999999449 ) ) ;
#7790 = CARTESIAN_POINT ( 'NONE',  ( -0.1110000000000000014, 0.05600000000000000810, -0.2195000000000000007 ) ) ;
#7791 = FILL_AREA_STYLE ('',( #4603 ) ) ;
#7792 = CARTESIAN_POINT ( 'NONE',  ( 0.1269999999999999740, 0.05599999999999999423, -0.2795000000000000262 ) ) ;
#7793 = UNCERTAINTY_MEASURE_WITH_UNIT (LENGTH_MEASURE( 1.000000000000000082E-05 ), #8084, 'distance_accuracy_value', 'NONE');
#7794 = CIRCLE ( 'NONE', #7961, 0.1400000000000000133 ) ;
#7795 = DIRECTION ( 'NONE',  ( -0.0000000000000000000, -0.0000000000000000000, -1.000000000000000000 ) ) ;
#7796 = VECTOR ( 'NONE', #507, 39.37007874015748143 ) ;
#7797 =( CONVERSION_BASED_UNIT ( 'INCH', #7962 ) LENGTH_UNIT ( ) NAMED_UNIT ( #4586 ) );
#7798 = FACE_OUTER_BOUND ( 'NONE', #6897, .T. ) ;
#7799 = VERTEX_POINT ( 'NONE', #7322 ) ;
#7800 = STYLED_ITEM ( 'NONE', ( #2242 ), #8778 ) ;
#7801 = EDGE_CURVE ( 'Edge8', #9305, #4852, #3003, .T. ) ;
#7802 = PRESENTATION_LAYER_ASSIGNMENT (  '', '', ( #6240 ) ) ;
#7803 = PLANE ( 'NONE',  #9376 ) ;
#7804 = LINE ( 'NONE', #3266, #4871 ) ;
#7805 = FILL_AREA_STYLE ('',( #2329 ) ) ;
#7806 =( LENGTH_UNIT ( ) NAMED_UNIT ( * ) SI_UNIT ( $, .METRE. ) );
#7807 = VERTEX_POINT ( 'NONE', #6154 ) ;
#7808 = CARTESIAN_POINT ( 'NONE',  ( -0.2005000000000001226, 0.05600000000000000810, 0.2505000000000000004 ) ) ;
#7809 = DIMENSIONAL_EXPONENTS ( 1.000000000000000000, 0.0000000000000000000, 0.0000000000000000000, 0.0000000000000000000, 0.0000000000000000000, 0.0000000000000000000, 0.0000000000000000000 ) ;
#7810 = UNCERTAINTY_MEASURE_WITH_UNIT (LENGTH_MEASURE( 1.000000000000000082E-05 ), #9846, 'distance_accuracy_value', 'NONE');
#7811 = VECTOR ( 'NONE', #101, 39.37007874015748143 ) ;
#7812 = LINE ( 'NONE', #5757, #3160 ) ;
#7813 = ORIENTED_EDGE ( 'NONE', *, *, #3484, .T. ) ;
#7814 = ADVANCED_FACE ( 'NONE', ( #63 ), #1440, .F. ) ;
#7815 = ORIENTED_EDGE ( 'NONE', *, *, #6300, .T. ) ;
#7816 = ORIENTED_EDGE ( 'NONE', *, *, #5163, .F. ) ;
#7817 = CARTESIAN_POINT ( 'NONE',  ( -0.2112435883313970864, -0.07034791927193699557, 0.2485000000000000264 ) ) ;
#7818 =( CONVERSION_BASED_UNIT ( 'INCH', #9001 ) LENGTH_UNIT ( ) NAMED_UNIT ( #9727 ) );
#7819 =( LENGTH_UNIT ( ) NAMED_UNIT ( * ) SI_UNIT ( $, .METRE. ) );
#7820 = ORIENTED_EDGE ( 'NONE', *, *, #3411, .F. ) ;
#7821 = UNCERTAINTY_MEASURE_WITH_UNIT (LENGTH_MEASURE( 1.000000000000000082E-05 ), #3279, 'distance_accuracy_value', 'NONE');
#7822 =( GEOMETRIC_REPRESENTATION_CONTEXT ( 3 ) GLOBAL_UNCERTAINTY_ASSIGNED_CONTEXT ( ( #2082 ) ) GLOBAL_UNIT_ASSIGNED_CONTEXT ( ( #9708, #5786, #6583 ) ) REPRESENTATION_CONTEXT ( 'NONE', 'WORKASPACE' ) );
#7823 = ORIENTED_EDGE ( 'NONE', *, *, #2480, .T. ) ;
#7824 = CARTESIAN_POINT ( 'NONE',  ( -0.3200000000000000067, 0.08508110933998412617, 0.2515000000000000013 ) ) ;
#7825 = ORIENTED_EDGE ( 'NONE', *, *, #5026, .T. ) ;
#7826 = CARTESIAN_POINT ( 'NONE',  ( -0.2214240020111781504, -0.05274753149406770369, 0.2505000000000000004 ) ) ;
#7827 = DIRECTION ( 'NONE',  ( -1.000000000000000000, 0.0000000000000000000, 0.0000000000000000000 ) ) ;
#7828 = CARTESIAN_POINT ( 'NONE',  ( -0.2104510888804048685, -0.07550000000000001155, -0.9827025327494508522 ) ) ;
#7829 = CARTESIAN_POINT ( 'NONE',  ( -0.2186757247657050152, -0.07220106897743303054, 0.2505000000000000004 ) ) ;
#7830 = LINE ( 'NONE', #7261, #1329 ) ;
#7831 = SURFACE_STYLE_FILL_AREA ( #8926 ) ;
#7832 = ORIENTED_EDGE ( 'NONE', *, *, #7850, .T. ) ;
#7833 = SURFACE_STYLE_FILL_AREA ( #867 ) ;
#7834 = MECHANICAL_DESIGN_GEOMETRIC_PRESENTATION_REPRESENTATION (  '', ( #6805 ), #7521 ) ;
#7835 = ORIENTED_EDGE ( 'NONE', *, *, #10110, .T. ) ;
#7836 = B_SPLINE_CURVE_WITH_KNOTS ( 'NONE', 3,
 ( #4692, #7057, #1666, #7769, #8584, #9329, #2365, #8621, #10101, #3942, #9365, #7909, #3229, #3, #5471, #4722, #9466, #5439, #8691 ),
 .UNSPECIFIED., .F., .F.,
 ( 4, 1, 1, 1, 1, 1, 1, 1, 1, 1, 1, 1, 1, 1, 1, 1, 4 ),
 ( 0.0000000000000000000, 0.07024010624910684286, 0.1377810383236604819, 0.2022781382994814359, 0.2652493801263751672, 0.3267062120892931798, 0.3874492857403296076, 0.4479538536530178194, 0.5093841167997312791, 0.5704959252253949398, 0.6305089817313836997, 0.6895451741904753407, 0.7490025483064409739, 0.8093527413258420067, 0.8708550931277448948, 0.9340936515016329267, 1.000000000000000000 ),
 .UNSPECIFIED. ) ;
#7837 = CARTESIAN_POINT ( 'NONE',  ( 0.2349192119501888332, 0.1029774855385852672, 0.2505000000000000560 ) ) ;
#7838 = AXIS2_PLACEMENT_3D ( 'NONE', #4002, #9458, #749 ) ;
#7839 = LINE ( 'NONE', #8831, #5767 ) ;
#7840 = PLANE ( 'NONE',  #2748 ) ;
#7841 = CARTESIAN_POINT ( 'NONE',  ( -0.08100000000000001643, 0.05599999999999999423, -0.3395000000000000240 ) ) ;
#7842 = CARTESIAN_POINT ( 'NONE',  ( -0.002000000000000006113, 0.05600000000000000810, 0.2505000000000000004 ) ) ;
#7843 = CARTESIAN_POINT ( 'NONE',  ( -0.2261057894069687935, -0.04508473403851684380, 0.2505000000000000004 ) ) ;
#7844 = VECTOR ( 'NONE', #747, 39.37007874015748143 ) ;
#7845 = ORIENTED_EDGE ( 'NONE', *, *, #6048, .F. ) ;
#7846 = SURFACE_STYLE_FILL_AREA ( #7054 ) ;
#7847 = TOROIDAL_SURFACE ( 'NONE', #5404, 0.08000000000000002942, 0.02000000000000000042 ) ;
#7848 = AXIS2_PLACEMENT_3D ( 'NONE', #2366, #8692, #3913 ) ;
#7849 = SURFACE_STYLE_FILL_AREA ( #6624 ) ;
#7850 = EDGE_CURVE ( 'NONE', #3077, #3785, #7655, .T. ) ;
#7851 = FACE_OUTER_BOUND ( 'NONE', #9981, .T. ) ;
#7852 = CARTESIAN_POINT ( 'NONE',  ( -0.2110553661439211470, -0.06788368885542014897, 0.2484999999999999987 ) ) ;
#7853 = CARTESIAN_POINT ( 'NONE',  ( -0.2355074648966654083, -0.06554734694884682689, 0.2505000000000000004 ) ) ;
#7854 = DIRECTION ( 'NONE',  ( 1.000000000000000000, 0.0000000000000000000, 0.0000000000000000000 ) ) ;
#7855 = EDGE_LOOP ( 'NONE', ( #2265, #3910 ) ) ;
#7856 = UNCERTAINTY_MEASURE_WITH_UNIT (LENGTH_MEASURE( 1.000000000000000082E-05 ), #511, 'distance_accuracy_value', 'NONE');
#7857 = ORIENTED_EDGE ( 'NONE', *, *, #1474, .F. ) ;
#7858 = CIRCLE ( 'NONE', #4270, 0.06000000000000004635 ) ;
#7859 = CARTESIAN_POINT ( 'NONE',  ( 0.02799999999999997977, 0.05599999999999999423, -0.2795000000000000262 ) ) ;
#7860 = CIRCLE ( 'NONE', #1506, 0.02000000000000000042 ) ;
#7861 = SURFACE_SIDE_STYLE ('',( #7497 ) ) ;
#7862 = CARTESIAN_POINT ( 'NONE',  ( -0.1900000000000000300, 0.05599999999999999423, -0.2795000000000000262 ) ) ;
#7863 = VERTEX_POINT ( 'NONE', #2175 ) ;
#7864 = ADVANCED_FACE ( 'NONE', ( #9352 ), #667, .F. ) ;
#7865 = AXIS2_PLACEMENT_3D ( 'NONE', #8980, #9013, #5910 ) ;
#7866 = VERTEX_POINT ( 'NONE', #6848 ) ;
#7867 = EDGE_CURVE ( 'NONE', #7484, #2966, #3976, .T. ) ;
#7868 = EDGE_CURVE ( 'NONE', #7773, #9962, #9473, .T. ) ;
#7869 = CARTESIAN_POINT ( 'NONE',  ( 0.6049999999999998712, 0.1870000000000001106, 0.01949999999999999997 ) ) ;
#7870 = FACE_OUTER_BOUND ( 'NONE', #456, .T. ) ;
#7871 = DIRECTION ( 'NONE',  ( 0.0000000000000000000, 1.000000000000000000, 0.0000000000000000000 ) ) ;
#7872 = COLOUR_RGB ( '',0.9294117647058823817, 0.7607843137254901578, 0.4784313725490195734 ) ;
#7873 = CARTESIAN_POINT ( 'NONE',  ( -0.2251323191864285089, -0.07923763112524845331, 0.2485000000000000264 ) ) ;
#7874 = DIRECTION ( 'NONE',  ( -0.0000000000000000000, -0.0000000000000000000, -1.000000000000000000 ) ) ;
#7875 = DIRECTION ( 'NONE',  ( -1.000000000000000000, 0.0000000000000000000, -0.0000000000000000000 ) ) ;
#7876 = VERTEX_POINT ( 'NONE', #3721 ) ;
#7877 =( NAMED_UNIT ( * ) PLANE_ANGLE_UNIT ( ) SI_UNIT ( $, .RADIAN. ) );
#7878 = CARTESIAN_POINT ( 'NONE',  ( 0.2609115348192674322, 0.1755000000000000449, -0.1494999999999999940 ) ) ;
#7879 = MECHANICAL_DESIGN_GEOMETRIC_PRESENTATION_REPRESENTATION (  '', ( #5262 ), #346 ) ;
#7880 = PRESENTATION_STYLE_ASSIGNMENT (( #8290 ) ) ;
#7881 =( GEOMETRIC_REPRESENTATION_CONTEXT ( 3 ) GLOBAL_UNCERTAINTY_ASSIGNED_CONTEXT ( ( #7173 ) ) GLOBAL_UNIT_ASSIGNED_CONTEXT ( ( #5178, #9851, #4450 ) ) REPRESENTATION_CONTEXT ( 'NONE', 'WORKASPACE' ) );
#7883 = EDGE_LOOP ( 'NONE', ( #4411, #2647, #3979, #4039 ) ) ;
#7882 = LENGTH_MEASURE_WITH_UNIT ( LENGTH_MEASURE( 0.02539999999999999897 ), #2174 );
#7884 = PRESENTATION_LAYER_ASSIGNMENT (  '', '', ( #6852 ) ) ;
#7885 = CARTESIAN_POINT ( 'NONE',  ( -0.2223383535309143844, -0.08573715522084403295, 0.2485000000000001652 ) ) ;
#7886 = DIRECTION ( 'NONE',  ( -0.0000000000000000000, -0.0000000000000000000, 1.000000000000000000 ) ) ;
#7887 = DIRECTION ( 'NONE',  ( 0.0000000000000000000, 1.000000000000000000, -0.0000000000000000000 ) ) ;
#7888 = ORIENTED_EDGE ( 'NONE', *, *, #4572, .T. ) ;
#7889 = LINE ( 'NONE', #7246, #2638 ) ;
#7890 = VERTEX_POINT ( 'NONE', #6190 ) ;
#7891 = CARTESIAN_POINT ( 'NONE',  ( 0.1615000000000000047, -0.05600000000000000810, -0.3395000000000000240 ) ) ;
#7892 = DIRECTION ( 'NONE',  ( -0.0000000000000000000, -0.0000000000000000000, -1.000000000000000000 ) ) ;
#7893 = CARTESIAN_POINT ( 'NONE',  ( 0.1070000000000000118, 0.05600000000000000810, -0.3395000000000000240 ) ) ;
#7894 = CARTESIAN_POINT ( 'NONE',  ( -0.2112379680819604089, -0.06032536121435420201, 0.2484999999999999709 ) ) ;
#7895 = CARTESIAN_POINT ( 'NONE',  ( -0.2198576046473258438, -0.07630794426412908227, 0.2505000000000000004 ) ) ;
#7896 = PRESENTATION_LAYER_ASSIGNMENT (  '', '', ( #6197 ) ) ;
#7897 = AXIS2_PLACEMENT_3D ( 'NONE', #3648, #3686, #7558 ) ;
#7898 =( LENGTH_UNIT ( ) NAMED_UNIT ( * ) SI_UNIT ( $, .METRE. ) );
#7899 = AXIS2_PLACEMENT_3D ( 'NONE', #2042, #2731, #4346 ) ;
#7900 = SURFACE_STYLE_FILL_AREA ( #5851 ) ;
#7901 = DIRECTION ( 'NONE',  ( -0.0000000000000000000, -0.0000000000000000000, -1.000000000000000000 ) ) ;
#7902 = VERTEX_POINT ( 'NONE', #3064 ) ;
#7903 = EDGE_LOOP ( 'NONE', ( #1659, #5302 ) ) ;
#7904 = FACE_OUTER_BOUND ( 'NONE', #6664, .T. ) ;
#7905 =( CONVERSION_BASED_UNIT ( 'INCH', #4000 ) LENGTH_UNIT ( ) NAMED_UNIT ( #5556 ) );
#7907 = VERTEX_POINT ( 'NONE', #3756 ) ;
#7906 = CIRCLE ( 'NONE', #8438, 0.02000000000000009409 ) ;
#7908 = CARTESIAN_POINT ( 'NONE',  ( -0.2104510888804048685, -0.07550000000000001155, -0.1694999999999999840 ) ) ;
#7909 = CARTESIAN_POINT ( 'NONE',  ( -0.2319903295482025063, -0.04707222006503068712, 0.2504999999999999449 ) ) ;
#7910 = CARTESIAN_POINT ( 'NONE',  ( -0.2286400537097231789, -0.04554222899766088850, 0.2485000000000000542 ) ) ;
#7911 = ORIENTED_EDGE ( 'NONE', *, *, #5629, .F. ) ;
#7912 = MECHANICAL_DESIGN_GEOMETRIC_PRESENTATION_REPRESENTATION (  '', ( #1404 ), #6879 ) ;
#7913 = EDGE_CURVE ( 'NONE', #1110, #3587, #4465, .T. ) ;
#7914 = EDGE_LOOP ( 'NONE', ( #5930, #4251 ) ) ;
#7915 = FILL_AREA_STYLE ('',( #896 ) ) ;
#7916 = ADVANCED_FACE ( 'NONE', ( #1048 ), #2699, .T. ) ;
#7917 = CARTESIAN_POINT ( 'NONE',  ( -0.2238290493719598262, -0.08598312911916261569, 0.2504999999999999449 ) ) ;
#7918 = CARTESIAN_POINT ( 'NONE',  ( -0.2321374495650352365, -0.06900172172586181707, 0.2504999999999999449 ) ) ;
#7919 = CARTESIAN_POINT ( 'NONE',  ( -0.2139282311518964641, -0.05105105441147064771, 0.2504999999999999449 ) ) ;
#7920 = ORIENTED_EDGE ( 'NONE', *, *, #8125, .F. ) ;
#7921 = UNCERTAINTY_MEASURE_WITH_UNIT (LENGTH_MEASURE( 1.000000000000000082E-05 ), #9694, 'distance_accuracy_value', 'NONE');
#7922 = FACE_OUTER_BOUND ( 'NONE', #1652, .T. ) ;
#7923 = EDGE_CURVE ( 'NONE', #6890, #8429, #547, .T. ) ;
#7924 = EDGE_CURVE ( 'NONE', #8555, #2313, #439, .T. ) ;
#7925 = CARTESIAN_POINT ( 'NONE',  ( -0.2400000000000001021, 0.05600000000000000810, -0.2795000000000000262 ) ) ;
#7926 = PRESENTATION_STYLE_ASSIGNMENT (( #4827 ) ) ;
#7927 = FILL_AREA_STYLE ('',( #7133 ) ) ;
#7928 = FILL_AREA_STYLE ('',( #3353 ) ) ;
#7929 = FILL_AREA_STYLE_COLOUR ( '', #6018 ) ;
#7930 = CARTESIAN_POINT ( 'NONE',  ( -0.2253688829404693061, -0.08601853799412391421, 0.2484999999999999987 ) ) ;
#7931 = CARTESIAN_POINT ( 'NONE',  ( -0.2609115348192674322, 0.2155000000000001081, -0.1494999999999999940 ) ) ;
#7932 = FILL_AREA_STYLE ('',( #7103 ) ) ;
#7933 = CARTESIAN_POINT ( 'NONE',  ( -0.3483241743021139869, -0.09981074487337038281, -0.03950000000000003508 ) ) ;
#7934 = ORIENTED_EDGE ( 'NONE', *, *, #2276, .T. ) ;
#7935 = LINE ( 'NONE', #2520, #6969 ) ;
#7936 = SURFACE_STYLE_FILL_AREA ( #1843 ) ;
#7937 = ORIENTED_EDGE ( 'NONE', *, *, #1221, .F. ) ;
#7938 = AXIS2_PLACEMENT_3D ( 'NONE', #7908, #5574, #8690 ) ;
#7939 = CARTESIAN_POINT ( 'NONE',  ( -0.2892357091213815234, -0.08939185421335454906, 0.03949999999999997957 ) ) ;
#7940 = AXIS2_PLACEMENT_3D ( 'NONE', #7091, #7886, #3200 ) ;
#7941 = PLANE ( 'NONE',  #2847 ) ;
#7942 = ORIENTED_EDGE ( 'NONE', *, *, #3057, .F. ) ;
#7943 =( LENGTH_UNIT ( ) NAMED_UNIT ( * ) SI_UNIT ( $, .METRE. ) );
#7944 = DIMENSIONAL_EXPONENTS ( 1.000000000000000000, 0.0000000000000000000, 0.0000000000000000000, 0.0000000000000000000, 0.0000000000000000000, 0.0000000000000000000, 0.0000000000000000000 ) ;
#7945 =( NAMED_UNIT ( * ) SI_UNIT ( $, .STERADIAN. ) SOLID_ANGLE_UNIT ( ) );
#7946 = DIRECTION ( 'NONE',  ( -1.000000000000000000, 0.0000000000000000000, 0.0000000000000000000 ) ) ;
#7947 = FACE_OUTER_BOUND ( 'NONE', #3374, .T. ) ;
#7948 = CARTESIAN_POINT ( 'NONE',  ( -0.2211506599856837563, -0.06343861344840141803, 0.2505000000000000560 ) ) ;
#7949 = LENGTH_MEASURE_WITH_UNIT ( LENGTH_MEASURE( 0.02539999999999999897 ), #4480 );
#7950 = ORIENTED_EDGE ( 'NONE', *, *, #505, .T. ) ;
#7951 = ORIENTED_EDGE ( 'NONE', *, *, #2734, .T. ) ;
#7952 = CARTESIAN_POINT ( 'NONE',  ( -0.2005000000000001226, 0.05600000000000000810, -0.03565432893255038316 ) ) ;
#7953 = CARTESIAN_POINT ( 'NONE',  ( -0.2374654020846416469, -0.05822004021538626506, 0.2505000000000000004 ) ) ;
#7954 = CARTESIAN_POINT ( 'NONE',  ( 0.1370000000000000107, 0.05599999999999999423, -0.3395000000000000240 ) ) ;
#7955 = CARTESIAN_POINT ( 'NONE',  ( -0.2255957433128985279, -0.07098093616452989807, 0.2505000000000000004 ) ) ;
#7956 = EDGE_LOOP ( 'NONE', ( #9565, #7942, #17, #6829 ) ) ;
#7957 = CARTESIAN_POINT ( 'NONE',  ( -0.2200000000000000011, 0.05600000000000000810, -0.2795000000000000262 ) ) ;
#7958 = AXIS2_PLACEMENT_3D ( 'NONE', #10066, #755, #6964 ) ;
#7959 = FACE_BOUND ( 'NONE', #9510, .T. ) ;
#7960 = MECHANICAL_DESIGN_GEOMETRIC_PRESENTATION_REPRESENTATION (  '', ( #8469 ), #7822 ) ;
#7961 = AXIS2_PLACEMENT_3D ( 'NONE', #4417, #4444, #2876 ) ;
#7962 = LENGTH_MEASURE_WITH_UNIT ( LENGTH_MEASURE( 0.02539999999999999897 ), #7976 );
#7963 = CARTESIAN_POINT ( 'NONE',  ( 0.2426188164184995277, 0.1158448755350825338, 0.2504999999999999449 ) ) ;
#7964 =( LENGTH_UNIT ( ) NAMED_UNIT ( * ) SI_UNIT ( $, .METRE. ) );
#7965 = CARTESIAN_POINT ( 'NONE',  ( -0.2248493639499632157, -0.08600659151928985446, 0.2505000000000000004 ) ) ;
#7966 = ADVANCED_FACE ( 'NONE', ( #1040 ), #8022, .T. ) ;
#7967 = DIRECTION ( 'NONE',  ( -0.0000000000000000000, -0.0000000000000000000, 1.000000000000000000 ) ) ;
#7968 = COLOUR_RGB ( '',0.9294117647058823817, 0.7607843137254901578, 0.4784313725490195734 ) ;
#7969 = CARTESIAN_POINT ( 'NONE',  ( -0.2189011544558008282, -0.05693534430021367221, 0.2485000000000000542 ) ) ;
#7970 = CARTESIAN_POINT ( 'NONE',  ( -0.2257418905753964533, -0.08601086163563272102, 0.2484999999999999987 ) ) ;
#7971 =( NAMED_UNIT ( * ) PLANE_ANGLE_UNIT ( ) SI_UNIT ( $, .RADIAN. ) );
#7972 = DIRECTION ( 'NONE',  ( -0.0000000000000000000, -0.0000000000000000000, -1.000000000000000000 ) ) ;
#7973 = DIRECTION ( 'NONE',  ( -0.0000000000000000000, -0.0000000000000000000, 1.000000000000000000 ) ) ;
#7974 = CYLINDRICAL_SURFACE ( 'NONE', #5077, 0.01999999999999995878 ) ;
#7975 = EDGE_CURVE ( 'NONE', #2816, #9621, #10074, .T. ) ;
#7976 =( LENGTH_UNIT ( ) NAMED_UNIT ( * ) SI_UNIT ( $, .METRE. ) );
#7977 = CARTESIAN_POINT ( 'NONE',  ( -0.2104510888804048685, -0.1755000000000000171, -0.1694999999999999840 ) ) ;
#7978 = AXIS2_PLACEMENT_3D ( 'NONE', #3208, #9414, #8672 ) ;
#7979 = ORIENTED_EDGE ( 'NONE', *, *, #435, .F. ) ;
#7980 =( CONVERSION_BASED_UNIT ( 'INCH', #4500 ) LENGTH_UNIT ( ) NAMED_UNIT ( #2017 ) );
#7981 = CARTESIAN_POINT ( 'NONE',  ( 0.6049999999999998712, -0.1869999999999998330, 0.01949999999999999997 ) ) ;
#7982 = CARTESIAN_POINT ( 'NONE',  ( 0.01749999999999986983, 0.05600000000000000810, -0.03565432893255038316 ) ) ;
#7983 = DIRECTION ( 'NONE',  ( -0.0000000000000000000, -0.0000000000000000000, -1.000000000000000000 ) ) ;
#7984 = ORIENTED_EDGE ( 'NONE', *, *, #5357, .F. ) ;
#7985 = UNCERTAINTY_MEASURE_WITH_UNIT (LENGTH_MEASURE( 1.000000000000000082E-05 ), #5310, 'distance_accuracy_value', 'NONE');
#7986 = VERTEX_POINT ( 'NONE', #3168 ) ;
#7987 = PRESENTATION_LAYER_ASSIGNMENT (  '', '', ( #5900 ) ) ;
#7988 = EDGE_CURVE ( 'NONE', #568, #1026, #9855, .T. ) ;
#7989 = AXIS2_PLACEMENT_3D ( 'NONE', #2794, #1146, #6703 ) ;
#7990 = LINE ( 'NONE', #8793, #5796 ) ;
#7991 = FILL_AREA_STYLE ('',( #4907 ) ) ;
#7992 = PLANE ( 'NONE',  #8928 ) ;
#7993 = FILL_AREA_STYLE ('',( #4875 ) ) ;
#7994 = CARTESIAN_POINT ( 'NONE',  ( -0.09099999999999992817, 0.05600000000000000810, -0.2195000000000000007 ) ) ;
#7995 = SURFACE_STYLE_FILL_AREA ( #9960 ) ;
#7997 = ORIENTED_EDGE ( 'NONE', *, *, #9484, .F. ) ;
#7996 = FACE_OUTER_BOUND ( 'NONE', #1311, .T. ) ;
#7998 = ORIENTED_EDGE ( 'NONE', *, *, #1943, .F. ) ;
#7999 = CARTESIAN_POINT ( 'NONE',  ( 0.08249999999999993450, -0.05599999999999999423, -0.2795000000000000262 ) ) ;
#8000 = DIMENSIONAL_EXPONENTS ( 1.000000000000000000, 0.0000000000000000000, 0.0000000000000000000, 0.0000000000000000000, 0.0000000000000000000, 0.0000000000000000000, 0.0000000000000000000 ) ;
#8001 =( CONVERSION_BASED_UNIT ( 'INCH', #3480 ) LENGTH_UNIT ( ) NAMED_UNIT ( #1542 ) );
#8002 = DIRECTION ( 'NONE',  ( -0.0000000000000000000, -0.0000000000000000000, -1.000000000000000000 ) ) ;
#8003 =( CONVERSION_BASED_UNIT ( 'INCH', #1283 ) LENGTH_UNIT ( ) NAMED_UNIT ( #206 ) );
#8004 = CARTESIAN_POINT ( 'NONE',  ( -0.2158541463311981212, -0.04866222652772274337, 0.2504999999999999449 ) ) ;
#8005 = CARTESIAN_POINT ( 'NONE',  ( -0.2359194727300702454, -0.07791654446323503791, 0.2505000000000000560 ) ) ;
#8006 = CARTESIAN_POINT ( 'NONE',  ( 0.5449999999999998179, -0.1869999999999998330, 0.01949999999999999997 ) ) ;
#8007 = AXIS2_PLACEMENT_3D ( 'NONE', #9065, #2781, #8965 ) ;
#8008 = DIRECTION ( 'NONE',  ( -0.0000000000000000000, -0.0000000000000000000, 1.000000000000000000 ) ) ;
#8009 = EDGE_CURVE ( 'NONE', #8630, #324, #3610, .T. ) ;
#8010 = EDGE_CURVE ( 'NONE', #5411, #1815, #6453, .T. ) ;
#8011 = EDGE_LOOP ( 'NONE', ( #3106, #8514, #2627, #4922 ) ) ;
#8012 = CARTESIAN_POINT ( 'NONE',  ( -0.2241859681413740923, -0.06423994224091877925, 0.2484999999999999987 ) ) ;
#8013 = DIMENSIONAL_EXPONENTS ( 1.000000000000000000, 0.0000000000000000000, 0.0000000000000000000, 0.0000000000000000000, 0.0000000000000000000, 0.0000000000000000000, 0.0000000000000000000 ) ;
#8014 = DIRECTION ( 'NONE',  ( 0.0000000000000000000, 0.0000000000000000000, -1.000000000000000000 ) ) ;
#8015 = VECTOR ( 'NONE', #4489, 39.37007874015748143 ) ;
#8016 = SURFACE_STYLE_USAGE ( .BOTH. , #2457 ) ;
#8017 = CARTESIAN_POINT ( 'NONE',  ( -0.3089318641816256594, -0.09286481776669318344, 0.03949999999999997957 ) ) ;
#8018 = ORIENTED_EDGE ( 'NONE', *, *, #261, .F. ) ;
#8019 = CARTESIAN_POINT ( 'NONE',  ( 0.6049999999999998712, -0.1869999999999998330, -0.01949999999999999997 ) ) ;
#8020 = ADVANCED_FACE ( 'NONE', ( #2030 ), #5700, .F. ) ;
#8021 = CARTESIAN_POINT ( 'NONE',  ( -0.1310000000000000886, 0.05600000000000000810, -0.2195000000000000007 ) ) ;
#8022 = CYLINDRICAL_SURFACE ( 'NONE', #1691, 0.06000000000000004635 ) ;
#8023 = PRESENTATION_LAYER_ASSIGNMENT (  '', '', ( #9250 ) ) ;
#8024 = AXIS2_PLACEMENT_3D ( 'NONE', #8569, #3798, #10120 ) ;
#8025 = VERTEX_POINT ( 'NONE', #1675 ) ;
#8026 = CARTESIAN_POINT ( 'NONE',  ( 0.1420000000000001261, -0.05600000000000000810, -0.03565432893255038316 ) ) ;
#8027 = ORIENTED_EDGE ( 'NONE', *, *, #6757, .T. ) ;
#8028 = FILL_AREA_STYLE ('',( #1748 ) ) ;
#8029 = CARTESIAN_POINT ( 'NONE',  ( 0.3680203293623581229, -0.1032837084267091282, -0.01949999999999999997 ) ) ;
#8030 = CARTESIAN_POINT ( 'NONE',  ( 0.6049999999999998712, 0.1870000000000001106, 0.01949999999999999997 ) ) ;
#8031 = CYLINDRICAL_SURFACE ( 'NONE', #9939, 0.01999999999999995878 ) ;
#8032 = DIRECTION ( 'NONE',  ( -1.000000000000000000, 6.543999663421849787E-17, -0.0000000000000000000 ) ) ;
#8033 = VERTEX_POINT ( 'NONE', #6497 ) ;
#8034 = SURFACE_SIDE_STYLE ('',( #5068 ) ) ;
#8035 = CARTESIAN_POINT ( 'NONE',  ( -0.2125292264148602450, -0.07660252437614543941, 0.2505000000000000004 ) ) ;
#8036 = DIRECTION ( 'NONE',  ( -1.000000000000000000, 0.0000000000000000000, 0.0000000000000000000 ) ) ;
#8037 = CARTESIAN_POINT ( 'NONE',  ( -0.2355683328630419904, -0.07903310997290503848, 0.2504999999999999449 ) ) ;
#8038 = AXIS2_PLACEMENT_3D ( 'NONE', #7790, #2380, #7827 ) ;
#8039 = CARTESIAN_POINT ( 'NONE',  ( -0.1900000000000000300, 0.05599999999999999423, -0.3395000000000000240 ) ) ;
#8040 = CARTESIAN_POINT ( 'NONE',  ( 0.5449999999999999289, 0.1870000000000001106, 0.01949999999999999997 ) ) ;
#8041 = ORIENTED_EDGE ( 'NONE', *, *, #3807, .T. ) ;
#8042 = DIRECTION ( 'NONE',  ( -1.000000000000000000, 0.0000000000000000000, 0.0000000000000000000 ) ) ;
#8043 = DIRECTION ( 'NONE',  ( -1.000000000000000000, 0.0000000000000000000, 0.0000000000000000000 ) ) ;
#8044 = SURFACE_SIDE_STYLE ('',( #7936 ) ) ;
#8045 = CIRCLE ( 'NONE', #235, 0.07999999999999998779 ) ;
#8046 = SURFACE_SIDE_STYLE ('',( #1743 ) ) ;
#8047 = DIMENSIONAL_EXPONENTS ( 1.000000000000000000, 0.0000000000000000000, 0.0000000000000000000, 0.0000000000000000000, 0.0000000000000000000, 0.0000000000000000000, 0.0000000000000000000 ) ;
#8048 = CARTESIAN_POINT ( 'NONE',  ( -0.2240745407376016352, -0.07927308353931075691, 0.2505000000000000560 ) ) ;
#8049 =( GEOMETRIC_REPRESENTATION_CONTEXT ( 3 ) GLOBAL_UNCERTAINTY_ASSIGNED_CONTEXT ( ( #3722 ) ) GLOBAL_UNIT_ASSIGNED_CONTEXT ( ( #3752, #6152, #3884 ) ) REPRESENTATION_CONTEXT ( 'NONE', 'WORKASPACE' ) );
#8050 = CYLINDRICAL_SURFACE ( 'NONE', #878, 0.01949999999999988895 ) ;
#8051 = EDGE_CURVE ( 'NONE', #3975, #8153, #7548, .T. ) ;
#8052 = DIRECTION ( 'NONE',  ( -0.0000000000000000000, -0.0000000000000000000, 1.000000000000000000 ) ) ;
#8053 = ORIENTED_EDGE ( 'NONE', *, *, #5193, .T. ) ;
#8054 = ORIENTED_EDGE ( 'NONE', *, *, #5777, .T. ) ;
#8055 = CARTESIAN_POINT ( 'NONE',  ( 0.2407266707886135670, 0.1141610335375898150, 0.2484999999999999154 ) ) ;
#8056 = CARTESIAN_POINT ( 'NONE',  ( -0.2104510888804048685, -0.1754999999999999893, 0.03949999999999997957 ) ) ;
#8057 = CARTESIAN_POINT ( 'NONE',  ( -0.08100000000000001643, 0.05599999999999999423, -0.3395000000000000240 ) ) ;
#8058 =( CONVERSION_BASED_UNIT ( 'INCH', #283 ) LENGTH_UNIT ( ) NAMED_UNIT ( #7228 ) );
#8059 =( GEOMETRIC_REPRESENTATION_CONTEXT ( 3 ) GLOBAL_UNCERTAINTY_ASSIGNED_CONTEXT ( ( #7723 ) ) GLOBAL_UNIT_ASSIGNED_CONTEXT ( ( #4523, #5261, #4493 ) ) REPRESENTATION_CONTEXT ( 'NONE', 'WORKASPACE' ) );
#8060 = EDGE_CURVE ( 'NONE', #9621, #2816, #9603, .T. ) ;
#8061 = EDGE_CURVE ( 'NONE', #4541, #7582, #5445, .T. ) ;
#8062 = CARTESIAN_POINT ( 'NONE',  ( 0.02799999999999997977, 0.05599999999999999423, -0.2795000000000000262 ) ) ;
#8063 = COLOUR_RGB ( '',0.7529411764705882248, 0.7529411764705882248, 0.7529411764705882248 ) ;
#8064 = CARTESIAN_POINT ( 'NONE',  ( -0.2892357091213815234, -0.08939185421335457682, -0.9827025327494508522 ) ) ;
#8065 = UNCERTAINTY_MEASURE_WITH_UNIT (LENGTH_MEASURE( 1.000000000000000082E-05 ), #369, 'distance_accuracy_value', 'NONE');
#8066 = FILL_AREA_STYLE_COLOUR ( '', #2660 ) ;
#8067 = SURFACE_STYLE_FILL_AREA ( #690 ) ;
#8068 = EDGE_LOOP ( 'NONE', ( #6244, #4222 ) ) ;
#8069 = EDGE_LOOP ( 'NONE', ( #2418, #5170, #7979, #6685 ) ) ;
#8070 = FILL_AREA_STYLE ('',( #8814 ) ) ;
#8071 = COLOUR_RGB ( '',1.000000000000000000, 1.000000000000000000, 0.0000000000000000000 ) ;
#8072 = EDGE_LOOP ( 'NONE', ( #6782, #8357, #5907, #2410 ) ) ;
#8073 = CARTESIAN_POINT ( 'NONE',  ( 0.1615000000000000047, -0.05600000000000000810, 0.01949999999999999997 ) ) ;
#8074 = VERTEX_POINT ( 'NONE', #1823 ) ;
#8075 =( LENGTH_UNIT ( ) NAMED_UNIT ( * ) SI_UNIT ( $, .METRE. ) );
#8076 = AXIS2_PLACEMENT_3D ( 'NONE', #4236, #5014, #3379 ) ;
#8077 = DIRECTION ( 'NONE',  ( -1.000000000000000000, 0.0000000000000000000, 0.0000000000000000000 ) ) ;
#8078 = DIRECTION ( 'NONE',  ( 0.0000000000000000000, 0.0000000000000000000, 1.000000000000000000 ) ) ;
#8079 = FACE_OUTER_BOUND ( 'NONE', #4667, .T. ) ;
#8080 = ORIENTED_EDGE ( 'NONE', *, *, #4714, .T. ) ;
#8081 = CARTESIAN_POINT ( 'NONE',  ( -0.2191754770714944567, -0.06093050720312638557, 0.2505000000000000004 ) ) ;
#8082 = LINE ( 'NONE', #2653, #9795 ) ;
#8083 = CYLINDRICAL_SURFACE ( 'NONE', #1505, 0.01999999999999995878 ) ;
#8084 =( CONVERSION_BASED_UNIT ( 'INCH', #8688 ) LENGTH_UNIT ( ) NAMED_UNIT ( #7247 ) );
#8085 = ORIENTED_EDGE ( 'NONE', *, *, #525, .T. ) ;
#8086 = CARTESIAN_POINT ( 'NONE',  ( 0.2393239132943598135, 0.1131111000693389851, 0.2485000000000000819 ) ) ;
#8087 = DIRECTION ( 'NONE',  ( 1.000000000000000000, 0.0000000000000000000, 0.0000000000000000000 ) ) ;
#8088 = CIRCLE ( 'NONE', #8190, 0.07999999999999998779 ) ;
#8089 = DIRECTION ( 'NONE',  ( -3.132853203743421473E-17, 1.000000000000000000, 0.0000000000000000000 ) ) ;
#8090 = CARTESIAN_POINT ( 'NONE',  ( -0.2366116528511911232, -0.06336017086859972725, 0.2485000000000000264 ) ) ;
#8091 = DIRECTION ( 'NONE',  ( -1.000000000000000000, 0.0000000000000000000, 0.0000000000000000000 ) ) ;
#8092 = AXIS2_PLACEMENT_3D ( 'NONE', #7334, #4221, #8149 ) ;
#8093 = AXIS2_PLACEMENT_3D ( 'NONE', #5328, #2247, #636 ) ;
#8094 = DIMENSIONAL_EXPONENTS ( 1.000000000000000000, 0.0000000000000000000, 0.0000000000000000000, 0.0000000000000000000, 0.0000000000000000000, 0.0000000000000000000, 0.0000000000000000000 ) ;
#8095 =( GEOMETRIC_REPRESENTATION_CONTEXT ( 3 ) GLOBAL_UNCERTAINTY_ASSIGNED_CONTEXT ( ( #1712 ) ) GLOBAL_UNIT_ASSIGNED_CONTEXT ( ( #7273, #3369, #7945 ) ) REPRESENTATION_CONTEXT ( 'NONE', 'WORKASPACE' ) );
#8096 = CARTESIAN_POINT ( 'NONE',  ( 0.2104510888804048685, -0.1555000000000000271, -0.2195000000000000839 ) ) ;
#8097 = CARTESIAN_POINT ( 'NONE',  ( -0.5450000000000000400, 0.2470000000000000806, 0.01949999999999999997 ) ) ;
#8098 = LINE ( 'NONE', #3333, #1342 ) ;
#8099 = CIRCLE ( 'NONE', #862, 0.05600000000000002892 ) ;
#8100 = CARTESIAN_POINT ( 'NONE',  ( -0.2334876612941061969, -0.08267577376320169036, 0.2504999999999999449 ) ) ;
#8101 = VECTOR ( 'NONE', #3817, 39.37007874015748143 ) ;
#8102 = ORIENTED_EDGE ( 'NONE', *, *, #3485, .F. ) ;
#8103 = ORIENTED_EDGE ( 'NONE', *, *, #4826, .F. ) ;
#8104 = CARTESIAN_POINT ( 'NONE',  ( 0.2520824406929609296, 0.08050000000000007150, 0.2484999999999999987 ) ) ;
#8105 =( CONVERSION_BASED_UNIT ( 'INCH', #4799 ) LENGTH_UNIT ( ) NAMED_UNIT ( #5743 ) );
#8106 = PRESENTATION_LAYER_ASSIGNMENT (  '', '', ( #9331 ) ) ;
#8107 = EDGE_CURVE ( 'NONE', #3245, #6722, #2273, .T. ) ;
#8108 = LENGTH_MEASURE_WITH_UNIT ( LENGTH_MEASURE( 0.02539999999999999897 ), #4675 );
#8109 =( CONVERSION_BASED_UNIT ( 'INCH', #9541 ) LENGTH_UNIT ( ) NAMED_UNIT ( #6918 ) );
#8110 = SURFACE_STYLE_FILL_AREA ( #3329 ) ;
#8111 =( LENGTH_UNIT ( ) NAMED_UNIT ( * ) SI_UNIT ( $, .METRE. ) );
#8112 = ORIENTED_EDGE ( 'NONE', *, *, #9567, .T. ) ;
#8113 = UNCERTAINTY_MEASURE_WITH_UNIT (LENGTH_MEASURE( 1.000000000000000082E-05 ), #7234, 'distance_accuracy_value', 'NONE');
#8114 = DIRECTION ( 'NONE',  ( -1.000000000000000000, 0.0000000000000000000, 0.0000000000000000000 ) ) ;
#8115 =( NAMED_UNIT ( * ) PLANE_ANGLE_UNIT ( ) SI_UNIT ( $, .RADIAN. ) );
#8116 = ORIENTED_EDGE ( 'NONE', *, *, #6700, .T. ) ;
#8117 = CIRCLE ( 'NONE', #1663, 0.01949999999999988895 ) ;
#8118 = DIRECTION ( 'NONE',  ( -1.000000000000000000, 8.537024980200818860E-16, 0.0000000000000000000 ) ) ;
#8119 = PRESENTATION_STYLE_ASSIGNMENT (( #8277 ) ) ;
#8120 = VECTOR ( 'NONE', #4141, 39.37007874015748143 ) ;
#8121 = ADVANCED_FACE ( 'NONE', ( #2259 ), #8031, .F. ) ;
#8122 = ORIENTED_EDGE ( 'NONE', *, *, #5973, .F. ) ;
#8123 = ORIENTED_EDGE ( 'NONE', *, *, #7590, .F. ) ;
#8124 = PRESENTATION_LAYER_ASSIGNMENT (  '', '', ( #2819 ) ) ;
#8125 = EDGE_CURVE ( 'NONE', #4140, #1136, #9340, .T. ) ;
#8126 = PRESENTATION_LAYER_ASSIGNMENT (  '', '', ( #975 ) ) ;
#8127 = DIRECTION ( 'NONE',  ( 1.000000000000000000, 0.0000000000000000000, 0.0000000000000000000 ) ) ;
#8128 = DIRECTION ( 'NONE',  ( -0.0000000000000000000, -0.0000000000000000000, -1.000000000000000000 ) ) ;
#8129 = CARTESIAN_POINT ( 'NONE',  ( -0.2286502561845348003, -0.07461070212339741825, 0.2505000000000000004 ) ) ;
#8130 = DIRECTION ( 'NONE',  ( 0.0000000000000000000, -0.0000000000000000000, 1.000000000000000000 ) ) ;
#8131 = LINE ( 'NONE', #3228, #5419 ) ;
#8132 = ORIENTED_EDGE ( 'NONE', *, *, #3148, .F. ) ;
#8133 = ORIENTED_EDGE ( 'NONE', *, *, #8979, .T. ) ;
#8134 = VERTEX_POINT ( 'NONE', #265 ) ;
#8135 = FILL_AREA_STYLE ('',( #5778 ) ) ;
#8136 =( NAMED_UNIT ( * ) SI_UNIT ( $, .STERADIAN. ) SOLID_ANGLE_UNIT ( ) );
#8137 = CARTESIAN_POINT ( 'NONE',  ( -0.2320691367175601594, -0.08400430297533192925, 0.2484999999999999154 ) ) ;
#8138 = UNCERTAINTY_MEASURE_WITH_UNIT (LENGTH_MEASURE( 1.000000000000000082E-05 ), #9619, 'distance_accuracy_value', 'NONE');
#8139 = CARTESIAN_POINT ( 'NONE',  ( -0.2196633295073140979, -0.06194184244307657239, 0.2504999999999999449 ) ) ;
#8140 = STYLED_ITEM ( 'NONE', ( #10055 ), #8628 ) ;
#8141 = AXIS2_PLACEMENT_3D ( 'NONE', #7746, #5417, #3130 ) ;
#8142 = LINE ( 'NONE', #7608, #8370 ) ;
#8143 = DIRECTION ( 'NONE',  ( -0.0000000000000000000, -0.0000000000000000000, 1.000000000000000000 ) ) ;
#8144 = ORIENTED_EDGE ( 'NONE', *, *, #310, .T. ) ;
#8145 = DIRECTION ( 'NONE',  ( 1.000000000000000000, -0.0000000000000000000, -0.0000000000000000000 ) ) ;
#8146 = ORIENTED_EDGE ( 'NONE', *, *, #6405, .F. ) ;
#8147 = DIRECTION ( 'NONE',  ( -1.000000000000000000, 0.0000000000000000000, -0.0000000000000000000 ) ) ;
#8148 = CARTESIAN_POINT ( 'NONE',  ( -0.2249575488660731648, -0.05181091230876645748, 0.2484999999999999987 ) ) ;
#8149 = DIRECTION ( 'NONE',  ( 0.0000000000000000000, -0.0000000000000000000, -1.000000000000000000 ) ) ;
#8150 = CARTESIAN_POINT ( 'NONE',  ( -0.2195090675318231155, -0.07550007305500083810, 0.2505000000000000560 ) ) ;
#8151 =( CONVERSION_BASED_UNIT ( 'INCH', #9086 ) LENGTH_UNIT ( ) NAMED_UNIT ( #5575 ) );
#8152 = VECTOR ( 'NONE', #977, 39.37007874015748143 ) ;
#8153 = VERTEX_POINT ( 'NONE', #9513 ) ;
#8154 = DIRECTION ( 'NONE',  ( -0.0000000000000000000, -0.0000000000000000000, 1.000000000000000000 ) ) ;
#8155 = ORIENTED_EDGE ( 'NONE', *, *, #1818, .F. ) ;
#8156 =( LENGTH_UNIT ( ) NAMED_UNIT ( * ) SI_UNIT ( $, .METRE. ) );
#8157 = AXIS2_PLACEMENT_3D ( 'NONE', #2887, #489, #2854 ) ;
#8158 = LENGTH_MEASURE_WITH_UNIT ( LENGTH_MEASURE( 0.02539999999999999897 ), #3689 );
#8159 = CARTESIAN_POINT ( 'NONE',  ( -0.2247693233847634919, -0.04505403645833331444, 0.2484999999999999987 ) ) ;
#8160 =( GEOMETRIC_REPRESENTATION_CONTEXT ( 3 ) GLOBAL_UNCERTAINTY_ASSIGNED_CONTEXT ( ( #4674 ) ) GLOBAL_UNIT_ASSIGNED_CONTEXT ( ( #892, #3090, #5504 ) ) REPRESENTATION_CONTEXT ( 'NONE', 'WORKASPACE' ) );
#8161 = FACE_OUTER_BOUND ( 'NONE', #7725, .T. ) ;
#8162 = DIRECTION ( 'NONE',  ( -1.000000000000000000, 8.537024980200819846E-16, 0.0000000000000000000 ) ) ;
#8163 = DIRECTION ( 'NONE',  ( -0.0000000000000000000, -0.0000000000000000000, -1.000000000000000000 ) ) ;
#8164 = ORIENTED_EDGE ( 'NONE', *, *, #5357, .T. ) ;
#8165 = CARTESIAN_POINT ( 'NONE',  ( 0.02250000000000003386, -0.05600000000000000810, -0.3395000000000000240 ) ) ;
#8166 = CARTESIAN_POINT ( 'NONE',  ( -0.2140254582707234732, -0.07982701102396680404, 0.2484999999999999987 ) ) ;
#8167 = PLANE ( 'NONE',  #4622 ) ;
#8168 = ORIENTED_EDGE ( 'NONE', *, *, #1018, .T. ) ;
#8169 = PRESENTATION_STYLE_ASSIGNMENT (( #23 ) ) ;
#8170 = CARTESIAN_POINT ( 'NONE',  ( -0.2200000000000000011, 0.05600000000000000810, -0.2195000000000000007 ) ) ;
#8171 = CARTESIAN_POINT ( 'NONE',  ( -0.1455000000000000460, -0.05600000000000000810, -0.2013975032409335841 ) ) ;
#8172 = DIRECTION ( 'NONE',  ( -1.000000000000000000, 0.0000000000000000000, 0.0000000000000000000 ) ) ;
#8173 = STYLED_ITEM ( 'NONE', ( #7050 ), #5815 ) ;
#8174 = EDGE_CURVE ( 'NONE', #6750, #3788, #1763, .T. ) ;
#8175 = ORIENTED_EDGE ( 'NONE', *, *, #8829, .T. ) ;
#8176 = UNCERTAINTY_MEASURE_WITH_UNIT (LENGTH_MEASURE( 1.000000000000000082E-05 ), #2048, 'distance_accuracy_value', 'NONE');
#8177 = CARTESIAN_POINT ( 'NONE',  ( -0.2188106567709574291, -0.05909692165276578951, 0.2505000000000001115 ) ) ;
#8178 =( GEOMETRIC_REPRESENTATION_CONTEXT ( 3 ) GLOBAL_UNCERTAINTY_ASSIGNED_CONTEXT ( ( #6111 ) ) GLOBAL_UNIT_ASSIGNED_CONTEXT ( ( #32, #10130, #8817 ) ) REPRESENTATION_CONTEXT ( 'NONE', 'WORKASPACE' ) );
#8179 = CARTESIAN_POINT ( 'NONE',  ( -0.08100000000000001643, 0.05599999999999999423, -0.2795000000000000262 ) ) ;
#8180 = LINE ( 'NONE', #8539, #1791 ) ;
#8181 = VECTOR ( 'NONE', #9745, 39.37007874015748143 ) ;
#8182 = LENGTH_MEASURE_WITH_UNIT ( LENGTH_MEASURE( 0.02539999999999999897 ), #4501 );
#8183 = CARTESIAN_POINT ( 'NONE',  ( -0.2200000000000000011, 0.05600000000000000810, -0.2795000000000000262 ) ) ;
#8184 = CARTESIAN_POINT ( 'NONE',  ( -0.2291341174891958765, -0.05454883783410388598, 0.2484999999999999987 ) ) ;
#8185 = CARTESIAN_POINT ( 'NONE',  ( -0.2320691367175601594, -0.08400430297533192925, 0.2504999999999999449 ) ) ;
#8186 = ORIENTED_EDGE ( 'NONE', *, *, #379, .T. ) ;
#8187 = SURFACE_SIDE_STYLE ('',( #9699 ) ) ;
#8188 = CARTESIAN_POINT ( 'NONE',  ( -0.2182215279723935253, -0.06818332443695852840, 0.2484999999999999987 ) ) ;
#8189 = CARTESIAN_POINT ( 'NONE',  ( -0.2253004722196179088, -0.06418819887060302209, 0.2485000000000000542 ) ) ;
#8190 = AXIS2_PLACEMENT_3D ( 'NONE', #4077, #3295, #5689 ) ;
#8191 = EDGE_CURVE ( 'NONE', #1383, #4126, #3114, .T. ) ;
#8192 = DIRECTION ( 'NONE',  ( 1.000000000000000000, 0.0000000000000000000, 0.0000000000000000000 ) ) ;
#8193 = SURFACE_STYLE_FILL_AREA ( #7567 ) ;
#8194 = VERTEX_POINT ( 'NONE', #901 ) ;
#8195 = ORIENTED_EDGE ( 'NONE', *, *, #9105, .T. ) ;
#8196 = SURFACE_STYLE_USAGE ( .BOTH. , #5046 ) ;
#8197 = DIRECTION ( 'NONE',  ( 1.000000000000000000, -0.0000000000000000000, 0.0000000000000000000 ) ) ;
#8198 =( NAMED_UNIT ( * ) SI_UNIT ( $, .STERADIAN. ) SOLID_ANGLE_UNIT ( ) );
#8199 = CARTESIAN_POINT ( 'NONE',  ( 0.2609115348192674322, 0.2355000000000000426, -0.03950000000000000039 ) ) ;
#8200 =( CONVERSION_BASED_UNIT ( 'INCH', #160 ) LENGTH_UNIT ( ) NAMED_UNIT ( #9572 ) );
#8201 = CARTESIAN_POINT ( 'NONE',  ( 0.2159999999999999976, 0.05600000000000000810, 0.01949999999999999997 ) ) ;
#8202 = FACE_OUTER_BOUND ( 'NONE', #1624, .T. ) ;
#8203 = DIMENSIONAL_EXPONENTS ( 1.000000000000000000, 0.0000000000000000000, 0.0000000000000000000, 0.0000000000000000000, 0.0000000000000000000, 0.0000000000000000000, 0.0000000000000000000 ) ;
#8204 = MECHANICAL_DESIGN_GEOMETRIC_PRESENTATION_REPRESENTATION (  '', ( #4712 ), #6103 ) ;
#8205 = EDGE_CURVE ( 'NONE', #7743, #345, #8865, .T. ) ;
#8206 = EDGE_CURVE ( 'NONE', #5914, #6750, #3256, .T. ) ;
#8207 = SURFACE_STYLE_USAGE ( .BOTH. , #5092 ) ;
#8208 =( LENGTH_UNIT ( ) NAMED_UNIT ( * ) SI_UNIT ( $, .METRE. ) );
#8209 = VECTOR ( 'NONE', #5249, 39.37007874015748143 ) ;
#8210 = CARTESIAN_POINT ( 'NONE',  ( 0.1070000000000000118, 0.05600000000000000810, 0.01949999999999999997 ) ) ;
#8211 = CARTESIAN_POINT ( 'NONE',  ( -0.002000000000000006113, 0.05600000000000000810, -0.2195000000000000007 ) ) ;
#8212 = CARTESIAN_POINT ( 'NONE',  ( 0.5449999999999999289, 0.1870000000000001106, -0.01949999999999999997 ) ) ;
#8213 = EDGE_LOOP ( 'NONE', ( #1888, #3361 ) ) ;
#8214 = DIRECTION ( 'NONE',  ( 0.0000000000000000000, 0.0000000000000000000, -1.000000000000000000 ) ) ;
#8215 = LINE ( 'NONE', #6411, #6136 ) ;
#8216 = DIRECTION ( 'NONE',  ( -1.000000000000000000, 0.0000000000000000000, 0.0000000000000000000 ) ) ;
#8217 = DIMENSIONAL_EXPONENTS ( 1.000000000000000000, 0.0000000000000000000, 0.0000000000000000000, 0.0000000000000000000, 0.0000000000000000000, 0.0000000000000000000, 0.0000000000000000000 ) ;
#8218 = AXIS2_PLACEMENT_3D ( 'NONE', #7776, #722, #7739 ) ;
#8219 = FILL_AREA_STYLE ('',( #8247 ) ) ;
#8220 =( GEOMETRIC_REPRESENTATION_CONTEXT ( 3 ) GLOBAL_UNCERTAINTY_ASSIGNED_CONTEXT ( ( #7046 ) ) GLOBAL_UNIT_ASSIGNED_CONTEXT ( ( #5338, #3109, #7696 ) ) REPRESENTATION_CONTEXT ( 'NONE', 'WORKASPACE' ) );
#8221 = CARTESIAN_POINT ( 'NONE',  ( -0.2294856898094947972, -0.06008635027615578938, 0.2484999999999999709 ) ) ;
#8222 =( GEOMETRIC_REPRESENTATION_CONTEXT ( 3 ) GLOBAL_UNCERTAINTY_ASSIGNED_CONTEXT ( ( #4354 ) ) GLOBAL_UNIT_ASSIGNED_CONTEXT ( ( #4567, #5458, #779 ) ) REPRESENTATION_CONTEXT ( 'NONE', 'WORKASPACE' ) );
#8223 = FILL_AREA_STYLE_COLOUR ( '', #4951 ) ;
#8224 = DIRECTION ( 'NONE',  ( 0.0000000000000000000, 0.0000000000000000000, 1.000000000000000000 ) ) ;
#8225 = ORIENTED_EDGE ( 'NONE', *, *, #9230, .T. ) ;
#8226 = CARTESIAN_POINT ( 'NONE',  ( 0.1269999999999999740, 0.05599999999999999423, -0.2795000000000000262 ) ) ;
#8227 =( CONVERSION_BASED_UNIT ( 'INCH', #6495 ) LENGTH_UNIT ( ) NAMED_UNIT ( #3834 ) );
#8228 =( NAMED_UNIT ( * ) PLANE_ANGLE_UNIT ( ) SI_UNIT ( $, .RADIAN. ) );
#8229 = SURFACE_STYLE_FILL_AREA ( #5352 ) ;
#8230 = PRESENTATION_LAYER_ASSIGNMENT (  '', '', ( #6864 ) ) ;
#8231 = ORIENTED_EDGE ( 'NONE', *, *, #2078, .T. ) ;
#8232 = MECHANICAL_DESIGN_GEOMETRIC_PRESENTATION_REPRESENTATION (  '', ( #2451 ), #5461 ) ;
#8233 = STYLED_ITEM ( 'NONE', ( #3996 ), #2165 ) ;
#8234 = ORIENTED_EDGE ( 'NONE', *, *, #5704, .F. ) ;
#8235 = EDGE_LOOP ( 'NONE', ( #4027, #8870, #4365, #3925 ) ) ;
#8236 = FILL_AREA_STYLE_COLOUR ( '', #5573 ) ;
#8237 = COLOUR_RGB ( '',0.9294117647058823817, 0.7607843137254901578, 0.4784313725490195734 ) ;
#8238 = CARTESIAN_POINT ( 'NONE',  ( 0.2609115348192674322, 0.1555000000000000826, -0.1494999999999999940 ) ) ;
#8240 = EDGE_LOOP ( 'NONE', ( #1092, #1645, #1132, #9246 ) ) ;
#8239 = SURFACE_STYLE_FILL_AREA ( #6336 ) ;
#8241 = UNCERTAINTY_MEASURE_WITH_UNIT (LENGTH_MEASURE( 1.000000000000000082E-05 ), #2033, 'distance_accuracy_value', 'NONE');
#8242 = PRESENTATION_LAYER_ASSIGNMENT (  '', '', ( #3056 ) ) ;
#8243 = EDGE_CURVE ( 'NONE', #8275, #3890, #9005, .T. ) ;
#8244 = DIRECTION ( 'NONE',  ( 0.0000000000000000000, 0.0000000000000000000, -1.000000000000000000 ) ) ;
#8245 =( CONVERSION_BASED_UNIT ( 'INCH', #82 ) LENGTH_UNIT ( ) NAMED_UNIT ( #8047 ) );
#8246 =( LENGTH_UNIT ( ) NAMED_UNIT ( * ) SI_UNIT ( $, .METRE. ) );
#8247 = FILL_AREA_STYLE_COLOUR ( '', #7872 ) ;
#8248 = DIMENSIONAL_EXPONENTS ( 1.000000000000000000, 0.0000000000000000000, 0.0000000000000000000, 0.0000000000000000000, 0.0000000000000000000, 0.0000000000000000000, 0.0000000000000000000 ) ;
#8249 = COLOUR_RGB ( '',0.9294117647058823817, 0.7607843137254901578, 0.4784313725490195734 ) ;
#8250 = CARTESIAN_POINT ( 'NONE',  ( -0.03199999999999999373, 0.05600000000000000810, -0.2795000000000000262 ) ) ;
#8251 = VECTOR ( 'NONE', #1461, 39.37007874015748143 ) ;
#8253 = ORIENTED_EDGE ( 'NONE', *, *, #6835, .F. ) ;
#8252 = LINE ( 'NONE', #4631, #9586 ) ;
#8254 =( NAMED_UNIT ( * ) PLANE_ANGLE_UNIT ( ) SI_UNIT ( $, .RADIAN. ) );
#8255 = LENGTH_MEASURE_WITH_UNIT ( LENGTH_MEASURE( 0.02539999999999999897 ), #4912 );
#8256 = ORIENTED_EDGE ( 'NONE', *, *, #8365, .T. ) ;
#8257 = MECHANICAL_DESIGN_GEOMETRIC_PRESENTATION_REPRESENTATION (  '', ( #2345 ), #2879 ) ;
#8258 = CARTESIAN_POINT ( 'NONE',  ( -0.2192709254435656341, -0.04620110333184510726, 0.2485000000000000264 ) ) ;
#8259 = LINE ( 'NONE', #9018, #5822 ) ;
#8260 = EDGE_CURVE ( 'NONE', #79, #2427, #796, .T. ) ;
#8261 = EDGE_CURVE ( 'NONE', #2509, #1316, #5325, .T. ) ;
#8262 = DIRECTION ( 'NONE',  ( -0.0000000000000000000, -0.0000000000000000000, -1.000000000000000000 ) ) ;
#8263 = DIRECTION ( 'NONE',  ( 0.0000000000000000000, -1.000000000000000000, 0.0000000000000000000 ) ) ;
#8264 = CARTESIAN_POINT ( 'NONE',  ( 0.2520824406929609296, 0.08050000000000007150, 0.2505000000000000004 ) ) ;
#8265 = FACE_BOUND ( 'NONE', #5609, .T. ) ;
#8266 = DIRECTION ( 'NONE',  ( 0.0000000000000000000, 0.0000000000000000000, -1.000000000000000000 ) ) ;
#8267 = ORIENTED_EDGE ( 'NONE', *, *, #2346, .T. ) ;
#8268 = DIRECTION ( 'NONE',  ( 0.1736481776669315802, 0.9848077530122077983, -0.0000000000000000000 ) ) ;
#8269 = ORIENTED_EDGE ( 'NONE', *, *, #2065, .T. ) ;
#8270 = CARTESIAN_POINT ( 'NONE',  ( 0.1415000000000000424, -0.05599999999999999423, -0.2013975032409335841 ) ) ;
#8271 = CARTESIAN_POINT ( 'NONE',  ( 0.3200000000000000067, 0.08508110933998415393, -0.2195000000000000839 ) ) ;
#8272 = AXIS2_PLACEMENT_3D ( 'NONE', #470, #6051, #1339 ) ;
#8273 = VECTOR ( 'NONE', #196, 39.37007874015748143 ) ;
#8274 = EDGE_LOOP ( 'NONE', ( #2031, #1577, #1886, #9849 ) ) ;
#8275 = VERTEX_POINT ( 'NONE', #1889 ) ;
#8276 = DIRECTION ( 'NONE',  ( -0.0000000000000000000, -0.0000000000000000000, 1.000000000000000000 ) ) ;
#8277 = SURFACE_STYLE_USAGE ( .BOTH. , #1165 ) ;
#8278 = DIRECTION ( 'NONE',  ( 1.000000000000000000, 0.0000000000000000000, 0.0000000000000000000 ) ) ;
#8279 = CARTESIAN_POINT ( 'NONE',  ( -0.2286400537097231789, -0.04554222899766088850, 0.2485000000000000542 ) ) ;
#8280 = ORIENTED_EDGE ( 'NONE', *, *, #3915, .T. ) ;
#8281 = AXIS2_PLACEMENT_3D ( 'NONE', #129, #3421, #236 ) ;
#8282 = VECTOR ( 'NONE', #5365, 39.37007874015748143 ) ;
#8283 = DIRECTION ( 'NONE',  ( -0.1736481776669315802, 0.9848077530122077983, 0.0000000000000000000 ) ) ;
#8284 = MECHANICAL_DESIGN_GEOMETRIC_PRESENTATION_REPRESENTATION (  '', ( #4104 ), #3386 ) ;
#8285 = DIRECTION ( 'NONE',  ( 0.0000000000000000000, 0.0000000000000000000, -1.000000000000000000 ) ) ;
#8286 = VECTOR ( 'NONE', #9843, 39.37007874015748143 ) ;
#8287 = CARTESIAN_POINT ( 'NONE',  ( 0.2609115348192674322, 0.1955000000000000626, -0.1694999999999999840 ) ) ;
#8288 = DIRECTION ( 'NONE',  ( -0.0000000000000000000, -0.0000000000000000000, -1.000000000000000000 ) ) ;
#8289 = CARTESIAN_POINT ( 'NONE',  ( -0.2295993281449142109, -0.05939820881500178229, 0.2505000000000000004 ) ) ;
#8290 = SURFACE_STYLE_USAGE ( .BOTH. , #6841 ) ;
#8291 = ORIENTED_EDGE ( 'NONE', *, *, #791, .T. ) ;
#8292 = UNCERTAINTY_MEASURE_WITH_UNIT (LENGTH_MEASURE( 1.000000000000000082E-05 ), #5034, 'distance_accuracy_value', 'NONE');
#8293 = FILL_AREA_STYLE_COLOUR ( '', #6299 ) ;
#8294 = DIRECTION ( 'NONE',  ( 0.0000000000000000000, 0.0000000000000000000, -1.000000000000000000 ) ) ;
#8295 = VECTOR ( 'NONE', #942, 39.37007874015748143 ) ;
#8296 = FILL_AREA_STYLE ('',( #2833 ) ) ;
#8297 = MECHANICAL_DESIGN_GEOMETRIC_PRESENTATION_REPRESENTATION (  '', ( #2201 ), #8624 ) ;
#8298 = EDGE_CURVE ( 'NONE', #9770, #8777, #2142, .T. ) ;
#8299 = CARTESIAN_POINT ( 'NONE',  ( 0.07700000000000002676, 0.05600000000000000810, -0.2195000000000000007 ) ) ;
#8300 = ORIENTED_EDGE ( 'NONE', *, *, #8378, .T. ) ;
#8301 = SURFACE_STYLE_FILL_AREA ( #8758 ) ;
#8302 = CARTESIAN_POINT ( 'NONE',  ( -0.2278093944928561432, -0.07748199574986569527, 0.2485000000000000819 ) ) ;
#8303 = CARTESIAN_POINT ( 'NONE',  ( -0.2234911601521273050, -0.05185065523017487465, 0.2485000000000000542 ) ) ;
#8304 = FACE_OUTER_BOUND ( 'NONE', #1987, .T. ) ;
#8305 = DIMENSIONAL_EXPONENTS ( 1.000000000000000000, 0.0000000000000000000, 0.0000000000000000000, 0.0000000000000000000, 0.0000000000000000000, 0.0000000000000000000, 0.0000000000000000000 ) ;
#8306 = CARTESIAN_POINT ( 'NONE',  ( 0.5449999999999999289, 0.2470000000000000806, 0.01949999999999999997 ) ) ;
#8307 = ORIENTED_EDGE ( 'NONE', *, *, #6773, .F. ) ;
#8308 = CARTESIAN_POINT ( 'NONE',  ( -0.1460000000000001574, -0.05600000000000000810, 0.2505000000000000004 ) ) ;
#8309 = ORIENTED_EDGE ( 'NONE', *, *, #4902, .F. ) ;
#8310 = STYLED_ITEM ( 'NONE', ( #10008 ), #6951 ) ;
#8311 = EDGE_CURVE ( 'NONE', #9824, #8565, #5091, .T. ) ;
#8312 =( GEOMETRIC_REPRESENTATION_CONTEXT ( 3 ) GLOBAL_UNCERTAINTY_ASSIGNED_CONTEXT ( ( #3791 ) ) GLOBAL_UNIT_ASSIGNED_CONTEXT ( ( #8058, #5589, #5740 ) ) REPRESENTATION_CONTEXT ( 'NONE', 'WORKASPACE' ) );
#8313 = CARTESIAN_POINT ( 'NONE',  ( -0.2374654020846416469, -0.05822004021538626506, 0.2484999999999999987 ) ) ;
#8314 = EDGE_LOOP ( 'NONE', ( #10104, #1074, #5958, #6288 ) ) ;
#8315 = CARTESIAN_POINT ( 'NONE',  ( -0.03650000000000006017, -0.05599999999999999423, -0.2795000000000000262 ) ) ;
#8316 = VECTOR ( 'NONE', #7225, 39.37007874015748143 ) ;
#8317 = FACE_OUTER_BOUND ( 'NONE', #3065, .T. ) ;
#8318 =( CONVERSION_BASED_UNIT ( 'INCH', #7949 ) LENGTH_UNIT ( ) NAMED_UNIT ( #4662 ) );
#8319 = ORIENTED_EDGE ( 'NONE', *, *, #3981, .T. ) ;
#8320 =( CONVERSION_BASED_UNIT ( 'INCH', #323 ) LENGTH_UNIT ( ) NAMED_UNIT ( #8248 ) );
#8321 = DIRECTION ( 'NONE',  ( 0.0000000000000000000, 0.0000000000000000000, 1.000000000000000000 ) ) ;
#8322 = CARTESIAN_POINT ( 'NONE',  ( -0.2284897234807755362, -0.06228955852823411798, 0.2505000000000000004 ) ) ;
#8323 =( NAMED_UNIT ( * ) PLANE_ANGLE_UNIT ( ) SI_UNIT ( $, .RADIAN. ) );
#8324 = EDGE_CURVE ( 'NONE', #5558, #2060, #1393, .T. ) ;
#8325 = AXIS2_PLACEMENT_3D ( 'NONE', #8006, #3394, #2452 ) ;
#8326 =( NAMED_UNIT ( * ) PLANE_ANGLE_UNIT ( ) SI_UNIT ( $, .RADIAN. ) );
#8327 = LENGTH_MEASURE_WITH_UNIT ( LENGTH_MEASURE( 0.02539999999999999897 ), #5495 );
#8328 = DIRECTION ( 'NONE',  ( 0.0000000000000000000, 0.0000000000000000000, 1.000000000000000000 ) ) ;
#8329 = CARTESIAN_POINT ( 'NONE',  ( -0.2104510888804048685, -0.07550000000000001155, -0.1494999999999999940 ) ) ;
#8330 = VECTOR ( 'NONE', #3971, 39.37007874015748143 ) ;
#8331 = CARTESIAN_POINT ( 'NONE',  ( 0.1615000000000000047, -0.05600000000000000810, -0.2195000000000000007 ) ) ;
#8332 = DIRECTION ( 'NONE',  ( -1.000000000000000000, 0.0000000000000000000, 0.0000000000000000000 ) ) ;
#8333 = SURFACE_SIDE_STYLE ('',( #9998 ) ) ;
#8334 = CYLINDRICAL_SURFACE ( 'NONE', #4129, 0.01999999999999995878 ) ;
#8335 = FILL_AREA_STYLE ('',( #2838 ) ) ;
#8336 = ORIENTED_EDGE ( 'NONE', *, *, #9826, .T. ) ;
#8337 = AXIS2_PLACEMENT_3D ( 'NONE', #7641, #1358, #3678 ) ;
#8338 = EDGE_LOOP ( 'NONE', ( #2862, #5093, #4349, #9841 ) ) ;
#8339 = AXIS2_PLACEMENT_3D ( 'NONE', #2296, #7763, #284 ) ;
#8340 = CARTESIAN_POINT ( 'NONE',  ( -0.2319903295482025063, -0.04707222006503068712, 0.2484999999999999709 ) ) ;
#8342 = ORIENTED_EDGE ( 'NONE', *, *, #2734, .F. ) ;
#8341 = FACE_OUTER_BOUND ( 'NONE', #3461, .T. ) ;
#8343 = B_SPLINE_CURVE_WITH_KNOTS ( 'NONE', 3,
 ( #6823, #673, #4707, #5456, #3137, #7042, #8567, #7789, #777, #3926, #7826, #2406, #60, #3891, #8673 ),
 .UNSPECIFIED., .F., .F.,
 ( 4, 1, 1, 1, 1, 1, 1, 1, 1, 1, 1, 1, 4 ),
 ( 0.0000000000000000000, 0.07812636888353749476, 0.1518386126524806368, 0.2214787026593711960, 0.2883218449895933455, 0.3535121359603214941, 0.4164239604785008875, 0.4789155420202590441, 0.5411742382343336377, 0.6613623320156010177, 0.7750504512098750354, 0.8860655164346460388, 1.000000000000000000 ),
 .UNSPECIFIED. ) ;
#8344 = SURFACE_SIDE_STYLE ('',( #2213 ) ) ;
#8345 = VERTEX_POINT ( 'NONE', #5805 ) ;
#8346 = CARTESIAN_POINT ( 'NONE',  ( -0.3609115348192674100, 0.09550000000000004319, -0.1494999999999999940 ) ) ;
#8347 = CARTESIAN_POINT ( 'NONE',  ( -0.2272850819573397074, -0.07814920392745626498, 0.2504999999999998894 ) ) ;
#8348 =( LENGTH_UNIT ( ) NAMED_UNIT ( * ) SI_UNIT ( $, .METRE. ) );
#8349 = CARTESIAN_POINT ( 'NONE',  ( 0.1070000000000000118, 0.05600000000000000810, -0.3395000000000000240 ) ) ;
#8350 = LENGTH_MEASURE_WITH_UNIT ( LENGTH_MEASURE( 0.02539999999999999897 ), #5435 );
#8351 = STYLED_ITEM ( 'NONE', ( #8369 ), #5926 ) ;
#8352 = DIMENSIONAL_EXPONENTS ( 1.000000000000000000, 0.0000000000000000000, 0.0000000000000000000, 0.0000000000000000000, 0.0000000000000000000, 0.0000000000000000000, 0.0000000000000000000 ) ;
#8353 = EDGE_CURVE ( 'NONE', #8608, #9791, #6442, .T. ) ;
#8354 = CYLINDRICAL_SURFACE ( 'NONE', #4789, 0.02999999999999993991 ) ;
#8355 = MECHANICAL_DESIGN_GEOMETRIC_PRESENTATION_REPRESENTATION (  '', ( #5892 ), #7466 ) ;
#8357 = ORIENTED_EDGE ( 'NONE', *, *, #2533, .T. ) ;
#8356 = CYLINDRICAL_SURFACE ( 'NONE', #4280, 0.05600000000000002892 ) ;
#8358 = DIRECTION ( 'NONE',  ( -0.0000000000000000000, -0.0000000000000000000, 1.000000000000000000 ) ) ;
#8359 = ADVANCED_FACE ( 'NONE', ( #8629 ), #3544, .T. ) ;
#8360 = DIRECTION ( 'NONE',  ( -0.1736481776669303589, 0.9848077530122082424, 0.0000000000000000000 ) ) ;
#8361 = DIRECTION ( 'NONE',  ( -0.1736481776669317745, 0.9848077530122077983, 0.0000000000000000000 ) ) ;
#8362 = ORIENTED_EDGE ( 'NONE', *, *, #3542, .F. ) ;
#8363 =( GEOMETRIC_REPRESENTATION_CONTEXT ( 3 ) GLOBAL_UNCERTAINTY_ASSIGNED_CONTEXT ( ( #9959 ) ) GLOBAL_UNIT_ASSIGNED_CONTEXT ( ( #4687, #10062, #1425 ) ) REPRESENTATION_CONTEXT ( 'NONE', 'WORKASPACE' ) );
#8364 = CARTESIAN_POINT ( 'NONE',  ( -0.5450000000000000400, 0.1870000000000001106, 0.01949999999999999997 ) ) ;
#8365 = EDGE_CURVE ( 'NONE', #6523, #9666, #2508, .T. ) ;
#8366 = ADVANCED_FACE ( 'NONE', ( #429 ), #6931, .F. ) ;
#8367 =( NAMED_UNIT ( * ) SI_UNIT ( $, .STERADIAN. ) SOLID_ANGLE_UNIT ( ) );
#8368 =( NAMED_UNIT ( * ) SI_UNIT ( $, .STERADIAN. ) SOLID_ANGLE_UNIT ( ) );
#8369 = PRESENTATION_STYLE_ASSIGNMENT (( #6050 ) ) ;
#8370 = VECTOR ( 'NONE', #7516, 39.37007874015748143 ) ;
#8371 = ORIENTED_EDGE ( 'NONE', *, *, #3677, .F. ) ;
#8372 = ORIENTED_EDGE ( 'NONE', *, *, #117, .F. ) ;
#8373 = CARTESIAN_POINT ( 'NONE',  ( -0.002000000000000006113, 0.05600000000000000810, -0.2195000000000000007 ) ) ;
#8374 =( NAMED_UNIT ( * ) SI_UNIT ( $, .STERADIAN. ) SOLID_ANGLE_UNIT ( ) );
#8375 = SURFACE_STYLE_USAGE ( .BOTH. , #2916 ) ;
#8376 = AXIS2_PLACEMENT_3D ( 'NONE', #270, #5021, #8332 ) ;
#8377 =( CONVERSION_BASED_UNIT ( 'INCH', #10013 ) LENGTH_UNIT ( ) NAMED_UNIT ( #3987 ) );
#8378 = EDGE_CURVE ( 'NONE', #9824, #4893, #9474, .T. ) ;
#8379 = EDGE_CURVE ( 'NONE', #8879, #8565, #4972, .T. ) ;
#8380 = VECTOR ( 'NONE', #4235, 39.37007874015748143 ) ;
#8381 = DIRECTION ( 'NONE',  ( -1.000000000000000000, 0.0000000000000000000, 0.0000000000000000000 ) ) ;
#8382 = CARTESIAN_POINT ( 'NONE',  ( 0.2344521488927472919, 0.1105752036591881177, 0.2505000000000000004 ) ) ;
#8383 = ORIENTED_EDGE ( 'NONE', *, *, #449, .F. ) ;
#8384 = CARTESIAN_POINT ( 'NONE',  ( -0.2104510888804048685, -0.07550000000000001155, -0.1694999999999999840 ) ) ;
#8385 = CARTESIAN_POINT ( 'NONE',  ( -0.2245633764261588672, -0.06422242020845513044, 0.2505000000000000004 ) ) ;
#8386 = ORIENTED_EDGE ( 'NONE', *, *, #9485, .T. ) ;
#8387 = ORIENTED_EDGE ( 'NONE', *, *, #7868, .T. ) ;
#8388 = VECTOR ( 'NONE', #9802, 39.37007874015748143 ) ;
#8389 = ORIENTED_EDGE ( 'NONE', *, *, #8717, .T. ) ;
#8390 =( NAMED_UNIT ( * ) SI_UNIT ( $, .STERADIAN. ) SOLID_ANGLE_UNIT ( ) );
#8391 = ORIENTED_EDGE ( 'NONE', *, *, #5288, .T. ) ;
#8392 = ORIENTED_EDGE ( 'NONE', *, *, #7202, .F. ) ;
#8393 = DIRECTION ( 'NONE',  ( -1.000000000000000000, 0.0000000000000000000, 0.0000000000000000000 ) ) ;
#8394 = AXIS2_PLACEMENT_3D ( 'NONE', #5819, #7366, #989 ) ;
#8395 = CYLINDRICAL_SURFACE ( 'NONE', #4748, 0.01949999999999987160 ) ;
#8396 = ORIENTED_EDGE ( 'NONE', *, *, #8353, .T. ) ;
#8397 = DIRECTION ( 'NONE',  ( 0.0000000000000000000, 1.000000000000000000, 0.0000000000000000000 ) ) ;
#8398 = DIRECTION ( 'NONE',  ( -0.1736481776669317467, 0.9848077530122077983, 2.477573066124873531E-16 ) ) ;
#8399 = CARTESIAN_POINT ( 'NONE',  ( -0.1900000000000000300, 0.05599999999999999423, -0.2795000000000000262 ) ) ;
#8400 = DIRECTION ( 'NONE',  ( 0.0000000000000000000, 0.0000000000000000000, -1.000000000000000000 ) ) ;
#8401 = COLOUR_RGB ( '',0.7529411764705882248, 0.7529411764705882248, 0.7529411764705882248 ) ;
#8402 = DIRECTION ( 'NONE',  ( 1.000000000000000000, 0.0000000000000000000, 0.0000000000000000000 ) ) ;
#8403 = PRESENTATION_LAYER_ASSIGNMENT (  '', '', ( #4539 ) ) ;
#8404 = ORIENTED_EDGE ( 'NONE', *, *, #2227, .F. ) ;
#8405 = UNCERTAINTY_MEASURE_WITH_UNIT (LENGTH_MEASURE( 1.000000000000000082E-05 ), #8200, 'distance_accuracy_value', 'NONE');
#8406 = B_SPLINE_CURVE_WITH_KNOTS ( 'NONE', 3,
 ( #7214, #2591, #1012, #1759, #2481, #7252, #2556, #7963, #3349, #4242, #1089, #2697, #7428, #2797, #1153 ),
 .UNSPECIFIED., .F., .F.,
 ( 4, 1, 1, 1, 1, 1, 1, 1, 1, 1, 1, 1, 4 ),
 ( 0.0000000000000000000, 0.1044728014505074409, 0.2186534455744870986, 0.3428558890245158586, 0.4792694623690657019, 0.5495409926991604577, 0.6174241096395709505, 0.6835351858950321491, 0.7485971287880195391, 0.8121759604466023408, 0.8748692871861442066, 0.9374294362357429300, 1.000000000000000000 ),
 .UNSPECIFIED. ) ;
#8407 = DIRECTION ( 'NONE',  ( -1.000000000000000000, 0.0000000000000000000, 0.0000000000000000000 ) ) ;
#8408 = AXIS2_PLACEMENT_3D ( 'NONE', #6507, #6540, #6436 ) ;
#8409 = CARTESIAN_POINT ( 'NONE',  ( -0.2364283260963937761, -0.07546953067616517241, 0.2484999999999999987 ) ) ;
#8410 =( NAMED_UNIT ( * ) SI_UNIT ( $, .STERADIAN. ) SOLID_ANGLE_UNIT ( ) );
#8411 = DIRECTION ( 'NONE',  ( -1.000000000000000000, 0.0000000000000000000, 0.0000000000000000000 ) ) ;
#8412 = CARTESIAN_POINT ( 'NONE',  ( -0.2374350646498703532, -0.05679464610918816964, 0.2505000000000000004 ) ) ;
#8413 = DIMENSIONAL_EXPONENTS ( 1.000000000000000000, 0.0000000000000000000, 0.0000000000000000000, 0.0000000000000000000, 0.0000000000000000000, 0.0000000000000000000, 0.0000000000000000000 ) ;
#8414 = VECTOR ( 'NONE', #4025, 39.37007874015748143 ) ;
#8415 = ADVANCED_FACE ( 'NONE', ( #2767 ), #9857, .T. ) ;
#8416 = ORIENTED_EDGE ( 'NONE', *, *, #8829, .F. ) ;
#8417 = ORIENTED_EDGE ( 'NONE', *, *, #1693, .F. ) ;
#8418 = VECTOR ( 'NONE', #4670, 39.37007874015748143 ) ;
#8419 = ORIENTED_EDGE ( 'NONE', *, *, #7729, .T. ) ;
#8420 =( LENGTH_UNIT ( ) NAMED_UNIT ( * ) SI_UNIT ( $, .METRE. ) );
#8421 = CARTESIAN_POINT ( 'NONE',  ( -0.2104510888804048685, -0.07550000000000001155, -0.1494999999999999940 ) ) ;
#8422 = PRESENTATION_LAYER_ASSIGNMENT (  '', '', ( #1535 ) ) ;
#8423 = EDGE_CURVE ( 'NONE', #6608, #6117, #8142, .T. ) ;
#8424 =( LENGTH_UNIT ( ) NAMED_UNIT ( * ) SI_UNIT ( $, .METRE. ) );
#8425 = DIRECTION ( 'NONE',  ( -1.000000000000000000, 0.0000000000000000000, 0.0000000000000000000 ) ) ;
#8426 = CIRCLE ( 'NONE', #9717, 0.08000000000000002942 ) ;
#8427 = ORIENTED_EDGE ( 'NONE', *, *, #9144, .F. ) ;
#8428 = CIRCLE ( 'NONE', #861, 0.01999999999999999001 ) ;
#8429 = VERTEX_POINT ( 'NONE', #8382 ) ;
#8430 = B_SPLINE_SURFACE_WITH_KNOTS ( 'NONE', 3, 1, ( 
 ( #4982, #9653 ),
 ( #3338, #7313 ),
 ( #8797, #6525 ),
 ( #5622, #5772 ),
 ( #8086, #936 ),
 ( #8055, #8905 ),
 ( #9549, #299 ),
 ( #7346, #7243 ),
 ( #6496, #4234 ),
 ( #195, #2512 ),
 ( #7282, #3307 ),
 ( #8873, #3414 ),
 ( #5661, #2585 ),
 ( #6426, #1080 ),
 ( #3377, #8765 ) ),
 .UNSPECIFIED., .F., .F., .F.,
 ( 4, 1, 1, 1, 1, 1, 1, 1, 1, 1, 1, 1, 4 ),
 ( 2, 2 ),
 ( 0.0000000000000000000, 0.1044728014505074409, 0.2186534455744870986, 0.3428558890245158586, 0.4792694623690657019, 0.5495409926991604577, 0.6174241096395709505, 0.6835351858950321491, 0.7485971287880195391, 0.8121759604466023408, 0.8748692871861442066, 0.9374294362357429300, 1.000000000000000000 ),
 ( 0.0000000000000000000, 1.000000000000000000 ),
 .UNSPECIFIED. ) ;
#8431 = CYLINDRICAL_SURFACE ( 'NONE', #3162, 0.01999999999999995878 ) ;
#8432 = CARTESIAN_POINT ( 'NONE',  ( 0.2104510888804048685, -0.07550000000000001155, -0.1494999999999999940 ) ) ;
#8433 = SURFACE_STYLE_USAGE ( .BOTH. , #2973 ) ;
#8434 = CARTESIAN_POINT ( 'NONE',  ( -0.09100000000000005307, 0.05600000000000000810, -0.2795000000000000262 ) ) ;
#8435 = DIMENSIONAL_EXPONENTS ( 1.000000000000000000, 0.0000000000000000000, 0.0000000000000000000, 0.0000000000000000000, 0.0000000000000000000, 0.0000000000000000000, 0.0000000000000000000 ) ;
#8436 =( LENGTH_UNIT ( ) NAMED_UNIT ( * ) SI_UNIT ( $, .METRE. ) );
#8437 = LENGTH_MEASURE_WITH_UNIT ( LENGTH_MEASURE( 0.02539999999999999897 ), #7241 );
#8438 = AXIS2_PLACEMENT_3D ( 'NONE', #8170, #3489, #8952 ) ;
#8439 = LINE ( 'NONE', #7869, #126 ) ;
#8440 = EDGE_CURVE ( 'NONE', #7463, #6621, #313, .T. ) ;
#8441 = EDGE_CURVE ( 'NONE', #7260, #1026, #2131, .T. ) ;
#8442 = CARTESIAN_POINT ( 'NONE',  ( -0.2609115348192674322, 0.1555000000000000826, 0.2515000000000000013 ) ) ;
#8443 = PLANE ( 'NONE',  #9437 ) ;
#8444 =( NAMED_UNIT ( * ) SI_UNIT ( $, .STERADIAN. ) SOLID_ANGLE_UNIT ( ) );
#8445 = DIRECTION ( 'NONE',  ( -1.000000000000000000, 0.0000000000000000000, 0.0000000000000000000 ) ) ;
#8446 = FILL_AREA_STYLE ('',( #9828 ) ) ;
#8447 = DIRECTION ( 'NONE',  ( -0.1736481776669308030, 0.9848077530122077983, 0.0000000000000000000 ) ) ;
#8448 = CARTESIAN_POINT ( 'NONE',  ( -0.2247693233847634919, -0.04505403645833331444, 0.2484999999999999987 ) ) ;
#8449 = CARTESIAN_POINT ( 'NONE',  ( -0.2329805612613048416, -0.04781309973962925841, 0.2484999999999999154 ) ) ;
#8450 = B_SPLINE_SURFACE_WITH_KNOTS ( 'NONE', 3, 1, ( 
 ( #185, #4044 ),
 ( #9507, #8048 ),
 ( #3298, #5649 ),
 ( #6618, #6654 ),
 ( #2782, #350 ),
 ( #4223, #1104 ),
 ( #5792, #9711 ),
 ( #5109, #2746 ),
 ( #7474, #6693 ),
 ( #1951, #7411 ),
 ( #7443, #1878 ),
 ( #7337, #8150 ),
 ( #6587, #5037 ),
 ( #384, #3469 ),
 ( #7374, #1913 ),
 ( #8930, #415 ),
 ( #9003, #2713 ),
 ( #8188, #5938 ),
 ( #2676, #9677 ) ),
 .UNSPECIFIED., .F., .F., .F.,
 ( 4, 1, 1, 1, 1, 1, 1, 1, 1, 1, 1, 1, 1, 1, 1, 1, 4 ),
 ( 2, 2 ),
 ( 0.0000000000000000000, 0.03979391035116931763, 0.07864414619082379931, 0.1175749007403575908, 0.1568659475868352526, 0.1972185745122383704, 0.2389183750035573928, 0.2836471067761068832, 0.3306660096206267552, 0.3828731110497713419, 0.4434976840441859913, 0.5126902889279845166, 0.5905940151895240353, 0.6783908545914191235, 0.7757338267246157715, 0.8827034224736386436, 0.9999999999999998890 ),
 ( 0.0000000000000000000, 1.000000000000000000 ),
 .UNSPECIFIED. ) ;
#8451 = FACE_OUTER_BOUND ( 'NONE', #2584, .T. ) ;
#8452 = PRESENTATION_LAYER_ASSIGNMENT (  '', '', ( #8140 ) ) ;
#8453 = ORIENTED_EDGE ( 'NONE', *, *, #3147, .F. ) ;
#8454 = STYLED_ITEM ( 'NONE', ( #6663 ), #514 ) ;
#8455 = DIRECTION ( 'NONE',  ( 1.000000000000000000, 0.0000000000000000000, 0.0000000000000000000 ) ) ;
#8456 = CARTESIAN_POINT ( 'NONE',  ( -0.2296873321727826989, -0.05787974965674244632, 0.2485000000000000264 ) ) ;
#8457 = ORIENTED_EDGE ( 'NONE', *, *, #2938, .F. ) ;
#8458 = VERTEX_POINT ( 'NONE', #5185 ) ;
#8459 = DIRECTION ( 'NONE',  ( -1.000000000000000000, 0.0000000000000000000, 0.0000000000000000000 ) ) ;
#8460 = DIMENSIONAL_EXPONENTS ( 1.000000000000000000, 0.0000000000000000000, 0.0000000000000000000, 0.0000000000000000000, 0.0000000000000000000, 0.0000000000000000000, 0.0000000000000000000 ) ;
#8461 = PLANE ( 'NONE',  #3345 ) ;
#8462 = PLANE ( 'NONE',  #4744 ) ;
#8463 = UNCERTAINTY_MEASURE_WITH_UNIT (LENGTH_MEASURE( 1.000000000000000082E-05 ), #6058, 'distance_accuracy_value', 'NONE');
#8464 = CARTESIAN_POINT ( 'NONE',  ( 0.1914999999999999480, -0.05599999999999999423, -0.2013975032409335841 ) ) ;
#8465 = DIRECTION ( 'NONE',  ( -0.0000000000000000000, -0.0000000000000000000, -1.000000000000000000 ) ) ;
#8466 = AXIS2_PLACEMENT_3D ( 'NONE', #4942, #8904, #4232 ) ;
#8468 = ORIENTED_EDGE ( 'NONE', *, *, #4713, .T. ) ;
#8467 = LINE ( 'NONE', #5764, #5180 ) ;
#8469 = STYLED_ITEM ( 'NONE', ( #6247 ), #9432 ) ;
#8470 = ADVANCED_FACE ( 'NONE', ( #4230 ), #2262, .F. ) ;
#8471 = CARTESIAN_POINT ( 'NONE',  ( -0.2294968193057635719, -0.05571851038221659752, 0.2484999999999999709 ) ) ;
#8472 = MECHANICAL_DESIGN_GEOMETRIC_PRESENTATION_REPRESENTATION (  '', ( #6926 ), #4812 ) ;
#8473 = ADVANCED_FACE ( 'NONE', ( #8265, #1885 ), #6764, .T. ) ;
#8474 = DIRECTION ( 'NONE',  ( 1.000000000000000000, 0.0000000000000000000, 0.0000000000000000000 ) ) ;
#8475 = SURFACE_STYLE_USAGE ( .BOTH. , #2979 ) ;
#8476 = VERTEX_POINT ( 'NONE', #2921 ) ;
#8477 = CYLINDRICAL_SURFACE ( 'NONE', #6082, 0.1200000000000000233 ) ;
#8478 = LENGTH_MEASURE_WITH_UNIT ( LENGTH_MEASURE( 0.02539999999999999897 ), #7336 );
#8479 = ORIENTED_EDGE ( 'NONE', *, *, #4624, .T. ) ;
#8480 = PRESENTATION_STYLE_ASSIGNMENT (( #9529 ) ) ;
#8481 = CIRCLE ( 'NONE', #10109, 0.01999999999999999001 ) ;
#8482 = SURFACE_STYLE_USAGE ( .BOTH. , #8614 ) ;
#8483 = CARTESIAN_POINT ( 'NONE',  ( -0.2296821113043404916, -0.05762036874551771520, 0.2505000000000000560 ) ) ;
#8485 = ORIENTED_EDGE ( 'NONE', *, *, #6834, .F. ) ;
#8484 = LINE ( 'NONE', #7562, #2493 ) ;
#8486 = FILL_AREA_STYLE ('',( #1272 ) ) ;
#8487 = CARTESIAN_POINT ( 'NONE',  ( -0.2372587822416878656, -0.05541823819278892532, 0.2505000000000000004 ) ) ;
#8488 = AXIS2_PLACEMENT_3D ( 'NONE', #5590, #5665, #6704 ) ;
#8489 = EDGE_CURVE ( 'NONE', #3269, #9917, #4686, .T. ) ;
#8490 = DIMENSIONAL_EXPONENTS ( 1.000000000000000000, 0.0000000000000000000, 0.0000000000000000000, 0.0000000000000000000, 0.0000000000000000000, 0.0000000000000000000, 0.0000000000000000000 ) ;
#8491 = AXIS2_PLACEMENT_3D ( 'NONE', #1830, #4171, #7321 ) ;
#8492 = ORIENTED_EDGE ( 'NONE', *, *, #7145, .F. ) ;
#8493 = ORIENTED_EDGE ( 'NONE', *, *, #5248, .T. ) ;
#8494 = DIMENSIONAL_EXPONENTS ( 1.000000000000000000, 0.0000000000000000000, 0.0000000000000000000, 0.0000000000000000000, 0.0000000000000000000, 0.0000000000000000000, 0.0000000000000000000 ) ;
#8495 = VECTOR ( 'NONE', #9891, 39.37007874015748143 ) ;
#8496 = ORIENTED_EDGE ( 'NONE', *, *, #7535, .T. ) ;
#8497 =( LENGTH_UNIT ( ) NAMED_UNIT ( * ) SI_UNIT ( $, .METRE. ) );
#8498 = SURFACE_STYLE_USAGE ( .BOTH. , #6115 ) ;
#8499 = CYLINDRICAL_SURFACE ( 'NONE', #1017, 0.01949999999999987160 ) ;
#8500 = LENGTH_MEASURE_WITH_UNIT ( LENGTH_MEASURE( 0.02539999999999999897 ), #2651 );
#8501 = VERTEX_POINT ( 'NONE', #1459 ) ;
#8503 = LINE ( 'NONE', #1642, #8015 ) ;
#8502 = MECHANICAL_DESIGN_GEOMETRIC_PRESENTATION_REPRESENTATION (  '', ( #634 ), #7783 ) ;
#8504 = EDGE_CURVE ( 'NONE', #4717, #750, #3730, .T. ) ;
#8505 = VERTEX_POINT ( 'NONE', #3680 ) ;
#8506 = CARTESIAN_POINT ( 'NONE',  ( -0.2200000000000000011, 0.05600000000000000810, -0.2195000000000000007 ) ) ;
#8507 = FILL_AREA_STYLE ('',( #1446 ) ) ;
#8508 =( NAMED_UNIT ( * ) PLANE_ANGLE_UNIT ( ) SI_UNIT ( $, .RADIAN. ) );
#8509 =( NAMED_UNIT ( * ) PLANE_ANGLE_UNIT ( ) SI_UNIT ( $, .RADIAN. ) );
#8510 = FACE_OUTER_BOUND ( 'NONE', #8969, .T. ) ;
#8511 = CARTESIAN_POINT ( 'NONE',  ( -0.02199999999999996403, 0.05599999999999999423, -0.3395000000000000240 ) ) ;
#8512 = EDGE_LOOP ( 'NONE', ( #2186, #9184, #9475, #2173 ) ) ;
#8513 = DIRECTION ( 'NONE',  ( 0.0000000000000000000, 0.0000000000000000000, 1.000000000000000000 ) ) ;
#8514 = ORIENTED_EDGE ( 'NONE', *, *, #1405, .F. ) ;
#8515 = LINE ( 'NONE', #3895, #6585 ) ;
#8516 = MECHANICAL_DESIGN_GEOMETRIC_PRESENTATION_REPRESENTATION (  '', ( #278 ), #8651 ) ;
#8517 = CARTESIAN_POINT ( 'NONE',  ( 0.2397565173948805750, 0.1054674514182445261, 0.2504999999999998894 ) ) ;
#8518 = EDGE_CURVE ( 'NONE', #8033, #2930, #5701, .T. ) ;
#8519 = EDGE_CURVE ( 'NONE', #8476, #7799, #549, .T. ) ;
#8520 = CARTESIAN_POINT ( 'NONE',  ( 0.2344521488927472919, 0.1027971337473291280, 0.2484999999999999987 ) ) ;
#8521 = CARTESIAN_POINT ( 'NONE',  ( -0.3593923101204881676, 0.07813518223330689905, -0.1694999999999999840 ) ) ;
#8522 =( CONVERSION_BASED_UNIT ( 'INCH', #4821 ) LENGTH_UNIT ( ) NAMED_UNIT ( #4701 ) );
#8523 = ADVANCED_FACE ( 'NONE', ( #6191 ), #2635, .T. ) ;
#8524 = ADVANCED_FACE ( 'NONE', ( #8868 ), #7532, .T. ) ;
#8525 = FACE_OUTER_BOUND ( 'NONE', #7510, .T. ) ;
#8526 = COLOUR_RGB ( '',0.9294117647058823817, 0.7607843137254901578, 0.4784313725490195734 ) ;
#8527 = CARTESIAN_POINT ( 'NONE',  ( 0.2104510888804048685, -0.1355000000000000093, 0.2515000000000000013 ) ) ;
#8528 = ORIENTED_EDGE ( 'NONE', *, *, #9768, .F. ) ;
#8529 = AXIS2_PLACEMENT_3D ( 'NONE', #4749, #7901, #1625 ) ;
#8530 = STYLED_ITEM ( 'NONE', ( #3322 ), #9209 ) ;
#8531 = LINE ( 'NONE', #3729, #9639 ) ;
#8532 = CARTESIAN_POINT ( 'NONE',  ( -0.2206888177945607599, -0.07751621257107375873, 0.2485000000000000264 ) ) ;
#8533 = DIRECTION ( 'NONE',  ( 0.0000000000000000000, 0.0000000000000000000, 1.000000000000000000 ) ) ;
#8534 = CARTESIAN_POINT ( 'NONE',  ( 0.1859999999999999987, 0.05600000000000000810, -0.2795000000000000262 ) ) ;
#8535 = CIRCLE ( 'NONE', #7699, 0.01949999999999988895 ) ;
#8536 = CARTESIAN_POINT ( 'NONE',  ( -0.1110000000000000014, 0.05600000000000000810, -0.3395000000000000240 ) ) ;
#8537 = SURFACE_STYLE_USAGE ( .BOTH. , #4709 ) ;
#8538 = DIMENSIONAL_EXPONENTS ( 1.000000000000000000, 0.0000000000000000000, 0.0000000000000000000, 0.0000000000000000000, 0.0000000000000000000, 0.0000000000000000000, 0.0000000000000000000 ) ;
#8539 = CARTESIAN_POINT ( 'NONE',  ( 0.3003038449397558707, 0.08855407289332276055, 0.2515000000000000013 ) ) ;
#8540 = ORIENTED_EDGE ( 'NONE', *, *, #5372, .F. ) ;
#8541 = UNCERTAINTY_MEASURE_WITH_UNIT (LENGTH_MEASURE( 1.000000000000000082E-05 ), #8522, 'distance_accuracy_value', 'NONE');
#8542 = CARTESIAN_POINT ( 'NONE',  ( -0.2296719789708203119, -0.05711697856621456709, 0.2485000000000000819 ) ) ;
#8543 = DIRECTION ( 'NONE',  ( 1.000000000000000000, 0.0000000000000000000, 0.0000000000000000000 ) ) ;
#8544 =( GEOMETRIC_REPRESENTATION_CONTEXT ( 3 ) GLOBAL_UNCERTAINTY_ASSIGNED_CONTEXT ( ( #520 ) ) GLOBAL_UNIT_ASSIGNED_CONTEXT ( ( #7460, #4275, #307 ) ) REPRESENTATION_CONTEXT ( 'NONE', 'WORKASPACE' ) );
#8545 = SURFACE_STYLE_USAGE ( .BOTH. , #4651 ) ;
#8546 = PRESENTATION_LAYER_ASSIGNMENT (  '', '', ( #745 ) ) ;
#8547 = CARTESIAN_POINT ( 'NONE',  ( 0.03250000000000002887, -0.05600000000000000810, -0.2013975032409335841 ) ) ;
#8548 = EDGE_LOOP ( 'NONE', ( #3839, #3241, #9492, #2968 ) ) ;
#8549 =( NAMED_UNIT ( * ) SI_UNIT ( $, .STERADIAN. ) SOLID_ANGLE_UNIT ( ) );
#8550 = DIRECTION ( 'NONE',  ( 0.0000000000000000000, 0.0000000000000000000, 1.000000000000000000 ) ) ;
#8551 = FILL_AREA_STYLE_COLOUR ( '', #5546 ) ;
#8552 = CARTESIAN_POINT ( 'NONE',  ( 0.2609115348192674322, 0.1355000000000000648, 0.2515000000000000013 ) ) ;
#8553 = LINE ( 'NONE', #245, #7089 ) ;
#8554 = PRESENTATION_STYLE_ASSIGNMENT (( #1841 ) ) ;
#8555 = VERTEX_POINT ( 'NONE', #3089 ) ;
#8556 = AXIS2_PLACEMENT_3D ( 'NONE', #4758, #77, #7946 ) ;
#8557 = EDGE_CURVE ( 'NONE', #6936, #6025, #3105, .T. ) ;
#8558 = FILL_AREA_STYLE_COLOUR ( '', #6034 ) ;
#8559 = LINE ( 'NONE', #1749, #9292 ) ;
#8560 = SURFACE_SIDE_STYLE ('',( #771 ) ) ;
#8561 = CARTESIAN_POINT ( 'NONE',  ( -0.2253004722196179088, -0.06418819887060302209, 0.2485000000000000542 ) ) ;
#8562 = CARTESIAN_POINT ( 'NONE',  ( -0.2247693233847634919, -0.04505403645833331444, 0.2505000000000000004 ) ) ;
#8563 = UNCERTAINTY_MEASURE_WITH_UNIT (LENGTH_MEASURE( 1.000000000000000082E-05 ), #4768, 'distance_accuracy_value', 'NONE');
#8564 = LINE ( 'NONE', #6168, #3068 ) ;
#8565 = VERTEX_POINT ( 'NONE', #2264 ) ;
#8566 = SURFACE_SIDE_STYLE ('',( #7209 ) ) ;
#8567 = CARTESIAN_POINT ( 'NONE',  ( -0.2194745320915534870, -0.05503006000117092317, 0.2504999999999999449 ) ) ;
#8568 = DIRECTION ( 'NONE',  ( -0.0000000000000000000, -0.0000000000000000000, -1.000000000000000000 ) ) ;
#8569 = CARTESIAN_POINT ( 'NONE',  ( 0.2609115348192674322, 0.09550000000000004319, -0.1494999999999999940 ) ) ;
#8570 = DIRECTION ( 'NONE',  ( 1.000000000000000000, 0.0000000000000000000, 0.0000000000000000000 ) ) ;
#8571 = ADVANCED_FACE ( 'NONE', ( #1030 ), #7737, .T. ) ;
#8572 = PRESENTATION_LAYER_ASSIGNMENT (  '', '', ( #4341 ) ) ;
#8573 = PLANE ( 'NONE',  #6269 ) ;
#8574 = EDGE_CURVE ( 'NONE', #4765, #1498, #2016, .T. ) ;
#8575 = EDGE_CURVE ( 'NONE', #1562, #8033, #6550, .T. ) ;
#8576 =( CONVERSION_BASED_UNIT ( 'INCH', #1961 ) LENGTH_UNIT ( ) NAMED_UNIT ( #9884 ) );
#8577 = PLANE ( 'NONE',  #7310 ) ;
#8578 = LINE ( 'NONE', #4904, #2092 ) ;
#8579 = DIRECTION ( 'NONE',  ( -1.000000000000000000, 0.0000000000000000000, 0.0000000000000000000 ) ) ;
#8580 = VERTEX_POINT ( 'NONE', #5314 ) ;
#8581 =( NAMED_UNIT ( * ) SI_UNIT ( $, .STERADIAN. ) SOLID_ANGLE_UNIT ( ) );
#8582 = EDGE_LOOP ( 'NONE', ( #5684, #5997, #9988, #8496 ) ) ;
#8583 = CARTESIAN_POINT ( 'NONE',  ( -0.2192204926343965798, -0.05561967465351741469, 0.2485000000000000542 ) ) ;
#8584 = CARTESIAN_POINT ( 'NONE',  ( -0.2369895609865665664, -0.05410801893507432431, 0.2505000000000000560 ) ) ;
#8585 = CARTESIAN_POINT ( 'NONE',  ( 0.2443043707811019816, 0.1092950629861946521, 0.2505000000000000004 ) ) ;
#8586 = FACE_OUTER_BOUND ( 'NONE', #1754, .T. ) ;
#8587 = CIRCLE ( 'NONE', #3659, 0.02999999999999995379 ) ;
#8588 = STYLED_ITEM ( 'NONE', ( #10116 ), #1204 ) ;
#8590 = VERTEX_POINT ( 'NONE', #5610 ) ;
#8589 = CIRCLE ( 'NONE', #5935, 0.01949999999999987507 ) ;
#8591 = ORIENTED_EDGE ( 'NONE', *, *, #3293, .F. ) ;
#8592 = FILL_AREA_STYLE_COLOUR ( '', #6619 ) ;
#8593 = CARTESIAN_POINT ( 'NONE',  ( -0.2267781262704709477, -0.07094702630007544697, 0.2485000000000000542 ) ) ;
#8594 = CARTESIAN_POINT ( 'NONE',  ( -0.2280092848228430780, -0.06283921235214560974, 0.2505000000000001115 ) ) ;
#8595 = VERTEX_POINT ( 'NONE', #8656 ) ;
#8596 = UNCERTAINTY_MEASURE_WITH_UNIT (LENGTH_MEASURE( 1.000000000000000082E-05 ), #9895, 'distance_accuracy_value', 'NONE');
#8597 = LINE ( 'NONE', #1904, #658 ) ;
#8598 = VERTEX_POINT ( 'NONE', #7841 ) ;
#8599 = DIMENSIONAL_EXPONENTS ( 1.000000000000000000, 0.0000000000000000000, 0.0000000000000000000, 0.0000000000000000000, 0.0000000000000000000, 0.0000000000000000000, 0.0000000000000000000 ) ;
#8600 = CARTESIAN_POINT ( 'NONE',  ( -0.3003038449397558152, 0.08855407289332276055, 0.2515000000000000013 ) ) ;
#8601 = DIRECTION ( 'NONE',  ( -0.0000000000000000000, -0.0000000000000000000, -1.000000000000000000 ) ) ;
#8602 = DIRECTION ( 'NONE',  ( -0.0000000000000000000, -0.0000000000000000000, -1.000000000000000000 ) ) ;
#8603 = DIRECTION ( 'NONE',  ( 1.000000000000000000, 0.0000000000000000000, 0.0000000000000000000 ) ) ;
#8604 = CARTESIAN_POINT ( 'NONE',  ( -0.2182215279723935253, -0.06818332443695852840, 0.2505000000000000004 ) ) ;
#8605 =( GEOMETRIC_REPRESENTATION_CONTEXT ( 3 ) GLOBAL_UNCERTAINTY_ASSIGNED_CONTEXT ( ( #1150 ) ) GLOBAL_UNIT_ASSIGNED_CONTEXT ( ( #9867, #3591, #509 ) ) REPRESENTATION_CONTEXT ( 'NONE', 'WORKASPACE' ) );
#8606 = PRESENTATION_STYLE_ASSIGNMENT (( #2197 ) ) ;
#8607 = AXIS2_PLACEMENT_3D ( 'NONE', #5359, #6193, #8459 ) ;
#8608 = VERTEX_POINT ( 'NONE', #3973 ) ;
#8609 = CARTESIAN_POINT ( 'NONE',  ( -0.2182215279723935253, -0.06818332443695852840, 0.2484999999999999987 ) ) ;
#8610 =( GEOMETRIC_REPRESENTATION_CONTEXT ( 3 ) GLOBAL_UNCERTAINTY_ASSIGNED_CONTEXT ( ( #6762 ) ) GLOBAL_UNIT_ASSIGNED_CONTEXT ( ( #5864, #3595, #2150 ) ) REPRESENTATION_CONTEXT ( 'NONE', 'WORKASPACE' ) );
#8611 = ORIENTED_EDGE ( 'NONE', *, *, #5371, .T. ) ;
#8612 = SURFACE_STYLE_USAGE ( .BOTH. , #8645 ) ;
#8613 = B_SPLINE_CURVE_WITH_KNOTS ( 'NONE', 3,
 ( #3840, #9293, #3908, #6990, #5436, #753, #7191, #3224, #7873, #4895, #5644 ),
 .UNSPECIFIED., .F., .F.,
 ( 4, 1, 1, 1, 1, 1, 1, 1, 4 ),
 ( 0.0000000000000000000, 0.1576427908297479141, 0.2979772444284779498, 0.4243479229965017030, 0.5399023001429742452, 0.6512049489192226481, 0.7608288691813742677, 0.8758862599684805739, 1.000000000000000000 ),
 .UNSPECIFIED. ) ;
#8614 = SURFACE_SIDE_STYLE ('',( #1116 ) ) ;
#8615 = LENGTH_MEASURE_WITH_UNIT ( LENGTH_MEASURE( 0.02539999999999999897 ), #466 );
#8616 = PLANE ( 'NONE',  #9266 ) ;
#8617 = VECTOR ( 'NONE', #3710, 39.37007874015748143 ) ;
#8618 = SURFACE_STYLE_USAGE ( .BOTH. , #1458 ) ;
#8619 = FILL_AREA_STYLE_COLOUR ( '', #1158 ) ;
#8620 = VERTEX_POINT ( 'NONE', #6993 ) ;
#8621 = CARTESIAN_POINT ( 'NONE',  ( -0.2354656029322788335, -0.05061909484869259873, 0.2504999999999999449 ) ) ;
#8622 = LENGTH_MEASURE_WITH_UNIT ( LENGTH_MEASURE( 0.02539999999999999897 ), #9726 );
#8623 = ORIENTED_EDGE ( 'NONE', *, *, #815, .T. ) ;
#8624 =( GEOMETRIC_REPRESENTATION_CONTEXT ( 3 ) GLOBAL_UNCERTAINTY_ASSIGNED_CONTEXT ( ( #4464 ) ) GLOBAL_UNIT_ASSIGNED_CONTEXT ( ( #8701, #2476, #2589 ) ) REPRESENTATION_CONTEXT ( 'NONE', 'WORKASPACE' ) );
#8625 = EDGE_CURVE ( 'NONE', #2419, #7693, #9134, .T. ) ;
#8626 = CARTESIAN_POINT ( 'NONE',  ( 0.01799999999999995007, 0.05599999999999999423, -0.3395000000000000240 ) ) ;
#8627 = VECTOR ( 'NONE', #5780, 39.37007874015748143 ) ;
#8628 = ADVANCED_FACE ( 'NONE', ( #2501 ), #856, .F. ) ;
#8629 = FACE_OUTER_BOUND ( 'NONE', #9098, .T. ) ;
#8630 = VERTEX_POINT ( 'NONE', #1563 ) ;
#8631 = CARTESIAN_POINT ( 'NONE',  ( -0.2195714218119642347, -0.08483332323579352574, 0.2505000000000000560 ) ) ;
#8632 = ORIENTED_EDGE ( 'NONE', *, *, #137, .T. ) ;
#8633 = CARTESIAN_POINT ( 'NONE',  ( -0.2339764198456118771, -0.06745345964620778900, 0.2484999999999999154 ) ) ;
#8634 = LENGTH_MEASURE_WITH_UNIT ( LENGTH_MEASURE( 0.02539999999999999897 ), #2771 );
#8635 = AXIS2_PLACEMENT_3D ( 'NONE', #8432, #3008, #2248 ) ;
#8636 = EDGE_CURVE ( 'NONE', #7514, #531, #1497, .T. ) ;
#8637 = MECHANICAL_DESIGN_GEOMETRIC_PRESENTATION_REPRESENTATION (  '', ( #3734 ), #3412 ) ;
#8638 = B_SPLINE_SURFACE_WITH_KNOTS ( 'NONE', 3, 1, ( 
 ( #4619, #2992 ),
 ( #4796, #112 ),
 ( #5580, #6378 ),
 ( #10002, #1460 ),
 ( #1669, #7948 ),
 ( #7275, #8864 ),
 ( #9650, #1077 ),
 ( #4975, #4125 ),
 ( #7203, #4937 ),
 ( #2506, #8081 ),
 ( #5698, #6455 ),
 ( #4191, #7305 ),
 ( #6559, #4867 ),
 ( #5731, #3271 ),
 ( #998, #1846 ) ),
 .UNSPECIFIED., .F., .F., .F.,
 ( 4, 1, 1, 1, 1, 1, 1, 1, 1, 1, 1, 1, 4 ),
 ( 2, 2 ),
 ( 0.0000000000000000000, 0.1225037676873542564, 0.2390359490643380325, 0.3522894876948658438, 0.4695319923678558660, 0.5290396073246369513, 0.5892849481570280323, 0.6504265554625408008, 0.7140851069771519954, 0.7801833689944079886, 0.8493595662544300984, 0.9221710300352453649, 1.000000000000000000 ),
 ( 0.0000000000000000000, 1.000000000000000000 ),
 .UNSPECIFIED. ) ;
#8639 = FILL_AREA_STYLE_COLOUR ( '', #6478 ) ;
#8640 = ORIENTED_EDGE ( 'NONE', *, *, #1895, .T. ) ;
#8641 = DIRECTION ( 'NONE',  ( -1.000000000000000000, 0.0000000000000000000, 0.0000000000000000000 ) ) ;
#8642 = DIRECTION ( 'NONE',  ( -1.000000000000000000, 0.0000000000000000000, 0.0000000000000000000 ) ) ;
#8643 = VERTEX_POINT ( 'NONE', #3156 ) ;
#8644 = CARTESIAN_POINT ( 'NONE',  ( -0.2189011544558008282, -0.05693534430021367221, 0.2505000000000001115 ) ) ;
#8645 = SURFACE_SIDE_STYLE ('',( #5628 ) ) ;
#8646 = FACE_BOUND ( 'NONE', #9821, .T. ) ;
#8647 = FACE_OUTER_BOUND ( 'NONE', #7711, .T. ) ;
#8648 = VERTEX_POINT ( 'NONE', #146 ) ;
#8649 = DIRECTION ( 'NONE',  ( 0.0000000000000000000, -0.0000000000000000000, 1.000000000000000000 ) ) ;
#8650 = ORIENTED_EDGE ( 'NONE', *, *, #4685, .F. ) ;
#8651 =( GEOMETRIC_REPRESENTATION_CONTEXT ( 3 ) GLOBAL_UNCERTAINTY_ASSIGNED_CONTEXT ( ( #6490 ) ) GLOBAL_UNIT_ASSIGNED_CONTEXT ( ( #7084, #4007, #4791 ) ) REPRESENTATION_CONTEXT ( 'NONE', 'WORKASPACE' ) );
#8652 = DIRECTION ( 'NONE',  ( -0.0000000000000000000, -0.0000000000000000000, -1.000000000000000000 ) ) ;
#8653 = DIRECTION ( 'NONE',  ( -0.0000000000000000000, -0.0000000000000000000, -1.000000000000000000 ) ) ;
#8654 = MECHANICAL_DESIGN_GEOMETRIC_PRESENTATION_REPRESENTATION (  '', ( #5501 ), #6182 ) ;
#8655 = VECTOR ( 'NONE', #2051, 39.37007874015748143 ) ;
#8656 = CARTESIAN_POINT ( 'NONE',  ( 0.2695395540611373320, -0.08591889066001591468, 0.2505000000000000004 ) ) ;
#8657 = DIMENSIONAL_EXPONENTS ( 1.000000000000000000, 0.0000000000000000000, 0.0000000000000000000, 0.0000000000000000000, 0.0000000000000000000, 0.0000000000000000000, 0.0000000000000000000 ) ;
#8658 = CARTESIAN_POINT ( 'NONE',  ( 0.1070000000000000118, 0.05600000000000000810, -0.3395000000000000240 ) ) ;
#8659 = SURFACE_STYLE_USAGE ( .BOTH. , #9367 ) ;
#8660 = LINE ( 'NONE', #1129, #8181 ) ;
#8661 = LINE ( 'NONE', #4386, #3771 ) ;
#8662 = FACE_OUTER_BOUND ( 'NONE', #8685, .T. ) ;
#8663 = CARTESIAN_POINT ( 'NONE',  ( -0.2171174070626036012, -0.08329436808942533577, 0.2485000000000000542 ) ) ;
#8664 = CARTESIAN_POINT ( 'NONE',  ( -0.2347851773061516434, -0.06653364255677583772, 0.2504999999999999449 ) ) ;
#8665 = CARTESIAN_POINT ( 'NONE',  ( -0.1110000000000000014, 0.05600000000000000810, 0.2505000000000000004 ) ) ;
#8666 =( NAMED_UNIT ( * ) SI_UNIT ( $, .STERADIAN. ) SOLID_ANGLE_UNIT ( ) );
#8667 = PRESENTATION_LAYER_ASSIGNMENT (  '', '', ( #9008 ) ) ;
#8668 = PRESENTATION_LAYER_ASSIGNMENT (  '', '', ( #6198 ) ) ;
#8669 = ORIENTED_EDGE ( 'NONE', *, *, #9976, .T. ) ;
#8670 = MECHANICAL_DESIGN_GEOMETRIC_PRESENTATION_REPRESENTATION (  '', ( #5464 ), #9186 ) ;
#8671 = DIRECTION ( 'NONE',  ( -1.000000000000000000, 0.0000000000000000000, 0.0000000000000000000 ) ) ;
#8672 = DIRECTION ( 'NONE',  ( -1.000000000000000000, 0.0000000000000000000, 0.0000000000000000000 ) ) ;
#8673 = CARTESIAN_POINT ( 'NONE',  ( -0.2246072802615997621, -0.05179503038194442632, 0.2505000000000000560 ) ) ;
#8674 =( NAMED_UNIT ( * ) PLANE_ANGLE_UNIT ( ) SI_UNIT ( $, .RADIAN. ) );
#8675 = CARTESIAN_POINT ( 'NONE',  ( -0.2124826162615817693, -0.05419650718001907397, 0.2484999999999999154 ) ) ;
#8676 = PRESENTATION_STYLE_ASSIGNMENT (( #1268 ) ) ;
#8677 = ADVANCED_FACE ( 'NONE', ( #905 ), #9582, .T. ) ;
#8678 = ADVANCED_FACE ( 'NONE', ( #7408 ), #5543, .T. ) ;
#8679 = CARTESIAN_POINT ( 'NONE',  ( -0.1355000000000000648, -0.05599999999999999423, -0.2013975032409335841 ) ) ;
#8680 = FACE_OUTER_BOUND ( 'NONE', #5709, .T. ) ;
#8681 = COLOUR_RGB ( '',0.9294117647058823817, 0.7607843137254901578, 0.4784313725490195734 ) ;
#8682 = ORIENTED_EDGE ( 'NONE', *, *, #9229, .T. ) ;
#8683 = CARTESIAN_POINT ( 'NONE',  ( -0.2200000000000000011, 0.05600000000000000810, -0.2195000000000000007 ) ) ;
#8684 = AXIS2_PLACEMENT_3D ( 'NONE', #5457, #4601, #809 ) ;
#8685 = EDGE_LOOP ( 'NONE', ( #2679, #7335, #5761, #7528 ) ) ;
#8686 = EDGE_CURVE ( 'NONE', #6936, #6608, #8131, .T. ) ;
#8687 = AXIS2_PLACEMENT_3D ( 'NONE', #9457, #3496, #8923 ) ;
#8688 = LENGTH_MEASURE_WITH_UNIT ( LENGTH_MEASURE( 0.02539999999999999897 ), #8795 );
#8689 = DIRECTION ( 'NONE',  ( 0.0000000000000000000, 0.0000000000000000000, 1.000000000000000000 ) ) ;
#8690 = DIRECTION ( 'NONE',  ( 1.000000000000000000, 0.0000000000000000000, 0.0000000000000000000 ) ) ;
#8691 = CARTESIAN_POINT ( 'NONE',  ( -0.2247693233847634919, -0.04505403645833331444, 0.2505000000000000004 ) ) ;
#8692 = DIRECTION ( 'NONE',  ( -1.000000000000000000, 0.0000000000000000000, 0.0000000000000000000 ) ) ;
#8693 = PRESENTATION_STYLE_ASSIGNMENT (( #6480 ) ) ;
#8694 = DIRECTION ( 'NONE',  ( -0.0000000000000000000, -0.0000000000000000000, 1.000000000000000000 ) ) ;
#8695 = EDGE_CURVE ( 'NONE', #5374, #9642, #3481, .T. ) ;
#8696 = CARTESIAN_POINT ( 'NONE',  ( -0.2248493639499632157, -0.08600659151928985446, 0.2484999999999999987 ) ) ;
#8697 = CARTESIAN_POINT ( 'NONE',  ( -0.2369929235185506688, -0.06216760122714018455, 0.2505000000000000004 ) ) ;
#8698 = CARTESIAN_POINT ( 'NONE',  ( -0.2296873321727826989, -0.05787974965674244632, 0.2505000000000000560 ) ) ;
#8699 = FILL_AREA_STYLE_COLOUR ( '', #9167 ) ;
#8700 = DIRECTION ( 'NONE',  ( 1.826101600042956375E-16, -1.000000000000000000, 0.0000000000000000000 ) ) ;
#8701 =( CONVERSION_BASED_UNIT ( 'INCH', #9344 ) LENGTH_UNIT ( ) NAMED_UNIT ( #91 ) );
#8702 = ORIENTED_EDGE ( 'NONE', *, *, #1236, .T. ) ;
#8703 =( LENGTH_UNIT ( ) NAMED_UNIT ( * ) SI_UNIT ( $, .METRE. ) );
#8704 = CARTESIAN_POINT ( 'NONE',  ( -0.2000000000000000389, 0.05599999999999999423, -0.2795000000000000262 ) ) ;
#8705 = FILL_AREA_STYLE ('',( #914 ) ) ;
#8706 = SURFACE_STYLE_FILL_AREA ( #7791 ) ;
#8707 = DIRECTION ( 'NONE',  ( 1.000000000000000000, 0.0000000000000000000, 0.0000000000000000000 ) ) ;
#8708 = CARTESIAN_POINT ( 'NONE',  ( -0.2197758498263108762, -0.05448016030695401052, 0.2504999999999999449 ) ) ;
#8709 = CARTESIAN_POINT ( 'NONE',  ( -0.2225994174166946449, -0.07896575545379644345, 0.2505000000000001670 ) ) ;
#8710 = PRESENTATION_STYLE_ASSIGNMENT (( #1368 ) ) ;
#8712 = ORIENTED_EDGE ( 'NONE', *, *, #5057, .T. ) ;
#8711 = FACE_OUTER_BOUND ( 'NONE', #839, .T. ) ;
#8713 = CARTESIAN_POINT ( 'NONE',  ( 0.1269999999999999740, 0.05599999999999999423, -0.3395000000000000240 ) ) ;
#8714 =( GEOMETRIC_REPRESENTATION_CONTEXT ( 3 ) GLOBAL_UNCERTAINTY_ASSIGNED_CONTEXT ( ( #1317 ) ) GLOBAL_UNIT_ASSIGNED_CONTEXT ( ( #7818, #1503, #5554 ) ) REPRESENTATION_CONTEXT ( 'NONE', 'WORKASPACE' ) );
#8715 = ORIENTED_EDGE ( 'NONE', *, *, #2038, .T. ) ;
#8716 = EDGE_CURVE ( 'NONE', #750, #4717, #1372, .T. ) ;
#8717 = EDGE_CURVE ( 'NONE', #7087, #4374, #9451, .T. ) ;
#8718 = SURFACE_STYLE_FILL_AREA ( #3635 ) ;
#8719 = LENGTH_MEASURE_WITH_UNIT ( LENGTH_MEASURE( 0.02539999999999999897 ), #8862 );
#8720 = CARTESIAN_POINT ( 'NONE',  ( -0.2104510888804048685, -0.07550000000000001155, -0.03950000000000001427 ) ) ;
#8722 = ORIENTED_EDGE ( 'NONE', *, *, #9629, .F. ) ;
#8721 = SURFACE_STYLE_FILL_AREA ( #7991 ) ;
#8723 =( NAMED_UNIT ( * ) SI_UNIT ( $, .STERADIAN. ) SOLID_ANGLE_UNIT ( ) );
#8724 = DIRECTION ( 'NONE',  ( -0.0000000000000000000, -0.0000000000000000000, 1.000000000000000000 ) ) ;
#8725 = DIRECTION ( 'NONE',  ( -0.0000000000000000000, -0.0000000000000000000, -1.000000000000000000 ) ) ;
#8726 = PRESENTATION_LAYER_ASSIGNMENT (  '', '', ( #860 ) ) ;
#8727 = UNCERTAINTY_MEASURE_WITH_UNIT (LENGTH_MEASURE( 1.000000000000000082E-05 ), #2831, 'distance_accuracy_value', 'NONE');
#8728 = ORIENTED_EDGE ( 'NONE', *, *, #10063, .T. ) ;
#8729 = PRESENTATION_LAYER_ASSIGNMENT (  '', '', ( #6977 ) ) ;
#8731 = ORIENTED_EDGE ( 'NONE', *, *, #4496, .T. ) ;
#8730 = LENGTH_MEASURE_WITH_UNIT ( LENGTH_MEASURE( 0.02539999999999999897 ), #2073 );
#8732 = MECHANICAL_DESIGN_GEOMETRIC_PRESENTATION_REPRESENTATION (  '', ( #542 ), #7377 ) ;
#8733 = CARTESIAN_POINT ( 'NONE',  ( -0.2119795348179118466, -0.07470562594050075833, 0.2485000000000000542 ) ) ;
#8734 =( NAMED_UNIT ( * ) SI_UNIT ( $, .STERADIAN. ) SOLID_ANGLE_UNIT ( ) );
#8735 = CARTESIAN_POINT ( 'NONE',  ( 0.05249999999999998418, -0.05600000000000000810, -0.2013975032409335841 ) ) ;
#8736 = CARTESIAN_POINT ( 'NONE',  ( -0.2252331218304198523, -0.07097345126355059097, 0.2484999999999999709 ) ) ;
#8737 =( NAMED_UNIT ( * ) PLANE_ANGLE_UNIT ( ) SI_UNIT ( $, .RADIAN. ) );
#8738 = LENGTH_MEASURE_WITH_UNIT ( LENGTH_MEASURE( 0.02539999999999999897 ), #9970 );
#8739 = VERTEX_POINT ( 'NONE', #9675 ) ;
#8740 = VERTEX_POINT ( 'NONE', #4152 ) ;
#8741 = EDGE_LOOP ( 'NONE', ( #924, #4314, #1803, #8307, #3704, #8827 ) ) ;
#8742 = DIRECTION ( 'NONE',  ( 1.000000000000000000, 0.0000000000000000000, 0.0000000000000000000 ) ) ;
#8743 = SURFACE_STYLE_USAGE ( .BOTH. , #6432 ) ;
#8744 =( CONVERSION_BASED_UNIT ( 'INCH', #1529 ) LENGTH_UNIT ( ) NAMED_UNIT ( #5633 ) );
#8745 = DIRECTION ( 'NONE',  ( 0.0000000000000000000, 0.0000000000000000000, 1.000000000000000000 ) ) ;
#8746 = CARTESIAN_POINT ( 'NONE',  ( -0.2264737489233165091, -0.08599580026284196765, 0.2504999999999999449 ) ) ;
#8747 =( GEOMETRIC_REPRESENTATION_CONTEXT ( 3 ) GLOBAL_UNCERTAINTY_ASSIGNED_CONTEXT ( ( #646 ) ) GLOBAL_UNIT_ASSIGNED_CONTEXT ( ( #9845, #9813, #2812 ) ) REPRESENTATION_CONTEXT ( 'NONE', 'WORKASPACE' ) );
#8748 = AXIS2_PLACEMENT_3D ( 'NONE', #7529, #2039, #6774 ) ;
#8749 = MECHANICAL_DESIGN_GEOMETRIC_PRESENTATION_REPRESENTATION (  '', ( #7702 ), #4373 ) ;
#8750 = SURFACE_STYLE_FILL_AREA ( #1832 ) ;
#8751 = VECTOR ( 'NONE', #5048, 39.37007874015748143 ) ;
#8752 = ORIENTED_EDGE ( 'NONE', *, *, #1758, .T. ) ;
#8753 =( NAMED_UNIT ( * ) SI_UNIT ( $, .STERADIAN. ) SOLID_ANGLE_UNIT ( ) );
#8754 = FILL_AREA_STYLE ('',( #2497 ) ) ;
#8755 = DIRECTION ( 'NONE',  ( 0.0000000000000000000, 0.0000000000000000000, 1.000000000000000000 ) ) ;
#8756 = CIRCLE ( 'NONE', #9153, 0.02000000000000000042 ) ;
#8757 = CARTESIAN_POINT ( 'NONE',  ( 0.2159999999999999976, 0.05600000000000000810, -0.03565432893255038316 ) ) ;
#8758 = FILL_AREA_STYLE ('',( #3404 ) ) ;
#8759 = PLANE ( 'NONE',  #894 ) ;
#8760 = ORIENTED_EDGE ( 'NONE', *, *, #7106, .F. ) ;
#8761 = MECHANICAL_DESIGN_GEOMETRIC_PRESENTATION_REPRESENTATION (  '', ( #3127 ), #6819 ) ;
#8762 = EDGE_CURVE ( 'NONE', #7986, #79, #7637, .T. ) ;
#8763 = DIRECTION ( 'NONE',  ( -1.000000000000000000, 0.0000000000000000000, 0.0000000000000000000 ) ) ;
#8764 =( NAMED_UNIT ( * ) PLANE_ANGLE_UNIT ( ) SI_UNIT ( $, .RADIAN. ) );
#8765 = CARTESIAN_POINT ( 'NONE',  ( 0.2458437804511574010, 0.1209459635416667289, 0.2505000000000000004 ) ) ;
#8766 = DIRECTION ( 'NONE',  ( -1.000000000000000000, 0.0000000000000000000, 0.0000000000000000000 ) ) ;
#8767 =( NAMED_UNIT ( * ) PLANE_ANGLE_UNIT ( ) SI_UNIT ( $, .RADIAN. ) );
#8768 = ORIENTED_EDGE ( 'NONE', *, *, #7535, .F. ) ;
#8769 = MECHANICAL_DESIGN_GEOMETRIC_PRESENTATION_REPRESENTATION (  '', ( #1111 ), #4571 ) ;
#8770 = EDGE_CURVE ( 'NONE', #2354, #275, #5936, .T. ) ;
#8771 = EDGE_CURVE ( 'NONE', #5914, #4274, #6053, .T. ) ;
#8772 = CYLINDRICAL_SURFACE ( 'NONE', #2686, 0.06000000000000004635 ) ;
#8773 = FILL_AREA_STYLE ('',( #5593 ) ) ;
#8774 = SURFACE_STYLE_FILL_AREA ( #6692 ) ;
#8775 = SURFACE_STYLE_USAGE ( .BOTH. , #5595 ) ;
#8776 =( LENGTH_UNIT ( ) NAMED_UNIT ( * ) SI_UNIT ( $, .METRE. ) );
#8777 = VERTEX_POINT ( 'NONE', #5690 ) ;
#8778 = ADVANCED_FACE ( 'NONE', ( #3959 ), #9210, .F. ) ;
#8779 = SURFACE_SIDE_STYLE ('',( #294 ) ) ;
#8780 = CARTESIAN_POINT ( 'NONE',  ( -0.2286502561845348003, -0.07461070212339741825, 0.2484999999999999987 ) ) ;
#8781 = DIRECTION ( 'NONE',  ( 0.0000000000000000000, 0.0000000000000000000, 1.000000000000000000 ) ) ;
#8782 = LINE ( 'NONE', #4357, #582 ) ;
#8783 = VECTOR ( 'NONE', #8032, 39.37007874015748143 ) ;
#8784 = UNCERTAINTY_MEASURE_WITH_UNIT (LENGTH_MEASURE( 1.000000000000000082E-05 ), #5499, 'distance_accuracy_value', 'NONE');
#8785 = CARTESIAN_POINT ( 'NONE',  ( 0.2159999999999999976, 0.05600000000000000810, -0.2195000000000000007 ) ) ;
#8786 = DIRECTION ( 'NONE',  ( 0.9848077530122077983, -0.1736481776669317745, 0.0000000000000000000 ) ) ;
#8787 = STYLED_ITEM ( 'NONE', ( #5313 ), #476 ) ;
#8788 = SURFACE_SIDE_STYLE ('',( #4888 ) ) ;
#8789 = VERTEX_POINT ( 'NONE', #8897 ) ;
#8790 = CARTESIAN_POINT ( 'NONE',  ( -0.2000000000000000389, 0.05599999999999999423, -0.3395000000000000240 ) ) ;
#8791 = CARTESIAN_POINT ( 'NONE',  ( -0.3009115348192675232, 0.09550000000000004319, 0.2515000000000000013 ) ) ;
#8792 = PRESENTATION_STYLE_ASSIGNMENT (( #6242 ) ) ;
#8793 = CARTESIAN_POINT ( 'NONE',  ( -0.3790884651807323591, 0.07466221867996829242, -0.1694999999999999840 ) ) ;
#8794 = SURFACE_STYLE_FILL_AREA ( #380 ) ;
#8795 =( LENGTH_UNIT ( ) NAMED_UNIT ( * ) SI_UNIT ( $, .METRE. ) );
#8796 = LINE ( 'NONE', #9075, #8209 ) ;
#8797 = CARTESIAN_POINT ( 'NONE',  ( 0.2360542715973121541, 0.1111759309221211217, 0.2485000000000000264 ) ) ;
#8798 =( NAMED_UNIT ( * ) SI_UNIT ( $, .STERADIAN. ) SOLID_ANGLE_UNIT ( ) );
#8799 = CARTESIAN_POINT ( 'NONE',  ( -0.1655000000000000082, -0.05600000000000000810, -0.2195000000000000007 ) ) ;
#8800 = CARTESIAN_POINT ( 'NONE',  ( -0.2245175924757888963, -0.07095868196105205306, 0.2504999999999999449 ) ) ;
#8801 = CARTESIAN_POINT ( 'NONE',  ( -0.2124826162615817693, -0.05419650718001907397, 0.2504999999999999449 ) ) ;
#8802 = AXIS2_PLACEMENT_3D ( 'NONE', #2390, #4830, #7875 ) ;
#8803 = VECTOR ( 'NONE', #9877, 39.37007874015748143 ) ;
#8804 = PRESENTATION_LAYER_ASSIGNMENT (  '', '', ( #6866 ) ) ;
#8805 = DIMENSIONAL_EXPONENTS ( 1.000000000000000000, 0.0000000000000000000, 0.0000000000000000000, 0.0000000000000000000, 0.0000000000000000000, 0.0000000000000000000, 0.0000000000000000000 ) ;
#8806 =( GEOMETRIC_REPRESENTATION_CONTEXT ( 3 ) GLOBAL_UNCERTAINTY_ASSIGNED_CONTEXT ( ( #1109 ) ) GLOBAL_UNIT_ASSIGNED_CONTEXT ( ( #9312, #8509, #3761 ) ) REPRESENTATION_CONTEXT ( 'NONE', 'WORKASPACE' ) );
#8807 = LINE ( 'NONE', #3525, #980 ) ;
#8808 = EDGE_LOOP ( 'NONE', ( #8702, #1706, #4461, #1265 ) ) ;
#8809 = DIRECTION ( 'NONE',  ( -0.0000000000000000000, -0.0000000000000000000, 1.000000000000000000 ) ) ;
#8810 =( NAMED_UNIT ( * ) SI_UNIT ( $, .STERADIAN. ) SOLID_ANGLE_UNIT ( ) );
#8811 =( NAMED_UNIT ( * ) SI_UNIT ( $, .STERADIAN. ) SOLID_ANGLE_UNIT ( ) );
#8812 = LENGTH_MEASURE_WITH_UNIT ( LENGTH_MEASURE( 0.02539999999999999897 ), #7244 );
#8813 = CARTESIAN_POINT ( 'NONE',  ( -0.5450000000000000400, -0.1869999999999998330, 0.01949999999999999997 ) ) ;
#8814 = FILL_AREA_STYLE_COLOUR ( '', #414 ) ;
#8815 = DIRECTION ( 'NONE',  ( -1.000000000000000000, 0.0000000000000000000, 0.0000000000000000000 ) ) ;
#8816 = CIRCLE ( 'NONE', #1572, 0.05999999999999997696 ) ;
#8817 =( NAMED_UNIT ( * ) SI_UNIT ( $, .STERADIAN. ) SOLID_ANGLE_UNIT ( ) );
#8818 = EDGE_CURVE ( 'NONE', #5696, #4771, #7138, .T. ) ;
#8819 = DIRECTION ( 'NONE',  ( -1.000000000000000000, 0.0000000000000000000, 0.0000000000000000000 ) ) ;
#8820 = CARTESIAN_POINT ( 'NONE',  ( -0.2364283260963937761, -0.07546953067616517241, 0.2505000000000000004 ) ) ;
#8821 = SURFACE_SIDE_STYLE ('',( #2982 ) ) ;
#8822 = DIRECTION ( 'NONE',  ( -0.0000000000000000000, -0.0000000000000000000, 1.000000000000000000 ) ) ;
#8823 = ADVANCED_FACE ( 'NONE', ( #5308 ), #3432, .F. ) ;
#8824 = PRESENTATION_STYLE_ASSIGNMENT (( #6761 ) ) ;
#8825 = LINE ( 'NONE', #675, #2593 ) ;
#8826 = SURFACE_STYLE_FILL_AREA ( #699 ) ;
#8827 = ORIENTED_EDGE ( 'NONE', *, *, #1417, .T. ) ;
#8828 = PRESENTATION_LAYER_ASSIGNMENT (  '', '', ( #4495 ) ) ;
#8829 = EDGE_CURVE ( 'NONE', #1090, #7575, #4553, .T. ) ;
#8830 = MECHANICAL_DESIGN_GEOMETRIC_PRESENTATION_REPRESENTATION (  '', ( #4838 ), #6224 ) ;
#8831 = CARTESIAN_POINT ( 'NONE',  ( -0.6049999999999999822, 0.1870000000000001106, 0.01949999999999999997 ) ) ;
#8832 = SURFACE_STYLE_USAGE ( .BOTH. , #1783 ) ;
#8833 = FILL_AREA_STYLE_COLOUR ( '', #9612 ) ;
#8834 =( LENGTH_UNIT ( ) NAMED_UNIT ( * ) SI_UNIT ( $, .METRE. ) );
#8835 = SURFACE_STYLE_USAGE ( .BOTH. , #7245 ) ;
#8836 = FACE_OUTER_BOUND ( 'NONE', #440, .T. ) ;
#8837 = CARTESIAN_POINT ( 'NONE',  ( -0.2110444241623313788, -0.06274573964619120647, 0.2505000000000000004 ) ) ;
#8838 = ORIENTED_EDGE ( 'NONE', *, *, #2952, .F. ) ;
#8839 = DIRECTION ( 'NONE',  ( -0.0000000000000000000, -0.0000000000000000000, 1.000000000000000000 ) ) ;
#8840 = CARTESIAN_POINT ( 'NONE',  ( -0.2241859681413740923, -0.06423994224091877925, 0.2484999999999999987 ) ) ;
#8841 = FACE_OUTER_BOUND ( 'NONE', #4840, .T. ) ;
#8842 = DIRECTION ( 'NONE',  ( 0.0000000000000000000, 0.0000000000000000000, -1.000000000000000000 ) ) ;
#8843 = CARTESIAN_POINT ( 'NONE',  ( -0.2609115348192674322, -0.1754999999999999893, -0.1694999999999999840 ) ) ;
#8844 = PRESENTATION_STYLE_ASSIGNMENT (( #3468 ) ) ;
#8845 = ORIENTED_EDGE ( 'NONE', *, *, #1599, .F. ) ;
#8846 = LINE ( 'NONE', #6682, #9443 ) ;
#8847 = STYLED_ITEM ( 'NONE', ( #2877 ), #8523 ) ;
#8848 = EDGE_CURVE ( 'NONE', #237, #7582, #6042, .T. ) ;
#8849 = EDGE_CURVE ( 'NONE', #1935, #279, #2972, .T. ) ;
#8850 = ORIENTED_EDGE ( 'NONE', *, *, #6962, .F. ) ;
#8851 = DIRECTION ( 'NONE',  ( -0.0000000000000000000, -0.0000000000000000000, 1.000000000000000000 ) ) ;
#8852 =( LENGTH_UNIT ( ) NAMED_UNIT ( * ) SI_UNIT ( $, .METRE. ) );
#8853 =( NAMED_UNIT ( * ) SI_UNIT ( $, .STERADIAN. ) SOLID_ANGLE_UNIT ( ) );
#8854 = PRESENTATION_STYLE_ASSIGNMENT (( #3132 ) ) ;
#8855 =( NAMED_UNIT ( * ) SI_UNIT ( $, .STERADIAN. ) SOLID_ANGLE_UNIT ( ) );
#8856 = VERTEX_POINT ( 'NONE', #5829 ) ;
#8857 = UNCERTAINTY_MEASURE_WITH_UNIT (LENGTH_MEASURE( 1.000000000000000082E-05 ), #6767, 'distance_accuracy_value', 'NONE');
#8858 = DIRECTION ( 'NONE',  ( -0.1736481776669317467, 0.9848077530122077983, 0.0000000000000000000 ) ) ;
#8859 = DIMENSIONAL_EXPONENTS ( 1.000000000000000000, 0.0000000000000000000, 0.0000000000000000000, 0.0000000000000000000, 0.0000000000000000000, 0.0000000000000000000, 0.0000000000000000000 ) ;
#8860 =( NAMED_UNIT ( * ) SI_UNIT ( $, .STERADIAN. ) SOLID_ANGLE_UNIT ( ) );
#8861 = PRESENTATION_STYLE_ASSIGNMENT (( #2923 ) ) ;
#8862 =( LENGTH_UNIT ( ) NAMED_UNIT ( * ) SI_UNIT ( $, .METRE. ) );
#8863 = ORIENTED_EDGE ( 'NONE', *, *, #6440, .F. ) ;
#8864 = CARTESIAN_POINT ( 'NONE',  ( -0.2204668229604057339, -0.06289641193096497107, 0.2505000000000000560 ) ) ;
#8865 = CIRCLE ( 'NONE', #2763, 0.02999999999999997113 ) ;
#8866 = STYLED_ITEM ( 'NONE', ( #475 ), #4994 ) ;
#8867 = ADVANCED_FACE ( 'NONE', ( #33 ), #4258, .T. ) ;
#8868 = FACE_OUTER_BOUND ( 'NONE', #3126, .T. ) ;
#8869 = PRESENTATION_LAYER_ASSIGNMENT (  '', '', ( #1142 ) ) ;
#8870 = ORIENTED_EDGE ( 'NONE', *, *, #8010, .F. ) ;
#8871 = CARTESIAN_POINT ( 'NONE',  ( -0.5450000000000000400, -0.2469999999999998586, -0.01949999999999999997 ) ) ;
#8872 = ORIENTED_EDGE ( 'NONE', *, *, #7145, .T. ) ;
#8873 = CARTESIAN_POINT ( 'NONE',  ( 0.2450509566249798044, 0.1191250570841284884, 0.2485000000000000264 ) ) ;
#8874 = FILL_AREA_STYLE ('',( #8833 ) ) ;
#8875 = CARTESIAN_POINT ( 'NONE',  ( -0.2374654020846416469, -0.05822004021538626506, 0.2505000000000000004 ) ) ;
#8876 = FILL_AREA_STYLE ('',( #8946 ) ) ;
#8877 = CARTESIAN_POINT ( 'NONE',  ( 0.03300000000000011258, -0.05600000000000000810, -0.03565432893255038316 ) ) ;
#8878 = DIRECTION ( 'NONE',  ( -0.0000000000000000000, -0.0000000000000000000, -1.000000000000000000 ) ) ;
#8879 = VERTEX_POINT ( 'NONE', #9749 ) ;
#8880 =( NAMED_UNIT ( * ) PLANE_ANGLE_UNIT ( ) SI_UNIT ( $, .RADIAN. ) );
#8881 = ORIENTED_EDGE ( 'NONE', *, *, #2894, .F. ) ;
#8882 =( NAMED_UNIT ( * ) SI_UNIT ( $, .STERADIAN. ) SOLID_ANGLE_UNIT ( ) );
#8883 = AXIS2_PLACEMENT_3D ( 'NONE', #7323, #3423, #368 ) ;
#8884 = CIRCLE ( 'NONE', #7527, 0.01949999999999987160 ) ;
#8885 =( LENGTH_UNIT ( ) NAMED_UNIT ( * ) SI_UNIT ( $, .METRE. ) );
#8886 = ADVANCED_FACE ( 'NONE', ( #1138 ), #769, .F. ) ;
#8887 =( NAMED_UNIT ( * ) SI_UNIT ( $, .STERADIAN. ) SOLID_ANGLE_UNIT ( ) );
#8888 = COLOUR_RGB ( '',0.9294117647058823817, 0.7607843137254901578, 0.4784313725490195734 ) ;
#8889 = CYLINDRICAL_SURFACE ( 'NONE', #2795, 0.05600000000000002892 ) ;
#8890 = CARTESIAN_POINT ( 'NONE',  ( -0.2231378237521940977, -0.07913998797301494137, 0.2484999999999999154 ) ) ;
#8891 = EDGE_LOOP ( 'NONE', ( #7523, #9327, #1515, #2105 ) ) ;
#8892 = EDGE_LOOP ( 'NONE', ( #2685, #5599, #4113, #6582 ) ) ;
#8893 = FILL_AREA_STYLE_COLOUR ( '', #5264 ) ;
#8894 = CARTESIAN_POINT ( 'NONE',  ( -0.2294968193057635719, -0.05571851038221659752, 0.2484999999999999709 ) ) ;
#8895 = CARTESIAN_POINT ( 'NONE',  ( -0.2328157433418785172, -0.08338900579229287235, 0.2505000000000000004 ) ) ;
#8896 = CIRCLE ( 'NONE', #8408, 0.01949999999999987507 ) ;
#8897 = CARTESIAN_POINT ( 'NONE',  ( 0.2354999999999998761, 0.05600000000000000810, 0.2505000000000000004 ) ) ;
#8898 = DIRECTION ( 'NONE',  ( 0.0000000000000000000, 0.0000000000000000000, 1.000000000000000000 ) ) ;
#8899 = SURFACE_STYLE_USAGE ( .BOTH. , #5793 ) ;
#8900 = FACE_BOUND ( 'NONE', #5075, .T. ) ;
#8901 = EDGE_CURVE ( 'NONE', #3046, #1507, #1867, .T. ) ;
#8902 = CARTESIAN_POINT ( 'NONE',  ( -0.2321374495650352365, -0.06900172172586181707, 0.2504999999999999449 ) ) ;
#8903 = ORIENTED_EDGE ( 'NONE', *, *, #5630, .T. ) ;
#8904 = DIRECTION ( 'NONE',  ( -0.0000000000000000000, -0.0000000000000000000, 1.000000000000000000 ) ) ;
#8905 = CARTESIAN_POINT ( 'NONE',  ( 0.2407266707886135670, 0.1141610335375898150, 0.2504999999999999449 ) ) ;
#8906 = DIRECTION ( 'NONE',  ( 0.0000000000000000000, 0.0000000000000000000, -1.000000000000000000 ) ) ;
#8907 = CARTESIAN_POINT ( 'NONE',  ( -0.2892357091213815234, -0.08939185421335454906, 0.2515000000000000013 ) ) ;
#8908 = LINE ( 'NONE', #7537, #6469 ) ;
#8909 = VERTEX_POINT ( 'NONE', #9002 ) ;
#8910 = AXIS2_PLACEMENT_3D ( 'NONE', #1714, #4802, #7169 ) ;
#8911 = EDGE_CURVE ( 'NONE', #7131, #8595, #1609, .T. ) ;
#8912 = EDGE_CURVE ( 'NONE', #1094, #5515, #6787, .T. ) ;
#8913 = SURFACE_STYLE_USAGE ( .BOTH. , #3450 ) ;
#8914 = CARTESIAN_POINT ( 'NONE',  ( 0.2344521488927472919, 0.1027971337473291280, 0.2484999999999999987 ) ) ;
#8915 = CARTESIAN_POINT ( 'NONE',  ( 0.2104510888804048685, -0.1754999999999999893, -0.1494999999999999940 ) ) ;
#8916 = VECTOR ( 'NONE', #9597, 39.37007874015748143 ) ;
#8917 = CARTESIAN_POINT ( 'NONE',  ( -0.2351324278202851781, -0.08005959284212782467, 0.2485000000000000264 ) ) ;
#8918 = UNCERTAINTY_MEASURE_WITH_UNIT (LENGTH_MEASURE( 1.000000000000000082E-05 ), #1421, 'distance_accuracy_value', 'NONE');
#8919 = CARTESIAN_POINT ( 'NONE',  ( -0.2231035427155219908, -0.06419752955620293411, 0.2505000000000000560 ) ) ;
#8920 = CARTESIAN_POINT ( 'NONE',  ( 0.07249999999999993949, -0.05599999999999999423, -0.2013975032409335841 ) ) ;
#8921 = ORIENTED_EDGE ( 'NONE', *, *, #4311, .F. ) ;
#8922 = CARTESIAN_POINT ( 'NONE',  ( -0.2609115348192674322, 0.2155000000000001081, -0.1494999999999999940 ) ) ;
#8923 = DIRECTION ( 'NONE',  ( 0.0000000000000000000, -0.0000000000000000000, -1.000000000000000000 ) ) ;
#8924 = CARTESIAN_POINT ( 'NONE',  ( -0.2220845370925712547, -0.07871074722484991404, 0.2484999999999998876 ) ) ;
#8925 = ORIENTED_EDGE ( 'NONE', *, *, #845, .T. ) ;
#8926 = FILL_AREA_STYLE ('',( #1873 ) ) ;
#8927 = CARTESIAN_POINT ( 'NONE',  ( -0.2296873321727826989, -0.05787974965674244632, 0.2505000000000001115 ) ) ;
#8928 = AXIS2_PLACEMENT_3D ( 'NONE', #3236, #4095, #7426 ) ;
#8929 = SURFACE_STYLE_USAGE ( .BOTH. , #8187 ) ;
#8930 = CARTESIAN_POINT ( 'NONE',  ( -0.2184664083046964078, -0.07080647942178157350, 0.2484999999999999987 ) ) ;
#8931 = AXIS2_PLACEMENT_3D ( 'NONE', #4961, #8781, #9706 ) ;
#8932 = CIRCLE ( 'NONE', #1914, 0.02999999999999998848 ) ;
#8933 = STYLED_ITEM ( 'NONE', ( #4785 ), #9285 ) ;
#8934 = EDGE_LOOP ( 'NONE', ( #4034, #9605, #5613, #7779 ) ) ;
#8935 = UNCERTAINTY_MEASURE_WITH_UNIT (LENGTH_MEASURE( 1.000000000000000082E-05 ), #8105, 'distance_accuracy_value', 'NONE');
#8936 = ADVANCED_FACE ( 'NONE', ( #6406 ), #6653, .F. ) ;
#8937 = CARTESIAN_POINT ( 'NONE',  ( -0.2259932609313351215, -0.07096953565467553626, 0.2505000000000000560 ) ) ;
#8938 = VECTOR ( 'NONE', #7348, 39.37007874015748143 ) ;
#8939 = ORIENTED_EDGE ( 'NONE', *, *, #5026, .F. ) ;
#8940 = COLOUR_RGB ( '',0.9294117647058823817, 0.7607843137254901578, 0.4784313725490195734 ) ;
#8941 = PRESENTATION_STYLE_ASSIGNMENT (( #8612 ) ) ;
#8942 = DIRECTION ( 'NONE',  ( -0.0000000000000000000, -0.0000000000000000000, 1.000000000000000000 ) ) ;
#8943 = VERTEX_POINT ( 'NONE', #7473 ) ;
#8944 = CYLINDRICAL_SURFACE ( 'NONE', #448, 0.01999999999999995878 ) ;
#8945 = FILL_AREA_STYLE ('',( #3415 ) ) ;
#8946 = FILL_AREA_STYLE_COLOUR ( '', #4316 ) ;
#8947 = LINE ( 'NONE', #1909, #2447 ) ;
#8948 = MECHANICAL_DESIGN_GEOMETRIC_PRESENTATION_REPRESENTATION (  '', ( #4539 ), #9450 ) ;
#8949 = AXIS2_PLACEMENT_3D ( 'NONE', #337, #7459, #9798 ) ;
#8950 = PRESENTATION_LAYER_ASSIGNMENT (  '', '', ( #7702 ) ) ;
#8951 = DIRECTION ( 'NONE',  ( -1.000000000000000000, 0.0000000000000000000, 0.0000000000000000000 ) ) ;
#8952 = DIRECTION ( 'NONE',  ( -1.000000000000000000, 0.0000000000000000000, 0.0000000000000000000 ) ) ;
#8953 = COLOUR_RGB ( '',0.9294117647058823817, 0.7607843137254901578, 0.4784313725490195734 ) ;
#8954 = CARTESIAN_POINT ( 'NONE',  ( 0.2609115348192674322, 0.2155000000000000526, -0.1694999999999999840 ) ) ;
#8955 = CARTESIAN_POINT ( 'NONE',  ( -0.08649999999999995193, -0.05600000000000000810, -0.4243528137423855373 ) ) ;
#8956 = CARTESIAN_POINT ( 'NONE',  ( -0.2188023341901455809, -0.05864696422840105089, 0.2504999999999999449 ) ) ;
#8957 = ORIENTED_EDGE ( 'NONE', *, *, #1896, .F. ) ;
#8958 = CARTESIAN_POINT ( 'NONE',  ( -0.2347851773061516434, -0.06653364255677583772, 0.2484999999999999709 ) ) ;
#8959 =( GEOMETRIC_REPRESENTATION_CONTEXT ( 3 ) GLOBAL_UNCERTAINTY_ASSIGNED_CONTEXT ( ( #9910 ) ) GLOBAL_UNIT_ASSIGNED_CONTEXT ( ( #221, #2610, #1739 ) ) REPRESENTATION_CONTEXT ( 'NONE', 'WORKASPACE' ) );
#8960 = EDGE_CURVE ( 'NONE', #26, #1508, #5666, .T. ) ;
#8961 = LINE ( 'NONE', #9150, #3210 ) ;
#8962 = CARTESIAN_POINT ( 'NONE',  ( -0.2296102387597409034, -0.05639076654123065940, 0.2504999999999999449 ) ) ;
#8963 = DIRECTION ( 'NONE',  ( -0.0000000000000000000, 0.0000000000000000000, -1.000000000000000000 ) ) ;
#8964 = ORIENTED_EDGE ( 'NONE', *, *, #9990, .T. ) ;
#8965 = DIRECTION ( 'NONE',  ( -1.000000000000000000, 0.0000000000000000000, -0.0000000000000000000 ) ) ;
#8966 = DIMENSIONAL_EXPONENTS ( 1.000000000000000000, 0.0000000000000000000, 0.0000000000000000000, 0.0000000000000000000, 0.0000000000000000000, 0.0000000000000000000, 0.0000000000000000000 ) ;
#8967 = DIRECTION ( 'NONE',  ( 0.0000000000000000000, 0.0000000000000000000, 1.000000000000000000 ) ) ;
#8968 = CARTESIAN_POINT ( 'NONE',  ( -0.2241859681413740923, -0.06423994224091877925, 0.2484999999999999987 ) ) ;
#8969 = EDGE_LOOP ( 'NONE', ( #6112, #5961, #9578, #1125 ) ) ;
#8970 = ORIENTED_EDGE ( 'NONE', *, *, #281, .T. ) ;
#8971 = DIMENSIONAL_EXPONENTS ( 1.000000000000000000, 0.0000000000000000000, 0.0000000000000000000, 0.0000000000000000000, 0.0000000000000000000, 0.0000000000000000000, 0.0000000000000000000 ) ;
#8972 = CARTESIAN_POINT ( 'NONE',  ( 0.5449999999999998179, -0.1869999999999998330, -0.01949999999999999997 ) ) ;
#8973 = FACE_BOUND ( 'NONE', #9596, .T. ) ;
#8974 = LENGTH_MEASURE_WITH_UNIT ( LENGTH_MEASURE( 0.02539999999999999897 ), #446 );
#8976 = EDGE_LOOP ( 'NONE', ( #9211, #2098, #4883, #8164 ) ) ;
#8975 = CIRCLE ( 'NONE', #2895, 0.02999999999999993644 ) ;
#8977 = AXIS2_PLACEMENT_3D ( 'NONE', #8097, #339, #1282 ) ;
#8978 = EDGE_CURVE ( 'NONE', #2567, #68, #8961, .T. ) ;
#8979 = EDGE_CURVE ( 'NONE', #4098, #6890, #9920, .T. ) ;
#8980 = CARTESIAN_POINT ( 'NONE',  ( -0.3680203293623581229, -0.1032837084267090033, -0.03950000000000000039 ) ) ;
#8981 =( CONVERSION_BASED_UNIT ( 'INCH', #5765 ) LENGTH_UNIT ( ) NAMED_UNIT ( #6097 ) );
#8982 = CARTESIAN_POINT ( 'NONE',  ( -0.2149678480739825870, -0.08114939004290298852, 0.2484999999999998876 ) ) ;
#8983 = CARTESIAN_POINT ( 'NONE',  ( -0.02149999999999988032, 0.05600000000000000810, 0.01949999999999999997 ) ) ;
#8984 = FACE_OUTER_BOUND ( 'NONE', #8891, .T. ) ;
#8985 = ORIENTED_EDGE ( 'NONE', *, *, #1818, .T. ) ;
#8986 = VERTEX_POINT ( 'NONE', #2216 ) ;
#8987 = DIRECTION ( 'NONE',  ( 0.0000000000000000000, 0.0000000000000000000, -1.000000000000000000 ) ) ;
#8988 =( NAMED_UNIT ( * ) PLANE_ANGLE_UNIT ( ) SI_UNIT ( $, .RADIAN. ) );
#8989 = CARTESIAN_POINT ( 'NONE',  ( -0.1355000000000000648, -0.05599999999999999423, -0.3395000000000000240 ) ) ;
#8990 = AXIS2_PLACEMENT_3D ( 'NONE', #4617, #9234, #6107 ) ;
#8991 = STYLED_ITEM ( 'NONE', ( #7013 ), #679 ) ;
#8992 = SURFACE_STYLE_FILL_AREA ( #5503 ) ;
#8993 = DIRECTION ( 'NONE',  ( 0.0000000000000000000, 0.0000000000000000000, 1.000000000000000000 ) ) ;
#8994 = UNCERTAINTY_MEASURE_WITH_UNIT (LENGTH_MEASURE( 1.000000000000000082E-05 ), #5362, 'distance_accuracy_value', 'NONE');
#8995 = VERTEX_POINT ( 'NONE', #7663 ) ;
#8996 = PRESENTATION_STYLE_ASSIGNMENT (( #9574 ) ) ;
#8997 = LENGTH_MEASURE_WITH_UNIT ( LENGTH_MEASURE( 0.02539999999999999897 ), #5058 );
#8998 = ORIENTED_EDGE ( 'NONE', *, *, #5974, .F. ) ;
#8999 =( NAMED_UNIT ( * ) SI_UNIT ( $, .STERADIAN. ) SOLID_ANGLE_UNIT ( ) );
#9000 = DIRECTION ( 'NONE',  ( 0.0000000000000000000, 0.0000000000000000000, 1.000000000000000000 ) ) ;
#9001 = LENGTH_MEASURE_WITH_UNIT ( LENGTH_MEASURE( 0.02539999999999999897 ), #9408 );
#9002 = CARTESIAN_POINT ( 'NONE',  ( 0.3089318641816256594, -0.09286481776669323895, -0.1694999999999999840 ) ) ;
#9003 = CARTESIAN_POINT ( 'NONE',  ( -0.2182965867627145451, -0.06926316617080904847, 0.2485000000000001652 ) ) ;
#9004 = CARTESIAN_POINT ( 'NONE',  ( -0.2293010960458326253, -0.06071561508829845938, 0.2485000000000000264 ) ) ;
#9005 = CIRCLE ( 'NONE', #7865, 0.01999999999999999695 ) ;
#9006 = VERTEX_POINT ( 'NONE', #3697 ) ;
#9007 = DIRECTION ( 'NONE',  ( 1.000000000000000000, 0.0000000000000000000, 0.0000000000000000000 ) ) ;
#9008 = STYLED_ITEM ( 'NONE', ( #125 ), #4627 ) ;
#9009 = AXIS2_PLACEMENT_3D ( 'NONE', #4497, #10051, #4598 ) ;
#9010 = DIRECTION ( 'NONE',  ( 0.0000000000000000000, 0.0000000000000000000, -1.000000000000000000 ) ) ;
#9011 = AXIS2_PLACEMENT_3D ( 'NONE', #794, #6345, #2330 ) ;
#9012 = CARTESIAN_POINT ( 'NONE',  ( -0.2609115348192674322, 0.1755000000000000449, 0.01949999999999999997 ) ) ;
#9013 = DIRECTION ( 'NONE',  ( -0.1736481776669309141, 0.9848077530122080203, 0.0000000000000000000 ) ) ;
#9014 = ORIENTED_EDGE ( 'NONE', *, *, #2952, .T. ) ;
#9015 = DIRECTION ( 'NONE',  ( 0.0000000000000000000, -0.0000000000000000000, -1.000000000000000000 ) ) ;
#9016 = CARTESIAN_POINT ( 'NONE',  ( -0.2110199643843211348, -0.06529322254148302307, 0.2484999999999999987 ) ) ;
#9017 = ORIENTED_EDGE ( 'NONE', *, *, #4636, .F. ) ;
#9018 = CARTESIAN_POINT ( 'NONE',  ( 0.2892357091213815234, -0.08939185421335459070, -0.9827025327494508522 ) ) ;
#9019 = DIRECTION ( 'NONE',  ( -0.0000000000000000000, -0.0000000000000000000, -1.000000000000000000 ) ) ;
#9020 = PRESENTATION_LAYER_ASSIGNMENT (  '', '', ( #2669 ) ) ;
#9021 = EDGE_CURVE ( 'NONE', #6065, #6267, #9819, .T. ) ;
#9022 = EDGE_LOOP ( 'NONE', ( #8391, #9347, #8404, #4136 ) ) ;
#9023 = DIRECTION ( 'NONE',  ( -1.000000000000000000, 0.0000000000000000000, 0.0000000000000000000 ) ) ;
#9024 = AXIS2_PLACEMENT_3D ( 'NONE', #1579, #4777, #4741 ) ;
#9025 = ADVANCED_FACE ( 'NONE', ( #7509 ), #1318, .T. ) ;
#9026 = CARTESIAN_POINT ( 'NONE',  ( -0.2255957433128985279, -0.07098093616452989807, 0.2484999999999999987 ) ) ;
#9027 = CARTESIAN_POINT ( 'NONE',  ( -0.2285030544531953534, -0.07568698781136229403, 0.2484999999999999709 ) ) ;
#9028 = CARTESIAN_POINT ( 'NONE',  ( 0.2445464361460443492, 0.1182622665438445575, 0.2484999999999999709 ) ) ;
#9029 = DIRECTION ( 'NONE',  ( 0.1736481776669308030, -0.9848077530122077983, -0.0000000000000000000 ) ) ;
#9030 = DIRECTION ( 'NONE',  ( 0.0000000000000000000, 0.0000000000000000000, 1.000000000000000000 ) ) ;
#9031 = CARTESIAN_POINT ( 'NONE',  ( 0.3089318641816256594, -0.09286481776669319732, 0.01949999999999999997 ) ) ;
#9032 = LINE ( 'NONE', #8250, #9268 ) ;
#9033 = STYLED_ITEM ( 'NONE', ( #9423 ), #6942 ) ;
#9034 = EDGE_CURVE ( 'NONE', #2182, #7260, #7116, .T. ) ;
#9035 =( GEOMETRIC_REPRESENTATION_CONTEXT ( 3 ) GLOBAL_UNCERTAINTY_ASSIGNED_CONTEXT ( ( #8405 ) ) GLOBAL_UNIT_ASSIGNED_CONTEXT ( ( #8200, #395, #9793 ) ) REPRESENTATION_CONTEXT ( 'NONE', 'WORKASPACE' ) );
#9036 =( CONVERSION_BASED_UNIT ( 'INCH', #5912 ) LENGTH_UNIT ( ) NAMED_UNIT ( #4414 ) );
#9037 = CIRCLE ( 'NONE', #8281, 0.01999999999999999001 ) ;
#9038 = CIRCLE ( 'NONE', #2119, 0.02000000000000009409 ) ;
#9039 = ORIENTED_EDGE ( 'NONE', *, *, #1520, .F. ) ;
#9040 = ADVANCED_FACE ( 'NONE', ( #517 ), #9933, .F. ) ;
#9041 = VECTOR ( 'NONE', #1443, 39.37007874015748143 ) ;
#9042 = FILL_AREA_STYLE_COLOUR ( '', #4069 ) ;
#9043 = CIRCLE ( 'NONE', #4352, 0.02999999999999997113 ) ;
#9044 = SURFACE_STYLE_USAGE ( .BOTH. , #2855 ) ;
#9045 = CARTESIAN_POINT ( 'NONE',  ( 0.3809115348192674833, 0.09550000000000004319, -0.03950000000000001427 ) ) ;
#9046 = FILL_AREA_STYLE_COLOUR ( '', #1979 ) ;
#9047 = ORIENTED_EDGE ( 'NONE', *, *, #8912, .T. ) ;
#9048 = SURFACE_STYLE_USAGE ( .BOTH. , #9110 ) ;
#9049 = UNCERTAINTY_MEASURE_WITH_UNIT (LENGTH_MEASURE( 1.000000000000000082E-05 ), #3076, 'distance_accuracy_value', 'NONE');
#9050 = PRESENTATION_LAYER_ASSIGNMENT (  '', '', ( #6237 ) ) ;
#9051 = EDGE_CURVE ( 'NONE', #5858, #9534, #7860, .T. ) ;
#9052 = CIRCLE ( 'NONE', #3763, 0.05600000000000002892 ) ;
#9053 = EDGE_CURVE ( 'NONE', #7890, #6736, #4928, .T. ) ;
#9054 = ORIENTED_EDGE ( 'NONE', *, *, #247, .T. ) ;
#9055 = CIRCLE ( 'NONE', #9951, 0.01949999999999987507 ) ;
#9056 = DIRECTION ( 'NONE',  ( -1.000000000000000000, 0.0000000000000000000, 0.0000000000000000000 ) ) ;
#9057 = ORIENTED_EDGE ( 'NONE', *, *, #6028, .T. ) ;
#9058 = CARTESIAN_POINT ( 'NONE',  ( 0.1070000000000000118, 0.05600000000000000810, -0.2195000000000000007 ) ) ;
#9059 = ORIENTED_EDGE ( 'NONE', *, *, #4485, .F. ) ;
#9060 = VECTOR ( 'NONE', #1807, 39.37007874015748143 ) ;
#9061 = ORIENTED_EDGE ( 'NONE', *, *, #2027, .F. ) ;
#9062 = CARTESIAN_POINT ( 'NONE',  ( -0.2242669897029559989, -0.07927754407051282315, 0.2485000000000000264 ) ) ;
#9063 = DIRECTION ( 'NONE',  ( -1.000000000000000000, 0.0000000000000000000, 0.0000000000000000000 ) ) ;
#9064 = CARTESIAN_POINT ( 'NONE',  ( -0.2374654020846416469, -0.05822004021538626506, 0.2484999999999999987 ) ) ;
#9065 = CARTESIAN_POINT ( 'NONE',  ( -0.2200000000000000011, 0.05600000000000000810, -0.2795000000000000262 ) ) ;
#9066 = SURFACE_STYLE_USAGE ( .BOTH. , #9961 ) ;
#9067 = PRESENTATION_LAYER_ASSIGNMENT (  '', '', ( #4014 ) ) ;
#9068 = AXIS2_PLACEMENT_3D ( 'NONE', #2157, #9963, #5340 ) ;
#9069 = VERTEX_POINT ( 'NONE', #5332 ) ;
#9070 = CARTESIAN_POINT ( 'NONE',  ( 0.2159999999999999976, 0.05600000000000000810, 0.01949999999999999997 ) ) ;
#9071 = ADVANCED_FACE ( 'NONE', ( #762 ), #5268, .F. ) ;
#9072 = EDGE_LOOP ( 'NONE', ( #2900, #4151, #8485, #1084, #1349, #9756, #3821, #8850, #2478 ) ) ;
#9073 = CARTESIAN_POINT ( 'NONE',  ( -0.2609115348192674322, 0.09550000000000004319, -0.03950000000000000039 ) ) ;
#9074 =( LENGTH_UNIT ( ) NAMED_UNIT ( * ) SI_UNIT ( $, .METRE. ) );
#9075 = CARTESIAN_POINT ( 'NONE',  ( -0.3200000000000000067, 0.08508110933998412617, 0.2515000000000000013 ) ) ;
#9076 = CARTESIAN_POINT ( 'NONE',  ( -0.2294856898094947972, -0.06008635027615578938, 0.2504999999999999449 ) ) ;
#9077 =( NAMED_UNIT ( * ) PLANE_ANGLE_UNIT ( ) SI_UNIT ( $, .RADIAN. ) );
#9078 =( GEOMETRIC_REPRESENTATION_CONTEXT ( 3 ) GLOBAL_UNCERTAINTY_ASSIGNED_CONTEXT ( ( #2789 ) ) GLOBAL_UNIT_ASSIGNED_CONTEXT ( ( #4067, #945, #3249 ) ) REPRESENTATION_CONTEXT ( 'NONE', 'WORKASPACE' ) );
#9079 = VERTEX_POINT ( 'NONE', #7753 ) ;
#9080 = AXIS2_PLACEMENT_3D ( 'NONE', #9504, #38, #103 ) ;
#9081 = ORIENTED_EDGE ( 'NONE', *, *, #9419, .T. ) ;
#9082 = PRESENTATION_STYLE_ASSIGNMENT (( #8835 ) ) ;
#9083 = FILL_AREA_STYLE ('',( #6813 ) ) ;
#9084 = CARTESIAN_POINT ( 'NONE',  ( 0.2104510888804048685, -0.07550000000000001155, 0.2515000000000000013 ) ) ;
#9085 = CARTESIAN_POINT ( 'NONE',  ( 0.2609115348192674322, 0.1755000000000000449, -0.1694999999999999840 ) ) ;
#9086 = LENGTH_MEASURE_WITH_UNIT ( LENGTH_MEASURE( 0.02539999999999999897 ), #1879 );
#9087 = ORIENTED_EDGE ( 'NONE', *, *, #7069, .T. ) ;
#9088 = ORIENTED_EDGE ( 'NONE', *, *, #5717, .F. ) ;
#9089 =( GEOMETRIC_REPRESENTATION_CONTEXT ( 3 ) GLOBAL_UNCERTAINTY_ASSIGNED_CONTEXT ( ( #5990 ) ) GLOBAL_UNIT_ASSIGNED_CONTEXT ( ( #4045, #9508, #3193 ) ) REPRESENTATION_CONTEXT ( 'NONE', 'WORKASPACE' ) );
#9090 = EDGE_CURVE ( 'NONE', #3524, #1182, #5653, .T. ) ;
#9091 = SURFACE_STYLE_FILL_AREA ( #5634 ) ;
#9092 = CARTESIAN_POINT ( 'NONE',  ( -0.2266593723228483848, -0.07865847088696716061, 0.2485000000000000542 ) ) ;
#9093 = CARTESIAN_POINT ( 'NONE',  ( -0.09100000000000005307, 0.05599999999999999423, -0.3395000000000000240 ) ) ;
#9094 = VECTOR ( 'NONE', #348, 39.37007874015748143 ) ;
#9095 = CARTESIAN_POINT ( 'NONE',  ( 0.1615000000000000047, -0.05600000000000000810, 0.2505000000000000004 ) ) ;
#9096 = DIRECTION ( 'NONE',  ( -1.000000000000000000, 0.0000000000000000000, 0.0000000000000000000 ) ) ;
#9097 = DIRECTION ( 'NONE',  ( 0.1736481776669316079, -0.9848077530122077983, 0.0000000000000000000 ) ) ;
#9098 = EDGE_LOOP ( 'NONE', ( #7350, #305, #7153, #5132 ) ) ;
#9099 = SURFACE_SIDE_STYLE ('',( #7496 ) ) ;
#9100 = COLOUR_RGB ( '',1.000000000000000000, 1.000000000000000000, 0.0000000000000000000 ) ;
#9101 = ORIENTED_EDGE ( 'NONE', *, *, #4269, .F. ) ;
#9103 = PRESENTATION_STYLE_ASSIGNMENT (( #9048 ) ) ;
#9102 = STYLED_ITEM ( 'NONE', ( #4123 ), #8121 ) ;
#9104 = EDGE_CURVE ( 'NONE', #2966, #2049, #4317, .T. ) ;
#9105 = EDGE_CURVE ( 'NONE', #279, #7484, #149, .T. ) ;
#9106 =( LENGTH_UNIT ( ) NAMED_UNIT ( * ) SI_UNIT ( $, .METRE. ) );
#9107 = ORIENTED_EDGE ( 'NONE', *, *, #1185, .T. ) ;
#9108 = CARTESIAN_POINT ( 'NONE',  ( -0.2609115348192674322, 0.09550000000000004319, -0.1694999999999999840 ) ) ;
#9109 = CARTESIAN_POINT ( 'NONE',  ( -0.2241859681413740923, -0.06423994224091877925, 0.2505000000000000004 ) ) ;
#9110 = SURFACE_SIDE_STYLE ('',( #5201 ) ) ;
#9111 = DIMENSIONAL_EXPONENTS ( 1.000000000000000000, 0.0000000000000000000, 0.0000000000000000000, 0.0000000000000000000, 0.0000000000000000000, 0.0000000000000000000, 0.0000000000000000000 ) ;
#9112 =( NAMED_UNIT ( * ) SI_UNIT ( $, .STERADIAN. ) SOLID_ANGLE_UNIT ( ) );
#9113 = EDGE_LOOP ( 'NONE', ( #7589, #4988, #9858, #8231, #707, #7165 ) ) ;
#9114 = COLOUR_RGB ( '',0.7529411764705882248, 0.7529411764705882248, 0.7529411764705882248 ) ;
#9115 = SURFACE_SIDE_STYLE ('',( #2141 ) ) ;
#9116 = EDGE_LOOP ( 'NONE', ( #9935, #2674, #9562, #3649 ) ) ;
#9117 = CARTESIAN_POINT ( 'NONE',  ( -0.2189163330967897059, -0.07344778696005858920, 0.2484999999999999987 ) ) ;
#9118 = MECHANICAL_DESIGN_GEOMETRIC_PRESENTATION_REPRESENTATION (  '', ( #8588 ), #5788 ) ;
#9119 = COLOUR_RGB ( '',1.000000000000000000, 1.000000000000000000, 0.0000000000000000000 ) ;
#9120 = PRESENTATION_STYLE_ASSIGNMENT (( #6539 ) ) ;
#9121 = ORIENTED_EDGE ( 'NONE', *, *, #5839, .T. ) ;
#9122 = ORIENTED_EDGE ( 'NONE', *, *, #1305, .F. ) ;
#9123 = DIRECTION ( 'NONE',  ( -0.1736481776669315802, -0.9848077530122079093, 0.0000000000000000000 ) ) ;
#9124 = DIRECTION ( 'NONE',  ( -1.000000000000000000, 0.0000000000000000000, 0.0000000000000000000 ) ) ;
#9125 = CARTESIAN_POINT ( 'NONE',  ( 0.2344521488927472919, 0.1027971337473291280, 0.2484999999999999987 ) ) ;
#9126 = CARTESIAN_POINT ( 'NONE',  ( -0.1954999999999999793, -0.05600000000000000810, -0.4243528137423855373 ) ) ;
#9127 = VECTOR ( 'NONE', #7627, 39.37007874015748143 ) ;
#9128 = CARTESIAN_POINT ( 'NONE',  ( -0.2347429491188172401, -0.04959451417946984103, 0.2484999999999999709 ) ) ;
#9129 = ORIENTED_EDGE ( 'NONE', *, *, #6563, .T. ) ;
#9130 = ORIENTED_EDGE ( 'NONE', *, *, #2565, .T. ) ;
#9131 = ADVANCED_FACE ( 'NONE', ( #6151 ), #6647, .T. ) ;
#9132 = STYLED_ITEM ( 'NONE', ( #10091 ), #5544 ) ;
#9133 = AXIS2_PLACEMENT_3D ( 'NONE', #3889, #3135, #4740 ) ;
#9134 = B_SPLINE_CURVE_WITH_KNOTS ( 'NONE', 3,
 ( #2502, #9506, #4832, #4691, #2459, #8583, #6344, #4757, #7195, #1665, #9396, #821, #3911, #6273, #4721 ),
 .UNSPECIFIED., .F., .F.,
 ( 4, 1, 1, 1, 1, 1, 1, 1, 1, 1, 1, 1, 4 ),
 ( 0.0000000000000000000, 0.07812636888353749476, 0.1518386126524806368, 0.2214787026593711960, 0.2883218449895933455, 0.3535121359603214941, 0.4164239604785008875, 0.4789155420202590441, 0.5411742382343336377, 0.6613623320156010177, 0.7750504512098750354, 0.8860655164346460388, 1.000000000000000000 ),
 .UNSPECIFIED. ) ;
#9135 = MECHANICAL_DESIGN_GEOMETRIC_PRESENTATION_REPRESENTATION (  '', ( #10022 ), #8160 ) ;
#9136 = PRESENTATION_STYLE_ASSIGNMENT (( #1983 ) ) ;
#9137 = CARTESIAN_POINT ( 'NONE',  ( -0.2266593723228483848, -0.07865847088696716061, 0.2505000000000000560 ) ) ;
#9138 = FILL_AREA_STYLE_COLOUR ( '', #9893 ) ;
#9139 = CARTESIAN_POINT ( 'NONE',  ( -0.2609115348192674322, 0.09550000000000004319, -0.1694999999999999840 ) ) ;
#9140 = DIRECTION ( 'NONE',  ( -1.000000000000000000, 0.0000000000000000000, -0.0000000000000000000 ) ) ;
#9141 =( NAMED_UNIT ( * ) SI_UNIT ( $, .STERADIAN. ) SOLID_ANGLE_UNIT ( ) );
#9142 = ADVANCED_FACE ( 'NONE', ( #9810 ), #6212, .T. ) ;
#9143 = AXIS2_PLACEMENT_3D ( 'NONE', #1308, #9019, #9441 ) ;
#9144 = EDGE_CURVE ( 'Edge4', #4506, #3163, #8099, .T. ) ;
#9145 = DIRECTION ( 'NONE',  ( -1.000000000000000000, 0.0000000000000000000, 0.0000000000000000000 ) ) ;
#9146 = CARTESIAN_POINT ( 'NONE',  ( -0.2278093944928561432, -0.07748199574986569527, 0.2505000000000001115 ) ) ;
#9147 = CARTESIAN_POINT ( 'NONE',  ( -0.2320691367175601594, -0.08400430297533192925, 0.2484999999999999154 ) ) ;
#9148 = COLOUR_RGB ( '',0.9294117647058823817, 0.7607843137254901578, 0.4784313725490195734 ) ;
#9149 = CARTESIAN_POINT ( 'NONE',  ( 0.3483241743021139869, -0.09981074487337049383, -0.1694999999999999840 ) ) ;
#9150 = CARTESIAN_POINT ( 'NONE',  ( -0.1854999999999999705, -0.05599999999999999423, -0.2013975032409335841 ) ) ;
#9151 = DIRECTION ( 'NONE',  ( -0.0000000000000000000, -0.0000000000000000000, 1.000000000000000000 ) ) ;
#9152 = ORIENTED_EDGE ( 'NONE', *, *, #3868, .T. ) ;
#9153 = AXIS2_PLACEMENT_3D ( 'NONE', #1055, #5988, #4989 ) ;
#9154 = EDGE_CURVE ( 'NONE', #246, #4231, #8825, .T. ) ;
#9155 = PRESENTATION_LAYER_ASSIGNMENT (  '', '', ( #3070 ) ) ;
#9156 = CARTESIAN_POINT ( 'NONE',  ( 0.1370000000000000107, 0.05599999999999999423, -0.2795000000000000262 ) ) ;
#9157 = VECTOR ( 'NONE', #8447, 39.37007874015748854 ) ;
#9158 = CARTESIAN_POINT ( 'NONE',  ( 0.2104510888804048685, -0.07550000000000001155, 0.2515000000000000013 ) ) ;
#9159 = ORIENTED_EDGE ( 'NONE', *, *, #4062, .T. ) ;
#9160 = LENGTH_MEASURE_WITH_UNIT ( LENGTH_MEASURE( 0.02539999999999999897 ), #9106 );
#9161 = UNCERTAINTY_MEASURE_WITH_UNIT (LENGTH_MEASURE( 1.000000000000000082E-05 ), #3580, 'distance_accuracy_value', 'NONE');
#9162 = VECTOR ( 'NONE', #7186, 39.37007874015748143 ) ;
#9163 = CARTESIAN_POINT ( 'NONE',  ( -0.2609115348192674322, 0.09550000000000004319, -0.1494999999999999940 ) ) ;
#9164 = DIRECTION ( 'NONE',  ( -1.000000000000000000, 0.0000000000000000000, 0.0000000000000000000 ) ) ;
#9165 = CARTESIAN_POINT ( 'NONE',  ( -0.2374320859792984906, -0.05958814914995973905, 0.2484999999999999709 ) ) ;
#9166 = DIRECTION ( 'NONE',  ( -0.0000000000000000000, -0.0000000000000000000, -1.000000000000000000 ) ) ;
#9167 = COLOUR_RGB ( '',0.9294117647058823817, 0.7607843137254901578, 0.4784313725490195734 ) ;
#9168 = DIMENSIONAL_EXPONENTS ( 1.000000000000000000, 0.0000000000000000000, 0.0000000000000000000, 0.0000000000000000000, 0.0000000000000000000, 0.0000000000000000000, 0.0000000000000000000 ) ;
#9169 =( GEOMETRIC_REPRESENTATION_CONTEXT ( 3 ) GLOBAL_UNCERTAINTY_ASSIGNED_CONTEXT ( ( #1021 ) ) GLOBAL_UNIT_ASSIGNED_CONTEXT ( ( #5791, #3327, #9576 ) ) REPRESENTATION_CONTEXT ( 'NONE', 'WORKASPACE' ) );
#9170 = PRESENTATION_LAYER_ASSIGNMENT (  '', '', ( #5317 ) ) ;
#9171 = APPLICATION_PROTOCOL_DEFINITION ( 'draft international standard', 'automotive_design', 1998, #497 ) ;
#9172 = ORIENTED_EDGE ( 'NONE', *, *, #9629, .T. ) ;
#9173 = DIRECTION ( 'NONE',  ( -0.0000000000000000000, -0.0000000000000000000, 1.000000000000000000 ) ) ;
#9174 = PRESENTATION_STYLE_ASSIGNMENT (( #2455 ) ) ;
#9175 = DIRECTION ( 'NONE',  ( -1.000000000000000000, 0.0000000000000000000, 0.0000000000000000000 ) ) ;
#9176 = FILL_AREA_STYLE_COLOUR ( '', #9119 ) ;
#9177 = DIRECTION ( 'NONE',  ( 1.000000000000000000, 0.0000000000000000000, 0.0000000000000000000 ) ) ;
#9178 = DIRECTION ( 'NONE',  ( 0.0000000000000000000, -1.000000000000000000, 0.0000000000000000000 ) ) ;
#9179 = ADVANCED_FACE ( 'NONE', ( #7851 ), #6257, .T. ) ;
#9180 = FILL_AREA_STYLE_COLOUR ( '', #9633 ) ;
#9181 = DIRECTION ( 'NONE',  ( 1.000000000000000000, 0.0000000000000000000, -0.0000000000000000000 ) ) ;
#9182 = CARTESIAN_POINT ( 'NONE',  ( 0.1264999999999998903, 0.05600000000000000810, -0.03565432893255038316 ) ) ;
#9183 = PRESENTATION_LAYER_ASSIGNMENT (  '', '', ( #418 ) ) ;
#9184 = ORIENTED_EDGE ( 'NONE', *, *, #6081, .T. ) ;
#9185 = PRESENTATION_LAYER_ASSIGNMENT (  '', '', ( #8469 ) ) ;
#9186 =( GEOMETRIC_REPRESENTATION_CONTEXT ( 3 ) GLOBAL_UNCERTAINTY_ASSIGNED_CONTEXT ( ( #9978 ) ) GLOBAL_UNIT_ASSIGNED_CONTEXT ( ( #1738, #4187, #6415 ) ) REPRESENTATION_CONTEXT ( 'NONE', 'WORKASPACE' ) );
#9187 =( CONVERSION_BASED_UNIT ( 'INCH', #1121 ) LENGTH_UNIT ( ) NAMED_UNIT ( #9216 ) );
#9188 = ORIENTED_EDGE ( 'NONE', *, *, #8557, .F. ) ;
#9189 = B_SPLINE_CURVE_WITH_KNOTS ( 'NONE', 3,
 ( #2091, #3574, #1302, #8289, #9076, #6040, #9860, #5187, #8322, #6804, #492, #5979, #595, #8385, #9109 ),
 .UNSPECIFIED., .F., .F.,
 ( 4, 1, 1, 1, 1, 1, 1, 1, 1, 1, 1, 1, 4 ),
 ( 0.0000000000000000000, 0.08334355990315536755, 0.1610751688675265136, 0.2344455393451879421, 0.3025182736756389934, 0.3670882284496950199, 0.4290542124686961833, 0.4882469829996050614, 0.5460626299695239272, 0.6585067581972079420, 0.7683766796857702808, 0.8814040714766057105, 1.000000000000000000 ),
 .UNSPECIFIED. ) ;
#9190 = CARTESIAN_POINT ( 'NONE',  ( -0.2609115348192674322, 0.09550000000000004319, -0.1694999999999999840 ) ) ;
#9191 = EDGE_LOOP ( 'NONE', ( #1011, #2576, #9431, #6236 ) ) ;
#9192 = SURFACE_STYLE_USAGE ( .BOTH. , #6038 ) ;
#9193 = DIRECTION ( 'NONE',  ( -0.0000000000000000000, -0.0000000000000000000, 1.000000000000000000 ) ) ;
#9194 =( CONVERSION_BASED_UNIT ( 'INCH', #484 ) LENGTH_UNIT ( ) NAMED_UNIT ( #10059 ) );
#9195 =( LENGTH_UNIT ( ) NAMED_UNIT ( * ) SI_UNIT ( $, .METRE. ) );
#9196 = PRESENTATION_LAYER_ASSIGNMENT (  '', '', ( #9388 ) ) ;
#9197 = FACE_BOUND ( 'NONE', #7555, .T. ) ;
#9198 = EDGE_CURVE ( 'NONE', #7693, #5380, #5283, .T. ) ;
#9199 = VECTOR ( 'NONE', #7531, 39.37007874015748143 ) ;
#9200 = SURFACE_STYLE_FILL_AREA ( #9577 ) ;
#9201 = AXIS2_PLACEMENT_3D ( 'NONE', #4283, #1940, #1496 ) ;
#9202 = ORIENTED_EDGE ( 'NONE', *, *, #7490, .F. ) ;
#9203 = ORIENTED_EDGE ( 'NONE', *, *, #6547, .F. ) ;
#9204 = CARTESIAN_POINT ( 'NONE',  ( -0.1110000000000000014, 0.05600000000000000810, -0.2195000000000000007 ) ) ;
#9205 = LINE ( 'NONE', #5592, #9580 ) ;
#9206 =( NAMED_UNIT ( * ) PLANE_ANGLE_UNIT ( ) SI_UNIT ( $, .RADIAN. ) );
#9207 = DIRECTION ( 'NONE',  ( 0.0000000000000000000, 1.000000000000000000, -0.0000000000000000000 ) ) ;
#9208 = SURFACE_SIDE_STYLE ('',( #6437 ) ) ;
#9209 = ADVANCED_FACE ( 'NONE', ( #3199 ), #4611, .T. ) ;
#9210 = CYLINDRICAL_SURFACE ( 'NONE', #5855, 0.01949999999999988895 ) ;
#9211 = ORIENTED_EDGE ( 'NONE', *, *, #1883, .F. ) ;
#9212 = PRESENTATION_LAYER_ASSIGNMENT (  '', '', ( #9033 ) ) ;
#9213 = EDGE_CURVE ( 'NONE', #5272, #8648, #9800, .T. ) ;
#9214 =( NAMED_UNIT ( * ) SI_UNIT ( $, .STERADIAN. ) SOLID_ANGLE_UNIT ( ) );
#9215 =( NAMED_UNIT ( * ) PLANE_ANGLE_UNIT ( ) SI_UNIT ( $, .RADIAN. ) );
#9216 = DIMENSIONAL_EXPONENTS ( 1.000000000000000000, 0.0000000000000000000, 0.0000000000000000000, 0.0000000000000000000, 0.0000000000000000000, 0.0000000000000000000, 0.0000000000000000000 ) ;
#9217 = UNCERTAINTY_MEASURE_WITH_UNIT (LENGTH_MEASURE( 1.000000000000000082E-05 ), #3401, 'distance_accuracy_value', 'NONE');
#9218 = FILL_AREA_STYLE ('',( #2974 ) ) ;
#9219 = EDGE_LOOP ( 'NONE', ( #5846, #5321, #2376, #7032 ) ) ;
#9220 = CIRCLE ( 'NONE', #7264, 0.06000000000000004635 ) ;
#9221 = SURFACE_SIDE_STYLE ('',( #6261 ) ) ;
#9222 = SURFACE_SIDE_STYLE ('',( #498 ) ) ;
#9223 = ORIENTED_EDGE ( 'NONE', *, *, #8440, .T. ) ;
#9224 = DIRECTION ( 'NONE',  ( 0.0000000000000000000, -1.000000000000000000, 0.0000000000000000000 ) ) ;
#9225 = B_SPLINE_SURFACE_WITH_KNOTS ( 'NONE', 3, 1, ( 
 ( #3745, #2268 ),
 ( #4658, #5316 ),
 ( #4620, #8412 ),
 ( #10070, #8487 ),
 ( #1432, #5441 ),
 ( #4584, #721 ),
 ( #5377, #6108 ),
 ( #2993, #2302 ),
 ( #694, #758 ),
 ( #6243, #1530 ),
 ( #8449, #7059 ),
 ( #2332, #3158 ),
 ( #6275, #43 ),
 ( #857, #4009 ),
 ( #7910, #5472 ),
 ( #6312, #5 ),
 ( #7085, #7843 ),
 ( #2425, #7114 ),
 ( #1597, #3230 ) ),
 .UNSPECIFIED., .F., .F., .F.,
 ( 4, 1, 1, 1, 1, 1, 1, 1, 1, 1, 1, 1, 1, 1, 1, 1, 4 ),
 ( 2, 2 ),
 ( 0.0000000000000000000, 0.07024010624910684286, 0.1377810383236604819, 0.2022781382994814359, 0.2652493801263751672, 0.3267062120892931798, 0.3874492857403296076, 0.4479538536530178194, 0.5093841167997312791, 0.5704959252253949398, 0.6305089817313836997, 0.6895451741904753407, 0.7490025483064409739, 0.8093527413258420067, 0.8708550931277448948, 0.9340936515016329267, 1.000000000000000000 ),
 ( 0.0000000000000000000, 1.000000000000000000 ),
 .UNSPECIFIED. ) ;
#9226 = PRESENTATION_LAYER_ASSIGNMENT (  '', '', ( #6296 ) ) ;
#9227 = DIRECTION ( 'NONE',  ( 0.0000000000000000000, 0.0000000000000000000, 1.000000000000000000 ) ) ;
#9228 = LINE ( 'NONE', #4956, #3005 ) ;
#9229 = EDGE_CURVE ( 'NONE', #6694, #7189, #8816, .T. ) ;
#9230 = EDGE_CURVE ( 'NONE', #8995, #8856, #5157, .T. ) ;
#9231 = PRESENTATION_STYLE_ASSIGNMENT (( #3572 ) ) ;
#9232 = DIRECTION ( 'NONE',  ( -0.0000000000000000000, -0.0000000000000000000, 1.000000000000000000 ) ) ;
#9233 = UNCERTAINTY_MEASURE_WITH_UNIT (LENGTH_MEASURE( 1.000000000000000082E-05 ), #4321, 'distance_accuracy_value', 'NONE');
#9234 = DIRECTION ( 'NONE',  ( 0.0000000000000000000, 0.0000000000000000000, 1.000000000000000000 ) ) ;
#9235 = EDGE_LOOP ( 'NONE', ( #3849, #1326, #4111, #7950 ) ) ;
#9236 = CARTESIAN_POINT ( 'NONE',  ( 0.4919999999999999929, 0.0000000000000000000, 0.01949999999999999997 ) ) ;
#9237 = FILL_AREA_STYLE ('',( #4011 ) ) ;
#9238 = DIRECTION ( 'NONE',  ( -1.000000000000000000, 0.0000000000000000000, 0.0000000000000000000 ) ) ;
#9239 = DIMENSIONAL_EXPONENTS ( 1.000000000000000000, 0.0000000000000000000, 0.0000000000000000000, 0.0000000000000000000, 0.0000000000000000000, 0.0000000000000000000, 0.0000000000000000000 ) ;
#9240 = EDGE_LOOP ( 'NONE', ( #9522, #9223, #4367, #5831, #6710, #6740 ) ) ;
#9241 = SURFACE_STYLE_FILL_AREA ( #8296 ) ;
#9242 = LINE ( 'NONE', #8064, #928 ) ;
#9243 = PRESENTATION_STYLE_ASSIGNMENT (( #1974 ) ) ;
#9244 = ORIENTED_EDGE ( 'NONE', *, *, #2346, .F. ) ;
#9245 = CARTESIAN_POINT ( 'NONE',  ( -0.2246072802615997621, -0.05179503038194442632, 0.2484999999999999987 ) ) ;
#9246 = ORIENTED_EDGE ( 'NONE', *, *, #188, .T. ) ;
#9247 = CARTESIAN_POINT ( 'NONE',  ( 0.1960000000000000353, 0.05599999999999999423, -0.2795000000000000262 ) ) ;
#9248 = CARTESIAN_POINT ( 'NONE',  ( 0.5449999999999999289, 0.1870000000000001106, 0.01949999999999999997 ) ) ;
#9249 =( GEOMETRIC_REPRESENTATION_CONTEXT ( 3 ) GLOBAL_UNCERTAINTY_ASSIGNED_CONTEXT ( ( #8138 ) ) GLOBAL_UNIT_ASSIGNED_CONTEXT ( ( #9619, #158, #4943 ) ) REPRESENTATION_CONTEXT ( 'NONE', 'WORKASPACE' ) );
#9250 = STYLED_ITEM ( 'NONE', ( #6132 ), #3861 ) ;
#9251 = DIMENSIONAL_EXPONENTS ( 1.000000000000000000, 0.0000000000000000000, 0.0000000000000000000, 0.0000000000000000000, 0.0000000000000000000, 0.0000000000000000000, 0.0000000000000000000 ) ;
#9252 = CIRCLE ( 'NONE', #6354, 0.01999999999999999001 ) ;
#9253 = COLOUR_RGB ( '',0.7529411764705882248, 0.7529411764705882248, 0.7529411764705882248 ) ;
#9254 =( LENGTH_UNIT ( ) NAMED_UNIT ( * ) SI_UNIT ( $, .METRE. ) );
#9255 = CARTESIAN_POINT ( 'NONE',  ( -0.2609115348192674322, 0.1955000000000001181, -0.1494999999999999940 ) ) ;
#9256 = DIRECTION ( 'NONE',  ( 1.000000000000000000, 0.0000000000000000000, 0.0000000000000000000 ) ) ;
#9257 = EDGE_LOOP ( 'NONE', ( #4659, #5016 ) ) ;
#9258 =( LENGTH_UNIT ( ) NAMED_UNIT ( * ) SI_UNIT ( $, .METRE. ) );
#9259 = DIRECTION ( 'NONE',  ( -1.000000000000000000, 0.0000000000000000000, 0.0000000000000000000 ) ) ;
#9260 = CARTESIAN_POINT ( 'NONE',  ( -0.002000000000000006113, 0.05600000000000000810, -0.3395000000000000240 ) ) ;
#9261 = LENGTH_MEASURE_WITH_UNIT ( LENGTH_MEASURE( 0.02539999999999999897 ), #8246 );
#9262 = MECHANICAL_DESIGN_GEOMETRIC_PRESENTATION_REPRESENTATION (  '', ( #5025 ), #9601 ) ;
#9263 = AXIS2_PLACEMENT_3D ( 'NONE', #19, #7132, #1614 ) ;
#9264 = ORIENTED_EDGE ( 'NONE', *, *, #2766, .F. ) ;
#9265 =( NAMED_UNIT ( * ) PLANE_ANGLE_UNIT ( ) SI_UNIT ( $, .RADIAN. ) );
#9266 = AXIS2_PLACEMENT_3D ( 'NONE', #9538, #7080, #6371 ) ;
#9267 = CARTESIAN_POINT ( 'NONE',  ( -0.2266150559893497507, -0.05211965239702479047, 0.2505000000000000560 ) ) ;
#9268 = VECTOR ( 'NONE', #3503, 39.37007874015748143 ) ;
#9269 = ORIENTED_EDGE ( 'NONE', *, *, #8174, .T. ) ;
#9270 = CARTESIAN_POINT ( 'NONE',  ( -0.1655000000000000082, -0.05600000000000000810, -0.03565432893255038316 ) ) ;
#9271 = SURFACE_SIDE_STYLE ('',( #5420 ) ) ;
#9272 = VECTOR ( 'NONE', #4063, 39.37007874015748143 ) ;
#9273 = ORIENTED_EDGE ( 'NONE', *, *, #9862, .F. ) ;
#9274 = ORIENTED_EDGE ( 'NONE', *, *, #655, .T. ) ;
#9275 = B_SPLINE_SURFACE_WITH_KNOTS ( 'NONE', 3, 1, ( 
 ( #522, #7025 ),
 ( #10029, #9391 ),
 ( #4576, #3020 ),
 ( #2260, #688 ),
 ( #1523, #6930 ),
 ( #2327, #8517 ),
 ( #37, #787 ),
 ( #6238, #817 ),
 ( #3116, #3935 ),
 ( #2359, #7837 ),
 ( #10131, #5370 ) ),
 .UNSPECIFIED., .F., .F., .F.,
 ( 4, 1, 1, 1, 1, 1, 1, 1, 4 ),
 ( 2, 2 ),
 ( 0.0000000000000000000, 0.1265709095624310554, 0.2514247494891281298, 0.3764250499327915223, 0.5000934709746320816, 0.6241806899120455610, 0.7481334495533769058, 0.8738690196222164142, 0.9999999999999998890 ),
 ( 0.0000000000000000000, 1.000000000000000000 ),
 .UNSPECIFIED. ) ;
#9276 = EDGE_CURVE ( 'NONE', #7735, #58, #9678, .T. ) ;
#9277 = DIRECTION ( 'NONE',  ( 0.0000000000000000000, -0.0000000000000000000, -1.000000000000000000 ) ) ;
#9278 = FILL_AREA_STYLE ('',( #9176 ) ) ;
#9279 = ADVANCED_FACE ( 'NONE', ( #5903 ), #8443, .F. ) ;
#9280 = VERTEX_POINT ( 'NONE', #4537 ) ;
#9281 = SURFACE_STYLE_USAGE ( .BOTH. , #9382 ) ;
#9282 = CARTESIAN_POINT ( 'NONE',  ( -0.2205543440181218506, -0.04569433638056873831, 0.2505000000000000004 ) ) ;
#9283 = CARTESIAN_POINT ( 'NONE',  ( -0.2104510888804048685, -0.1754999999999999893, -0.1494999999999999940 ) ) ;
#9284 = FACE_BOUND ( 'NONE', #8213, .T. ) ;
#9285 = ADVANCED_FACE ( 'NONE', ( #139 ), #3803, .T. ) ;
#9286 = ADVANCED_FACE ( 'NONE', ( #6876 ), #1735, .T. ) ;
#9287 = AXIS2_PLACEMENT_3D ( 'NONE', #4863, #4003, #8786 ) ;
#9288 = EDGE_CURVE ( 'NONE', #7876, #2352, #9907, .T. ) ;
#9289 = EDGE_CURVE ( 'NONE', #2930, #7302, #7099, .T. ) ;
#9290 = DIRECTION ( 'NONE',  ( -1.000000000000000000, 0.0000000000000000000, 0.0000000000000000000 ) ) ;
#9291 =( CONVERSION_BASED_UNIT ( 'INCH', #1973 ) LENGTH_UNIT ( ) NAMED_UNIT ( #7487 ) );
#9292 = VECTOR ( 'NONE', #7170, 39.37007874015748143 ) ;
#9293 = CARTESIAN_POINT ( 'NONE',  ( -0.2285993249480930689, -0.07498309285789341028, 0.2484999999999999987 ) ) ;
#9294 =( CONVERSION_BASED_UNIT ( 'INCH', #1213 ) LENGTH_UNIT ( ) NAMED_UNIT ( #3946 ) );
#9295 = DIRECTION ( 'NONE',  ( 1.000000000000000000, -0.0000000000000000000, 0.0000000000000000000 ) ) ;
#9296 =( NAMED_UNIT ( * ) PLANE_ANGLE_UNIT ( ) SI_UNIT ( $, .RADIAN. ) );
#9297 = DIRECTION ( 'NONE',  ( 1.000000000000000000, 0.0000000000000000000, 0.0000000000000000000 ) ) ;
#9298 =( CONVERSION_BASED_UNIT ( 'INCH', #3357 ) LENGTH_UNIT ( ) NAMED_UNIT ( #962 ) );
#9299 = ORIENTED_EDGE ( 'NONE', *, *, #3086, .T. ) ;
#9300 = ORIENTED_EDGE ( 'NONE', *, *, #3999, .T. ) ;
#9301 = STYLED_ITEM ( 'NONE', ( #7276 ), #167 ) ;
#9302 = CIRCLE ( 'NONE', #5482, 0.02000000000000007674 ) ;
#9303 = FILL_AREA_STYLE ('',( #3063 ) ) ;
#9304 = DIRECTION ( 'NONE',  ( -1.000000000000000000, 0.0000000000000000000, 0.0000000000000000000 ) ) ;
#9305 = VERTEX_POINT ( 'NONE', #7266 ) ;
#9306 = ORIENTED_EDGE ( 'NONE', *, *, #8686, .F. ) ;
#9307 = ORIENTED_EDGE ( 'NONE', *, *, #8206, .T. ) ;
#9308 = CARTESIAN_POINT ( 'NONE',  ( -0.2399999999999999634, 0.05599999999999999423, -0.2795000000000000262 ) ) ;
#9309 = PRESENTATION_STYLE_ASSIGNMENT (( #1288 ) ) ;
#9310 = DIRECTION ( 'NONE',  ( -1.000000000000000000, 0.0000000000000000000, 0.0000000000000000000 ) ) ;
#9311 = CARTESIAN_POINT ( 'NONE',  ( -0.2218968062984869316, -0.04531642937717861308, 0.2505000000000000560 ) ) ;
#9312 =( CONVERSION_BASED_UNIT ( 'INCH', #7454 ) LENGTH_UNIT ( ) NAMED_UNIT ( #6521 ) );
#9313 = AXIS2_PLACEMENT_3D ( 'NONE', #5390, #3893, #4640 ) ;
#9315 = EDGE_LOOP ( 'NONE', ( #3471, #5148, #9325, #7920, #5752, #827 ) ) ;
#9314 = FACE_OUTER_BOUND ( 'NONE', #8892, .T. ) ;
#9316 = AXIS2_PLACEMENT_3D ( 'NONE', #430, #306, #6706 ) ;
#9317 = CARTESIAN_POINT ( 'NONE',  ( -0.2296821113043404916, -0.05762036874551771520, 0.2485000000000000264 ) ) ;
#9318 = AXIS2_PLACEMENT_3D ( 'NONE', #9901, #2217, #4642 ) ;
#9319 = ORIENTED_EDGE ( 'NONE', *, *, #8261, .T. ) ;
#9320 = FILL_AREA_STYLE_COLOUR ( '', #3810 ) ;
#9321 =( NAMED_UNIT ( * ) SI_UNIT ( $, .STERADIAN. ) SOLID_ANGLE_UNIT ( ) );
#9322 = COLOUR_RGB ( '',0.9294117647058823817, 0.7607843137254901578, 0.4784313725490195734 ) ;
#9323 = PRODUCT ( 'SD9S', 'SD9S', '', ( #2070 ) ) ;
#9324 = CARTESIAN_POINT ( 'NONE',  ( -0.2609115348192674322, 0.1755000000000000726, -0.1694999999999999840 ) ) ;
#9325 = ORIENTED_EDGE ( 'NONE', *, *, #4685, .T. ) ;
#9326 = DIRECTION ( 'NONE',  ( -0.0000000000000000000, -0.0000000000000000000, -1.000000000000000000 ) ) ;
#9327 = ORIENTED_EDGE ( 'NONE', *, *, #6948, .F. ) ;
#9328 =( NAMED_UNIT ( * ) SI_UNIT ( $, .STERADIAN. ) SOLID_ANGLE_UNIT ( ) );
#9329 = CARTESIAN_POINT ( 'NONE',  ( -0.2365875656458527043, -0.05287559912926283190, 0.2505000000000000004 ) ) ;
#9330 = SURFACE_SIDE_STYLE ('',( #9712 ) ) ;
#9331 = STYLED_ITEM ( 'NONE', ( #8854 ), #5982 ) ;
#9332 = EDGE_CURVE ( 'NONE', #3529, #4949, #2583, .T. ) ;
#9333 = LENGTH_MEASURE_WITH_UNIT ( LENGTH_MEASURE( 0.02539999999999999897 ), #10000 );
#9334 = ADVANCED_FACE ( 'NONE', ( #127 ), #1839, .T. ) ;
#9335 = CIRCLE ( 'NONE', #4310, 0.02000000000000007674 ) ;
#9336 = DIRECTION ( 'NONE',  ( -0.0000000000000000000, -0.0000000000000000000, 1.000000000000000000 ) ) ;
#9337 = CARTESIAN_POINT ( 'NONE',  ( -0.2294856898094947972, -0.06008635027615578938, 0.2504999999999999449 ) ) ;
#9338 = DIRECTION ( 'NONE',  ( -1.000000000000000000, 0.0000000000000000000, 0.0000000000000000000 ) ) ;
#9339 = UNCERTAINTY_MEASURE_WITH_UNIT (LENGTH_MEASURE( 1.000000000000000082E-05 ), #8109, 'distance_accuracy_value', 'NONE');
#9340 = LINE ( 'NONE', #5588, #7289 ) ;
#9341 = SURFACE_STYLE_FILL_AREA ( #7585 ) ;
#9342 = ORIENTED_EDGE ( 'NONE', *, *, #6834, .T. ) ;
#9344 = LENGTH_MEASURE_WITH_UNIT ( LENGTH_MEASURE( 0.02539999999999999897 ), #7172 );
#9343 = AXIS2_PLACEMENT_3D ( 'NONE', #9190, #4508, #5215 ) ;
#9345 = EDGE_CURVE ( 'NONE', #4202, #6184, #5030, .T. ) ;
#9346 = MECHANICAL_DESIGN_GEOMETRIC_PRESENTATION_REPRESENTATION (  '', ( #3070 ), #4637 ) ;
#9347 = ORIENTED_EDGE ( 'NONE', *, *, #2087, .F. ) ;
#9348 = DIRECTION ( 'NONE',  ( 0.9848077530122079093, 0.1736481776669316357, -0.0000000000000000000 ) ) ;
#9349 = DIRECTION ( 'NONE',  ( -0.0000000000000000000, -0.0000000000000000000, -1.000000000000000000 ) ) ;
#9350 = FILL_AREA_STYLE ('',( #5239 ) ) ;
#9351 = CARTESIAN_POINT ( 'NONE',  ( -0.2233116515376623312, -0.04509431313207892117, 0.2504999999999999449 ) ) ;
#9352 = FACE_OUTER_BOUND ( 'NONE', #772, .T. ) ;
#9353 =( LENGTH_UNIT ( ) NAMED_UNIT ( * ) SI_UNIT ( $, .METRE. ) );
#9354 = LENGTH_MEASURE_WITH_UNIT ( LENGTH_MEASURE( 0.02539999999999999897 ), #6639 );
#9355 = CARTESIAN_POINT ( 'NONE',  ( -0.2609115348192674322, 0.09550000000000004319, 0.2515000000000000013 ) ) ;
#9356 = EDGE_LOOP ( 'NONE', ( #3424, #6643, #2839, #3598, #9130, #6652 ) ) ;
#9357 = CARTESIAN_POINT ( 'NONE',  ( -0.2609115348192674322, 0.09550000000000004319, -0.1494999999999999940 ) ) ;
#9358 = MECHANICAL_DESIGN_GEOMETRIC_PRESENTATION_REPRESENTATION (  '', ( #7434 ), #986 ) ;
#9359 =( LENGTH_UNIT ( ) NAMED_UNIT ( * ) SI_UNIT ( $, .METRE. ) );
#9360 = EDGE_CURVE ( 'NONE', #578, #8580, #6628, .T. ) ;
#9361 = EDGE_CURVE ( 'NONE', #2049, #5414, #5770, .T. ) ;
#9362 = DIRECTION ( 'NONE',  ( -0.0000000000000000000, -0.0000000000000000000, -1.000000000000000000 ) ) ;
#9363 = CYLINDRICAL_SURFACE ( 'NONE', #4447, 0.01999999999999995878 ) ;
#9364 = FILL_AREA_STYLE_COLOUR ( '', #9593 ) ;
#9365 = CARTESIAN_POINT ( 'NONE',  ( -0.2329805612613048416, -0.04781309973962925841, 0.2504999999999999449 ) ) ;
#9366 = LINE ( 'NONE', #6260, #2896 ) ;
#9367 = SURFACE_SIDE_STYLE ('',( #4088 ) ) ;
#9368 = VERTEX_POINT ( 'NONE', #6202 ) ;
#9369 = ORIENTED_EDGE ( 'NONE', *, *, #2598, .F. ) ;
#9370 = FACE_BOUND ( 'NONE', #4833, .T. ) ;
#9371 = CARTESIAN_POINT ( 'NONE',  ( -0.2112435883313970864, -0.07034791927193699557, 0.2505000000000000560 ) ) ;
#9372 = SURFACE_STYLE_USAGE ( .BOTH. , #1606 ) ;
#9373 = CARTESIAN_POINT ( 'NONE',  ( -0.2296750785457551403, -0.05865656361629215110, 0.2484999999999999154 ) ) ;
#9374 = DIRECTION ( 'NONE',  ( -0.9848077530122077983, 0.1736481776669317745, 0.0000000000000000000 ) ) ;
#9375 = ORIENTED_EDGE ( 'NONE', *, *, #5566, .T. ) ;
#9376 = AXIS2_PLACEMENT_3D ( 'NONE', #5373, #657, #6141 ) ;
#9377 = CIRCLE ( 'NONE', #29, 0.01949999999999987507 ) ;
#9378 = DIRECTION ( 'NONE',  ( 0.0000000000000000000, 0.0000000000000000000, -1.000000000000000000 ) ) ;
#9379 = DIRECTION ( 'NONE',  ( -0.0000000000000000000, -0.0000000000000000000, -1.000000000000000000 ) ) ;
#9380 = DIRECTION ( 'NONE',  ( 0.0000000000000000000, 0.0000000000000000000, 1.000000000000000000 ) ) ;
#9381 = VECTOR ( 'NONE', #1985, 39.37007874015748143 ) ;
#9382 = SURFACE_SIDE_STYLE ('',( #5466 ) ) ;
#9383 = FILL_AREA_STYLE ('',( #2288 ) ) ;
#9384 = SURFACE_SIDE_STYLE ('',( #1067 ) ) ;
#9385 = ORIENTED_EDGE ( 'NONE', *, *, #280, .F. ) ;
#9386 = ADVANCED_FACE ( 'NONE', ( #6375 ), #8577, .T. ) ;
#9387 =( NAMED_UNIT ( * ) SI_UNIT ( $, .STERADIAN. ) SOLID_ANGLE_UNIT ( ) );
#9388 = STYLED_ITEM ( 'NONE', ( #9243 ), #5711 ) ;
#9389 = SURFACE_STYLE_FILL_AREA ( #4616 ) ;
#9390 = B_SPLINE_CURVE_WITH_KNOTS ( 'NONE', 3,
 ( #1064, #1842, #9673, #5001, #7441, #5933, #6720, #443, #5204, #5859, #9028, #411, #2810, #2874, #2742 ),
 .UNSPECIFIED., .F., .F.,
 ( 4, 1, 1, 1, 1, 1, 1, 1, 1, 1, 1, 1, 4 ),
 ( 0.0000000000000000000, 0.1044728014505074409, 0.2186534455744870986, 0.3428558890245158586, 0.4792694623690657019, 0.5495409926991604577, 0.6174241096395709505, 0.6835351858950321491, 0.7485971287880195391, 0.8121759604466023408, 0.8748692871861442066, 0.9374294362357429300, 1.000000000000000000 ),
 .UNSPECIFIED. ) ;
#9391 = CARTESIAN_POINT ( 'NONE',  ( 0.2439518268695001213, 0.1089371651502467064, 0.2505000000000000004 ) ) ;
#9392 = STYLED_ITEM ( 'NONE', ( #9428 ), #3142 ) ;
#9393 =( LENGTH_UNIT ( ) NAMED_UNIT ( * ) SI_UNIT ( $, .METRE. ) );
#9394 = CARTESIAN_POINT ( 'NONE',  ( -0.2294968193057635719, -0.05571851038221659752, 0.2504999999999999449 ) ) ;
#9395 = ORIENTED_EDGE ( 'NONE', *, *, #8519, .F. ) ;
#9396 = CARTESIAN_POINT ( 'NONE',  ( -0.2214240020111781504, -0.05274753149406770369, 0.2484999999999999987 ) ) ;
#9397 =( NAMED_UNIT ( * ) SI_UNIT ( $, .STERADIAN. ) SOLID_ANGLE_UNIT ( ) );
#9398 = CARTESIAN_POINT ( 'NONE',  ( 0.2371982050534481579, 0.1039820571748961420, 0.2504999999999999449 ) ) ;
#9399 = ORIENTED_EDGE ( 'NONE', *, *, #1052, .T. ) ;
#9400 = ADVANCED_FACE ( 'NONE', ( #8317 ), #1106, .T. ) ;
#9401 = LINE ( 'NONE', #7436, #2574 ) ;
#9402 = VERTEX_POINT ( 'NONE', #1063 ) ;
#9403 = PRESENTATION_LAYER_ASSIGNMENT (  '', '', ( #5356 ) ) ;
#9404 = EDGE_CURVE ( 'NONE', #9642, #8995, #3184, .T. ) ;
#9405 = CARTESIAN_POINT ( 'NONE',  ( -0.2209204157775767619, -0.08535744176269431660, 0.2504999999999998894 ) ) ;
#9406 = VECTOR ( 'NONE', #332, 39.37007874015748143 ) ;
#9407 =( NAMED_UNIT ( * ) PLANE_ANGLE_UNIT ( ) SI_UNIT ( $, .RADIAN. ) );
#9408 =( LENGTH_UNIT ( ) NAMED_UNIT ( * ) SI_UNIT ( $, .METRE. ) );
#9409 = ORIENTED_EDGE ( 'NONE', *, *, #8716, .T. ) ;
#9410 = DIRECTION ( 'NONE',  ( -0.0000000000000000000, -0.0000000000000000000, -1.000000000000000000 ) ) ;
#9411 = DIMENSIONAL_EXPONENTS ( 1.000000000000000000, 0.0000000000000000000, 0.0000000000000000000, 0.0000000000000000000, 0.0000000000000000000, 0.0000000000000000000, 0.0000000000000000000 ) ;
#9412 = VECTOR ( 'NONE', #3110, 39.37007874015747433 ) ;
#9413 = DIRECTION ( 'NONE',  ( -0.1736481776669316079, 0.9848077530122077983, 0.0000000000000000000 ) ) ;
#9414 = DIRECTION ( 'NONE',  ( 0.0000000000000000000, 0.0000000000000000000, -1.000000000000000000 ) ) ;
#9415 = DIRECTION ( 'NONE',  ( -0.0000000000000000000, -0.0000000000000000000, 1.000000000000000000 ) ) ;
#9416 =( LENGTH_UNIT ( ) NAMED_UNIT ( * ) SI_UNIT ( $, .METRE. ) );
#9417 = COLOUR_RGB ( '',0.9294117647058823817, 0.7607843137254901578, 0.4784313725490195734 ) ;
#9418 =( CONVERSION_BASED_UNIT ( 'INCH', #4919 ) LENGTH_UNIT ( ) NAMED_UNIT ( #8203 ) );
#9419 = EDGE_CURVE ( 'NONE', #6899, #6267, #256, .T. ) ;
#9420 = EDGE_CURVE ( 'NONE', #8630, #7484, #4410, .T. ) ;
#9421 = SURFACE_STYLE_FILL_AREA ( #3672 ) ;
#9422 = UNCERTAINTY_MEASURE_WITH_UNIT (LENGTH_MEASURE( 1.000000000000000082E-05 ), #1583, 'distance_accuracy_value', 'NONE');
#9423 = PRESENTATION_STYLE_ASSIGNMENT (( #4451 ) ) ;
#9424 = CARTESIAN_POINT ( 'NONE',  ( -0.1110000000000000014, 0.05600000000000000810, 0.01949999999999999997 ) ) ;
#9425 = VERTEX_POINT ( 'NONE', #9777 ) ;
#9426 = FILL_AREA_STYLE_COLOUR ( '', #1434 ) ;
#9427 = CARTESIAN_POINT ( 'NONE',  ( 0.2409718528315643038, 0.1063120458446303040, 0.2505000000000001115 ) ) ;
#9428 = PRESENTATION_STYLE_ASSIGNMENT (( #4843 ) ) ;
#9429 = PRESENTATION_STYLE_ASSIGNMENT (( #6917 ) ) ;
#9430 = FILL_AREA_STYLE ('',( #3161 ) ) ;
#9431 = ORIENTED_EDGE ( 'NONE', *, *, #4343, .T. ) ;
#9432 = ADVANCED_FACE ( 'NONE', ( #3559 ), #1944, .T. ) ;
#9433 = ADVANCED_FACE ( 'NONE', ( #8079 ), #4318, .T. ) ;
#9434 = AXIS2_PLACEMENT_3D ( 'NONE', #5753, #1027, #1801 ) ;
#9435 = ADVANCED_FACE ( 'NONE', ( #7235 ), #4285, .T. ) ;
#9436 = ORIENTED_EDGE ( 'NONE', *, *, #5120, .T. ) ;
#9437 = AXIS2_PLACEMENT_3D ( 'NONE', #3770, #9224, #6032 ) ;
#9438 = CARTESIAN_POINT ( 'NONE',  ( -0.2609115348192674322, 0.1555000000000000548, 0.2515000000000000013 ) ) ;
#9439 =( LENGTH_UNIT ( ) NAMED_UNIT ( * ) SI_UNIT ( $, .METRE. ) );
#9440 =( NAMED_UNIT ( * ) SI_UNIT ( $, .STERADIAN. ) SOLID_ANGLE_UNIT ( ) );
#9441 = DIRECTION ( 'NONE',  ( -1.000000000000000000, 0.0000000000000000000, 0.0000000000000000000 ) ) ;
#9442 = LENGTH_MEASURE_WITH_UNIT ( LENGTH_MEASURE( 0.02539999999999999897 ), #4323 );
#9443 = VECTOR ( 'NONE', #1868, 39.37007874015748854 ) ;
#9444 = EDGE_LOOP ( 'NONE', ( #1331, #8903, #8881, #234 ) ) ;
#9445 = SURFACE_STYLE_USAGE ( .BOTH. , #3988 ) ;
#9446 = DIRECTION ( 'NONE',  ( -0.0000000000000000000, -0.0000000000000000000, 1.000000000000000000 ) ) ;
#9447 = SURFACE_SIDE_STYLE ('',( #7784 ) ) ;
#9448 = CARTESIAN_POINT ( 'NONE',  ( -0.2188008991631815170, -0.05815760734162900986, 0.2484999999999999987 ) ) ;
#9449 = CARTESIAN_POINT ( 'NONE',  ( -0.2257418905753964533, -0.08601086163563272102, 0.2505000000000000004 ) ) ;
#9450 =( GEOMETRIC_REPRESENTATION_CONTEXT ( 3 ) GLOBAL_UNCERTAINTY_ASSIGNED_CONTEXT ( ( #8994 ) ) GLOBAL_UNIT_ASSIGNED_CONTEXT ( ( #5362, #2147, #7662 ) ) REPRESENTATION_CONTEXT ( 'NONE', 'WORKASPACE' ) );
#9451 = CIRCLE ( 'NONE', #3934, 0.02000000000000000042 ) ;
#9452 =( GEOMETRIC_REPRESENTATION_CONTEXT ( 3 ) GLOBAL_UNCERTAINTY_ASSIGNED_CONTEXT ( ( #6681 ) ) GLOBAL_UNIT_ASSIGNED_CONTEXT ( ( #736, #5483, #6258 ) ) REPRESENTATION_CONTEXT ( 'NONE', 'WORKASPACE' ) );
#9453 = DIRECTION ( 'NONE',  ( 0.0000000000000000000, 0.0000000000000000000, -1.000000000000000000 ) ) ;
#9454 = MECHANICAL_DESIGN_GEOMETRIC_PRESENTATION_REPRESENTATION (  '', ( #8233 ), #4545 ) ;
#9455 = ORIENTED_EDGE ( 'NONE', *, *, #8125, .T. ) ;
#9456 = DIRECTION ( 'NONE',  ( -1.000000000000000000, -0.0000000000000000000, -0.0000000000000000000 ) ) ;
#9457 = CARTESIAN_POINT ( 'NONE',  ( -0.1309999999999999776, 0.05599999999999999423, -0.2795000000000000262 ) ) ;
#9458 = DIRECTION ( 'NONE',  ( -0.1736481776669309696, 0.9848077530122081313, 0.0000000000000000000 ) ) ;
#9459 = CARTESIAN_POINT ( 'NONE',  ( 0.2443043707811019816, 0.08050000000000007150, 0.2484999999999999987 ) ) ;
#9460 = DIRECTION ( 'NONE',  ( -0.0000000000000000000, -0.0000000000000000000, 1.000000000000000000 ) ) ;
#9461 = DIRECTION ( 'NONE',  ( 1.000000000000000000, 0.0000000000000000000, 0.0000000000000000000 ) ) ;
#9462 = ORIENTED_EDGE ( 'NONE', *, *, #261, .T. ) ;
#9463 = DIRECTION ( 'NONE',  ( -0.0000000000000000000, -0.0000000000000000000, -1.000000000000000000 ) ) ;
#9464 = DIMENSIONAL_EXPONENTS ( 1.000000000000000000, 0.0000000000000000000, 0.0000000000000000000, 0.0000000000000000000, 0.0000000000000000000, 0.0000000000000000000, 0.0000000000000000000 ) ;
#9465 = EDGE_LOOP ( 'NONE', ( #3170, #2717, #1407, #714 ) ) ;
#9466 = CARTESIAN_POINT ( 'NONE',  ( -0.2261057894069687935, -0.04508473403851684380, 0.2505000000000000004 ) ) ;
#9467 = CARTESIAN_POINT ( 'NONE',  ( 0.2344521488927472919, 0.1027971337473291280, 0.2505000000000000004 ) ) ;
#9468 = VERTEX_POINT ( 'NONE', #6611 ) ;
#9469 = PRESENTATION_LAYER_ASSIGNMENT (  '', '', ( #3127 ) ) ;
#9470 = EDGE_CURVE ( 'NONE', #3587, #1110, #3426, .T. ) ;
#9471 =( CONVERSION_BASED_UNIT ( 'INCH', #5781 ) LENGTH_UNIT ( ) NAMED_UNIT ( #6739 ) );
#9472 = UNCERTAINTY_MEASURE_WITH_UNIT (LENGTH_MEASURE( 1.000000000000000082E-05 ), #9958, 'distance_accuracy_value', 'NONE');
#9473 = LINE ( 'NONE', #3789, #3252 ) ;
#9474 = LINE ( 'NONE', #5977, #2645 ) ;
#9475 = ORIENTED_EDGE ( 'NONE', *, *, #8423, .F. ) ;
#9476 =( NAMED_UNIT ( * ) SI_UNIT ( $, .STERADIAN. ) SOLID_ANGLE_UNIT ( ) );
#9477 = ORIENTED_EDGE ( 'NONE', *, *, #2925, .F. ) ;
#9478 = CARTESIAN_POINT ( 'NONE',  ( -0.2374320859792984906, -0.05958814914995973905, 0.2504999999999999449 ) ) ;
#9479 = DIRECTION ( 'NONE',  ( -1.000000000000000000, 0.0000000000000000000, 0.0000000000000000000 ) ) ;
#9480 = SURFACE_SIDE_STYLE ('',( #6030 ) ) ;
#9481 = LINE ( 'NONE', #8955, #7306 ) ;
#9482 = SURFACE_STYLE_FILL_AREA ( #3488 ) ;
#9483 =( GEOMETRIC_REPRESENTATION_CONTEXT ( 3 ) GLOBAL_UNCERTAINTY_ASSIGNED_CONTEXT ( ( #1956 ) ) GLOBAL_UNIT_ASSIGNED_CONTEXT ( ( #5608, #926, #249 ) ) REPRESENTATION_CONTEXT ( 'NONE', 'WORKASPACE' ) );
#9484 = EDGE_CURVE ( 'NONE', #8740, #754, #1694, .T. ) ;
#9485 = EDGE_CURVE ( 'NONE', #3989, #9645, #1952, .T. ) ;
#9486 = DIRECTION ( 'NONE',  ( -0.0000000000000000000, -0.0000000000000000000, 1.000000000000000000 ) ) ;
#9487 = ORIENTED_EDGE ( 'NONE', *, *, #336, .T. ) ;
#9488 = FILL_AREA_STYLE_COLOUR ( '', #1015 ) ;
#9489 = DIRECTION ( 'NONE',  ( 0.0000000000000000000, -1.000000000000000000, 0.0000000000000000000 ) ) ;
#9490 = ORIENTED_EDGE ( 'NONE', *, *, #1671, .F. ) ;
#9491 = DIRECTION ( 'NONE',  ( 0.0000000000000000000, 0.0000000000000000000, 1.000000000000000000 ) ) ;
#9492 = ORIENTED_EDGE ( 'NONE', *, *, #5415, .F. ) ;
#9493 = ADVANCED_FACE ( 'NONE', ( #4634 ), #2897, .T. ) ;
#9494 =( CONVERSION_BASED_UNIT ( 'INCH', #3368 ) LENGTH_UNIT ( ) NAMED_UNIT ( #7465 ) );
#9495 = ADVANCED_FACE ( 'NONE', ( #4158 ), #5885, .F. ) ;
#9496 = CARTESIAN_POINT ( 'NONE',  ( 0.05249999999999998418, -0.05600000000000000810, -0.4243528137423855373 ) ) ;
#9497 = ADVANCED_FACE ( 'NONE', ( #2069 ), #1981, .T. ) ;
#9498 = CARTESIAN_POINT ( 'NONE',  ( -0.1655000000000000082, -0.05600000000000000810, -0.2795000000000000262 ) ) ;
#9499 = VECTOR ( 'NONE', #9984, 39.37007874015748143 ) ;
#9500 = EDGE_LOOP ( 'NONE', ( #6863, #8632, #8731, #7832, #1938, #4452 ) ) ;
#9501 = SURFACE_STYLE_FILL_AREA ( #5331 ) ;
#9502 = MECHANICAL_DESIGN_GEOMETRIC_PRESENTATION_REPRESENTATION (  '', ( #9701 ), #2564 ) ;
#9503 = CARTESIAN_POINT ( 'NONE',  ( -0.2246072802615997621, -0.05179503038194442632, 0.2484999999999999987 ) ) ;
#9504 = CARTESIAN_POINT ( 'NONE',  ( 0.2159999999999999976, 0.05600000000000000810, -0.2195000000000000007 ) ) ;
#9505 =( GEOMETRIC_REPRESENTATION_CONTEXT ( 3 ) GLOBAL_UNCERTAINTY_ASSIGNED_CONTEXT ( ( #242 ) ) GLOBAL_UNIT_ASSIGNED_CONTEXT ( ( #7259, #7971, #3290 ) ) REPRESENTATION_CONTEXT ( 'NONE', 'WORKASPACE' ) );
#9506 = CARTESIAN_POINT ( 'NONE',  ( -0.2188008991631815170, -0.05815760734162900986, 0.2484999999999999987 ) ) ;
#9507 = CARTESIAN_POINT ( 'NONE',  ( -0.2240745407376016352, -0.07927308353931075691, 0.2484999999999999987 ) ) ;
#9508 =( NAMED_UNIT ( * ) PLANE_ANGLE_UNIT ( ) SI_UNIT ( $, .RADIAN. ) );
#9509 = TOROIDAL_SURFACE ( 'NONE', #2981, 0.08000000000000000167, 0.02000000000000000042 ) ;
#9510 = EDGE_LOOP ( 'NONE', ( #3325, #2397 ) ) ;
#9511 = CARTESIAN_POINT ( 'NONE',  ( -0.2140254582707234732, -0.07982701102396680404, 0.2484999999999999987 ) ) ;
#9512 = CARTESIAN_POINT ( 'NONE',  ( -0.2372701218218788988, -0.06091244076415450182, 0.2484999999999999709 ) ) ;
#9513 = CARTESIAN_POINT ( 'NONE',  ( 0.07700000000000002676, 0.05600000000000000810, -0.3395000000000000240 ) ) ;
#9514 = CARTESIAN_POINT ( 'NONE',  ( -0.2205994018873632112, -0.06968383162069520520, 0.2485000000000001374 ) ) ;
#9515 = CARTESIAN_POINT ( 'NONE',  ( -0.2110283181366034710, -0.06442318026056759184, 0.2505000000000000004 ) ) ;
#9516 = AXIS2_PLACEMENT_3D ( 'NONE', #5909, #1177, #5804 ) ;
#9517 = CYLINDRICAL_SURFACE ( 'NONE', #9009, 0.01999999999999999001 ) ;
#9518 = EDGE_LOOP ( 'NONE', ( #8427, #6057 ) ) ;
#9519 = PRESENTATION_LAYER_ASSIGNMENT (  '', '', ( #2519 ) ) ;
#9520 = CARTESIAN_POINT ( 'NONE',  ( -0.3901308355264477279, 0.02211120320423699825, -0.01949999999999999997 ) ) ;
#9521 = PRESENTATION_STYLE_ASSIGNMENT (( #4515 ) ) ;
#9522 = ORIENTED_EDGE ( 'NONE', *, *, #99, .F. ) ;
#9524 = ORIENTED_EDGE ( 'NONE', *, *, #1536, .F. ) ;
#9523 = CARTESIAN_POINT ( 'NONE',  ( 0.2609115348192674322, 0.09550000000000004319, -0.1694999999999999840 ) ) ;
#9525 =( LENGTH_UNIT ( ) NAMED_UNIT ( * ) SI_UNIT ( $, .METRE. ) );
#9526 = CARTESIAN_POINT ( 'NONE',  ( -0.4919999999999999929, 0.0000000000000000000, 0.01949999999999999997 ) ) ;
#9527 =( NAMED_UNIT ( * ) SI_UNIT ( $, .STERADIAN. ) SOLID_ANGLE_UNIT ( ) );
#9528 = COLOUR_RGB ( '',0.9294117647058823817, 0.7607843137254901578, 0.4784313725490195734 ) ;
#9529 = SURFACE_STYLE_USAGE ( .BOTH. , #7221 ) ;
#9530 = EDGE_LOOP ( 'NONE', ( #2555, #5095, #7815, #5412, #1767, #4475, #8964 ) ) ;
#9531 = CARTESIAN_POINT ( 'NONE',  ( 0.2104510888804048407, -0.1955000000000000349, -0.1494999999999999940 ) ) ;
#9532 =( GEOMETRIC_REPRESENTATION_CONTEXT ( 3 ) GLOBAL_UNCERTAINTY_ASSIGNED_CONTEXT ( ( #5672 ) ) GLOBAL_UNIT_ASSIGNED_CONTEXT ( ( #1504, #5555, #8390 ) ) REPRESENTATION_CONTEXT ( 'NONE', 'WORKASPACE' ) );
#9533 = ORIENTED_EDGE ( 'NONE', *, *, #7713, .T. ) ;
#9534 = VERTEX_POINT ( 'NONE', #5104 ) ;
#9535 = EDGE_CURVE ( 'NONE', #6047, #5031, #9052, .T. ) ;
#9536 = UNCERTAINTY_MEASURE_WITH_UNIT (LENGTH_MEASURE( 1.000000000000000082E-05 ), #5388, 'distance_accuracy_value', 'NONE');
#9537 = DIRECTION ( 'NONE',  ( -0.9848077530122077983, 0.1736481776669317745, 0.0000000000000000000 ) ) ;
#9538 = CARTESIAN_POINT ( 'NONE',  ( -0.2200000000000000011, 0.05600000000000000810, -0.2795000000000000262 ) ) ;
#9539 =( NAMED_UNIT ( * ) PLANE_ANGLE_UNIT ( ) SI_UNIT ( $, .RADIAN. ) );
#9540 = FILL_AREA_STYLE ('',( #4693 ) ) ;
#9541 = LENGTH_MEASURE_WITH_UNIT ( LENGTH_MEASURE( 0.02539999999999999897 ), #8852 );
#9542 = EDGE_LOOP ( 'NONE', ( #7820, #2055, #3898, #4103 ) ) ;
#9543 = ADVANCED_FACE ( 'NONE', ( #716 ), #9517, .F. ) ;
#9544 = DIRECTION ( 'NONE',  ( 0.0000000000000000000, 1.000000000000000000, 0.0000000000000000000 ) ) ;
#9545 = LINE ( 'NONE', #4397, #5621 ) ;
#9546 = EDGE_CURVE ( 'NONE', #7863, #923, #9888, .T. ) ;
#9547 = PRESENTATION_LAYER_ASSIGNMENT (  '', '', ( #3206 ) ) ;
#9548 = DIRECTION ( 'NONE',  ( -0.0000000000000000000, -0.0000000000000000000, -1.000000000000000000 ) ) ;
#9549 = CARTESIAN_POINT ( 'NONE',  ( 0.2418404025729688489, 0.1150945082996388952, 0.2484999999999999987 ) ) ;
#9550 = DIRECTION ( 'NONE',  ( -0.0000000000000000000, -0.0000000000000000000, 1.000000000000000000 ) ) ;
#9551 = FACE_OUTER_BOUND ( 'NONE', #1637, .T. ) ;
#9552 = FILL_AREA_STYLE_COLOUR ( '', #6894 ) ;
#9553 = DIRECTION ( 'NONE',  ( -0.0000000000000000000, -0.0000000000000000000, 1.000000000000000000 ) ) ;
#9554 = EDGE_LOOP ( 'NONE', ( #3004, #1500, #5808, #3232 ) ) ;
#9555 = CARTESIAN_POINT ( 'NONE',  ( 0.1264999999999998903, 0.05600000000000000810, 0.2505000000000000004 ) ) ;
#9556 = PLANE ( 'NONE',  #5228 ) ;
#9557 = CIRCLE ( 'NONE', #1002, 0.1400000000000000411 ) ;
#9558 =( NAMED_UNIT ( * ) SI_UNIT ( $, .STERADIAN. ) SOLID_ANGLE_UNIT ( ) );
#9559 = CARTESIAN_POINT ( 'NONE',  ( -0.2206799970538751432, -0.05338352936124791948, 0.2505000000000000560 ) ) ;
#9560 = DIRECTION ( 'NONE',  ( -0.9848077530122077983, 0.1736481776669317745, 0.0000000000000000000 ) ) ;
#9561 = ORIENTED_EDGE ( 'NONE', *, *, #7213, .F. ) ;
#9562 = ORIENTED_EDGE ( 'NONE', *, *, #4653, .F. ) ;
#9563 =( LENGTH_UNIT ( ) NAMED_UNIT ( * ) SI_UNIT ( $, .METRE. ) );
#9564 = AXIS2_PLACEMENT_3D ( 'NONE', #6586, #1811, #5726 ) ;
#9565 = ORIENTED_EDGE ( 'NONE', *, *, #2953, .T. ) ;
#9566 = EDGE_LOOP ( 'NONE', ( #6203, #1949, #5232, #5631 ) ) ;
#9567 = EDGE_CURVE ( 'NONE', #8074, #8909, #1321, .T. ) ;
#9568 = STYLED_ITEM ( 'NONE', ( #8480 ), #64 ) ;
#9569 = DIRECTION ( 'NONE',  ( -0.0000000000000000000, -0.0000000000000000000, -1.000000000000000000 ) ) ;
#9570 = SURFACE_STYLE_FILL_AREA ( #7915 ) ;
#9571 = SURFACE_STYLE_USAGE ( .BOTH. , #7021 ) ;
#9572 = DIMENSIONAL_EXPONENTS ( 1.000000000000000000, 0.0000000000000000000, 0.0000000000000000000, 0.0000000000000000000, 0.0000000000000000000, 0.0000000000000000000, 0.0000000000000000000 ) ;
#9573 = SURFACE_STYLE_FILL_AREA ( #7714 ) ;
#9574 = SURFACE_STYLE_USAGE ( .BOTH. , #70 ) ;
#9575 = ORIENTED_EDGE ( 'NONE', *, *, #3806, .T. ) ;
#9576 =( NAMED_UNIT ( * ) SI_UNIT ( $, .STERADIAN. ) SOLID_ANGLE_UNIT ( ) );
#9577 = FILL_AREA_STYLE ('',( #255 ) ) ;
#9578 = ORIENTED_EDGE ( 'NONE', *, *, #9825, .T. ) ;
#9579 = CARTESIAN_POINT ( 'NONE',  ( 0.2443043707811019816, 0.08050000000000007150, 0.2505000000000000004 ) ) ;
#9580 = VECTOR ( 'NONE', #9379, 39.37007874015748143 ) ;
#9581 = CARTESIAN_POINT ( 'NONE',  ( 0.1859999999999999987, 0.05600000000000000810, -0.2195000000000000007 ) ) ;
#9582 = CYLINDRICAL_SURFACE ( 'NONE', #4142, 0.08000000000000000167 ) ;
#9583 = EDGE_LOOP ( 'NONE', ( #972, #625 ) ) ;
#9584 = AXIS2_PLACEMENT_3D ( 'NONE', #8212, #8993, #9807 ) ;
#9585 = ADVANCED_FACE ( 'NONE', ( #3536 ), #3784, .T. ) ;
#9587 = EDGE_LOOP ( 'NONE', ( #2191, #4156 ) ) ;
#9586 = VECTOR ( 'NONE', #4593, 39.37007874015748143 ) ;
#9588 =( GEOMETRIC_REPRESENTATION_CONTEXT ( 3 ) GLOBAL_UNCERTAINTY_ASSIGNED_CONTEXT ( ( #3782 ) ) GLOBAL_UNIT_ASSIGNED_CONTEXT ( ( #1447, #7011, #3894 ) ) REPRESENTATION_CONTEXT ( 'NONE', 'WORKASPACE' ) );
#9589 = DIRECTION ( 'NONE',  ( -0.1736481776669308308, 0.9848077530122080203, 0.0000000000000000000 ) ) ;
#9590 = DIRECTION ( 'NONE',  ( 0.0000000000000000000, 0.0000000000000000000, 1.000000000000000000 ) ) ;
#9591 = CARTESIAN_POINT ( 'NONE',  ( -0.2184310987881229182, -0.06788561209914570349, 0.2505000000000000004 ) ) ;
#9592 = SURFACE_STYLE_USAGE ( .BOTH. , #9624 ) ;
#9593 = COLOUR_RGB ( '',0.9294117647058823817, 0.7607843137254901578, 0.4784313725490195734 ) ;
#9594 = ORIENTED_EDGE ( 'NONE', *, *, #3733, .F. ) ;
#9595 = LENGTH_MEASURE_WITH_UNIT ( LENGTH_MEASURE( 0.02539999999999999897 ), #9831 );
#9596 = EDGE_LOOP ( 'NONE', ( #1140, #3621, #1594, #6696, #1745, #9816, #9087, #1680, #328 ) ) ;
#9597 = DIRECTION ( 'NONE',  ( -0.0000000000000000000, -0.0000000000000000000, 1.000000000000000000 ) ) ;
#9598 = CARTESIAN_POINT ( 'NONE',  ( -0.2195714218119642347, -0.08483332323579352574, 0.2505000000000000560 ) ) ;
#9599 = DIRECTION ( 'NONE',  ( 1.000000000000000000, 0.0000000000000000000, -2.410476511054680453E-13 ) ) ;
#9600 = DIRECTION ( 'NONE',  ( -0.0000000000000000000, -0.0000000000000000000, -1.000000000000000000 ) ) ;
#9601 =( GEOMETRIC_REPRESENTATION_CONTEXT ( 3 ) GLOBAL_UNCERTAINTY_ASSIGNED_CONTEXT ( ( #1264 ) ) GLOBAL_UNIT_ASSIGNED_CONTEXT ( ( #8744, #2559, #9558 ) ) REPRESENTATION_CONTEXT ( 'NONE', 'WORKASPACE' ) );
#9602 = EDGE_CURVE ( 'NONE', #7670, #6093, #4754, .T. ) ;
#9603 = CIRCLE ( 'NONE', #135, 0.01949999999999987160 ) ;
#9604 = DIRECTION ( 'NONE',  ( 1.000000000000000000, 0.0000000000000000000, 0.0000000000000000000 ) ) ;
#9605 = ORIENTED_EDGE ( 'NONE', *, *, #9198, .F. ) ;
#9606 = ORIENTED_EDGE ( 'NONE', *, *, #6423, .F. ) ;
#9607 = CARTESIAN_POINT ( 'NONE',  ( -0.2253688829404693061, -0.08601853799412391421, 0.2504999999999999449 ) ) ;
#9608 = UNCERTAINTY_MEASURE_WITH_UNIT (LENGTH_MEASURE( 1.000000000000000082E-05 ), #7020, 'distance_accuracy_value', 'NONE');
#9609 = DIRECTION ( 'NONE',  ( -1.000000000000000000, 0.0000000000000000000, 0.0000000000000000000 ) ) ;
#9610 = SURFACE_SIDE_STYLE ('',( #9649 ) ) ;
#9611 = CARTESIAN_POINT ( 'NONE',  ( -0.1854999999999999705, -0.05600000000000000810, -0.2013975032409335841 ) ) ;
#9612 = COLOUR_RGB ( '',0.9294117647058823817, 0.7607843137254901578, 0.4784313725490195734 ) ;
#9613 = VERTEX_POINT ( 'NONE', #7751 ) ;
#9614 = MECHANICAL_DESIGN_GEOMETRIC_PRESENTATION_REPRESENTATION (  '', ( #4189 ), #4048 ) ;
#9615 = EDGE_CURVE ( 'NONE', #5784, #5491, #5134, .T. ) ;
#9616 = EDGE_LOOP ( 'NONE', ( #2706, #2692 ) ) ;
#9617 = CARTESIAN_POINT ( 'NONE',  ( -0.2181822704281579373, -0.06761854135888252515, 0.2505000000000000004 ) ) ;
#9618 = SURFACE_STYLE_FILL_AREA ( #739 ) ;
#9619 =( CONVERSION_BASED_UNIT ( 'INCH', #4555 ) LENGTH_UNIT ( ) NAMED_UNIT ( #3632 ) );
#9620 =( LENGTH_UNIT ( ) NAMED_UNIT ( * ) SI_UNIT ( $, .METRE. ) );
#9621 = VERTEX_POINT ( 'NONE', #7719 ) ;
#9622 = CARTESIAN_POINT ( 'NONE',  ( 0.1315000000000000613, -0.05600000000000000810, -0.3395000000000000240 ) ) ;
#9623 = CARTESIAN_POINT ( 'NONE',  ( -0.2215127359930952056, -0.07015198774650804880, 0.2504999999999999449 ) ) ;
#9624 = SURFACE_SIDE_STYLE ('',( #7755 ) ) ;
#9625 = VERTEX_POINT ( 'NONE', #9956 ) ;
#9626 = DIMENSIONAL_EXPONENTS ( 1.000000000000000000, 0.0000000000000000000, 0.0000000000000000000, 0.0000000000000000000, 0.0000000000000000000, 0.0000000000000000000, 0.0000000000000000000 ) ;
#9627 = DIMENSIONAL_EXPONENTS ( 1.000000000000000000, 0.0000000000000000000, 0.0000000000000000000, 0.0000000000000000000, 0.0000000000000000000, 0.0000000000000000000, 0.0000000000000000000 ) ;
#9628 = PRESENTATION_LAYER_ASSIGNMENT (  '', '', ( #9102 ) ) ;
#9629 = EDGE_CURVE ( 'NONE', #6780, #6267, #838, .T. ) ;
#9630 = EDGE_CURVE ( 'NONE', #9645, #4446, #6858, .T. ) ;
#9631 = CARTESIAN_POINT ( 'NONE',  ( -0.2609115348192674322, 0.09550000000000004319, 0.2515000000000000013 ) ) ;
#9632 = CARTESIAN_POINT ( 'NONE',  ( -0.2242320351744064855, -0.05181373173034520274, 0.2485000000000000264 ) ) ;
#9633 = COLOUR_RGB ( '',0.9294117647058823817, 0.7607843137254901578, 0.4784313725490195734 ) ;
#9634 = CARTESIAN_POINT ( 'NONE',  ( -0.1110000000000000014, 0.05600000000000000810, -0.03565432893255038316 ) ) ;
#9635 = SURFACE_STYLE_USAGE ( .BOTH. , #4211 ) ;
#9636 = ORIENTED_EDGE ( 'NONE', *, *, #6300, .F. ) ;
#9637 = UNCERTAINTY_MEASURE_WITH_UNIT (LENGTH_MEASURE( 1.000000000000000082E-05 ), #6385, 'distance_accuracy_value', 'NONE');
#9638 = CARTESIAN_POINT ( 'NONE',  ( -0.2364283260963937761, -0.07546953067616517241, 0.2484999999999999987 ) ) ;
#9639 = VECTOR ( 'NONE', #1319, 39.37007874015748143 ) ;
#9640 = ORIENTED_EDGE ( 'NONE', *, *, #4573, .T. ) ;
#9641 = FACE_BOUND ( 'NONE', #3281, .T. ) ;
#9642 = VERTEX_POINT ( 'NONE', #1377 ) ;
#9643 = FILL_AREA_STYLE ('',( #8893 ) ) ;
#9644 = DIRECTION ( 'NONE',  ( -0.0000000000000000000, -0.0000000000000000000, -1.000000000000000000 ) ) ;
#9645 = VERTEX_POINT ( 'NONE', #3007 ) ;
#9646 = DIRECTION ( 'NONE',  ( -0.9848077530122077983, -0.1736481776669317745, 0.0000000000000000000 ) ) ;
#9647 = DIRECTION ( 'NONE',  ( 0.0000000000000000000, 1.000000000000000000, 0.0000000000000000000 ) ) ;
#9648 = CARTESIAN_POINT ( 'NONE',  ( -0.02650000000000006170, -0.05599999999999999423, -0.2013975032409335841 ) ) ;
#9649 = SURFACE_STYLE_FILL_AREA ( #4084 ) ;
#9650 = CARTESIAN_POINT ( 'NONE',  ( -0.2199779669801139592, -0.06238286413640889427, 0.2485000000000000264 ) ) ;
#9651 = ADVANCED_FACE ( 'NONE', ( #6971 ), #104, .T. ) ;
#9652 =( NAMED_UNIT ( * ) PLANE_ANGLE_UNIT ( ) SI_UNIT ( $, .RADIAN. ) );
#9653 = CARTESIAN_POINT ( 'NONE',  ( 0.2344521488927472919, 0.1105752036591881177, 0.2505000000000000004 ) ) ;
#9654 = DIRECTION ( 'NONE',  ( 0.0000000000000000000, 0.0000000000000000000, -1.000000000000000000 ) ) ;
#9655 =( NAMED_UNIT ( * ) PLANE_ANGLE_UNIT ( ) SI_UNIT ( $, .RADIAN. ) );
#9656 = SURFACE_SIDE_STYLE ('',( #6160 ) ) ;
#9657 = CARTESIAN_POINT ( 'NONE',  ( -0.2286502561845348003, -0.07461070212339741825, 0.2484999999999999987 ) ) ;
#9658 = PRESENTATION_LAYER_ASSIGNMENT (  '', '', ( #6000 ) ) ;
#9659 = CIRCLE ( 'NONE', #10017, 0.01999999999999999695 ) ;
#9660 = PRESENTATION_LAYER_ASSIGNMENT (  '', '', ( #6332 ) ) ;
#9661 = PRESENTATION_LAYER_ASSIGNMENT (  '', '', ( #4104 ) ) ;
#9662 = VECTOR ( 'NONE', #8851, 39.37007874015748143 ) ;
#9663 = DIRECTION ( 'NONE',  ( -0.1736481776669312194, 0.9848077530122077983, 0.0000000000000000000 ) ) ;
#9664 = FILL_AREA_STYLE_COLOUR ( '', #1894 ) ;
#9665 = CARTESIAN_POINT ( 'NONE',  ( -0.2304283621695252526, -0.08500843797080873121, 0.2484999999999999987 ) ) ;
#9666 = VERTEX_POINT ( 'NONE', #8600 ) ;
#9667 = UNCERTAINTY_MEASURE_WITH_UNIT (LENGTH_MEASURE( 1.000000000000000082E-05 ), #6209, 'distance_accuracy_value', 'NONE');
#9668 = SURFACE_SIDE_STYLE ('',( #4443 ) ) ;
#9669 = FACE_BOUND ( 'NONE', #4360, .T. ) ;
#9670 = FILL_AREA_STYLE_COLOUR ( '', #4509 ) ;
#9671 = MECHANICAL_DESIGN_GEOMETRIC_PRESENTATION_REPRESENTATION (  '', ( #9331 ), #44 ) ;
#9672 = EDGE_CURVE ( 'NONE', #1036, #7087, #1937, .T. ) ;
#9673 = CARTESIAN_POINT ( 'NONE',  ( 0.2360542715973121541, 0.1111759309221211217, 0.2485000000000000264 ) ) ;
#9674 =( CONVERSION_BASED_UNIT ( 'INCH', #6603 ) LENGTH_UNIT ( ) NAMED_UNIT ( #9239 ) );
#9675 = CARTESIAN_POINT ( 'NONE',  ( -0.2242669897029559989, -0.07927754407051282315, 0.2485000000000000264 ) ) ;
#9676 = DIMENSIONAL_EXPONENTS ( 1.000000000000000000, 0.0000000000000000000, 0.0000000000000000000, 0.0000000000000000000, 0.0000000000000000000, 0.0000000000000000000, 0.0000000000000000000 ) ;
#9677 = CARTESIAN_POINT ( 'NONE',  ( -0.2181822704281579373, -0.06761854135888252515, 0.2505000000000000560 ) ) ;
#9678 = CIRCLE ( 'NONE', #2108, 0.01949999999999987507 ) ;
#9679 = DIRECTION ( 'NONE',  ( -1.000000000000000000, 0.0000000000000000000, 0.0000000000000000000 ) ) ;
#9680 = CARTESIAN_POINT ( 'NONE',  ( 0.07250000000000006439, -0.05600000000000000810, -0.2195000000000000007 ) ) ;
#9681 = ORIENTED_EDGE ( 'NONE', *, *, #656, .T. ) ;
#9682 = AXIS2_PLACEMENT_3D ( 'NONE', #6575, #4245, #5198 ) ;
#9683 = EDGE_CURVE ( 'NONE', #531, #3989, #5872, .T. ) ;
#9684 = CARTESIAN_POINT ( 'NONE',  ( -0.1309999999999999776, 0.05599999999999999423, -0.3395000000000000240 ) ) ;
#9685 = CARTESIAN_POINT ( 'NONE',  ( 0.2104510888804048685, -0.07550000000000001155, -0.2195000000000000839 ) ) ;
#9686 = CARTESIAN_POINT ( 'NONE',  ( -0.2181822704281579373, -0.06761854135888252515, 0.2484999999999999987 ) ) ;
#9687 = DIRECTION ( 'NONE',  ( -0.0000000000000000000, -0.0000000000000000000, -1.000000000000000000 ) ) ;
#9688 = PRESENTATION_STYLE_ASSIGNMENT (( #1431 ) ) ;
#9689 = VECTOR ( 'NONE', #5995, 39.37007874015748143 ) ;
#9690 = CIRCLE ( 'NONE', #697, 0.01999999999999995878 ) ;
#9692 = VERTEX_POINT ( 'NONE', #2443 ) ;
#9691 = LINE ( 'NONE', #8780, #2222 ) ;
#9693 = ORIENTED_EDGE ( 'NONE', *, *, #2749, .T. ) ;
#9694 =( CONVERSION_BASED_UNIT ( 'INCH', #5931 ) LENGTH_UNIT ( ) NAMED_UNIT ( #5498 ) );
#9695 = DIRECTION ( 'NONE',  ( -0.9848077530122077983, -0.1736481776669317745, 0.0000000000000000000 ) ) ;
#9696 = DIRECTION ( 'NONE',  ( -6.543999663421849787E-17, -1.000000000000000000, 0.0000000000000000000 ) ) ;
#9697 = CARTESIAN_POINT ( 'NONE',  ( -0.2355683328630419904, -0.07903310997290503848, 0.2484999999999999154 ) ) ;
#9698 = PRESENTATION_STYLE_ASSIGNMENT (( #9945 ) ) ;
#9699 = SURFACE_STYLE_FILL_AREA ( #7410 ) ;
#9700 = CARTESIAN_POINT ( 'NONE',  ( 0.3286280192418698509, -0.09633778132003184558, -0.1694999999999999840 ) ) ;
#9702 = LENGTH_MEASURE_WITH_UNIT ( LENGTH_MEASURE( 0.02539999999999999897 ), #4225 );
#9701 = STYLED_ITEM ( 'NONE', ( #6809 ), #8524 ) ;
#9703 =( LENGTH_UNIT ( ) NAMED_UNIT ( * ) SI_UNIT ( $, .METRE. ) );
#9704 = ADVANCED_FACE ( 'NONE', ( #2927 ), #1544, .F. ) ;
#9705 = ORIENTED_EDGE ( 'NONE', *, *, #7018, .T. ) ;
#9706 = DIRECTION ( 'NONE',  ( 1.000000000000000000, 0.0000000000000000000, 0.0000000000000000000 ) ) ;
#9707 = FACE_OUTER_BOUND ( 'NONE', #3858, .T. ) ;
#9708 =( CONVERSION_BASED_UNIT ( 'INCH', #1454 ) LENGTH_UNIT ( ) NAMED_UNIT ( #8490 ) );
#9709 = CARTESIAN_POINT ( 'NONE',  ( -0.2104510888804048685, -0.1755000000000000171, -0.1494999999999999940 ) ) ;
#9710 = CARTESIAN_POINT ( 'NONE',  ( 0.03250000000000002887, -0.05599999999999999423, -0.3395000000000000240 ) ) ;
#9711 = CARTESIAN_POINT ( 'NONE',  ( -0.2215981050265858343, -0.07838255489990669789, 0.2505000000000000560 ) ) ;
#9712 = SURFACE_STYLE_FILL_AREA ( #4517 ) ;
#9713 = SURFACE_SIDE_STYLE ('',( #6277 ) ) ;
#9715 = VERTEX_POINT ( 'NONE', #3953 ) ;
#9714 = SURFACE_STYLE_FILL_AREA ( #2804 ) ;
#9716 = CARTESIAN_POINT ( 'NONE',  ( -0.2366116528511911232, -0.06336017086859972725, 0.2505000000000000560 ) ) ;
#9717 = AXIS2_PLACEMENT_3D ( 'NONE', #9790, #1238, #8162 ) ;
#9718 = VECTOR ( 'NONE', #9193, 39.37007874015748143 ) ;
#9719 = MECHANICAL_DESIGN_GEOMETRIC_PRESENTATION_REPRESENTATION (  '', ( #297 ), #4606 ) ;
#9720 = ORIENTED_EDGE ( 'NONE', *, *, #954, .F. ) ;
#9721 = CARTESIAN_POINT ( 'NONE',  ( -0.1455000000000000460, -0.05599999999999999423, -0.2795000000000000262 ) ) ;
#9722 = AXIS2_PLACEMENT_3D ( 'NONE', #1166, #9781, #613 ) ;
#9723 = DIRECTION ( 'NONE',  ( 0.9848077530122080203, 0.1736481776669309418, 0.0000000000000000000 ) ) ;
#9724 = DIRECTION ( 'NONE',  ( 1.000000000000000000, 0.0000000000000000000, 0.0000000000000000000 ) ) ;
#9725 = CARTESIAN_POINT ( 'NONE',  ( 0.2359999999999999598, 0.05599999999999999423, -0.2795000000000000262 ) ) ;
#9726 =( LENGTH_UNIT ( ) NAMED_UNIT ( * ) SI_UNIT ( $, .METRE. ) );
#9727 = DIMENSIONAL_EXPONENTS ( 1.000000000000000000, 0.0000000000000000000, 0.0000000000000000000, 0.0000000000000000000, 0.0000000000000000000, 0.0000000000000000000, 0.0000000000000000000 ) ;
#9728 = COLOUR_RGB ( '',0.9294117647058823817, 0.7607843137254901578, 0.4784313725490195734 ) ;
#9729 = CARTESIAN_POINT ( 'NONE',  ( -0.08649999999999996581, -0.05600000000000000810, -0.2795000000000000262 ) ) ;
#9730 = ORIENTED_EDGE ( 'NONE', *, *, #6962, .T. ) ;
#9731 = DIRECTION ( 'NONE',  ( 0.0000000000000000000, 0.0000000000000000000, -1.000000000000000000 ) ) ;
#9732 = ORIENTED_EDGE ( 'NONE', *, *, #8849, .F. ) ;
#9733 = SURFACE_SIDE_STYLE ('',( #5274 ) ) ;
#9734 = MECHANICAL_DESIGN_GEOMETRIC_PRESENTATION_REPRESENTATION (  '', ( #8173 ), #4484 ) ;
#9735 = EDGE_CURVE ( 'NONE', #2354, #68, #467, .T. ) ;
#9736 = LENGTH_MEASURE_WITH_UNIT ( LENGTH_MEASURE( 0.02539999999999999897 ), #468 );
#9737 = DIRECTION ( 'NONE',  ( -1.000000000000000000, 0.0000000000000000000, 0.0000000000000000000 ) ) ;
#9738 =( GEOMETRIC_REPRESENTATION_CONTEXT ( 3 ) GLOBAL_UNCERTAINTY_ASSIGNED_CONTEXT ( ( #1382 ) ) GLOBAL_UNIT_ASSIGNED_CONTEXT ( ( #3073, #5329, #1545 ) ) REPRESENTATION_CONTEXT ( 'NONE', 'WORKASPACE' ) );
#9739 = DIRECTION ( 'NONE',  ( -0.0000000000000000000, -0.0000000000000000000, -1.000000000000000000 ) ) ;
#9740 = UNCERTAINTY_MEASURE_WITH_UNIT (LENGTH_MEASURE( 1.000000000000000082E-05 ), #943, 'distance_accuracy_value', 'NONE');
#9741 = ORIENTED_EDGE ( 'NONE', *, *, #2202, .F. ) ;
#9742 = VERTEX_POINT ( 'NONE', #5422 ) ;
#9743 = EDGE_LOOP ( 'NONE', ( #8479, #1466, #8998, #3888 ) ) ;
#9744 = FILL_AREA_STYLE_COLOUR ( '', #366 ) ;
#9745 = DIRECTION ( 'NONE',  ( -0.0000000000000000000, -0.0000000000000000000, 1.000000000000000000 ) ) ;
#9746 = DIRECTION ( 'NONE',  ( -1.000000000000000000, 0.0000000000000000000, 0.0000000000000000000 ) ) ;
#9747 =( LENGTH_UNIT ( ) NAMED_UNIT ( * ) SI_UNIT ( $, .METRE. ) );
#9748 = LINE ( 'NONE', #8843, #2904 ) ;
#9749 = CARTESIAN_POINT ( 'NONE',  ( 0.07249999999999993949, -0.05599999999999998729, -0.3395000000000000240 ) ) ;
#9750 = DIRECTION ( 'NONE',  ( -1.000000000000000000, 0.0000000000000000000, 0.0000000000000000000 ) ) ;
#9751 =( NAMED_UNIT ( * ) PLANE_ANGLE_UNIT ( ) SI_UNIT ( $, .RADIAN. ) );
#9752 = SURFACE_STYLE_FILL_AREA ( #7620 ) ;
#9753 = AXIS2_PLACEMENT_3D ( 'NONE', #2951, #6799, #8407 ) ;
#9754 = EDGE_CURVE ( 'NONE', #1090, #1507, #5986, .T. ) ;
#9755 = CARTESIAN_POINT ( 'NONE',  ( 0.4919999999999999929, 0.0000000000000000000, -0.01949999999999999997 ) ) ;
#9756 = ORIENTED_EDGE ( 'NONE', *, *, #974, .F. ) ;
#9757 = COLOUR_RGB ( '',0.9294117647058823817, 0.7607843137254901578, 0.4784313725490195734 ) ;
#9758 = CARTESIAN_POINT ( 'NONE',  ( 0.2104510888804048685, -0.07550000000000001155, -0.1694999999999999840 ) ) ;
#9759 = DIRECTION ( 'NONE',  ( 0.0000000000000000000, 0.0000000000000000000, -1.000000000000000000 ) ) ;
#9760 = CIRCLE ( 'NONE', #7121, 0.02000000000000000042 ) ;
#9761 = DIRECTION ( 'NONE',  ( 0.0000000000000000000, 0.0000000000000000000, -1.000000000000000000 ) ) ;
#9762 = CARTESIAN_POINT ( 'NONE',  ( -0.2234710112242444258, -0.07078606490898620152, 0.2485000000000000264 ) ) ;
#9763 = CARTESIAN_POINT ( 'NONE',  ( -0.2132204320788069762, -0.07830672300242892681, 0.2485000000000000264 ) ) ;
#9764 = PRESENTATION_STYLE_ASSIGNMENT (( #674 ) ) ;
#9765 = VERTEX_POINT ( 'NONE', #6290 ) ;
#9766 = AXIS2_PLACEMENT_3D ( 'NONE', #937, #8766, #4133 ) ;
#9767 = EDGE_CURVE ( 'NONE', #5784, #1935, #4751, .T. ) ;
#9768 = EDGE_CURVE ( 'NONE', #4140, #5696, #4498, .T. ) ;
#9769 =( NAMED_UNIT ( * ) PLANE_ANGLE_UNIT ( ) SI_UNIT ( $, .RADIAN. ) );
#9770 = VERTEX_POINT ( 'NONE', #7925 ) ;
#9771 = SURFACE_STYLE_USAGE ( .BOTH. , #6601 ) ;
#9772 = CIRCLE ( 'NONE', #6331, 0.07999999999999996003 ) ;
#9773 = CARTESIAN_POINT ( 'NONE',  ( 0.5449999999999998179, -0.2469999999999998308, 0.01949999999999999997 ) ) ;
#9774 = ORIENTED_EDGE ( 'NONE', *, *, #4252, .T. ) ;
#9775 = DIRECTION ( 'NONE',  ( 1.000000000000000000, -6.543999663421849787E-17, 0.0000000000000000000 ) ) ;
#9776 = ORIENTED_EDGE ( 'NONE', *, *, #4652, .T. ) ;
#9777 = CARTESIAN_POINT ( 'NONE',  ( -0.09150000000000013678, 0.05600000000000000810, 0.01949999999999999997 ) ) ;
#9778 = SURFACE_SIDE_STYLE ('',( #10090 ) ) ;
#9779 = FILL_AREA_STYLE ('',( #7503 ) ) ;
#9780 = DIMENSIONAL_EXPONENTS ( 1.000000000000000000, 0.0000000000000000000, 0.0000000000000000000, 0.0000000000000000000, 0.0000000000000000000, 0.0000000000000000000, 0.0000000000000000000 ) ;
#9781 = DIRECTION ( 'NONE',  ( -0.0000000000000000000, -0.0000000000000000000, 1.000000000000000000 ) ) ;
#9782 = PRESENTATION_LAYER_ASSIGNMENT (  '', '', ( #2246 ) ) ;
#9783 = FILL_AREA_STYLE ('',( #2909 ) ) ;
#9784 = EDGE_LOOP ( 'NONE', ( #3656, #2770, #9814, #8623 ) ) ;
#9785 =( LENGTH_UNIT ( ) NAMED_UNIT ( * ) SI_UNIT ( $, .METRE. ) );
#9786 = CARTESIAN_POINT ( 'NONE',  ( -0.2374654020846416469, -0.05822004021538626506, 0.2505000000000000004 ) ) ;
#9787 = FACE_BOUND ( 'NONE', #1233, .T. ) ;
#9788 = CARTESIAN_POINT ( 'NONE',  ( -0.2104510888804048685, -0.2354999999999999871, -0.03950000000000000039 ) ) ;
#9789 = COLOUR_RGB ( '',0.9294117647058823817, 0.7607843137254901578, 0.4784313725490195734 ) ;
#9790 = CARTESIAN_POINT ( 'NONE',  ( 0.2609115348192674322, 0.09550000000000004319, -0.1694999999999999840 ) ) ;
#9791 = VERTEX_POINT ( 'NONE', #1578 ) ;
#9792 = CARTESIAN_POINT ( 'NONE',  ( 0.05249999999999998418, -0.05600000000000000810, -0.2013975032409335841 ) ) ;
#9793 =( NAMED_UNIT ( * ) SI_UNIT ( $, .STERADIAN. ) SOLID_ANGLE_UNIT ( ) );
#9794 = DIRECTION ( 'NONE',  ( -1.000000000000000000, 0.0000000000000000000, 0.0000000000000000000 ) ) ;
#9795 = VECTOR ( 'NONE', #7385, 39.37007874015748143 ) ;
#9796 = AXIS2_PLACEMENT_3D ( 'NONE', #5561, #7967, #8707 ) ;
#9797 = UNCERTAINTY_MEASURE_WITH_UNIT (LENGTH_MEASURE( 1.000000000000000082E-05 ), #1227, 'distance_accuracy_value', 'NONE');
#9798 = DIRECTION ( 'NONE',  ( -0.1736481776669315247, -0.9848077530122077983, 0.0000000000000000000 ) ) ;
#9799 = CYLINDRICAL_SURFACE ( 'NONE', #3691, 0.02999999999999993644 ) ;
#9800 = CIRCLE ( 'NONE', #6658, 0.02000000000000007674 ) ;
#9801 =( NAMED_UNIT ( * ) SI_UNIT ( $, .STERADIAN. ) SOLID_ANGLE_UNIT ( ) );
#9802 = DIRECTION ( 'NONE',  ( -0.0000000000000000000, -0.0000000000000000000, 1.000000000000000000 ) ) ;
#9803 = FACE_OUTER_BOUND ( 'NONE', #9315, .T. ) ;
#9804 = ADVANCED_FACE ( 'NONE', ( #1933 ), #7688, .F. ) ;
#9805 = CARTESIAN_POINT ( 'NONE',  ( -0.2211506599856837563, -0.06343861344840141803, 0.2505000000000000004 ) ) ;
#9806 = ORIENTED_EDGE ( 'NONE', *, *, #7489, .F. ) ;
#9807 = DIRECTION ( 'NONE',  ( -1.000000000000000000, 0.0000000000000000000, 0.0000000000000000000 ) ) ;
#9808 = MECHANICAL_DESIGN_GEOMETRIC_PRESENTATION_REPRESENTATION (  '', ( #3056 ), #6346 ) ;
#9809 = EDGE_CURVE ( 'NONE', #9666, #8458, #5607, .T. ) ;
#9810 = FACE_OUTER_BOUND ( 'NONE', #3620, .T. ) ;
#9811 =( NAMED_UNIT ( * ) SI_UNIT ( $, .STERADIAN. ) SOLID_ANGLE_UNIT ( ) );
#9812 = CARTESIAN_POINT ( 'NONE',  ( -0.02149999999999988032, 0.05600000000000000810, -0.03565432893255038316 ) ) ;
#9813 =( NAMED_UNIT ( * ) PLANE_ANGLE_UNIT ( ) SI_UNIT ( $, .RADIAN. ) );
#9814 = ORIENTED_EDGE ( 'NONE', *, *, #3128, .T. ) ;
#9815 = CARTESIAN_POINT ( 'NONE',  ( -0.07650000000000009570, -0.05600000000000000810, -0.2195000000000000007 ) ) ;
#9816 = ORIENTED_EDGE ( 'NONE', *, *, #7801, .T. ) ;
#9817 = CIRCLE ( 'NONE', #4179, 0.02999999999999995379 ) ;
#9818 = FACE_OUTER_BOUND ( 'NONE', #46, .T. ) ;
#9819 = LINE ( 'NONE', #8434, #1734 ) ;
#9820 = FACE_OUTER_BOUND ( 'NONE', #5114, .T. ) ;
#9821 = EDGE_LOOP ( 'NONE', ( #5853, #2124 ) ) ;
#9822 = PRESENTATION_LAYER_ASSIGNMENT (  '', '', ( #4978 ) ) ;
#9823 = CARTESIAN_POINT ( 'NONE',  ( -0.2180650494854236288, -0.04687624067779652681, 0.2484999999999999709 ) ) ;
#9824 = VERTEX_POINT ( 'NONE', #7999 ) ;
#9825 = EDGE_CURVE ( 'NONE', #9425, #9621, #1804, .T. ) ;
#9826 = EDGE_CURVE ( 'NONE', #4666, #8275, #10103, .T. ) ;
#9827 = CARTESIAN_POINT ( 'NONE',  ( 0.2609115348192674322, 0.1355000000000000648, 0.2505000000000000004 ) ) ;
#9828 = FILL_AREA_STYLE_COLOUR ( '', #7766 ) ;
#9829 = FILL_AREA_STYLE ('',( #1271 ) ) ;
#9830 = CARTESIAN_POINT ( 'NONE',  ( 0.1960000000000000353, 0.05599999999999999423, -0.2795000000000000262 ) ) ;
#9831 =( LENGTH_UNIT ( ) NAMED_UNIT ( * ) SI_UNIT ( $, .METRE. ) );
#9832 = FACE_OUTER_BOUND ( 'NONE', #1610, .T. ) ;
#9833 = VERTEX_POINT ( 'NONE', #9555 ) ;
#9834 = ORIENTED_EDGE ( 'NONE', *, *, #4455, .F. ) ;
#9835 =( CONVERSION_BASED_UNIT ( 'INCH', #5324 ) LENGTH_UNIT ( ) NAMED_UNIT ( #4023 ) );
#9836 = DIRECTION ( 'NONE',  ( -0.0000000000000000000, -0.0000000000000000000, -1.000000000000000000 ) ) ;
#9837 = SURFACE_SIDE_STYLE ('',( #9714 ) ) ;
#9838 = AXIS2_PLACEMENT_3D ( 'NONE', #8331, #2931, #8393 ) ;
#9839 = VECTOR ( 'NONE', #106, 39.37007874015748854 ) ;
#9840 = ORIENTED_EDGE ( 'NONE', *, *, #6700, .F. ) ;
#9841 = ORIENTED_EDGE ( 'NONE', *, *, #1962, .T. ) ;
#9842 = CARTESIAN_POINT ( 'NONE',  ( -0.2242669897029559989, -0.07927754407051282315, 0.2505000000000000560 ) ) ;
#9843 = DIRECTION ( 'NONE',  ( -1.000000000000000000, 0.0000000000000000000, 0.0000000000000000000 ) ) ;
#9844 = CARTESIAN_POINT ( 'NONE',  ( -0.2609115348192674322, 0.2355000000000000981, -0.01949999999999999997 ) ) ;
#9845 =( CONVERSION_BASED_UNIT ( 'INCH', #9261 ) LENGTH_UNIT ( ) NAMED_UNIT ( #2462 ) );
#9846 =( CONVERSION_BASED_UNIT ( 'INCH', #5470 ) LENGTH_UNIT ( ) NAMED_UNIT ( #4918 ) );
#9847 = VERTEX_POINT ( 'NONE', #8062 ) ;
#9848 = VECTOR ( 'NONE', #302, 39.37007874015748143 ) ;
#9849 = ORIENTED_EDGE ( 'NONE', *, *, #2037, .F. ) ;
#9850 = EDGE_LOOP ( 'NONE', ( #1857, #8371, #1871, #3578 ) ) ;
#9851 =( NAMED_UNIT ( * ) PLANE_ANGLE_UNIT ( ) SI_UNIT ( $, .RADIAN. ) );
#9852 = AXIS2_PLACEMENT_3D ( 'NONE', #6448, #5502, #39 ) ;
#9853 = STYLED_ITEM ( 'NONE', ( #7343 ), #9651 ) ;
#9854 = FACE_OUTER_BOUND ( 'NONE', #4824, .T. ) ;
#9855 = CIRCLE ( 'NONE', #9766, 0.01999999999999999001 ) ;
#9856 = DIRECTION ( 'NONE',  ( -1.000000000000000000, 0.0000000000000000000, 0.0000000000000000000 ) ) ;
#9857 = PLANE ( 'NONE',  #2413 ) ;
#9858 = ORIENTED_EDGE ( 'NONE', *, *, #5056, .T. ) ;
#9859 =( NAMED_UNIT ( * ) PLANE_ANGLE_UNIT ( ) SI_UNIT ( $, .RADIAN. ) );
#9860 = CARTESIAN_POINT ( 'NONE',  ( -0.2290842123620482895, -0.06129496120716274726, 0.2504999999999999449 ) ) ;
#9861 = ORIENTED_EDGE ( 'NONE', *, *, #1357, .T. ) ;
#9862 = EDGE_CURVE ( 'NONE', #8590, #2313, #7935, .T. ) ;
#9863 = DIRECTION ( 'NONE',  ( 0.0000000000000000000, 0.0000000000000000000, -1.000000000000000000 ) ) ;
#9864 = CYLINDRICAL_SURFACE ( 'NONE', #5145, 0.01999999999999999001 ) ;
#9865 = COLOUR_RGB ( '',0.0000000000000000000, 0.5019607843137254832, 1.000000000000000000 ) ;
#9866 = CARTESIAN_POINT ( 'NONE',  ( 0.2609115348192674322, 0.09550000000000004319, -0.9827025327494508522 ) ) ;
#9867 =( CONVERSION_BASED_UNIT ( 'INCH', #7680 ) LENGTH_UNIT ( ) NAMED_UNIT ( #7809 ) );
#9868 = ORIENTED_EDGE ( 'NONE', *, *, #635, .T. ) ;
#9869 = FILL_AREA_STYLE_COLOUR ( '', #1128 ) ;
#9870 = DIRECTION ( 'NONE',  ( -0.0000000000000000000, -0.0000000000000000000, 1.000000000000000000 ) ) ;
#9871 =( GEOMETRIC_REPRESENTATION_CONTEXT ( 3 ) GLOBAL_UNCERTAINTY_ASSIGNED_CONTEXT ( ( #8784 ) ) GLOBAL_UNIT_ASSIGNED_CONTEXT ( ( #5499, #4719, #8581 ) ) REPRESENTATION_CONTEXT ( 'NONE', 'WORKASPACE' ) );
#9872 = EDGE_CURVE ( 'NONE', #3960, #6683, #5868, .T. ) ;
#9873 = MECHANICAL_DESIGN_GEOMETRIC_PRESENTATION_REPRESENTATION (  '', ( #9392 ), #8312 ) ;
#9874 = CARTESIAN_POINT ( 'NONE',  ( -0.2329805612613048416, -0.04781309973962925841, 0.2484999999999999154 ) ) ;
#9875 = LINE ( 'NONE', #6342, #6958 ) ;
#9876 = CARTESIAN_POINT ( 'NONE',  ( -0.2242669897029559989, -0.07927754407051282315, 0.2485000000000000264 ) ) ;
#9877 = DIRECTION ( 'NONE',  ( 1.000000000000000000, 0.0000000000000000000, 0.0000000000000000000 ) ) ;
#9878 = COLOUR_RGB ( '',1.000000000000000000, 1.000000000000000000, 0.0000000000000000000 ) ;
#9879 = CARTESIAN_POINT ( 'NONE',  ( 0.1859999999999999987, 0.05600000000000000810, -0.2795000000000000262 ) ) ;
#9880 = DIRECTION ( 'NONE',  ( -1.000000000000000000, 0.0000000000000000000, 0.0000000000000000000 ) ) ;
#9881 =( LENGTH_UNIT ( ) NAMED_UNIT ( * ) SI_UNIT ( $, .METRE. ) );
#9882 = EDGE_LOOP ( 'NONE', ( #462, #8168, #7758, #9059, #9057, #4973 ) ) ;
#9883 = PRESENTATION_STYLE_ASSIGNMENT (( #182 ) ) ;
#9884 = DIMENSIONAL_EXPONENTS ( 1.000000000000000000, 0.0000000000000000000, 0.0000000000000000000, 0.0000000000000000000, 0.0000000000000000000, 0.0000000000000000000, 0.0000000000000000000 ) ;
#9885 = DIRECTION ( 'NONE',  ( -0.0000000000000000000, -0.0000000000000000000, 1.000000000000000000 ) ) ;
#9886 = AXIS2_PLACEMENT_3D ( 'NONE', #6073, #491, #1359 ) ;
#9887 = EDGE_CURVE ( 'Edge11', #3833, #8608, #6109, .T. ) ;
#9888 = LINE ( 'NONE', #3033, #2813 ) ;
#9889 = EDGE_CURVE ( 'NONE', #7514, #7890, #1433, .T. ) ;
#9890 = ORIENTED_EDGE ( 'NONE', *, *, #2361, .T. ) ;
#9891 = DIRECTION ( 'NONE',  ( 0.1736481776669313581, -0.9848077530122077983, 0.0000000000000000000 ) ) ;
#9892 = CARTESIAN_POINT ( 'NONE',  ( -0.2200000000000000011, 0.05600000000000000810, -0.03565432893255038316 ) ) ;
#9893 = COLOUR_RGB ( '',0.9294117647058823817, 0.7607843137254901578, 0.4784313725490195734 ) ;
#9894 = EDGE_LOOP ( 'NONE', ( #6551, #7242, #6979, #6278 ) ) ;
#9895 =( CONVERSION_BASED_UNIT ( 'INCH', #8158 ) LENGTH_UNIT ( ) NAMED_UNIT ( #5898 ) );
#9896 = VECTOR ( 'NONE', #178, 39.37007874015748143 ) ;
#9897 = LINE ( 'NONE', #7954, #5382 ) ;
#9898 =( LENGTH_UNIT ( ) NAMED_UNIT ( * ) SI_UNIT ( $, .METRE. ) );
#9899 = DIRECTION ( 'NONE',  ( 0.0000000000000000000, 0.0000000000000000000, -1.000000000000000000 ) ) ;
#9900 =( NAMED_UNIT ( * ) SI_UNIT ( $, .STERADIAN. ) SOLID_ANGLE_UNIT ( ) );
#9901 = CARTESIAN_POINT ( 'NONE',  ( -0.2104510888804048685, -0.07550000000000001155, 0.2515000000000000013 ) ) ;
#9902 = STYLED_ITEM ( 'NONE', ( #854 ), #4628 ) ;
#9903 = VECTOR ( 'NONE', #5552, 39.37007874015748143 ) ;
#9904 = MECHANICAL_DESIGN_GEOMETRIC_PRESENTATION_REPRESENTATION (  '', ( #6198 ), #4101 ) ;
#9905 = VECTOR ( 'NONE', #7076, 39.37007874015748143 ) ;
#9906 = ADVANCED_FACE ( 'NONE', ( #7206 ), #4872, .F. ) ;
#9907 = CIRCLE ( 'NONE', #5209, 0.01949999999999988895 ) ;
#9908 = ORIENTED_EDGE ( 'NONE', *, *, #7421, .T. ) ;
#9909 = DIRECTION ( 'NONE',  ( -1.000000000000000000, 0.0000000000000000000, 0.0000000000000000000 ) ) ;
#9910 = UNCERTAINTY_MEASURE_WITH_UNIT (LENGTH_MEASURE( 1.000000000000000082E-05 ), #221, 'distance_accuracy_value', 'NONE');
#9911 = FILL_AREA_STYLE ('',( #7642 ) ) ;
#9912 =( NAMED_UNIT ( * ) SI_UNIT ( $, .STERADIAN. ) SOLID_ANGLE_UNIT ( ) );
#9913 = COLOUR_RGB ( '',0.9294117647058823817, 0.7607843137254901578, 0.4784313725490195734 ) ;
#9914 = FILL_AREA_STYLE_COLOUR ( '', #6924 ) ;
#9915 = PRESENTATION_LAYER_ASSIGNMENT (  '', '', ( #5529 ) ) ;
#9916 = STYLED_ITEM ( 'NONE', ( #9174 ), #2682 ) ;
#9917 = VERTEX_POINT ( 'NONE', #2628 ) ;
#9918 = FILL_AREA_STYLE_COLOUR ( '', #904 ) ;
#9919 = VECTOR ( 'NONE', #3778, 39.37007874015748854 ) ;
#9920 = LINE ( 'NONE', #9125, #9689 ) ;
#9921 = FILL_AREA_STYLE ('',( #4434 ) ) ;
#9922 = DIRECTION ( 'NONE',  ( -1.000000000000000000, 0.0000000000000000000, 0.0000000000000000000 ) ) ;
#9924 = ORIENTED_EDGE ( 'NONE', *, *, #3999, .F. ) ;
#9923 = CIRCLE ( 'NONE', #2103, 0.1599999999999999201 ) ;
#9925 = ORIENTED_EDGE ( 'NONE', *, *, #2087, .T. ) ;
#9926 = AXIS2_PLACEMENT_3D ( 'NONE', #389, #5182, #3570 ) ;
#9927 = EDGE_CURVE ( 'NONE', #8025, #5213, #5130, .T. ) ;
#9928 = DIRECTION ( 'NONE',  ( -0.0000000000000000000, -0.0000000000000000000, 1.000000000000000000 ) ) ;
#9929 =( CONVERSION_BASED_UNIT ( 'INCH', #4128 ) LENGTH_UNIT ( ) NAMED_UNIT ( #7112 ) );
#9930 = CIRCLE ( 'NONE', #6029, 0.02999999999999997460 ) ;
#9931 = VECTOR ( 'NONE', #6484, 39.37007874015748143 ) ;
#9932 = DIRECTION ( 'NONE',  ( -0.0000000000000000000, -0.0000000000000000000, -1.000000000000000000 ) ) ;
#9933 = PLANE ( 'NONE',  #5942 ) ;
#9934 = DIRECTION ( 'NONE',  ( -1.000000000000000000, 0.0000000000000000000, 0.0000000000000000000 ) ) ;
#9935 = ORIENTED_EDGE ( 'NONE', *, *, #5954, .T. ) ;
#9936 =( NAMED_UNIT ( * ) PLANE_ANGLE_UNIT ( ) SI_UNIT ( $, .RADIAN. ) );
#9937 = DIRECTION ( 'NONE',  ( -0.0000000000000000000, -0.0000000000000000000, 1.000000000000000000 ) ) ;
#9938 = SURFACE_STYLE_FILL_AREA ( #7478 ) ;
#9940 = FACE_OUTER_BOUND ( 'NONE', #2878, .T. ) ;
#9939 = AXIS2_PLACEMENT_3D ( 'NONE', #8735, #7314, #9479 ) ;
#9941 = EDGE_CURVE ( 'NONE', #3305, #7302, #9037, .T. ) ;
#9942 = EDGE_CURVE ( 'NONE', #5401, #2652, #9982, .T. ) ;
#9943 = EDGE_LOOP ( 'NONE', ( #1679, #1918, #1736, #469, #4953, #5670, #9774, #291, #2958 ) ) ;
#9944 =( LENGTH_UNIT ( ) NAMED_UNIT ( * ) SI_UNIT ( $, .METRE. ) );
#9945 = SURFACE_STYLE_USAGE ( .BOTH. , #7610 ) ;
#9946 =( NAMED_UNIT ( * ) SI_UNIT ( $, .STERADIAN. ) SOLID_ANGLE_UNIT ( ) );
#9947 = DIMENSIONAL_EXPONENTS ( 1.000000000000000000, 0.0000000000000000000, 0.0000000000000000000, 0.0000000000000000000, 0.0000000000000000000, 0.0000000000000000000, 0.0000000000000000000 ) ;
#9948 = ORIENTED_EDGE ( 'NONE', *, *, #1343, .F. ) ;
#9949 =( NAMED_UNIT ( * ) PLANE_ANGLE_UNIT ( ) SI_UNIT ( $, .RADIAN. ) );
#9950 = ORIENTED_EDGE ( 'NONE', *, *, #5902, .T. ) ;
#9951 = AXIS2_PLACEMENT_3D ( 'NONE', #6734, #8321, #527 ) ;
#9952 = STYLED_ITEM ( 'NONE', ( #7104 ), #3767 ) ;
#9953 = COLOUR_RGB ( '',0.9294117647058823817, 0.7607843137254901578, 0.4784313725490195734 ) ;
#9954 = PRESENTATION_LAYER_ASSIGNMENT (  '', '', ( #8933 ) ) ;
#9955 = ORIENTED_EDGE ( 'NONE', *, *, #6989, .F. ) ;
#9956 = CARTESIAN_POINT ( 'NONE',  ( -0.1849999999999999145, -0.05600000000000000810, 0.2505000000000000004 ) ) ;
#9957 = CARTESIAN_POINT ( 'NONE',  ( -0.2609115348192674322, 0.09550000000000004319, -0.2195000000000000007 ) ) ;
#9958 =( CONVERSION_BASED_UNIT ( 'INCH', #8182 ) LENGTH_UNIT ( ) NAMED_UNIT ( #165 ) );
#9959 = UNCERTAINTY_MEASURE_WITH_UNIT (LENGTH_MEASURE( 1.000000000000000082E-05 ), #4687, 'distance_accuracy_value', 'NONE');
#9960 = FILL_AREA_STYLE ('',( #9869 ) ) ;
#9961 = SURFACE_SIDE_STYLE ('',( #1802 ) ) ;
#9962 = VERTEX_POINT ( 'NONE', #6505 ) ;
#9963 = DIRECTION ( 'NONE',  ( 0.0000000000000000000, 0.0000000000000000000, 1.000000000000000000 ) ) ;
#9964 = ORIENTED_EDGE ( 'NONE', *, *, #8716, .F. ) ;
#9965 = MECHANICAL_DESIGN_GEOMETRIC_PRESENTATION_REPRESENTATION (  '', ( #9132 ), #7754 ) ;
#9966 =( GEOMETRIC_REPRESENTATION_CONTEXT ( 3 ) GLOBAL_UNCERTAINTY_ASSIGNED_CONTEXT ( ( #703 ) ) GLOBAL_UNIT_ASSIGNED_CONTEXT ( ( #367, #9769, #6572 ) ) REPRESENTATION_CONTEXT ( 'NONE', 'WORKASPACE' ) );
#9967 = LINE ( 'NONE', #3039, #1183 ) ;
#9968 = STYLED_ITEM ( 'NONE', ( #7605 ), #2633 ) ;
#9969 = CARTESIAN_POINT ( 'NONE',  ( 0.2459999999999999964, 0.05600000000000000810, -0.2195000000000000007 ) ) ;
#9970 =( LENGTH_UNIT ( ) NAMED_UNIT ( * ) SI_UNIT ( $, .METRE. ) );
#9971 = CARTESIAN_POINT ( 'NONE',  ( -0.1309999999999999776, 0.05599999999999999423, -0.2795000000000000262 ) ) ;
#9972 = FILL_AREA_STYLE ('',( #623 ) ) ;
#9973 = LINE ( 'NONE', #2907, #7063 ) ;
#9974 = ORIENTED_EDGE ( 'NONE', *, *, #774, .T. ) ;
#9975 = AXIS2_PLACEMENT_3D ( 'NONE', #2539, #4122, #7197 ) ;
#9976 = EDGE_CURVE ( 'NONE', #2060, #1383, #4390, .T. ) ;
#9977 = CARTESIAN_POINT ( 'NONE',  ( -0.5450000000000000400, 0.2470000000000000806, 0.01949999999999999997 ) ) ;
#9978 = UNCERTAINTY_MEASURE_WITH_UNIT (LENGTH_MEASURE( 1.000000000000000082E-05 ), #1738, 'distance_accuracy_value', 'NONE');
#9979 = PLANE ( 'NONE',  #1771 ) ;
#9980 = FILL_AREA_STYLE ('',( #4594 ) ) ;
#9981 = EDGE_LOOP ( 'NONE', ( #3186, #7845, #783, #1253 ) ) ;
#9982 = LINE ( 'NONE', #913, #8783 ) ;
#9983 = DIMENSIONAL_EXPONENTS ( 1.000000000000000000, 0.0000000000000000000, 0.0000000000000000000, 0.0000000000000000000, 0.0000000000000000000, 0.0000000000000000000, 0.0000000000000000000 ) ;
#9984 = DIRECTION ( 'NONE',  ( -1.000000000000000000, 0.0000000000000000000, 0.0000000000000000000 ) ) ;
#9985 = CIRCLE ( 'NONE', #7573, 0.01999999999999999001 ) ;
#9986 = CARTESIAN_POINT ( 'NONE',  ( -0.2200000000000000011, 0.05600000000000000810, -0.03565432893255038316 ) ) ;
#9987 = VECTOR ( 'NONE', #6978, 39.37007874015748143 ) ;
#9988 = ORIENTED_EDGE ( 'NONE', *, *, #7356, .F. ) ;
#9989 = MECHANICAL_DESIGN_GEOMETRIC_PRESENTATION_REPRESENTATION (  '', ( #5703 ), #9483 ) ;
#9990 = EDGE_CURVE ( 'NONE', #8429, #1799, #8406, .T. ) ;
#9991 = EDGE_CURVE ( 'NONE', #9770, #5713, #2668, .T. ) ;
#9992 = SURFACE_STYLE_USAGE ( .BOTH. , #9222 ) ;
#9993 = TOROIDAL_SURFACE ( 'NONE', #2321, 0.09999999999999999167, 0.02000000000000000042 ) ;
#9994 = CARTESIAN_POINT ( 'NONE',  ( 0.05249999999999998418, -0.05600000000000000810, 0.01949999999999999997 ) ) ;
#9995 = ORIENTED_EDGE ( 'NONE', *, *, #2416, .T. ) ;
#9996 = COLOUR_RGB ( '',0.9294117647058823817, 0.7607843137254901578, 0.4784313725490195734 ) ;
#9997 = CARTESIAN_POINT ( 'NONE',  ( 0.2344521488927472919, 0.1105752036591881177, 0.2484999999999999987 ) ) ;
#9998 = SURFACE_STYLE_FILL_AREA ( #4383 ) ;
#9999 = CARTESIAN_POINT ( 'NONE',  ( -0.2296102387597409034, -0.05639076654123065940, 0.2504999999999998894 ) ) ;
#10000 =( LENGTH_UNIT ( ) NAMED_UNIT ( * ) SI_UNIT ( $, .METRE. ) );
#10001 = CARTESIAN_POINT ( 'NONE',  ( -0.2104510888804048685, -0.1555000000000000271, -0.2195000000000000839 ) ) ;
#10002 = CARTESIAN_POINT ( 'NONE',  ( -0.2220853575575425509, -0.06389802300509414557, 0.2484999999999998876 ) ) ;
#10003 = COLOUR_RGB ( '',1.000000000000000000, 1.000000000000000000, 0.0000000000000000000 ) ;
#10004 = MECHANICAL_DESIGN_GEOMETRIC_PRESENTATION_REPRESENTATION (  '', ( #6237 ), #5715 ) ;
#10005 = CIRCLE ( 'NONE', #5208, 0.05999999999999997696 ) ;
#10006 = AXIS2_PLACEMENT_3D ( 'NONE', #3654, #3688, #8455 ) ;
#10007 = ORIENTED_EDGE ( 'NONE', *, *, #6772, .F. ) ;
#10008 = PRESENTATION_STYLE_ASSIGNMENT (( #8545 ) ) ;
#10009 =( CONVERSION_BASED_UNIT ( 'INCH', #5783 ) LENGTH_UNIT ( ) NAMED_UNIT ( #4043 ) );
#10010 = LINE ( 'NONE', #1225, #4185 ) ;
#10011 =( NAMED_UNIT ( * ) SI_UNIT ( $, .STERADIAN. ) SOLID_ANGLE_UNIT ( ) );
#10012 = LENGTH_MEASURE_WITH_UNIT ( LENGTH_MEASURE( 0.02539999999999999897 ), #5465 );
#10013 = LENGTH_MEASURE_WITH_UNIT ( LENGTH_MEASURE( 0.02539999999999999897 ), #7577 );
#10014 = DIRECTION ( 'NONE',  ( -1.000000000000000000, 0.0000000000000000000, 0.0000000000000000000 ) ) ;
#10015 = DIRECTION ( 'NONE',  ( 0.0000000000000000000, 0.0000000000000000000, 1.000000000000000000 ) ) ;
#10016 = DIRECTION ( 'NONE',  ( -1.000000000000000000, 0.0000000000000000000, 0.0000000000000000000 ) ) ;
#10017 = AXIS2_PLACEMENT_3D ( 'NONE', #7483, #1964, #6596 ) ;
#10018 = ORIENTED_EDGE ( 'NONE', *, *, #2765, .T. ) ;
#10019 = AXIS2_PLACEMENT_3D ( 'NONE', #3860, #2284, #1476 ) ;
#10020 = UNCERTAINTY_MEASURE_WITH_UNIT (LENGTH_MEASURE( 1.000000000000000082E-05 ), #5913, 'distance_accuracy_value', 'NONE');
#10021 = CARTESIAN_POINT ( 'NONE',  ( -0.2193920883913222930, -0.06145915260545121300, 0.2485000000000000819 ) ) ;
#10022 = STYLED_ITEM ( 'NONE', ( #8792 ), #1482 ) ;
#10023 = CARTESIAN_POINT ( 'NONE',  ( -0.1900000000000000300, 0.05599999999999999423, -0.2795000000000000262 ) ) ;
#10024 =( LENGTH_UNIT ( ) NAMED_UNIT ( * ) SI_UNIT ( $, .METRE. ) );
#10025 = ADVANCED_FACE ( 'NONE', ( #8525 ), #401, .F. ) ;
#10026 = FACE_BOUND ( 'NONE', #7502, .T. ) ;
#10028 = ORIENTED_EDGE ( 'NONE', *, *, #4572, .F. ) ;
#10027 = SURFACE_STYLE_FILL_AREA ( #1905 ) ;
#10029 = CARTESIAN_POINT ( 'NONE',  ( 0.2439518268695001213, 0.1089371651502467064, 0.2484999999999999987 ) ) ;
#10030 = ORIENTED_EDGE ( 'NONE', *, *, #3113, .F. ) ;
#10031 = DIRECTION ( 'NONE',  ( -0.9848077530122077983, 0.1736481776669317745, 0.0000000000000000000 ) ) ;
#10032 = CARTESIAN_POINT ( 'NONE',  ( 0.3593923101204883341, 0.07813518223330681578, -0.1694999999999999840 ) ) ;
#10033 = PRESENTATION_STYLE_ASSIGNMENT (( #8375 ) ) ;
#10034 = AXIS2_PLACEMENT_3D ( 'NONE', #2003, #1890, #1083 ) ;
#10035 = EDGE_CURVE ( 'NONE', #1078, #1190, #897, .T. ) ;
#10036 = SURFACE_STYLE_FILL_AREA ( #9540 ) ;
#10037 = MECHANICAL_DESIGN_GEOMETRIC_PRESENTATION_REPRESENTATION (  '', ( #4118 ), #7329 ) ;
#10039 = VERTEX_POINT ( 'NONE', #9729 ) ;
#10038 = SURFACE_STYLE_FILL_AREA ( #8028 ) ;
#10040 = ADVANCED_FACE ( 'NONE', ( #2255 ), #4206, .F. ) ;
#10041 = ADVANCED_FACE ( 'NONE', ( #9832 ), #1384, .T. ) ;
#10042 = ORIENTED_EDGE ( 'NONE', *, *, #5288, .F. ) ;
#10043 = DIRECTION ( 'NONE',  ( 0.0000000000000000000, 0.0000000000000000000, 1.000000000000000000 ) ) ;
#10044 = SURFACE_STYLE_FILL_AREA ( #8135 ) ;
#10046 = ORIENTED_EDGE ( 'NONE', *, *, #8365, .F. ) ;
#10045 = FACE_OUTER_BOUND ( 'NONE', #890, .T. ) ;
#10047 = CARTESIAN_POINT ( 'NONE',  ( -0.2215981050265858343, -0.07838255489990669789, 0.2484999999999999987 ) ) ;
#10048 = AXIS2_PLACEMENT_3D ( 'NONE', #4364, #5144, #1887 ) ;
#10049 = EDGE_CURVE ( 'NONE', #5558, #2049, #8259, .T. ) ;
#10050 =( GEOMETRIC_REPRESENTATION_CONTEXT ( 3 ) GLOBAL_UNCERTAINTY_ASSIGNED_CONTEXT ( ( #2659 ) ) GLOBAL_UNIT_ASSIGNED_CONTEXT ( ( #10069, #4516, #4550 ) ) REPRESENTATION_CONTEXT ( 'NONE', 'WORKASPACE' ) );
#10051 = DIRECTION ( 'NONE',  ( 1.000000000000000000, -6.543999663421849787E-17, 0.0000000000000000000 ) ) ;
#10052 = CARTESIAN_POINT ( 'NONE',  ( 0.2104510888804048685, -0.1554999999999999993, 0.2515000000000000013 ) ) ;
#10053 = DIRECTION ( 'NONE',  ( 0.0000000000000000000, -1.000000000000000000, 0.0000000000000000000 ) ) ;
#10054 = CARTESIAN_POINT ( 'NONE',  ( 0.2159999999999999976, 0.05600000000000000810, -0.3395000000000000240 ) ) ;
#10055 = PRESENTATION_STYLE_ASSIGNMENT (( #2 ) ) ;
#10056 = ORIENTED_EDGE ( 'NONE', *, *, #4062, .F. ) ;
#10057 = ORIENTED_EDGE ( 'NONE', *, *, #7785, .T. ) ;
#10058 = COLOUR_RGB ( '',0.0000000000000000000, 0.5019607843137254832, 1.000000000000000000 ) ;
#10059 = DIMENSIONAL_EXPONENTS ( 1.000000000000000000, 0.0000000000000000000, 0.0000000000000000000, 0.0000000000000000000, 0.0000000000000000000, 0.0000000000000000000, 0.0000000000000000000 ) ;
#10060 =( NAMED_UNIT ( * ) PLANE_ANGLE_UNIT ( ) SI_UNIT ( $, .RADIAN. ) );
#10061 = PRESENTATION_LAYER_ASSIGNMENT (  '', '', ( #4650 ) ) ;
#10062 =( NAMED_UNIT ( * ) PLANE_ANGLE_UNIT ( ) SI_UNIT ( $, .RADIAN. ) );
#10063 = EDGE_CURVE ( 'NONE', #3305, #4253, #2983, .T. ) ;
#10064 = AXIS2_PLACEMENT_3D ( 'NONE', #7450, #2751, #5680 ) ;
#10065 = PRESENTATION_STYLE_ASSIGNMENT (( #9044 ) ) ;
#10066 = CARTESIAN_POINT ( 'NONE',  ( -0.05650000000000001549, -0.05600000000000000810, -0.03565432893255038316 ) ) ;
#10067 = ORIENTED_EDGE ( 'NONE', *, *, #9941, .T. ) ;
#10068 = DIRECTION ( 'NONE',  ( 1.826101600042956868E-16, -1.000000000000000000, 0.0000000000000000000 ) ) ;
#10069 =( CONVERSION_BASED_UNIT ( 'INCH', #6529 ) LENGTH_UNIT ( ) NAMED_UNIT ( #3382 ) );
#10070 = CARTESIAN_POINT ( 'NONE',  ( -0.2372587822416878656, -0.05541823819278892532, 0.2484999999999999987 ) ) ;
#10071 = ORIENTED_EDGE ( 'NONE', *, *, #3205, .T. ) ;
#10072 = DIRECTION ( 'NONE',  ( -0.0000000000000000000, -0.0000000000000000000, 1.000000000000000000 ) ) ;
#10073 = SURFACE_STYLE_FILL_AREA ( #5814 ) ;
#10074 = CIRCLE ( 'NONE', #6832, 0.01949999999999987160 ) ;
#10075 = ORIENTED_EDGE ( 'NONE', *, *, #9229, .F. ) ;
#10076 = ORIENTED_EDGE ( 'NONE', *, *, #5040, .T. ) ;
#10077 = CARTESIAN_POINT ( 'NONE',  ( 0.1415000000000000424, -0.05599999999999999423, -0.2013975032409335841 ) ) ;
#10078 = CARTESIAN_POINT ( 'NONE',  ( 0.2609115348192674322, 0.09550000000000004319, 0.2515000000000000013 ) ) ;
#10079 = UNCERTAINTY_MEASURE_WITH_UNIT (LENGTH_MEASURE( 1.000000000000000082E-05 ), #6974, 'distance_accuracy_value', 'NONE');
#10080 = AXIS2_PLACEMENT_3D ( 'NONE', #8040, #1060, #4180 ) ;
#10081 = MECHANICAL_DESIGN_GEOMETRIC_PRESENTATION_REPRESENTATION (  '', ( #3507 ), #4015 ) ;
#10082 = SURFACE_STYLE_FILL_AREA ( #1346 ) ;
#10083 = FILL_AREA_STYLE_COLOUR ( '', #1187 ) ;
#10084 = CARTESIAN_POINT ( 'NONE',  ( 0.2104510888804048685, -0.1555000000000000271, -0.2195000000000000839 ) ) ;
#10085 = CYLINDRICAL_SURFACE ( 'NONE', #1792, 0.02999999999999998848 ) ;
#10086 = ADVANCED_FACE ( 'NONE', ( #8984 ), #4819, .T. ) ;
#10087 = CARTESIAN_POINT ( 'NONE',  ( -0.2200000000000000011, 0.05600000000000000810, -0.3395000000000000240 ) ) ;
#10088 = ADVANCED_FACE ( 'NONE', ( #2243 ), #3244, .F. ) ;
#10089 = PLANE ( 'NONE',  #6458 ) ;
#10090 = SURFACE_STYLE_FILL_AREA ( #8335 ) ;
#10091 = PRESENTATION_STYLE_ASSIGNMENT (( #9281 ) ) ;
#10092 =( GEOMETRIC_REPRESENTATION_CONTEXT ( 3 ) GLOBAL_UNCERTAINTY_ASSIGNED_CONTEXT ( ( #6928 ) ) GLOBAL_UNIT_ASSIGNED_CONTEXT ( ( #6506, #1687, #1797 ) ) REPRESENTATION_CONTEXT ( 'NONE', 'WORKASPACE' ) );
#10093 = EDGE_CURVE ( 'NONE', #2561, #3709, #910, .T. ) ;
#10094 = EDGE_LOOP ( 'NONE', ( #7761, #6368, #7120, #5916, #6831, #6657, #3388, #2814, #4387 ) ) ;
#10095 = B_SPLINE_CURVE_WITH_KNOTS ( 'NONE', 3,
 ( #6861, #5273, #4474, #7508, #1293, #6828, #7569, #5243, #9128, #515, #9874, #8340, #483, #1259, #8279, #3736, #2155, #5970, #617 ),
 .UNSPECIFIED., .F., .F.,
 ( 4, 1, 1, 1, 1, 1, 1, 1, 1, 1, 1, 1, 1, 1, 1, 1, 4 ),
 ( 0.0000000000000000000, 0.07024010624910684286, 0.1377810383236604819, 0.2022781382994814359, 0.2652493801263751672, 0.3267062120892931798, 0.3874492857403296076, 0.4479538536530178194, 0.5093841167997312791, 0.5704959252253949398, 0.6305089817313836997, 0.6895451741904753407, 0.7490025483064409739, 0.8093527413258420067, 0.8708550931277448948, 0.9340936515016329267, 1.000000000000000000 ),
 .UNSPECIFIED. ) ;
#10096 = CARTESIAN_POINT ( 'NONE',  ( -0.2224206715949702540, -0.05219509922506634231, 0.2484999999999999709 ) ) ;
#10097 = MECHANICAL_DESIGN_GEOMETRIC_PRESENTATION_REPRESENTATION (  '', ( #745 ), #2453 ) ;
#10098 =( NAMED_UNIT ( * ) PLANE_ANGLE_UNIT ( ) SI_UNIT ( $, .RADIAN. ) );
#10099 = COLOUR_RGB ( '',0.9294117647058823817, 0.7607843137254901578, 0.4784313725490195734 ) ;
#10100 =( NAMED_UNIT ( * ) PLANE_ANGLE_UNIT ( ) SI_UNIT ( $, .RADIAN. ) );
#10101 = CARTESIAN_POINT ( 'NONE',  ( -0.2347429491188172401, -0.04959451417946984103, 0.2504999999999999449 ) ) ;
#10102 = DIRECTION ( 'NONE',  ( 1.000000000000000000, 0.0000000000000000000, 0.0000000000000000000 ) ) ;
#10104 = ORIENTED_EDGE ( 'NONE', *, *, #8107, .T. ) ;
#10103 = LINE ( 'NONE', #9520, #4018 ) ;
#10105 = CIRCLE ( 'NONE', #9852, 0.05600000000000002892 ) ;
#10106 = EDGE_LOOP ( 'NONE', ( #3171, #7429, #4170, #4371 ) ) ;
#10107 = CYLINDRICAL_SURFACE ( 'NONE', #2719, 0.02999999999999997113 ) ;
#10108 = EDGE_LOOP ( 'NONE', ( #5044, #4492 ) ) ;
#10109 = AXIS2_PLACEMENT_3D ( 'NONE', #7878, #7030, #893 ) ;
#10110 = EDGE_CURVE ( 'NONE', #205, #2561, #7420, .T. ) ;
#10111 = CARTESIAN_POINT ( 'NONE',  ( -0.2374541449753351241, -0.05868230768816104503, 0.2484999999999999154 ) ) ;
#10112 = SURFACE_STYLE_USAGE ( .BOTH. , #7092 ) ;
#10113 = CARTESIAN_POINT ( 'NONE',  ( 0.2609115348192674322, 0.09550000000000004319, -0.03950000000000000039 ) ) ;
#10114 = ORIENTED_EDGE ( 'NONE', *, *, #8206, .F. ) ;
#10115 = SURFACE_STYLE_USAGE ( .BOTH. , #8566 ) ;
#10116 = PRESENTATION_STYLE_ASSIGNMENT (( #7517 ) ) ;
#10117 = EDGE_LOOP ( 'NONE', ( #5421, #2611, #10042, #424, #6730 ) ) ;
#10118 = CARTESIAN_POINT ( 'NONE',  ( -0.2296873321727826989, -0.05787974965674244632, 0.2485000000000000264 ) ) ;
#10119 =( NAMED_UNIT ( * ) PLANE_ANGLE_UNIT ( ) SI_UNIT ( $, .RADIAN. ) );
#10120 = DIRECTION ( 'NONE',  ( -1.000000000000000000, 0.0000000000000000000, 0.0000000000000000000 ) ) ;
#10121 = DIRECTION ( 'NONE',  ( -0.0000000000000000000, -0.0000000000000000000, 1.000000000000000000 ) ) ;
#10122 = SURFACE_STYLE_FILL_AREA ( #6072 ) ;
#10123 = STYLED_ITEM ( 'NONE', ( #557 ), #7814 ) ;
#10124 = DIRECTION ( 'NONE',  ( 0.0000000000000000000, 0.0000000000000000000, -1.000000000000000000 ) ) ;
#10125 = FACE_OUTER_BOUND ( 'NONE', #1850, .T. ) ;
#10126 = EDGE_CURVE ( 'NONE', #1916, #1488, #5320, .T. ) ;
#10127 = EDGE_CURVE ( 'NONE', #9468, #7863, #7158, .T. ) ;
#10128 = ORIENTED_EDGE ( 'NONE', *, *, #5120, .F. ) ;
#10129 =( NAMED_UNIT ( * ) PLANE_ANGLE_UNIT ( ) SI_UNIT ( $, .RADIAN. ) );
#10130 =( NAMED_UNIT ( * ) PLANE_ANGLE_UNIT ( ) SI_UNIT ( $, .RADIAN. ) );
#10131 = CARTESIAN_POINT ( 'NONE',  ( 0.2344521488927472919, 0.1027971337473291280, 0.2484999999999999987 ) ) ;
ENDSEC;
END-ISO-10303-21;
