ISO-10303-21;
HEADER;
FILE_DESCRIPTION(('STEP AP242'),'1');
FILE_NAME('1-2834011-3.stp','2025-01-19T16:13:56',('TraceParts'),('TraceParts S.A.'),'Spatial InterOp 3D',' ',' ');
FILE_SCHEMA(('AP242_MANAGED_MODEL_BASED_3D_ENGINEERING_MIM_LF  {1 0 10303 442 1 1 4}'));
ENDSEC;
DATA;
#1=PRODUCT_DEFINITION_CONTEXT('',#9,'design');
#2=APPLICATION_PROTOCOL_DEFINITION('INTERNATIONAL STANDARD','ap242_managed_model_based_3d_engineering',2014,#9);
#3=PRODUCT_CATEGORY_RELATIONSHIP('NONE','NONE',#10,#11);
#4=SHAPE_DEFINITION_REPRESENTATION(#12,#13);
#5= (GEOMETRIC_REPRESENTATION_CONTEXT(3)GLOBAL_UNCERTAINTY_ASSIGNED_CONTEXT((#16))GLOBAL_UNIT_ASSIGNED_CONTEXT((#18,#19,#20))REPRESENTATION_CONTEXT('NONE','WORKSPACE'));
#9=APPLICATION_CONTEXT('managed model based 3d engineering');
#10=PRODUCT_CATEGORY('part','NONE');
#11=PRODUCT_RELATED_PRODUCT_CATEGORY('detail',' ',(#22));
#12=PRODUCT_DEFINITION_SHAPE('NONE','NONE',#23);
#13=ADVANCED_BREP_SHAPE_REPRESENTATION('1-2834011-3',(#24,#25),#5);
#16=UNCERTAINTY_MEASURE_WITH_UNIT(LENGTH_MEASURE(1.0E-06),#18,'','');
#18= (CONVERSION_BASED_UNIT('MILLIMETRE',#28)LENGTH_UNIT()NAMED_UNIT(#31));
#19= (NAMED_UNIT(#33)PLANE_ANGLE_UNIT()SI_UNIT($,.RADIAN.));
#20= (NAMED_UNIT(#33)SOLID_ANGLE_UNIT()SI_UNIT($,.STERADIAN.));
#22=PRODUCT('1-2834011-3','1-2834011-3','PART-1-2834011-3-DESC',(#39));
#23=PRODUCT_DEFINITION('','NONE',#40,#1);
#24=MANIFOLD_SOLID_BREP('1-2834011-3',#41);
#25=AXIS2_PLACEMENT_3D('',#42,#43,#44);
#28=LENGTH_MEASURE_WITH_UNIT(LENGTH_MEASURE(1.0),#45);
#31=DIMENSIONAL_EXPONENTS(1.0,0.0,0.0,0.0,0.0,0.0,0.0);
#33=DIMENSIONAL_EXPONENTS(0.0,0.0,0.0,0.0,0.0,0.0,0.0);
#39=PRODUCT_CONTEXT('',#9,'mechanical');
#40=PRODUCT_DEFINITION_FORMATION_WITH_SPECIFIED_SOURCE(' ','NONE',#22,.NOT_KNOWN.);
#41=CLOSED_SHELL('',(#46,#47,#48,#49,#50,#51,#52,#53,#54,#55,#56,#57,#58,#59,#60,#61,#62,#63,#64,#65,#66,#67,#68,#69,#70,#71,#72,#73,#74,#75,#76,#77,#78,#79,#80,#81,#82,#83,#84,#85,#86,#87,#88,#89,#90,#91,#92,#93,#94,#95,#96,#97,#98,#99,#100,#101,#102,#103,#104,#105,#106,#107,#108,#109,#110,#111,#112,#113,#114,#115,#116,#117,#118,#119,#120,#121,#122,#123,#124,#125,#126,#127,#128,#129,#130,#131,#132,#133,#134,#135,#136,#137,#138,#139,#140,#141,#142,#143,#144,#145,#146,#147,#148,#149,#150,#151,#152,#153,#154,#155,#156,#157,#158,#159,#160,#161,#162,#163,#164,#165,#166,#167,#168,#169,#170,#171,#172,#173,#174,#175,#176,#177,#178,#179,#180,#181,#182,#183,#184,#185,#186,#187,#188,#189,#190,#191,#192,#193,#194,#195,#196,#197,#198,#199,#200,#201,#202,#203,#204,#205,#206,#207,#208,#209,#210,#211,#212,#213,#214,#215,#216,#217,#218,#219,#220,#221,#222,#223,#224,#225,#226,#227,#228,#229,#230,#231,#232,#233,#234,#235,#236,#237,#238,#239,#240,#241,#242,#243,#244,#245,#246,#247,#248,#249,#250,#251,#252,#253,#254,#255,#256,#257,#258,#259,#260,#261,#262,#263,#264,#265,#266,#267,#268,#269,#270,#271,#272,#273,#274,#275,#276,#277,#278,#279,#280,#281,#282,#283,#284,#285,#286,#287,#288,#289,#290,#291,#292,#293,#294,#295,#296,#297,#298,#299,#300,#301,#302,#303,#304,#305,#306,#307,#308,#309,#310,#311,#312,#313,#314,#315,#316,#317,#318,#319,#320,#321,#322,#323,#324,#325,#326,#327,#328,#329,#330,#331,#332,#333,#334,#335,#336,#337,#338,#339,#340,#341,#342,#343,#344,#345,#346,#347,#348,#349,#350,#351,#352,#353,#354,#355,#356,#357,#358,#359,#360,#361,#362,#363,#364,#365,#366,#367,#368,#369,#370,#371,#372,#373,#374,#375,#376,#377,#378,#379,#380,#381,#382,#383,#384,#385,#386,#387,#388,#389,#390,#391,#392,#393,#394,#395,#396,#397,#398,#399,#400,#401,#402,#403,#404,#405,#406,#407,#408,#409,#410,#411,#412,#413,#414,#415,#416,#417,#418,#419,#420,#421,#422,#423,#424,#425,#426,#427,#428,#429,#430,#431,#432,#433,#434,#435,#436,#437,#438,#439,#440,#441,#442,#443,#444,#445,#446,#447,#448,#449,#450,#451,#452,#453,#454,#455,#456,#457,#458,#459,#460,#461,#462,#463,#464,#465,#466,#467,#468,#469,#470,#471,#472,#473,#474,#475,#476,#477,#478,#479,#480,#481,#482,#483,#484,#485,#486,#487,#488,#489,#490,#491,#492,#493,#494,#495,#496,#497,#498,#499,#500,#501,#502,#503,#504,#505,#506,#507));
#42=CARTESIAN_POINT('',(0.0,0.0,0.0));
#43=DIRECTION('',(0.0,0.0,1.0));
#44=DIRECTION('',(1.0,0.0,0.0));
#45= (NAMED_UNIT(#31)LENGTH_UNIT()SI_UNIT(.MILLI.,.METRE.));
#46=ADVANCED_FACE('',(#509),#510,.T.);
#47=ADVANCED_FACE('',(#511),#512,.T.);
#48=ADVANCED_FACE('',(#513),#514,.T.);
#49=ADVANCED_FACE('',(#515),#516,.T.);
#50=ADVANCED_FACE('',(#517),#518,.T.);
#51=ADVANCED_FACE('',(#519),#520,.T.);
#52=ADVANCED_FACE('',(#521),#522,.T.);
#53=ADVANCED_FACE('',(#523),#524,.T.);
#54=ADVANCED_FACE('',(#525),#526,.T.);
#55=ADVANCED_FACE('',(#527),#528,.T.);
#56=ADVANCED_FACE('',(#529),#530,.T.);
#57=ADVANCED_FACE('',(#531),#532,.T.);
#58=ADVANCED_FACE('',(#533),#534,.T.);
#59=ADVANCED_FACE('',(#535),#536,.T.);
#60=ADVANCED_FACE('',(#537),#538,.T.);
#61=ADVANCED_FACE('',(#539),#540,.T.);
#62=ADVANCED_FACE('',(#541),#542,.T.);
#63=ADVANCED_FACE('',(#543),#544,.T.);
#64=ADVANCED_FACE('',(#545),#546,.T.);
#65=ADVANCED_FACE('',(#547),#548,.T.);
#66=ADVANCED_FACE('',(#549),#550,.F.);
#67=ADVANCED_FACE('',(#551),#552,.F.);
#68=ADVANCED_FACE('',(#553),#554,.F.);
#69=ADVANCED_FACE('',(#555),#556,.F.);
#70=ADVANCED_FACE('',(#557),#558,.F.);
#71=ADVANCED_FACE('',(#559),#560,.F.);
#72=ADVANCED_FACE('',(#561),#562,.T.);
#73=ADVANCED_FACE('',(#563),#564,.F.);
#74=ADVANCED_FACE('',(#565),#566,.T.);
#75=ADVANCED_FACE('',(#567),#568,.F.);
#76=ADVANCED_FACE('',(#569),#570,.F.);
#77=ADVANCED_FACE('',(#571),#572,.T.);
#78=ADVANCED_FACE('',(#573),#574,.T.);
#79=ADVANCED_FACE('',(#575),#576,.T.);
#80=ADVANCED_FACE('',(#577),#578,.T.);
#81=ADVANCED_FACE('',(#579),#580,.T.);
#82=ADVANCED_FACE('',(#581),#582,.T.);
#83=ADVANCED_FACE('',(#583),#584,.T.);
#84=ADVANCED_FACE('',(#585,#586,#587,#588,#589,#590),#591,.F.);
#85=ADVANCED_FACE('',(#592),#593,.T.);
#86=ADVANCED_FACE('',(#594),#595,.T.);
#87=ADVANCED_FACE('',(#596),#597,.T.);
#88=ADVANCED_FACE('',(#598),#599,.T.);
#89=ADVANCED_FACE('',(#600),#601,.F.);
#90=ADVANCED_FACE('',(#602),#603,.F.);
#91=ADVANCED_FACE('',(#604),#605,.F.);
#92=ADVANCED_FACE('',(#606),#607,.F.);
#93=ADVANCED_FACE('',(#608),#609,.T.);
#94=ADVANCED_FACE('',(#610),#611,.F.);
#95=ADVANCED_FACE('',(#612),#613,.T.);
#96=ADVANCED_FACE('',(#614),#615,.F.);
#97=ADVANCED_FACE('',(#616),#617,.T.);
#98=ADVANCED_FACE('',(#618),#619,.F.);
#99=ADVANCED_FACE('',(#620),#621,.F.);
#100=ADVANCED_FACE('',(#622),#623,.F.);
#101=ADVANCED_FACE('',(#624),#625,.F.);
#102=ADVANCED_FACE('',(#626),#627,.F.);
#103=ADVANCED_FACE('',(#628),#629,.T.);
#104=ADVANCED_FACE('',(#630),#631,.T.);
#105=ADVANCED_FACE('',(#632),#633,.T.);
#106=ADVANCED_FACE('',(#634),#635,.T.);
#107=ADVANCED_FACE('',(#636),#637,.T.);
#108=ADVANCED_FACE('',(#638),#639,.T.);
#109=ADVANCED_FACE('',(#640),#641,.F.);
#110=ADVANCED_FACE('',(#642),#643,.F.);
#111=ADVANCED_FACE('',(#644),#645,.F.);
#112=ADVANCED_FACE('',(#646),#647,.T.);
#113=ADVANCED_FACE('',(#648),#649,.F.);
#114=ADVANCED_FACE('',(#650),#651,.T.);
#115=ADVANCED_FACE('',(#652),#653,.F.);
#116=ADVANCED_FACE('',(#654),#655,.T.);
#117=ADVANCED_FACE('',(#656),#657,.F.);
#118=ADVANCED_FACE('',(#658),#659,.F.);
#119=ADVANCED_FACE('',(#660),#661,.F.);
#120=ADVANCED_FACE('',(#662),#663,.F.);
#121=ADVANCED_FACE('',(#664),#665,.F.);
#122=ADVANCED_FACE('',(#666),#667,.F.);
#123=ADVANCED_FACE('',(#668),#669,.T.);
#124=ADVANCED_FACE('',(#670),#671,.T.);
#125=ADVANCED_FACE('',(#672),#673,.T.);
#126=ADVANCED_FACE('',(#674),#675,.T.);
#127=ADVANCED_FACE('',(#676),#677,.T.);
#128=ADVANCED_FACE('',(#678),#679,.T.);
#129=ADVANCED_FACE('',(#680),#681,.T.);
#130=ADVANCED_FACE('',(#682),#683,.T.);
#131=ADVANCED_FACE('',(#684),#685,.F.);
#132=ADVANCED_FACE('',(#686),#687,.F.);
#133=ADVANCED_FACE('',(#688),#689,.F.);
#134=ADVANCED_FACE('',(#690),#691,.T.);
#135=ADVANCED_FACE('',(#692),#693,.F.);
#136=ADVANCED_FACE('',(#694),#695,.T.);
#137=ADVANCED_FACE('',(#696),#697,.F.);
#138=ADVANCED_FACE('',(#698),#699,.T.);
#139=ADVANCED_FACE('',(#700),#701,.F.);
#140=ADVANCED_FACE('',(#702),#703,.F.);
#141=ADVANCED_FACE('',(#704),#705,.F.);
#142=ADVANCED_FACE('',(#706),#707,.F.);
#143=ADVANCED_FACE('',(#708),#709,.F.);
#144=ADVANCED_FACE('',(#710),#711,.F.);
#145=ADVANCED_FACE('',(#712),#713,.F.);
#146=ADVANCED_FACE('',(#714),#715,.F.);
#147=ADVANCED_FACE('',(#716),#717,.T.);
#148=ADVANCED_FACE('',(#718),#719,.F.);
#149=ADVANCED_FACE('',(#720,#721,#722,#723,#724,#725,#726),#727,.T.);
#150=ADVANCED_FACE('',(#728,#729,#730,#731),#732,.T.);
#151=ADVANCED_FACE('',(#733),#734,.F.);
#152=ADVANCED_FACE('',(#735),#736,.F.);
#153=ADVANCED_FACE('',(#737),#738,.T.);
#154=ADVANCED_FACE('',(#739),#740,.T.);
#155=ADVANCED_FACE('',(#741),#742,.T.);
#156=ADVANCED_FACE('',(#743),#744,.T.);
#157=ADVANCED_FACE('',(#745),#746,.T.);
#158=ADVANCED_FACE('',(#747),#748,.T.);
#159=ADVANCED_FACE('',(#749),#750,.T.);
#160=ADVANCED_FACE('',(#751),#752,.T.);
#161=ADVANCED_FACE('',(#753),#754,.T.);
#162=ADVANCED_FACE('',(#755),#756,.T.);
#163=ADVANCED_FACE('',(#757),#758,.T.);
#164=ADVANCED_FACE('',(#759),#760,.T.);
#165=ADVANCED_FACE('',(#761),#762,.F.);
#166=ADVANCED_FACE('',(#763),#764,.F.);
#167=ADVANCED_FACE('',(#765),#766,.T.);
#168=ADVANCED_FACE('',(#767),#768,.T.);
#169=ADVANCED_FACE('',(#769),#770,.T.);
#170=ADVANCED_FACE('',(#771),#772,.T.);
#171=ADVANCED_FACE('',(#773),#774,.T.);
#172=ADVANCED_FACE('',(#775),#776,.T.);
#173=ADVANCED_FACE('',(#777),#778,.F.);
#174=ADVANCED_FACE('',(#779),#780,.F.);
#175=ADVANCED_FACE('',(#781),#782,.T.);
#176=ADVANCED_FACE('',(#783),#784,.T.);
#177=ADVANCED_FACE('',(#785),#786,.T.);
#178=ADVANCED_FACE('',(#787),#788,.T.);
#179=ADVANCED_FACE('',(#789),#790,.T.);
#180=ADVANCED_FACE('',(#791),#792,.T.);
#181=ADVANCED_FACE('',(#793),#794,.T.);
#182=ADVANCED_FACE('',(#795),#796,.T.);
#183=ADVANCED_FACE('',(#797),#798,.T.);
#184=ADVANCED_FACE('',(#799),#800,.T.);
#185=ADVANCED_FACE('',(#801),#802,.T.);
#186=ADVANCED_FACE('',(#803),#804,.T.);
#187=ADVANCED_FACE('',(#805),#806,.T.);
#188=ADVANCED_FACE('',(#807),#808,.T.);
#189=ADVANCED_FACE('',(#809),#810,.F.);
#190=ADVANCED_FACE('',(#811),#812,.T.);
#191=ADVANCED_FACE('',(#813),#814,.T.);
#192=ADVANCED_FACE('',(#815),#816,.T.);
#193=ADVANCED_FACE('',(#817),#818,.F.);
#194=ADVANCED_FACE('',(#819),#820,.T.);
#195=ADVANCED_FACE('',(#821),#822,.F.);
#196=ADVANCED_FACE('',(#823),#824,.T.);
#197=ADVANCED_FACE('',(#825),#826,.T.);
#198=ADVANCED_FACE('',(#827),#828,.T.);
#199=ADVANCED_FACE('',(#829),#830,.T.);
#200=ADVANCED_FACE('',(#831),#832,.F.);
#201=ADVANCED_FACE('',(#833),#834,.T.);
#202=ADVANCED_FACE('',(#835),#836,.F.);
#203=ADVANCED_FACE('',(#837),#838,.T.);
#204=ADVANCED_FACE('',(#839),#840,.T.);
#205=ADVANCED_FACE('',(#841),#842,.T.);
#206=ADVANCED_FACE('',(#843),#844,.T.);
#207=ADVANCED_FACE('',(#845),#846,.F.);
#208=ADVANCED_FACE('',(#847),#848,.T.);
#209=ADVANCED_FACE('',(#849),#850,.T.);
#210=ADVANCED_FACE('',(#851),#852,.T.);
#211=ADVANCED_FACE('',(#853),#854,.T.);
#212=ADVANCED_FACE('',(#855),#856,.F.);
#213=ADVANCED_FACE('',(#857),#858,.T.);
#214=ADVANCED_FACE('',(#859),#860,.F.);
#215=ADVANCED_FACE('',(#861),#862,.F.);
#216=ADVANCED_FACE('',(#863),#864,.T.);
#217=ADVANCED_FACE('',(#865),#866,.T.);
#218=ADVANCED_FACE('',(#867),#868,.T.);
#219=ADVANCED_FACE('',(#869),#870,.T.);
#220=ADVANCED_FACE('',(#871),#872,.F.);
#221=ADVANCED_FACE('',(#873),#874,.T.);
#222=ADVANCED_FACE('',(#875),#876,.T.);
#223=ADVANCED_FACE('',(#877),#878,.T.);
#224=ADVANCED_FACE('',(#879),#880,.T.);
#225=ADVANCED_FACE('',(#881),#882,.F.);
#226=ADVANCED_FACE('',(#883),#884,.T.);
#227=ADVANCED_FACE('',(#885),#886,.F.);
#228=ADVANCED_FACE('',(#887),#888,.F.);
#229=ADVANCED_FACE('',(#889),#890,.F.);
#230=ADVANCED_FACE('',(#891),#892,.F.);
#231=ADVANCED_FACE('',(#893),#894,.F.);
#232=ADVANCED_FACE('',(#895),#896,.T.);
#233=ADVANCED_FACE('',(#897),#898,.T.);
#234=ADVANCED_FACE('',(#899),#900,.T.);
#235=ADVANCED_FACE('',(#901),#902,.T.);
#236=ADVANCED_FACE('',(#903),#904,.T.);
#237=ADVANCED_FACE('',(#905),#906,.F.);
#238=ADVANCED_FACE('',(#907),#908,.T.);
#239=ADVANCED_FACE('',(#909),#910,.F.);
#240=ADVANCED_FACE('',(#911),#912,.F.);
#241=ADVANCED_FACE('',(#913),#914,.T.);
#242=ADVANCED_FACE('',(#915),#916,.T.);
#243=ADVANCED_FACE('',(#917),#918,.T.);
#244=ADVANCED_FACE('',(#919),#920,.T.);
#245=ADVANCED_FACE('',(#921),#922,.T.);
#246=ADVANCED_FACE('',(#923),#924,.T.);
#247=ADVANCED_FACE('',(#925),#926,.T.);
#248=ADVANCED_FACE('',(#927),#928,.T.);
#249=ADVANCED_FACE('',(#929),#930,.T.);
#250=ADVANCED_FACE('',(#931),#932,.T.);
#251=ADVANCED_FACE('',(#933),#934,.T.);
#252=ADVANCED_FACE('',(#935),#936,.T.);
#253=ADVANCED_FACE('',(#937),#938,.F.);
#254=ADVANCED_FACE('',(#939),#940,.F.);
#255=ADVANCED_FACE('',(#941),#942,.F.);
#256=ADVANCED_FACE('',(#943),#944,.T.);
#257=ADVANCED_FACE('',(#945),#946,.T.);
#258=ADVANCED_FACE('',(#947),#948,.T.);
#259=ADVANCED_FACE('',(#949),#950,.T.);
#260=ADVANCED_FACE('',(#951),#952,.T.);
#261=ADVANCED_FACE('',(#953),#954,.F.);
#262=ADVANCED_FACE('',(#955),#956,.T.);
#263=ADVANCED_FACE('',(#957),#958,.F.);
#264=ADVANCED_FACE('',(#959),#960,.F.);
#265=ADVANCED_FACE('',(#961),#962,.T.);
#266=ADVANCED_FACE('',(#963),#964,.T.);
#267=ADVANCED_FACE('',(#965),#966,.T.);
#268=ADVANCED_FACE('',(#967),#968,.F.);
#269=ADVANCED_FACE('',(#969),#970,.T.);
#270=ADVANCED_FACE('',(#971),#972,.T.);
#271=ADVANCED_FACE('',(#973),#974,.F.);
#272=ADVANCED_FACE('',(#975),#976,.T.);
#273=ADVANCED_FACE('',(#977),#978,.T.);
#274=ADVANCED_FACE('',(#979),#980,.T.);
#275=ADVANCED_FACE('',(#981),#982,.T.);
#276=ADVANCED_FACE('',(#983),#984,.T.);
#277=ADVANCED_FACE('',(#985),#986,.T.);
#278=ADVANCED_FACE('',(#987),#988,.T.);
#279=ADVANCED_FACE('',(#989),#990,.T.);
#280=ADVANCED_FACE('',(#991),#992,.T.);
#281=ADVANCED_FACE('',(#993),#994,.T.);
#282=ADVANCED_FACE('',(#995),#996,.T.);
#283=ADVANCED_FACE('',(#997),#998,.T.);
#284=ADVANCED_FACE('',(#999),#1000,.T.);
#285=ADVANCED_FACE('',(#1001),#1002,.T.);
#286=ADVANCED_FACE('',(#1003),#1004,.T.);
#287=ADVANCED_FACE('',(#1005),#1006,.T.);
#288=ADVANCED_FACE('',(#1007),#1008,.T.);
#289=ADVANCED_FACE('',(#1009),#1010,.T.);
#290=ADVANCED_FACE('',(#1011),#1012,.T.);
#291=ADVANCED_FACE('',(#1013),#1014,.T.);
#292=ADVANCED_FACE('',(#1015),#1016,.T.);
#293=ADVANCED_FACE('',(#1017),#1018,.T.);
#294=ADVANCED_FACE('',(#1019),#1020,.T.);
#295=ADVANCED_FACE('',(#1021),#1022,.T.);
#296=ADVANCED_FACE('',(#1023),#1024,.T.);
#297=ADVANCED_FACE('',(#1025),#1026,.T.);
#298=ADVANCED_FACE('',(#1027),#1028,.T.);
#299=ADVANCED_FACE('',(#1029),#1030,.T.);
#300=ADVANCED_FACE('',(#1031),#1032,.T.);
#301=ADVANCED_FACE('',(#1033),#1034,.T.);
#302=ADVANCED_FACE('',(#1035),#1036,.T.);
#303=ADVANCED_FACE('',(#1037),#1038,.T.);
#304=ADVANCED_FACE('',(#1039),#1040,.T.);
#305=ADVANCED_FACE('',(#1041),#1042,.T.);
#306=ADVANCED_FACE('',(#1043),#1044,.T.);
#307=ADVANCED_FACE('',(#1045),#1046,.T.);
#308=ADVANCED_FACE('',(#1047),#1048,.T.);
#309=ADVANCED_FACE('',(#1049),#1050,.T.);
#310=ADVANCED_FACE('',(#1051),#1052,.T.);
#311=ADVANCED_FACE('',(#1053),#1054,.F.);
#312=ADVANCED_FACE('',(#1055),#1056,.T.);
#313=ADVANCED_FACE('',(#1057),#1058,.T.);
#314=ADVANCED_FACE('',(#1059),#1060,.T.);
#315=ADVANCED_FACE('',(#1061),#1062,.T.);
#316=ADVANCED_FACE('',(#1063),#1064,.T.);
#317=ADVANCED_FACE('',(#1065),#1066,.T.);
#318=ADVANCED_FACE('',(#1067),#1068,.T.);
#319=ADVANCED_FACE('',(#1069),#1070,.T.);
#320=ADVANCED_FACE('',(#1071),#1072,.T.);
#321=ADVANCED_FACE('',(#1073),#1074,.T.);
#322=ADVANCED_FACE('',(#1075),#1076,.T.);
#323=ADVANCED_FACE('',(#1077),#1078,.T.);
#324=ADVANCED_FACE('',(#1079),#1080,.T.);
#325=ADVANCED_FACE('',(#1081),#1082,.T.);
#326=ADVANCED_FACE('',(#1083),#1084,.F.);
#327=ADVANCED_FACE('',(#1085),#1086,.F.);
#328=ADVANCED_FACE('',(#1087),#1088,.F.);
#329=ADVANCED_FACE('',(#1089),#1090,.T.);
#330=ADVANCED_FACE('',(#1091),#1092,.T.);
#331=ADVANCED_FACE('',(#1093),#1094,.T.);
#332=ADVANCED_FACE('',(#1095),#1096,.T.);
#333=ADVANCED_FACE('',(#1097),#1098,.T.);
#334=ADVANCED_FACE('',(#1099),#1100,.T.);
#335=ADVANCED_FACE('',(#1101),#1102,.T.);
#336=ADVANCED_FACE('',(#1103),#1104,.F.);
#337=ADVANCED_FACE('',(#1105),#1106,.T.);
#338=ADVANCED_FACE('',(#1107),#1108,.T.);
#339=ADVANCED_FACE('',(#1109),#1110,.T.);
#340=ADVANCED_FACE('',(#1111),#1112,.T.);
#341=ADVANCED_FACE('',(#1113),#1114,.T.);
#342=ADVANCED_FACE('',(#1115),#1116,.T.);
#343=ADVANCED_FACE('',(#1117),#1118,.T.);
#344=ADVANCED_FACE('',(#1119),#1120,.T.);
#345=ADVANCED_FACE('',(#1121),#1122,.T.);
#346=ADVANCED_FACE('',(#1123),#1124,.T.);
#347=ADVANCED_FACE('',(#1125),#1126,.T.);
#348=ADVANCED_FACE('',(#1127),#1128,.T.);
#349=ADVANCED_FACE('',(#1129),#1130,.T.);
#350=ADVANCED_FACE('',(#1131),#1132,.T.);
#351=ADVANCED_FACE('',(#1133),#1134,.T.);
#352=ADVANCED_FACE('',(#1135),#1136,.T.);
#353=ADVANCED_FACE('',(#1137),#1138,.T.);
#354=ADVANCED_FACE('',(#1139),#1140,.T.);
#355=ADVANCED_FACE('',(#1141),#1142,.T.);
#356=ADVANCED_FACE('',(#1143),#1144,.T.);
#357=ADVANCED_FACE('',(#1145),#1146,.T.);
#358=ADVANCED_FACE('',(#1147),#1148,.T.);
#359=ADVANCED_FACE('',(#1149),#1150,.T.);
#360=ADVANCED_FACE('',(#1151),#1152,.T.);
#361=ADVANCED_FACE('',(#1153),#1154,.T.);
#362=ADVANCED_FACE('',(#1155),#1156,.T.);
#363=ADVANCED_FACE('',(#1157),#1158,.T.);
#364=ADVANCED_FACE('',(#1159),#1160,.T.);
#365=ADVANCED_FACE('',(#1161),#1162,.T.);
#366=ADVANCED_FACE('',(#1163),#1164,.T.);
#367=ADVANCED_FACE('',(#1165),#1166,.F.);
#368=ADVANCED_FACE('',(#1167),#1168,.T.);
#369=ADVANCED_FACE('',(#1169),#1170,.T.);
#370=ADVANCED_FACE('',(#1171),#1172,.T.);
#371=ADVANCED_FACE('',(#1173),#1174,.T.);
#372=ADVANCED_FACE('',(#1175),#1176,.T.);
#373=ADVANCED_FACE('',(#1177),#1178,.T.);
#374=ADVANCED_FACE('',(#1179),#1180,.T.);
#375=ADVANCED_FACE('',(#1181),#1182,.T.);
#376=ADVANCED_FACE('',(#1183),#1184,.T.);
#377=ADVANCED_FACE('',(#1185),#1186,.T.);
#378=ADVANCED_FACE('',(#1187),#1188,.T.);
#379=ADVANCED_FACE('',(#1189),#1190,.T.);
#380=ADVANCED_FACE('',(#1191),#1192,.T.);
#381=ADVANCED_FACE('',(#1193),#1194,.T.);
#382=ADVANCED_FACE('',(#1195),#1196,.T.);
#383=ADVANCED_FACE('',(#1197),#1198,.T.);
#384=ADVANCED_FACE('',(#1199),#1200,.T.);
#385=ADVANCED_FACE('',(#1201),#1202,.F.);
#386=ADVANCED_FACE('',(#1203),#1204,.T.);
#387=ADVANCED_FACE('',(#1205),#1206,.T.);
#388=ADVANCED_FACE('',(#1207),#1208,.T.);
#389=ADVANCED_FACE('',(#1209),#1210,.T.);
#390=ADVANCED_FACE('',(#1211),#1212,.T.);
#391=ADVANCED_FACE('',(#1213),#1214,.T.);
#392=ADVANCED_FACE('',(#1215),#1216,.T.);
#393=ADVANCED_FACE('',(#1217),#1218,.T.);
#394=ADVANCED_FACE('',(#1219),#1220,.T.);
#395=ADVANCED_FACE('',(#1221),#1222,.T.);
#396=ADVANCED_FACE('',(#1223),#1224,.T.);
#397=ADVANCED_FACE('',(#1225),#1226,.T.);
#398=ADVANCED_FACE('',(#1227),#1228,.T.);
#399=ADVANCED_FACE('',(#1229),#1230,.T.);
#400=ADVANCED_FACE('',(#1231),#1232,.T.);
#401=ADVANCED_FACE('',(#1233),#1234,.T.);
#402=ADVANCED_FACE('',(#1235),#1236,.T.);
#403=ADVANCED_FACE('',(#1237),#1238,.T.);
#404=ADVANCED_FACE('',(#1239),#1240,.T.);
#405=ADVANCED_FACE('',(#1241),#1242,.T.);
#406=ADVANCED_FACE('',(#1243),#1244,.T.);
#407=ADVANCED_FACE('',(#1245),#1246,.T.);
#408=ADVANCED_FACE('',(#1247),#1248,.T.);
#409=ADVANCED_FACE('',(#1249),#1250,.T.);
#410=ADVANCED_FACE('',(#1251),#1252,.T.);
#411=ADVANCED_FACE('',(#1253),#1254,.T.);
#412=ADVANCED_FACE('',(#1255),#1256,.T.);
#413=ADVANCED_FACE('',(#1257),#1258,.T.);
#414=ADVANCED_FACE('',(#1259),#1260,.T.);
#415=ADVANCED_FACE('',(#1261),#1262,.T.);
#416=ADVANCED_FACE('',(#1263),#1264,.T.);
#417=ADVANCED_FACE('',(#1265),#1266,.T.);
#418=ADVANCED_FACE('',(#1267),#1268,.F.);
#419=ADVANCED_FACE('',(#1269),#1270,.T.);
#420=ADVANCED_FACE('',(#1271),#1272,.T.);
#421=ADVANCED_FACE('',(#1273),#1274,.T.);
#422=ADVANCED_FACE('',(#1275),#1276,.T.);
#423=ADVANCED_FACE('',(#1277),#1278,.T.);
#424=ADVANCED_FACE('',(#1279),#1280,.T.);
#425=ADVANCED_FACE('',(#1281),#1282,.T.);
#426=ADVANCED_FACE('',(#1283),#1284,.T.);
#427=ADVANCED_FACE('',(#1285),#1286,.F.);
#428=ADVANCED_FACE('',(#1287),#1288,.T.);
#429=ADVANCED_FACE('',(#1289),#1290,.T.);
#430=ADVANCED_FACE('',(#1291),#1292,.T.);
#431=ADVANCED_FACE('',(#1293),#1294,.T.);
#432=ADVANCED_FACE('',(#1295),#1296,.T.);
#433=ADVANCED_FACE('',(#1297),#1298,.T.);
#434=ADVANCED_FACE('',(#1299),#1300,.T.);
#435=ADVANCED_FACE('',(#1301),#1302,.T.);
#436=ADVANCED_FACE('',(#1303),#1304,.T.);
#437=ADVANCED_FACE('',(#1305),#1306,.T.);
#438=ADVANCED_FACE('',(#1307),#1308,.T.);
#439=ADVANCED_FACE('',(#1309),#1310,.T.);
#440=ADVANCED_FACE('',(#1311),#1312,.T.);
#441=ADVANCED_FACE('',(#1313),#1314,.T.);
#442=ADVANCED_FACE('',(#1315),#1316,.T.);
#443=ADVANCED_FACE('',(#1317),#1318,.T.);
#444=ADVANCED_FACE('',(#1319),#1320,.T.);
#445=ADVANCED_FACE('',(#1321),#1322,.T.);
#446=ADVANCED_FACE('',(#1323),#1324,.T.);
#447=ADVANCED_FACE('',(#1325),#1326,.T.);
#448=ADVANCED_FACE('',(#1327),#1328,.T.);
#449=ADVANCED_FACE('',(#1329),#1330,.T.);
#450=ADVANCED_FACE('',(#1331),#1332,.T.);
#451=ADVANCED_FACE('',(#1333),#1334,.T.);
#452=ADVANCED_FACE('',(#1335),#1336,.T.);
#453=ADVANCED_FACE('',(#1337),#1338,.F.);
#454=ADVANCED_FACE('',(#1339),#1340,.F.);
#455=ADVANCED_FACE('',(#1341),#1342,.F.);
#456=ADVANCED_FACE('',(#1343),#1344,.T.);
#457=ADVANCED_FACE('',(#1345),#1346,.T.);
#458=ADVANCED_FACE('',(#1347),#1348,.T.);
#459=ADVANCED_FACE('',(#1349),#1350,.F.);
#460=ADVANCED_FACE('',(#1351),#1352,.F.);
#461=ADVANCED_FACE('',(#1353),#1354,.T.);
#462=ADVANCED_FACE('',(#1355),#1356,.T.);
#463=ADVANCED_FACE('',(#1357),#1358,.T.);
#464=ADVANCED_FACE('',(#1359),#1360,.F.);
#465=ADVANCED_FACE('',(#1361),#1362,.F.);
#466=ADVANCED_FACE('',(#1363),#1364,.T.);
#467=ADVANCED_FACE('',(#1365),#1366,.T.);
#468=ADVANCED_FACE('',(#1367),#1368,.T.);
#469=ADVANCED_FACE('',(#1369),#1370,.T.);
#470=ADVANCED_FACE('',(#1371),#1372,.T.);
#471=ADVANCED_FACE('',(#1373),#1374,.T.);
#472=ADVANCED_FACE('',(#1375),#1376,.F.);
#473=ADVANCED_FACE('',(#1377),#1378,.F.);
#474=ADVANCED_FACE('',(#1379),#1380,.T.);
#475=ADVANCED_FACE('',(#1381),#1382,.T.);
#476=ADVANCED_FACE('',(#1383),#1384,.T.);
#477=ADVANCED_FACE('',(#1385),#1386,.T.);
#478=ADVANCED_FACE('',(#1387),#1388,.T.);
#479=ADVANCED_FACE('',(#1389),#1390,.F.);
#480=ADVANCED_FACE('',(#1391),#1392,.T.);
#481=ADVANCED_FACE('',(#1393),#1394,.F.);
#482=ADVANCED_FACE('',(#1395),#1396,.F.);
#483=ADVANCED_FACE('',(#1397),#1398,.F.);
#484=ADVANCED_FACE('',(#1399),#1400,.F.);
#485=ADVANCED_FACE('',(#1401),#1402,.T.);
#486=ADVANCED_FACE('',(#1403),#1404,.T.);
#487=ADVANCED_FACE('',(#1405),#1406,.F.);
#488=ADVANCED_FACE('',(#1407),#1408,.F.);
#489=ADVANCED_FACE('',(#1409),#1410,.F.);
#490=ADVANCED_FACE('',(#1411),#1412,.T.);
#491=ADVANCED_FACE('',(#1413),#1414,.T.);
#492=ADVANCED_FACE('',(#1415),#1416,.F.);
#493=ADVANCED_FACE('',(#1417),#1418,.F.);
#494=ADVANCED_FACE('',(#1419),#1420,.F.);
#495=ADVANCED_FACE('',(#1421),#1422,.T.);
#496=ADVANCED_FACE('',(#1423),#1424,.T.);
#497=ADVANCED_FACE('',(#1425),#1426,.F.);
#498=ADVANCED_FACE('',(#1427),#1428,.F.);
#499=ADVANCED_FACE('',(#1429),#1430,.F.);
#500=ADVANCED_FACE('',(#1431),#1432,.T.);
#501=ADVANCED_FACE('',(#1433),#1434,.T.);
#502=ADVANCED_FACE('',(#1435),#1436,.F.);
#503=ADVANCED_FACE('',(#1437),#1438,.F.);
#504=ADVANCED_FACE('',(#1439),#1440,.F.);
#505=ADVANCED_FACE('',(#1441),#1442,.T.);
#506=ADVANCED_FACE('',(#1443),#1444,.T.);
#507=ADVANCED_FACE('',(#1445),#1446,.F.);
#509=FACE_OUTER_BOUND('',#1447,.T.);
#510=TOROIDAL_SURFACE('',#1448,1.462512031042,0.9935306804865);
#511=FACE_OUTER_BOUND('',#1449,.T.);
#512=TOROIDAL_SURFACE('',#1450,1.462512031042,0.9935306804865);
#513=FACE_OUTER_BOUND('',#1451,.T.);
#514=TOROIDAL_SURFACE('',#1452,1.461,0.9940197779441);
#515=FACE_OUTER_BOUND('',#1453,.T.);
#516=TOROIDAL_SURFACE('',#1454,1.461,0.9940197779441);
#517=FACE_OUTER_BOUND('',#1455,.T.);
#518=TOROIDAL_SURFACE('',#1456,1.575,1.0);
#519=FACE_OUTER_BOUND('',#1457,.T.);
#520=TOROIDAL_SURFACE('',#1458,1.575,1.0);
#521=FACE_OUTER_BOUND('',#1459,.T.);
#522=TOROIDAL_SURFACE('',#1460,1.467,0.9940197779441);
#523=FACE_OUTER_BOUND('',#1461,.T.);
#524=TOROIDAL_SURFACE('',#1462,1.467,0.9940197779441);
#525=FACE_OUTER_BOUND('',#1463,.T.);
#526=TOROIDAL_SURFACE('',#1464,1.467,0.9940197779441);
#527=FACE_OUTER_BOUND('',#1465,.T.);
#528=TOROIDAL_SURFACE('',#1466,1.467,0.9940197779441);
#529=FACE_OUTER_BOUND('',#1467,.T.);
#530=TOROIDAL_SURFACE('',#1468,1.466552894651,1.0);
#531=FACE_OUTER_BOUND('',#1469,.T.);
#532=TOROIDAL_SURFACE('',#1470,1.466552894651,1.0);
#533=FACE_OUTER_BOUND('',#1471,.T.);
#534=TOROIDAL_SURFACE('',#1472,1.462512031043,0.9940197781467);
#535=FACE_OUTER_BOUND('',#1473,.T.);
#536=TOROIDAL_SURFACE('',#1474,1.462512031043,0.9940197781467);
#537=FACE_OUTER_BOUND('',#1475,.T.);
#538=TOROIDAL_SURFACE('',#1476,1.575,1.0);
#539=FACE_OUTER_BOUND('',#1477,.T.);
#540=TOROIDAL_SURFACE('',#1478,1.575,1.0);
#541=FACE_OUTER_BOUND('',#1479,.T.);
#542=TOROIDAL_SURFACE('',#1480,1.467,0.9940197779441);
#543=FACE_OUTER_BOUND('',#1481,.T.);
#544=TOROIDAL_SURFACE('',#1482,1.467,0.9940197779441);
#545=FACE_OUTER_BOUND('',#1483,.T.);
#546=TOROIDAL_SURFACE('',#1484,1.467,0.9940197779441);
#547=FACE_OUTER_BOUND('',#1485,.T.);
#548=TOROIDAL_SURFACE('',#1486,1.467,0.9940197779441);
#549=FACE_OUTER_BOUND('',#1487,.T.);
#550=CYLINDRICAL_SURFACE('',#1488,0.2);
#551=FACE_OUTER_BOUND('',#1489,.T.);
#552=CYLINDRICAL_SURFACE('',#1490,0.2);
#553=FACE_OUTER_BOUND('',#1491,.T.);
#554=CYLINDRICAL_SURFACE('',#1492,0.2);
#555=FACE_OUTER_BOUND('',#1493,.T.);
#556=CYLINDRICAL_SURFACE('',#1494,0.3);
#557=FACE_OUTER_BOUND('',#1495,.T.);
#558=CYLINDRICAL_SURFACE('',#1496,0.3);
#559=FACE_OUTER_BOUND('',#1497,.T.);
#560=CYLINDRICAL_SURFACE('',#1498,0.3);
#561=FACE_OUTER_BOUND('',#1499,.T.);
#562=CYLINDRICAL_SURFACE('',#1500,1.05);
#563=FACE_OUTER_BOUND('',#1501,.T.);
#564=CYLINDRICAL_SURFACE('',#1502,0.65);
#565=FACE_OUTER_BOUND('',#1503,.T.);
#566=CYLINDRICAL_SURFACE('',#1504,1.05);
#567=FACE_OUTER_BOUND('',#1505,.T.);
#568=CYLINDRICAL_SURFACE('',#1506,0.65);
#569=FACE_OUTER_BOUND('',#1507,.T.);
#570=CYLINDRICAL_SURFACE('',#1508,1.05);
#571=FACE_OUTER_BOUND('',#1509,.T.);
#572=CYLINDRICAL_SURFACE('',#1510,1.45);
#573=FACE_OUTER_BOUND('',#1511,.T.);
#574=CYLINDRICAL_SURFACE('',#1512,0.249);
#575=FACE_OUTER_BOUND('',#1513,.T.);
#576=CYLINDRICAL_SURFACE('',#1514,0.249);
#577=FACE_OUTER_BOUND('',#1515,.T.);
#578=CYLINDRICAL_SURFACE('',#1516,0.249);
#579=FACE_OUTER_BOUND('',#1517,.T.);
#580=CYLINDRICAL_SURFACE('',#1518,0.249);
#581=FACE_OUTER_BOUND('',#1519,.T.);
#582=CYLINDRICAL_SURFACE('',#1520,0.249);
#583=FACE_OUTER_BOUND('',#1521,.T.);
#584=CYLINDRICAL_SURFACE('',#1522,0.249);
#585=FACE_OUTER_BOUND('',#1523,.T.);
#586=FACE_BOUND('',#1524,.T.);
#587=FACE_BOUND('',#1525,.T.);
#588=FACE_BOUND('',#1526,.T.);
#589=FACE_BOUND('',#1527,.T.);
#590=FACE_BOUND('',#1528,.T.);
#591=PLANE('',#1529);
#592=FACE_OUTER_BOUND('',#1530,.T.);
#593=PLANE('',#1531);
#594=FACE_OUTER_BOUND('',#1532,.T.);
#595=PLANE('',#1533);
#596=FACE_OUTER_BOUND('',#1534,.T.);
#597=PLANE('',#1535);
#598=FACE_OUTER_BOUND('',#1536,.T.);
#599=PLANE('',#1537);
#600=FACE_OUTER_BOUND('',#1538,.T.);
#601=PLANE('',#1539);
#602=FACE_OUTER_BOUND('',#1540,.T.);
#603=CYLINDRICAL_SURFACE('',#1541,1.475);
#604=FACE_OUTER_BOUND('',#1542,.T.);
#605=CYLINDRICAL_SURFACE('',#1543,1.475);
#606=FACE_OUTER_BOUND('',#1544,.T.);
#607=PLANE('',#1545);
#608=FACE_OUTER_BOUND('',#1546,.T.);
#609=PLANE('',#1547);
#610=FACE_OUTER_BOUND('',#1548,.T.);
#611=PLANE('',#1549);
#612=FACE_OUTER_BOUND('',#1550,.T.);
#613=PLANE('',#1551);
#614=FACE_OUTER_BOUND('',#1552,.T.);
#615=PLANE('',#1553);
#616=FACE_OUTER_BOUND('',#1554,.T.);
#617=PLANE('',#1555);
#618=FACE_OUTER_BOUND('',#1556,.T.);
#619=PLANE('',#1557);
#620=FACE_OUTER_BOUND('',#1558,.T.);
#621=PLANE('',#1559);
#622=FACE_OUTER_BOUND('',#1560,.T.);
#623=PLANE('',#1561);
#624=FACE_OUTER_BOUND('',#1562,.T.);
#625=PLANE('',#1563);
#626=FACE_OUTER_BOUND('',#1564,.T.);
#627=PLANE('',#1565);
#628=FACE_OUTER_BOUND('',#1566,.T.);
#629=PLANE('',#1567);
#630=FACE_OUTER_BOUND('',#1568,.T.);
#631=CYLINDRICAL_SURFACE('',#1569,0.5);
#632=FACE_OUTER_BOUND('',#1570,.T.);
#633=CYLINDRICAL_SURFACE('',#1571,0.5);
#634=FACE_OUTER_BOUND('',#1572,.T.);
#635=CYLINDRICAL_SURFACE('',#1573,0.5);
#636=FACE_OUTER_BOUND('',#1574,.T.);
#637=CYLINDRICAL_SURFACE('',#1575,0.5);
#638=FACE_OUTER_BOUND('',#1576,.T.);
#639=PLANE('',#1577);
#640=FACE_OUTER_BOUND('',#1578,.T.);
#641=CYLINDRICAL_SURFACE('',#1579,1.475);
#642=FACE_OUTER_BOUND('',#1580,.T.);
#643=CYLINDRICAL_SURFACE('',#1581,1.475);
#644=FACE_OUTER_BOUND('',#1582,.T.);
#645=PLANE('',#1583);
#646=FACE_OUTER_BOUND('',#1584,.T.);
#647=PLANE('',#1585);
#648=FACE_OUTER_BOUND('',#1586,.T.);
#649=PLANE('',#1587);
#650=FACE_OUTER_BOUND('',#1588,.T.);
#651=PLANE('',#1589);
#652=FACE_OUTER_BOUND('',#1590,.T.);
#653=PLANE('',#1591);
#654=FACE_OUTER_BOUND('',#1592,.T.);
#655=PLANE('',#1593);
#656=FACE_OUTER_BOUND('',#1594,.T.);
#657=PLANE('',#1595);
#658=FACE_OUTER_BOUND('',#1596,.T.);
#659=PLANE('',#1597);
#660=FACE_OUTER_BOUND('',#1598,.T.);
#661=PLANE('',#1599);
#662=FACE_OUTER_BOUND('',#1600,.T.);
#663=PLANE('',#1601);
#664=FACE_OUTER_BOUND('',#1602,.T.);
#665=PLANE('',#1603);
#666=FACE_OUTER_BOUND('',#1604,.T.);
#667=PLANE('',#1605);
#668=FACE_OUTER_BOUND('',#1606,.T.);
#669=PLANE('',#1607);
#670=FACE_OUTER_BOUND('',#1608,.T.);
#671=PLANE('',#1609);
#672=FACE_OUTER_BOUND('',#1610,.T.);
#673=PLANE('',#1611);
#674=FACE_OUTER_BOUND('',#1612,.T.);
#675=CYLINDRICAL_SURFACE('',#1613,0.5);
#676=FACE_OUTER_BOUND('',#1614,.T.);
#677=CYLINDRICAL_SURFACE('',#1615,0.5);
#678=FACE_OUTER_BOUND('',#1616,.T.);
#679=CYLINDRICAL_SURFACE('',#1617,0.5);
#680=FACE_OUTER_BOUND('',#1618,.T.);
#681=CYLINDRICAL_SURFACE('',#1619,0.5);
#682=FACE_OUTER_BOUND('',#1620,.T.);
#683=PLANE('',#1621);
#684=FACE_OUTER_BOUND('',#1622,.T.);
#685=CYLINDRICAL_SURFACE('',#1623,1.475);
#686=FACE_OUTER_BOUND('',#1624,.T.);
#687=CYLINDRICAL_SURFACE('',#1625,1.475);
#688=FACE_OUTER_BOUND('',#1626,.T.);
#689=PLANE('',#1627);
#690=FACE_OUTER_BOUND('',#1628,.T.);
#691=PLANE('',#1629);
#692=FACE_OUTER_BOUND('',#1630,.T.);
#693=PLANE('',#1631);
#694=FACE_OUTER_BOUND('',#1632,.T.);
#695=PLANE('',#1633);
#696=FACE_OUTER_BOUND('',#1634,.T.);
#697=PLANE('',#1635);
#698=FACE_OUTER_BOUND('',#1636,.T.);
#699=PLANE('',#1637);
#700=FACE_OUTER_BOUND('',#1638,.T.);
#701=PLANE('',#1639);
#702=FACE_OUTER_BOUND('',#1640,.T.);
#703=PLANE('',#1641);
#704=FACE_OUTER_BOUND('',#1642,.T.);
#705=PLANE('',#1643);
#706=FACE_OUTER_BOUND('',#1644,.T.);
#707=PLANE('',#1645);
#708=FACE_OUTER_BOUND('',#1646,.T.);
#709=PLANE('',#1647);
#710=FACE_OUTER_BOUND('',#1648,.T.);
#711=PLANE('',#1649);
#712=FACE_OUTER_BOUND('',#1650,.T.);
#713=PLANE('',#1651);
#714=FACE_OUTER_BOUND('',#1652,.T.);
#715=PLANE('',#1653);
#716=FACE_OUTER_BOUND('',#1654,.T.);
#717=PLANE('',#1655);
#718=FACE_OUTER_BOUND('',#1656,.T.);
#719=PLANE('',#1657);
#720=FACE_OUTER_BOUND('',#1658,.T.);
#721=FACE_BOUND('',#1659,.T.);
#722=FACE_BOUND('',#1660,.T.);
#723=FACE_BOUND('',#1661,.T.);
#724=FACE_BOUND('',#1662,.T.);
#725=FACE_BOUND('',#1663,.T.);
#726=FACE_BOUND('',#1664,.T.);
#727=PLANE('',#1665);
#728=FACE_OUTER_BOUND('',#1666,.T.);
#729=FACE_BOUND('',#1667,.T.);
#730=FACE_BOUND('',#1668,.T.);
#731=FACE_BOUND('',#1669,.T.);
#732=PLANE('',#1670);
#733=FACE_OUTER_BOUND('',#1671,.T.);
#734=PLANE('',#1672);
#735=FACE_OUTER_BOUND('',#1673,.T.);
#736=PLANE('',#1674);
#737=FACE_OUTER_BOUND('',#1675,.T.);
#738=CYLINDRICAL_SURFACE('',#1676,0.25);
#739=FACE_OUTER_BOUND('',#1677,.T.);
#740=PLANE('',#1678);
#741=FACE_OUTER_BOUND('',#1679,.T.);
#742=CYLINDRICAL_SURFACE('',#1680,0.249);
#743=FACE_OUTER_BOUND('',#1681,.T.);
#744=PLANE('',#1682);
#745=FACE_OUTER_BOUND('',#1683,.T.);
#746=PLANE('',#1684);
#747=FACE_OUTER_BOUND('',#1685,.T.);
#748=PLANE('',#1686);
#749=FACE_OUTER_BOUND('',#1687,.T.);
#750=PLANE('',#1688);
#751=FACE_OUTER_BOUND('',#1689,.T.);
#752=PLANE('',#1690);
#753=FACE_OUTER_BOUND('',#1691,.T.);
#754=CYLINDRICAL_SURFACE('',#1692,0.5);
#755=FACE_OUTER_BOUND('',#1693,.T.);
#756=PLANE('',#1694);
#757=FACE_OUTER_BOUND('',#1695,.T.);
#758=CYLINDRICAL_SURFACE('',#1696,0.5);
#759=FACE_OUTER_BOUND('',#1697,.T.);
#760=CYLINDRICAL_SURFACE('',#1698,0.25);
#761=FACE_OUTER_BOUND('',#1699,.T.);
#762=PLANE('',#1700);
#763=FACE_OUTER_BOUND('',#1701,.T.);
#764=PLANE('',#1702);
#765=FACE_OUTER_BOUND('',#1703,.T.);
#766=CYLINDRICAL_SURFACE('',#1704,0.25);
#767=FACE_OUTER_BOUND('',#1705,.T.);
#768=PLANE('',#1706);
#769=FACE_OUTER_BOUND('',#1707,.T.);
#770=CYLINDRICAL_SURFACE('',#1708,0.25);
#771=FACE_OUTER_BOUND('',#1709,.T.);
#772=PLANE('',#1710);
#773=FACE_OUTER_BOUND('',#1711,.T.);
#774=CYLINDRICAL_SURFACE('',#1712,0.249);
#775=FACE_OUTER_BOUND('',#1713,.T.);
#776=CYLINDRICAL_SURFACE('',#1714,0.25);
#777=FACE_OUTER_BOUND('',#1715,.T.);
#778=PLANE('',#1716);
#779=FACE_OUTER_BOUND('',#1717,.T.);
#780=PLANE('',#1718);
#781=FACE_OUTER_BOUND('',#1719,.T.);
#782=CYLINDRICAL_SURFACE('',#1720,0.25);
#783=FACE_OUTER_BOUND('',#1721,.T.);
#784=PLANE('',#1722);
#785=FACE_OUTER_BOUND('',#1723,.T.);
#786=CYLINDRICAL_SURFACE('',#1724,0.249);
#787=FACE_OUTER_BOUND('',#1725,.T.);
#788=PLANE('',#1726);
#789=FACE_OUTER_BOUND('',#1727,.T.);
#790=PLANE('',#1728);
#791=FACE_OUTER_BOUND('',#1729,.T.);
#792=CYLINDRICAL_SURFACE('',#1730,0.249);
#793=FACE_OUTER_BOUND('',#1731,.T.);
#794=PLANE('',#1732);
#795=FACE_OUTER_BOUND('',#1733,.T.);
#796=CYLINDRICAL_SURFACE('',#1734,0.5);
#797=FACE_OUTER_BOUND('',#1735,.T.);
#798=PLANE('',#1736);
#799=FACE_OUTER_BOUND('',#1737,.T.);
#800=PLANE('',#1738);
#801=FACE_OUTER_BOUND('',#1739,.T.);
#802=PLANE('',#1740);
#803=FACE_OUTER_BOUND('',#1741,.T.);
#804=CYLINDRICAL_SURFACE('',#1742,0.249);
#805=FACE_OUTER_BOUND('',#1743,.T.);
#806=CYLINDRICAL_SURFACE('',#1744,0.249);
#807=FACE_OUTER_BOUND('',#1745,.T.);
#808=PLANE('',#1746);
#809=FACE_OUTER_BOUND('',#1747,.T.);
#810=PLANE('',#1748);
#811=FACE_OUTER_BOUND('',#1749,.T.);
#812=PLANE('',#1750);
#813=FACE_OUTER_BOUND('',#1751,.T.);
#814=PLANE('',#1752);
#815=FACE_OUTER_BOUND('',#1753,.T.);
#816=PLANE('',#1754);
#817=FACE_OUTER_BOUND('',#1755,.T.);
#818=CYLINDRICAL_SURFACE('',#1756,0.6);
#819=FACE_OUTER_BOUND('',#1757,.T.);
#820=CYLINDRICAL_SURFACE('',#1758,1.45);
#821=FACE_OUTER_BOUND('',#1759,.T.);
#822=CYLINDRICAL_SURFACE('',#1760,0.6);
#823=FACE_OUTER_BOUND('',#1761,.T.);
#824=PLANE('',#1762);
#825=FACE_OUTER_BOUND('',#1763,.T.);
#826=CYLINDRICAL_SURFACE('',#1764,0.2);
#827=FACE_OUTER_BOUND('',#1765,.T.);
#828=PLANE('',#1766);
#829=FACE_OUTER_BOUND('',#1767,.T.);
#830=CYLINDRICAL_SURFACE('',#1768,1.0);
#831=FACE_OUTER_BOUND('',#1769,.T.);
#832=CYLINDRICAL_SURFACE('',#1770,1.05);
#833=FACE_OUTER_BOUND('',#1771,.T.);
#834=CYLINDRICAL_SURFACE('',#1772,1.0);
#835=FACE_OUTER_BOUND('',#1773,.T.);
#836=PLANE('',#1774);
#837=FACE_OUTER_BOUND('',#1775,.T.);
#838=PLANE('',#1776);
#839=FACE_OUTER_BOUND('',#1777,.T.);
#840=PLANE('',#1778);
#841=FACE_OUTER_BOUND('',#1779,.T.);
#842=PLANE('',#1780);
#843=FACE_OUTER_BOUND('',#1781,.T.);
#844=CYLINDRICAL_SURFACE('',#1782,0.6);
#845=FACE_OUTER_BOUND('',#1783,.T.);
#846=CYLINDRICAL_SURFACE('',#1784,0.65);
#847=FACE_OUTER_BOUND('',#1785,.T.);
#848=CYLINDRICAL_SURFACE('',#1786,0.6);
#849=FACE_OUTER_BOUND('',#1787,.T.);
#850=PLANE('',#1788);
#851=FACE_OUTER_BOUND('',#1789,.T.);
#852=CYLINDRICAL_SURFACE('',#1790,0.2);
#853=FACE_OUTER_BOUND('',#1791,.T.);
#854=PLANE('',#1792);
#855=FACE_OUTER_BOUND('',#1793,.T.);
#856=CYLINDRICAL_SURFACE('',#1794,0.2);
#857=FACE_OUTER_BOUND('',#1795,.T.);
#858=CYLINDRICAL_SURFACE('',#1796,1.05);
#859=FACE_OUTER_BOUND('',#1797,.T.);
#860=CYLINDRICAL_SURFACE('',#1798,0.2);
#861=FACE_OUTER_BOUND('',#1799,.T.);
#862=PLANE('',#1800);
#863=FACE_OUTER_BOUND('',#1801,.T.);
#864=PLANE('',#1802);
#865=FACE_OUTER_BOUND('',#1803,.T.);
#866=PLANE('',#1804);
#867=FACE_OUTER_BOUND('',#1805,.T.);
#868=PLANE('',#1806);
#869=FACE_OUTER_BOUND('',#1807,.T.);
#870=CYLINDRICAL_SURFACE('',#1808,0.6);
#871=FACE_OUTER_BOUND('',#1809,.T.);
#872=CYLINDRICAL_SURFACE('',#1810,0.65);
#873=FACE_OUTER_BOUND('',#1811,.T.);
#874=CYLINDRICAL_SURFACE('',#1812,0.6);
#875=FACE_OUTER_BOUND('',#1813,.T.);
#876=PLANE('',#1814);
#877=FACE_OUTER_BOUND('',#1815,.T.);
#878=CYLINDRICAL_SURFACE('',#1816,0.2);
#879=FACE_OUTER_BOUND('',#1817,.T.);
#880=PLANE('',#1818);
#881=FACE_OUTER_BOUND('',#1819,.T.);
#882=CYLINDRICAL_SURFACE('',#1820,0.2);
#883=FACE_OUTER_BOUND('',#1821,.T.);
#884=CYLINDRICAL_SURFACE('',#1822,1.05);
#885=FACE_OUTER_BOUND('',#1823,.T.);
#886=CYLINDRICAL_SURFACE('',#1824,0.2);
#887=FACE_OUTER_BOUND('',#1825,.T.);
#888=CYLINDRICAL_SURFACE('',#1826,1.0);
#889=FACE_OUTER_BOUND('',#1827,.T.);
#890=CYLINDRICAL_SURFACE('',#1828,1.0);
#891=FACE_OUTER_BOUND('',#1829,.T.);
#892=CYLINDRICAL_SURFACE('',#1830,1.0);
#893=FACE_OUTER_BOUND('',#1831,.T.);
#894=PLANE('',#1832);
#895=FACE_OUTER_BOUND('',#1833,.T.);
#896=CYLINDRICAL_SURFACE('',#1834,0.1);
#897=FACE_OUTER_BOUND('',#1835,.T.);
#898=PLANE('',#1836);
#899=FACE_OUTER_BOUND('',#1837,.T.);
#900=PLANE('',#1838);
#901=FACE_OUTER_BOUND('',#1839,.T.);
#902=PLANE('',#1840);
#903=FACE_OUTER_BOUND('',#1841,.T.);
#904=PLANE('',#1842);
#905=FACE_OUTER_BOUND('',#1843,.T.);
#906=PLANE('',#1844);
#907=FACE_OUTER_BOUND('',#1845,.T.);
#908=CYLINDRICAL_SURFACE('',#1846,0.5);
#909=FACE_OUTER_BOUND('',#1847,.T.);
#910=PLANE('',#1848);
#911=FACE_OUTER_BOUND('',#1849,.T.);
#912=PLANE('',#1850);
#913=FACE_OUTER_BOUND('',#1851,.T.);
#914=CYLINDRICAL_SURFACE('',#1852,0.5);
#915=FACE_OUTER_BOUND('',#1853,.T.);
#916=CYLINDRICAL_SURFACE('',#1854,0.5);
#917=FACE_OUTER_BOUND('',#1855,.T.);
#918=CYLINDRICAL_SURFACE('',#1856,0.5);
#919=FACE_OUTER_BOUND('',#1857,.T.);
#920=PLANE('',#1858);
#921=FACE_OUTER_BOUND('',#1859,.T.);
#922=PLANE('',#1860);
#923=FACE_OUTER_BOUND('',#1861,.T.);
#924=PLANE('',#1862);
#925=FACE_OUTER_BOUND('',#1863,.T.);
#926=CYLINDRICAL_SURFACE('',#1864,0.5);
#927=FACE_OUTER_BOUND('',#1865,.T.);
#928=CYLINDRICAL_SURFACE('',#1866,0.5);
#929=FACE_OUTER_BOUND('',#1867,.T.);
#930=CYLINDRICAL_SURFACE('',#1868,0.5);
#931=FACE_OUTER_BOUND('',#1869,.T.);
#932=PLANE('',#1870);
#933=FACE_OUTER_BOUND('',#1871,.T.);
#934=PLANE('',#1872);
#935=FACE_OUTER_BOUND('',#1873,.T.);
#936=PLANE('',#1874);
#937=FACE_OUTER_BOUND('',#1875,.T.);
#938=CYLINDRICAL_SURFACE('',#1876,0.3);
#939=FACE_OUTER_BOUND('',#1877,.T.);
#940=CYLINDRICAL_SURFACE('',#1878,0.3);
#941=FACE_OUTER_BOUND('',#1879,.T.);
#942=CYLINDRICAL_SURFACE('',#1880,0.3);
#943=FACE_OUTER_BOUND('',#1881,.T.);
#944=PLANE('',#1882);
#945=FACE_OUTER_BOUND('',#1883,.T.);
#946=PLANE('',#1884);
#947=FACE_OUTER_BOUND('',#1885,.T.);
#948=PLANE('',#1886);
#949=FACE_OUTER_BOUND('',#1887,.T.);
#950=PLANE('',#1888);
#951=FACE_OUTER_BOUND('',#1889,.T.);
#952=PLANE('',#1890);
#953=FACE_OUTER_BOUND('',#1891,.T.);
#954=PLANE('',#1892);
#955=FACE_OUTER_BOUND('',#1893,.T.);
#956=CYLINDRICAL_SURFACE('',#1894,0.5);
#957=FACE_OUTER_BOUND('',#1895,.T.);
#958=PLANE('',#1896);
#959=FACE_OUTER_BOUND('',#1897,.T.);
#960=PLANE('',#1898);
#961=FACE_OUTER_BOUND('',#1899,.T.);
#962=PLANE('',#1900);
#963=FACE_OUTER_BOUND('',#1901,.T.);
#964=CYLINDRICAL_SURFACE('',#1902,0.1);
#965=FACE_OUTER_BOUND('',#1903,.T.);
#966=TOROIDAL_SURFACE('',#1904,0.25,0.1);
#967=FACE_OUTER_BOUND('',#1905,.T.);
#968=PLANE('',#1906);
#969=FACE_OUTER_BOUND('',#1907,.T.);
#970=CYLINDRICAL_SURFACE('',#1908,0.1);
#971=FACE_OUTER_BOUND('',#1909,.T.);
#972=PLANE('',#1910);
#973=FACE_OUTER_BOUND('',#1911,.T.);
#974=CYLINDRICAL_SURFACE('',#1912,0.15);
#975=FACE_OUTER_BOUND('',#1913,.T.);
#976=TOROIDAL_SURFACE('',#1914,0.25,0.1);
#977=FACE_OUTER_BOUND('',#1915,.T.);
#978=PLANE('',#1916);
#979=FACE_OUTER_BOUND('',#1917,.T.);
#980=CYLINDRICAL_SURFACE('',#1918,0.1);
#981=FACE_OUTER_BOUND('',#1919,.T.);
#982=PLANE('',#1920);
#983=FACE_OUTER_BOUND('',#1921,.T.);
#984=CYLINDRICAL_SURFACE('',#1922,0.1);
#985=FACE_OUTER_BOUND('',#1923,.T.);
#986=TOROIDAL_SURFACE('',#1924,0.3,0.1);
#987=FACE_OUTER_BOUND('',#1925,.T.);
#988=CYLINDRICAL_SURFACE('',#1926,0.1);
#989=FACE_OUTER_BOUND('',#1927,.T.);
#990=(B_SPLINE_SURFACE(3,3,((#1929,#1930,#1931,#1932),(#1933,#1934,#1935,#1936),(#1937,#1938,#1939,#1940),(#1941,#1942,#1943,#1944)),.UNSPECIFIED.,.F.,.F.,.F.)B_SPLINE_SURFACE_WITH_KNOTS((4,4),(4,4),(0.153866911358838,0.846133088880879),(0.0617440672763939,0.931824587533142),.UNSPECIFIED.)RATIONAL_B_SPLINE_SURFACE(((1.27305272953491,1.01390562388436,1.01200414992006,1.26734830764201),(1.15132286472183,0.916955519882247,0.915235865699053,1.14616390217224),(1.15132286476398,0.916955519915819,0.915235865732562,1.14616390221421),(1.27305272966137,1.01390562398507,1.01200415002059,1.2673483077679)))BOUNDED_SURFACE()REPRESENTATION_ITEM('')GEOMETRIC_REPRESENTATION_ITEM()SURFACE());
#991=FACE_OUTER_BOUND('',#1951,.T.);
#992=CYLINDRICAL_SURFACE('',#1952,0.1);
#993=FACE_OUTER_BOUND('',#1953,.T.);
#994=TOROIDAL_SURFACE('',#1954,0.3,0.1);
#995=FACE_OUTER_BOUND('',#1955,.T.);
#996=CYLINDRICAL_SURFACE('',#1956,0.1);
#997=FACE_OUTER_BOUND('',#1957,.T.);
#998=(B_SPLINE_SURFACE(3,3,((#1959,#1960,#1961,#1962),(#1963,#1964,#1965,#1966),(#1967,#1968,#1969,#1970),(#1971,#1972,#1973,#1974)),.UNSPECIFIED.,.F.,.F.,.F.)B_SPLINE_SURFACE_WITH_KNOTS((4,4),(4,4),(0.153866911408377,0.846133088919544),(0.0617440672861563,0.931824587533172),.UNSPECIFIED.)RATIONAL_B_SPLINE_SURFACE(((1.27305272946875,1.01390562383898,1.01200414987768,1.26734830758487),(1.15132286471703,0.916955519884946,0.915235865704387,1.14616390217535),(1.15132286477469,0.91695551993087,0.915235865750225,1.14616390223275),(1.27305272964174,1.01390562397675,1.0120041500152,1.26734830775708)))BOUNDED_SURFACE()REPRESENTATION_ITEM('')GEOMETRIC_REPRESENTATION_ITEM()SURFACE());
#999=FACE_OUTER_BOUND('',#1981,.T.);
#1000=CYLINDRICAL_SURFACE('',#1982,0.1);
#1001=FACE_OUTER_BOUND('',#1983,.T.);
#1002=TOROIDAL_SURFACE('',#1984,0.3,0.1);
#1003=FACE_OUTER_BOUND('',#1985,.T.);
#1004=CYLINDRICAL_SURFACE('',#1986,0.1);
#1005=FACE_OUTER_BOUND('',#1987,.T.);
#1006=SPHERICAL_SURFACE('',#1988,0.1);
#1007=FACE_OUTER_BOUND('',#1989,.T.);
#1008=CYLINDRICAL_SURFACE('',#1990,0.1);
#1009=FACE_OUTER_BOUND('',#1991,.T.);
#1010=PLANE('',#1992);
#1011=FACE_OUTER_BOUND('',#1993,.T.);
#1012=CYLINDRICAL_SURFACE('',#1994,0.1);
#1013=FACE_OUTER_BOUND('',#1995,.T.);
#1014=SPHERICAL_SURFACE('',#1996,0.1);
#1015=FACE_OUTER_BOUND('',#1997,.T.);
#1016=CYLINDRICAL_SURFACE('',#1998,0.1);
#1017=FACE_OUTER_BOUND('',#1999,.T.);
#1018=SPHERICAL_SURFACE('',#2000,0.1);
#1019=FACE_OUTER_BOUND('',#2001,.T.);
#1020=CYLINDRICAL_SURFACE('',#2002,0.1);
#1021=FACE_OUTER_BOUND('',#2003,.T.);
#1022=CYLINDRICAL_SURFACE('',#2004,0.1);
#1023=FACE_OUTER_BOUND('',#2005,.T.);
#1024=SPHERICAL_SURFACE('',#2006,0.1);
#1025=FACE_OUTER_BOUND('',#2007,.T.);
#1026=CYLINDRICAL_SURFACE('',#2008,0.1);
#1027=FACE_OUTER_BOUND('',#2009,.T.);
#1028=TOROIDAL_SURFACE('',#2010,0.3,0.1);
#1029=FACE_OUTER_BOUND('',#2011,.T.);
#1030=CYLINDRICAL_SURFACE('',#2012,0.1);
#1031=FACE_OUTER_BOUND('',#2013,.T.);
#1032=(B_SPLINE_SURFACE(3,3,((#2015,#2016,#2017,#2018),(#2019,#2020,#2021,#2022),(#2023,#2024,#2025,#2026),(#2027,#2028,#2029,#2030)),.UNSPECIFIED.,.F.,.F.,.F.)B_SPLINE_SURFACE_WITH_KNOTS((4,4),(4,4),(0.15386691140839,0.846133088919603),(0.0681754124668269,0.938255932713891),.UNSPECIFIED.)RATIONAL_B_SPLINE_SURFACE(((1.26734830758486,1.01200414987767,1.01390562383897,1.27305272946879),(1.14616390217534,0.915235865704366,0.916955519884938,1.15132286471706),(1.14616390223276,0.915235865750214,0.916955519930872,1.15132286477473),(1.26734830775711,1.01200415001521,1.01390562397678,1.27305272964181)))BOUNDED_SURFACE()REPRESENTATION_ITEM('')GEOMETRIC_REPRESENTATION_ITEM()SURFACE());
#1033=FACE_OUTER_BOUND('',#2037,.T.);
#1034=CYLINDRICAL_SURFACE('',#2038,0.1);
#1035=FACE_OUTER_BOUND('',#2039,.T.);
#1036=TOROIDAL_SURFACE('',#2040,0.3,0.1);
#1037=FACE_OUTER_BOUND('',#2041,.T.);
#1038=CYLINDRICAL_SURFACE('',#2042,0.1);
#1039=FACE_OUTER_BOUND('',#2043,.T.);
#1040=(B_SPLINE_SURFACE(3,3,((#2045,#2046,#2047,#2048),(#2049,#2050,#2051,#2052),(#2053,#2054,#2055,#2056),(#2057,#2058,#2059,#2060)),.UNSPECIFIED.,.F.,.F.,.F.)B_SPLINE_SURFACE_WITH_KNOTS((4,4),(4,4),(0.153866911358777,0.846133088880877),(0.0681754124668538,0.938255932723613),.UNSPECIFIED.)RATIONAL_B_SPLINE_SURFACE(((1.26734830764204,1.01200414992008,1.01390562388438,1.27305272953495),(1.14616390217225,0.915235865699051,0.916955519882247,1.15132286472183),(1.1461639022142,0.915235865732551,0.916955519915809,1.15132286476397),(1.2673483077679,1.01200415002058,1.01390562398507,1.27305272966137)))BOUNDED_SURFACE()REPRESENTATION_ITEM('')GEOMETRIC_REPRESENTATION_ITEM()SURFACE());
#1041=FACE_OUTER_BOUND('',#2067,.T.);
#1042=CYLINDRICAL_SURFACE('',#2068,0.1);
#1043=FACE_OUTER_BOUND('',#2069,.T.);
#1044=TOROIDAL_SURFACE('',#2070,0.3,0.1);
#1045=FACE_OUTER_BOUND('',#2071,.T.);
#1046=CYLINDRICAL_SURFACE('',#2072,0.4);
#1047=FACE_OUTER_BOUND('',#2073,.T.);
#1048=PLANE('',#2074);
#1049=FACE_OUTER_BOUND('',#2075,.T.);
#1050=CYLINDRICAL_SURFACE('',#2076,0.15);
#1051=FACE_OUTER_BOUND('',#2077,.T.);
#1052=PLANE('',#2078);
#1053=FACE_OUTER_BOUND('',#2079,.T.);
#1054=CYLINDRICAL_SURFACE('',#2080,0.2);
#1055=FACE_OUTER_BOUND('',#2081,.T.);
#1056=PLANE('',#2082);
#1057=FACE_OUTER_BOUND('',#2083,.T.);
#1058=CYLINDRICAL_SURFACE('',#2084,0.15);
#1059=FACE_OUTER_BOUND('',#2085,.T.);
#1060=PLANE('',#2086);
#1061=FACE_OUTER_BOUND('',#2087,.T.);
#1062=CYLINDRICAL_SURFACE('',#2088,0.4);
#1063=FACE_OUTER_BOUND('',#2089,.T.);
#1064=PLANE('',#2090);
#1065=FACE_OUTER_BOUND('',#2091,.T.);
#1066=CYLINDRICAL_SURFACE('',#2092,0.1);
#1067=FACE_OUTER_BOUND('',#2093,.T.);
#1068=PLANE('',#2094);
#1069=FACE_OUTER_BOUND('',#2095,.T.);
#1070=PLANE('',#2096);
#1071=FACE_OUTER_BOUND('',#2097,.T.);
#1072=CYLINDRICAL_SURFACE('',#2098,0.1);
#1073=FACE_OUTER_BOUND('',#2099,.T.);
#1074=CYLINDRICAL_SURFACE('',#2100,0.1);
#1075=FACE_OUTER_BOUND('',#2101,.T.);
#1076=SPHERICAL_SURFACE('',#2102,0.1);
#1077=FACE_OUTER_BOUND('',#2103,.T.);
#1078=CYLINDRICAL_SURFACE('',#2104,0.1);
#1079=FACE_OUTER_BOUND('',#2105,.T.);
#1080=SPHERICAL_SURFACE('',#2106,0.1);
#1081=FACE_OUTER_BOUND('',#2107,.T.);
#1082=CYLINDRICAL_SURFACE('',#2108,0.1);
#1083=FACE_OUTER_BOUND('',#2109,.T.);
#1084=CYLINDRICAL_SURFACE('',#2110,0.6);
#1085=FACE_OUTER_BOUND('',#2111,.T.);
#1086=CYLINDRICAL_SURFACE('',#2112,0.6);
#1087=FACE_OUTER_BOUND('',#2113,.T.);
#1088=CYLINDRICAL_SURFACE('',#2114,0.6);
#1089=FACE_OUTER_BOUND('',#2115,.T.);
#1090=PLANE('',#2116);
#1091=FACE_OUTER_BOUND('',#2117,.T.);
#1092=PLANE('',#2118);
#1093=FACE_OUTER_BOUND('',#2119,.T.);
#1094=PLANE('',#2120);
#1095=FACE_OUTER_BOUND('',#2121,.T.);
#1096=PLANE('',#2122);
#1097=FACE_OUTER_BOUND('',#2123,.T.);
#1098=CYLINDRICAL_SURFACE('',#2124,0.1);
#1099=FACE_OUTER_BOUND('',#2125,.T.);
#1100=PLANE('',#2126);
#1101=FACE_OUTER_BOUND('',#2127,.T.);
#1102=CYLINDRICAL_SURFACE('',#2128,0.1);
#1103=FACE_OUTER_BOUND('',#2129,.T.);
#1104=PLANE('',#2130);
#1105=FACE_OUTER_BOUND('',#2131,.T.);
#1106=CYLINDRICAL_SURFACE('',#2132,0.1);
#1107=FACE_OUTER_BOUND('',#2133,.T.);
#1108=PLANE('',#2134);
#1109=FACE_OUTER_BOUND('',#2135,.T.);
#1110=PLANE('',#2136);
#1111=FACE_OUTER_BOUND('',#2137,.T.);
#1112=PLANE('',#2138);
#1113=FACE_OUTER_BOUND('',#2139,.T.);
#1114=CYLINDRICAL_SURFACE('',#2140,0.1);
#1115=FACE_OUTER_BOUND('',#2141,.T.);
#1116=SPHERICAL_SURFACE('',#2142,0.1);
#1117=FACE_OUTER_BOUND('',#2143,.T.);
#1118=CYLINDRICAL_SURFACE('',#2144,0.1);
#1119=FACE_OUTER_BOUND('',#2145,.T.);
#1120=PLANE('',#2146);
#1121=FACE_OUTER_BOUND('',#2147,.T.);
#1122=CYLINDRICAL_SURFACE('',#2148,0.1);
#1123=FACE_OUTER_BOUND('',#2149,.T.);
#1124=TOROIDAL_SURFACE('',#2150,0.3,0.1);
#1125=FACE_OUTER_BOUND('',#2151,.T.);
#1126=CYLINDRICAL_SURFACE('',#2152,0.4);
#1127=FACE_OUTER_BOUND('',#2153,.T.);
#1128=TOROIDAL_SURFACE('',#2154,0.3,0.1);
#1129=FACE_OUTER_BOUND('',#2155,.T.);
#1130=CYLINDRICAL_SURFACE('',#2156,0.1);
#1131=FACE_OUTER_BOUND('',#2157,.T.);
#1132=(B_SPLINE_SURFACE(3,3,((#2159,#2160,#2161,#2162),(#2163,#2164,#2165,#2166),(#2167,#2168,#2169,#2170),(#2171,#2172,#2173,#2174)),.UNSPECIFIED.,.F.,.F.,.F.)B_SPLINE_SURFACE_WITH_KNOTS((4,4),(4,4),(0.153866911358778,0.846133088880874),(0.0617440672764038,0.931824587533134),.UNSPECIFIED.)RATIONAL_B_SPLINE_SURFACE(((1.27305272953493,1.01390562388439,1.01200414992009,1.26734830764203),(1.15132286472182,0.91695551988225,0.915235865699056,1.14616390217224),(1.15132286476396,0.916955519915813,0.915235865732556,1.14616390221419),(1.27305272966136,1.01390562398507,1.01200415002059,1.26734830776789)))BOUNDED_SURFACE()REPRESENTATION_ITEM('')GEOMETRIC_REPRESENTATION_ITEM()SURFACE());
#1133=FACE_OUTER_BOUND('',#2181,.T.);
#1134=CYLINDRICAL_SURFACE('',#2182,0.1);
#1135=FACE_OUTER_BOUND('',#2183,.T.);
#1136=TOROIDAL_SURFACE('',#2184,0.3,0.1);
#1137=FACE_OUTER_BOUND('',#2185,.T.);
#1138=CYLINDRICAL_SURFACE('',#2186,0.1);
#1139=FACE_OUTER_BOUND('',#2187,.T.);
#1140=(B_SPLINE_SURFACE(3,3,((#2189,#2190,#2191,#2192),(#2193,#2194,#2195,#2196),(#2197,#2198,#2199,#2200),(#2201,#2202,#2203,#2204)),.UNSPECIFIED.,.F.,.F.,.F.)B_SPLINE_SURFACE_WITH_KNOTS((4,4),(4,4),(0.153866911408368,0.84613308891955),(0.0617440672861659,0.931824587533173),.UNSPECIFIED.)RATIONAL_B_SPLINE_SURFACE(((1.27305272946875,1.01390562383898,1.01200414987769,1.26734830758487),(1.15132286471702,0.916955519884945,0.915235865704388,1.14616390217535),(1.15132286477468,0.916955519930869,0.915235865750226,1.14616390223275),(1.27305272964173,1.01390562397676,1.0120041500152,1.26734830775708)))BOUNDED_SURFACE()REPRESENTATION_ITEM('')GEOMETRIC_REPRESENTATION_ITEM()SURFACE());
#1141=FACE_OUTER_BOUND('',#2211,.T.);
#1142=CYLINDRICAL_SURFACE('',#2212,0.1);
#1143=FACE_OUTER_BOUND('',#2213,.T.);
#1144=TOROIDAL_SURFACE('',#2214,0.3,0.1);
#1145=FACE_OUTER_BOUND('',#2215,.T.);
#1146=CYLINDRICAL_SURFACE('',#2216,0.1);
#1147=FACE_OUTER_BOUND('',#2217,.T.);
#1148=SPHERICAL_SURFACE('',#2218,0.1);
#1149=FACE_OUTER_BOUND('',#2219,.T.);
#1150=CYLINDRICAL_SURFACE('',#2220,0.1);
#1151=FACE_OUTER_BOUND('',#2221,.T.);
#1152=PLANE('',#2222);
#1153=FACE_OUTER_BOUND('',#2223,.T.);
#1154=CYLINDRICAL_SURFACE('',#2224,0.1);
#1155=FACE_OUTER_BOUND('',#2225,.T.);
#1156=SPHERICAL_SURFACE('',#2226,0.1);
#1157=FACE_OUTER_BOUND('',#2227,.T.);
#1158=CYLINDRICAL_SURFACE('',#2228,0.1);
#1159=FACE_OUTER_BOUND('',#2229,.T.);
#1160=PLANE('',#2230);
#1161=FACE_OUTER_BOUND('',#2231,.T.);
#1162=CYLINDRICAL_SURFACE('',#2232,0.1);
#1163=FACE_OUTER_BOUND('',#2233,.T.);
#1164=TOROIDAL_SURFACE('',#2234,0.25,0.1);
#1165=FACE_OUTER_BOUND('',#2235,.T.);
#1166=CYLINDRICAL_SURFACE('',#2236,0.15);
#1167=FACE_OUTER_BOUND('',#2237,.T.);
#1168=TOROIDAL_SURFACE('',#2238,0.25,0.1);
#1169=FACE_OUTER_BOUND('',#2239,.T.);
#1170=CYLINDRICAL_SURFACE('',#2240,0.1);
#1171=FACE_OUTER_BOUND('',#2241,.T.);
#1172=SPHERICAL_SURFACE('',#2242,0.1);
#1173=FACE_OUTER_BOUND('',#2243,.T.);
#1174=CYLINDRICAL_SURFACE('',#2244,0.1);
#1175=FACE_OUTER_BOUND('',#2245,.T.);
#1176=SPHERICAL_SURFACE('',#2246,0.1);
#1177=FACE_OUTER_BOUND('',#2247,.T.);
#1178=CYLINDRICAL_SURFACE('',#2248,0.1);
#1179=FACE_OUTER_BOUND('',#2249,.T.);
#1180=TOROIDAL_SURFACE('',#2250,0.3,0.1);
#1181=FACE_OUTER_BOUND('',#2251,.T.);
#1182=CYLINDRICAL_SURFACE('',#2252,0.1);
#1183=FACE_OUTER_BOUND('',#2253,.T.);
#1184=(B_SPLINE_SURFACE(3,3,((#2255,#2256,#2257,#2258),(#2259,#2260,#2261,#2262),(#2263,#2264,#2265,#2266),(#2267,#2268,#2269,#2270)),.UNSPECIFIED.,.F.,.F.,.F.)B_SPLINE_SURFACE_WITH_KNOTS((4,4),(4,4),(0.153866911408361,0.846133088919541),(0.0681754124668307,0.938255932713827),.UNSPECIFIED.)RATIONAL_B_SPLINE_SURFACE(((1.26734830758487,1.0120041498777,1.01390562383899,1.27305272946875),(1.14616390217535,0.915235865704392,0.916955519884947,1.15132286471701),(1.14616390223275,0.915235865750228,0.916955519930869,1.15132286477467),(1.26734830775708,1.0120041500152,1.01390562397675,1.27305272964172)))BOUNDED_SURFACE()REPRESENTATION_ITEM('')GEOMETRIC_REPRESENTATION_ITEM()SURFACE());
#1185=FACE_OUTER_BOUND('',#2277,.T.);
#1186=CYLINDRICAL_SURFACE('',#2278,0.1);
#1187=FACE_OUTER_BOUND('',#2279,.T.);
#1188=TOROIDAL_SURFACE('',#2280,0.3,0.1);
#1189=FACE_OUTER_BOUND('',#2281,.T.);
#1190=CYLINDRICAL_SURFACE('',#2282,0.1);
#1191=FACE_OUTER_BOUND('',#2283,.T.);
#1192=(B_SPLINE_SURFACE(3,3,((#2285,#2286,#2287,#2288),(#2289,#2290,#2291,#2292),(#2293,#2294,#2295,#2296),(#2297,#2298,#2299,#2300)),.UNSPECIFIED.,.F.,.F.,.F.)B_SPLINE_SURFACE_WITH_KNOTS((4,4),(4,4),(0.153866911358796,0.846133088880887),(0.0681754124668548,0.938255932723628),.UNSPECIFIED.)RATIONAL_B_SPLINE_SURFACE(((1.26734830764203,1.01200414992007,1.01390562388438,1.27305272953495),(1.14616390217224,0.915235865699046,0.916955519882245,1.15132286472184),(1.1461639022142,0.91523586573255,0.916955519915812,1.15132286476399),(1.26734830776791,1.01200415002058,1.01390562398508,1.27305272966139)))BOUNDED_SURFACE()REPRESENTATION_ITEM('')GEOMETRIC_REPRESENTATION_ITEM()SURFACE());
#1193=FACE_OUTER_BOUND('',#2307,.T.);
#1194=CYLINDRICAL_SURFACE('',#2308,0.1);
#1195=FACE_OUTER_BOUND('',#2309,.T.);
#1196=PLANE('',#2310);
#1197=FACE_OUTER_BOUND('',#2311,.T.);
#1198=CYLINDRICAL_SURFACE('',#2312,0.15);
#1199=FACE_OUTER_BOUND('',#2313,.T.);
#1200=PLANE('',#2314);
#1201=FACE_OUTER_BOUND('',#2315,.T.);
#1202=CYLINDRICAL_SURFACE('',#2316,0.2);
#1203=FACE_OUTER_BOUND('',#2317,.T.);
#1204=PLANE('',#2318);
#1205=FACE_OUTER_BOUND('',#2319,.T.);
#1206=CYLINDRICAL_SURFACE('',#2320,0.15);
#1207=FACE_OUTER_BOUND('',#2321,.T.);
#1208=PLANE('',#2322);
#1209=FACE_OUTER_BOUND('',#2323,.T.);
#1210=CYLINDRICAL_SURFACE('',#2324,0.4);
#1211=FACE_OUTER_BOUND('',#2325,.T.);
#1212=PLANE('',#2326);
#1213=FACE_OUTER_BOUND('',#2327,.T.);
#1214=CYLINDRICAL_SURFACE('',#2328,0.1);
#1215=FACE_OUTER_BOUND('',#2329,.T.);
#1216=SPHERICAL_SURFACE('',#2330,0.1);
#1217=FACE_OUTER_BOUND('',#2331,.T.);
#1218=CYLINDRICAL_SURFACE('',#2332,0.1);
#1219=FACE_OUTER_BOUND('',#2333,.T.);
#1220=PLANE('',#2334);
#1221=FACE_OUTER_BOUND('',#2335,.T.);
#1222=PLANE('',#2336);
#1223=FACE_OUTER_BOUND('',#2337,.T.);
#1224=CYLINDRICAL_SURFACE('',#2338,0.1);
#1225=FACE_OUTER_BOUND('',#2339,.T.);
#1226=PLANE('',#2340);
#1227=FACE_OUTER_BOUND('',#2341,.T.);
#1228=CYLINDRICAL_SURFACE('',#2342,0.1);
#1229=FACE_OUTER_BOUND('',#2343,.T.);
#1230=TOROIDAL_SURFACE('',#2344,0.3,0.1);
#1231=FACE_OUTER_BOUND('',#2345,.T.);
#1232=CYLINDRICAL_SURFACE('',#2346,0.1);
#1233=FACE_OUTER_BOUND('',#2347,.T.);
#1234=(B_SPLINE_SURFACE(3,3,((#2349,#2350,#2351,#2352),(#2353,#2354,#2355,#2356),(#2357,#2358,#2359,#2360),(#2361,#2362,#2363,#2364)),.UNSPECIFIED.,.F.,.F.,.F.)B_SPLINE_SURFACE_WITH_KNOTS((4,4),(4,4),(0.153866911358786,0.846133088880881),(0.0617440672763907,0.931824587533309),.UNSPECIFIED.)RATIONAL_B_SPLINE_SURFACE(((1.27305272953494,1.01390562388433,1.01200414992008,1.26734830764218),(1.15132286472183,0.916955519882202,0.915235865699051,1.14616390217238),(1.15132286476397,0.916955519915767,0.915235865732553,1.14616390221433),(1.27305272966137,1.01390562398503,1.01200415002058,1.26734830776805)))BOUNDED_SURFACE()REPRESENTATION_ITEM('')GEOMETRIC_REPRESENTATION_ITEM()SURFACE());
#1235=FACE_OUTER_BOUND('',#2371,.T.);
#1236=CYLINDRICAL_SURFACE('',#2372,0.1);
#1237=FACE_OUTER_BOUND('',#2373,.T.);
#1238=TOROIDAL_SURFACE('',#2374,0.3,0.1);
#1239=FACE_OUTER_BOUND('',#2375,.T.);
#1240=CYLINDRICAL_SURFACE('',#2376,0.1);
#1241=FACE_OUTER_BOUND('',#2377,.T.);
#1242=(B_SPLINE_SURFACE(3,3,((#2379,#2380,#2381,#2382),(#2383,#2384,#2385,#2386),(#2387,#2388,#2389,#2390),(#2391,#2392,#2393,#2394)),.UNSPECIFIED.,.F.,.F.,.F.)B_SPLINE_SURFACE_WITH_KNOTS((4,4),(4,4),(0.153866911408375,0.846133088919555),(0.0617440672861662,0.931824587533339),.UNSPECIFIED.)RATIONAL_B_SPLINE_SURFACE(((1.27305272946874,1.01390562383893,1.01200414987769,1.26734830758501),(1.15132286471702,0.9169555198849,0.915235865704387,1.14616390217548),(1.15132286477468,0.916955519930825,0.915235865750227,1.14616390223289),(1.27305272964174,1.01390562397671,1.01200415001521,1.26734830775723)))BOUNDED_SURFACE()REPRESENTATION_ITEM('')GEOMETRIC_REPRESENTATION_ITEM()SURFACE());
#1243=FACE_OUTER_BOUND('',#2401,.T.);
#1244=CYLINDRICAL_SURFACE('',#2402,0.1);
#1245=FACE_OUTER_BOUND('',#2403,.T.);
#1246=TOROIDAL_SURFACE('',#2404,0.3,0.1);
#1247=FACE_OUTER_BOUND('',#2405,.T.);
#1248=CYLINDRICAL_SURFACE('',#2406,0.1);
#1249=FACE_OUTER_BOUND('',#2407,.T.);
#1250=SPHERICAL_SURFACE('',#2408,0.1);
#1251=FACE_OUTER_BOUND('',#2409,.T.);
#1252=CYLINDRICAL_SURFACE('',#2410,0.1);
#1253=FACE_OUTER_BOUND('',#2411,.T.);
#1254=PLANE('',#2412);
#1255=FACE_OUTER_BOUND('',#2413,.T.);
#1256=CYLINDRICAL_SURFACE('',#2414,0.1);
#1257=FACE_OUTER_BOUND('',#2415,.T.);
#1258=SPHERICAL_SURFACE('',#2416,0.1);
#1259=FACE_OUTER_BOUND('',#2417,.T.);
#1260=CYLINDRICAL_SURFACE('',#2418,0.1);
#1261=FACE_OUTER_BOUND('',#2419,.T.);
#1262=PLANE('',#2420);
#1263=FACE_OUTER_BOUND('',#2421,.T.);
#1264=CYLINDRICAL_SURFACE('',#2422,0.1);
#1265=FACE_OUTER_BOUND('',#2423,.T.);
#1266=TOROIDAL_SURFACE('',#2424,0.25,0.1);
#1267=FACE_OUTER_BOUND('',#2425,.T.);
#1268=CYLINDRICAL_SURFACE('',#2426,0.15);
#1269=FACE_OUTER_BOUND('',#2427,.T.);
#1270=TOROIDAL_SURFACE('',#2428,0.25,0.1);
#1271=FACE_OUTER_BOUND('',#2429,.T.);
#1272=PLANE('',#2430);
#1273=FACE_OUTER_BOUND('',#2431,.T.);
#1274=CYLINDRICAL_SURFACE('',#2432,0.1);
#1275=FACE_OUTER_BOUND('',#2433,.T.);
#1276=TOROIDAL_SURFACE('',#2434,0.3,0.1);
#1277=FACE_OUTER_BOUND('',#2435,.T.);
#1278=CYLINDRICAL_SURFACE('',#2436,0.4);
#1279=FACE_OUTER_BOUND('',#2437,.T.);
#1280=PLANE('',#2438);
#1281=FACE_OUTER_BOUND('',#2439,.T.);
#1282=CYLINDRICAL_SURFACE('',#2440,0.15);
#1283=FACE_OUTER_BOUND('',#2441,.T.);
#1284=PLANE('',#2442);
#1285=FACE_OUTER_BOUND('',#2443,.T.);
#1286=CYLINDRICAL_SURFACE('',#2444,0.2);
#1287=FACE_OUTER_BOUND('',#2445,.T.);
#1288=PLANE('',#2446);
#1289=FACE_OUTER_BOUND('',#2447,.T.);
#1290=CYLINDRICAL_SURFACE('',#2448,0.15);
#1291=FACE_OUTER_BOUND('',#2449,.T.);
#1292=PLANE('',#2450);
#1293=FACE_OUTER_BOUND('',#2451,.T.);
#1294=CYLINDRICAL_SURFACE('',#2452,0.4);
#1295=FACE_OUTER_BOUND('',#2453,.T.);
#1296=PLANE('',#2454);
#1297=FACE_OUTER_BOUND('',#2455,.T.);
#1298=CYLINDRICAL_SURFACE('',#2456,0.1);
#1299=FACE_OUTER_BOUND('',#2457,.T.);
#1300=TOROIDAL_SURFACE('',#2458,0.3,0.1);
#1301=FACE_OUTER_BOUND('',#2459,.T.);
#1302=CYLINDRICAL_SURFACE('',#2460,0.1);
#1303=FACE_OUTER_BOUND('',#2461,.T.);
#1304=(B_SPLINE_SURFACE(3,3,((#2463,#2464,#2465,#2466),(#2467,#2468,#2469,#2470),(#2471,#2472,#2473,#2474),(#2475,#2476,#2477,#2478)),.UNSPECIFIED.,.F.,.F.,.F.)B_SPLINE_SURFACE_WITH_KNOTS((4,4),(4,4),(0.153866911408382,0.846133088919576),(0.068175412466825,0.938255932713838),.UNSPECIFIED.)RATIONAL_B_SPLINE_SURFACE(((1.26734830758487,1.01200414987768,1.01390562383898,1.27305272946875),(1.14616390217535,0.915235865704384,0.916955519884941,1.15132286471702),(1.14616390223276,0.915235865750227,0.916955519930871,1.15132286477469),(1.2673483077571,1.01200415001521,1.01390562397677,1.27305272964175)))BOUNDED_SURFACE()REPRESENTATION_ITEM('')GEOMETRIC_REPRESENTATION_ITEM()SURFACE());
#1305=FACE_OUTER_BOUND('',#2485,.T.);
#1306=CYLINDRICAL_SURFACE('',#2486,0.1);
#1307=FACE_OUTER_BOUND('',#2487,.T.);
#1308=TOROIDAL_SURFACE('',#2488,0.3,0.1);
#1309=FACE_OUTER_BOUND('',#2489,.T.);
#1310=CYLINDRICAL_SURFACE('',#2490,0.1);
#1311=FACE_OUTER_BOUND('',#2491,.T.);
#1312=(B_SPLINE_SURFACE(3,3,((#2493,#2494,#2495,#2496),(#2497,#2498,#2499,#2500),(#2501,#2502,#2503,#2504),(#2505,#2506,#2507,#2508)),.UNSPECIFIED.,.F.,.F.,.F.)B_SPLINE_SURFACE_WITH_KNOTS((4,4),(4,4),(0.153866911358727,0.84613308888088),(0.0681754124668557,0.938255932723624),.UNSPECIFIED.)RATIONAL_B_SPLINE_SURFACE(((1.26734830764207,1.0120041499201,1.01390562388441,1.27305272953498),(1.14616390217225,0.915235865699048,0.916955519882247,1.15132286472184),(1.14616390221419,0.915235865732542,0.916955519915803,1.15132286476397),(1.2673483077679,1.01200415002058,1.01390562398507,1.27305272966138)))BOUNDED_SURFACE()REPRESENTATION_ITEM('')GEOMETRIC_REPRESENTATION_ITEM()SURFACE());
#1313=FACE_OUTER_BOUND('',#2515,.T.);
#1314=CYLINDRICAL_SURFACE('',#2516,0.1);
#1315=FACE_OUTER_BOUND('',#2517,.T.);
#1316=SPHERICAL_SURFACE('',#2518,0.1);
#1317=FACE_OUTER_BOUND('',#2519,.T.);
#1318=CYLINDRICAL_SURFACE('',#2520,0.1);
#1319=FACE_OUTER_BOUND('',#2521,.T.);
#1320=SPHERICAL_SURFACE('',#2522,0.1);
#1321=FACE_OUTER_BOUND('',#2523,.T.);
#1322=CYLINDRICAL_SURFACE('',#2524,0.1);
#1323=FACE_OUTER_BOUND('',#2525,.T.);
#1324=SPHERICAL_SURFACE('',#2526,0.1);
#1325=FACE_OUTER_BOUND('',#2527,.T.);
#1326=CYLINDRICAL_SURFACE('',#2528,0.1);
#1327=FACE_OUTER_BOUND('',#2529,.T.);
#1328=SPHERICAL_SURFACE('',#2530,0.1);
#1329=FACE_OUTER_BOUND('',#2531,.T.);
#1330=CYLINDRICAL_SURFACE('',#2532,0.1);
#1331=FACE_OUTER_BOUND('',#2533,.T.);
#1332=PLANE('',#2534);
#1333=FACE_OUTER_BOUND('',#2535,.T.);
#1334=CYLINDRICAL_SURFACE('',#2536,0.1);
#1335=FACE_OUTER_BOUND('',#2537,.T.);
#1336=CYLINDRICAL_SURFACE('',#2538,0.1);
#1337=FACE_OUTER_BOUND('',#2539,.T.);
#1338=PLANE('',#2540);
#1339=FACE_OUTER_BOUND('',#2541,.T.);
#1340=PLANE('',#2542);
#1341=FACE_OUTER_BOUND('',#2543,.T.);
#1342=PLANE('',#2544);
#1343=FACE_OUTER_BOUND('',#2545,.T.);
#1344=CYLINDRICAL_SURFACE('',#2546,0.5);
#1345=FACE_OUTER_BOUND('',#2547,.T.);
#1346=TOROIDAL_SURFACE('',#2548,1.467,0.9940197779441);
#1347=FACE_OUTER_BOUND('',#2549,.T.);
#1348=TOROIDAL_SURFACE('',#2550,1.467,0.9940197779441);
#1349=FACE_OUTER_BOUND('',#2551,.T.);
#1350=SPHERICAL_SURFACE('',#2552,0.55);
#1351=FACE_OUTER_BOUND('',#2553,.T.);
#1352=SPHERICAL_SURFACE('',#2554,0.55);
#1353=FACE_OUTER_BOUND('',#2555,.T.);
#1354=PLANE('',#2556);
#1355=FACE_OUTER_BOUND('',#2557,.T.);
#1356=TOROIDAL_SURFACE('',#2558,1.467,0.9940197779441);
#1357=FACE_OUTER_BOUND('',#2559,.T.);
#1358=TOROIDAL_SURFACE('',#2560,1.467,0.9940197779441);
#1359=FACE_OUTER_BOUND('',#2561,.T.);
#1360=SPHERICAL_SURFACE('',#2562,0.55);
#1361=FACE_OUTER_BOUND('',#2563,.T.);
#1362=SPHERICAL_SURFACE('',#2564,0.55);
#1363=FACE_OUTER_BOUND('',#2565,.T.);
#1364=PLANE('',#2566);
#1365=FACE_OUTER_BOUND('',#2567,.T.);
#1366=TOROIDAL_SURFACE('',#2568,1.575,1.0);
#1367=FACE_OUTER_BOUND('',#2569,.T.);
#1368=TOROIDAL_SURFACE('',#2570,1.575,1.0);
#1369=FACE_OUTER_BOUND('',#2571,.T.);
#1370=PLANE('',#2572);
#1371=FACE_OUTER_BOUND('',#2573,.T.);
#1372=TOROIDAL_SURFACE('',#2574,1.462512031043,0.9940197781467);
#1373=FACE_OUTER_BOUND('',#2575,.T.);
#1374=TOROIDAL_SURFACE('',#2576,1.462512031043,0.9940197781467);
#1375=FACE_OUTER_BOUND('',#2577,.T.);
#1376=(B_SPLINE_SURFACE(3,3,((#2579,#2580,#2581,#2582),(#2583,#2584,#2585,#2586),(#2587,#2588,#2589,#2590),(#2591,#2592,#2593,#2594),(#2595,#2596,#2597,#2598),(#2599,#2600,#2601,#2602),(#2603,#2604,#2605,#2606)),.UNSPECIFIED.,.F.,.F.,.F.)B_SPLINE_SURFACE_WITH_KNOTS((4,3,4),(4,4),(0.024972673475174,1.0,1.97502732652482),(0.19325300398823,0.806746996008556),.UNSPECIFIED.)RATIONAL_B_SPLINE_SURFACE(((1.16931889388166,1.16892578490088,1.16892578490087,1.16931889388165),(0.93797130030153,0.937655967209942,0.937655967209941,0.937971300301525),(0.944052390368505,0.943735012897808,0.943735012897807,0.9440523903685),(1.18756216408258,1.18716292196447,1.18716292196447,1.18756216408258),(0.944052390368506,0.943735012897809,0.943735012897807,0.944052390368501),(0.93797130030153,0.937655967209942,0.937655967209941,0.937971300301525),(1.16931889388166,1.16892578490087,1.16892578490087,1.16931889388165)))BOUNDED_SURFACE()REPRESENTATION_ITEM('')GEOMETRIC_REPRESENTATION_ITEM()SURFACE());
#1377=FACE_OUTER_BOUND('',#2613,.T.);
#1378=(B_SPLINE_SURFACE(3,3,((#2615,#2616,#2617,#2618),(#2619,#2620,#2621,#2622),(#2623,#2624,#2625,#2626),(#2627,#2628,#2629,#2630),(#2631,#2632,#2633,#2634),(#2635,#2636,#2637,#2638),(#2639,#2640,#2641,#2642)),.UNSPECIFIED.,.F.,.F.,.F.)B_SPLINE_SURFACE_WITH_KNOTS((4,3,4),(4,4),(0.0249726734751724,1.0,1.97502732652483),(0.193253003988245,0.806746996008547),.UNSPECIFIED.)RATIONAL_B_SPLINE_SURFACE(((1.16931889388166,1.16892578490088,1.16892578490088,1.16931889388165),(0.93797130030153,0.937655967209942,0.937655967209941,0.937971300301525),(0.944052390368505,0.943735012897808,0.943735012897807,0.9440523903685),(1.18756216408258,1.18716292196447,1.18716292196447,1.18756216408258),(0.944052390368505,0.943735012897808,0.943735012897807,0.9440523903685),(0.93797130030153,0.937655967209942,0.937655967209941,0.937971300301525),(1.16931889388166,1.16892578490088,1.16892578490087,1.16931889388165)))BOUNDED_SURFACE()REPRESENTATION_ITEM('')GEOMETRIC_REPRESENTATION_ITEM()SURFACE());
#1379=FACE_OUTER_BOUND('',#2649,.T.);
#1380=PLANE('',#2650);
#1381=FACE_OUTER_BOUND('',#2651,.T.);
#1382=TOROIDAL_SURFACE('',#2652,1.466552894651,1.0);
#1383=FACE_OUTER_BOUND('',#2653,.T.);
#1384=TOROIDAL_SURFACE('',#2654,1.466552894651,1.0);
#1385=FACE_OUTER_BOUND('',#2655,.T.);
#1386=PLANE('',#2656);
#1387=FACE_OUTER_BOUND('',#2657,.T.);
#1388=PLANE('',#2658);
#1389=FACE_OUTER_BOUND('',#2659,.T.);
#1390=PLANE('',#2660);
#1391=FACE_OUTER_BOUND('',#2661,.T.);
#1392=PLANE('',#2662);
#1393=FACE_OUTER_BOUND('',#2663,.T.);
#1394=PLANE('',#2664);
#1395=FACE_OUTER_BOUND('',#2665,.T.);
#1396=PLANE('',#2666);
#1397=FACE_OUTER_BOUND('',#2667,.T.);
#1398=SPHERICAL_SURFACE('',#2668,0.55);
#1399=FACE_OUTER_BOUND('',#2669,.T.);
#1400=SPHERICAL_SURFACE('',#2670,0.55);
#1401=FACE_OUTER_BOUND('',#2671,.T.);
#1402=TOROIDAL_SURFACE('',#2672,1.467,0.9940197779441);
#1403=FACE_OUTER_BOUND('',#2673,.T.);
#1404=TOROIDAL_SURFACE('',#2674,1.467,0.9940197779441);
#1405=FACE_OUTER_BOUND('',#2675,.T.);
#1406=PLANE('',#2676);
#1407=FACE_OUTER_BOUND('',#2677,.T.);
#1408=SPHERICAL_SURFACE('',#2678,0.55);
#1409=FACE_OUTER_BOUND('',#2679,.T.);
#1410=SPHERICAL_SURFACE('',#2680,0.55);
#1411=FACE_OUTER_BOUND('',#2681,.T.);
#1412=TOROIDAL_SURFACE('',#2682,1.467,0.9940197779441);
#1413=FACE_OUTER_BOUND('',#2683,.T.);
#1414=TOROIDAL_SURFACE('',#2684,1.467,0.9940197779441);
#1415=FACE_OUTER_BOUND('',#2685,.T.);
#1416=PLANE('',#2686);
#1417=FACE_OUTER_BOUND('',#2687,.T.);
#1418=SPHERICAL_SURFACE('',#2688,0.65);
#1419=FACE_OUTER_BOUND('',#2689,.T.);
#1420=SPHERICAL_SURFACE('',#2690,0.65);
#1421=FACE_OUTER_BOUND('',#2691,.T.);
#1422=TOROIDAL_SURFACE('',#2692,1.575,1.0);
#1423=FACE_OUTER_BOUND('',#2693,.T.);
#1424=TOROIDAL_SURFACE('',#2694,1.575,1.0);
#1425=FACE_OUTER_BOUND('',#2695,.T.);
#1426=PLANE('',#2696);
#1427=FACE_OUTER_BOUND('',#2697,.T.);
#1428=(B_SPLINE_SURFACE(3,3,((#2699,#2700,#2701,#2702),(#2703,#2704,#2705,#2706),(#2707,#2708,#2709,#2710),(#2711,#2712,#2713,#2714),(#2715,#2716,#2717,#2718),(#2719,#2720,#2721,#2722),(#2723,#2724,#2725,#2726)),.UNSPECIFIED.,.F.,.F.,.F.)B_SPLINE_SURFACE_WITH_KNOTS((4,3,4),(4,4),(0.0425235032691059,1.0,1.95747649673089),(0.0205385974520813,0.979461402548108),.UNSPECIFIED.)RATIONAL_B_SPLINE_SURFACE(((1.27549904010059,1.11718689719053,1.11718689719056,1.27549904010069),(1.03431308237865,0.905936411473378,0.905936411473404,1.03431308237873),(1.04552247994874,0.915754523206097,0.915754523206123,1.04552247994881),(1.30912723281084,1.14664123238869,1.14664123238872,1.30912723281094),(1.04552247994874,0.915754523206098,0.915754523206123,1.04552247994881),(1.03431308237865,0.905936411473378,0.905936411473404,1.03431308237873),(1.27549904010059,1.11718689719053,1.11718689719056,1.27549904010069)))BOUNDED_SURFACE()REPRESENTATION_ITEM('')GEOMETRIC_REPRESENTATION_ITEM()SURFACE());
#1429=FACE_OUTER_BOUND('',#2733,.T.);
#1430=(B_SPLINE_SURFACE(3,3,((#2735,#2736,#2737,#2738),(#2739,#2740,#2741,#2742),(#2743,#2744,#2745,#2746),(#2747,#2748,#2749,#2750),(#2751,#2752,#2753,#2754),(#2755,#2756,#2757,#2758),(#2759,#2760,#2761,#2762)),.UNSPECIFIED.,.F.,.F.,.F.)B_SPLINE_SURFACE_WITH_KNOTS((4,3,4),(4,4),(0.0425235032691117,1.0,1.95747649673089),(0.020538597452091,0.979461402548108),.UNSPECIFIED.)RATIONAL_B_SPLINE_SURFACE(((1.27549904010058,1.11718689719053,1.11718689719056,1.27549904010068),(1.03431308237865,0.905936411473378,0.905936411473405,1.03431308237873),(1.04552247994874,0.915754523206098,0.915754523206125,1.04552247994882),(1.30912723281084,1.14664123238869,1.14664123238872,1.30912723281094),(1.04552247994874,0.915754523206099,0.915754523206126,1.04552247994882),(1.03431308237865,0.905936411473378,0.905936411473405,1.03431308237873),(1.27549904010058,1.11718689719052,1.11718689719056,1.27549904010068)))BOUNDED_SURFACE()REPRESENTATION_ITEM('')GEOMETRIC_REPRESENTATION_ITEM()SURFACE());
#1431=FACE_OUTER_BOUND('',#2769,.T.);
#1432=TOROIDAL_SURFACE('',#2770,1.461,0.9940197779441);
#1433=FACE_OUTER_BOUND('',#2771,.T.);
#1434=TOROIDAL_SURFACE('',#2772,1.461,0.9940197779441);
#1435=FACE_OUTER_BOUND('',#2773,.T.);
#1436=PLANE('',#2774);
#1437=FACE_OUTER_BOUND('',#2775,.T.);
#1438=(B_SPLINE_SURFACE(3,3,((#2777,#2778,#2779,#2780),(#2781,#2782,#2783,#2784),(#2785,#2786,#2787,#2788),(#2789,#2790,#2791,#2792),(#2793,#2794,#2795,#2796),(#2797,#2798,#2799,#2800),(#2801,#2802,#2803,#2804)),.UNSPECIFIED.,.F.,.F.,.F.)B_SPLINE_SURFACE_WITH_KNOTS((4,3,4),(4,4),(0.0425235032688882,1.0,1.95747649673112),(0.0204194502753428,0.979580549724161),.UNSPECIFIED.)RATIONAL_B_SPLINE_SURFACE(((1.26456659598116,1.12083104523066,1.12083104523058,1.26456659598094),(1.02544786992553,0.908891482291267,0.908891482291207,1.02544786992534),(1.03656119050236,0.918741619688333,0.918741619688272,1.03656119050218),(1.29790655771167,1.15038145742185,1.15038145742178,1.29790655771144),(1.03656119050236,0.918741619688332,0.918741619688271,1.03656119050218),(1.02544786992553,0.908891482291267,0.908891482291207,1.02544786992534),(1.26456659598117,1.12083104523066,1.12083104523058,1.26456659598094)))BOUNDED_SURFACE()REPRESENTATION_ITEM('')GEOMETRIC_REPRESENTATION_ITEM()SURFACE());
#1439=FACE_OUTER_BOUND('',#2811,.T.);
#1440=(B_SPLINE_SURFACE(3,3,((#2813,#2814,#2815,#2816),(#2817,#2818,#2819,#2820),(#2821,#2822,#2823,#2824),(#2825,#2826,#2827,#2828),(#2829,#2830,#2831,#2832),(#2833,#2834,#2835,#2836),(#2837,#2838,#2839,#2840)),.UNSPECIFIED.,.F.,.F.,.F.)B_SPLINE_SURFACE_WITH_KNOTS((4,3,4),(4,4),(0.0425235032688902,1.0,1.9574764967311),(0.0204194502753445,0.979580549724173),.UNSPECIFIED.)RATIONAL_B_SPLINE_SURFACE(((1.26456659598116,1.12083104523065,1.12083104523058,1.26456659598094),(1.02544786992552,0.908891482291266,0.908891482291207,1.02544786992535),(1.03656119050236,0.918741619688332,0.918741619688273,1.03656119050218),(1.29790655771166,1.15038145742185,1.15038145742178,1.29790655771144),(1.03656119050236,0.918741619688333,0.918741619688274,1.03656119050218),(1.02544786992552,0.908891482291266,0.908891482291207,1.02544786992535),(1.26456659598116,1.12083104523065,1.12083104523058,1.26456659598094)))BOUNDED_SURFACE()REPRESENTATION_ITEM('')GEOMETRIC_REPRESENTATION_ITEM()SURFACE());
#1441=FACE_OUTER_BOUND('',#2847,.T.);
#1442=TOROIDAL_SURFACE('',#2848,1.462512031042,0.9935306804865);
#1443=FACE_OUTER_BOUND('',#2849,.T.);
#1444=TOROIDAL_SURFACE('',#2850,1.462512031042,0.9935306804865);
#1445=FACE_OUTER_BOUND('',#2851,.T.);
#1446=PLANE('',#2852);
#1447=EDGE_LOOP('',(#2853,#2854,#2855,#2856));
#1448=AXIS2_PLACEMENT_3D('',#2857,#2858,#2859);
#1449=EDGE_LOOP('',(#2860,#2861,#2862,#2863));
#1450=AXIS2_PLACEMENT_3D('',#2864,#2865,#2866);
#1451=EDGE_LOOP('',(#2867,#2868,#2869,#2870));
#1452=AXIS2_PLACEMENT_3D('',#2871,#2872,#2873);
#1453=EDGE_LOOP('',(#2874,#2875,#2876,#2877));
#1454=AXIS2_PLACEMENT_3D('',#2878,#2879,#2880);
#1455=EDGE_LOOP('',(#2881,#2882,#2883,#2884));
#1456=AXIS2_PLACEMENT_3D('',#2885,#2886,#2887);
#1457=EDGE_LOOP('',(#2888,#2889,#2890,#2891));
#1458=AXIS2_PLACEMENT_3D('',#2892,#2893,#2894);
#1459=EDGE_LOOP('',(#2895,#2896,#2897,#2898));
#1460=AXIS2_PLACEMENT_3D('',#2899,#2900,#2901);
#1461=EDGE_LOOP('',(#2902,#2903,#2904,#2905));
#1462=AXIS2_PLACEMENT_3D('',#2906,#2907,#2908);
#1463=EDGE_LOOP('',(#2909,#2910,#2911,#2912));
#1464=AXIS2_PLACEMENT_3D('',#2913,#2914,#2915);
#1465=EDGE_LOOP('',(#2916,#2917,#2918,#2919));
#1466=AXIS2_PLACEMENT_3D('',#2920,#2921,#2922);
#1467=EDGE_LOOP('',(#2923,#2924,#2925,#2926));
#1468=AXIS2_PLACEMENT_3D('',#2927,#2928,#2929);
#1469=EDGE_LOOP('',(#2930,#2931,#2932,#2933));
#1470=AXIS2_PLACEMENT_3D('',#2934,#2935,#2936);
#1471=EDGE_LOOP('',(#2937,#2938,#2939,#2940));
#1472=AXIS2_PLACEMENT_3D('',#2941,#2942,#2943);
#1473=EDGE_LOOP('',(#2944,#2945,#2946,#2947));
#1474=AXIS2_PLACEMENT_3D('',#2948,#2949,#2950);
#1475=EDGE_LOOP('',(#2951,#2952,#2953,#2954));
#1476=AXIS2_PLACEMENT_3D('',#2955,#2956,#2957);
#1477=EDGE_LOOP('',(#2958,#2959,#2960,#2961));
#1478=AXIS2_PLACEMENT_3D('',#2962,#2963,#2964);
#1479=EDGE_LOOP('',(#2965,#2966,#2967,#2968));
#1480=AXIS2_PLACEMENT_3D('',#2969,#2970,#2971);
#1481=EDGE_LOOP('',(#2972,#2973,#2974,#2975));
#1482=AXIS2_PLACEMENT_3D('',#2976,#2977,#2978);
#1483=EDGE_LOOP('',(#2979,#2980,#2981,#2982));
#1484=AXIS2_PLACEMENT_3D('',#2983,#2984,#2985);
#1485=EDGE_LOOP('',(#2986,#2987,#2988,#2989));
#1486=AXIS2_PLACEMENT_3D('',#2990,#2991,#2992);
#1487=EDGE_LOOP('',(#2993,#2994,#2995,#2996));
#1488=AXIS2_PLACEMENT_3D('',#2997,#2998,#2999);
#1489=EDGE_LOOP('',(#3000,#3001,#3002,#3003));
#1490=AXIS2_PLACEMENT_3D('',#3004,#3005,#3006);
#1491=EDGE_LOOP('',(#3007,#3008,#3009,#3010));
#1492=AXIS2_PLACEMENT_3D('',#3011,#3012,#3013);
#1493=EDGE_LOOP('',(#3014,#3015,#3016,#3017));
#1494=AXIS2_PLACEMENT_3D('',#3018,#3019,#3020);
#1495=EDGE_LOOP('',(#3021,#3022,#3023,#3024));
#1496=AXIS2_PLACEMENT_3D('',#3025,#3026,#3027);
#1497=EDGE_LOOP('',(#3028,#3029,#3030,#3031));
#1498=AXIS2_PLACEMENT_3D('',#3032,#3033,#3034);
#1499=EDGE_LOOP('',(#3035,#3036,#3037,#3038));
#1500=AXIS2_PLACEMENT_3D('',#3039,#3040,#3041);
#1501=EDGE_LOOP('',(#3042,#3043,#3044,#3045));
#1502=AXIS2_PLACEMENT_3D('',#3046,#3047,#3048);
#1503=EDGE_LOOP('',(#3049,#3050,#3051,#3052));
#1504=AXIS2_PLACEMENT_3D('',#3053,#3054,#3055);
#1505=EDGE_LOOP('',(#3056,#3057,#3058,#3059));
#1506=AXIS2_PLACEMENT_3D('',#3060,#3061,#3062);
#1507=EDGE_LOOP('',(#3063,#3064,#3065,#3066));
#1508=AXIS2_PLACEMENT_3D('',#3067,#3068,#3069);
#1509=EDGE_LOOP('',(#3070,#3071,#3072,#3073));
#1510=AXIS2_PLACEMENT_3D('',#3074,#3075,#3076);
#1511=EDGE_LOOP('',(#3077,#3078,#3079,#3080));
#1512=AXIS2_PLACEMENT_3D('',#3081,#3082,#3083);
#1513=EDGE_LOOP('',(#3084,#3085,#3086,#3087));
#1514=AXIS2_PLACEMENT_3D('',#3088,#3089,#3090);
#1515=EDGE_LOOP('',(#3091,#3092,#3093,#3094));
#1516=AXIS2_PLACEMENT_3D('',#3095,#3096,#3097);
#1517=EDGE_LOOP('',(#3098,#3099,#3100,#3101));
#1518=AXIS2_PLACEMENT_3D('',#3102,#3103,#3104);
#1519=EDGE_LOOP('',(#3105,#3106,#3107,#3108));
#1520=AXIS2_PLACEMENT_3D('',#3109,#3110,#3111);
#1521=EDGE_LOOP('',(#3112,#3113,#3114,#3115));
#1522=AXIS2_PLACEMENT_3D('',#3116,#3117,#3118);
#1523=EDGE_LOOP('',(#3119,#3120,#3121,#3122,#3123,#3124,#3125,#3126,#3127,#3128,#3129,#3130,#3131,#3132));
#1524=EDGE_LOOP('',(#3133,#3134));
#1525=EDGE_LOOP('',(#3135,#3136));
#1526=EDGE_LOOP('',(#3137,#3138));
#1527=EDGE_LOOP('',(#3139,#3140));
#1528=EDGE_LOOP('',(#3141,#3142));
#1529=AXIS2_PLACEMENT_3D('',#3143,#3144,#3145);
#1530=EDGE_LOOP('',(#3146,#3147,#3148,#3149));
#1531=AXIS2_PLACEMENT_3D('',#3150,#3151,#3152);
#1532=EDGE_LOOP('',(#3153,#3154,#3155,#3156));
#1533=AXIS2_PLACEMENT_3D('',#3157,#3158,#3159);
#1534=EDGE_LOOP('',(#3160,#3161,#3162,#3163));
#1535=AXIS2_PLACEMENT_3D('',#3164,#3165,#3166);
#1536=EDGE_LOOP('',(#3167,#3168,#3169,#3170,#3171,#3172,#3173,#3174,#3175,#3176,#3177,#3178,#3179,#3180,#3181,#3182,#3183,#3184,#3185,#3186,#3187,#3188,#3189,#3190,#3191,#3192,#3193,#3194));
#1537=AXIS2_PLACEMENT_3D('',#3195,#3196,#3197);
#1538=EDGE_LOOP('',(#3198,#3199,#3200,#3201,#3202,#3203,#3204));
#1539=AXIS2_PLACEMENT_3D('',#3205,#3206,#3207);
#1540=EDGE_LOOP('',(#3208,#3209,#3210,#3211,#3212,#3213,#3214,#3215));
#1541=AXIS2_PLACEMENT_3D('',#3216,#3217,#3218);
#1542=EDGE_LOOP('',(#3219,#3220,#3221,#3222,#3223,#3224));
#1543=AXIS2_PLACEMENT_3D('',#3225,#3226,#3227);
#1544=EDGE_LOOP('',(#3228,#3229,#3230,#3231,#3232,#3233));
#1545=AXIS2_PLACEMENT_3D('',#3234,#3235,#3236);
#1546=EDGE_LOOP('',(#3237,#3238,#3239,#3240,#3241,#3242,#3243,#3244,#3245,#3246,#3247,#3248));
#1547=AXIS2_PLACEMENT_3D('',#3249,#3250,#3251);
#1548=EDGE_LOOP('',(#3252,#3253,#3254));
#1549=AXIS2_PLACEMENT_3D('',#3255,#3256,#3257);
#1550=EDGE_LOOP('',(#3258,#3259,#3260,#3261,#3262,#3263,#3264));
#1551=AXIS2_PLACEMENT_3D('',#3265,#3266,#3267);
#1552=EDGE_LOOP('',(#3268,#3269,#3270,#3271));
#1553=AXIS2_PLACEMENT_3D('',#3272,#3273,#3274);
#1554=EDGE_LOOP('',(#3275,#3276,#3277));
#1555=AXIS2_PLACEMENT_3D('',#3278,#3279,#3280);
#1556=EDGE_LOOP('',(#3281,#3282,#3283,#3284,#3285,#3286));
#1557=AXIS2_PLACEMENT_3D('',#3287,#3288,#3289);
#1558=EDGE_LOOP('',(#3290,#3291,#3292));
#1559=AXIS2_PLACEMENT_3D('',#3293,#3294,#3295);
#1560=EDGE_LOOP('',(#3296,#3297,#3298,#3299,#3300,#3301));
#1561=AXIS2_PLACEMENT_3D('',#3302,#3303,#3304);
#1562=EDGE_LOOP('',(#3305,#3306,#3307,#3308));
#1563=AXIS2_PLACEMENT_3D('',#3309,#3310,#3311);
#1564=EDGE_LOOP('',(#3312,#3313,#3314,#3315));
#1565=AXIS2_PLACEMENT_3D('',#3316,#3317,#3318);
#1566=EDGE_LOOP('',(#3319,#3320,#3321,#3322,#3323,#3324,#3325,#3326,#3327,#3328,#3329,#3330,#3331,#3332,#3333,#3334,#3335,#3336,#3337,#3338,#3339,#3340));
#1567=AXIS2_PLACEMENT_3D('',#3341,#3342,#3343);
#1568=EDGE_LOOP('',(#3344,#3345,#3346,#3347));
#1569=AXIS2_PLACEMENT_3D('',#3348,#3349,#3350);
#1570=EDGE_LOOP('',(#3351,#3352,#3353,#3354));
#1571=AXIS2_PLACEMENT_3D('',#3355,#3356,#3357);
#1572=EDGE_LOOP('',(#3358,#3359,#3360,#3361));
#1573=AXIS2_PLACEMENT_3D('',#3362,#3363,#3364);
#1574=EDGE_LOOP('',(#3365,#3366,#3367,#3368));
#1575=AXIS2_PLACEMENT_3D('',#3369,#3370,#3371);
#1576=EDGE_LOOP('',(#3372,#3373,#3374,#3375,#3376,#3377,#3378));
#1577=AXIS2_PLACEMENT_3D('',#3379,#3380,#3381);
#1578=EDGE_LOOP('',(#3382,#3383,#3384,#3385,#3386,#3387,#3388,#3389));
#1579=AXIS2_PLACEMENT_3D('',#3390,#3391,#3392);
#1580=EDGE_LOOP('',(#3393,#3394,#3395,#3396,#3397,#3398));
#1581=AXIS2_PLACEMENT_3D('',#3399,#3400,#3401);
#1582=EDGE_LOOP('',(#3402,#3403,#3404,#3405,#3406,#3407));
#1583=AXIS2_PLACEMENT_3D('',#3408,#3409,#3410);
#1584=EDGE_LOOP('',(#3411,#3412,#3413,#3414,#3415,#3416,#3417,#3418,#3419,#3420,#3421,#3422));
#1585=AXIS2_PLACEMENT_3D('',#3423,#3424,#3425);
#1586=EDGE_LOOP('',(#3426,#3427,#3428));
#1587=AXIS2_PLACEMENT_3D('',#3429,#3430,#3431);
#1588=EDGE_LOOP('',(#3432,#3433,#3434,#3435,#3436,#3437,#3438));
#1589=AXIS2_PLACEMENT_3D('',#3439,#3440,#3441);
#1590=EDGE_LOOP('',(#3442,#3443,#3444,#3445));
#1591=AXIS2_PLACEMENT_3D('',#3446,#3447,#3448);
#1592=EDGE_LOOP('',(#3449,#3450,#3451));
#1593=AXIS2_PLACEMENT_3D('',#3452,#3453,#3454);
#1594=EDGE_LOOP('',(#3455,#3456,#3457,#3458,#3459,#3460));
#1595=AXIS2_PLACEMENT_3D('',#3461,#3462,#3463);
#1596=EDGE_LOOP('',(#3464,#3465,#3466));
#1597=AXIS2_PLACEMENT_3D('',#3467,#3468,#3469);
#1598=EDGE_LOOP('',(#3470,#3471,#3472,#3473,#3474,#3475));
#1599=AXIS2_PLACEMENT_3D('',#3476,#3477,#3478);
#1600=EDGE_LOOP('',(#3479,#3480,#3481,#3482));
#1601=AXIS2_PLACEMENT_3D('',#3483,#3484,#3485);
#1602=EDGE_LOOP('',(#3486,#3487,#3488,#3489));
#1603=AXIS2_PLACEMENT_3D('',#3490,#3491,#3492);
#1604=EDGE_LOOP('',(#3493,#3494,#3495,#3496));
#1605=AXIS2_PLACEMENT_3D('',#3497,#3498,#3499);
#1606=EDGE_LOOP('',(#3500,#3501,#3502,#3503,#3504,#3505,#3506,#3507,#3508,#3509,#3510,#3511,#3512,#3513,#3514,#3515,#3516,#3517,#3518,#3519,#3520,#3521,#3522,#3523,#3524,#3525,#3526,#3527,#3528,#3529,#3530,#3531));
#1607=AXIS2_PLACEMENT_3D('',#3532,#3533,#3534);
#1608=EDGE_LOOP('',(#3535,#3536,#3537,#3538));
#1609=AXIS2_PLACEMENT_3D('',#3539,#3540,#3541);
#1610=EDGE_LOOP('',(#3542,#3543,#3544,#3545,#3546,#3547,#3548));
#1611=AXIS2_PLACEMENT_3D('',#3549,#3550,#3551);
#1612=EDGE_LOOP('',(#3552,#3553,#3554,#3555));
#1613=AXIS2_PLACEMENT_3D('',#3556,#3557,#3558);
#1614=EDGE_LOOP('',(#3559,#3560,#3561,#3562));
#1615=AXIS2_PLACEMENT_3D('',#3563,#3564,#3565);
#1616=EDGE_LOOP('',(#3566,#3567,#3568,#3569));
#1617=AXIS2_PLACEMENT_3D('',#3570,#3571,#3572);
#1618=EDGE_LOOP('',(#3573,#3574,#3575,#3576));
#1619=AXIS2_PLACEMENT_3D('',#3577,#3578,#3579);
#1620=EDGE_LOOP('',(#3580,#3581,#3582,#3583,#3584,#3585,#3586));
#1621=AXIS2_PLACEMENT_3D('',#3587,#3588,#3589);
#1622=EDGE_LOOP('',(#3590,#3591,#3592,#3593,#3594,#3595,#3596,#3597));
#1623=AXIS2_PLACEMENT_3D('',#3598,#3599,#3600);
#1624=EDGE_LOOP('',(#3601,#3602,#3603,#3604,#3605,#3606));
#1625=AXIS2_PLACEMENT_3D('',#3607,#3608,#3609);
#1626=EDGE_LOOP('',(#3610,#3611,#3612,#3613,#3614,#3615));
#1627=AXIS2_PLACEMENT_3D('',#3616,#3617,#3618);
#1628=EDGE_LOOP('',(#3619,#3620,#3621,#3622,#3623,#3624,#3625,#3626,#3627,#3628,#3629,#3630));
#1629=AXIS2_PLACEMENT_3D('',#3631,#3632,#3633);
#1630=EDGE_LOOP('',(#3634,#3635,#3636));
#1631=AXIS2_PLACEMENT_3D('',#3637,#3638,#3639);
#1632=EDGE_LOOP('',(#3640,#3641,#3642,#3643,#3644,#3645,#3646));
#1633=AXIS2_PLACEMENT_3D('',#3647,#3648,#3649);
#1634=EDGE_LOOP('',(#3650,#3651,#3652,#3653));
#1635=AXIS2_PLACEMENT_3D('',#3654,#3655,#3656);
#1636=EDGE_LOOP('',(#3657,#3658,#3659));
#1637=AXIS2_PLACEMENT_3D('',#3660,#3661,#3662);
#1638=EDGE_LOOP('',(#3663,#3664,#3665,#3666,#3667,#3668));
#1639=AXIS2_PLACEMENT_3D('',#3669,#3670,#3671);
#1640=EDGE_LOOP('',(#3672,#3673,#3674));
#1641=AXIS2_PLACEMENT_3D('',#3675,#3676,#3677);
#1642=EDGE_LOOP('',(#3678,#3679,#3680,#3681,#3682,#3683));
#1643=AXIS2_PLACEMENT_3D('',#3684,#3685,#3686);
#1644=EDGE_LOOP('',(#3687,#3688,#3689,#3690));
#1645=AXIS2_PLACEMENT_3D('',#3691,#3692,#3693);
#1646=EDGE_LOOP('',(#3694,#3695,#3696,#3697));
#1647=AXIS2_PLACEMENT_3D('',#3698,#3699,#3700);
#1648=EDGE_LOOP('',(#3701,#3702,#3703,#3704));
#1649=AXIS2_PLACEMENT_3D('',#3705,#3706,#3707);
#1650=EDGE_LOOP('',(#3708,#3709,#3710,#3711,#3712,#3713,#3714));
#1651=AXIS2_PLACEMENT_3D('',#3715,#3716,#3717);
#1652=EDGE_LOOP('',(#3718,#3719,#3720,#3721,#3722,#3723,#3724));
#1653=AXIS2_PLACEMENT_3D('',#3725,#3726,#3727);
#1654=EDGE_LOOP('',(#3728,#3729,#3730,#3731,#3732,#3733,#3734));
#1655=AXIS2_PLACEMENT_3D('',#3735,#3736,#3737);
#1656=EDGE_LOOP('',(#3738,#3739,#3740,#3741));
#1657=AXIS2_PLACEMENT_3D('',#3742,#3743,#3744);
#1658=EDGE_LOOP('',(#3745,#3746,#3747,#3748,#3749,#3750,#3751,#3752,#3753,#3754,#3755,#3756,#3757,#3758,#3759,#3760,#3761,#3762,#3763,#3764,#3765,#3766,#3767,#3768,#3769,#3770,#3771,#3772,#3773,#3774,#3775,#3776,#3777,#3778,#3779,#3780,#3781,#3782));
#1659=EDGE_LOOP('',(#3783,#3784));
#1660=EDGE_LOOP('',(#3785,#3786));
#1661=EDGE_LOOP('',(#3787,#3788));
#1662=EDGE_LOOP('',(#3789,#3790));
#1663=EDGE_LOOP('',(#3791,#3792));
#1664=EDGE_LOOP('',(#3793,#3794,#3795,#3796));
#1665=AXIS2_PLACEMENT_3D('',#3797,#3798,#3799);
#1666=EDGE_LOOP('',(#3800,#3801,#3802,#3803,#3804,#3805,#3806,#3807,#3808,#3809,#3810,#3811,#3812,#3813,#3814,#3815,#3816,#3817,#3818,#3819,#3820,#3821,#3822,#3823));
#1667=EDGE_LOOP('',(#3824,#3825,#3826,#3827));
#1668=EDGE_LOOP('',(#3828,#3829,#3830,#3831));
#1669=EDGE_LOOP('',(#3832,#3833,#3834,#3835));
#1670=AXIS2_PLACEMENT_3D('',#3836,#3837,#3838);
#1671=EDGE_LOOP('',(#3839,#3840,#3841,#3842,#3843));
#1672=AXIS2_PLACEMENT_3D('',#3844,#3845,#3846);
#1673=EDGE_LOOP('',(#3847,#3848,#3849,#3850,#3851));
#1674=AXIS2_PLACEMENT_3D('',#3852,#3853,#3854);
#1675=EDGE_LOOP('',(#3855,#3856,#3857,#3858));
#1676=AXIS2_PLACEMENT_3D('',#3859,#3860,#3861);
#1677=EDGE_LOOP('',(#3862,#3863,#3864,#3865));
#1678=AXIS2_PLACEMENT_3D('',#3866,#3867,#3868);
#1679=EDGE_LOOP('',(#3869,#3870,#3871,#3872));
#1680=AXIS2_PLACEMENT_3D('',#3873,#3874,#3875);
#1681=EDGE_LOOP('',(#3876,#3877,#3878,#3879,#3880,#3881,#3882,#3883,#3884));
#1682=AXIS2_PLACEMENT_3D('',#3885,#3886,#3887);
#1683=EDGE_LOOP('',(#3888,#3889,#3890,#3891));
#1684=AXIS2_PLACEMENT_3D('',#3892,#3893,#3894);
#1685=EDGE_LOOP('',(#3895,#3896,#3897,#3898));
#1686=AXIS2_PLACEMENT_3D('',#3899,#3900,#3901);
#1687=EDGE_LOOP('',(#3902,#3903,#3904,#3905));
#1688=AXIS2_PLACEMENT_3D('',#3906,#3907,#3908);
#1689=EDGE_LOOP('',(#3909,#3910,#3911,#3912));
#1690=AXIS2_PLACEMENT_3D('',#3913,#3914,#3915);
#1691=EDGE_LOOP('',(#3916,#3917,#3918,#3919));
#1692=AXIS2_PLACEMENT_3D('',#3920,#3921,#3922);
#1693=EDGE_LOOP('',(#3923,#3924,#3925,#3926));
#1694=AXIS2_PLACEMENT_3D('',#3927,#3928,#3929);
#1695=EDGE_LOOP('',(#3930,#3931,#3932,#3933));
#1696=AXIS2_PLACEMENT_3D('',#3934,#3935,#3936);
#1697=EDGE_LOOP('',(#3937,#3938,#3939,#3940));
#1698=AXIS2_PLACEMENT_3D('',#3941,#3942,#3943);
#1699=EDGE_LOOP('',(#3944,#3945,#3946,#3947,#3948));
#1700=AXIS2_PLACEMENT_3D('',#3949,#3950,#3951);
#1701=EDGE_LOOP('',(#3952,#3953,#3954,#3955,#3956));
#1702=AXIS2_PLACEMENT_3D('',#3957,#3958,#3959);
#1703=EDGE_LOOP('',(#3960,#3961,#3962,#3963));
#1704=AXIS2_PLACEMENT_3D('',#3964,#3965,#3966);
#1705=EDGE_LOOP('',(#3967,#3968,#3969,#3970,#3971,#3972,#3973,#3974,#3975));
#1706=AXIS2_PLACEMENT_3D('',#3976,#3977,#3978);
#1707=EDGE_LOOP('',(#3979,#3980,#3981,#3982));
#1708=AXIS2_PLACEMENT_3D('',#3983,#3984,#3985);
#1709=EDGE_LOOP('',(#3986,#3987,#3988,#3989));
#1710=AXIS2_PLACEMENT_3D('',#3990,#3991,#3992);
#1711=EDGE_LOOP('',(#3993,#3994,#3995,#3996));
#1712=AXIS2_PLACEMENT_3D('',#3997,#3998,#3999);
#1713=EDGE_LOOP('',(#4000,#4001,#4002,#4003));
#1714=AXIS2_PLACEMENT_3D('',#4004,#4005,#4006);
#1715=EDGE_LOOP('',(#4007,#4008,#4009,#4010,#4011));
#1716=AXIS2_PLACEMENT_3D('',#4012,#4013,#4014);
#1717=EDGE_LOOP('',(#4015,#4016,#4017,#4018,#4019));
#1718=AXIS2_PLACEMENT_3D('',#4020,#4021,#4022);
#1719=EDGE_LOOP('',(#4023,#4024,#4025,#4026));
#1720=AXIS2_PLACEMENT_3D('',#4027,#4028,#4029);
#1721=EDGE_LOOP('',(#4030,#4031,#4032,#4033));
#1722=AXIS2_PLACEMENT_3D('',#4034,#4035,#4036);
#1723=EDGE_LOOP('',(#4037,#4038,#4039,#4040));
#1724=AXIS2_PLACEMENT_3D('',#4041,#4042,#4043);
#1725=EDGE_LOOP('',(#4044,#4045,#4046,#4047,#4048));
#1726=AXIS2_PLACEMENT_3D('',#4049,#4050,#4051);
#1727=EDGE_LOOP('',(#4052,#4053,#4054,#4055,#4056));
#1728=AXIS2_PLACEMENT_3D('',#4057,#4058,#4059);
#1729=EDGE_LOOP('',(#4060,#4061,#4062,#4063));
#1730=AXIS2_PLACEMENT_3D('',#4064,#4065,#4066);
#1731=EDGE_LOOP('',(#4067,#4068,#4069,#4070));
#1732=AXIS2_PLACEMENT_3D('',#4071,#4072,#4073);
#1733=EDGE_LOOP('',(#4074,#4075,#4076,#4077));
#1734=AXIS2_PLACEMENT_3D('',#4078,#4079,#4080);
#1735=EDGE_LOOP('',(#4081,#4082,#4083,#4084,#4085));
#1736=AXIS2_PLACEMENT_3D('',#4086,#4087,#4088);
#1737=EDGE_LOOP('',(#4089,#4090,#4091,#4092,#4093));
#1738=AXIS2_PLACEMENT_3D('',#4094,#4095,#4096);
#1739=EDGE_LOOP('',(#4097,#4098,#4099,#4100));
#1740=AXIS2_PLACEMENT_3D('',#4101,#4102,#4103);
#1741=EDGE_LOOP('',(#4104,#4105,#4106,#4107));
#1742=AXIS2_PLACEMENT_3D('',#4108,#4109,#4110);
#1743=EDGE_LOOP('',(#4111,#4112,#4113,#4114));
#1744=AXIS2_PLACEMENT_3D('',#4115,#4116,#4117);
#1745=EDGE_LOOP('',(#4118,#4119,#4120,#4121));
#1746=AXIS2_PLACEMENT_3D('',#4122,#4123,#4124);
#1747=EDGE_LOOP('',(#4125,#4126,#4127,#4128,#4129,#4130,#4131,#4132,#4133,#4134,#4135,#4136,#4137,#4138));
#1748=AXIS2_PLACEMENT_3D('',#4139,#4140,#4141);
#1749=EDGE_LOOP('',(#4142,#4143,#4144,#4145));
#1750=AXIS2_PLACEMENT_3D('',#4146,#4147,#4148);
#1751=EDGE_LOOP('',(#4149,#4150,#4151,#4152,#4153,#4154,#4155,#4156,#4157,#4158,#4159,#4160,#4161,#4162));
#1752=AXIS2_PLACEMENT_3D('',#4163,#4164,#4165);
#1753=EDGE_LOOP('',(#4166,#4167,#4168,#4169));
#1754=AXIS2_PLACEMENT_3D('',#4170,#4171,#4172);
#1755=EDGE_LOOP('',(#4173,#4174,#4175,#4176));
#1756=AXIS2_PLACEMENT_3D('',#4177,#4178,#4179);
#1757=EDGE_LOOP('',(#4180,#4181,#4182,#4183));
#1758=AXIS2_PLACEMENT_3D('',#4184,#4185,#4186);
#1759=EDGE_LOOP('',(#4187,#4188,#4189,#4190));
#1760=AXIS2_PLACEMENT_3D('',#4191,#4192,#4193);
#1761=EDGE_LOOP('',(#4194,#4195,#4196,#4197));
#1762=AXIS2_PLACEMENT_3D('',#4198,#4199,#4200);
#1763=EDGE_LOOP('',(#4201,#4202,#4203,#4204));
#1764=AXIS2_PLACEMENT_3D('',#4205,#4206,#4207);
#1765=EDGE_LOOP('',(#4208,#4209,#4210,#4211));
#1766=AXIS2_PLACEMENT_3D('',#4212,#4213,#4214);
#1767=EDGE_LOOP('',(#4215,#4216,#4217,#4218));
#1768=AXIS2_PLACEMENT_3D('',#4219,#4220,#4221);
#1769=EDGE_LOOP('',(#4222,#4223,#4224,#4225));
#1770=AXIS2_PLACEMENT_3D('',#4226,#4227,#4228);
#1771=EDGE_LOOP('',(#4229,#4230,#4231,#4232));
#1772=AXIS2_PLACEMENT_3D('',#4233,#4234,#4235);
#1773=EDGE_LOOP('',(#4236,#4237,#4238,#4239,#4240,#4241,#4242,#4243,#4244,#4245,#4246,#4247,#4248,#4249));
#1774=AXIS2_PLACEMENT_3D('',#4250,#4251,#4252);
#1775=EDGE_LOOP('',(#4253,#4254,#4255,#4256));
#1776=AXIS2_PLACEMENT_3D('',#4257,#4258,#4259);
#1777=EDGE_LOOP('',(#4260,#4261,#4262,#4263,#4264,#4265,#4266,#4267,#4268,#4269,#4270,#4271,#4272,#4273));
#1778=AXIS2_PLACEMENT_3D('',#4274,#4275,#4276);
#1779=EDGE_LOOP('',(#4277,#4278,#4279,#4280));
#1780=AXIS2_PLACEMENT_3D('',#4281,#4282,#4283);
#1781=EDGE_LOOP('',(#4284,#4285,#4286,#4287));
#1782=AXIS2_PLACEMENT_3D('',#4288,#4289,#4290);
#1783=EDGE_LOOP('',(#4291,#4292,#4293,#4294));
#1784=AXIS2_PLACEMENT_3D('',#4295,#4296,#4297);
#1785=EDGE_LOOP('',(#4298,#4299,#4300,#4301));
#1786=AXIS2_PLACEMENT_3D('',#4302,#4303,#4304);
#1787=EDGE_LOOP('',(#4305,#4306,#4307,#4308));
#1788=AXIS2_PLACEMENT_3D('',#4309,#4310,#4311);
#1789=EDGE_LOOP('',(#4312,#4313,#4314,#4315));
#1790=AXIS2_PLACEMENT_3D('',#4316,#4317,#4318);
#1791=EDGE_LOOP('',(#4319,#4320,#4321,#4322));
#1792=AXIS2_PLACEMENT_3D('',#4323,#4324,#4325);
#1793=EDGE_LOOP('',(#4326,#4327,#4328,#4329));
#1794=AXIS2_PLACEMENT_3D('',#4330,#4331,#4332);
#1795=EDGE_LOOP('',(#4333,#4334,#4335,#4336));
#1796=AXIS2_PLACEMENT_3D('',#4337,#4338,#4339);
#1797=EDGE_LOOP('',(#4340,#4341,#4342,#4343));
#1798=AXIS2_PLACEMENT_3D('',#4344,#4345,#4346);
#1799=EDGE_LOOP('',(#4347,#4348,#4349,#4350,#4351,#4352,#4353,#4354,#4355,#4356,#4357,#4358,#4359,#4360));
#1800=AXIS2_PLACEMENT_3D('',#4361,#4362,#4363);
#1801=EDGE_LOOP('',(#4364,#4365,#4366,#4367));
#1802=AXIS2_PLACEMENT_3D('',#4368,#4369,#4370);
#1803=EDGE_LOOP('',(#4371,#4372,#4373,#4374,#4375,#4376,#4377,#4378,#4379,#4380,#4381,#4382,#4383,#4384));
#1804=AXIS2_PLACEMENT_3D('',#4385,#4386,#4387);
#1805=EDGE_LOOP('',(#4388,#4389,#4390,#4391));
#1806=AXIS2_PLACEMENT_3D('',#4392,#4393,#4394);
#1807=EDGE_LOOP('',(#4395,#4396,#4397,#4398));
#1808=AXIS2_PLACEMENT_3D('',#4399,#4400,#4401);
#1809=EDGE_LOOP('',(#4402,#4403,#4404,#4405));
#1810=AXIS2_PLACEMENT_3D('',#4406,#4407,#4408);
#1811=EDGE_LOOP('',(#4409,#4410,#4411,#4412));
#1812=AXIS2_PLACEMENT_3D('',#4413,#4414,#4415);
#1813=EDGE_LOOP('',(#4416,#4417,#4418,#4419));
#1814=AXIS2_PLACEMENT_3D('',#4420,#4421,#4422);
#1815=EDGE_LOOP('',(#4423,#4424,#4425,#4426));
#1816=AXIS2_PLACEMENT_3D('',#4427,#4428,#4429);
#1817=EDGE_LOOP('',(#4430,#4431,#4432,#4433));
#1818=AXIS2_PLACEMENT_3D('',#4434,#4435,#4436);
#1819=EDGE_LOOP('',(#4437,#4438,#4439,#4440));
#1820=AXIS2_PLACEMENT_3D('',#4441,#4442,#4443);
#1821=EDGE_LOOP('',(#4444,#4445,#4446,#4447));
#1822=AXIS2_PLACEMENT_3D('',#4448,#4449,#4450);
#1823=EDGE_LOOP('',(#4451,#4452,#4453,#4454));
#1824=AXIS2_PLACEMENT_3D('',#4455,#4456,#4457);
#1825=EDGE_LOOP('',(#4458,#4459,#4460,#4461));
#1826=AXIS2_PLACEMENT_3D('',#4462,#4463,#4464);
#1827=EDGE_LOOP('',(#4465,#4466,#4467,#4468));
#1828=AXIS2_PLACEMENT_3D('',#4469,#4470,#4471);
#1829=EDGE_LOOP('',(#4472,#4473,#4474,#4475));
#1830=AXIS2_PLACEMENT_3D('',#4476,#4477,#4478);
#1831=EDGE_LOOP('',(#4479,#4480,#4481,#4482,#4483,#4484,#4485,#4486,#4487,#4488,#4489,#4490,#4491,#4492,#4493,#4494,#4495,#4496,#4497,#4498,#4499,#4500,#4501,#4502,#4503));
#1832=AXIS2_PLACEMENT_3D('',#4504,#4505,#4506);
#1833=EDGE_LOOP('',(#4507,#4508,#4509,#4510));
#1834=AXIS2_PLACEMENT_3D('',#4511,#4512,#4513);
#1835=EDGE_LOOP('',(#4514,#4515,#4516,#4517,#4518,#4519,#4520,#4521,#4522));
#1836=AXIS2_PLACEMENT_3D('',#4523,#4524,#4525);
#1837=EDGE_LOOP('',(#4526,#4527,#4528,#4529));
#1838=AXIS2_PLACEMENT_3D('',#4530,#4531,#4532);
#1839=EDGE_LOOP('',(#4533,#4534,#4535,#4536,#4537,#4538));
#1840=AXIS2_PLACEMENT_3D('',#4539,#4540,#4541);
#1841=EDGE_LOOP('',(#4542,#4543,#4544,#4545,#4546,#4547,#4548,#4549,#4550,#4551,#4552,#4553,#4554,#4555));
#1842=AXIS2_PLACEMENT_3D('',#4556,#4557,#4558);
#1843=EDGE_LOOP('',(#4559,#4560,#4561,#4562,#4563));
#1844=AXIS2_PLACEMENT_3D('',#4564,#4565,#4566);
#1845=EDGE_LOOP('',(#4567,#4568,#4569,#4570));
#1846=AXIS2_PLACEMENT_3D('',#4571,#4572,#4573);
#1847=EDGE_LOOP('',(#4574,#4575,#4576,#4577,#4578,#4579,#4580,#4581));
#1848=AXIS2_PLACEMENT_3D('',#4582,#4583,#4584);
#1849=EDGE_LOOP('',(#4585,#4586,#4587,#4588));
#1850=AXIS2_PLACEMENT_3D('',#4589,#4590,#4591);
#1851=EDGE_LOOP('',(#4592,#4593,#4594,#4595));
#1852=AXIS2_PLACEMENT_3D('',#4596,#4597,#4598);
#1853=EDGE_LOOP('',(#4599,#4600,#4601,#4602));
#1854=AXIS2_PLACEMENT_3D('',#4603,#4604,#4605);
#1855=EDGE_LOOP('',(#4606,#4607,#4608,#4609));
#1856=AXIS2_PLACEMENT_3D('',#4610,#4611,#4612);
#1857=EDGE_LOOP('',(#4613,#4614,#4615,#4616));
#1858=AXIS2_PLACEMENT_3D('',#4617,#4618,#4619);
#1859=EDGE_LOOP('',(#4620,#4621,#4622,#4623));
#1860=AXIS2_PLACEMENT_3D('',#4624,#4625,#4626);
#1861=EDGE_LOOP('',(#4627,#4628,#4629,#4630));
#1862=AXIS2_PLACEMENT_3D('',#4631,#4632,#4633);
#1863=EDGE_LOOP('',(#4634,#4635,#4636,#4637));
#1864=AXIS2_PLACEMENT_3D('',#4638,#4639,#4640);
#1865=EDGE_LOOP('',(#4641,#4642,#4643,#4644));
#1866=AXIS2_PLACEMENT_3D('',#4645,#4646,#4647);
#1867=EDGE_LOOP('',(#4648,#4649,#4650,#4651));
#1868=AXIS2_PLACEMENT_3D('',#4652,#4653,#4654);
#1869=EDGE_LOOP('',(#4655,#4656,#4657,#4658,#4659));
#1870=AXIS2_PLACEMENT_3D('',#4660,#4661,#4662);
#1871=EDGE_LOOP('',(#4663,#4664,#4665,#4666));
#1872=AXIS2_PLACEMENT_3D('',#4667,#4668,#4669);
#1873=EDGE_LOOP('',(#4670,#4671,#4672,#4673,#4674));
#1874=AXIS2_PLACEMENT_3D('',#4675,#4676,#4677);
#1875=EDGE_LOOP('',(#4678,#4679,#4680,#4681));
#1876=AXIS2_PLACEMENT_3D('',#4682,#4683,#4684);
#1877=EDGE_LOOP('',(#4685,#4686,#4687,#4688));
#1878=AXIS2_PLACEMENT_3D('',#4689,#4690,#4691);
#1879=EDGE_LOOP('',(#4692,#4693,#4694,#4695));
#1880=AXIS2_PLACEMENT_3D('',#4696,#4697,#4698);
#1881=EDGE_LOOP('',(#4699,#4700,#4701,#4702));
#1882=AXIS2_PLACEMENT_3D('',#4703,#4704,#4705);
#1883=EDGE_LOOP('',(#4706,#4707,#4708,#4709));
#1884=AXIS2_PLACEMENT_3D('',#4710,#4711,#4712);
#1885=EDGE_LOOP('',(#4713,#4714,#4715,#4716));
#1886=AXIS2_PLACEMENT_3D('',#4717,#4718,#4719);
#1887=EDGE_LOOP('',(#4720,#4721,#4722,#4723));
#1888=AXIS2_PLACEMENT_3D('',#4724,#4725,#4726);
#1889=EDGE_LOOP('',(#4727,#4728,#4729,#4730,#4731,#4732));
#1890=AXIS2_PLACEMENT_3D('',#4733,#4734,#4735);
#1891=EDGE_LOOP('',(#4736,#4737,#4738,#4739,#4740,#4741));
#1892=AXIS2_PLACEMENT_3D('',#4742,#4743,#4744);
#1893=EDGE_LOOP('',(#4745,#4746,#4747,#4748));
#1894=AXIS2_PLACEMENT_3D('',#4749,#4750,#4751);
#1895=EDGE_LOOP('',(#4752,#4753,#4754,#4755));
#1896=AXIS2_PLACEMENT_3D('',#4756,#4757,#4758);
#1897=EDGE_LOOP('',(#4759,#4760,#4761,#4762,#4763,#4764,#4765,#4766));
#1898=AXIS2_PLACEMENT_3D('',#4767,#4768,#4769);
#1899=EDGE_LOOP('',(#4770,#4771,#4772,#4773,#4774,#4775,#4776,#4777,#4778));
#1900=AXIS2_PLACEMENT_3D('',#4779,#4780,#4781);
#1901=EDGE_LOOP('',(#4782,#4783,#4784,#4785));
#1902=AXIS2_PLACEMENT_3D('',#4786,#4787,#4788);
#1903=EDGE_LOOP('',(#4789,#4790,#4791,#4792));
#1904=AXIS2_PLACEMENT_3D('',#4793,#4794,#4795);
#1905=EDGE_LOOP('',(#4796,#4797,#4798,#4799,#4800,#4801,#4802,#4803,#4804,#4805,#4806,#4807,#4808,#4809,#4810,#4811,#4812,#4813,#4814,#4815,#4816,#4817,#4818,#4819,#4820));
#1906=AXIS2_PLACEMENT_3D('',#4821,#4822,#4823);
#1907=EDGE_LOOP('',(#4824,#4825,#4826,#4827));
#1908=AXIS2_PLACEMENT_3D('',#4828,#4829,#4830);
#1909=EDGE_LOOP('',(#4831,#4832,#4833,#4834));
#1910=AXIS2_PLACEMENT_3D('',#4835,#4836,#4837);
#1911=EDGE_LOOP('',(#4838,#4839,#4840,#4841));
#1912=AXIS2_PLACEMENT_3D('',#4842,#4843,#4844);
#1913=EDGE_LOOP('',(#4845,#4846,#4847,#4848));
#1914=AXIS2_PLACEMENT_3D('',#4849,#4850,#4851);
#1915=EDGE_LOOP('',(#4852,#4853,#4854,#4855,#4856,#4857,#4858,#4859,#4860,#4861,#4862,#4863,#4864,#4865,#4866,#4867));
#1916=AXIS2_PLACEMENT_3D('',#4868,#4869,#4870);
#1917=EDGE_LOOP('',(#4871,#4872,#4873,#4874));
#1918=AXIS2_PLACEMENT_3D('',#4875,#4876,#4877);
#1919=EDGE_LOOP('',(#4878,#4879,#4880,#4881,#4882,#4883));
#1920=AXIS2_PLACEMENT_3D('',#4884,#4885,#4886);
#1921=EDGE_LOOP('',(#4887,#4888,#4889,#4890));
#1922=AXIS2_PLACEMENT_3D('',#4891,#4892,#4893);
#1923=EDGE_LOOP('',(#4894,#4895,#4896,#4897));
#1924=AXIS2_PLACEMENT_3D('',#4898,#4899,#4900);
#1925=EDGE_LOOP('',(#4901,#4902,#4903,#4904));
#1926=AXIS2_PLACEMENT_3D('',#4905,#4906,#4907);
#1927=EDGE_LOOP('',(#4908,#4909,#4910,#4911));
#1929=CARTESIAN_POINT('',(2.50002119922934,-2.03636665026598,-12.5513679825679));
#1930=CARTESIAN_POINT('',(2.49878679537845,-2.08882459559682,-12.5803664068386));
#1931=CARTESIAN_POINT('',(2.54093603619879,-2.12620699462018,-12.6010311633448));
#1932=CARTESIAN_POINT('',(2.60099790836795,-2.12568241760711,-12.6007411804524));
#1933=CARTESIAN_POINT('',(2.50002119922934,-2.02754391814892,-12.5673282428503));
#1934=CARTESIAN_POINT('',(2.49878679537845,-2.06897101311639,-12.6162813977616));
#1935=CARTESIAN_POINT('',(2.54093603619879,-2.09849264582022,-12.6511662251922));
#1936=CARTESIAN_POINT('',(2.60099790836795,-2.09807837679783,-12.6506766959221));
#1937=CARTESIAN_POINT('',(2.50002119922934,-2.01175063214889,-12.5764465007727));
#1938=CARTESIAN_POINT('',(2.49878679537845,-2.03343176041437,-12.6367999948751));
#1939=CARTESIAN_POINT('',(2.54093603619879,-2.04888209082649,-12.6798088924722));
#1940=CARTESIAN_POINT('',(2.60099790836795,-2.04866528055254,-12.6792053603394));
#1941=CARTESIAN_POINT('',(2.50002119922934,-1.99351727523634,-12.5761070807803));
#1942=CARTESIAN_POINT('',(2.49878679537845,-1.99240167466067,-12.6360362062014));
#1943=CARTESIAN_POINT('',(2.54093603619879,-1.9916066792485,-12.6787426916599));
#1944=CARTESIAN_POINT('',(2.60099790836795,-1.99161783520236,-12.6781434031929));
#1951=EDGE_LOOP('',(#4912,#4913,#4914,#4915));
#1952=AXIS2_PLACEMENT_3D('',#4916,#4917,#4918);
#1953=EDGE_LOOP('',(#4919,#4920,#4921,#4922,#4923));
#1954=AXIS2_PLACEMENT_3D('',#4924,#4925,#4926);
#1955=EDGE_LOOP('',(#4927,#4928,#4929,#4930));
#1956=AXIS2_PLACEMENT_3D('',#4931,#4932,#4933);
#1957=EDGE_LOOP('',(#4934,#4935,#4936,#4937));
#1959=CARTESIAN_POINT('',(2.50002119922931,-2.97679729982584,-12.5761070807796));
#1960=CARTESIAN_POINT('',(2.4987867953794,-2.97791290040135,-12.6360362062025));
#1961=CARTESIAN_POINT('',(2.54093603619963,-2.97870789581368,-12.6787426916641));
#1962=CARTESIAN_POINT('',(2.60099790836795,-2.97869673985963,-12.6781434031972));
#1963=CARTESIAN_POINT('',(2.50002119922931,-2.95856394291545,-12.5764465007759));
#1964=CARTESIAN_POINT('',(2.4987867953794,-2.93688281465357,-12.6367999948756));
#1965=CARTESIAN_POINT('',(2.54093603619963,-2.92143248424412,-12.679808892476));
#1966=CARTESIAN_POINT('',(2.60099790836795,-2.92164929451827,-12.6792053603429));
#1967=CARTESIAN_POINT('',(2.50002119922931,-2.94277065691748,-12.5673282428527));
#1968=CARTESIAN_POINT('',(2.4987867953794,-2.9013435619574,-12.6162813977668));
#1969=CARTESIAN_POINT('',(2.54093603619963,-2.87182192925879,-12.651166225204));
#1970=CARTESIAN_POINT('',(2.60099790836795,-2.87223619828129,-12.6506766959312));
#1971=CARTESIAN_POINT('',(2.50002119922931,-2.93394792479869,-12.5513679825796));
#1972=CARTESIAN_POINT('',(2.4987867953794,-2.88148997947434,-12.580366406859));
#1973=CARTESIAN_POINT('',(2.54093603619963,-2.84410758045578,-12.6010311633736));
#1974=CARTESIAN_POINT('',(2.60099790836795,-2.8446321574691,-12.6007411804775));
#1981=EDGE_LOOP('',(#4938,#4939,#4940,#4941));
#1982=AXIS2_PLACEMENT_3D('',#4942,#4943,#4944);
#1983=EDGE_LOOP('',(#4945,#4946,#4947,#4948));
#1984=AXIS2_PLACEMENT_3D('',#4949,#4950,#4951);
#1985=EDGE_LOOP('',(#4952,#4953,#4954,#4955));
#1986=AXIS2_PLACEMENT_3D('',#4956,#4957,#4958);
#1987=EDGE_LOOP('',(#4959,#4960,#4961));
#1988=AXIS2_PLACEMENT_3D('',#4962,#4963,#4964);
#1989=EDGE_LOOP('',(#4965,#4966,#4967,#4968));
#1990=AXIS2_PLACEMENT_3D('',#4969,#4970,#4971);
#1991=EDGE_LOOP('',(#4972,#4973,#4974,#4975));
#1992=AXIS2_PLACEMENT_3D('',#4976,#4977,#4978);
#1993=EDGE_LOOP('',(#4979,#4980,#4981,#4982));
#1994=AXIS2_PLACEMENT_3D('',#4983,#4984,#4985);
#1995=EDGE_LOOP('',(#4986,#4987,#4988));
#1996=AXIS2_PLACEMENT_3D('',#4989,#4990,#4991);
#1997=EDGE_LOOP('',(#4992,#4993,#4994,#4995));
#1998=AXIS2_PLACEMENT_3D('',#4996,#4997,#4998);
#1999=EDGE_LOOP('',(#4999,#5000,#5001));
#2000=AXIS2_PLACEMENT_3D('',#5002,#5003,#5004);
#2001=EDGE_LOOP('',(#5005,#5006,#5007,#5008));
#2002=AXIS2_PLACEMENT_3D('',#5009,#5010,#5011);
#2003=EDGE_LOOP('',(#5012,#5013,#5014,#5015));
#2004=AXIS2_PLACEMENT_3D('',#5016,#5017,#5018);
#2005=EDGE_LOOP('',(#5019,#5020,#5021));
#2006=AXIS2_PLACEMENT_3D('',#5022,#5023,#5024);
#2007=EDGE_LOOP('',(#5025,#5026,#5027,#5028));
#2008=AXIS2_PLACEMENT_3D('',#5029,#5030,#5031);
#2009=EDGE_LOOP('',(#5032,#5033,#5034,#5035));
#2010=AXIS2_PLACEMENT_3D('',#5036,#5037,#5038);
#2011=EDGE_LOOP('',(#5039,#5040,#5041,#5042));
#2012=AXIS2_PLACEMENT_3D('',#5043,#5044,#5045);
#2013=EDGE_LOOP('',(#5046,#5047,#5048,#5049));
#2015=CARTESIAN_POINT('',(5.09900209163205,-2.97869673985963,-12.6781434031972));
#2016=CARTESIAN_POINT('',(5.15906396380037,-2.97870789581367,-12.6787426916641));
#2017=CARTESIAN_POINT('',(5.20121320462061,-2.97791290040135,-12.6360362062025));
#2018=CARTESIAN_POINT('',(5.19997880077069,-2.97679729982584,-12.5761070807796));
#2019=CARTESIAN_POINT('',(5.09900209163205,-2.92164929451826,-12.6792053603429));
#2020=CARTESIAN_POINT('',(5.15906396380037,-2.92143248424411,-12.679808892476));
#2021=CARTESIAN_POINT('',(5.20121320462061,-2.93688281465357,-12.6367999948756));
#2022=CARTESIAN_POINT('',(5.19997880077069,-2.95856394291545,-12.5764465007759));
#2023=CARTESIAN_POINT('',(5.09900209163205,-2.87223619828128,-12.6506766959312));
#2024=CARTESIAN_POINT('',(5.15906396380037,-2.87182192925878,-12.651166225204));
#2025=CARTESIAN_POINT('',(5.20121320462061,-2.9013435619574,-12.6162813977668));
#2026=CARTESIAN_POINT('',(5.19997880077069,-2.94277065691748,-12.5673282428527));
#2027=CARTESIAN_POINT('',(5.09900209163205,-2.84463215746909,-12.6007411804775));
#2028=CARTESIAN_POINT('',(5.15906396380037,-2.84410758045577,-12.6010311633736));
#2029=CARTESIAN_POINT('',(5.20121320462061,-2.88148997947434,-12.580366406859));
#2030=CARTESIAN_POINT('',(5.19997880077069,-2.93394792479869,-12.5513679825796));
#2037=EDGE_LOOP('',(#5050,#5051,#5052,#5053));
#2038=AXIS2_PLACEMENT_3D('',#5054,#5055,#5056);
#2039=EDGE_LOOP('',(#5057,#5058,#5059,#5060,#5061));
#2040=AXIS2_PLACEMENT_3D('',#5062,#5063,#5064);
#2041=EDGE_LOOP('',(#5065,#5066,#5067,#5068));
#2042=AXIS2_PLACEMENT_3D('',#5069,#5070,#5071);
#2043=EDGE_LOOP('',(#5072,#5073,#5074,#5075));
#2045=CARTESIAN_POINT('',(5.09900209163205,-2.12568241760711,-12.6007411804524));
#2046=CARTESIAN_POINT('',(5.15906396380121,-2.12620699462019,-12.6010311633448));
#2047=CARTESIAN_POINT('',(5.20121320462155,-2.08882459559682,-12.5803664068386));
#2048=CARTESIAN_POINT('',(5.19997880077066,-2.03636665026598,-12.5513679825679));
#2049=CARTESIAN_POINT('',(5.09900209163205,-2.09807837679783,-12.6506766959221));
#2050=CARTESIAN_POINT('',(5.15906396380121,-2.09849264582023,-12.6511662251922));
#2051=CARTESIAN_POINT('',(5.20121320462155,-2.0689710131164,-12.6162813977616));
#2052=CARTESIAN_POINT('',(5.19997880077066,-2.02754391814892,-12.5673282428503));
#2053=CARTESIAN_POINT('',(5.09900209163205,-2.04866528055254,-12.6792053603394));
#2054=CARTESIAN_POINT('',(5.15906396380121,-2.04888209082649,-12.6798088924722));
#2055=CARTESIAN_POINT('',(5.20121320462155,-2.03343176041437,-12.6367999948751));
#2056=CARTESIAN_POINT('',(5.19997880077066,-2.01175063214889,-12.5764465007727));
#2057=CARTESIAN_POINT('',(5.09900209163205,-1.99161783520236,-12.6781434031929));
#2058=CARTESIAN_POINT('',(5.15906396380121,-1.9916066792485,-12.6787426916599));
#2059=CARTESIAN_POINT('',(5.20121320462155,-1.99240167466067,-12.6360362062014));
#2060=CARTESIAN_POINT('',(5.19997880077066,-1.99351727523634,-12.5761070807803));
#2067=EDGE_LOOP('',(#5076,#5077,#5078,#5079));
#2068=AXIS2_PLACEMENT_3D('',#5080,#5081,#5082);
#2069=EDGE_LOOP('',(#5083,#5084,#5085,#5086));
#2070=AXIS2_PLACEMENT_3D('',#5087,#5088,#5089);
#2071=EDGE_LOOP('',(#5090,#5091,#5092,#5093));
#2072=AXIS2_PLACEMENT_3D('',#5094,#5095,#5096);
#2073=EDGE_LOOP('',(#5097,#5098,#5099,#5100));
#2074=AXIS2_PLACEMENT_3D('',#5101,#5102,#5103);
#2075=EDGE_LOOP('',(#5104,#5105,#5106,#5107));
#2076=AXIS2_PLACEMENT_3D('',#5108,#5109,#5110);
#2077=EDGE_LOOP('',(#5111,#5112,#5113,#5114));
#2078=AXIS2_PLACEMENT_3D('',#5115,#5116,#5117);
#2079=EDGE_LOOP('',(#5118,#5119,#5120,#5121));
#2080=AXIS2_PLACEMENT_3D('',#5122,#5123,#5124);
#2081=EDGE_LOOP('',(#5125,#5126,#5127,#5128));
#2082=AXIS2_PLACEMENT_3D('',#5129,#5130,#5131);
#2083=EDGE_LOOP('',(#5132,#5133,#5134,#5135));
#2084=AXIS2_PLACEMENT_3D('',#5136,#5137,#5138);
#2085=EDGE_LOOP('',(#5139,#5140,#5141,#5142));
#2086=AXIS2_PLACEMENT_3D('',#5143,#5144,#5145);
#2087=EDGE_LOOP('',(#5146,#5147,#5148,#5149));
#2088=AXIS2_PLACEMENT_3D('',#5150,#5151,#5152);
#2089=EDGE_LOOP('',(#5153,#5154,#5155,#5156));
#2090=AXIS2_PLACEMENT_3D('',#5157,#5158,#5159);
#2091=EDGE_LOOP('',(#5160,#5161,#5162,#5163));
#2092=AXIS2_PLACEMENT_3D('',#5164,#5165,#5166);
#2093=EDGE_LOOP('',(#5167,#5168,#5169,#5170,#5171));
#2094=AXIS2_PLACEMENT_3D('',#5172,#5173,#5174);
#2095=EDGE_LOOP('',(#5175,#5176,#5177,#5178,#5179,#5180,#5181,#5182));
#2096=AXIS2_PLACEMENT_3D('',#5183,#5184,#5185);
#2097=EDGE_LOOP('',(#5186,#5187,#5188,#5189,#5190));
#2098=AXIS2_PLACEMENT_3D('',#5191,#5192,#5193);
#2099=EDGE_LOOP('',(#5194,#5195,#5196,#5197));
#2100=AXIS2_PLACEMENT_3D('',#5198,#5199,#5200);
#2101=EDGE_LOOP('',(#5201,#5202,#5203));
#2102=AXIS2_PLACEMENT_3D('',#5204,#5205,#5206);
#2103=EDGE_LOOP('',(#5207,#5208,#5209,#5210));
#2104=AXIS2_PLACEMENT_3D('',#5211,#5212,#5213);
#2105=EDGE_LOOP('',(#5214,#5215,#5216));
#2106=AXIS2_PLACEMENT_3D('',#5217,#5218,#5219);
#2107=EDGE_LOOP('',(#5220,#5221,#5222,#5223));
#2108=AXIS2_PLACEMENT_3D('',#5224,#5225,#5226);
#2109=EDGE_LOOP('',(#5227,#5228,#5229,#5230));
#2110=AXIS2_PLACEMENT_3D('',#5231,#5232,#5233);
#2111=EDGE_LOOP('',(#5234,#5235,#5236,#5237));
#2112=AXIS2_PLACEMENT_3D('',#5238,#5239,#5240);
#2113=EDGE_LOOP('',(#5241,#5242,#5243,#5244));
#2114=AXIS2_PLACEMENT_3D('',#5245,#5246,#5247);
#2115=EDGE_LOOP('',(#5248,#5249,#5250,#5251));
#2116=AXIS2_PLACEMENT_3D('',#5252,#5253,#5254);
#2117=EDGE_LOOP('',(#5255,#5256,#5257,#5258));
#2118=AXIS2_PLACEMENT_3D('',#5259,#5260,#5261);
#2119=EDGE_LOOP('',(#5262,#5263,#5264,#5265));
#2120=AXIS2_PLACEMENT_3D('',#5266,#5267,#5268);
#2121=EDGE_LOOP('',(#5269,#5270,#5271,#5272,#5273,#5274,#5275,#5276));
#2122=AXIS2_PLACEMENT_3D('',#5277,#5278,#5279);
#2123=EDGE_LOOP('',(#5280,#5281,#5282,#5283,#5284));
#2124=AXIS2_PLACEMENT_3D('',#5285,#5286,#5287);
#2125=EDGE_LOOP('',(#5288,#5289,#5290,#5291,#5292,#5293));
#2126=AXIS2_PLACEMENT_3D('',#5294,#5295,#5296);
#2127=EDGE_LOOP('',(#5297,#5298,#5299,#5300,#5301));
#2128=AXIS2_PLACEMENT_3D('',#5302,#5303,#5304);
#2129=EDGE_LOOP('',(#5305,#5306,#5307,#5308,#5309,#5310,#5311,#5312,#5313,#5314,#5315,#5316,#5317,#5318,#5319,#5320));
#2130=AXIS2_PLACEMENT_3D('',#5321,#5322,#5323);
#2131=EDGE_LOOP('',(#5324,#5325,#5326,#5327));
#2132=AXIS2_PLACEMENT_3D('',#5328,#5329,#5330);
#2133=EDGE_LOOP('',(#5331,#5332,#5333,#5334,#5335,#5336,#5337,#5338));
#2134=AXIS2_PLACEMENT_3D('',#5339,#5340,#5341);
#2135=EDGE_LOOP('',(#5342,#5343,#5344,#5345,#5346,#5347,#5348,#5349,#5350));
#2136=AXIS2_PLACEMENT_3D('',#5351,#5352,#5353);
#2137=EDGE_LOOP('',(#5354,#5355,#5356,#5357));
#2138=AXIS2_PLACEMENT_3D('',#5358,#5359,#5360);
#2139=EDGE_LOOP('',(#5361,#5362,#5363,#5364));
#2140=AXIS2_PLACEMENT_3D('',#5365,#5366,#5367);
#2141=EDGE_LOOP('',(#5368,#5369,#5370));
#2142=AXIS2_PLACEMENT_3D('',#5371,#5372,#5373);
#2143=EDGE_LOOP('',(#5374,#5375,#5376,#5377));
#2144=AXIS2_PLACEMENT_3D('',#5378,#5379,#5380);
#2145=EDGE_LOOP('',(#5381,#5382,#5383,#5384,#5385,#5386,#5387,#5388,#5389,#5390,#5391,#5392,#5393,#5394,#5395,#5396));
#2146=AXIS2_PLACEMENT_3D('',#5397,#5398,#5399);
#2147=EDGE_LOOP('',(#5400,#5401,#5402,#5403));
#2148=AXIS2_PLACEMENT_3D('',#5404,#5405,#5406);
#2149=EDGE_LOOP('',(#5407,#5408,#5409,#5410));
#2150=AXIS2_PLACEMENT_3D('',#5411,#5412,#5413);
#2151=EDGE_LOOP('',(#5414,#5415,#5416,#5417));
#2152=AXIS2_PLACEMENT_3D('',#5418,#5419,#5420);
#2153=EDGE_LOOP('',(#5421,#5422,#5423,#5424));
#2154=AXIS2_PLACEMENT_3D('',#5425,#5426,#5427);
#2155=EDGE_LOOP('',(#5428,#5429,#5430,#5431));
#2156=AXIS2_PLACEMENT_3D('',#5432,#5433,#5434);
#2157=EDGE_LOOP('',(#5435,#5436,#5437,#5438));
#2159=CARTESIAN_POINT('',(-4.49997880077066,-2.03636665026598,-12.5513679825679));
#2160=CARTESIAN_POINT('',(-4.50121320462155,-2.08882459559682,-12.5803664068386));
#2161=CARTESIAN_POINT('',(-4.45906396380121,-2.12620699462019,-12.6010311633448));
#2162=CARTESIAN_POINT('',(-4.39900209163205,-2.12568241760711,-12.6007411804524));
#2163=CARTESIAN_POINT('',(-4.49997880077066,-2.02754391814892,-12.5673282428503));
#2164=CARTESIAN_POINT('',(-4.50121320462155,-2.0689710131164,-12.6162813977616));
#2165=CARTESIAN_POINT('',(-4.45906396380121,-2.09849264582023,-12.6511662251922));
#2166=CARTESIAN_POINT('',(-4.39900209163205,-2.09807837679783,-12.6506766959221));
#2167=CARTESIAN_POINT('',(-4.49997880077066,-2.01175063214889,-12.5764465007727));
#2168=CARTESIAN_POINT('',(-4.50121320462155,-2.03343176041437,-12.6367999948751));
#2169=CARTESIAN_POINT('',(-4.45906396380121,-2.04888209082649,-12.6798088924722));
#2170=CARTESIAN_POINT('',(-4.39900209163205,-2.04866528055254,-12.6792053603394));
#2171=CARTESIAN_POINT('',(-4.49997880077066,-1.99351727523634,-12.5761070807803));
#2172=CARTESIAN_POINT('',(-4.50121320462155,-1.99240167466067,-12.6360362062014));
#2173=CARTESIAN_POINT('',(-4.45906396380121,-1.99160667924851,-12.6787426916599));
#2174=CARTESIAN_POINT('',(-4.39900209163205,-1.99161783520236,-12.6781434031929));
#2181=EDGE_LOOP('',(#5439,#5440,#5441,#5442));
#2182=AXIS2_PLACEMENT_3D('',#5443,#5444,#5445);
#2183=EDGE_LOOP('',(#5446,#5447,#5448,#5449,#5450));
#2184=AXIS2_PLACEMENT_3D('',#5451,#5452,#5453);
#2185=EDGE_LOOP('',(#5454,#5455,#5456,#5457));
#2186=AXIS2_PLACEMENT_3D('',#5458,#5459,#5460);
#2187=EDGE_LOOP('',(#5461,#5462,#5463,#5464));
#2189=CARTESIAN_POINT('',(-4.49997880077069,-2.97679729982584,-12.5761070807796));
#2190=CARTESIAN_POINT('',(-4.5012132046206,-2.97791290040135,-12.6360362062025));
#2191=CARTESIAN_POINT('',(-4.45906396380037,-2.97870789581368,-12.6787426916641));
#2192=CARTESIAN_POINT('',(-4.39900209163205,-2.97869673985964,-12.6781434031972));
#2193=CARTESIAN_POINT('',(-4.49997880077069,-2.95856394291544,-12.5764465007759));
#2194=CARTESIAN_POINT('',(-4.5012132046206,-2.93688281465357,-12.6367999948756));
#2195=CARTESIAN_POINT('',(-4.45906396380037,-2.92143248424412,-12.679808892476));
#2196=CARTESIAN_POINT('',(-4.39900209163205,-2.92164929451827,-12.6792053603429));
#2197=CARTESIAN_POINT('',(-4.49997880077069,-2.94277065691748,-12.5673282428527));
#2198=CARTESIAN_POINT('',(-4.5012132046206,-2.9013435619574,-12.6162813977668));
#2199=CARTESIAN_POINT('',(-4.45906396380037,-2.87182192925879,-12.651166225204));
#2200=CARTESIAN_POINT('',(-4.39900209163205,-2.87223619828129,-12.6506766959312));
#2201=CARTESIAN_POINT('',(-4.49997880077069,-2.93394792479869,-12.5513679825796));
#2202=CARTESIAN_POINT('',(-4.5012132046206,-2.88148997947434,-12.580366406859));
#2203=CARTESIAN_POINT('',(-4.45906396380037,-2.84410758045578,-12.6010311633736));
#2204=CARTESIAN_POINT('',(-4.39900209163205,-2.8446321574691,-12.6007411804775));
#2211=EDGE_LOOP('',(#5465,#5466,#5467,#5468));
#2212=AXIS2_PLACEMENT_3D('',#5469,#5470,#5471);
#2213=EDGE_LOOP('',(#5472,#5473,#5474,#5475));
#2214=AXIS2_PLACEMENT_3D('',#5476,#5477,#5478);
#2215=EDGE_LOOP('',(#5479,#5480,#5481,#5482));
#2216=AXIS2_PLACEMENT_3D('',#5483,#5484,#5485);
#2217=EDGE_LOOP('',(#5486,#5487,#5488));
#2218=AXIS2_PLACEMENT_3D('',#5489,#5490,#5491);
#2219=EDGE_LOOP('',(#5492,#5493,#5494,#5495));
#2220=AXIS2_PLACEMENT_3D('',#5496,#5497,#5498);
#2221=EDGE_LOOP('',(#5499,#5500,#5501,#5502));
#2222=AXIS2_PLACEMENT_3D('',#5503,#5504,#5505);
#2223=EDGE_LOOP('',(#5506,#5507,#5508,#5509));
#2224=AXIS2_PLACEMENT_3D('',#5510,#5511,#5512);
#2225=EDGE_LOOP('',(#5513,#5514,#5515));
#2226=AXIS2_PLACEMENT_3D('',#5516,#5517,#5518);
#2227=EDGE_LOOP('',(#5519,#5520,#5521,#5522));
#2228=AXIS2_PLACEMENT_3D('',#5523,#5524,#5525);
#2229=EDGE_LOOP('',(#5526,#5527,#5528,#5529));
#2230=AXIS2_PLACEMENT_3D('',#5530,#5531,#5532);
#2231=EDGE_LOOP('',(#5533,#5534,#5535,#5536));
#2232=AXIS2_PLACEMENT_3D('',#5537,#5538,#5539);
#2233=EDGE_LOOP('',(#5540,#5541,#5542,#5543));
#2234=AXIS2_PLACEMENT_3D('',#5544,#5545,#5546);
#2235=EDGE_LOOP('',(#5547,#5548,#5549,#5550));
#2236=AXIS2_PLACEMENT_3D('',#5551,#5552,#5553);
#2237=EDGE_LOOP('',(#5554,#5555,#5556,#5557));
#2238=AXIS2_PLACEMENT_3D('',#5558,#5559,#5560);
#2239=EDGE_LOOP('',(#5561,#5562,#5563,#5564));
#2240=AXIS2_PLACEMENT_3D('',#5565,#5566,#5567);
#2241=EDGE_LOOP('',(#5568,#5569,#5570));
#2242=AXIS2_PLACEMENT_3D('',#5571,#5572,#5573);
#2243=EDGE_LOOP('',(#5574,#5575,#5576,#5577));
#2244=AXIS2_PLACEMENT_3D('',#5578,#5579,#5580);
#2245=EDGE_LOOP('',(#5581,#5582,#5583));
#2246=AXIS2_PLACEMENT_3D('',#5584,#5585,#5586);
#2247=EDGE_LOOP('',(#5587,#5588,#5589,#5590));
#2248=AXIS2_PLACEMENT_3D('',#5591,#5592,#5593);
#2249=EDGE_LOOP('',(#5594,#5595,#5596,#5597));
#2250=AXIS2_PLACEMENT_3D('',#5598,#5599,#5600);
#2251=EDGE_LOOP('',(#5601,#5602,#5603,#5604));
#2252=AXIS2_PLACEMENT_3D('',#5605,#5606,#5607);
#2253=EDGE_LOOP('',(#5608,#5609,#5610,#5611));
#2255=CARTESIAN_POINT('',(-1.90099790836795,-2.97869673985964,-12.6781434031972));
#2256=CARTESIAN_POINT('',(-1.84093603619963,-2.97870789581368,-12.6787426916641));
#2257=CARTESIAN_POINT('',(-1.7987867953794,-2.97791290040135,-12.6360362062025));
#2258=CARTESIAN_POINT('',(-1.80002119922931,-2.97679729982584,-12.5761070807796));
#2259=CARTESIAN_POINT('',(-1.90099790836795,-2.92164929451827,-12.6792053603429));
#2260=CARTESIAN_POINT('',(-1.84093603619963,-2.92143248424412,-12.679808892476));
#2261=CARTESIAN_POINT('',(-1.7987867953794,-2.93688281465357,-12.6367999948756));
#2262=CARTESIAN_POINT('',(-1.80002119922931,-2.95856394291545,-12.5764465007759));
#2263=CARTESIAN_POINT('',(-1.90099790836795,-2.87223619828129,-12.6506766959312));
#2264=CARTESIAN_POINT('',(-1.84093603619963,-2.87182192925879,-12.651166225204));
#2265=CARTESIAN_POINT('',(-1.7987867953794,-2.9013435619574,-12.6162813977668));
#2266=CARTESIAN_POINT('',(-1.80002119922931,-2.94277065691747,-12.5673282428527));
#2267=CARTESIAN_POINT('',(-1.90099790836795,-2.8446321574691,-12.6007411804775));
#2268=CARTESIAN_POINT('',(-1.84093603619963,-2.84410758045578,-12.6010311633736));
#2269=CARTESIAN_POINT('',(-1.7987867953794,-2.88148997947434,-12.580366406859));
#2270=CARTESIAN_POINT('',(-1.80002119922931,-2.93394792479869,-12.5513679825796));
#2277=EDGE_LOOP('',(#5612,#5613,#5614,#5615));
#2278=AXIS2_PLACEMENT_3D('',#5616,#5617,#5618);
#2279=EDGE_LOOP('',(#5619,#5620,#5621,#5622,#5623));
#2280=AXIS2_PLACEMENT_3D('',#5624,#5625,#5626);
#2281=EDGE_LOOP('',(#5627,#5628,#5629,#5630));
#2282=AXIS2_PLACEMENT_3D('',#5631,#5632,#5633);
#2283=EDGE_LOOP('',(#5634,#5635,#5636,#5637));
#2285=CARTESIAN_POINT('',(-1.90099790836795,-2.12568241760711,-12.6007411804524));
#2286=CARTESIAN_POINT('',(-1.84093603619878,-2.12620699462018,-12.6010311633448));
#2287=CARTESIAN_POINT('',(-1.79878679537845,-2.08882459559682,-12.5803664068386));
#2288=CARTESIAN_POINT('',(-1.80002119922934,-2.03636665026598,-12.5513679825679));
#2289=CARTESIAN_POINT('',(-1.90099790836795,-2.09807837679783,-12.6506766959221));
#2290=CARTESIAN_POINT('',(-1.84093603619878,-2.09849264582022,-12.6511662251922));
#2291=CARTESIAN_POINT('',(-1.79878679537845,-2.06897101311639,-12.6162813977616));
#2292=CARTESIAN_POINT('',(-1.80002119922934,-2.02754391814892,-12.5673282428503));
#2293=CARTESIAN_POINT('',(-1.90099790836795,-2.04866528055254,-12.6792053603394));
#2294=CARTESIAN_POINT('',(-1.84093603619878,-2.04888209082649,-12.6798088924722));
#2295=CARTESIAN_POINT('',(-1.79878679537845,-2.03343176041437,-12.6367999948751));
#2296=CARTESIAN_POINT('',(-1.80002119922934,-2.01175063214889,-12.5764465007727));
#2297=CARTESIAN_POINT('',(-1.90099790836795,-1.99161783520235,-12.6781434031929));
#2298=CARTESIAN_POINT('',(-1.84093603619878,-1.9916066792485,-12.6787426916599));
#2299=CARTESIAN_POINT('',(-1.79878679537845,-1.99240167466067,-12.6360362062014));
#2300=CARTESIAN_POINT('',(-1.80002119922934,-1.99351727523634,-12.5761070807803));
#2307=EDGE_LOOP('',(#5638,#5639,#5640,#5641));
#2308=AXIS2_PLACEMENT_3D('',#5642,#5643,#5644);
#2309=EDGE_LOOP('',(#5645,#5646,#5647,#5648));
#2310=AXIS2_PLACEMENT_3D('',#5649,#5650,#5651);
#2311=EDGE_LOOP('',(#5652,#5653,#5654,#5655));
#2312=AXIS2_PLACEMENT_3D('',#5656,#5657,#5658);
#2313=EDGE_LOOP('',(#5659,#5660,#5661,#5662));
#2314=AXIS2_PLACEMENT_3D('',#5663,#5664,#5665);
#2315=EDGE_LOOP('',(#5666,#5667,#5668,#5669));
#2316=AXIS2_PLACEMENT_3D('',#5670,#5671,#5672);
#2317=EDGE_LOOP('',(#5673,#5674,#5675,#5676));
#2318=AXIS2_PLACEMENT_3D('',#5677,#5678,#5679);
#2319=EDGE_LOOP('',(#5680,#5681,#5682,#5683));
#2320=AXIS2_PLACEMENT_3D('',#5684,#5685,#5686);
#2321=EDGE_LOOP('',(#5687,#5688,#5689,#5690));
#2322=AXIS2_PLACEMENT_3D('',#5691,#5692,#5693);
#2323=EDGE_LOOP('',(#5694,#5695,#5696,#5697));
#2324=AXIS2_PLACEMENT_3D('',#5698,#5699,#5700);
#2325=EDGE_LOOP('',(#5701,#5702,#5703,#5704));
#2326=AXIS2_PLACEMENT_3D('',#5705,#5706,#5707);
#2327=EDGE_LOOP('',(#5708,#5709,#5710,#5711));
#2328=AXIS2_PLACEMENT_3D('',#5712,#5713,#5714);
#2329=EDGE_LOOP('',(#5715,#5716,#5717));
#2330=AXIS2_PLACEMENT_3D('',#5718,#5719,#5720);
#2331=EDGE_LOOP('',(#5721,#5722,#5723,#5724));
#2332=AXIS2_PLACEMENT_3D('',#5725,#5726,#5727);
#2333=EDGE_LOOP('',(#5728,#5729,#5730,#5731,#5732));
#2334=AXIS2_PLACEMENT_3D('',#5733,#5734,#5735);
#2335=EDGE_LOOP('',(#5736,#5737,#5738,#5739,#5740,#5741,#5742,#5743));
#2336=AXIS2_PLACEMENT_3D('',#5744,#5745,#5746);
#2337=EDGE_LOOP('',(#5747,#5748,#5749,#5750,#5751));
#2338=AXIS2_PLACEMENT_3D('',#5752,#5753,#5754);
#2339=EDGE_LOOP('',(#5755,#5756,#5757,#5758,#5759,#5760));
#2340=AXIS2_PLACEMENT_3D('',#5761,#5762,#5763);
#2341=EDGE_LOOP('',(#5764,#5765,#5766,#5767));
#2342=AXIS2_PLACEMENT_3D('',#5768,#5769,#5770);
#2343=EDGE_LOOP('',(#5771,#5772,#5773,#5774));
#2344=AXIS2_PLACEMENT_3D('',#5775,#5776,#5777);
#2345=EDGE_LOOP('',(#5778,#5779,#5780,#5781));
#2346=AXIS2_PLACEMENT_3D('',#5782,#5783,#5784);
#2347=EDGE_LOOP('',(#5785,#5786,#5787,#5788));
#2349=CARTESIAN_POINT('',(-0.999978800770745,-2.03636665026598,-12.5513679825679));
#2350=CARTESIAN_POINT('',(-1.00121320462158,-2.08882459559683,-12.5803664068386));
#2351=CARTESIAN_POINT('',(-0.959063963801359,-2.1262069946202,-12.6010311633448));
#2352=CARTESIAN_POINT('',(-0.899002091632048,-2.12568241760711,-12.6007411804524));
#2353=CARTESIAN_POINT('',(-0.999978800770745,-2.02754391814892,-12.5673282428503));
#2354=CARTESIAN_POINT('',(-1.00121320462158,-2.06897101311641,-12.6162813977616));
#2355=CARTESIAN_POINT('',(-0.95906396380136,-2.09849264582024,-12.6511662251922));
#2356=CARTESIAN_POINT('',(-0.899002091632049,-2.09807837679783,-12.6506766959221));
#2357=CARTESIAN_POINT('',(-0.999978800770745,-2.01175063214889,-12.5764465007727));
#2358=CARTESIAN_POINT('',(-1.00121320462158,-2.03343176041438,-12.6367999948751));
#2359=CARTESIAN_POINT('',(-0.95906396380136,-2.0488820908265,-12.6798088924723));
#2360=CARTESIAN_POINT('',(-0.899002091632049,-2.04866528055254,-12.6792053603394));
#2361=CARTESIAN_POINT('',(-0.999978800770745,-1.99351727523634,-12.5761070807803));
#2362=CARTESIAN_POINT('',(-1.00121320462158,-1.99240167466067,-12.6360362062014));
#2363=CARTESIAN_POINT('',(-0.959063963801359,-1.9916066792485,-12.67874269166));
#2364=CARTESIAN_POINT('',(-0.899002091632048,-1.99161783520236,-12.6781434031929));
#2371=EDGE_LOOP('',(#5789,#5790,#5791,#5792));
#2372=AXIS2_PLACEMENT_3D('',#5793,#5794,#5795);
#2373=EDGE_LOOP('',(#5796,#5797,#5798,#5799,#5800));
#2374=AXIS2_PLACEMENT_3D('',#5801,#5802,#5803);
#2375=EDGE_LOOP('',(#5804,#5805,#5806,#5807));
#2376=AXIS2_PLACEMENT_3D('',#5808,#5809,#5810);
#2377=EDGE_LOOP('',(#5811,#5812,#5813,#5814));
#2379=CARTESIAN_POINT('',(-0.999978800770778,-2.97679729982584,-12.5761070807796));
#2380=CARTESIAN_POINT('',(-1.00121320462063,-2.97791290040135,-12.6360362062025));
#2381=CARTESIAN_POINT('',(-0.959063963800514,-2.97870789581368,-12.6787426916641));
#2382=CARTESIAN_POINT('',(-0.899002091632048,-2.97869673985963,-12.6781434031972));
#2383=CARTESIAN_POINT('',(-0.999978800770778,-2.95856394291544,-12.5764465007759));
#2384=CARTESIAN_POINT('',(-1.00121320462063,-2.93688281465356,-12.6367999948756));
#2385=CARTESIAN_POINT('',(-0.959063963800514,-2.92143248424411,-12.679808892476));
#2386=CARTESIAN_POINT('',(-0.899002091632047,-2.92164929451827,-12.6792053603429));
#2387=CARTESIAN_POINT('',(-0.999978800770778,-2.94277065691747,-12.5673282428527));
#2388=CARTESIAN_POINT('',(-1.00121320462063,-2.90134356195739,-12.6162813977668));
#2389=CARTESIAN_POINT('',(-0.959063963800514,-2.87182192925877,-12.6511662252041));
#2390=CARTESIAN_POINT('',(-0.899002091632048,-2.87223619828129,-12.6506766959312));
#2391=CARTESIAN_POINT('',(-0.999978800770778,-2.93394792479869,-12.5513679825796));
#2392=CARTESIAN_POINT('',(-1.00121320462063,-2.88148997947433,-12.580366406859));
#2393=CARTESIAN_POINT('',(-0.959063963800514,-2.84410758045576,-12.6010311633736));
#2394=CARTESIAN_POINT('',(-0.899002091632048,-2.8446321574691,-12.6007411804775));
#2401=EDGE_LOOP('',(#5815,#5816,#5817,#5818));
#2402=AXIS2_PLACEMENT_3D('',#5819,#5820,#5821);
#2403=EDGE_LOOP('',(#5822,#5823,#5824,#5825));
#2404=AXIS2_PLACEMENT_3D('',#5826,#5827,#5828);
#2405=EDGE_LOOP('',(#5829,#5830,#5831,#5832));
#2406=AXIS2_PLACEMENT_3D('',#5833,#5834,#5835);
#2407=EDGE_LOOP('',(#5836,#5837,#5838));
#2408=AXIS2_PLACEMENT_3D('',#5839,#5840,#5841);
#2409=EDGE_LOOP('',(#5842,#5843,#5844,#5845));
#2410=AXIS2_PLACEMENT_3D('',#5846,#5847,#5848);
#2411=EDGE_LOOP('',(#5849,#5850,#5851,#5852));
#2412=AXIS2_PLACEMENT_3D('',#5853,#5854,#5855);
#2413=EDGE_LOOP('',(#5856,#5857,#5858,#5859));
#2414=AXIS2_PLACEMENT_3D('',#5860,#5861,#5862);
#2415=EDGE_LOOP('',(#5863,#5864,#5865));
#2416=AXIS2_PLACEMENT_3D('',#5866,#5867,#5868);
#2417=EDGE_LOOP('',(#5869,#5870,#5871,#5872));
#2418=AXIS2_PLACEMENT_3D('',#5873,#5874,#5875);
#2419=EDGE_LOOP('',(#5876,#5877,#5878,#5879));
#2420=AXIS2_PLACEMENT_3D('',#5880,#5881,#5882);
#2421=EDGE_LOOP('',(#5883,#5884,#5885,#5886));
#2422=AXIS2_PLACEMENT_3D('',#5887,#5888,#5889);
#2423=EDGE_LOOP('',(#5890,#5891,#5892,#5893));
#2424=AXIS2_PLACEMENT_3D('',#5894,#5895,#5896);
#2425=EDGE_LOOP('',(#5897,#5898,#5899,#5900));
#2426=AXIS2_PLACEMENT_3D('',#5901,#5902,#5903);
#2427=EDGE_LOOP('',(#5904,#5905,#5906,#5907));
#2428=AXIS2_PLACEMENT_3D('',#5908,#5909,#5910);
#2429=EDGE_LOOP('',(#5911,#5912,#5913,#5914,#5915,#5916,#5917,#5918,#5919,#5920,#5921,#5922,#5923,#5924,#5925,#5926));
#2430=AXIS2_PLACEMENT_3D('',#5927,#5928,#5929);
#2431=EDGE_LOOP('',(#5930,#5931,#5932,#5933));
#2432=AXIS2_PLACEMENT_3D('',#5934,#5935,#5936);
#2433=EDGE_LOOP('',(#5937,#5938,#5939,#5940));
#2434=AXIS2_PLACEMENT_3D('',#5941,#5942,#5943);
#2435=EDGE_LOOP('',(#5944,#5945,#5946,#5947));
#2436=AXIS2_PLACEMENT_3D('',#5948,#5949,#5950);
#2437=EDGE_LOOP('',(#5951,#5952,#5953,#5954));
#2438=AXIS2_PLACEMENT_3D('',#5955,#5956,#5957);
#2439=EDGE_LOOP('',(#5958,#5959,#5960,#5961));
#2440=AXIS2_PLACEMENT_3D('',#5962,#5963,#5964);
#2441=EDGE_LOOP('',(#5965,#5966,#5967,#5968));
#2442=AXIS2_PLACEMENT_3D('',#5969,#5970,#5971);
#2443=EDGE_LOOP('',(#5972,#5973,#5974,#5975));
#2444=AXIS2_PLACEMENT_3D('',#5976,#5977,#5978);
#2445=EDGE_LOOP('',(#5979,#5980,#5981,#5982));
#2446=AXIS2_PLACEMENT_3D('',#5983,#5984,#5985);
#2447=EDGE_LOOP('',(#5986,#5987,#5988,#5989));
#2448=AXIS2_PLACEMENT_3D('',#5990,#5991,#5992);
#2449=EDGE_LOOP('',(#5993,#5994,#5995,#5996));
#2450=AXIS2_PLACEMENT_3D('',#5997,#5998,#5999);
#2451=EDGE_LOOP('',(#6000,#6001,#6002,#6003));
#2452=AXIS2_PLACEMENT_3D('',#6004,#6005,#6006);
#2453=EDGE_LOOP('',(#6007,#6008,#6009,#6010));
#2454=AXIS2_PLACEMENT_3D('',#6011,#6012,#6013);
#2455=EDGE_LOOP('',(#6014,#6015,#6016,#6017));
#2456=AXIS2_PLACEMENT_3D('',#6018,#6019,#6020);
#2457=EDGE_LOOP('',(#6021,#6022,#6023,#6024));
#2458=AXIS2_PLACEMENT_3D('',#6025,#6026,#6027);
#2459=EDGE_LOOP('',(#6028,#6029,#6030,#6031));
#2460=AXIS2_PLACEMENT_3D('',#6032,#6033,#6034);
#2461=EDGE_LOOP('',(#6035,#6036,#6037,#6038));
#2463=CARTESIAN_POINT('',(1.59900209163205,-2.97869673985963,-12.6781434031972));
#2464=CARTESIAN_POINT('',(1.65906396380037,-2.97870789581367,-12.6787426916641));
#2465=CARTESIAN_POINT('',(1.7012132046206,-2.97791290040135,-12.6360362062025));
#2466=CARTESIAN_POINT('',(1.69997880077069,-2.97679729982584,-12.5761070807796));
#2467=CARTESIAN_POINT('',(1.59900209163205,-2.92164929451827,-12.6792053603429));
#2468=CARTESIAN_POINT('',(1.65906396380037,-2.92143248424412,-12.679808892476));
#2469=CARTESIAN_POINT('',(1.7012132046206,-2.93688281465357,-12.6367999948756));
#2470=CARTESIAN_POINT('',(1.69997880077069,-2.95856394291544,-12.5764465007759));
#2471=CARTESIAN_POINT('',(1.59900209163205,-2.87223619828128,-12.6506766959312));
#2472=CARTESIAN_POINT('',(1.65906396380037,-2.87182192925878,-12.651166225204));
#2473=CARTESIAN_POINT('',(1.7012132046206,-2.9013435619574,-12.6162813977668));
#2474=CARTESIAN_POINT('',(1.69997880077069,-2.94277065691747,-12.5673282428527));
#2475=CARTESIAN_POINT('',(1.59900209163205,-2.8446321574691,-12.6007411804775));
#2476=CARTESIAN_POINT('',(1.65906396380037,-2.84410758045577,-12.6010311633736));
#2477=CARTESIAN_POINT('',(1.7012132046206,-2.88148997947434,-12.580366406859));
#2478=CARTESIAN_POINT('',(1.69997880077069,-2.93394792479869,-12.5513679825796));
#2485=EDGE_LOOP('',(#6039,#6040,#6041,#6042));
#2486=AXIS2_PLACEMENT_3D('',#6043,#6044,#6045);
#2487=EDGE_LOOP('',(#6046,#6047,#6048,#6049,#6050));
#2488=AXIS2_PLACEMENT_3D('',#6051,#6052,#6053);
#2489=EDGE_LOOP('',(#6054,#6055,#6056,#6057));
#2490=AXIS2_PLACEMENT_3D('',#6058,#6059,#6060);
#2491=EDGE_LOOP('',(#6061,#6062,#6063,#6064));
#2493=CARTESIAN_POINT('',(1.59900209163205,-2.12568241760712,-12.6007411804523));
#2494=CARTESIAN_POINT('',(1.65906396380122,-2.12620699462019,-12.6010311633448));
#2495=CARTESIAN_POINT('',(1.70121320462155,-2.08882459559682,-12.5803664068386));
#2496=CARTESIAN_POINT('',(1.69997880077066,-2.03636665026598,-12.5513679825679));
#2497=CARTESIAN_POINT('',(1.59900209163205,-2.09807837679784,-12.6506766959221));
#2498=CARTESIAN_POINT('',(1.65906396380122,-2.09849264582023,-12.6511662251922));
#2499=CARTESIAN_POINT('',(1.70121320462155,-2.0689710131164,-12.6162813977616));
#2500=CARTESIAN_POINT('',(1.69997880077066,-2.02754391814892,-12.5673282428503));
#2501=CARTESIAN_POINT('',(1.59900209163205,-2.04866528055255,-12.6792053603394));
#2502=CARTESIAN_POINT('',(1.65906396380122,-2.0488820908265,-12.6798088924722));
#2503=CARTESIAN_POINT('',(1.70121320462155,-2.03343176041437,-12.6367999948751));
#2504=CARTESIAN_POINT('',(1.69997880077066,-2.01175063214889,-12.5764465007727));
#2505=CARTESIAN_POINT('',(1.59900209163205,-1.99161783520236,-12.6781434031929));
#2506=CARTESIAN_POINT('',(1.65906396380122,-1.9916066792485,-12.6787426916599));
#2507=CARTESIAN_POINT('',(1.70121320462155,-1.99240167466067,-12.6360362062014));
#2508=CARTESIAN_POINT('',(1.69997880077066,-1.99351727523634,-12.5761070807803));
#2515=EDGE_LOOP('',(#6065,#6066,#6067,#6068));
#2516=AXIS2_PLACEMENT_3D('',#6069,#6070,#6071);
#2517=EDGE_LOOP('',(#6072,#6073,#6074));
#2518=AXIS2_PLACEMENT_3D('',#6075,#6076,#6077);
#2519=EDGE_LOOP('',(#6078,#6079,#6080,#6081));
#2520=AXIS2_PLACEMENT_3D('',#6082,#6083,#6084);
#2521=EDGE_LOOP('',(#6085,#6086,#6087));
#2522=AXIS2_PLACEMENT_3D('',#6088,#6089,#6090);
#2523=EDGE_LOOP('',(#6091,#6092,#6093,#6094));
#2524=AXIS2_PLACEMENT_3D('',#6095,#6096,#6097);
#2525=EDGE_LOOP('',(#6098,#6099,#6100));
#2526=AXIS2_PLACEMENT_3D('',#6101,#6102,#6103);
#2527=EDGE_LOOP('',(#6104,#6105,#6106,#6107));
#2528=AXIS2_PLACEMENT_3D('',#6108,#6109,#6110);
#2529=EDGE_LOOP('',(#6111,#6112,#6113));
#2530=AXIS2_PLACEMENT_3D('',#6114,#6115,#6116);
#2531=EDGE_LOOP('',(#6117,#6118,#6119,#6120));
#2532=AXIS2_PLACEMENT_3D('',#6121,#6122,#6123);
#2533=EDGE_LOOP('',(#6124,#6125,#6126,#6127,#6128));
#2534=AXIS2_PLACEMENT_3D('',#6129,#6130,#6131);
#2535=EDGE_LOOP('',(#6132,#6133,#6134,#6135));
#2536=AXIS2_PLACEMENT_3D('',#6136,#6137,#6138);
#2537=EDGE_LOOP('',(#6139,#6140,#6141,#6142));
#2538=AXIS2_PLACEMENT_3D('',#6143,#6144,#6145);
#2539=EDGE_LOOP('',(#6146,#6147,#6148,#6149));
#2540=AXIS2_PLACEMENT_3D('',#6150,#6151,#6152);
#2541=EDGE_LOOP('',(#6153,#6154,#6155,#6156,#6157,#6158,#6159,#6160));
#2542=AXIS2_PLACEMENT_3D('',#6161,#6162,#6163);
#2543=EDGE_LOOP('',(#6164,#6165,#6166,#6167,#6168,#6169));
#2544=AXIS2_PLACEMENT_3D('',#6170,#6171,#6172);
#2545=EDGE_LOOP('',(#6173,#6174,#6175,#6176));
#2546=AXIS2_PLACEMENT_3D('',#6177,#6178,#6179);
#2547=EDGE_LOOP('',(#6180,#6181,#6182,#6183));
#2548=AXIS2_PLACEMENT_3D('',#6184,#6185,#6186);
#2549=EDGE_LOOP('',(#6187,#6188,#6189,#6190));
#2550=AXIS2_PLACEMENT_3D('',#6191,#6192,#6193);
#2551=EDGE_LOOP('',(#6194,#6195,#6196,#6197));
#2552=AXIS2_PLACEMENT_3D('',#6198,#6199,#6200);
#2553=EDGE_LOOP('',(#6201,#6202,#6203,#6204));
#2554=AXIS2_PLACEMENT_3D('',#6205,#6206,#6207);
#2555=EDGE_LOOP('',(#6208,#6209));
#2556=AXIS2_PLACEMENT_3D('',#6210,#6211,#6212);
#2557=EDGE_LOOP('',(#6213,#6214,#6215,#6216));
#2558=AXIS2_PLACEMENT_3D('',#6217,#6218,#6219);
#2559=EDGE_LOOP('',(#6220,#6221,#6222,#6223));
#2560=AXIS2_PLACEMENT_3D('',#6224,#6225,#6226);
#2561=EDGE_LOOP('',(#6227,#6228,#6229,#6230));
#2562=AXIS2_PLACEMENT_3D('',#6231,#6232,#6233);
#2563=EDGE_LOOP('',(#6234,#6235,#6236,#6237));
#2564=AXIS2_PLACEMENT_3D('',#6238,#6239,#6240);
#2565=EDGE_LOOP('',(#6241,#6242));
#2566=AXIS2_PLACEMENT_3D('',#6243,#6244,#6245);
#2567=EDGE_LOOP('',(#6246,#6247,#6248,#6249));
#2568=AXIS2_PLACEMENT_3D('',#6250,#6251,#6252);
#2569=EDGE_LOOP('',(#6253,#6254,#6255,#6256));
#2570=AXIS2_PLACEMENT_3D('',#6257,#6258,#6259);
#2571=EDGE_LOOP('',(#6260,#6261));
#2572=AXIS2_PLACEMENT_3D('',#6262,#6263,#6264);
#2573=EDGE_LOOP('',(#6265,#6266,#6267,#6268));
#2574=AXIS2_PLACEMENT_3D('',#6269,#6270,#6271);
#2575=EDGE_LOOP('',(#6272,#6273,#6274,#6275));
#2576=AXIS2_PLACEMENT_3D('',#6276,#6277,#6278);
#2577=EDGE_LOOP('',(#6279,#6280,#6281,#6282));
#2579=CARTESIAN_POINT('',(5.04089104823342,4.21395325278504,-6.21629726087548));
#2580=CARTESIAN_POINT('',(5.05210598312441,4.21387111396306,-6.21943901677234));
#2581=CARTESIAN_POINT('',(5.06321546573926,4.21377970933553,-6.22293518363523));
#2582=CARTESIAN_POINT('',(5.07420829151085,4.21367913108947,-6.22678223537437));
#2583=CARTESIAN_POINT('',(5.04089104823342,3.89376853421444,-6.20792627457775));
#2584=CARTESIAN_POINT('',(5.05210598312441,3.89557123156404,-6.21111730808472));
#2585=CARTESIAN_POINT('',(5.06321546573926,3.89757728516764,-6.21466831140015));
#2586=CARTESIAN_POINT('',(5.07420829151085,3.8997846718019,-6.21857570312807));
#2587=CARTESIAN_POINT('',(5.04089104823342,3.66611489343453,-6.4317690402564));
#2588=CARTESIAN_POINT('',(5.05210598312441,3.66925772287643,-6.43364237520678));
#2589=CARTESIAN_POINT('',(5.06321546573926,3.67275508438744,-6.4357270348025));
#2590=CARTESIAN_POINT('',(5.07420829151085,3.67660345067279,-6.43802091654118));
#2591=CARTESIAN_POINT('',(5.04089104823342,3.66611489343453,-6.75));
#2592=CARTESIAN_POINT('',(5.05210598312441,3.66925772287643,-6.75));
#2593=CARTESIAN_POINT('',(5.06321546573926,3.67275508438744,-6.75));
#2594=CARTESIAN_POINT('',(5.07420829151085,3.67660345067279,-6.75));
#2595=CARTESIAN_POINT('',(5.04089104823342,3.66611489343453,-7.0682309597436));
#2596=CARTESIAN_POINT('',(5.05210598312441,3.66925772287643,-7.06635762479321));
#2597=CARTESIAN_POINT('',(5.06321546573926,3.67275508438744,-7.0642729651975));
#2598=CARTESIAN_POINT('',(5.07420829151085,3.67660345067279,-7.06197908345882));
#2599=CARTESIAN_POINT('',(5.04089104823342,3.89376853421444,-7.29207372542225));
#2600=CARTESIAN_POINT('',(5.05210598312441,3.89557123156404,-7.28888269191528));
#2601=CARTESIAN_POINT('',(5.06321546573926,3.89757728516764,-7.28533168859985));
#2602=CARTESIAN_POINT('',(5.07420829151085,3.8997846718019,-7.28142429687193));
#2603=CARTESIAN_POINT('',(5.04089104823342,4.21395325278504,-7.28370273912452));
#2604=CARTESIAN_POINT('',(5.05210598312441,4.21387111396306,-7.28056098322766));
#2605=CARTESIAN_POINT('',(5.06321546573926,4.21377970933553,-7.27706481636477));
#2606=CARTESIAN_POINT('',(5.07420829151085,4.21367913108947,-7.27321776462563));
#2613=EDGE_LOOP('',(#6283,#6284,#6285,#6286));
#2615=CARTESIAN_POINT('',(5.04089104823342,4.18604674721496,-7.28370273912452));
#2616=CARTESIAN_POINT('',(5.05210598312441,4.18612888603694,-7.28056098322765));
#2617=CARTESIAN_POINT('',(5.06321546573926,4.18622029066447,-7.27706481636477));
#2618=CARTESIAN_POINT('',(5.07420829151085,4.18632086891053,-7.27321776462563));
#2619=CARTESIAN_POINT('',(5.04089104823342,4.50623146578556,-7.29207372542225));
#2620=CARTESIAN_POINT('',(5.05210598312441,4.50442876843595,-7.28888269191528));
#2621=CARTESIAN_POINT('',(5.06321546573926,4.50242271483236,-7.28533168859985));
#2622=CARTESIAN_POINT('',(5.07420829151085,4.5002153281981,-7.28142429687193));
#2623=CARTESIAN_POINT('',(5.04089104823342,4.73388510656547,-7.0682309597436));
#2624=CARTESIAN_POINT('',(5.05210598312441,4.73074227712357,-7.06635762479322));
#2625=CARTESIAN_POINT('',(5.06321546573926,4.72724491561256,-7.06427296519751));
#2626=CARTESIAN_POINT('',(5.07420829151085,4.72339654932721,-7.06197908345883));
#2627=CARTESIAN_POINT('',(5.04089104823342,4.73388510656547,-6.75));
#2628=CARTESIAN_POINT('',(5.05210598312441,4.73074227712357,-6.75));
#2629=CARTESIAN_POINT('',(5.06321546573926,4.72724491561256,-6.75));
#2630=CARTESIAN_POINT('',(5.07420829151085,4.72339654932721,-6.75));
#2631=CARTESIAN_POINT('',(5.04089104823342,4.73388510656547,-6.4317690402564));
#2632=CARTESIAN_POINT('',(5.05210598312441,4.73074227712357,-6.43364237520678));
#2633=CARTESIAN_POINT('',(5.06321546573926,4.72724491561256,-6.43572703480249));
#2634=CARTESIAN_POINT('',(5.07420829151085,4.72339654932721,-6.43802091654118));
#2635=CARTESIAN_POINT('',(5.04089104823342,4.50623146578556,-6.20792627457776));
#2636=CARTESIAN_POINT('',(5.05210598312441,4.50442876843595,-6.21111730808472));
#2637=CARTESIAN_POINT('',(5.06321546573926,4.50242271483236,-6.21466831140015));
#2638=CARTESIAN_POINT('',(5.07420829151085,4.5002153281981,-6.21857570312807));
#2639=CARTESIAN_POINT('',(5.04089104823342,4.18604674721496,-6.21629726087548));
#2640=CARTESIAN_POINT('',(5.05210598312441,4.18612888603694,-6.21943901677234));
#2641=CARTESIAN_POINT('',(5.06321546573926,4.18622029066447,-6.22293518363523));
#2642=CARTESIAN_POINT('',(5.07420829151085,4.18632086891053,-6.22678223537437));
#2649=EDGE_LOOP('',(#6287,#6288));
#2650=AXIS2_PLACEMENT_3D('',#6289,#6290,#6291);
#2651=EDGE_LOOP('',(#6292,#6293,#6294,#6295));
#2652=AXIS2_PLACEMENT_3D('',#6296,#6297,#6298);
#2653=EDGE_LOOP('',(#6299,#6300,#6301,#6302));
#2654=AXIS2_PLACEMENT_3D('',#6303,#6304,#6305);
#2655=EDGE_LOOP('',(#6306,#6307));
#2656=AXIS2_PLACEMENT_3D('',#6308,#6309,#6310);
#2657=EDGE_LOOP('',(#6311,#6312,#6313,#6314));
#2658=AXIS2_PLACEMENT_3D('',#6315,#6316,#6317);
#2659=EDGE_LOOP('',(#6318,#6319,#6320,#6321));
#2660=AXIS2_PLACEMENT_3D('',#6322,#6323,#6324);
#2661=EDGE_LOOP('',(#6325,#6326,#6327,#6328));
#2662=AXIS2_PLACEMENT_3D('',#6329,#6330,#6331);
#2663=EDGE_LOOP('',(#6332,#6333,#6334,#6335));
#2664=AXIS2_PLACEMENT_3D('',#6336,#6337,#6338);
#2665=EDGE_LOOP('',(#6339,#6340,#6341,#6342));
#2666=AXIS2_PLACEMENT_3D('',#6343,#6344,#6345);
#2667=EDGE_LOOP('',(#6346,#6347,#6348,#6349));
#2668=AXIS2_PLACEMENT_3D('',#6350,#6351,#6352);
#2669=EDGE_LOOP('',(#6353,#6354,#6355,#6356));
#2670=AXIS2_PLACEMENT_3D('',#6357,#6358,#6359);
#2671=EDGE_LOOP('',(#6360,#6361,#6362,#6363));
#2672=AXIS2_PLACEMENT_3D('',#6364,#6365,#6366);
#2673=EDGE_LOOP('',(#6367,#6368,#6369,#6370));
#2674=AXIS2_PLACEMENT_3D('',#6371,#6372,#6373);
#2675=EDGE_LOOP('',(#6374,#6375));
#2676=AXIS2_PLACEMENT_3D('',#6376,#6377,#6378);
#2677=EDGE_LOOP('',(#6379,#6380,#6381,#6382));
#2678=AXIS2_PLACEMENT_3D('',#6383,#6384,#6385);
#2679=EDGE_LOOP('',(#6386,#6387,#6388,#6389));
#2680=AXIS2_PLACEMENT_3D('',#6390,#6391,#6392);
#2681=EDGE_LOOP('',(#6393,#6394,#6395,#6396));
#2682=AXIS2_PLACEMENT_3D('',#6397,#6398,#6399);
#2683=EDGE_LOOP('',(#6400,#6401,#6402,#6403));
#2684=AXIS2_PLACEMENT_3D('',#6404,#6405,#6406);
#2685=EDGE_LOOP('',(#6407,#6408));
#2686=AXIS2_PLACEMENT_3D('',#6409,#6410,#6411);
#2687=EDGE_LOOP('',(#6412,#6413,#6414,#6415));
#2688=AXIS2_PLACEMENT_3D('',#6416,#6417,#6418);
#2689=EDGE_LOOP('',(#6419,#6420,#6421,#6422));
#2690=AXIS2_PLACEMENT_3D('',#6423,#6424,#6425);
#2691=EDGE_LOOP('',(#6426,#6427,#6428,#6429));
#2692=AXIS2_PLACEMENT_3D('',#6430,#6431,#6432);
#2693=EDGE_LOOP('',(#6433,#6434,#6435,#6436));
#2694=AXIS2_PLACEMENT_3D('',#6437,#6438,#6439);
#2695=EDGE_LOOP('',(#6440,#6441));
#2696=AXIS2_PLACEMENT_3D('',#6442,#6443,#6444);
#2697=EDGE_LOOP('',(#6445,#6446,#6447,#6448));
#2699=CARTESIAN_POINT('',(-6.00000373331627,4.19999544904362,-7.1006163337117));
#2700=CARTESIAN_POINT('',(-5.84293883382722,4.19999303778242,-7.28638550599733));
#2701=CARTESIAN_POINT('',(-5.60716298607281,4.19999226014667,-7.34629642022621));
#2702=CARTESIAN_POINT('',(-5.38046813312128,4.19999340569005,-7.25804104264096));
#2703=CARTESIAN_POINT('',(-6.00000373331626,4.40648956674619,-7.10061901397963));
#2704=CARTESIAN_POINT('',(-5.84293883382722,4.51589518254828,-7.28638960636719));
#2705=CARTESIAN_POINT('',(-5.60716298607281,4.5511787034034,-7.34630097858273));
#2706=CARTESIAN_POINT('',(-5.38046813312128,4.49920218968028,-7.25804492633339));
#2707=CARTESIAN_POINT('',(-6.00000373331626,4.55061633374061,-6.95428022494767));
#2708=CARTESIAN_POINT('',(-5.84293883382722,4.73638550604232,-7.06251525182578));
#2709=CARTESIAN_POINT('',(-5.60716298607281,4.79629642027636,-7.09742125550799));
#2710=CARTESIAN_POINT('',(-5.38046813312128,4.70804104268358,-7.0460008661744));
#2711=CARTESIAN_POINT('',(-6.00000373331626,4.55061633374061,-6.75));
#2712=CARTESIAN_POINT('',(-5.84293883382722,4.73638550604232,-6.75));
#2713=CARTESIAN_POINT('',(-5.60716298607281,4.79629642027636,-6.75));
#2714=CARTESIAN_POINT('',(-5.38046813312128,4.70804104268357,-6.75));
#2715=CARTESIAN_POINT('',(-6.00000373331626,4.55061633374061,-6.54571977505233));
#2716=CARTESIAN_POINT('',(-5.84293883382722,4.73638550604232,-6.43748474817422));
#2717=CARTESIAN_POINT('',(-5.60716298607281,4.79629642027636,-6.40257874449201));
#2718=CARTESIAN_POINT('',(-5.38046813312128,4.70804104268357,-6.45399913382561));
#2719=CARTESIAN_POINT('',(-6.00000373331626,4.40648956674619,-6.39938098602037));
#2720=CARTESIAN_POINT('',(-5.84293883382722,4.51589518254828,-6.21361039363281));
#2721=CARTESIAN_POINT('',(-5.60716298607281,4.5511787034034,-6.15369902141727));
#2722=CARTESIAN_POINT('',(-5.38046813312128,4.49920218968028,-6.24195507366662));
#2723=CARTESIAN_POINT('',(-6.00000373331626,4.19999544904362,-6.3993836662883));
#2724=CARTESIAN_POINT('',(-5.84293883382722,4.19999303778243,-6.21361449400267));
#2725=CARTESIAN_POINT('',(-5.60716298607281,4.19999226014668,-6.15370357977379));
#2726=CARTESIAN_POINT('',(-5.38046813312128,4.19999340569005,-6.24195895735904));
#2733=EDGE_LOOP('',(#6449,#6450,#6451,#6452));
#2735=CARTESIAN_POINT('',(-6.00000373331626,4.20000455095638,-6.3993836662883));
#2736=CARTESIAN_POINT('',(-5.84293883382722,4.20000696221757,-6.21361449400267));
#2737=CARTESIAN_POINT('',(-5.60716298607281,4.20000773985332,-6.15370357977379));
#2738=CARTESIAN_POINT('',(-5.38046813312128,4.20000659430995,-6.24195895735904));
#2739=CARTESIAN_POINT('',(-6.00000373331626,3.9935104332538,-6.39938098602036));
#2740=CARTESIAN_POINT('',(-5.84293883382721,3.88410481745172,-6.21361039363281));
#2741=CARTESIAN_POINT('',(-5.60716298607281,3.8488212965966,-6.15369902141727));
#2742=CARTESIAN_POINT('',(-5.38046813312128,3.90079781031972,-6.24195507366662));
#2743=CARTESIAN_POINT('',(-6.00000373331626,3.84938366625938,-6.54571977505232));
#2744=CARTESIAN_POINT('',(-5.84293883382721,3.66361449395768,-6.43748474817422));
#2745=CARTESIAN_POINT('',(-5.60716298607281,3.60370357972365,-6.40257874449202));
#2746=CARTESIAN_POINT('',(-5.38046813312128,3.69195895731643,-6.45399913382561));
#2747=CARTESIAN_POINT('',(-6.00000373331626,3.84938366625939,-6.75));
#2748=CARTESIAN_POINT('',(-5.84293883382722,3.66361449395768,-6.75));
#2749=CARTESIAN_POINT('',(-5.60716298607281,3.60370357972365,-6.75));
#2750=CARTESIAN_POINT('',(-5.38046813312128,3.69195895731643,-6.75));
#2751=CARTESIAN_POINT('',(-6.00000373331626,3.84938366625938,-6.95428022494767));
#2752=CARTESIAN_POINT('',(-5.84293883382721,3.66361449395768,-7.06251525182577));
#2753=CARTESIAN_POINT('',(-5.60716298607281,3.60370357972365,-7.09742125550798));
#2754=CARTESIAN_POINT('',(-5.38046813312128,3.69195895731643,-7.04600086617439));
#2755=CARTESIAN_POINT('',(-6.00000373331626,3.9935104332538,-7.10061901397964));
#2756=CARTESIAN_POINT('',(-5.84293883382721,3.88410481745171,-7.28638960636719));
#2757=CARTESIAN_POINT('',(-5.60716298607281,3.8488212965966,-7.34630097858272));
#2758=CARTESIAN_POINT('',(-5.38046813312128,3.90079781031972,-7.25804492633338));
#2759=CARTESIAN_POINT('',(-6.00000373331626,4.20000455095638,-7.1006163337117));
#2760=CARTESIAN_POINT('',(-5.84293883382722,4.20000696221757,-7.28638550599733));
#2761=CARTESIAN_POINT('',(-5.60716298607281,4.20000773985332,-7.34629642022621));
#2762=CARTESIAN_POINT('',(-5.38046813312128,4.20000659430994,-7.25804104264096));
#2769=EDGE_LOOP('',(#6453,#6454,#6455,#6456));
#2770=AXIS2_PLACEMENT_3D('',#6457,#6458,#6459);
#2771=EDGE_LOOP('',(#6460,#6461,#6462,#6463));
#2772=AXIS2_PLACEMENT_3D('',#6464,#6465,#6466);
#2773=EDGE_LOOP('',(#6467,#6468));
#2774=AXIS2_PLACEMENT_3D('',#6469,#6470,#6471);
#2775=EDGE_LOOP('',(#6472,#6473,#6474,#6475));
#2777=CARTESIAN_POINT('',(-6.00000358724657,4.69999544908162,-1.60061340602479));
#2778=CARTESIAN_POINT('',(-5.85082690622338,4.69999315893327,-1.77705176088482));
#2779=CARTESIAN_POINT('',(-5.6285433145942,4.69999234066783,-1.84009285957542));
#2780=CARTESIAN_POINT('',(-5.40894966141594,4.69999327330614,-1.76824021372866));
#2781=CARTESIAN_POINT('',(-6.00000358724653,4.90648784253493,-1.60061608626996));
#2782=CARTESIAN_POINT('',(-5.85082690622261,5.01039823104052,-1.77705578990435));
#2783=CARTESIAN_POINT('',(-5.62854331459416,5.04752522115608,-1.84009737050908));
#2784=CARTESIAN_POINT('',(-5.40894966141593,5.00520881919711,-1.76824417538868));
#2785=CARTESIAN_POINT('',(-6.00000358724657,5.05061340605404,-1.45427851918447));
#2786=CARTESIAN_POINT('',(-5.85082690622342,5.22705176092909,-1.55707711512804));
#2787=CARTESIAN_POINT('',(-5.6285433145942,5.29009285962539,-1.59380686381152));
#2788=CARTESIAN_POINT('',(-5.40894966141593,5.21824021377252,-1.5519432275647));
#2789=CARTESIAN_POINT('',(-6.00000358724652,5.05061340605405,-1.25));
#2790=CARTESIAN_POINT('',(-5.85082690622253,5.22705176092909,-1.25));
#2791=CARTESIAN_POINT('',(-5.62854331459417,5.29009285962539,-1.25));
#2792=CARTESIAN_POINT('',(-5.40894966141594,5.21824021377252,-1.25));
#2793=CARTESIAN_POINT('',(-6.00000358724657,5.05061340605404,-1.04572148081553));
#2794=CARTESIAN_POINT('',(-5.85082690622342,5.22705176092909,-0.942922884871962));
#2795=CARTESIAN_POINT('',(-5.6285433145942,5.29009285962538,-0.906193136188572));
#2796=CARTESIAN_POINT('',(-5.40894966141593,5.21824021377252,-0.948056772435397));
#2797=CARTESIAN_POINT('',(-6.00000358724658,4.90648784253492,-0.899383913729597));
#2798=CARTESIAN_POINT('',(-5.85082690622347,5.01039823104048,-0.72294421009554));
#2799=CARTESIAN_POINT('',(-5.6285433145942,5.04752522115522,-0.659902629490568));
#2800=CARTESIAN_POINT('',(-5.40894966141593,5.00520881919706,-0.731755824611043));
#2801=CARTESIAN_POINT('',(-6.00000358724657,4.69999544908162,-0.899386593975234));
#2802=CARTESIAN_POINT('',(-5.85082690622347,4.69999315893326,-0.722948239114906));
#2803=CARTESIAN_POINT('',(-5.62854331459421,4.69999234066774,-0.659907140424182));
#2804=CARTESIAN_POINT('',(-5.40894966141594,4.69999327330613,-0.73175978627095));
#2811=EDGE_LOOP('',(#6476,#6477,#6478,#6479));
#2813=CARTESIAN_POINT('',(-6.00000358724657,4.70000455091838,-0.899386593975233));
#2814=CARTESIAN_POINT('',(-5.85082690622338,4.70000684106673,-0.722948239114903));
#2815=CARTESIAN_POINT('',(-5.6285433145942,4.70000765933217,-0.659907140424181));
#2816=CARTESIAN_POINT('',(-5.40894966141593,4.70000672669386,-0.731759786270952));
#2817=CARTESIAN_POINT('',(-6.00000358724653,4.49351215746507,-0.899383913729598));
#2818=CARTESIAN_POINT('',(-5.85082690622261,4.38960176895948,-0.722944210095539));
#2819=CARTESIAN_POINT('',(-5.62854331459416,4.35247477884391,-0.659902629490569));
#2820=CARTESIAN_POINT('',(-5.40894966141592,4.39479118080289,-0.731755824611048));
#2821=CARTESIAN_POINT('',(-6.00000358724657,4.34938659394596,-1.04572148081553));
#2822=CARTESIAN_POINT('',(-5.85082690622342,4.17294823907091,-0.942922884871963));
#2823=CARTESIAN_POINT('',(-5.62854331459419,4.10990714037461,-0.906193136188574));
#2824=CARTESIAN_POINT('',(-5.40894966141592,4.18175978622749,-0.948056772435401));
#2825=CARTESIAN_POINT('',(-6.00000358724652,4.34938659394595,-1.25));
#2826=CARTESIAN_POINT('',(-5.85082690622253,4.17294823907091,-1.25));
#2827=CARTESIAN_POINT('',(-5.62854331459416,4.10990714037461,-1.25));
#2828=CARTESIAN_POINT('',(-5.40894966141593,4.18175978622748,-1.25));
#2829=CARTESIAN_POINT('',(-6.00000358724657,4.34938659394596,-1.45427851918446));
#2830=CARTESIAN_POINT('',(-5.85082690622342,4.17294823907091,-1.55707711512804));
#2831=CARTESIAN_POINT('',(-5.62854331459419,4.10990714037461,-1.59380686381152));
#2832=CARTESIAN_POINT('',(-5.40894966141592,4.18175978622749,-1.55194322756469));
#2833=CARTESIAN_POINT('',(-6.00000358724658,4.49351215746507,-1.60061608626996));
#2834=CARTESIAN_POINT('',(-5.85082690622347,4.38960176895951,-1.77705578990435));
#2835=CARTESIAN_POINT('',(-5.62854331459419,4.35247477884477,-1.84009737050908));
#2836=CARTESIAN_POINT('',(-5.40894966141592,4.39479118080293,-1.76824417538868));
#2837=CARTESIAN_POINT('',(-6.00000358724657,4.70000455091838,-1.60061340602479));
#2838=CARTESIAN_POINT('',(-5.85082690622347,4.70000684106673,-1.77705176088482));
#2839=CARTESIAN_POINT('',(-5.6285433145942,4.70000765933225,-1.84009285957543));
#2840=CARTESIAN_POINT('',(-5.40894966141593,4.70000672669386,-1.76824021372866));
#2847=EDGE_LOOP('',(#6480,#6481,#6482,#6483));
#2848=AXIS2_PLACEMENT_3D('',#6484,#6485,#6486);
#2849=EDGE_LOOP('',(#6487,#6488,#6489,#6490));
#2850=AXIS2_PLACEMENT_3D('',#6491,#6492,#6493);
#2851=EDGE_LOOP('',(#6494,#6495));
#2852=AXIS2_PLACEMENT_3D('',#6496,#6497,#6498);
#2853=ORIENTED_EDGE('',*,*,#6499,.F.);
#2854=ORIENTED_EDGE('',*,*,#6500,.T.);
#2855=ORIENTED_EDGE('',*,*,#6501,.F.);
#2856=ORIENTED_EDGE('',*,*,#6502,.F.);
#2857=CARTESIAN_POINT('',(-5.099993437548,4.7,-1.25));
#2858=DIRECTION('',(1.0,0.0,-0.0));
#2859=DIRECTION('',(0.0,0.0,1.0));
#2860=ORIENTED_EDGE('',*,*,#6503,.F.);
#2861=ORIENTED_EDGE('',*,*,#6502,.T.);
#2862=ORIENTED_EDGE('',*,*,#6504,.T.);
#2863=ORIENTED_EDGE('',*,*,#6500,.F.);
#2864=CARTESIAN_POINT('',(-5.099993437548,4.7,-1.25));
#2865=DIRECTION('',(1.0,0.0,-0.0));
#2866=DIRECTION('',(0.0,0.0,1.0));
#2867=ORIENTED_EDGE('',*,*,#6505,.F.);
#2868=ORIENTED_EDGE('',*,*,#6506,.T.);
#2869=ORIENTED_EDGE('',*,*,#6507,.F.);
#2870=ORIENTED_EDGE('',*,*,#6508,.F.);
#2871=CARTESIAN_POINT('',(-5.097721788142,4.2,-6.75));
#2872=DIRECTION('',(1.0,0.0,-0.0));
#2873=DIRECTION('',(0.0,0.0,1.0));
#2874=ORIENTED_EDGE('',*,*,#6509,.F.);
#2875=ORIENTED_EDGE('',*,*,#6508,.T.);
#2876=ORIENTED_EDGE('',*,*,#6510,.T.);
#2877=ORIENTED_EDGE('',*,*,#6506,.F.);
#2878=CARTESIAN_POINT('',(-5.097721788142,4.2,-6.75));
#2879=DIRECTION('',(1.0,0.0,-0.0));
#2880=DIRECTION('',(0.0,0.0,1.0));
#2881=ORIENTED_EDGE('',*,*,#6511,.F.);
#2882=ORIENTED_EDGE('',*,*,#6512,.T.);
#2883=ORIENTED_EDGE('',*,*,#6513,.F.);
#2884=ORIENTED_EDGE('',*,*,#6514,.F.);
#2885=CARTESIAN_POINT('',(-5.100000000008,2.8,-3.75));
#2886=DIRECTION('',(1.0,0.0,-0.0));
#2887=DIRECTION('',(0.0,0.0,1.0));
#2888=ORIENTED_EDGE('',*,*,#6515,.F.);
#2889=ORIENTED_EDGE('',*,*,#6514,.T.);
#2890=ORIENTED_EDGE('',*,*,#6516,.T.);
#2891=ORIENTED_EDGE('',*,*,#6512,.F.);
#2892=CARTESIAN_POINT('',(-5.100000000008,2.8,-3.75));
#2893=DIRECTION('',(1.0,0.0,-0.0));
#2894=DIRECTION('',(0.0,0.0,1.0));
#2895=ORIENTED_EDGE('',*,*,#6517,.F.);
#2896=ORIENTED_EDGE('',*,*,#6518,.T.);
#2897=ORIENTED_EDGE('',*,*,#6519,.F.);
#2898=ORIENTED_EDGE('',*,*,#6520,.F.);
#2899=CARTESIAN_POINT('',(-5.099999999642,-4.8,-5.55));
#2900=DIRECTION('',(1.0,0.0,-0.0));
#2901=DIRECTION('',(0.0,0.0,1.0));
#2902=ORIENTED_EDGE('',*,*,#6521,.F.);
#2903=ORIENTED_EDGE('',*,*,#6520,.T.);
#2904=ORIENTED_EDGE('',*,*,#6522,.T.);
#2905=ORIENTED_EDGE('',*,*,#6518,.F.);
#2906=CARTESIAN_POINT('',(-5.099999999642,-4.8,-5.55));
#2907=DIRECTION('',(1.0,0.0,-0.0));
#2908=DIRECTION('',(0.0,0.0,1.0));
#2909=ORIENTED_EDGE('',*,*,#6523,.F.);
#2910=ORIENTED_EDGE('',*,*,#6524,.T.);
#2911=ORIENTED_EDGE('',*,*,#6525,.F.);
#2912=ORIENTED_EDGE('',*,*,#6526,.F.);
#2913=CARTESIAN_POINT('',(-5.099999999642,-4.8,-8.25));
#2914=DIRECTION('',(1.0,0.0,-0.0));
#2915=DIRECTION('',(0.0,0.0,1.0));
#2916=ORIENTED_EDGE('',*,*,#6527,.F.);
#2917=ORIENTED_EDGE('',*,*,#6526,.T.);
#2918=ORIENTED_EDGE('',*,*,#6528,.T.);
#2919=ORIENTED_EDGE('',*,*,#6524,.F.);
#2920=CARTESIAN_POINT('',(-5.099999999642,-4.8,-8.25));
#2921=DIRECTION('',(1.0,0.0,-0.0));
#2922=DIRECTION('',(0.0,0.0,1.0));
#2923=ORIENTED_EDGE('',*,*,#6529,.F.);
#2924=ORIENTED_EDGE('',*,*,#6530,.T.);
#2925=ORIENTED_EDGE('',*,*,#6531,.T.);
#2926=ORIENTED_EDGE('',*,*,#6532,.F.);
#2927=CARTESIAN_POINT('',(5.398739146462,4.7,-1.25));
#2928=DIRECTION('',(1.0,0.0,-0.0));
#2929=DIRECTION('',(0.0,0.0,1.0));
#2930=ORIENTED_EDGE('',*,*,#6533,.F.);
#2931=ORIENTED_EDGE('',*,*,#6532,.T.);
#2932=ORIENTED_EDGE('',*,*,#6534,.F.);
#2933=ORIENTED_EDGE('',*,*,#6530,.F.);
#2934=CARTESIAN_POINT('',(5.398739146462,4.7,-1.25));
#2935=DIRECTION('',(1.0,0.0,-0.0));
#2936=DIRECTION('',(0.0,0.0,1.0));
#2937=ORIENTED_EDGE('',*,*,#6535,.F.);
#2938=ORIENTED_EDGE('',*,*,#6536,.T.);
#2939=ORIENTED_EDGE('',*,*,#6537,.T.);
#2940=ORIENTED_EDGE('',*,*,#6538,.F.);
#2941=CARTESIAN_POINT('',(5.4,4.2,-6.75));
#2942=DIRECTION('',(1.0,0.0,-0.0));
#2943=DIRECTION('',(0.0,0.0,1.0));
#2944=ORIENTED_EDGE('',*,*,#6539,.F.);
#2945=ORIENTED_EDGE('',*,*,#6538,.T.);
#2946=ORIENTED_EDGE('',*,*,#6540,.F.);
#2947=ORIENTED_EDGE('',*,*,#6536,.F.);
#2948=CARTESIAN_POINT('',(5.4,4.2,-6.75));
#2949=DIRECTION('',(1.0,0.0,-0.0));
#2950=DIRECTION('',(0.0,0.0,1.0));
#2951=ORIENTED_EDGE('',*,*,#6541,.F.);
#2952=ORIENTED_EDGE('',*,*,#6542,.T.);
#2953=ORIENTED_EDGE('',*,*,#6543,.T.);
#2954=ORIENTED_EDGE('',*,*,#6544,.F.);
#2955=CARTESIAN_POINT('',(5.4,2.8,-3.75));
#2956=DIRECTION('',(1.0,0.0,-0.0));
#2957=DIRECTION('',(0.0,0.0,1.0));
#2958=ORIENTED_EDGE('',*,*,#6545,.F.);
#2959=ORIENTED_EDGE('',*,*,#6544,.T.);
#2960=ORIENTED_EDGE('',*,*,#6546,.F.);
#2961=ORIENTED_EDGE('',*,*,#6542,.F.);
#2962=CARTESIAN_POINT('',(5.4,2.8,-3.75));
#2963=DIRECTION('',(1.0,0.0,-0.0));
#2964=DIRECTION('',(0.0,0.0,1.0));
#2965=ORIENTED_EDGE('',*,*,#6547,.F.);
#2966=ORIENTED_EDGE('',*,*,#6548,.F.);
#2967=ORIENTED_EDGE('',*,*,#6549,.T.);
#2968=ORIENTED_EDGE('',*,*,#6550,.F.);
#2969=CARTESIAN_POINT('',(5.400000000036,-4.8,-5.55));
#2970=DIRECTION('',(1.0,0.0,-0.0));
#2971=DIRECTION('',(0.0,0.0,1.0));
#2972=ORIENTED_EDGE('',*,*,#6551,.F.);
#2973=ORIENTED_EDGE('',*,*,#6550,.T.);
#2974=ORIENTED_EDGE('',*,*,#6552,.F.);
#2975=ORIENTED_EDGE('',*,*,#6548,.T.);
#2976=CARTESIAN_POINT('',(5.400000000036,-4.8,-5.55));
#2977=DIRECTION('',(1.0,0.0,-0.0));
#2978=DIRECTION('',(0.0,0.0,1.0));
#2979=ORIENTED_EDGE('',*,*,#6553,.F.);
#2980=ORIENTED_EDGE('',*,*,#6554,.F.);
#2981=ORIENTED_EDGE('',*,*,#6555,.T.);
#2982=ORIENTED_EDGE('',*,*,#6556,.F.);
#2983=CARTESIAN_POINT('',(5.400000000036,-4.8,-8.25));
#2984=DIRECTION('',(1.0,0.0,-0.0));
#2985=DIRECTION('',(0.0,0.0,1.0));
#2986=ORIENTED_EDGE('',*,*,#6557,.F.);
#2987=ORIENTED_EDGE('',*,*,#6556,.T.);
#2988=ORIENTED_EDGE('',*,*,#6558,.F.);
#2989=ORIENTED_EDGE('',*,*,#6554,.T.);
#2990=CARTESIAN_POINT('',(5.400000000036,-4.8,-8.25));
#2991=DIRECTION('',(1.0,0.0,-0.0));
#2992=DIRECTION('',(0.0,0.0,1.0));
#2993=ORIENTED_EDGE('',*,*,#6559,.F.);
#2994=ORIENTED_EDGE('',*,*,#6560,.F.);
#2995=ORIENTED_EDGE('',*,*,#6561,.F.);
#2996=ORIENTED_EDGE('',*,*,#6562,.F.);
#2997=CARTESIAN_POINT('',(-1.0,-2.48515728748,-12.3781743646));
#2998=DIRECTION('',(-1.0,0.0,0.0));
#2999=DIRECTION('',(0.0,0.0,1.0));
#3000=ORIENTED_EDGE('',*,*,#6563,.F.);
#3001=ORIENTED_EDGE('',*,*,#6564,.F.);
#3002=ORIENTED_EDGE('',*,*,#6565,.F.);
#3003=ORIENTED_EDGE('',*,*,#6566,.F.);
#3004=CARTESIAN_POINT('',(-4.5,-2.48515728748,-12.3781743646));
#3005=DIRECTION('',(-1.0,0.0,0.0));
#3006=DIRECTION('',(0.0,0.0,1.0));
#3007=ORIENTED_EDGE('',*,*,#6567,.F.);
#3008=ORIENTED_EDGE('',*,*,#6568,.F.);
#3009=ORIENTED_EDGE('',*,*,#6569,.F.);
#3010=ORIENTED_EDGE('',*,*,#6570,.F.);
#3011=CARTESIAN_POINT('',(2.5,-2.48515728748,-12.3781743646));
#3012=DIRECTION('',(-1.0,0.0,0.0));
#3013=DIRECTION('',(0.0,0.0,1.0));
#3014=ORIENTED_EDGE('',*,*,#6571,.F.);
#3015=ORIENTED_EDGE('',*,*,#6572,.F.);
#3016=ORIENTED_EDGE('',*,*,#6573,.F.);
#3017=ORIENTED_EDGE('',*,*,#6574,.F.);
#3018=CARTESIAN_POINT('',(-6.0,-3.850000017105,-9.392820327306));
#3019=DIRECTION('',(-1.0,-0.0,0.0));
#3020=DIRECTION('',(0.0,-1.0,0.0));
#3021=ORIENTED_EDGE('',*,*,#6575,.F.);
#3022=ORIENTED_EDGE('',*,*,#6576,.T.);
#3023=ORIENTED_EDGE('',*,*,#6577,.F.);
#3024=ORIENTED_EDGE('',*,*,#6578,.F.);
#3025=CARTESIAN_POINT('',(-6.0,-3.850000017105,-9.392820327306));
#3026=DIRECTION('',(-1.0,-0.0,0.0));
#3027=DIRECTION('',(0.0,-1.0,0.0));
#3028=ORIENTED_EDGE('',*,*,#6579,.F.);
#3029=ORIENTED_EDGE('',*,*,#6580,.T.);
#3030=ORIENTED_EDGE('',*,*,#6581,.F.);
#3031=ORIENTED_EDGE('',*,*,#6582,.F.);
#3032=CARTESIAN_POINT('',(-6.0,-3.850000017105,-9.392820327306));
#3033=DIRECTION('',(-1.0,-0.0,0.0));
#3034=DIRECTION('',(0.0,-1.0,0.0));
#3035=ORIENTED_EDGE('',*,*,#6583,.F.);
#3036=ORIENTED_EDGE('',*,*,#6584,.F.);
#3037=ORIENTED_EDGE('',*,*,#6585,.F.);
#3038=ORIENTED_EDGE('',*,*,#6586,.T.);
#3039=CARTESIAN_POINT('',(4.0,-4.4,2.100563199505));
#3040=DIRECTION('',(-1.0,-0.0,0.0));
#3041=DIRECTION('',(0.0,-1.0,0.0));
#3042=ORIENTED_EDGE('',*,*,#6587,.F.);
#3043=ORIENTED_EDGE('',*,*,#6588,.T.);
#3044=ORIENTED_EDGE('',*,*,#6589,.T.);
#3045=ORIENTED_EDGE('',*,*,#6590,.F.);
#3046=CARTESIAN_POINT('',(4.0,-4.4,2.100563199505));
#3047=DIRECTION('',(-1.0,-0.0,0.0));
#3048=DIRECTION('',(0.0,-1.0,0.0));
#3049=ORIENTED_EDGE('',*,*,#6591,.F.);
#3050=ORIENTED_EDGE('',*,*,#6592,.F.);
#3051=ORIENTED_EDGE('',*,*,#6593,.F.);
#3052=ORIENTED_EDGE('',*,*,#6594,.T.);
#3053=CARTESIAN_POINT('',(-3.0,-4.4,2.100563199505));
#3054=DIRECTION('',(-1.0,-0.0,0.0));
#3055=DIRECTION('',(0.0,-1.0,0.0));
#3056=ORIENTED_EDGE('',*,*,#6595,.F.);
#3057=ORIENTED_EDGE('',*,*,#6596,.T.);
#3058=ORIENTED_EDGE('',*,*,#6597,.T.);
#3059=ORIENTED_EDGE('',*,*,#6598,.F.);
#3060=CARTESIAN_POINT('',(-3.0,-4.4,2.100563199505));
#3061=DIRECTION('',(-1.0,-0.0,0.0));
#3062=DIRECTION('',(0.0,-1.0,0.0));
#3063=ORIENTED_EDGE('',*,*,#6599,.F.);
#3064=ORIENTED_EDGE('',*,*,#6600,.F.);
#3065=ORIENTED_EDGE('',*,*,#6601,.F.);
#3066=ORIENTED_EDGE('',*,*,#6602,.T.);
#3067=CARTESIAN_POINT('',(0.5,2.4,2.100562450249));
#3068=DIRECTION('',(-1.0,-0.0,0.0));
#3069=DIRECTION('',(0.0,-1.0,0.0));
#3070=ORIENTED_EDGE('',*,*,#6603,.F.);
#3071=ORIENTED_EDGE('',*,*,#6604,.T.);
#3072=ORIENTED_EDGE('',*,*,#6605,.T.);
#3073=ORIENTED_EDGE('',*,*,#6606,.F.);
#3074=CARTESIAN_POINT('',(0.5,2.4,2.100562450249));
#3075=DIRECTION('',(-1.0,-0.0,0.0));
#3076=DIRECTION('',(0.0,-1.0,0.0));
#3077=ORIENTED_EDGE('',*,*,#6607,.F.);
#3078=ORIENTED_EDGE('',*,*,#6608,.T.);
#3079=ORIENTED_EDGE('',*,*,#6609,.T.);
#3080=ORIENTED_EDGE('',*,*,#6610,.F.);
#3081=CARTESIAN_POINT('',(-3.4,5.499,0.001000000000003));
#3082=DIRECTION('',(-1.0,-0.0,0.0));
#3083=DIRECTION('',(0.0,-1.0,0.0));
#3084=ORIENTED_EDGE('',*,*,#6611,.F.);
#3085=ORIENTED_EDGE('',*,*,#6612,.F.);
#3086=ORIENTED_EDGE('',*,*,#6613,.F.);
#3087=ORIENTED_EDGE('',*,*,#6614,.T.);
#3088=CARTESIAN_POINT('',(-3.4,-5.499,0.001000000000003));
#3089=DIRECTION('',(-1.0,-0.0,0.0));
#3090=DIRECTION('',(0.0,-1.0,0.0));
#3091=ORIENTED_EDGE('',*,*,#6615,.F.);
#3092=ORIENTED_EDGE('',*,*,#6616,.T.);
#3093=ORIENTED_EDGE('',*,*,#6617,.T.);
#3094=ORIENTED_EDGE('',*,*,#6618,.F.);
#3095=CARTESIAN_POINT('',(0.1,5.499,0.001000000000003));
#3096=DIRECTION('',(-1.0,-0.0,0.0));
#3097=DIRECTION('',(0.0,-1.0,0.0));
#3098=ORIENTED_EDGE('',*,*,#6619,.F.);
#3099=ORIENTED_EDGE('',*,*,#6620,.F.);
#3100=ORIENTED_EDGE('',*,*,#6621,.F.);
#3101=ORIENTED_EDGE('',*,*,#6622,.T.);
#3102=CARTESIAN_POINT('',(0.1,-5.499,0.001000000000003));
#3103=DIRECTION('',(-1.0,-0.0,0.0));
#3104=DIRECTION('',(0.0,-1.0,0.0));
#3105=ORIENTED_EDGE('',*,*,#6623,.F.);
#3106=ORIENTED_EDGE('',*,*,#6624,.T.);
#3107=ORIENTED_EDGE('',*,*,#6625,.T.);
#3108=ORIENTED_EDGE('',*,*,#6626,.F.);
#3109=CARTESIAN_POINT('',(3.6,5.499,0.001000000000003));
#3110=DIRECTION('',(-1.0,-0.0,0.0));
#3111=DIRECTION('',(0.0,-1.0,0.0));
#3112=ORIENTED_EDGE('',*,*,#6627,.F.);
#3113=ORIENTED_EDGE('',*,*,#6628,.F.);
#3114=ORIENTED_EDGE('',*,*,#6629,.F.);
#3115=ORIENTED_EDGE('',*,*,#6630,.T.);
#3116=CARTESIAN_POINT('',(3.6,-5.499,0.001000000000003));
#3117=DIRECTION('',(-1.0,-0.0,0.0));
#3118=DIRECTION('',(0.0,-1.0,0.0));
#3119=ORIENTED_EDGE('',*,*,#6631,.F.);
#3120=ORIENTED_EDGE('',*,*,#6632,.F.);
#3121=ORIENTED_EDGE('',*,*,#6633,.F.);
#3122=ORIENTED_EDGE('',*,*,#6634,.F.);
#3123=ORIENTED_EDGE('',*,*,#6635,.F.);
#3124=ORIENTED_EDGE('',*,*,#6636,.F.);
#3125=ORIENTED_EDGE('',*,*,#6637,.F.);
#3126=ORIENTED_EDGE('',*,*,#6638,.F.);
#3127=ORIENTED_EDGE('',*,*,#6639,.F.);
#3128=ORIENTED_EDGE('',*,*,#6640,.F.);
#3129=ORIENTED_EDGE('',*,*,#6641,.F.);
#3130=ORIENTED_EDGE('',*,*,#6642,.F.);
#3131=ORIENTED_EDGE('',*,*,#6643,.F.);
#3132=ORIENTED_EDGE('',*,*,#6644,.T.);
#3133=ORIENTED_EDGE('',*,*,#6645,.T.);
#3134=ORIENTED_EDGE('',*,*,#6646,.T.);
#3135=ORIENTED_EDGE('',*,*,#6647,.T.);
#3136=ORIENTED_EDGE('',*,*,#6648,.T.);
#3137=ORIENTED_EDGE('',*,*,#6649,.T.);
#3138=ORIENTED_EDGE('',*,*,#6650,.T.);
#3139=ORIENTED_EDGE('',*,*,#6651,.T.);
#3140=ORIENTED_EDGE('',*,*,#6652,.T.);
#3141=ORIENTED_EDGE('',*,*,#6653,.T.);
#3142=ORIENTED_EDGE('',*,*,#6654,.T.);
#3143=CARTESIAN_POINT('',(-6.0,0.0,0.0));
#3144=DIRECTION('',(1.0,0.0,0.0));
#3145=DIRECTION('',(0.0,1.0,0.0));
#3146=ORIENTED_EDGE('',*,*,#6655,.T.);
#3147=ORIENTED_EDGE('',*,*,#6656,.F.);
#3148=ORIENTED_EDGE('',*,*,#6657,.F.);
#3149=ORIENTED_EDGE('',*,*,#6658,.T.);
#3150=CARTESIAN_POINT('',(-6.0,-4.86372052488,-11.25));
#3151=DIRECTION('',(0.0,0.0,-1.0));
#3152=DIRECTION('',(0.0,-1.0,0.0));
#3153=ORIENTED_EDGE('',*,*,#6659,.F.);
#3154=ORIENTED_EDGE('',*,*,#6660,.T.);
#3155=ORIENTED_EDGE('',*,*,#6661,.T.);
#3156=ORIENTED_EDGE('',*,*,#6662,.F.);
#3157=CARTESIAN_POINT('',(-6.0,-4.86372052488,-11.25));
#3158=DIRECTION('',(0.0,0.0,-1.0));
#3159=DIRECTION('',(0.0,-1.0,0.0));
#3160=ORIENTED_EDGE('',*,*,#6663,.F.);
#3161=ORIENTED_EDGE('',*,*,#6664,.T.);
#3162=ORIENTED_EDGE('',*,*,#6665,.T.);
#3163=ORIENTED_EDGE('',*,*,#6666,.F.);
#3164=CARTESIAN_POINT('',(-6.0,-4.86372052488,-11.25));
#3165=DIRECTION('',(0.0,0.0,-1.0));
#3166=DIRECTION('',(0.0,-1.0,0.0));
#3167=ORIENTED_EDGE('',*,*,#6667,.F.);
#3168=ORIENTED_EDGE('',*,*,#6668,.T.);
#3169=ORIENTED_EDGE('',*,*,#6669,.T.);
#3170=ORIENTED_EDGE('',*,*,#6670,.T.);
#3171=ORIENTED_EDGE('',*,*,#6671,.T.);
#3172=ORIENTED_EDGE('',*,*,#6672,.F.);
#3173=ORIENTED_EDGE('',*,*,#6673,.T.);
#3174=ORIENTED_EDGE('',*,*,#6674,.T.);
#3175=ORIENTED_EDGE('',*,*,#6675,.T.);
#3176=ORIENTED_EDGE('',*,*,#6676,.T.);
#3177=ORIENTED_EDGE('',*,*,#6677,.T.);
#3178=ORIENTED_EDGE('',*,*,#6678,.T.);
#3179=ORIENTED_EDGE('',*,*,#6679,.F.);
#3180=ORIENTED_EDGE('',*,*,#6680,.T.);
#3181=ORIENTED_EDGE('',*,*,#6681,.T.);
#3182=ORIENTED_EDGE('',*,*,#6682,.T.);
#3183=ORIENTED_EDGE('',*,*,#6683,.T.);
#3184=ORIENTED_EDGE('',*,*,#6684,.T.);
#3185=ORIENTED_EDGE('',*,*,#6685,.T.);
#3186=ORIENTED_EDGE('',*,*,#6686,.F.);
#3187=ORIENTED_EDGE('',*,*,#6687,.T.);
#3188=ORIENTED_EDGE('',*,*,#6688,.F.);
#3189=ORIENTED_EDGE('',*,*,#6689,.F.);
#3190=ORIENTED_EDGE('',*,*,#6644,.F.);
#3191=ORIENTED_EDGE('',*,*,#6690,.T.);
#3192=ORIENTED_EDGE('',*,*,#6691,.F.);
#3193=ORIENTED_EDGE('',*,*,#6692,.F.);
#3194=ORIENTED_EDGE('',*,*,#6693,.T.);
#3195=CARTESIAN_POINT('',(-6.0,-4.86372052488,-11.25));
#3196=DIRECTION('',(0.0,0.0,-1.0));
#3197=DIRECTION('',(0.0,-1.0,0.0));
#3198=ORIENTED_EDGE('',*,*,#6694,.F.);
#3199=ORIENTED_EDGE('',*,*,#6695,.F.);
#3200=ORIENTED_EDGE('',*,*,#6658,.F.);
#3201=ORIENTED_EDGE('',*,*,#6696,.F.);
#3202=ORIENTED_EDGE('',*,*,#6697,.T.);
#3203=ORIENTED_EDGE('',*,*,#6698,.F.);
#3204=ORIENTED_EDGE('',*,*,#6699,.T.);
#3205=CARTESIAN_POINT('',(5.15,0.0,0.0));
#3206=DIRECTION('',(1.0,0.0,0.0));
#3207=DIRECTION('',(0.0,1.0,0.0));
#3208=ORIENTED_EDGE('',*,*,#6700,.T.);
#3209=ORIENTED_EDGE('',*,*,#6699,.F.);
#3210=ORIENTED_EDGE('',*,*,#6701,.T.);
#3211=ORIENTED_EDGE('',*,*,#6702,.T.);
#3212=ORIENTED_EDGE('',*,*,#6703,.T.);
#3213=ORIENTED_EDGE('',*,*,#6704,.T.);
#3214=ORIENTED_EDGE('',*,*,#6705,.F.);
#3215=ORIENTED_EDGE('',*,*,#6706,.F.);
#3216=CARTESIAN_POINT('',(4.25,2.560475477428,-9.849524522507));
#3217=DIRECTION('',(0.0,-0.707106781186598,0.707106781186498));
#3218=DIRECTION('',(1.0,0.0,0.0));
#3219=ORIENTED_EDGE('',*,*,#6707,.F.);
#3220=ORIENTED_EDGE('',*,*,#6704,.F.);
#3221=ORIENTED_EDGE('',*,*,#6708,.T.);
#3222=ORIENTED_EDGE('',*,*,#6706,.T.);
#3223=ORIENTED_EDGE('',*,*,#6709,.F.);
#3224=ORIENTED_EDGE('',*,*,#6710,.F.);
#3225=CARTESIAN_POINT('',(4.25,2.560475477428,-9.849524522507));
#3226=DIRECTION('',(0.0,-0.707106781186598,0.707106781186498));
#3227=DIRECTION('',(1.0,0.0,0.0));
#3228=ORIENTED_EDGE('',*,*,#6710,.T.);
#3229=ORIENTED_EDGE('',*,*,#6711,.T.);
#3230=ORIENTED_EDGE('',*,*,#6712,.T.);
#3231=ORIENTED_EDGE('',*,*,#6713,.F.);
#3232=ORIENTED_EDGE('',*,*,#6714,.T.);
#3233=ORIENTED_EDGE('',*,*,#6715,.F.);
#3234=CARTESIAN_POINT('',(3.8,0.8891545713679,-6.713195083984));
#3235=DIRECTION('',(0.0,-0.194462551034008,0.980909942984241));
#3236=DIRECTION('',(-1.0,0.0,0.0));
#3237=ORIENTED_EDGE('',*,*,#6716,.F.);
#3238=ORIENTED_EDGE('',*,*,#6717,.F.);
#3239=ORIENTED_EDGE('',*,*,#6718,.T.);
#3240=ORIENTED_EDGE('',*,*,#6719,.T.);
#3241=ORIENTED_EDGE('',*,*,#6720,.F.);
#3242=ORIENTED_EDGE('',*,*,#6721,.T.);
#3243=ORIENTED_EDGE('',*,*,#6722,.T.);
#3244=ORIENTED_EDGE('',*,*,#6709,.T.);
#3245=ORIENTED_EDGE('',*,*,#6705,.T.);
#3246=ORIENTED_EDGE('',*,*,#6707,.T.);
#3247=ORIENTED_EDGE('',*,*,#6715,.T.);
#3248=ORIENTED_EDGE('',*,*,#6723,.F.);
#3249=CARTESIAN_POINT('',(1.0,3.800836943933,-3.800836943933));
#3250=DIRECTION('',(0.0,0.707106781186598,-0.707106781186498));
#3251=DIRECTION('',(-1.0,0.0,0.0));
#3252=ORIENTED_EDGE('',*,*,#6724,.T.);
#3253=ORIENTED_EDGE('',*,*,#6723,.T.);
#3254=ORIENTED_EDGE('',*,*,#6714,.F.);
#3255=CARTESIAN_POINT('',(3.8,0.5593632866695,-7.042310601197));
#3256=DIRECTION('',(-0.906307787036652,-0.298836238730117,-0.298836238730117));
#3257=DIRECTION('',(-0.31314561301497,-1.65887436415278E-17,0.949705125314947));
#3258=ORIENTED_EDGE('',*,*,#6713,.T.);
#3259=ORIENTED_EDGE('',*,*,#6725,.F.);
#3260=ORIENTED_EDGE('',*,*,#6726,.T.);
#3261=ORIENTED_EDGE('',*,*,#6727,.T.);
#3262=ORIENTED_EDGE('',*,*,#6728,.F.);
#3263=ORIENTED_EDGE('',*,*,#6716,.T.);
#3264=ORIENTED_EDGE('',*,*,#6724,.F.);
#3265=CARTESIAN_POINT('',(3.8,0.0,0.0));
#3266=DIRECTION('',(1.0,0.0,0.0));
#3267=DIRECTION('',(0.0,1.0,0.0));
#3268=ORIENTED_EDGE('',*,*,#6717,.T.);
#3269=ORIENTED_EDGE('',*,*,#6728,.T.);
#3270=ORIENTED_EDGE('',*,*,#6729,.F.);
#3271=ORIENTED_EDGE('',*,*,#6730,.F.);
#3272=CARTESIAN_POINT('',(3.35,0.05167388793173,-7.55));
#3273=DIRECTION('',(0.0,0.0,1.0));
#3274=DIRECTION('',(1.0,0.0,0.0));
#3275=ORIENTED_EDGE('',*,*,#6731,.T.);
#3276=ORIENTED_EDGE('',*,*,#6718,.F.);
#3277=ORIENTED_EDGE('',*,*,#6730,.T.);
#3278=CARTESIAN_POINT('',(3.35,0.0,0.0));
#3279=DIRECTION('',(1.0,0.0,0.0));
#3280=DIRECTION('',(0.0,1.0,0.0));
#3281=ORIENTED_EDGE('',*,*,#6729,.T.);
#3282=ORIENTED_EDGE('',*,*,#6727,.F.);
#3283=ORIENTED_EDGE('',*,*,#6732,.T.);
#3284=ORIENTED_EDGE('',*,*,#6733,.T.);
#3285=ORIENTED_EDGE('',*,*,#6719,.F.);
#3286=ORIENTED_EDGE('',*,*,#6731,.F.);
#3287=CARTESIAN_POINT('',(3.35,-0.5198463103926,-7.55));
#3288=DIRECTION('',(0.0,-1.0,0.0));
#3289=DIRECTION('',(0.0,0.0,-1.0));
#3290=ORIENTED_EDGE('',*,*,#6734,.F.);
#3291=ORIENTED_EDGE('',*,*,#6720,.T.);
#3292=ORIENTED_EDGE('',*,*,#6733,.F.);
#3293=CARTESIAN_POINT('',(5.15,0.0,0.0));
#3294=DIRECTION('',(1.0,0.0,0.0));
#3295=DIRECTION('',(0.0,1.0,0.0));
#3296=ORIENTED_EDGE('',*,*,#6732,.F.);
#3297=ORIENTED_EDGE('',*,*,#6726,.F.);
#3298=ORIENTED_EDGE('',*,*,#6735,.F.);
#3299=ORIENTED_EDGE('',*,*,#6736,.T.);
#3300=ORIENTED_EDGE('',*,*,#6721,.F.);
#3301=ORIENTED_EDGE('',*,*,#6734,.T.);
#3302=CARTESIAN_POINT('',(3.8,-1.173048327237,-7.219087296493));
#3303=DIRECTION('',(0.0,-0.707106781186498,-0.707106781186598));
#3304=DIRECTION('',(0.0,-0.707106781186598,0.707106781186498));
#3305=ORIENTED_EDGE('',*,*,#6722,.F.);
#3306=ORIENTED_EDGE('',*,*,#6736,.F.);
#3307=ORIENTED_EDGE('',*,*,#6737,.T.);
#3308=ORIENTED_EDGE('',*,*,#6711,.F.);
#3309=CARTESIAN_POINT('',(5.3,0.0,0.0));
#3310=DIRECTION('',(1.0,0.0,0.0));
#3311=DIRECTION('',(0.0,1.0,0.0));
#3312=ORIENTED_EDGE('',*,*,#6712,.F.);
#3313=ORIENTED_EDGE('',*,*,#6737,.F.);
#3314=ORIENTED_EDGE('',*,*,#6735,.T.);
#3315=ORIENTED_EDGE('',*,*,#6725,.T.);
#3316=CARTESIAN_POINT('',(3.8,-1.051980515339,-7.098019484595));
#3317=DIRECTION('',(0.0,-0.707106781186598,0.707106781186498));
#3318=DIRECTION('',(-1.0,0.0,0.0));
#3319=ORIENTED_EDGE('',*,*,#6708,.F.);
#3320=ORIENTED_EDGE('',*,*,#6703,.F.);
#3321=ORIENTED_EDGE('',*,*,#6738,.F.);
#3322=ORIENTED_EDGE('',*,*,#6739,.F.);
#3323=ORIENTED_EDGE('',*,*,#6740,.T.);
#3324=ORIENTED_EDGE('',*,*,#6741,.F.);
#3325=ORIENTED_EDGE('',*,*,#6742,.F.);
#3326=ORIENTED_EDGE('',*,*,#6743,.F.);
#3327=ORIENTED_EDGE('',*,*,#6744,.F.);
#3328=ORIENTED_EDGE('',*,*,#6745,.F.);
#3329=ORIENTED_EDGE('',*,*,#6746,.T.);
#3330=ORIENTED_EDGE('',*,*,#6747,.F.);
#3331=ORIENTED_EDGE('',*,*,#6748,.F.);
#3332=ORIENTED_EDGE('',*,*,#6749,.F.);
#3333=ORIENTED_EDGE('',*,*,#6750,.F.);
#3334=ORIENTED_EDGE('',*,*,#6751,.F.);
#3335=ORIENTED_EDGE('',*,*,#6642,.T.);
#3336=ORIENTED_EDGE('',*,*,#6752,.T.);
#3337=ORIENTED_EDGE('',*,*,#6753,.F.);
#3338=ORIENTED_EDGE('',*,*,#6754,.F.);
#3339=ORIENTED_EDGE('',*,*,#6694,.T.);
#3340=ORIENTED_EDGE('',*,*,#6700,.F.);
#3341=CARTESIAN_POINT('',(-6.0,1.306446609341,-11.10355339059));
#3342=DIRECTION('',(0.0,0.707106781186598,-0.707106781186498));
#3343=DIRECTION('',(-1.0,0.0,0.0));
#3344=ORIENTED_EDGE('',*,*,#6690,.F.);
#3345=ORIENTED_EDGE('',*,*,#6643,.T.);
#3346=ORIENTED_EDGE('',*,*,#6751,.T.);
#3347=ORIENTED_EDGE('',*,*,#6755,.F.);
#3348=CARTESIAN_POINT('',(-6.0,0.9528932187481,-10.75));
#3349=DIRECTION('',(-1.0,-0.0,0.0));
#3350=DIRECTION('',(0.0,-1.0,0.0));
#3351=ORIENTED_EDGE('',*,*,#6665,.F.);
#3352=ORIENTED_EDGE('',*,*,#6756,.T.);
#3353=ORIENTED_EDGE('',*,*,#6745,.T.);
#3354=ORIENTED_EDGE('',*,*,#6757,.F.);
#3355=CARTESIAN_POINT('',(-6.0,0.9528932187481,-10.75));
#3356=DIRECTION('',(-1.0,-0.0,0.0));
#3357=DIRECTION('',(0.0,-1.0,0.0));
#3358=ORIENTED_EDGE('',*,*,#6661,.F.);
#3359=ORIENTED_EDGE('',*,*,#6758,.T.);
#3360=ORIENTED_EDGE('',*,*,#6739,.T.);
#3361=ORIENTED_EDGE('',*,*,#6759,.F.);
#3362=CARTESIAN_POINT('',(-6.0,0.9528932187481,-10.75));
#3363=DIRECTION('',(-1.0,-0.0,0.0));
#3364=DIRECTION('',(0.0,-1.0,0.0));
#3365=ORIENTED_EDGE('',*,*,#6754,.T.);
#3366=ORIENTED_EDGE('',*,*,#6760,.F.);
#3367=ORIENTED_EDGE('',*,*,#6655,.F.);
#3368=ORIENTED_EDGE('',*,*,#6695,.T.);
#3369=CARTESIAN_POINT('',(-6.0,0.9528932187481,-10.75));
#3370=DIRECTION('',(-1.0,-0.0,0.0));
#3371=DIRECTION('',(0.0,-1.0,0.0));
#3372=ORIENTED_EDGE('',*,*,#6761,.T.);
#3373=ORIENTED_EDGE('',*,*,#6762,.F.);
#3374=ORIENTED_EDGE('',*,*,#6763,.T.);
#3375=ORIENTED_EDGE('',*,*,#6691,.T.);
#3376=ORIENTED_EDGE('',*,*,#6755,.T.);
#3377=ORIENTED_EDGE('',*,*,#6750,.T.);
#3378=ORIENTED_EDGE('',*,*,#6764,.F.);
#3379=CARTESIAN_POINT('',(-3.65,0.0,0.0));
#3380=DIRECTION('',(1.0,0.0,0.0));
#3381=DIRECTION('',(0.0,1.0,0.0));
#3382=ORIENTED_EDGE('',*,*,#6765,.F.);
#3383=ORIENTED_EDGE('',*,*,#6766,.T.);
#3384=ORIENTED_EDGE('',*,*,#6764,.T.);
#3385=ORIENTED_EDGE('',*,*,#6749,.T.);
#3386=ORIENTED_EDGE('',*,*,#6767,.T.);
#3387=ORIENTED_EDGE('',*,*,#6768,.F.);
#3388=ORIENTED_EDGE('',*,*,#6769,.F.);
#3389=ORIENTED_EDGE('',*,*,#6747,.T.);
#3390=CARTESIAN_POINT('',(-2.75,2.560475477428,-9.849524522507));
#3391=DIRECTION('',(0.0,-0.707106781186598,0.707106781186498));
#3392=DIRECTION('',(1.0,0.0,0.0));
#3393=ORIENTED_EDGE('',*,*,#6770,.F.);
#3394=ORIENTED_EDGE('',*,*,#6767,.F.);
#3395=ORIENTED_EDGE('',*,*,#6748,.T.);
#3396=ORIENTED_EDGE('',*,*,#6769,.T.);
#3397=ORIENTED_EDGE('',*,*,#6771,.F.);
#3398=ORIENTED_EDGE('',*,*,#6772,.F.);
#3399=CARTESIAN_POINT('',(-2.75,2.560475477428,-9.849524522507));
#3400=DIRECTION('',(0.0,-0.707106781186598,0.707106781186498));
#3401=DIRECTION('',(1.0,0.0,0.0));
#3402=ORIENTED_EDGE('',*,*,#6772,.T.);
#3403=ORIENTED_EDGE('',*,*,#6773,.T.);
#3404=ORIENTED_EDGE('',*,*,#6774,.T.);
#3405=ORIENTED_EDGE('',*,*,#6775,.F.);
#3406=ORIENTED_EDGE('',*,*,#6776,.T.);
#3407=ORIENTED_EDGE('',*,*,#6777,.F.);
#3408=CARTESIAN_POINT('',(-3.2,0.8891545713679,-6.713195083984));
#3409=DIRECTION('',(0.0,-0.194462551034008,0.980909942984241));
#3410=DIRECTION('',(-1.0,0.0,0.0));
#3411=ORIENTED_EDGE('',*,*,#6778,.F.);
#3412=ORIENTED_EDGE('',*,*,#6779,.F.);
#3413=ORIENTED_EDGE('',*,*,#6780,.F.);
#3414=ORIENTED_EDGE('',*,*,#6781,.T.);
#3415=ORIENTED_EDGE('',*,*,#6782,.T.);
#3416=ORIENTED_EDGE('',*,*,#6783,.T.);
#3417=ORIENTED_EDGE('',*,*,#6784,.T.);
#3418=ORIENTED_EDGE('',*,*,#6771,.T.);
#3419=ORIENTED_EDGE('',*,*,#6768,.T.);
#3420=ORIENTED_EDGE('',*,*,#6770,.T.);
#3421=ORIENTED_EDGE('',*,*,#6777,.T.);
#3422=ORIENTED_EDGE('',*,*,#6785,.F.);
#3423=CARTESIAN_POINT('',(-6.0,3.800836943933,-3.800836943933));
#3424=DIRECTION('',(0.0,0.707106781186598,-0.707106781186498));
#3425=DIRECTION('',(-1.0,0.0,0.0));
#3426=ORIENTED_EDGE('',*,*,#6776,.F.);
#3427=ORIENTED_EDGE('',*,*,#6786,.T.);
#3428=ORIENTED_EDGE('',*,*,#6785,.T.);
#3429=CARTESIAN_POINT('',(-3.2,0.5593632866695,-7.042310601197));
#3430=DIRECTION('',(-0.906307787036652,-0.298836238730117,-0.298836238730117));
#3431=DIRECTION('',(-0.31314561301497,-1.65887436415278E-17,0.949705125314947));
#3432=ORIENTED_EDGE('',*,*,#6775,.T.);
#3433=ORIENTED_EDGE('',*,*,#6787,.F.);
#3434=ORIENTED_EDGE('',*,*,#6788,.T.);
#3435=ORIENTED_EDGE('',*,*,#6789,.T.);
#3436=ORIENTED_EDGE('',*,*,#6790,.F.);
#3437=ORIENTED_EDGE('',*,*,#6778,.T.);
#3438=ORIENTED_EDGE('',*,*,#6786,.F.);
#3439=CARTESIAN_POINT('',(-3.2,0.0,0.0));
#3440=DIRECTION('',(1.0,0.0,0.0));
#3441=DIRECTION('',(0.0,1.0,0.0));
#3442=ORIENTED_EDGE('',*,*,#6790,.T.);
#3443=ORIENTED_EDGE('',*,*,#6791,.F.);
#3444=ORIENTED_EDGE('',*,*,#6792,.F.);
#3445=ORIENTED_EDGE('',*,*,#6779,.T.);
#3446=CARTESIAN_POINT('',(-3.65,0.05167388793173,-7.55));
#3447=DIRECTION('',(0.0,0.0,1.0));
#3448=DIRECTION('',(1.0,0.0,0.0));
#3449=ORIENTED_EDGE('',*,*,#6792,.T.);
#3450=ORIENTED_EDGE('',*,*,#6793,.T.);
#3451=ORIENTED_EDGE('',*,*,#6780,.T.);
#3452=CARTESIAN_POINT('',(-3.65,0.0,0.0));
#3453=DIRECTION('',(1.0,0.0,0.0));
#3454=DIRECTION('',(0.0,1.0,0.0));
#3455=ORIENTED_EDGE('',*,*,#6793,.F.);
#3456=ORIENTED_EDGE('',*,*,#6791,.T.);
#3457=ORIENTED_EDGE('',*,*,#6789,.F.);
#3458=ORIENTED_EDGE('',*,*,#6794,.T.);
#3459=ORIENTED_EDGE('',*,*,#6795,.T.);
#3460=ORIENTED_EDGE('',*,*,#6781,.F.);
#3461=CARTESIAN_POINT('',(-3.65,-0.5198463103926,-7.55));
#3462=DIRECTION('',(0.0,-1.0,0.0));
#3463=DIRECTION('',(0.0,0.0,-1.0));
#3464=ORIENTED_EDGE('',*,*,#6795,.F.);
#3465=ORIENTED_EDGE('',*,*,#6796,.F.);
#3466=ORIENTED_EDGE('',*,*,#6782,.F.);
#3467=CARTESIAN_POINT('',(-1.85,0.0,0.0));
#3468=DIRECTION('',(1.0,0.0,0.0));
#3469=DIRECTION('',(0.0,1.0,0.0));
#3470=ORIENTED_EDGE('',*,*,#6794,.F.);
#3471=ORIENTED_EDGE('',*,*,#6788,.F.);
#3472=ORIENTED_EDGE('',*,*,#6797,.F.);
#3473=ORIENTED_EDGE('',*,*,#6798,.T.);
#3474=ORIENTED_EDGE('',*,*,#6783,.F.);
#3475=ORIENTED_EDGE('',*,*,#6796,.T.);
#3476=CARTESIAN_POINT('',(-3.2,-1.173048327237,-7.219087296493));
#3477=DIRECTION('',(0.0,-0.707106781186498,-0.707106781186598));
#3478=DIRECTION('',(0.0,-0.707106781186598,0.707106781186498));
#3479=ORIENTED_EDGE('',*,*,#6784,.F.);
#3480=ORIENTED_EDGE('',*,*,#6798,.F.);
#3481=ORIENTED_EDGE('',*,*,#6799,.T.);
#3482=ORIENTED_EDGE('',*,*,#6773,.F.);
#3483=CARTESIAN_POINT('',(-1.7,0.0,0.0));
#3484=DIRECTION('',(1.0,0.0,0.0));
#3485=DIRECTION('',(0.0,1.0,0.0));
#3486=ORIENTED_EDGE('',*,*,#6774,.F.);
#3487=ORIENTED_EDGE('',*,*,#6799,.F.);
#3488=ORIENTED_EDGE('',*,*,#6797,.T.);
#3489=ORIENTED_EDGE('',*,*,#6787,.T.);
#3490=CARTESIAN_POINT('',(-3.2,-1.051980515339,-7.098019484595));
#3491=DIRECTION('',(0.0,-0.707106781186598,0.707106781186498));
#3492=DIRECTION('',(-1.0,0.0,0.0));
#3493=ORIENTED_EDGE('',*,*,#6766,.F.);
#3494=ORIENTED_EDGE('',*,*,#6800,.T.);
#3495=ORIENTED_EDGE('',*,*,#6801,.F.);
#3496=ORIENTED_EDGE('',*,*,#6761,.F.);
#3497=CARTESIAN_POINT('',(-3.65,-0.5198463103926,-8.421852122791));
#3498=DIRECTION('',(0.0,-1.0,0.0));
#3499=DIRECTION('',(0.0,0.0,-1.0));
#3500=ORIENTED_EDGE('',*,*,#6802,.T.);
#3501=ORIENTED_EDGE('',*,*,#6762,.T.);
#3502=ORIENTED_EDGE('',*,*,#6801,.T.);
#3503=ORIENTED_EDGE('',*,*,#6803,.F.);
#3504=ORIENTED_EDGE('',*,*,#6804,.T.);
#3505=ORIENTED_EDGE('',*,*,#6805,.T.);
#3506=ORIENTED_EDGE('',*,*,#6806,.T.);
#3507=ORIENTED_EDGE('',*,*,#6807,.F.);
#3508=ORIENTED_EDGE('',*,*,#6808,.T.);
#3509=ORIENTED_EDGE('',*,*,#6809,.T.);
#3510=ORIENTED_EDGE('',*,*,#6810,.T.);
#3511=ORIENTED_EDGE('',*,*,#6697,.F.);
#3512=ORIENTED_EDGE('',*,*,#6811,.T.);
#3513=ORIENTED_EDGE('',*,*,#6812,.F.);
#3514=ORIENTED_EDGE('',*,*,#6813,.F.);
#3515=ORIENTED_EDGE('',*,*,#6814,.T.);
#3516=ORIENTED_EDGE('',*,*,#6815,.T.);
#3517=ORIENTED_EDGE('',*,*,#6816,.F.);
#3518=ORIENTED_EDGE('',*,*,#6817,.T.);
#3519=ORIENTED_EDGE('',*,*,#6818,.F.);
#3520=ORIENTED_EDGE('',*,*,#6819,.F.);
#3521=ORIENTED_EDGE('',*,*,#6820,.T.);
#3522=ORIENTED_EDGE('',*,*,#6821,.T.);
#3523=ORIENTED_EDGE('',*,*,#6822,.F.);
#3524=ORIENTED_EDGE('',*,*,#6823,.T.);
#3525=ORIENTED_EDGE('',*,*,#6824,.F.);
#3526=ORIENTED_EDGE('',*,*,#6825,.F.);
#3527=ORIENTED_EDGE('',*,*,#6826,.T.);
#3528=ORIENTED_EDGE('',*,*,#6827,.T.);
#3529=ORIENTED_EDGE('',*,*,#6828,.F.);
#3530=ORIENTED_EDGE('',*,*,#6829,.T.);
#3531=ORIENTED_EDGE('',*,*,#6830,.T.);
#3532=CARTESIAN_POINT('',(-6.0,-1.311407775811,-9.858592223955));
#3533=DIRECTION('',(0.0,-0.707106781186498,-0.707106781186598));
#3534=DIRECTION('',(0.0,-0.707106781186598,0.707106781186498));
#3535=ORIENTED_EDGE('',*,*,#6831,.T.);
#3536=ORIENTED_EDGE('',*,*,#6693,.F.);
#3537=ORIENTED_EDGE('',*,*,#6832,.F.);
#3538=ORIENTED_EDGE('',*,*,#6830,.F.);
#3539=CARTESIAN_POINT('',(-4.5,0.0,0.0));
#3540=DIRECTION('',(1.0,0.0,0.0));
#3541=DIRECTION('',(0.0,1.0,0.0));
#3542=ORIENTED_EDGE('',*,*,#6833,.T.);
#3543=ORIENTED_EDGE('',*,*,#6670,.F.);
#3544=ORIENTED_EDGE('',*,*,#6834,.F.);
#3545=ORIENTED_EDGE('',*,*,#6835,.F.);
#3546=ORIENTED_EDGE('',*,*,#6836,.F.);
#3547=ORIENTED_EDGE('',*,*,#6837,.F.);
#3548=ORIENTED_EDGE('',*,*,#6838,.F.);
#3549=CARTESIAN_POINT('',(-4.5,0.0,0.0));
#3550=DIRECTION('',(1.0,0.0,0.0));
#3551=DIRECTION('',(0.0,1.0,0.0));
#3552=ORIENTED_EDGE('',*,*,#6804,.F.);
#3553=ORIENTED_EDGE('',*,*,#6839,.T.);
#3554=ORIENTED_EDGE('',*,*,#6663,.T.);
#3555=ORIENTED_EDGE('',*,*,#6840,.F.);
#3556=CARTESIAN_POINT('',(-6.0,0.2871067814205,-10.75));
#3557=DIRECTION('',(-1.0,-0.0,0.0));
#3558=DIRECTION('',(0.0,-1.0,0.0));
#3559=ORIENTED_EDGE('',*,*,#6808,.F.);
#3560=ORIENTED_EDGE('',*,*,#6841,.T.);
#3561=ORIENTED_EDGE('',*,*,#6659,.T.);
#3562=ORIENTED_EDGE('',*,*,#6842,.F.);
#3563=CARTESIAN_POINT('',(-6.0,0.2871067814205,-10.75));
#3564=DIRECTION('',(-1.0,-0.0,0.0));
#3565=DIRECTION('',(0.0,-1.0,0.0));
#3566=ORIENTED_EDGE('',*,*,#6657,.T.);
#3567=ORIENTED_EDGE('',*,*,#6843,.F.);
#3568=ORIENTED_EDGE('',*,*,#6811,.F.);
#3569=ORIENTED_EDGE('',*,*,#6696,.T.);
#3570=CARTESIAN_POINT('',(-6.0,0.2871067814205,-10.75));
#3571=DIRECTION('',(-1.0,-0.0,0.0));
#3572=DIRECTION('',(0.0,-1.0,0.0));
#3573=ORIENTED_EDGE('',*,*,#6692,.T.);
#3574=ORIENTED_EDGE('',*,*,#6763,.F.);
#3575=ORIENTED_EDGE('',*,*,#6802,.F.);
#3576=ORIENTED_EDGE('',*,*,#6832,.T.);
#3577=CARTESIAN_POINT('',(-6.0,0.2871067814205,-10.75));
#3578=DIRECTION('',(-1.0,-0.0,0.0));
#3579=DIRECTION('',(0.0,-1.0,0.0));
#3580=ORIENTED_EDGE('',*,*,#6844,.T.);
#3581=ORIENTED_EDGE('',*,*,#6805,.F.);
#3582=ORIENTED_EDGE('',*,*,#6840,.T.);
#3583=ORIENTED_EDGE('',*,*,#6666,.T.);
#3584=ORIENTED_EDGE('',*,*,#6757,.T.);
#3585=ORIENTED_EDGE('',*,*,#6744,.T.);
#3586=ORIENTED_EDGE('',*,*,#6845,.F.);
#3587=CARTESIAN_POINT('',(-0.15,0.0,0.0));
#3588=DIRECTION('',(1.0,0.0,0.0));
#3589=DIRECTION('',(0.0,1.0,0.0));
#3590=ORIENTED_EDGE('',*,*,#6741,.T.);
#3591=ORIENTED_EDGE('',*,*,#6846,.F.);
#3592=ORIENTED_EDGE('',*,*,#6847,.T.);
#3593=ORIENTED_EDGE('',*,*,#6845,.T.);
#3594=ORIENTED_EDGE('',*,*,#6743,.T.);
#3595=ORIENTED_EDGE('',*,*,#6848,.T.);
#3596=ORIENTED_EDGE('',*,*,#6849,.F.);
#3597=ORIENTED_EDGE('',*,*,#6850,.F.);
#3598=CARTESIAN_POINT('',(0.75,2.560475477428,-9.849524522507));
#3599=DIRECTION('',(0.0,-0.707106781186598,0.707106781186498));
#3600=DIRECTION('',(1.0,0.0,0.0));
#3601=ORIENTED_EDGE('',*,*,#6851,.F.);
#3602=ORIENTED_EDGE('',*,*,#6848,.F.);
#3603=ORIENTED_EDGE('',*,*,#6742,.T.);
#3604=ORIENTED_EDGE('',*,*,#6850,.T.);
#3605=ORIENTED_EDGE('',*,*,#6852,.F.);
#3606=ORIENTED_EDGE('',*,*,#6853,.F.);
#3607=CARTESIAN_POINT('',(0.75,2.560475477428,-9.849524522507));
#3608=DIRECTION('',(0.0,-0.707106781186598,0.707106781186498));
#3609=DIRECTION('',(1.0,0.0,0.0));
#3610=ORIENTED_EDGE('',*,*,#6853,.T.);
#3611=ORIENTED_EDGE('',*,*,#6854,.T.);
#3612=ORIENTED_EDGE('',*,*,#6855,.T.);
#3613=ORIENTED_EDGE('',*,*,#6856,.F.);
#3614=ORIENTED_EDGE('',*,*,#6857,.T.);
#3615=ORIENTED_EDGE('',*,*,#6858,.F.);
#3616=CARTESIAN_POINT('',(0.3,0.8891545713679,-6.713195083984));
#3617=DIRECTION('',(0.0,-0.194462551034008,0.980909942984241));
#3618=DIRECTION('',(-1.0,0.0,0.0));
#3619=ORIENTED_EDGE('',*,*,#6859,.F.);
#3620=ORIENTED_EDGE('',*,*,#6860,.F.);
#3621=ORIENTED_EDGE('',*,*,#6861,.T.);
#3622=ORIENTED_EDGE('',*,*,#6862,.T.);
#3623=ORIENTED_EDGE('',*,*,#6863,.F.);
#3624=ORIENTED_EDGE('',*,*,#6864,.T.);
#3625=ORIENTED_EDGE('',*,*,#6865,.T.);
#3626=ORIENTED_EDGE('',*,*,#6852,.T.);
#3627=ORIENTED_EDGE('',*,*,#6849,.T.);
#3628=ORIENTED_EDGE('',*,*,#6851,.T.);
#3629=ORIENTED_EDGE('',*,*,#6858,.T.);
#3630=ORIENTED_EDGE('',*,*,#6866,.F.);
#3631=CARTESIAN_POINT('',(-2.5,3.800836943933,-3.800836943933));
#3632=DIRECTION('',(0.0,0.707106781186598,-0.707106781186498));
#3633=DIRECTION('',(-1.0,0.0,0.0));
#3634=ORIENTED_EDGE('',*,*,#6867,.T.);
#3635=ORIENTED_EDGE('',*,*,#6866,.T.);
#3636=ORIENTED_EDGE('',*,*,#6857,.F.);
#3637=CARTESIAN_POINT('',(0.3,0.5593632866695,-7.042310601197));
#3638=DIRECTION('',(-0.906307787036652,-0.298836238730117,-0.298836238730117));
#3639=DIRECTION('',(-0.31314561301497,-1.65887436415278E-17,0.949705125314947));
#3640=ORIENTED_EDGE('',*,*,#6856,.T.);
#3641=ORIENTED_EDGE('',*,*,#6868,.F.);
#3642=ORIENTED_EDGE('',*,*,#6869,.T.);
#3643=ORIENTED_EDGE('',*,*,#6870,.T.);
#3644=ORIENTED_EDGE('',*,*,#6871,.F.);
#3645=ORIENTED_EDGE('',*,*,#6859,.T.);
#3646=ORIENTED_EDGE('',*,*,#6867,.F.);
#3647=CARTESIAN_POINT('',(0.3,0.0,0.0));
#3648=DIRECTION('',(1.0,0.0,0.0));
#3649=DIRECTION('',(0.0,1.0,0.0));
#3650=ORIENTED_EDGE('',*,*,#6860,.T.);
#3651=ORIENTED_EDGE('',*,*,#6871,.T.);
#3652=ORIENTED_EDGE('',*,*,#6872,.F.);
#3653=ORIENTED_EDGE('',*,*,#6873,.F.);
#3654=CARTESIAN_POINT('',(-0.15,0.05167388793173,-7.55));
#3655=DIRECTION('',(0.0,0.0,1.0));
#3656=DIRECTION('',(1.0,0.0,0.0));
#3657=ORIENTED_EDGE('',*,*,#6874,.T.);
#3658=ORIENTED_EDGE('',*,*,#6861,.F.);
#3659=ORIENTED_EDGE('',*,*,#6873,.T.);
#3660=CARTESIAN_POINT('',(-0.15,0.0,0.0));
#3661=DIRECTION('',(1.0,0.0,0.0));
#3662=DIRECTION('',(0.0,1.0,0.0));
#3663=ORIENTED_EDGE('',*,*,#6872,.T.);
#3664=ORIENTED_EDGE('',*,*,#6870,.F.);
#3665=ORIENTED_EDGE('',*,*,#6875,.T.);
#3666=ORIENTED_EDGE('',*,*,#6876,.T.);
#3667=ORIENTED_EDGE('',*,*,#6862,.F.);
#3668=ORIENTED_EDGE('',*,*,#6874,.F.);
#3669=CARTESIAN_POINT('',(-0.15,-0.5198463103926,-7.55));
#3670=DIRECTION('',(0.0,-1.0,0.0));
#3671=DIRECTION('',(0.0,0.0,-1.0));
#3672=ORIENTED_EDGE('',*,*,#6877,.F.);
#3673=ORIENTED_EDGE('',*,*,#6863,.T.);
#3674=ORIENTED_EDGE('',*,*,#6876,.F.);
#3675=CARTESIAN_POINT('',(1.65,0.0,0.0));
#3676=DIRECTION('',(1.0,0.0,0.0));
#3677=DIRECTION('',(0.0,1.0,0.0));
#3678=ORIENTED_EDGE('',*,*,#6875,.F.);
#3679=ORIENTED_EDGE('',*,*,#6869,.F.);
#3680=ORIENTED_EDGE('',*,*,#6878,.F.);
#3681=ORIENTED_EDGE('',*,*,#6879,.T.);
#3682=ORIENTED_EDGE('',*,*,#6864,.F.);
#3683=ORIENTED_EDGE('',*,*,#6877,.T.);
#3684=CARTESIAN_POINT('',(0.3,-1.173048327237,-7.219087296493));
#3685=DIRECTION('',(0.0,-0.707106781186498,-0.707106781186598));
#3686=DIRECTION('',(0.0,-0.707106781186598,0.707106781186498));
#3687=ORIENTED_EDGE('',*,*,#6865,.F.);
#3688=ORIENTED_EDGE('',*,*,#6879,.F.);
#3689=ORIENTED_EDGE('',*,*,#6880,.T.);
#3690=ORIENTED_EDGE('',*,*,#6854,.F.);
#3691=CARTESIAN_POINT('',(1.8,0.0,0.0));
#3692=DIRECTION('',(1.0,0.0,0.0));
#3693=DIRECTION('',(0.0,1.0,0.0));
#3694=ORIENTED_EDGE('',*,*,#6855,.F.);
#3695=ORIENTED_EDGE('',*,*,#6880,.F.);
#3696=ORIENTED_EDGE('',*,*,#6878,.T.);
#3697=ORIENTED_EDGE('',*,*,#6868,.T.);
#3698=CARTESIAN_POINT('',(0.3,-1.051980515339,-7.098019484595));
#3699=DIRECTION('',(0.0,-0.707106781186598,0.707106781186498));
#3700=DIRECTION('',(-1.0,0.0,0.0));
#3701=ORIENTED_EDGE('',*,*,#6881,.T.);
#3702=ORIENTED_EDGE('',*,*,#6806,.F.);
#3703=ORIENTED_EDGE('',*,*,#6844,.F.);
#3704=ORIENTED_EDGE('',*,*,#6847,.F.);
#3705=CARTESIAN_POINT('',(-0.15,-0.5198463103926,-8.421852122791));
#3706=DIRECTION('',(0.0,-1.0,0.0));
#3707=DIRECTION('',(0.0,0.0,-1.0));
#3708=ORIENTED_EDGE('',*,*,#6740,.F.);
#3709=ORIENTED_EDGE('',*,*,#6758,.F.);
#3710=ORIENTED_EDGE('',*,*,#6660,.F.);
#3711=ORIENTED_EDGE('',*,*,#6841,.F.);
#3712=ORIENTED_EDGE('',*,*,#6807,.T.);
#3713=ORIENTED_EDGE('',*,*,#6881,.F.);
#3714=ORIENTED_EDGE('',*,*,#6846,.T.);
#3715=CARTESIAN_POINT('',(1.65,0.0,0.0));
#3716=DIRECTION('',(1.0,0.0,0.0));
#3717=DIRECTION('',(0.0,1.0,0.0));
#3718=ORIENTED_EDGE('',*,*,#6746,.F.);
#3719=ORIENTED_EDGE('',*,*,#6756,.F.);
#3720=ORIENTED_EDGE('',*,*,#6664,.F.);
#3721=ORIENTED_EDGE('',*,*,#6839,.F.);
#3722=ORIENTED_EDGE('',*,*,#6803,.T.);
#3723=ORIENTED_EDGE('',*,*,#6800,.F.);
#3724=ORIENTED_EDGE('',*,*,#6765,.T.);
#3725=CARTESIAN_POINT('',(-1.85,0.0,0.0));
#3726=DIRECTION('',(1.0,0.0,0.0));
#3727=DIRECTION('',(0.0,1.0,0.0));
#3728=ORIENTED_EDGE('',*,*,#6882,.T.);
#3729=ORIENTED_EDGE('',*,*,#6809,.F.);
#3730=ORIENTED_EDGE('',*,*,#6842,.T.);
#3731=ORIENTED_EDGE('',*,*,#6662,.T.);
#3732=ORIENTED_EDGE('',*,*,#6759,.T.);
#3733=ORIENTED_EDGE('',*,*,#6738,.T.);
#3734=ORIENTED_EDGE('',*,*,#6702,.F.);
#3735=CARTESIAN_POINT('',(3.35,0.0,0.0));
#3736=DIRECTION('',(1.0,0.0,0.0));
#3737=DIRECTION('',(0.0,1.0,0.0));
#3738=ORIENTED_EDGE('',*,*,#6698,.T.);
#3739=ORIENTED_EDGE('',*,*,#6810,.F.);
#3740=ORIENTED_EDGE('',*,*,#6882,.F.);
#3741=ORIENTED_EDGE('',*,*,#6701,.F.);
#3742=CARTESIAN_POINT('',(3.35,-0.5198463103926,-8.421852122791));
#3743=DIRECTION('',(0.0,-1.0,0.0));
#3744=DIRECTION('',(0.0,0.0,-1.0));
#3745=ORIENTED_EDGE('',*,*,#6628,.T.);
#3746=ORIENTED_EDGE('',*,*,#6883,.T.);
#3747=ORIENTED_EDGE('',*,*,#6884,.T.);
#3748=ORIENTED_EDGE('',*,*,#6885,.T.);
#3749=ORIENTED_EDGE('',*,*,#6886,.T.);
#3750=ORIENTED_EDGE('',*,*,#6887,.T.);
#3751=ORIENTED_EDGE('',*,*,#6888,.T.);
#3752=ORIENTED_EDGE('',*,*,#6889,.T.);
#3753=ORIENTED_EDGE('',*,*,#6890,.T.);
#3754=ORIENTED_EDGE('',*,*,#6891,.T.);
#3755=ORIENTED_EDGE('',*,*,#6892,.T.);
#3756=ORIENTED_EDGE('',*,*,#6893,.T.);
#3757=ORIENTED_EDGE('',*,*,#6688,.T.);
#3758=ORIENTED_EDGE('',*,*,#6894,.T.);
#3759=ORIENTED_EDGE('',*,*,#6895,.T.);
#3760=ORIENTED_EDGE('',*,*,#6896,.T.);
#3761=ORIENTED_EDGE('',*,*,#6897,.T.);
#3762=ORIENTED_EDGE('',*,*,#6572,.T.);
#3763=ORIENTED_EDGE('',*,*,#6898,.T.);
#3764=ORIENTED_EDGE('',*,*,#6899,.T.);
#3765=ORIENTED_EDGE('',*,*,#6900,.T.);
#3766=ORIENTED_EDGE('',*,*,#6901,.T.);
#3767=ORIENTED_EDGE('',*,*,#6902,.T.);
#3768=ORIENTED_EDGE('',*,*,#6903,.T.);
#3769=ORIENTED_EDGE('',*,*,#6904,.T.);
#3770=ORIENTED_EDGE('',*,*,#6905,.T.);
#3771=ORIENTED_EDGE('',*,*,#6812,.T.);
#3772=ORIENTED_EDGE('',*,*,#6843,.T.);
#3773=ORIENTED_EDGE('',*,*,#6656,.T.);
#3774=ORIENTED_EDGE('',*,*,#6760,.T.);
#3775=ORIENTED_EDGE('',*,*,#6753,.T.);
#3776=ORIENTED_EDGE('',*,*,#6906,.T.);
#3777=ORIENTED_EDGE('',*,*,#6907,.T.);
#3778=ORIENTED_EDGE('',*,*,#6908,.T.);
#3779=ORIENTED_EDGE('',*,*,#6909,.T.);
#3780=ORIENTED_EDGE('',*,*,#6910,.T.);
#3781=ORIENTED_EDGE('',*,*,#6626,.T.);
#3782=ORIENTED_EDGE('',*,*,#6911,.T.);
#3783=ORIENTED_EDGE('',*,*,#6912,.F.);
#3784=ORIENTED_EDGE('',*,*,#6913,.F.);
#3785=ORIENTED_EDGE('',*,*,#6914,.F.);
#3786=ORIENTED_EDGE('',*,*,#6915,.F.);
#3787=ORIENTED_EDGE('',*,*,#6916,.F.);
#3788=ORIENTED_EDGE('',*,*,#6917,.F.);
#3789=ORIENTED_EDGE('',*,*,#6918,.F.);
#3790=ORIENTED_EDGE('',*,*,#6919,.F.);
#3791=ORIENTED_EDGE('',*,*,#6920,.F.);
#3792=ORIENTED_EDGE('',*,*,#6921,.F.);
#3793=ORIENTED_EDGE('',*,*,#6922,.T.);
#3794=ORIENTED_EDGE('',*,*,#6923,.F.);
#3795=ORIENTED_EDGE('',*,*,#6924,.T.);
#3796=ORIENTED_EDGE('',*,*,#6925,.T.);
#3797=CARTESIAN_POINT('',(6.0,0.0,0.0));
#3798=DIRECTION('',(1.0,0.0,0.0));
#3799=DIRECTION('',(0.0,1.0,0.0));
#3800=ORIENTED_EDGE('',*,*,#6926,.F.);
#3801=ORIENTED_EDGE('',*,*,#6927,.T.);
#3802=ORIENTED_EDGE('',*,*,#6617,.F.);
#3803=ORIENTED_EDGE('',*,*,#6928,.F.);
#3804=ORIENTED_EDGE('',*,*,#6929,.F.);
#3805=ORIENTED_EDGE('',*,*,#6930,.T.);
#3806=ORIENTED_EDGE('',*,*,#6609,.F.);
#3807=ORIENTED_EDGE('',*,*,#6931,.T.);
#3808=ORIENTED_EDGE('',*,*,#6932,.F.);
#3809=ORIENTED_EDGE('',*,*,#6639,.T.);
#3810=ORIENTED_EDGE('',*,*,#6933,.T.);
#3811=ORIENTED_EDGE('',*,*,#6934,.F.);
#3812=ORIENTED_EDGE('',*,*,#6613,.T.);
#3813=ORIENTED_EDGE('',*,*,#6935,.T.);
#3814=ORIENTED_EDGE('',*,*,#6936,.T.);
#3815=ORIENTED_EDGE('',*,*,#6937,.F.);
#3816=ORIENTED_EDGE('',*,*,#6621,.T.);
#3817=ORIENTED_EDGE('',*,*,#6938,.T.);
#3818=ORIENTED_EDGE('',*,*,#6939,.T.);
#3819=ORIENTED_EDGE('',*,*,#6940,.F.);
#3820=ORIENTED_EDGE('',*,*,#6629,.T.);
#3821=ORIENTED_EDGE('',*,*,#6911,.F.);
#3822=ORIENTED_EDGE('',*,*,#6625,.F.);
#3823=ORIENTED_EDGE('',*,*,#6941,.F.);
#3824=ORIENTED_EDGE('',*,*,#6942,.T.);
#3825=ORIENTED_EDGE('',*,*,#6943,.T.);
#3826=ORIENTED_EDGE('',*,*,#6944,.F.);
#3827=ORIENTED_EDGE('',*,*,#6945,.F.);
#3828=ORIENTED_EDGE('',*,*,#6946,.T.);
#3829=ORIENTED_EDGE('',*,*,#6947,.T.);
#3830=ORIENTED_EDGE('',*,*,#6948,.F.);
#3831=ORIENTED_EDGE('',*,*,#6949,.F.);
#3832=ORIENTED_EDGE('',*,*,#6950,.T.);
#3833=ORIENTED_EDGE('',*,*,#6951,.T.);
#3834=ORIENTED_EDGE('',*,*,#6952,.F.);
#3835=ORIENTED_EDGE('',*,*,#6953,.F.);
#3836=CARTESIAN_POINT('',(-6.0,6.0,0.0));
#3837=DIRECTION('',(0.0,0.0,1.0));
#3838=DIRECTION('',(1.0,0.0,0.0));
#3839=ORIENTED_EDGE('',*,*,#6954,.F.);
#3840=ORIENTED_EDGE('',*,*,#6955,.F.);
#3841=ORIENTED_EDGE('',*,*,#6630,.F.);
#3842=ORIENTED_EDGE('',*,*,#6940,.T.);
#3843=ORIENTED_EDGE('',*,*,#6956,.F.);
#3844=CARTESIAN_POINT('',(3.6,0.0,0.0));
#3845=DIRECTION('',(1.0,0.0,0.0));
#3846=DIRECTION('',(0.0,1.0,0.0));
#3847=ORIENTED_EDGE('',*,*,#6957,.F.);
#3848=ORIENTED_EDGE('',*,*,#6958,.F.);
#3849=ORIENTED_EDGE('',*,*,#6941,.T.);
#3850=ORIENTED_EDGE('',*,*,#6624,.F.);
#3851=ORIENTED_EDGE('',*,*,#6959,.F.);
#3852=CARTESIAN_POINT('',(3.6,0.0,0.0));
#3853=DIRECTION('',(1.0,0.0,0.0));
#3854=DIRECTION('',(0.0,1.0,0.0));
#3855=ORIENTED_EDGE('',*,*,#6960,.T.);
#3856=ORIENTED_EDGE('',*,*,#6885,.F.);
#3857=ORIENTED_EDGE('',*,*,#6961,.F.);
#3858=ORIENTED_EDGE('',*,*,#6956,.T.);
#3859=CARTESIAN_POINT('',(3.6,-5.75,0.0));
#3860=DIRECTION('',(-1.0,-0.0,0.0));
#3861=DIRECTION('',(0.0,-1.0,0.0));
#3862=ORIENTED_EDGE('',*,*,#6961,.T.);
#3863=ORIENTED_EDGE('',*,*,#6884,.F.);
#3864=ORIENTED_EDGE('',*,*,#6962,.F.);
#3865=ORIENTED_EDGE('',*,*,#6954,.T.);
#3866=CARTESIAN_POINT('',(3.6,-5.499,0.25));
#3867=DIRECTION('',(0.0,-1.216379807855E-14,1.0));
#3868=DIRECTION('',(0.0,-1.0,-1.216379807855E-14));
#3869=ORIENTED_EDGE('',*,*,#6627,.T.);
#3870=ORIENTED_EDGE('',*,*,#6955,.T.);
#3871=ORIENTED_EDGE('',*,*,#6962,.T.);
#3872=ORIENTED_EDGE('',*,*,#6883,.F.);
#3873=CARTESIAN_POINT('',(3.6,-5.499,0.001000000000003));
#3874=DIRECTION('',(-1.0,-0.0,0.0));
#3875=DIRECTION('',(0.0,-1.0,0.0));
#3876=ORIENTED_EDGE('',*,*,#6939,.F.);
#3877=ORIENTED_EDGE('',*,*,#6963,.F.);
#3878=ORIENTED_EDGE('',*,*,#6936,.F.);
#3879=ORIENTED_EDGE('',*,*,#6964,.F.);
#3880=ORIENTED_EDGE('',*,*,#6933,.F.);
#3881=ORIENTED_EDGE('',*,*,#6638,.T.);
#3882=ORIENTED_EDGE('',*,*,#6965,.T.);
#3883=ORIENTED_EDGE('',*,*,#6886,.F.);
#3884=ORIENTED_EDGE('',*,*,#6960,.F.);
#3885=CARTESIAN_POINT('',(-6.0,-6.0,0.0));
#3886=DIRECTION('',(0.0,-1.0,0.0));
#3887=DIRECTION('',(0.0,0.0,-1.0));
#3888=ORIENTED_EDGE('',*,*,#6966,.T.);
#3889=ORIENTED_EDGE('',*,*,#6887,.F.);
#3890=ORIENTED_EDGE('',*,*,#6965,.F.);
#3891=ORIENTED_EDGE('',*,*,#6637,.T.);
#3892=CARTESIAN_POINT('',(-6.0,-6.0,-3.75));
#3893=DIRECTION('',(0.0,0.0,-1.0));
#3894=DIRECTION('',(0.0,-1.0,0.0));
#3895=ORIENTED_EDGE('',*,*,#6967,.T.);
#3896=ORIENTED_EDGE('',*,*,#6888,.F.);
#3897=ORIENTED_EDGE('',*,*,#6966,.F.);
#3898=ORIENTED_EDGE('',*,*,#6636,.T.);
#3899=CARTESIAN_POINT('',(-6.0,-5.8,-3.75));
#3900=DIRECTION('',(0.0,-1.0,0.0));
#3901=DIRECTION('',(0.0,0.0,-1.0));
#3902=ORIENTED_EDGE('',*,*,#6968,.T.);
#3903=ORIENTED_EDGE('',*,*,#6889,.F.);
#3904=ORIENTED_EDGE('',*,*,#6967,.F.);
#3905=ORIENTED_EDGE('',*,*,#6635,.T.);
#3906=CARTESIAN_POINT('',(-6.0,-5.8,-5.25));
#3907=DIRECTION('',(0.0,0.0,1.0));
#3908=DIRECTION('',(1.0,0.0,0.0));
#3909=ORIENTED_EDGE('',*,*,#6969,.T.);
#3910=ORIENTED_EDGE('',*,*,#6890,.F.);
#3911=ORIENTED_EDGE('',*,*,#6968,.F.);
#3912=ORIENTED_EDGE('',*,*,#6634,.T.);
#3913=CARTESIAN_POINT('',(-6.0,-6.0,-5.25));
#3914=DIRECTION('',(0.0,-1.0,0.0));
#3915=DIRECTION('',(0.0,0.0,-1.0));
#3916=ORIENTED_EDGE('',*,*,#6970,.T.);
#3917=ORIENTED_EDGE('',*,*,#6891,.F.);
#3918=ORIENTED_EDGE('',*,*,#6969,.F.);
#3919=ORIENTED_EDGE('',*,*,#6633,.T.);
#3920=CARTESIAN_POINT('',(-6.0,-5.5,-9.001836509646));
#3921=DIRECTION('',(-1.0,-0.0,0.0));
#3922=DIRECTION('',(0.0,-1.0,0.0));
#3923=ORIENTED_EDGE('',*,*,#6971,.T.);
#3924=ORIENTED_EDGE('',*,*,#6892,.F.);
#3925=ORIENTED_EDGE('',*,*,#6970,.F.);
#3926=ORIENTED_EDGE('',*,*,#6632,.T.);
#3927=CARTESIAN_POINT('',(-6.0,-5.969846310393,-9.172846581309));
#3928=DIRECTION('',(0.0,-0.939692620785897,-0.342020143325699));
#3929=DIRECTION('',(0.0,0.342020143325699,-0.939692620785897));
#3930=ORIENTED_EDGE('',*,*,#6689,.T.);
#3931=ORIENTED_EDGE('',*,*,#6893,.F.);
#3932=ORIENTED_EDGE('',*,*,#6971,.F.);
#3933=ORIENTED_EDGE('',*,*,#6631,.T.);
#3934=CARTESIAN_POINT('',(-6.0,-4.86372052488,-10.75));
#3935=DIRECTION('',(-1.0,-0.0,0.0));
#3936=DIRECTION('',(0.0,-1.0,0.0));
#3937=ORIENTED_EDGE('',*,*,#6972,.F.);
#3938=ORIENTED_EDGE('',*,*,#6973,.F.);
#3939=ORIENTED_EDGE('',*,*,#6974,.T.);
#3940=ORIENTED_EDGE('',*,*,#6964,.T.);
#3941=CARTESIAN_POINT('',(-3.4,-5.75,0.0));
#3942=DIRECTION('',(-1.0,-0.0,0.0));
#3943=DIRECTION('',(0.0,-1.0,0.0));
#3944=ORIENTED_EDGE('',*,*,#6975,.F.);
#3945=ORIENTED_EDGE('',*,*,#6976,.F.);
#3946=ORIENTED_EDGE('',*,*,#6977,.F.);
#3947=ORIENTED_EDGE('',*,*,#6931,.F.);
#3948=ORIENTED_EDGE('',*,*,#6608,.F.);
#3949=CARTESIAN_POINT('',(-3.4,0.0,0.0));
#3950=DIRECTION('',(1.0,0.0,0.0));
#3951=DIRECTION('',(0.0,1.0,0.0));
#3952=ORIENTED_EDGE('',*,*,#6978,.F.);
#3953=ORIENTED_EDGE('',*,*,#6979,.F.);
#3954=ORIENTED_EDGE('',*,*,#6614,.F.);
#3955=ORIENTED_EDGE('',*,*,#6934,.T.);
#3956=ORIENTED_EDGE('',*,*,#6974,.F.);
#3957=CARTESIAN_POINT('',(-3.4,0.0,0.0));
#3958=DIRECTION('',(1.0,0.0,0.0));
#3959=DIRECTION('',(0.0,1.0,0.0));
#3960=ORIENTED_EDGE('',*,*,#6977,.T.);
#3961=ORIENTED_EDGE('',*,*,#6980,.T.);
#3962=ORIENTED_EDGE('',*,*,#6981,.F.);
#3963=ORIENTED_EDGE('',*,*,#6982,.F.);
#3964=CARTESIAN_POINT('',(-3.4,5.75,0.0));
#3965=DIRECTION('',(-1.0,-0.0,0.0));
#3966=DIRECTION('',(0.0,-1.0,0.0));
#3967=ORIENTED_EDGE('',*,*,#6907,.F.);
#3968=ORIENTED_EDGE('',*,*,#6983,.F.);
#3969=ORIENTED_EDGE('',*,*,#6640,.T.);
#3970=ORIENTED_EDGE('',*,*,#6932,.T.);
#3971=ORIENTED_EDGE('',*,*,#6982,.T.);
#3972=ORIENTED_EDGE('',*,*,#6929,.T.);
#3973=ORIENTED_EDGE('',*,*,#6984,.T.);
#3974=ORIENTED_EDGE('',*,*,#6926,.T.);
#3975=ORIENTED_EDGE('',*,*,#6985,.T.);
#3976=CARTESIAN_POINT('',(-6.0,6.0,-6.202893218748));
#3977=DIRECTION('',(-0.0,1.0,0.0));
#3978=DIRECTION('',(1.0,0.0,0.0));
#3979=ORIENTED_EDGE('',*,*,#6986,.T.);
#3980=ORIENTED_EDGE('',*,*,#6908,.F.);
#3981=ORIENTED_EDGE('',*,*,#6985,.F.);
#3982=ORIENTED_EDGE('',*,*,#6958,.T.);
#3983=CARTESIAN_POINT('',(3.6,5.75,0.0));
#3984=DIRECTION('',(-1.0,-0.0,0.0));
#3985=DIRECTION('',(0.0,-1.0,0.0));
#3986=ORIENTED_EDGE('',*,*,#6987,.T.);
#3987=ORIENTED_EDGE('',*,*,#6909,.F.);
#3988=ORIENTED_EDGE('',*,*,#6986,.F.);
#3989=ORIENTED_EDGE('',*,*,#6957,.T.);
#3990=CARTESIAN_POINT('',(3.6,5.75,0.25));
#3991=DIRECTION('',(0.0,1.238495804361E-14,1.0));
#3992=DIRECTION('',(0.0,-1.0,1.238495804361E-14));
#3993=ORIENTED_EDGE('',*,*,#6623,.T.);
#3994=ORIENTED_EDGE('',*,*,#6910,.F.);
#3995=ORIENTED_EDGE('',*,*,#6987,.F.);
#3996=ORIENTED_EDGE('',*,*,#6959,.T.);
#3997=CARTESIAN_POINT('',(3.6,5.499,0.001000000000003));
#3998=DIRECTION('',(-1.0,-0.0,0.0));
#3999=DIRECTION('',(0.0,-1.0,0.0));
#4000=ORIENTED_EDGE('',*,*,#6988,.T.);
#4001=ORIENTED_EDGE('',*,*,#6989,.F.);
#4002=ORIENTED_EDGE('',*,*,#6984,.F.);
#4003=ORIENTED_EDGE('',*,*,#6990,.T.);
#4004=CARTESIAN_POINT('',(0.1,5.75,0.0));
#4005=DIRECTION('',(-1.0,-0.0,0.0));
#4006=DIRECTION('',(0.0,-1.0,0.0));
#4007=ORIENTED_EDGE('',*,*,#6991,.F.);
#4008=ORIENTED_EDGE('',*,*,#6992,.F.);
#4009=ORIENTED_EDGE('',*,*,#6622,.F.);
#4010=ORIENTED_EDGE('',*,*,#6937,.T.);
#4011=ORIENTED_EDGE('',*,*,#6993,.F.);
#4012=CARTESIAN_POINT('',(0.1,0.0,0.0));
#4013=DIRECTION('',(1.0,0.0,0.0));
#4014=DIRECTION('',(0.0,1.0,0.0));
#4015=ORIENTED_EDGE('',*,*,#6994,.F.);
#4016=ORIENTED_EDGE('',*,*,#6990,.F.);
#4017=ORIENTED_EDGE('',*,*,#6928,.T.);
#4018=ORIENTED_EDGE('',*,*,#6616,.F.);
#4019=ORIENTED_EDGE('',*,*,#6995,.F.);
#4020=CARTESIAN_POINT('',(0.1,0.0,0.0));
#4021=DIRECTION('',(1.0,0.0,0.0));
#4022=DIRECTION('',(0.0,1.0,0.0));
#4023=ORIENTED_EDGE('',*,*,#6963,.T.);
#4024=ORIENTED_EDGE('',*,*,#6996,.F.);
#4025=ORIENTED_EDGE('',*,*,#6997,.F.);
#4026=ORIENTED_EDGE('',*,*,#6993,.T.);
#4027=CARTESIAN_POINT('',(0.1,-5.75,0.0));
#4028=DIRECTION('',(-1.0,-0.0,0.0));
#4029=DIRECTION('',(0.0,-1.0,0.0));
#4030=ORIENTED_EDGE('',*,*,#6997,.T.);
#4031=ORIENTED_EDGE('',*,*,#6998,.F.);
#4032=ORIENTED_EDGE('',*,*,#6999,.F.);
#4033=ORIENTED_EDGE('',*,*,#6991,.T.);
#4034=CARTESIAN_POINT('',(0.1,-5.499,0.25));
#4035=DIRECTION('',(0.0,-1.216379807855E-14,1.0));
#4036=DIRECTION('',(0.0,-1.0,-1.216379807855E-14));
#4037=ORIENTED_EDGE('',*,*,#6619,.T.);
#4038=ORIENTED_EDGE('',*,*,#6992,.T.);
#4039=ORIENTED_EDGE('',*,*,#6999,.T.);
#4040=ORIENTED_EDGE('',*,*,#7000,.F.);
#4041=CARTESIAN_POINT('',(0.1,-5.499,0.001000000000003));
#4042=DIRECTION('',(-1.0,-0.0,0.0));
#4043=DIRECTION('',(0.0,-1.0,0.0));
#4044=ORIENTED_EDGE('',*,*,#6938,.F.);
#4045=ORIENTED_EDGE('',*,*,#6620,.T.);
#4046=ORIENTED_EDGE('',*,*,#7000,.T.);
#4047=ORIENTED_EDGE('',*,*,#6998,.T.);
#4048=ORIENTED_EDGE('',*,*,#6996,.T.);
#4049=CARTESIAN_POINT('',(2.5,0.0,0.0));
#4050=DIRECTION('',(1.0,0.0,0.0));
#4051=DIRECTION('',(0.0,1.0,0.0));
#4052=ORIENTED_EDGE('',*,*,#6927,.F.);
#4053=ORIENTED_EDGE('',*,*,#6989,.T.);
#4054=ORIENTED_EDGE('',*,*,#7001,.T.);
#4055=ORIENTED_EDGE('',*,*,#7002,.T.);
#4056=ORIENTED_EDGE('',*,*,#6618,.T.);
#4057=CARTESIAN_POINT('',(2.5,0.0,0.0));
#4058=DIRECTION('',(1.0,0.0,0.0));
#4059=DIRECTION('',(0.0,1.0,0.0));
#4060=ORIENTED_EDGE('',*,*,#6615,.T.);
#4061=ORIENTED_EDGE('',*,*,#7002,.F.);
#4062=ORIENTED_EDGE('',*,*,#7003,.F.);
#4063=ORIENTED_EDGE('',*,*,#6995,.T.);
#4064=CARTESIAN_POINT('',(0.1,5.499,0.001000000000003));
#4065=DIRECTION('',(-1.0,-0.0,0.0));
#4066=DIRECTION('',(0.0,-1.0,0.0));
#4067=ORIENTED_EDGE('',*,*,#7003,.T.);
#4068=ORIENTED_EDGE('',*,*,#7001,.F.);
#4069=ORIENTED_EDGE('',*,*,#6988,.F.);
#4070=ORIENTED_EDGE('',*,*,#6994,.T.);
#4071=CARTESIAN_POINT('',(0.1,5.75,0.25));
#4072=DIRECTION('',(0.0,1.238495804361E-14,1.0));
#4073=DIRECTION('',(0.0,-1.0,1.238495804361E-14));
#4074=ORIENTED_EDGE('',*,*,#6983,.T.);
#4075=ORIENTED_EDGE('',*,*,#6906,.F.);
#4076=ORIENTED_EDGE('',*,*,#6752,.F.);
#4077=ORIENTED_EDGE('',*,*,#6641,.T.);
#4078=CARTESIAN_POINT('',(-6.0,5.5,-6.202893218748));
#4079=DIRECTION('',(-1.0,-0.0,0.0));
#4080=DIRECTION('',(0.0,-1.0,0.0));
#4081=ORIENTED_EDGE('',*,*,#6935,.F.);
#4082=ORIENTED_EDGE('',*,*,#6612,.T.);
#4083=ORIENTED_EDGE('',*,*,#7004,.T.);
#4084=ORIENTED_EDGE('',*,*,#7005,.T.);
#4085=ORIENTED_EDGE('',*,*,#6972,.T.);
#4086=CARTESIAN_POINT('',(-1.0,0.0,0.0));
#4087=DIRECTION('',(1.0,0.0,0.0));
#4088=DIRECTION('',(0.0,1.0,0.0));
#4089=ORIENTED_EDGE('',*,*,#6930,.F.);
#4090=ORIENTED_EDGE('',*,*,#6981,.T.);
#4091=ORIENTED_EDGE('',*,*,#7006,.T.);
#4092=ORIENTED_EDGE('',*,*,#7007,.T.);
#4093=ORIENTED_EDGE('',*,*,#6610,.T.);
#4094=CARTESIAN_POINT('',(-1.0,0.0,0.0));
#4095=DIRECTION('',(1.0,0.0,0.0));
#4096=DIRECTION('',(0.0,1.0,0.0));
#4097=ORIENTED_EDGE('',*,*,#6973,.T.);
#4098=ORIENTED_EDGE('',*,*,#7005,.F.);
#4099=ORIENTED_EDGE('',*,*,#7008,.F.);
#4100=ORIENTED_EDGE('',*,*,#6978,.T.);
#4101=CARTESIAN_POINT('',(-3.4,-5.499,0.25));
#4102=DIRECTION('',(0.0,-1.216379807855E-14,1.0));
#4103=DIRECTION('',(0.0,-1.0,-1.216379807855E-14));
#4104=ORIENTED_EDGE('',*,*,#6611,.T.);
#4105=ORIENTED_EDGE('',*,*,#6979,.T.);
#4106=ORIENTED_EDGE('',*,*,#7008,.T.);
#4107=ORIENTED_EDGE('',*,*,#7004,.F.);
#4108=CARTESIAN_POINT('',(-3.4,-5.499,0.001000000000003));
#4109=DIRECTION('',(-1.0,-0.0,0.0));
#4110=DIRECTION('',(0.0,-1.0,0.0));
#4111=ORIENTED_EDGE('',*,*,#6607,.T.);
#4112=ORIENTED_EDGE('',*,*,#7007,.F.);
#4113=ORIENTED_EDGE('',*,*,#7009,.F.);
#4114=ORIENTED_EDGE('',*,*,#6975,.T.);
#4115=CARTESIAN_POINT('',(-3.4,5.499,0.001000000000003));
#4116=DIRECTION('',(-1.0,-0.0,0.0));
#4117=DIRECTION('',(0.0,-1.0,0.0));
#4118=ORIENTED_EDGE('',*,*,#7009,.T.);
#4119=ORIENTED_EDGE('',*,*,#7006,.F.);
#4120=ORIENTED_EDGE('',*,*,#6980,.F.);
#4121=ORIENTED_EDGE('',*,*,#6976,.T.);
#4122=CARTESIAN_POINT('',(-3.4,5.75,0.25));
#4123=DIRECTION('',(0.0,1.238495804361E-14,1.0));
#4124=DIRECTION('',(0.0,-1.0,1.238495804361E-14));
#4125=ORIENTED_EDGE('',*,*,#7010,.F.);
#4126=ORIENTED_EDGE('',*,*,#7011,.F.);
#4127=ORIENTED_EDGE('',*,*,#6604,.F.);
#4128=ORIENTED_EDGE('',*,*,#7012,.F.);
#4129=ORIENTED_EDGE('',*,*,#7013,.F.);
#4130=ORIENTED_EDGE('',*,*,#7014,.F.);
#4131=ORIENTED_EDGE('',*,*,#7015,.F.);
#4132=ORIENTED_EDGE('',*,*,#7016,.F.);
#4133=ORIENTED_EDGE('',*,*,#7017,.F.);
#4134=ORIENTED_EDGE('',*,*,#7018,.F.);
#4135=ORIENTED_EDGE('',*,*,#6602,.F.);
#4136=ORIENTED_EDGE('',*,*,#7019,.F.);
#4137=ORIENTED_EDGE('',*,*,#7020,.F.);
#4138=ORIENTED_EDGE('',*,*,#6945,.T.);
#4139=CARTESIAN_POINT('',(0.5,0.0,0.0));
#4140=DIRECTION('',(1.0,0.0,0.0));
#4141=DIRECTION('',(0.0,1.0,0.0));
#4142=ORIENTED_EDGE('',*,*,#7020,.T.);
#4143=ORIENTED_EDGE('',*,*,#7021,.T.);
#4144=ORIENTED_EDGE('',*,*,#7022,.F.);
#4145=ORIENTED_EDGE('',*,*,#6942,.F.);
#4146=CARTESIAN_POINT('',(0.5,1.6,0.0));
#4147=DIRECTION('',(-0.0,1.0,0.0));
#4148=DIRECTION('',(1.0,0.0,0.0));
#4149=ORIENTED_EDGE('',*,*,#7022,.T.);
#4150=ORIENTED_EDGE('',*,*,#7023,.T.);
#4151=ORIENTED_EDGE('',*,*,#6600,.T.);
#4152=ORIENTED_EDGE('',*,*,#7024,.T.);
#4153=ORIENTED_EDGE('',*,*,#7025,.T.);
#4154=ORIENTED_EDGE('',*,*,#7026,.T.);
#4155=ORIENTED_EDGE('',*,*,#7027,.T.);
#4156=ORIENTED_EDGE('',*,*,#7028,.T.);
#4157=ORIENTED_EDGE('',*,*,#7029,.T.);
#4158=ORIENTED_EDGE('',*,*,#7030,.T.);
#4159=ORIENTED_EDGE('',*,*,#6606,.T.);
#4160=ORIENTED_EDGE('',*,*,#7031,.T.);
#4161=ORIENTED_EDGE('',*,*,#7032,.T.);
#4162=ORIENTED_EDGE('',*,*,#6943,.F.);
#4163=CARTESIAN_POINT('',(1.3,0.0,0.0));
#4164=DIRECTION('',(1.0,0.0,0.0));
#4165=DIRECTION('',(0.0,1.0,0.0));
#4166=ORIENTED_EDGE('',*,*,#7032,.F.);
#4167=ORIENTED_EDGE('',*,*,#7033,.F.);
#4168=ORIENTED_EDGE('',*,*,#7010,.T.);
#4169=ORIENTED_EDGE('',*,*,#6944,.T.);
#4170=CARTESIAN_POINT('',(0.5,1.2,1.119491606732));
#4171=DIRECTION('',(0.0,-1.0,0.0));
#4172=DIRECTION('',(0.0,0.0,-1.0));
#4173=ORIENTED_EDGE('',*,*,#7033,.T.);
#4174=ORIENTED_EDGE('',*,*,#7031,.F.);
#4175=ORIENTED_EDGE('',*,*,#6605,.F.);
#4176=ORIENTED_EDGE('',*,*,#7011,.T.);
#4177=CARTESIAN_POINT('',(0.5,0.6,1.119491606732));
#4178=DIRECTION('',(-1.0,-0.0,0.0));
#4179=DIRECTION('',(0.0,-1.0,0.0));
#4180=ORIENTED_EDGE('',*,*,#6603,.T.);
#4181=ORIENTED_EDGE('',*,*,#7030,.F.);
#4182=ORIENTED_EDGE('',*,*,#7034,.F.);
#4183=ORIENTED_EDGE('',*,*,#7012,.T.);
#4184=CARTESIAN_POINT('',(0.5,2.4,2.100562450249));
#4185=DIRECTION('',(-1.0,-0.0,0.0));
#4186=DIRECTION('',(0.0,-1.0,0.0));
#4187=ORIENTED_EDGE('',*,*,#7034,.T.);
#4188=ORIENTED_EDGE('',*,*,#7029,.F.);
#4189=ORIENTED_EDGE('',*,*,#7035,.F.);
#4190=ORIENTED_EDGE('',*,*,#7013,.T.);
#4191=CARTESIAN_POINT('',(0.5,0.6,3.081633293766));
#4192=DIRECTION('',(-1.0,-0.0,0.0));
#4193=DIRECTION('',(0.0,-1.0,0.0));
#4194=ORIENTED_EDGE('',*,*,#7035,.T.);
#4195=ORIENTED_EDGE('',*,*,#7028,.F.);
#4196=ORIENTED_EDGE('',*,*,#7036,.F.);
#4197=ORIENTED_EDGE('',*,*,#7014,.T.);
#4198=CARTESIAN_POINT('',(0.5,1.2,3.551));
#4199=DIRECTION('',(0.0,-1.0,0.0));
#4200=DIRECTION('',(0.0,0.0,-1.0));
#4201=ORIENTED_EDGE('',*,*,#7036,.T.);
#4202=ORIENTED_EDGE('',*,*,#7027,.F.);
#4203=ORIENTED_EDGE('',*,*,#7037,.F.);
#4204=ORIENTED_EDGE('',*,*,#7015,.T.);
#4205=CARTESIAN_POINT('',(0.5,1.4,3.551));
#4206=DIRECTION('',(-1.0,-0.0,0.0));
#4207=DIRECTION('',(0.0,-1.0,0.0));
#4208=ORIENTED_EDGE('',*,*,#7037,.T.);
#4209=ORIENTED_EDGE('',*,*,#7026,.F.);
#4210=ORIENTED_EDGE('',*,*,#7038,.F.);
#4211=ORIENTED_EDGE('',*,*,#7016,.T.);
#4212=CARTESIAN_POINT('',(0.5,1.6,3.081633293766));
#4213=DIRECTION('',(-0.0,1.0,0.0));
#4214=DIRECTION('',(1.0,0.0,0.0));
#4215=ORIENTED_EDGE('',*,*,#7038,.T.);
#4216=ORIENTED_EDGE('',*,*,#7025,.F.);
#4217=ORIENTED_EDGE('',*,*,#7039,.F.);
#4218=ORIENTED_EDGE('',*,*,#7017,.T.);
#4219=CARTESIAN_POINT('',(0.5,0.6,3.081633293766));
#4220=DIRECTION('',(-1.0,-0.0,0.0));
#4221=DIRECTION('',(0.0,-1.0,0.0));
#4222=ORIENTED_EDGE('',*,*,#6599,.T.);
#4223=ORIENTED_EDGE('',*,*,#7018,.T.);
#4224=ORIENTED_EDGE('',*,*,#7039,.T.);
#4225=ORIENTED_EDGE('',*,*,#7024,.F.);
#4226=CARTESIAN_POINT('',(0.5,2.4,2.100562450249));
#4227=DIRECTION('',(-1.0,-0.0,0.0));
#4228=DIRECTION('',(0.0,-1.0,0.0));
#4229=ORIENTED_EDGE('',*,*,#6601,.T.);
#4230=ORIENTED_EDGE('',*,*,#7023,.F.);
#4231=ORIENTED_EDGE('',*,*,#7021,.F.);
#4232=ORIENTED_EDGE('',*,*,#7019,.T.);
#4233=CARTESIAN_POINT('',(0.5,0.6,1.119491606732));
#4234=DIRECTION('',(-1.0,-0.0,0.0));
#4235=DIRECTION('',(0.0,-1.0,0.0));
#4236=ORIENTED_EDGE('',*,*,#7040,.F.);
#4237=ORIENTED_EDGE('',*,*,#7041,.F.);
#4238=ORIENTED_EDGE('',*,*,#6596,.F.);
#4239=ORIENTED_EDGE('',*,*,#7042,.F.);
#4240=ORIENTED_EDGE('',*,*,#7043,.F.);
#4241=ORIENTED_EDGE('',*,*,#7044,.F.);
#4242=ORIENTED_EDGE('',*,*,#7045,.F.);
#4243=ORIENTED_EDGE('',*,*,#7046,.F.);
#4244=ORIENTED_EDGE('',*,*,#7047,.F.);
#4245=ORIENTED_EDGE('',*,*,#7048,.F.);
#4246=ORIENTED_EDGE('',*,*,#6594,.F.);
#4247=ORIENTED_EDGE('',*,*,#7049,.F.);
#4248=ORIENTED_EDGE('',*,*,#7050,.F.);
#4249=ORIENTED_EDGE('',*,*,#6949,.T.);
#4250=CARTESIAN_POINT('',(-3.0,0.0,0.0));
#4251=DIRECTION('',(1.0,0.0,0.0));
#4252=DIRECTION('',(0.0,1.0,0.0));
#4253=ORIENTED_EDGE('',*,*,#7050,.T.);
#4254=ORIENTED_EDGE('',*,*,#7051,.T.);
#4255=ORIENTED_EDGE('',*,*,#7052,.F.);
#4256=ORIENTED_EDGE('',*,*,#6946,.F.);
#4257=CARTESIAN_POINT('',(-3.0,-3.6,0.0));
#4258=DIRECTION('',(-0.0,1.0,0.0));
#4259=DIRECTION('',(1.0,0.0,0.0));
#4260=ORIENTED_EDGE('',*,*,#7052,.T.);
#4261=ORIENTED_EDGE('',*,*,#7053,.T.);
#4262=ORIENTED_EDGE('',*,*,#6592,.T.);
#4263=ORIENTED_EDGE('',*,*,#7054,.T.);
#4264=ORIENTED_EDGE('',*,*,#7055,.T.);
#4265=ORIENTED_EDGE('',*,*,#7056,.T.);
#4266=ORIENTED_EDGE('',*,*,#7057,.T.);
#4267=ORIENTED_EDGE('',*,*,#7058,.T.);
#4268=ORIENTED_EDGE('',*,*,#7059,.T.);
#4269=ORIENTED_EDGE('',*,*,#7060,.T.);
#4270=ORIENTED_EDGE('',*,*,#6598,.T.);
#4271=ORIENTED_EDGE('',*,*,#7061,.T.);
#4272=ORIENTED_EDGE('',*,*,#7062,.T.);
#4273=ORIENTED_EDGE('',*,*,#6947,.F.);
#4274=CARTESIAN_POINT('',(-2.2,0.0,0.0));
#4275=DIRECTION('',(1.0,0.0,0.0));
#4276=DIRECTION('',(0.0,1.0,0.0));
#4277=ORIENTED_EDGE('',*,*,#7062,.F.);
#4278=ORIENTED_EDGE('',*,*,#7063,.F.);
#4279=ORIENTED_EDGE('',*,*,#7040,.T.);
#4280=ORIENTED_EDGE('',*,*,#6948,.T.);
#4281=CARTESIAN_POINT('',(-3.0,-4.0,1.350563199505));
#4282=DIRECTION('',(0.0,-1.0,0.0));
#4283=DIRECTION('',(0.0,0.0,-1.0));
#4284=ORIENTED_EDGE('',*,*,#7063,.T.);
#4285=ORIENTED_EDGE('',*,*,#7061,.F.);
#4286=ORIENTED_EDGE('',*,*,#6597,.F.);
#4287=ORIENTED_EDGE('',*,*,#7041,.T.);
#4288=CARTESIAN_POINT('',(-3.0,-3.4,1.350563199505));
#4289=DIRECTION('',(-1.0,-0.0,0.0));
#4290=DIRECTION('',(0.0,-1.0,0.0));
#4291=ORIENTED_EDGE('',*,*,#6595,.T.);
#4292=ORIENTED_EDGE('',*,*,#7060,.F.);
#4293=ORIENTED_EDGE('',*,*,#7064,.F.);
#4294=ORIENTED_EDGE('',*,*,#7042,.T.);
#4295=CARTESIAN_POINT('',(-3.0,-4.4,2.100563199505));
#4296=DIRECTION('',(-1.0,-0.0,0.0));
#4297=DIRECTION('',(0.0,-1.0,0.0));
#4298=ORIENTED_EDGE('',*,*,#7064,.T.);
#4299=ORIENTED_EDGE('',*,*,#7059,.F.);
#4300=ORIENTED_EDGE('',*,*,#7065,.F.);
#4301=ORIENTED_EDGE('',*,*,#7043,.T.);
#4302=CARTESIAN_POINT('',(-3.0,-3.4,2.850563199505));
#4303=DIRECTION('',(-1.0,-0.0,0.0));
#4304=DIRECTION('',(0.0,-1.0,0.0));
#4305=ORIENTED_EDGE('',*,*,#7065,.T.);
#4306=ORIENTED_EDGE('',*,*,#7058,.F.);
#4307=ORIENTED_EDGE('',*,*,#7066,.F.);
#4308=ORIENTED_EDGE('',*,*,#7044,.T.);
#4309=CARTESIAN_POINT('',(-3.0,-4.0,3.550563199505));
#4310=DIRECTION('',(0.0,-1.0,0.0));
#4311=DIRECTION('',(0.0,0.0,-1.0));
#4312=ORIENTED_EDGE('',*,*,#7066,.T.);
#4313=ORIENTED_EDGE('',*,*,#7057,.F.);
#4314=ORIENTED_EDGE('',*,*,#7067,.F.);
#4315=ORIENTED_EDGE('',*,*,#7045,.T.);
#4316=CARTESIAN_POINT('',(-3.0,-3.8,3.550563199505));
#4317=DIRECTION('',(-1.0,-0.0,0.0));
#4318=DIRECTION('',(0.0,-1.0,0.0));
#4319=ORIENTED_EDGE('',*,*,#7067,.T.);
#4320=ORIENTED_EDGE('',*,*,#7056,.F.);
#4321=ORIENTED_EDGE('',*,*,#7068,.F.);
#4322=ORIENTED_EDGE('',*,*,#7046,.T.);
#4323=CARTESIAN_POINT('',(-3.0,-3.6,2.850563199505));
#4324=DIRECTION('',(-0.0,1.0,0.0));
#4325=DIRECTION('',(1.0,0.0,0.0));
#4326=ORIENTED_EDGE('',*,*,#7068,.T.);
#4327=ORIENTED_EDGE('',*,*,#7055,.F.);
#4328=ORIENTED_EDGE('',*,*,#7069,.F.);
#4329=ORIENTED_EDGE('',*,*,#7047,.T.);
#4330=CARTESIAN_POINT('',(-3.0,-3.4,2.850563199505));
#4331=DIRECTION('',(-1.0,-0.0,0.0));
#4332=DIRECTION('',(0.0,-1.0,0.0));
#4333=ORIENTED_EDGE('',*,*,#6591,.T.);
#4334=ORIENTED_EDGE('',*,*,#7048,.T.);
#4335=ORIENTED_EDGE('',*,*,#7069,.T.);
#4336=ORIENTED_EDGE('',*,*,#7054,.F.);
#4337=CARTESIAN_POINT('',(-3.0,-4.4,2.100563199505));
#4338=DIRECTION('',(-1.0,-0.0,0.0));
#4339=DIRECTION('',(0.0,-1.0,0.0));
#4340=ORIENTED_EDGE('',*,*,#6593,.T.);
#4341=ORIENTED_EDGE('',*,*,#7053,.F.);
#4342=ORIENTED_EDGE('',*,*,#7051,.F.);
#4343=ORIENTED_EDGE('',*,*,#7049,.T.);
#4344=CARTESIAN_POINT('',(-3.0,-3.4,1.350563199505));
#4345=DIRECTION('',(-1.0,-0.0,0.0));
#4346=DIRECTION('',(0.0,-1.0,0.0));
#4347=ORIENTED_EDGE('',*,*,#7070,.F.);
#4348=ORIENTED_EDGE('',*,*,#7071,.F.);
#4349=ORIENTED_EDGE('',*,*,#6588,.F.);
#4350=ORIENTED_EDGE('',*,*,#7072,.F.);
#4351=ORIENTED_EDGE('',*,*,#7073,.F.);
#4352=ORIENTED_EDGE('',*,*,#7074,.F.);
#4353=ORIENTED_EDGE('',*,*,#7075,.F.);
#4354=ORIENTED_EDGE('',*,*,#7076,.F.);
#4355=ORIENTED_EDGE('',*,*,#7077,.F.);
#4356=ORIENTED_EDGE('',*,*,#7078,.F.);
#4357=ORIENTED_EDGE('',*,*,#6586,.F.);
#4358=ORIENTED_EDGE('',*,*,#7079,.F.);
#4359=ORIENTED_EDGE('',*,*,#7080,.F.);
#4360=ORIENTED_EDGE('',*,*,#6953,.T.);
#4361=CARTESIAN_POINT('',(4.0,0.0,0.0));
#4362=DIRECTION('',(1.0,0.0,0.0));
#4363=DIRECTION('',(0.0,1.0,0.0));
#4364=ORIENTED_EDGE('',*,*,#7080,.T.);
#4365=ORIENTED_EDGE('',*,*,#7081,.T.);
#4366=ORIENTED_EDGE('',*,*,#7082,.F.);
#4367=ORIENTED_EDGE('',*,*,#6950,.F.);
#4368=CARTESIAN_POINT('',(4.0,-3.6,0.0));
#4369=DIRECTION('',(-0.0,1.0,0.0));
#4370=DIRECTION('',(1.0,0.0,0.0));
#4371=ORIENTED_EDGE('',*,*,#7082,.T.);
#4372=ORIENTED_EDGE('',*,*,#7083,.T.);
#4373=ORIENTED_EDGE('',*,*,#6584,.T.);
#4374=ORIENTED_EDGE('',*,*,#7084,.T.);
#4375=ORIENTED_EDGE('',*,*,#7085,.T.);
#4376=ORIENTED_EDGE('',*,*,#7086,.T.);
#4377=ORIENTED_EDGE('',*,*,#7087,.T.);
#4378=ORIENTED_EDGE('',*,*,#7088,.T.);
#4379=ORIENTED_EDGE('',*,*,#7089,.T.);
#4380=ORIENTED_EDGE('',*,*,#7090,.T.);
#4381=ORIENTED_EDGE('',*,*,#6590,.T.);
#4382=ORIENTED_EDGE('',*,*,#7091,.T.);
#4383=ORIENTED_EDGE('',*,*,#7092,.T.);
#4384=ORIENTED_EDGE('',*,*,#6951,.F.);
#4385=CARTESIAN_POINT('',(4.8,0.0,0.0));
#4386=DIRECTION('',(1.0,0.0,0.0));
#4387=DIRECTION('',(0.0,1.0,0.0));
#4388=ORIENTED_EDGE('',*,*,#7092,.F.);
#4389=ORIENTED_EDGE('',*,*,#7093,.F.);
#4390=ORIENTED_EDGE('',*,*,#7070,.T.);
#4391=ORIENTED_EDGE('',*,*,#6952,.T.);
#4392=CARTESIAN_POINT('',(4.0,-4.0,1.350563199505));
#4393=DIRECTION('',(0.0,-1.0,0.0));
#4394=DIRECTION('',(0.0,0.0,-1.0));
#4395=ORIENTED_EDGE('',*,*,#7093,.T.);
#4396=ORIENTED_EDGE('',*,*,#7091,.F.);
#4397=ORIENTED_EDGE('',*,*,#6589,.F.);
#4398=ORIENTED_EDGE('',*,*,#7071,.T.);
#4399=CARTESIAN_POINT('',(4.0,-3.4,1.350563199505));
#4400=DIRECTION('',(-1.0,-0.0,0.0));
#4401=DIRECTION('',(0.0,-1.0,0.0));
#4402=ORIENTED_EDGE('',*,*,#6587,.T.);
#4403=ORIENTED_EDGE('',*,*,#7090,.F.);
#4404=ORIENTED_EDGE('',*,*,#7094,.F.);
#4405=ORIENTED_EDGE('',*,*,#7072,.T.);
#4406=CARTESIAN_POINT('',(4.0,-4.4,2.100563199505));
#4407=DIRECTION('',(-1.0,-0.0,0.0));
#4408=DIRECTION('',(0.0,-1.0,0.0));
#4409=ORIENTED_EDGE('',*,*,#7094,.T.);
#4410=ORIENTED_EDGE('',*,*,#7089,.F.);
#4411=ORIENTED_EDGE('',*,*,#7095,.F.);
#4412=ORIENTED_EDGE('',*,*,#7073,.T.);
#4413=CARTESIAN_POINT('',(4.0,-3.4,2.850563199505));
#4414=DIRECTION('',(-1.0,-0.0,0.0));
#4415=DIRECTION('',(0.0,-1.0,0.0));
#4416=ORIENTED_EDGE('',*,*,#7095,.T.);
#4417=ORIENTED_EDGE('',*,*,#7088,.F.);
#4418=ORIENTED_EDGE('',*,*,#7096,.F.);
#4419=ORIENTED_EDGE('',*,*,#7074,.T.);
#4420=CARTESIAN_POINT('',(4.0,-4.0,3.550563199505));
#4421=DIRECTION('',(0.0,-1.0,0.0));
#4422=DIRECTION('',(0.0,0.0,-1.0));
#4423=ORIENTED_EDGE('',*,*,#7096,.T.);
#4424=ORIENTED_EDGE('',*,*,#7087,.F.);
#4425=ORIENTED_EDGE('',*,*,#7097,.F.);
#4426=ORIENTED_EDGE('',*,*,#7075,.T.);
#4427=CARTESIAN_POINT('',(4.0,-3.8,3.550563199505));
#4428=DIRECTION('',(-1.0,-0.0,0.0));
#4429=DIRECTION('',(0.0,-1.0,0.0));
#4430=ORIENTED_EDGE('',*,*,#7097,.T.);
#4431=ORIENTED_EDGE('',*,*,#7086,.F.);
#4432=ORIENTED_EDGE('',*,*,#7098,.F.);
#4433=ORIENTED_EDGE('',*,*,#7076,.T.);
#4434=CARTESIAN_POINT('',(4.0,-3.6,2.850563199505));
#4435=DIRECTION('',(-0.0,1.0,0.0));
#4436=DIRECTION('',(1.0,0.0,0.0));
#4437=ORIENTED_EDGE('',*,*,#7098,.T.);
#4438=ORIENTED_EDGE('',*,*,#7085,.F.);
#4439=ORIENTED_EDGE('',*,*,#7099,.F.);
#4440=ORIENTED_EDGE('',*,*,#7077,.T.);
#4441=CARTESIAN_POINT('',(4.0,-3.4,2.850563199505));
#4442=DIRECTION('',(-1.0,-0.0,0.0));
#4443=DIRECTION('',(0.0,-1.0,0.0));
#4444=ORIENTED_EDGE('',*,*,#6583,.T.);
#4445=ORIENTED_EDGE('',*,*,#7078,.T.);
#4446=ORIENTED_EDGE('',*,*,#7099,.T.);
#4447=ORIENTED_EDGE('',*,*,#7084,.F.);
#4448=CARTESIAN_POINT('',(4.0,-4.4,2.100563199505));
#4449=DIRECTION('',(-1.0,-0.0,0.0));
#4450=DIRECTION('',(0.0,-1.0,0.0));
#4451=ORIENTED_EDGE('',*,*,#6585,.T.);
#4452=ORIENTED_EDGE('',*,*,#7083,.F.);
#4453=ORIENTED_EDGE('',*,*,#7081,.F.);
#4454=ORIENTED_EDGE('',*,*,#7079,.T.);
#4455=CARTESIAN_POINT('',(4.0,-3.4,1.350563199505));
#4456=DIRECTION('',(-1.0,-0.0,0.0));
#4457=DIRECTION('',(0.0,-1.0,0.0));
#4458=ORIENTED_EDGE('',*,*,#7100,.F.);
#4459=ORIENTED_EDGE('',*,*,#7101,.F.);
#4460=ORIENTED_EDGE('',*,*,#6825,.T.);
#4461=ORIENTED_EDGE('',*,*,#7102,.T.);
#4462=CARTESIAN_POINT('',(-6.0,-2.018514556997,-10.56569900514));
#4463=DIRECTION('',(-1.0,-0.0,0.0));
#4464=DIRECTION('',(0.0,-1.0,0.0));
#4465=ORIENTED_EDGE('',*,*,#7103,.F.);
#4466=ORIENTED_EDGE('',*,*,#7104,.F.);
#4467=ORIENTED_EDGE('',*,*,#6819,.T.);
#4468=ORIENTED_EDGE('',*,*,#7105,.T.);
#4469=CARTESIAN_POINT('',(-6.0,-2.018514556997,-10.56569900514));
#4470=DIRECTION('',(-1.0,-0.0,0.0));
#4471=DIRECTION('',(0.0,-1.0,0.0));
#4472=ORIENTED_EDGE('',*,*,#6813,.T.);
#4473=ORIENTED_EDGE('',*,*,#6905,.F.);
#4474=ORIENTED_EDGE('',*,*,#7106,.F.);
#4475=ORIENTED_EDGE('',*,*,#7107,.F.);
#4476=CARTESIAN_POINT('',(-6.0,-2.018514556997,-10.56569900514));
#4477=DIRECTION('',(-1.0,-0.0,0.0));
#4478=DIRECTION('',(0.0,-1.0,0.0));
#4479=ORIENTED_EDGE('',*,*,#6674,.F.);
#4480=ORIENTED_EDGE('',*,*,#7108,.T.);
#4481=ORIENTED_EDGE('',*,*,#7109,.T.);
#4482=ORIENTED_EDGE('',*,*,#7110,.T.);
#4483=ORIENTED_EDGE('',*,*,#7111,.T.);
#4484=ORIENTED_EDGE('',*,*,#7112,.F.);
#4485=ORIENTED_EDGE('',*,*,#7113,.F.);
#4486=ORIENTED_EDGE('',*,*,#7114,.T.);
#4487=ORIENTED_EDGE('',*,*,#7102,.F.);
#4488=ORIENTED_EDGE('',*,*,#6824,.T.);
#4489=ORIENTED_EDGE('',*,*,#7115,.T.);
#4490=ORIENTED_EDGE('',*,*,#7116,.T.);
#4491=ORIENTED_EDGE('',*,*,#7117,.T.);
#4492=ORIENTED_EDGE('',*,*,#7118,.T.);
#4493=ORIENTED_EDGE('',*,*,#7119,.T.);
#4494=ORIENTED_EDGE('',*,*,#7120,.T.);
#4495=ORIENTED_EDGE('',*,*,#7121,.T.);
#4496=ORIENTED_EDGE('',*,*,#7122,.T.);
#4497=ORIENTED_EDGE('',*,*,#7123,.T.);
#4498=ORIENTED_EDGE('',*,*,#7124,.T.);
#4499=ORIENTED_EDGE('',*,*,#7125,.T.);
#4500=ORIENTED_EDGE('',*,*,#7126,.T.);
#4501=ORIENTED_EDGE('',*,*,#7127,.T.);
#4502=ORIENTED_EDGE('',*,*,#7128,.T.);
#4503=ORIENTED_EDGE('',*,*,#7129,.T.);
#4504=CARTESIAN_POINT('',(-1.0,0.0,0.0));
#4505=DIRECTION('',(1.0,0.0,0.0));
#4506=DIRECTION('',(0.0,1.0,0.0));
#4507=ORIENTED_EDGE('',*,*,#6675,.F.);
#4508=ORIENTED_EDGE('',*,*,#7129,.F.);
#4509=ORIENTED_EDGE('',*,*,#7130,.T.);
#4510=ORIENTED_EDGE('',*,*,#7131,.T.);
#4511=CARTESIAN_POINT('',(-0.9,-3.45,-11.44102853314));
#4512=DIRECTION('',(-0.0,0.0,-1.0));
#4513=DIRECTION('',(-1.0,0.0,0.0));
#4514=ORIENTED_EDGE('',*,*,#7132,.T.);
#4515=ORIENTED_EDGE('',*,*,#7133,.F.);
#4516=ORIENTED_EDGE('',*,*,#7134,.F.);
#4517=ORIENTED_EDGE('',*,*,#7135,.F.);
#4518=ORIENTED_EDGE('',*,*,#7136,.F.);
#4519=ORIENTED_EDGE('',*,*,#7112,.T.);
#4520=ORIENTED_EDGE('',*,*,#7137,.T.);
#4521=ORIENTED_EDGE('',*,*,#6676,.F.);
#4522=ORIENTED_EDGE('',*,*,#7131,.F.);
#4523=CARTESIAN_POINT('',(-1.0,-3.55,-8.87320507963));
#4524=DIRECTION('',(0.0,-1.0,0.0));
#4525=DIRECTION('',(0.0,0.0,-1.0));
#4526=ORIENTED_EDGE('',*,*,#7138,.T.);
#4527=ORIENTED_EDGE('',*,*,#7139,.F.);
#4528=ORIENTED_EDGE('',*,*,#7140,.T.);
#4529=ORIENTED_EDGE('',*,*,#7141,.T.);
#4530=CARTESIAN_POINT('',(-1.0,0.0,0.0));
#4531=DIRECTION('',(1.0,0.0,0.0));
#4532=DIRECTION('',(0.0,1.0,0.0));
#4533=ORIENTED_EDGE('',*,*,#7142,.T.);
#4534=ORIENTED_EDGE('',*,*,#6580,.F.);
#4535=ORIENTED_EDGE('',*,*,#7143,.T.);
#4536=ORIENTED_EDGE('',*,*,#7144,.T.);
#4537=ORIENTED_EDGE('',*,*,#6677,.F.);
#4538=ORIENTED_EDGE('',*,*,#7137,.F.);
#4539=CARTESIAN_POINT('',(-1.0,0.0,0.0));
#4540=DIRECTION('',(1.0,0.0,0.0));
#4541=DIRECTION('',(0.0,1.0,0.0));
#4542=ORIENTED_EDGE('',*,*,#7145,.T.);
#4543=ORIENTED_EDGE('',*,*,#6900,.F.);
#4544=ORIENTED_EDGE('',*,*,#7146,.F.);
#4545=ORIENTED_EDGE('',*,*,#7147,.T.);
#4546=ORIENTED_EDGE('',*,*,#7148,.F.);
#4547=ORIENTED_EDGE('',*,*,#7149,.F.);
#4548=ORIENTED_EDGE('',*,*,#7150,.F.);
#4549=ORIENTED_EDGE('',*,*,#7151,.T.);
#4550=ORIENTED_EDGE('',*,*,#7152,.F.);
#4551=ORIENTED_EDGE('',*,*,#7141,.F.);
#4552=ORIENTED_EDGE('',*,*,#7153,.F.);
#4553=ORIENTED_EDGE('',*,*,#7154,.T.);
#4554=ORIENTED_EDGE('',*,*,#7155,.F.);
#4555=ORIENTED_EDGE('',*,*,#6837,.T.);
#4556=CARTESIAN_POINT('',(-6.0,-3.769615269356,-9.0));
#4557=DIRECTION('',(0.0,0.0,-1.0));
#4558=DIRECTION('',(0.0,-1.0,0.0));
#4559=ORIENTED_EDGE('',*,*,#7155,.T.);
#4560=ORIENTED_EDGE('',*,*,#7156,.T.);
#4561=ORIENTED_EDGE('',*,*,#7157,.T.);
#4562=ORIENTED_EDGE('',*,*,#7158,.F.);
#4563=ORIENTED_EDGE('',*,*,#6838,.T.);
#4564=CARTESIAN_POINT('',(-4.5,-4.15,-9.0));
#4565=DIRECTION('',(0.0,-1.0,0.0));
#4566=DIRECTION('',(0.0,0.0,-1.0));
#4567=ORIENTED_EDGE('',*,*,#6833,.F.);
#4568=ORIENTED_EDGE('',*,*,#7158,.T.);
#4569=ORIENTED_EDGE('',*,*,#7159,.T.);
#4570=ORIENTED_EDGE('',*,*,#6671,.F.);
#4571=CARTESIAN_POINT('',(-4.5,-4.65,-10.75));
#4572=DIRECTION('',(-1.0,0.0,-0.0));
#4573=DIRECTION('',(0.0,0.0,-1.0));
#4574=ORIENTED_EDGE('',*,*,#7159,.F.);
#4575=ORIENTED_EDGE('',*,*,#7157,.F.);
#4576=ORIENTED_EDGE('',*,*,#6582,.T.);
#4577=ORIENTED_EDGE('',*,*,#7160,.F.);
#4578=ORIENTED_EDGE('',*,*,#7161,.F.);
#4579=ORIENTED_EDGE('',*,*,#7162,.F.);
#4580=ORIENTED_EDGE('',*,*,#7163,.F.);
#4581=ORIENTED_EDGE('',*,*,#6672,.T.);
#4582=CARTESIAN_POINT('',(-1.7,0.0,0.0));
#4583=DIRECTION('',(1.0,0.0,0.0));
#4584=DIRECTION('',(0.0,1.0,0.0));
#4585=ORIENTED_EDGE('',*,*,#7156,.F.);
#4586=ORIENTED_EDGE('',*,*,#7154,.F.);
#4587=ORIENTED_EDGE('',*,*,#7164,.F.);
#4588=ORIENTED_EDGE('',*,*,#7165,.T.);
#4589=CARTESIAN_POINT('',(-1.7,0.0,0.0));
#4590=DIRECTION('',(1.0,0.0,0.0));
#4591=DIRECTION('',(0.0,1.0,0.0));
#4592=ORIENTED_EDGE('',*,*,#7108,.F.);
#4593=ORIENTED_EDGE('',*,*,#6673,.F.);
#4594=ORIENTED_EDGE('',*,*,#7163,.T.);
#4595=ORIENTED_EDGE('',*,*,#7166,.T.);
#4596=CARTESIAN_POINT('',(-6.0,-3.3,-10.75));
#4597=DIRECTION('',(-1.0,-0.0,0.0));
#4598=DIRECTION('',(0.0,-1.0,0.0));
#4599=ORIENTED_EDGE('',*,*,#7167,.T.);
#4600=ORIENTED_EDGE('',*,*,#6894,.F.);
#4601=ORIENTED_EDGE('',*,*,#6687,.F.);
#4602=ORIENTED_EDGE('',*,*,#7168,.T.);
#4603=CARTESIAN_POINT('',(-6.0,-3.3,-10.75));
#4604=DIRECTION('',(-1.0,-0.0,0.0));
#4605=DIRECTION('',(0.0,-1.0,0.0));
#4606=ORIENTED_EDGE('',*,*,#7169,.F.);
#4607=ORIENTED_EDGE('',*,*,#6680,.F.);
#4608=ORIENTED_EDGE('',*,*,#7170,.T.);
#4609=ORIENTED_EDGE('',*,*,#7171,.T.);
#4610=CARTESIAN_POINT('',(-6.0,-3.3,-10.75));
#4611=DIRECTION('',(-1.0,-0.0,0.0));
#4612=DIRECTION('',(0.0,-1.0,0.0));
#4613=ORIENTED_EDGE('',*,*,#7109,.F.);
#4614=ORIENTED_EDGE('',*,*,#7166,.F.);
#4615=ORIENTED_EDGE('',*,*,#7162,.T.);
#4616=ORIENTED_EDGE('',*,*,#7172,.T.);
#4617=CARTESIAN_POINT('',(-6.0,-2.8,-10.75));
#4618=DIRECTION('',(-0.0,1.0,0.0));
#4619=DIRECTION('',(1.0,0.0,0.0));
#4620=ORIENTED_EDGE('',*,*,#7173,.T.);
#4621=ORIENTED_EDGE('',*,*,#6895,.F.);
#4622=ORIENTED_EDGE('',*,*,#7167,.F.);
#4623=ORIENTED_EDGE('',*,*,#7174,.T.);
#4624=CARTESIAN_POINT('',(-6.0,-2.8,-10.75));
#4625=DIRECTION('',(-0.0,1.0,0.0));
#4626=DIRECTION('',(1.0,0.0,0.0));
#4627=ORIENTED_EDGE('',*,*,#7175,.F.);
#4628=ORIENTED_EDGE('',*,*,#7171,.F.);
#4629=ORIENTED_EDGE('',*,*,#7176,.T.);
#4630=ORIENTED_EDGE('',*,*,#7177,.T.);
#4631=CARTESIAN_POINT('',(-6.0,-2.8,-10.75));
#4632=DIRECTION('',(-0.0,1.0,0.0));
#4633=DIRECTION('',(1.0,0.0,0.0));
#4634=ORIENTED_EDGE('',*,*,#7110,.F.);
#4635=ORIENTED_EDGE('',*,*,#7172,.F.);
#4636=ORIENTED_EDGE('',*,*,#7161,.T.);
#4637=ORIENTED_EDGE('',*,*,#7178,.T.);
#4638=CARTESIAN_POINT('',(-6.0,-3.3,-10.63412341624));
#4639=DIRECTION('',(-1.0,-0.0,0.0));
#4640=DIRECTION('',(0.0,-1.0,0.0));
#4641=ORIENTED_EDGE('',*,*,#7179,.T.);
#4642=ORIENTED_EDGE('',*,*,#6896,.F.);
#4643=ORIENTED_EDGE('',*,*,#7173,.F.);
#4644=ORIENTED_EDGE('',*,*,#7180,.T.);
#4645=CARTESIAN_POINT('',(-6.0,-3.3,-10.63412341624));
#4646=DIRECTION('',(-1.0,-0.0,0.0));
#4647=DIRECTION('',(0.0,-1.0,0.0));
#4648=ORIENTED_EDGE('',*,*,#7181,.F.);
#4649=ORIENTED_EDGE('',*,*,#7177,.F.);
#4650=ORIENTED_EDGE('',*,*,#7182,.T.);
#4651=ORIENTED_EDGE('',*,*,#7183,.T.);
#4652=CARTESIAN_POINT('',(-6.0,-3.3,-10.63412341624));
#4653=DIRECTION('',(-1.0,-0.0,0.0));
#4654=DIRECTION('',(0.0,-1.0,0.0));
#4655=ORIENTED_EDGE('',*,*,#7111,.F.);
#4656=ORIENTED_EDGE('',*,*,#7178,.F.);
#4657=ORIENTED_EDGE('',*,*,#7160,.T.);
#4658=ORIENTED_EDGE('',*,*,#6581,.T.);
#4659=ORIENTED_EDGE('',*,*,#7142,.F.);
#4660=CARTESIAN_POINT('',(-6.0,-3.049999999899,-10.2011107144));
#4661=DIRECTION('',(0.0,0.500000000202779,0.866025403667364));
#4662=DIRECTION('',(1.0,-0.0,0.0));
#4663=ORIENTED_EDGE('',*,*,#6573,.T.);
#4664=ORIENTED_EDGE('',*,*,#6897,.F.);
#4665=ORIENTED_EDGE('',*,*,#7179,.F.);
#4666=ORIENTED_EDGE('',*,*,#7184,.T.);
#4667=CARTESIAN_POINT('',(-6.0,-3.049999999899,-10.2011107144));
#4668=DIRECTION('',(0.0,0.500000000202779,0.866025403667364));
#4669=DIRECTION('',(1.0,-0.0,0.0));
#4670=ORIENTED_EDGE('',*,*,#7185,.F.);
#4671=ORIENTED_EDGE('',*,*,#7183,.F.);
#4672=ORIENTED_EDGE('',*,*,#7186,.T.);
#4673=ORIENTED_EDGE('',*,*,#6577,.T.);
#4674=ORIENTED_EDGE('',*,*,#7187,.F.);
#4675=CARTESIAN_POINT('',(-6.0,-3.049999999899,-10.2011107144));
#4676=DIRECTION('',(0.0,0.500000000202779,0.866025403667364));
#4677=DIRECTION('',(1.0,-0.0,0.0));
#4678=ORIENTED_EDGE('',*,*,#6579,.T.);
#4679=ORIENTED_EDGE('',*,*,#7165,.F.);
#4680=ORIENTED_EDGE('',*,*,#7188,.T.);
#4681=ORIENTED_EDGE('',*,*,#7139,.T.);
#4682=CARTESIAN_POINT('',(-6.0,-3.850000017105,-9.392820327306));
#4683=DIRECTION('',(-1.0,-0.0,0.0));
#4684=DIRECTION('',(0.0,-1.0,0.0));
#4685=ORIENTED_EDGE('',*,*,#6575,.T.);
#4686=ORIENTED_EDGE('',*,*,#7189,.F.);
#4687=ORIENTED_EDGE('',*,*,#7190,.T.);
#4688=ORIENTED_EDGE('',*,*,#7191,.T.);
#4689=CARTESIAN_POINT('',(-6.0,-3.850000017105,-9.392820327306));
#4690=DIRECTION('',(-1.0,-0.0,0.0));
#4691=DIRECTION('',(0.0,-1.0,0.0));
#4692=ORIENTED_EDGE('',*,*,#6571,.T.);
#4693=ORIENTED_EDGE('',*,*,#7192,.F.);
#4694=ORIENTED_EDGE('',*,*,#7193,.T.);
#4695=ORIENTED_EDGE('',*,*,#6898,.F.);
#4696=CARTESIAN_POINT('',(-6.0,-3.850000017105,-9.392820327306));
#4697=DIRECTION('',(-1.0,-0.0,0.0));
#4698=DIRECTION('',(0.0,-1.0,0.0));
#4699=ORIENTED_EDGE('',*,*,#7188,.F.);
#4700=ORIENTED_EDGE('',*,*,#7164,.T.);
#4701=ORIENTED_EDGE('',*,*,#7153,.T.);
#4702=ORIENTED_EDGE('',*,*,#7140,.F.);
#4703=CARTESIAN_POINT('',(-6.0,-4.000000025597,-9.133012711074));
#4704=DIRECTION('',(0.0,0.500000028306413,-0.866025387441723));
#4705=DIRECTION('',(-1.0,0.0,0.0));
#4706=ORIENTED_EDGE('',*,*,#7190,.F.);
#4707=ORIENTED_EDGE('',*,*,#7194,.T.);
#4708=ORIENTED_EDGE('',*,*,#7150,.T.);
#4709=ORIENTED_EDGE('',*,*,#7195,.F.);
#4710=CARTESIAN_POINT('',(-6.0,-4.000000025597,-9.133012711074));
#4711=DIRECTION('',(0.0,0.500000028306413,-0.866025387441723));
#4712=DIRECTION('',(-1.0,0.0,0.0));
#4713=ORIENTED_EDGE('',*,*,#7146,.T.);
#4714=ORIENTED_EDGE('',*,*,#6899,.F.);
#4715=ORIENTED_EDGE('',*,*,#7193,.F.);
#4716=ORIENTED_EDGE('',*,*,#7196,.T.);
#4717=CARTESIAN_POINT('',(-6.0,-4.000000025597,-9.133012711074));
#4718=DIRECTION('',(0.0,0.500000028306413,-0.866025387441723));
#4719=DIRECTION('',(-1.0,0.0,0.0));
#4720=ORIENTED_EDGE('',*,*,#7197,.T.);
#4721=ORIENTED_EDGE('',*,*,#7191,.F.);
#4722=ORIENTED_EDGE('',*,*,#7195,.T.);
#4723=ORIENTED_EDGE('',*,*,#7149,.T.);
#4724=CARTESIAN_POINT('',(2.5,0.0,0.0));
#4725=DIRECTION('',(1.0,0.0,0.0));
#4726=DIRECTION('',(0.0,1.0,0.0));
#4727=ORIENTED_EDGE('',*,*,#7187,.T.);
#4728=ORIENTED_EDGE('',*,*,#6576,.F.);
#4729=ORIENTED_EDGE('',*,*,#7198,.T.);
#4730=ORIENTED_EDGE('',*,*,#7199,.T.);
#4731=ORIENTED_EDGE('',*,*,#6684,.F.);
#4732=ORIENTED_EDGE('',*,*,#7200,.F.);
#4733=CARTESIAN_POINT('',(2.5,0.0,0.0));
#4734=DIRECTION('',(1.0,0.0,0.0));
#4735=DIRECTION('',(0.0,1.0,0.0));
#4736=ORIENTED_EDGE('',*,*,#7148,.T.);
#4737=ORIENTED_EDGE('',*,*,#7201,.T.);
#4738=ORIENTED_EDGE('',*,*,#7202,.T.);
#4739=ORIENTED_EDGE('',*,*,#7203,.F.);
#4740=ORIENTED_EDGE('',*,*,#7198,.F.);
#4741=ORIENTED_EDGE('',*,*,#7197,.F.);
#4742=CARTESIAN_POINT('',(2.5,-4.15,-9.0));
#4743=DIRECTION('',(0.0,-1.0,0.0));
#4744=DIRECTION('',(0.0,0.0,-1.0));
#4745=ORIENTED_EDGE('',*,*,#7203,.T.);
#4746=ORIENTED_EDGE('',*,*,#7204,.T.);
#4747=ORIENTED_EDGE('',*,*,#6685,.F.);
#4748=ORIENTED_EDGE('',*,*,#7199,.F.);
#4749=CARTESIAN_POINT('',(2.5,-4.65,-10.75));
#4750=DIRECTION('',(-1.0,0.0,-0.0));
#4751=DIRECTION('',(0.0,0.0,-1.0));
#4752=ORIENTED_EDGE('',*,*,#7196,.F.);
#4753=ORIENTED_EDGE('',*,*,#7192,.T.);
#4754=ORIENTED_EDGE('',*,*,#7201,.F.);
#4755=ORIENTED_EDGE('',*,*,#7147,.F.);
#4756=CARTESIAN_POINT('',(5.3,0.0,0.0));
#4757=DIRECTION('',(1.0,0.0,0.0));
#4758=DIRECTION('',(0.0,1.0,0.0));
#4759=ORIENTED_EDGE('',*,*,#6574,.T.);
#4760=ORIENTED_EDGE('',*,*,#7184,.F.);
#4761=ORIENTED_EDGE('',*,*,#7180,.F.);
#4762=ORIENTED_EDGE('',*,*,#7174,.F.);
#4763=ORIENTED_EDGE('',*,*,#7168,.F.);
#4764=ORIENTED_EDGE('',*,*,#6686,.T.);
#4765=ORIENTED_EDGE('',*,*,#7204,.F.);
#4766=ORIENTED_EDGE('',*,*,#7202,.F.);
#4767=CARTESIAN_POINT('',(5.3,0.0,0.0));
#4768=DIRECTION('',(1.0,0.0,0.0));
#4769=DIRECTION('',(0.0,1.0,0.0));
#4770=ORIENTED_EDGE('',*,*,#7205,.T.);
#4771=ORIENTED_EDGE('',*,*,#7206,.F.);
#4772=ORIENTED_EDGE('',*,*,#7207,.F.);
#4773=ORIENTED_EDGE('',*,*,#7208,.F.);
#4774=ORIENTED_EDGE('',*,*,#7209,.F.);
#4775=ORIENTED_EDGE('',*,*,#7210,.T.);
#4776=ORIENTED_EDGE('',*,*,#7200,.T.);
#4777=ORIENTED_EDGE('',*,*,#6683,.F.);
#4778=ORIENTED_EDGE('',*,*,#7211,.F.);
#4779=CARTESIAN_POINT('',(2.5,-3.55,-8.87320507963));
#4780=DIRECTION('',(0.0,-1.0,0.0));
#4781=DIRECTION('',(0.0,0.0,-1.0));
#4782=ORIENTED_EDGE('',*,*,#6682,.F.);
#4783=ORIENTED_EDGE('',*,*,#7212,.F.);
#4784=ORIENTED_EDGE('',*,*,#7213,.T.);
#4785=ORIENTED_EDGE('',*,*,#7211,.T.);
#4786=CARTESIAN_POINT('',(2.6,-3.45,-11.44102853314));
#4787=DIRECTION('',(-0.0,0.0,-1.0));
#4788=DIRECTION('',(-1.0,0.0,0.0));
#4789=ORIENTED_EDGE('',*,*,#7214,.T.);
#4790=ORIENTED_EDGE('',*,*,#7215,.T.);
#4791=ORIENTED_EDGE('',*,*,#7213,.F.);
#4792=ORIENTED_EDGE('',*,*,#7216,.F.);
#4793=CARTESIAN_POINT('',(2.6,-3.7,-11.41918493314));
#4794=DIRECTION('',(1.0,0.0,0.0));
#4795=DIRECTION('',(0.0,0.0719586790912787,-0.997407614019182));
#4796=ORIENTED_EDGE('',*,*,#6681,.F.);
#4797=ORIENTED_EDGE('',*,*,#7169,.T.);
#4798=ORIENTED_EDGE('',*,*,#7175,.T.);
#4799=ORIENTED_EDGE('',*,*,#7181,.T.);
#4800=ORIENTED_EDGE('',*,*,#7185,.T.);
#4801=ORIENTED_EDGE('',*,*,#7210,.F.);
#4802=ORIENTED_EDGE('',*,*,#7217,.F.);
#4803=ORIENTED_EDGE('',*,*,#7218,.T.);
#4804=ORIENTED_EDGE('',*,*,#7105,.F.);
#4805=ORIENTED_EDGE('',*,*,#6818,.T.);
#4806=ORIENTED_EDGE('',*,*,#7219,.T.);
#4807=ORIENTED_EDGE('',*,*,#7220,.T.);
#4808=ORIENTED_EDGE('',*,*,#7221,.T.);
#4809=ORIENTED_EDGE('',*,*,#7222,.T.);
#4810=ORIENTED_EDGE('',*,*,#7223,.T.);
#4811=ORIENTED_EDGE('',*,*,#7224,.T.);
#4812=ORIENTED_EDGE('',*,*,#7225,.T.);
#4813=ORIENTED_EDGE('',*,*,#7226,.T.);
#4814=ORIENTED_EDGE('',*,*,#7227,.T.);
#4815=ORIENTED_EDGE('',*,*,#7228,.T.);
#4816=ORIENTED_EDGE('',*,*,#7229,.T.);
#4817=ORIENTED_EDGE('',*,*,#7230,.T.);
#4818=ORIENTED_EDGE('',*,*,#7231,.T.);
#4819=ORIENTED_EDGE('',*,*,#7216,.T.);
#4820=ORIENTED_EDGE('',*,*,#7212,.T.);
#4821=CARTESIAN_POINT('',(2.5,0.0,0.0));
#4822=DIRECTION('',(1.0,0.0,0.0));
#4823=DIRECTION('',(0.0,1.0,0.0));
#4824=ORIENTED_EDGE('',*,*,#7232,.T.);
#4825=ORIENTED_EDGE('',*,*,#7233,.T.);
#4826=ORIENTED_EDGE('',*,*,#7214,.F.);
#4827=ORIENTED_EDGE('',*,*,#7231,.F.);
#4828=CARTESIAN_POINT('',(2.6,-4.021511746634,-11.72973278166));
#4829=DIRECTION('',(-0.0,-0.984807753012213,-0.173648177666902));
#4830=DIRECTION('',(-1.0,0.0,0.0));
#4831=ORIENTED_EDGE('',*,*,#7234,.T.);
#4832=ORIENTED_EDGE('',*,*,#7235,.F.);
#4833=ORIENTED_EDGE('',*,*,#7236,.F.);
#4834=ORIENTED_EDGE('',*,*,#7233,.F.);
#4835=CARTESIAN_POINT('',(2.5,-3.67395277335,-11.5669060961));
#4836=DIRECTION('',(0.0,-0.173648177666902,0.984807753012213));
#4837=DIRECTION('',(-1.0,0.0,0.0));
#4838=ORIENTED_EDGE('',*,*,#7236,.T.);
#4839=ORIENTED_EDGE('',*,*,#7237,.F.);
#4840=ORIENTED_EDGE('',*,*,#7205,.F.);
#4841=ORIENTED_EDGE('',*,*,#7215,.F.);
#4842=CARTESIAN_POINT('',(2.5,-3.7,-11.41918493314));
#4843=DIRECTION('',(-1.0,0.0,0.0));
#4844=DIRECTION('',(0.0,0.0,1.0));
#4845=ORIENTED_EDGE('',*,*,#7238,.T.);
#4846=ORIENTED_EDGE('',*,*,#7237,.T.);
#4847=ORIENTED_EDGE('',*,*,#7239,.F.);
#4848=ORIENTED_EDGE('',*,*,#7240,.F.);
#4849=CARTESIAN_POINT('',(5.1,-3.7,-11.41918493314));
#4850=DIRECTION('',(1.0,0.0,-0.0));
#4851=DIRECTION('',(0.0,0.989415549957185,0.145109853224798));
#4852=ORIENTED_EDGE('',*,*,#7241,.T.);
#4853=ORIENTED_EDGE('',*,*,#7242,.T.);
#4854=ORIENTED_EDGE('',*,*,#7240,.T.);
#4855=ORIENTED_EDGE('',*,*,#7243,.T.);
#4856=ORIENTED_EDGE('',*,*,#7244,.T.);
#4857=ORIENTED_EDGE('',*,*,#7245,.T.);
#4858=ORIENTED_EDGE('',*,*,#7246,.T.);
#4859=ORIENTED_EDGE('',*,*,#7247,.T.);
#4860=ORIENTED_EDGE('',*,*,#7248,.T.);
#4861=ORIENTED_EDGE('',*,*,#7249,.T.);
#4862=ORIENTED_EDGE('',*,*,#7250,.T.);
#4863=ORIENTED_EDGE('',*,*,#7251,.T.);
#4864=ORIENTED_EDGE('',*,*,#7252,.T.);
#4865=ORIENTED_EDGE('',*,*,#7253,.T.);
#4866=ORIENTED_EDGE('',*,*,#7254,.T.);
#4867=ORIENTED_EDGE('',*,*,#7255,.T.);
#4868=CARTESIAN_POINT('',(5.2,0.0,0.0));
#4869=DIRECTION('',(1.0,0.0,0.0));
#4870=DIRECTION('',(0.0,1.0,0.0));
#4871=ORIENTED_EDGE('',*,*,#7256,.F.);
#4872=ORIENTED_EDGE('',*,*,#7255,.F.);
#4873=ORIENTED_EDGE('',*,*,#7257,.T.);
#4874=ORIENTED_EDGE('',*,*,#7258,.T.);
#4875=CARTESIAN_POINT('',(5.1,-1.3,-12.2935511646));
#4876=DIRECTION('',(0.0,0.0,-1.0));
#4877=DIRECTION('',(1.0,0.0,0.0));
#4878=ORIENTED_EDGE('',*,*,#6816,.T.);
#4879=ORIENTED_EDGE('',*,*,#7259,.F.);
#4880=ORIENTED_EDGE('',*,*,#7260,.F.);
#4881=ORIENTED_EDGE('',*,*,#7258,.F.);
#4882=ORIENTED_EDGE('',*,*,#7261,.T.);
#4883=ORIENTED_EDGE('',*,*,#7262,.F.);
#4884=CARTESIAN_POINT('',(2.5,-1.2,-12.2781743646));
#4885=DIRECTION('',(-0.0,1.0,0.0));
#4886=DIRECTION('',(1.0,0.0,0.0));
#4887=ORIENTED_EDGE('',*,*,#6817,.F.);
#4888=ORIENTED_EDGE('',*,*,#7262,.T.);
#4889=ORIENTED_EDGE('',*,*,#7263,.F.);
#4890=ORIENTED_EDGE('',*,*,#7219,.F.);
#4891=CARTESIAN_POINT('',(2.6,-1.3,17.1031681017));
#4892=DIRECTION('',(0.0,0.0,1.0));
#4893=DIRECTION('',(-1.0,0.0,0.0));
#4894=ORIENTED_EDGE('',*,*,#7263,.T.);
#4895=ORIENTED_EDGE('',*,*,#7264,.T.);
#4896=ORIENTED_EDGE('',*,*,#7265,.F.);
#4897=ORIENTED_EDGE('',*,*,#7220,.F.);
#4898=CARTESIAN_POINT('',(2.6,-1.6,-12.2781743646));
#4899=DIRECTION('',(1.0,0.0,-0.0));
#4900=DIRECTION('',(0.0,0.998509299071675,0.0545818620733386));
#4901=ORIENTED_EDGE('',*,*,#7265,.T.);
#4902=ORIENTED_EDGE('',*,*,#7266,.T.);
#4903=ORIENTED_EDGE('',*,*,#7267,.F.);
#4904=ORIENTED_EDGE('',*,*,#7221,.F.);
#4905=CARTESIAN_POINT('',(2.6,-1.5781564,-12.5781743646));
#4906=DIRECTION('',(0.0,1.0,-0.0));
#4907=DIRECTION('',(-1.0,0.0,0.0));
#4908=ORIENTED_EDGE('',*,*,#7267,.T.);
#4909=ORIENTED_EDGE('',*,*,#7268,.T.);
#4910=ORIENTED_EDGE('',*,*,#7269,.F.);
#4911=ORIENTED_EDGE('',*,*,#7222,.F.);
#4912=ORIENTED_EDGE('',*,*,#7269,.T.);
#4913=ORIENTED_EDGE('',*,*,#7270,.T.);
#4914=ORIENTED_EDGE('',*,*,#7271,.F.);
#4915=ORIENTED_EDGE('',*,*,#7223,.F.);
#4916=CARTESIAN_POINT('',(2.6,-2.026789028858,-12.57209147711));
#4917=DIRECTION('',(0.0,0.500000000000017,-0.866025403784429));
#4918=DIRECTION('',(-1.0,0.0,0.0));
#4919=ORIENTED_EDGE('',*,*,#7271,.T.);
#4920=ORIENTED_EDGE('',*,*,#7272,.T.);
#4921=ORIENTED_EDGE('',*,*,#6570,.T.);
#4922=ORIENTED_EDGE('',*,*,#7273,.F.);
#4923=ORIENTED_EDGE('',*,*,#7224,.F.);
#4924=CARTESIAN_POINT('',(2.6,-2.48515728748,-12.3781743646));
#4925=DIRECTION('',(1.0,0.0,-0.0));
#4926=DIRECTION('',(0.0,0.901871200045801,0.4320050214152));
#4927=ORIENTED_EDGE('',*,*,#7273,.T.);
#4928=ORIENTED_EDGE('',*,*,#7274,.T.);
#4929=ORIENTED_EDGE('',*,*,#7275,.F.);
#4930=ORIENTED_EDGE('',*,*,#7225,.F.);
#4931=CARTESIAN_POINT('',(2.6,-2.734043108576,-12.20925725204));
#4932=DIRECTION('',(0.0,0.500000000202779,0.866025403667364));
#4933=DIRECTION('',(-1.0,0.0,0.0));
#4934=ORIENTED_EDGE('',*,*,#7275,.T.);
#4935=ORIENTED_EDGE('',*,*,#7276,.T.);
#4936=ORIENTED_EDGE('',*,*,#7277,.F.);
#4937=ORIENTED_EDGE('',*,*,#7226,.F.);
#4938=ORIENTED_EDGE('',*,*,#7277,.T.);
#4939=ORIENTED_EDGE('',*,*,#7278,.T.);
#4940=ORIENTED_EDGE('',*,*,#7279,.F.);
#4941=ORIENTED_EDGE('',*,*,#7227,.F.);
#4942=CARTESIAN_POINT('',(2.6,-2.954061416393,-12.5781743646));
#4943=DIRECTION('',(0.0,1.0,-0.0));
#4944=DIRECTION('',(-1.0,0.0,0.0));
#4945=ORIENTED_EDGE('',*,*,#7279,.T.);
#4946=ORIENTED_EDGE('',*,*,#7280,.T.);
#4947=ORIENTED_EDGE('',*,*,#7281,.F.);
#4948=ORIENTED_EDGE('',*,*,#7228,.F.);
#4949=CARTESIAN_POINT('',(2.6,-3.370314575062,-12.2781743646));
#4950=DIRECTION('',(1.0,0.0,0.0));
#4951=DIRECTION('',(0.0,0.0545818620733386,-0.998509299071675));
#4952=ORIENTED_EDGE('',*,*,#7281,.T.);
#4953=ORIENTED_EDGE('',*,*,#7282,.T.);
#4954=ORIENTED_EDGE('',*,*,#7283,.F.);
#4955=ORIENTED_EDGE('',*,*,#7229,.F.);
#4956=CARTESIAN_POINT('',(2.6,-3.567000851733,-12.50575215665));
#4957=DIRECTION('',(0.0,0.707106781186548,-0.707106781186548));
#4958=DIRECTION('',(-1.0,0.0,0.0));
#4959=ORIENTED_EDGE('',*,*,#7284,.F.);
#4960=ORIENTED_EDGE('',*,*,#7283,.T.);
#4961=ORIENTED_EDGE('',*,*,#7285,.T.);
#4962=CARTESIAN_POINT('',(2.6,-4.0,-12.07275300838));
#4963=DIRECTION('',(0.0,0.382683432844709,-0.923879532312622));
#4964=DIRECTION('',(0.0,-0.923879532312622,-0.382683432844709));
#4965=ORIENTED_EDGE('',*,*,#7286,.T.);
#4966=ORIENTED_EDGE('',*,*,#7287,.F.);
#4967=ORIENTED_EDGE('',*,*,#7288,.F.);
#4968=ORIENTED_EDGE('',*,*,#7285,.F.);
#4969=CARTESIAN_POINT('',(2.5,-4.0,-12.07275300838));
#4970=DIRECTION('',(-1.0,0.0,0.0));
#4971=DIRECTION('',(0.0,0.0,1.0));
#4972=ORIENTED_EDGE('',*,*,#7288,.T.);
#4973=ORIENTED_EDGE('',*,*,#7289,.F.);
#4974=ORIENTED_EDGE('',*,*,#7290,.F.);
#4975=ORIENTED_EDGE('',*,*,#7291,.F.);
#4976=CARTESIAN_POINT('',(2.5,-4.1,-11.72593968033));
#4977=DIRECTION('',(0.0,-1.0,0.0));
#4978=DIRECTION('',(0.0,0.0,-1.0));
#4979=ORIENTED_EDGE('',*,*,#7284,.T.);
#4980=ORIENTED_EDGE('',*,*,#7291,.T.);
#4981=ORIENTED_EDGE('',*,*,#7292,.F.);
#4982=ORIENTED_EDGE('',*,*,#7230,.F.);
#4983=CARTESIAN_POINT('',(2.6,-4.0,-12.09459660838));
#4984=DIRECTION('',(-0.0,0.0,-1.0));
#4985=DIRECTION('',(-1.0,0.0,0.0));
#4986=ORIENTED_EDGE('',*,*,#7232,.F.);
#4987=ORIENTED_EDGE('',*,*,#7292,.T.);
#4988=ORIENTED_EDGE('',*,*,#7293,.T.);
#4989=CARTESIAN_POINT('',(2.6,-4.0,-11.72593968033));
#4990=DIRECTION('',(0.0,-0.64278760967041,-0.766044443132512));
#4991=DIRECTION('',(0.0,-0.766044443132512,0.64278760967041));
#4992=ORIENTED_EDGE('',*,*,#7290,.T.);
#4993=ORIENTED_EDGE('',*,*,#7294,.F.);
#4994=ORIENTED_EDGE('',*,*,#7234,.F.);
#4995=ORIENTED_EDGE('',*,*,#7293,.F.);
#4996=CARTESIAN_POINT('',(2.5,-4.0,-11.72593968033));
#4997=DIRECTION('',(-1.0,0.0,0.0));
#4998=DIRECTION('',(0.0,0.0,1.0));
#4999=ORIENTED_EDGE('',*,*,#7295,.F.);
#5000=ORIENTED_EDGE('',*,*,#7296,.T.);
#5001=ORIENTED_EDGE('',*,*,#7294,.T.);
#5002=CARTESIAN_POINT('',(5.1,-4.0,-11.72593968033));
#5003=DIRECTION('',(0.0,0.64278760967041,0.766044443132512));
#5004=DIRECTION('',(-1.15944905904702E-14,-0.766044443132512,0.64278760967041));
#5005=ORIENTED_EDGE('',*,*,#7239,.T.);
#5006=ORIENTED_EDGE('',*,*,#7235,.T.);
#5007=ORIENTED_EDGE('',*,*,#7296,.F.);
#5008=ORIENTED_EDGE('',*,*,#7243,.F.);
#5009=CARTESIAN_POINT('',(5.1,-3.641444763727,-11.6627167181));
#5010=DIRECTION('',(-0.0,0.984807753012213,0.173648177666902));
#5011=DIRECTION('',(1.0,0.0,0.0));
#5012=ORIENTED_EDGE('',*,*,#7295,.T.);
#5013=ORIENTED_EDGE('',*,*,#7289,.T.);
#5014=ORIENTED_EDGE('',*,*,#7297,.F.);
#5015=ORIENTED_EDGE('',*,*,#7244,.F.);
#5016=CARTESIAN_POINT('',(5.1,-4.0,-11.71056288033));
#5017=DIRECTION('',(-0.0,0.0,1.0));
#5018=DIRECTION('',(1.0,0.0,0.0));
#5019=ORIENTED_EDGE('',*,*,#7298,.F.);
#5020=ORIENTED_EDGE('',*,*,#7297,.T.);
#5021=ORIENTED_EDGE('',*,*,#7287,.T.);
#5022=CARTESIAN_POINT('',(5.1,-4.0,-12.07275300838));
#5023=DIRECTION('',(0.0,-0.382683432844709,0.923879532312622));
#5024=DIRECTION('',(0.0,-0.923879532312622,-0.382683432844709));
#5025=ORIENTED_EDGE('',*,*,#7298,.T.);
#5026=ORIENTED_EDGE('',*,*,#7299,.T.);
#5027=ORIENTED_EDGE('',*,*,#7300,.F.);
#5028=ORIENTED_EDGE('',*,*,#7245,.F.);
#5029=CARTESIAN_POINT('',(5.1,-4.010873039553,-12.06187996883));
#5030=DIRECTION('',(0.0,-0.707106781186548,0.707106781186548));
#5031=DIRECTION('',(1.0,0.0,0.0));
#5032=ORIENTED_EDGE('',*,*,#7300,.T.);
#5033=ORIENTED_EDGE('',*,*,#7301,.T.);
#5034=ORIENTED_EDGE('',*,*,#7302,.F.);
#5035=ORIENTED_EDGE('',*,*,#7246,.F.);
#5036=CARTESIAN_POINT('',(5.1,-3.370314575062,-12.2781743646));
#5037=DIRECTION('',(1.0,0.0,0.0));
#5038=DIRECTION('',(0.0,-0.73376027315292,-0.679408464432518));
#5039=ORIENTED_EDGE('',*,*,#7302,.T.);
#5040=ORIENTED_EDGE('',*,*,#7303,.T.);
#5041=ORIENTED_EDGE('',*,*,#7304,.F.);
#5042=ORIENTED_EDGE('',*,*,#7247,.F.);
#5043=CARTESIAN_POINT('',(5.1,-3.385691375062,-12.5781743646));
#5044=DIRECTION('',(0.0,-1.0,0.0));
#5045=DIRECTION('',(1.0,0.0,0.0));
#5046=ORIENTED_EDGE('',*,*,#7304,.T.);
#5047=ORIENTED_EDGE('',*,*,#7305,.T.);
#5048=ORIENTED_EDGE('',*,*,#7306,.F.);
#5049=ORIENTED_EDGE('',*,*,#7248,.F.);
#5050=ORIENTED_EDGE('',*,*,#7306,.T.);
#5051=ORIENTED_EDGE('',*,*,#7307,.T.);
#5052=ORIENTED_EDGE('',*,*,#7308,.F.);
#5053=ORIENTED_EDGE('',*,*,#7249,.F.);
#5054=CARTESIAN_POINT('',(5.1,-2.940292146213,-12.56649106404));
#5055=DIRECTION('',(0.0,-0.500000000202779,-0.866025403667364));
#5056=DIRECTION('',(1.0,0.0,0.0));
#5057=ORIENTED_EDGE('',*,*,#7308,.T.);
#5058=ORIENTED_EDGE('',*,*,#6568,.T.);
#5059=ORIENTED_EDGE('',*,*,#7309,.T.);
#5060=ORIENTED_EDGE('',*,*,#7310,.F.);
#5061=ORIENTED_EDGE('',*,*,#7250,.F.);
#5062=CARTESIAN_POINT('',(5.1,-2.48515728748,-12.3781743646));
#5063=DIRECTION('',(1.0,0.0,0.0));
#5064=DIRECTION('',(0.0,-0.915365809982248,0.402623190980777));
#5065=ORIENTED_EDGE('',*,*,#7310,.T.);
#5066=ORIENTED_EDGE('',*,*,#7311,.T.);
#5067=ORIENTED_EDGE('',*,*,#7312,.F.);
#5068=ORIENTED_EDGE('',*,*,#7251,.F.);
#5069=CARTESIAN_POINT('',(5.1,-2.233038066345,-12.21485766518));
#5070=DIRECTION('',(0.0,-0.500000000000017,0.866025403784429));
#5071=DIRECTION('',(1.0,0.0,0.0));
#5072=ORIENTED_EDGE('',*,*,#7312,.T.);
#5073=ORIENTED_EDGE('',*,*,#7313,.T.);
#5074=ORIENTED_EDGE('',*,*,#7314,.F.);
#5075=ORIENTED_EDGE('',*,*,#7252,.F.);
#5076=ORIENTED_EDGE('',*,*,#7314,.T.);
#5077=ORIENTED_EDGE('',*,*,#7315,.T.);
#5078=ORIENTED_EDGE('',*,*,#7316,.F.);
#5079=ORIENTED_EDGE('',*,*,#7253,.F.);
#5080=CARTESIAN_POINT('',(5.1,-2.009786358669,-12.5781743646));
#5081=DIRECTION('',(0.0,-1.0,0.0));
#5082=DIRECTION('',(1.0,0.0,0.0));
#5083=ORIENTED_EDGE('',*,*,#7316,.T.);
#5084=ORIENTED_EDGE('',*,*,#7317,.T.);
#5085=ORIENTED_EDGE('',*,*,#7257,.F.);
#5086=ORIENTED_EDGE('',*,*,#7254,.F.);
#5087=CARTESIAN_POINT('',(5.1,-1.6,-12.2781743646));
#5088=DIRECTION('',(1.0,0.0,0.0));
#5089=DIRECTION('',(0.0,-0.0384325325159299,-0.999261197307497));
#5090=ORIENTED_EDGE('',*,*,#7261,.F.);
#5091=ORIENTED_EDGE('',*,*,#7317,.F.);
#5092=ORIENTED_EDGE('',*,*,#7318,.F.);
#5093=ORIENTED_EDGE('',*,*,#7264,.F.);
#5094=CARTESIAN_POINT('',(2.5,-1.6,-12.2781743646));
#5095=DIRECTION('',(-1.0,0.0,0.0));
#5096=DIRECTION('',(0.0,0.0,1.0));
#5097=ORIENTED_EDGE('',*,*,#7318,.T.);
#5098=ORIENTED_EDGE('',*,*,#7315,.F.);
#5099=ORIENTED_EDGE('',*,*,#7319,.F.);
#5100=ORIENTED_EDGE('',*,*,#7266,.F.);
#5101=CARTESIAN_POINT('',(2.5,-1.994409558669,-12.6781743646));
#5102=DIRECTION('',(0.0,0.0,-1.0));
#5103=DIRECTION('',(0.0,-1.0,0.0));
#5104=ORIENTED_EDGE('',*,*,#7319,.T.);
#5105=ORIENTED_EDGE('',*,*,#7313,.F.);
#5106=ORIENTED_EDGE('',*,*,#7320,.F.);
#5107=ORIENTED_EDGE('',*,*,#7268,.F.);
#5108=CARTESIAN_POINT('',(2.5,-1.994409558669,-12.5281743646));
#5109=DIRECTION('',(-1.0,0.0,0.0));
#5110=DIRECTION('',(0.0,0.0,1.0));
#5111=ORIENTED_EDGE('',*,*,#7320,.T.);
#5112=ORIENTED_EDGE('',*,*,#7311,.F.);
#5113=ORIENTED_EDGE('',*,*,#7321,.F.);
#5114=ORIENTED_EDGE('',*,*,#7270,.F.);
#5115=CARTESIAN_POINT('',(2.5,-2.311952206723,-12.2781743646));
#5116=DIRECTION('',(0.0,-0.866025403784429,-0.500000000000017));
#5117=DIRECTION('',(0.0,0.500000000000017,-0.866025403784429));
#5118=ORIENTED_EDGE('',*,*,#6567,.T.);
#5119=ORIENTED_EDGE('',*,*,#7272,.F.);
#5120=ORIENTED_EDGE('',*,*,#7321,.T.);
#5121=ORIENTED_EDGE('',*,*,#7309,.F.);
#5122=CARTESIAN_POINT('',(2.5,-2.48515728748,-12.3781743646));
#5123=DIRECTION('',(-1.0,0.0,0.0));
#5124=DIRECTION('',(0.0,0.0,1.0));
#5125=ORIENTED_EDGE('',*,*,#6569,.T.);
#5126=ORIENTED_EDGE('',*,*,#7307,.F.);
#5127=ORIENTED_EDGE('',*,*,#7322,.F.);
#5128=ORIENTED_EDGE('',*,*,#7274,.F.);
#5129=CARTESIAN_POINT('',(2.5,-2.846001205843,-12.60317436463));
#5130=DIRECTION('',(0.0,0.866025403667364,-0.500000000202779));
#5131=DIRECTION('',(-1.0,0.0,0.0));
#5132=ORIENTED_EDGE('',*,*,#7322,.T.);
#5133=ORIENTED_EDGE('',*,*,#7305,.F.);
#5134=ORIENTED_EDGE('',*,*,#7323,.F.);
#5135=ORIENTED_EDGE('',*,*,#7276,.F.);
#5136=CARTESIAN_POINT('',(2.5,-2.975905016393,-12.5281743646));
#5137=DIRECTION('',(-1.0,0.0,0.0));
#5138=DIRECTION('',(0.0,0.0,1.0));
#5139=ORIENTED_EDGE('',*,*,#7323,.T.);
#5140=ORIENTED_EDGE('',*,*,#7303,.F.);
#5141=ORIENTED_EDGE('',*,*,#7324,.F.);
#5142=ORIENTED_EDGE('',*,*,#7278,.F.);
#5143=CARTESIAN_POINT('',(2.5,-3.370314575062,-12.6781743646));
#5144=DIRECTION('',(0.0,0.0,-1.0));
#5145=DIRECTION('',(0.0,-1.0,0.0));
#5146=ORIENTED_EDGE('',*,*,#7324,.T.);
#5147=ORIENTED_EDGE('',*,*,#7301,.F.);
#5148=ORIENTED_EDGE('',*,*,#7325,.F.);
#5149=ORIENTED_EDGE('',*,*,#7280,.F.);
#5150=CARTESIAN_POINT('',(2.5,-3.370314575062,-12.2781743646));
#5151=DIRECTION('',(-1.0,0.0,0.0));
#5152=DIRECTION('',(0.0,0.0,1.0));
#5153=ORIENTED_EDGE('',*,*,#7325,.T.);
#5154=ORIENTED_EDGE('',*,*,#7299,.F.);
#5155=ORIENTED_EDGE('',*,*,#7286,.F.);
#5156=ORIENTED_EDGE('',*,*,#7282,.F.);
#5157=CARTESIAN_POINT('',(2.5,-4.070710678119,-12.1434636865));
#5158=DIRECTION('',(0.0,-0.707106781186548,-0.707106781186548));
#5159=DIRECTION('',(0.0,-0.707106781186548,0.707106781186548));
#5160=ORIENTED_EDGE('',*,*,#7326,.F.);
#5161=ORIENTED_EDGE('',*,*,#7260,.T.);
#5162=ORIENTED_EDGE('',*,*,#7327,.T.);
#5163=ORIENTED_EDGE('',*,*,#7328,.T.);
#5164=CARTESIAN_POINT('',(21.6432,-1.3,-10.79651618124));
#5165=DIRECTION('',(1.0,-0.0,0.0));
#5166=DIRECTION('',(0.0,0.642787609686505,0.766044443119007));
#5167=ORIENTED_EDGE('',*,*,#7329,.T.);
#5168=ORIENTED_EDGE('',*,*,#7330,.F.);
#5169=ORIENTED_EDGE('',*,*,#7328,.F.);
#5170=ORIENTED_EDGE('',*,*,#7331,.T.);
#5171=ORIENTED_EDGE('',*,*,#7332,.T.);
#5172=CARTESIAN_POINT('',(3.7,-1.2,-10.74988541543));
#5173=DIRECTION('',(0.0,0.642787609686505,0.766044443119007));
#5174=DIRECTION('',(1.0,-0.0,0.0));
#5175=ORIENTED_EDGE('',*,*,#6814,.F.);
#5176=ORIENTED_EDGE('',*,*,#7107,.T.);
#5177=ORIENTED_EDGE('',*,*,#7333,.F.);
#5178=ORIENTED_EDGE('',*,*,#7334,.T.);
#5179=ORIENTED_EDGE('',*,*,#7208,.T.);
#5180=ORIENTED_EDGE('',*,*,#7335,.F.);
#5181=ORIENTED_EDGE('',*,*,#7332,.F.);
#5182=ORIENTED_EDGE('',*,*,#7336,.T.);
#5183=CARTESIAN_POINT('',(3.7,0.0,0.0));
#5184=DIRECTION('',(1.0,0.0,0.0));
#5185=DIRECTION('',(0.0,1.0,0.0));
#5186=ORIENTED_EDGE('',*,*,#6815,.F.);
#5187=ORIENTED_EDGE('',*,*,#7336,.F.);
#5188=ORIENTED_EDGE('',*,*,#7331,.F.);
#5189=ORIENTED_EDGE('',*,*,#7327,.F.);
#5190=ORIENTED_EDGE('',*,*,#7259,.T.);
#5191=CARTESIAN_POINT('',(3.6,-1.3,-29.5313424663));
#5192=DIRECTION('',(0.0,0.0,-1.0));
#5193=DIRECTION('',(1.0,0.0,0.0));
#5194=ORIENTED_EDGE('',*,*,#7329,.F.);
#5195=ORIENTED_EDGE('',*,*,#7335,.T.);
#5196=ORIENTED_EDGE('',*,*,#7207,.T.);
#5197=ORIENTED_EDGE('',*,*,#7337,.F.);
#5198=CARTESIAN_POINT('',(3.7,-3.45,-8.992451974211));
#5199=DIRECTION('',(-1.0,-0.0,0.0));
#5200=DIRECTION('',(0.0,-1.0,0.0));
#5201=ORIENTED_EDGE('',*,*,#7338,.F.);
#5202=ORIENTED_EDGE('',*,*,#7339,.T.);
#5203=ORIENTED_EDGE('',*,*,#7337,.T.);
#5204=CARTESIAN_POINT('',(5.1,-3.45,-8.992451974211));
#5205=DIRECTION('',(0.0,0.906307787320437,0.422618261132117));
#5206=DIRECTION('',(0.0,-0.422618261132117,0.906307787320437));
#5207=ORIENTED_EDGE('',*,*,#7340,.F.);
#5208=ORIENTED_EDGE('',*,*,#7330,.T.);
#5209=ORIENTED_EDGE('',*,*,#7339,.F.);
#5210=ORIENTED_EDGE('',*,*,#7241,.F.);
#5211=CARTESIAN_POINT('',(5.1,21.02729653185,-29.5313424663));
#5212=DIRECTION('',(0.0,0.766044443119007,-0.642787609686505));
#5213=DIRECTION('',(1.0,0.0,0.0));
#5214=ORIENTED_EDGE('',*,*,#7256,.T.);
#5215=ORIENTED_EDGE('',*,*,#7326,.T.);
#5216=ORIENTED_EDGE('',*,*,#7340,.T.);
#5217=CARTESIAN_POINT('',(5.1,-1.3,-10.79651618124));
#5218=DIRECTION('',(-0.707106781186556,0.454519477672013,0.541675220419716));
#5219=DIRECTION('',(0.707106781186539,0.454519477672025,0.541675220419729));
#5220=ORIENTED_EDGE('',*,*,#7338,.T.);
#5221=ORIENTED_EDGE('',*,*,#7206,.T.);
#5222=ORIENTED_EDGE('',*,*,#7238,.F.);
#5223=ORIENTED_EDGE('',*,*,#7242,.F.);
#5224=CARTESIAN_POINT('',(5.1,-3.45,-8.877134266775));
#5225=DIRECTION('',(-0.0,0.0,1.0));
#5226=DIRECTION('',(1.0,0.0,0.0));
#5227=ORIENTED_EDGE('',*,*,#7341,.F.);
#5228=ORIENTED_EDGE('',*,*,#7342,.F.);
#5229=ORIENTED_EDGE('',*,*,#7343,.T.);
#5230=ORIENTED_EDGE('',*,*,#7113,.T.);
#5231=CARTESIAN_POINT('',(-6.0,-3.250000013356,-9.392820329611));
#5232=DIRECTION('',(-1.0,-0.0,0.0));
#5233=DIRECTION('',(0.0,-1.0,0.0));
#5234=ORIENTED_EDGE('',*,*,#7344,.F.);
#5235=ORIENTED_EDGE('',*,*,#7345,.F.);
#5236=ORIENTED_EDGE('',*,*,#7346,.T.);
#5237=ORIENTED_EDGE('',*,*,#7217,.T.);
#5238=CARTESIAN_POINT('',(-6.0,-3.250000013356,-9.392820329611));
#5239=DIRECTION('',(-1.0,-0.0,0.0));
#5240=DIRECTION('',(0.0,-1.0,0.0));
#5241=ORIENTED_EDGE('',*,*,#7347,.T.);
#5242=ORIENTED_EDGE('',*,*,#6903,.F.);
#5243=ORIENTED_EDGE('',*,*,#7348,.F.);
#5244=ORIENTED_EDGE('',*,*,#7334,.F.);
#5245=CARTESIAN_POINT('',(-6.0,-3.250000013356,-9.392820329611));
#5246=DIRECTION('',(-1.0,-0.0,0.0));
#5247=DIRECTION('',(0.0,-1.0,0.0));
#5248=ORIENTED_EDGE('',*,*,#7343,.F.);
#5249=ORIENTED_EDGE('',*,*,#7349,.T.);
#5250=ORIENTED_EDGE('',*,*,#7100,.T.);
#5251=ORIENTED_EDGE('',*,*,#7114,.F.);
#5252=CARTESIAN_POINT('',(-6.0,-2.950000013234,-8.873205087411));
#5253=DIRECTION('',(0.0,-0.500000000202779,-0.866025403667364));
#5254=DIRECTION('',(0.0,-0.866025403667364,0.500000000202779));
#5255=ORIENTED_EDGE('',*,*,#7346,.F.);
#5256=ORIENTED_EDGE('',*,*,#7350,.T.);
#5257=ORIENTED_EDGE('',*,*,#7103,.T.);
#5258=ORIENTED_EDGE('',*,*,#7218,.F.);
#5259=CARTESIAN_POINT('',(-6.0,-2.950000013234,-8.873205087411));
#5260=DIRECTION('',(0.0,-0.500000000202779,-0.866025403667364));
#5261=DIRECTION('',(0.0,-0.866025403667364,0.500000000202779));
#5262=ORIENTED_EDGE('',*,*,#7106,.T.);
#5263=ORIENTED_EDGE('',*,*,#6904,.F.);
#5264=ORIENTED_EDGE('',*,*,#7347,.F.);
#5265=ORIENTED_EDGE('',*,*,#7333,.T.);
#5266=CARTESIAN_POINT('',(-6.0,-2.950000013234,-8.873205087411));
#5267=DIRECTION('',(0.0,-0.500000000202779,-0.866025403667364));
#5268=DIRECTION('',(0.0,-0.866025403667364,0.500000000202779));
#5269=ORIENTED_EDGE('',*,*,#6826,.F.);
#5270=ORIENTED_EDGE('',*,*,#7101,.T.);
#5271=ORIENTED_EDGE('',*,*,#7349,.F.);
#5272=ORIENTED_EDGE('',*,*,#7342,.T.);
#5273=ORIENTED_EDGE('',*,*,#7351,.T.);
#5274=ORIENTED_EDGE('',*,*,#7352,.F.);
#5275=ORIENTED_EDGE('',*,*,#7353,.F.);
#5276=ORIENTED_EDGE('',*,*,#7354,.T.);
#5277=CARTESIAN_POINT('',(-3.3,0.0,0.0));
#5278=DIRECTION('',(1.0,0.0,0.0));
#5279=DIRECTION('',(0.0,1.0,0.0));
#5280=ORIENTED_EDGE('',*,*,#6827,.F.);
#5281=ORIENTED_EDGE('',*,*,#7354,.F.);
#5282=ORIENTED_EDGE('',*,*,#7355,.F.);
#5283=ORIENTED_EDGE('',*,*,#7356,.F.);
#5284=ORIENTED_EDGE('',*,*,#7357,.T.);
#5285=CARTESIAN_POINT('',(-3.4,-1.3,-29.5313424663));
#5286=DIRECTION('',(0.0,0.0,-1.0));
#5287=DIRECTION('',(1.0,0.0,0.0));
#5288=ORIENTED_EDGE('',*,*,#6828,.T.);
#5289=ORIENTED_EDGE('',*,*,#7357,.F.);
#5290=ORIENTED_EDGE('',*,*,#7358,.F.);
#5291=ORIENTED_EDGE('',*,*,#7359,.F.);
#5292=ORIENTED_EDGE('',*,*,#7360,.T.);
#5293=ORIENTED_EDGE('',*,*,#7361,.F.);
#5294=CARTESIAN_POINT('',(-4.5,-1.2,-12.2781743646));
#5295=DIRECTION('',(-0.0,1.0,0.0));
#5296=DIRECTION('',(1.0,0.0,0.0));
#5297=ORIENTED_EDGE('',*,*,#6829,.F.);
#5298=ORIENTED_EDGE('',*,*,#7361,.T.);
#5299=ORIENTED_EDGE('',*,*,#7362,.F.);
#5300=ORIENTED_EDGE('',*,*,#7363,.F.);
#5301=ORIENTED_EDGE('',*,*,#6831,.F.);
#5302=CARTESIAN_POINT('',(-4.4,-1.3,17.1031681017));
#5303=DIRECTION('',(0.0,0.0,1.0));
#5304=DIRECTION('',(-1.0,0.0,0.0));
#5305=ORIENTED_EDGE('',*,*,#7363,.T.);
#5306=ORIENTED_EDGE('',*,*,#7364,.T.);
#5307=ORIENTED_EDGE('',*,*,#7365,.T.);
#5308=ORIENTED_EDGE('',*,*,#7366,.T.);
#5309=ORIENTED_EDGE('',*,*,#7367,.T.);
#5310=ORIENTED_EDGE('',*,*,#7368,.T.);
#5311=ORIENTED_EDGE('',*,*,#7369,.T.);
#5312=ORIENTED_EDGE('',*,*,#7370,.T.);
#5313=ORIENTED_EDGE('',*,*,#7371,.T.);
#5314=ORIENTED_EDGE('',*,*,#7372,.T.);
#5315=ORIENTED_EDGE('',*,*,#7373,.T.);
#5316=ORIENTED_EDGE('',*,*,#7374,.T.);
#5317=ORIENTED_EDGE('',*,*,#7375,.T.);
#5318=ORIENTED_EDGE('',*,*,#7376,.T.);
#5319=ORIENTED_EDGE('',*,*,#7377,.T.);
#5320=ORIENTED_EDGE('',*,*,#6667,.T.);
#5321=CARTESIAN_POINT('',(-4.5,0.0,0.0));
#5322=DIRECTION('',(1.0,0.0,0.0));
#5323=DIRECTION('',(0.0,1.0,0.0));
#5324=ORIENTED_EDGE('',*,*,#6668,.F.);
#5325=ORIENTED_EDGE('',*,*,#7377,.F.);
#5326=ORIENTED_EDGE('',*,*,#7378,.T.);
#5327=ORIENTED_EDGE('',*,*,#7379,.T.);
#5328=CARTESIAN_POINT('',(-4.4,-3.45,-11.44102853314));
#5329=DIRECTION('',(-0.0,0.0,-1.0));
#5330=DIRECTION('',(-1.0,0.0,0.0));
#5331=ORIENTED_EDGE('',*,*,#6669,.F.);
#5332=ORIENTED_EDGE('',*,*,#7379,.F.);
#5333=ORIENTED_EDGE('',*,*,#7380,.T.);
#5334=ORIENTED_EDGE('',*,*,#7381,.F.);
#5335=ORIENTED_EDGE('',*,*,#7382,.F.);
#5336=ORIENTED_EDGE('',*,*,#7351,.F.);
#5337=ORIENTED_EDGE('',*,*,#7383,.F.);
#5338=ORIENTED_EDGE('',*,*,#6834,.T.);
#5339=CARTESIAN_POINT('',(-4.5,-3.55,-8.87320507963));
#5340=DIRECTION('',(0.0,-1.0,0.0));
#5341=DIRECTION('',(0.0,0.0,-1.0));
#5342=ORIENTED_EDGE('',*,*,#7383,.T.);
#5343=ORIENTED_EDGE('',*,*,#7341,.T.);
#5344=ORIENTED_EDGE('',*,*,#7136,.T.);
#5345=ORIENTED_EDGE('',*,*,#7344,.T.);
#5346=ORIENTED_EDGE('',*,*,#7209,.T.);
#5347=ORIENTED_EDGE('',*,*,#7348,.T.);
#5348=ORIENTED_EDGE('',*,*,#6902,.F.);
#5349=ORIENTED_EDGE('',*,*,#7384,.F.);
#5350=ORIENTED_EDGE('',*,*,#6835,.T.);
#5351=CARTESIAN_POINT('',(-6.0,-3.57,-8.884752085885));
#5352=DIRECTION('',(0.0,0.500000028306295,-0.866025387441791));
#5353=DIRECTION('',(-1.0,0.0,0.0));
#5354=ORIENTED_EDGE('',*,*,#7384,.T.);
#5355=ORIENTED_EDGE('',*,*,#6901,.F.);
#5356=ORIENTED_EDGE('',*,*,#7145,.F.);
#5357=ORIENTED_EDGE('',*,*,#6836,.T.);
#5358=CARTESIAN_POINT('',(-6.0,-3.57,-9.0));
#5359=DIRECTION('',(-0.0,1.0,0.0));
#5360=DIRECTION('',(1.0,0.0,0.0));
#5361=ORIENTED_EDGE('',*,*,#7385,.F.);
#5362=ORIENTED_EDGE('',*,*,#7352,.T.);
#5363=ORIENTED_EDGE('',*,*,#7382,.T.);
#5364=ORIENTED_EDGE('',*,*,#7386,.F.);
#5365=CARTESIAN_POINT('',(-3.3,-3.45,-8.992451974211));
#5366=DIRECTION('',(-1.0,-0.0,0.0));
#5367=DIRECTION('',(0.0,-1.0,0.0));
#5368=ORIENTED_EDGE('',*,*,#7387,.F.);
#5369=ORIENTED_EDGE('',*,*,#7388,.T.);
#5370=ORIENTED_EDGE('',*,*,#7386,.T.);
#5371=CARTESIAN_POINT('',(-1.9,-3.45,-8.992451974211));
#5372=DIRECTION('',(0.0,0.906307787320437,0.422618261132117));
#5373=DIRECTION('',(0.0,-0.422618261132117,0.906307787320437));
#5374=ORIENTED_EDGE('',*,*,#7389,.F.);
#5375=ORIENTED_EDGE('',*,*,#7390,.T.);
#5376=ORIENTED_EDGE('',*,*,#7388,.F.);
#5377=ORIENTED_EDGE('',*,*,#7391,.F.);
#5378=CARTESIAN_POINT('',(-1.9,21.02729653185,-29.5313424663));
#5379=DIRECTION('',(0.0,0.766044443119007,-0.642787609686505));
#5380=DIRECTION('',(1.0,0.0,0.0));
#5381=ORIENTED_EDGE('',*,*,#7391,.T.);
#5382=ORIENTED_EDGE('',*,*,#7392,.T.);
#5383=ORIENTED_EDGE('',*,*,#7393,.T.);
#5384=ORIENTED_EDGE('',*,*,#7394,.T.);
#5385=ORIENTED_EDGE('',*,*,#7395,.T.);
#5386=ORIENTED_EDGE('',*,*,#7396,.T.);
#5387=ORIENTED_EDGE('',*,*,#7397,.T.);
#5388=ORIENTED_EDGE('',*,*,#7398,.T.);
#5389=ORIENTED_EDGE('',*,*,#7399,.T.);
#5390=ORIENTED_EDGE('',*,*,#7400,.T.);
#5391=ORIENTED_EDGE('',*,*,#7401,.T.);
#5392=ORIENTED_EDGE('',*,*,#7402,.T.);
#5393=ORIENTED_EDGE('',*,*,#7403,.T.);
#5394=ORIENTED_EDGE('',*,*,#7404,.T.);
#5395=ORIENTED_EDGE('',*,*,#7405,.T.);
#5396=ORIENTED_EDGE('',*,*,#7406,.T.);
#5397=CARTESIAN_POINT('',(-1.8,0.0,0.0));
#5398=DIRECTION('',(1.0,0.0,0.0));
#5399=DIRECTION('',(0.0,1.0,0.0));
#5400=ORIENTED_EDGE('',*,*,#7407,.F.);
#5401=ORIENTED_EDGE('',*,*,#7406,.F.);
#5402=ORIENTED_EDGE('',*,*,#7408,.T.);
#5403=ORIENTED_EDGE('',*,*,#7359,.T.);
#5404=CARTESIAN_POINT('',(-1.9,-1.3,-12.2935511646));
#5405=DIRECTION('',(0.0,0.0,-1.0));
#5406=DIRECTION('',(1.0,0.0,0.0));
#5407=ORIENTED_EDGE('',*,*,#7409,.T.);
#5408=ORIENTED_EDGE('',*,*,#7410,.T.);
#5409=ORIENTED_EDGE('',*,*,#7408,.F.);
#5410=ORIENTED_EDGE('',*,*,#7405,.F.);
#5411=CARTESIAN_POINT('',(-1.9,-1.6,-12.2781743646));
#5412=DIRECTION('',(1.0,0.0,0.0));
#5413=DIRECTION('',(0.0,-0.0384325325159299,-0.999261197307497));
#5414=ORIENTED_EDGE('',*,*,#7360,.F.);
#5415=ORIENTED_EDGE('',*,*,#7410,.F.);
#5416=ORIENTED_EDGE('',*,*,#7411,.F.);
#5417=ORIENTED_EDGE('',*,*,#7412,.F.);
#5418=CARTESIAN_POINT('',(-4.5,-1.6,-12.2781743646));
#5419=DIRECTION('',(-1.0,0.0,0.0));
#5420=DIRECTION('',(0.0,0.0,1.0));
#5421=ORIENTED_EDGE('',*,*,#7362,.T.);
#5422=ORIENTED_EDGE('',*,*,#7412,.T.);
#5423=ORIENTED_EDGE('',*,*,#7413,.F.);
#5424=ORIENTED_EDGE('',*,*,#7364,.F.);
#5425=CARTESIAN_POINT('',(-4.4,-1.6,-12.2781743646));
#5426=DIRECTION('',(1.0,0.0,-0.0));
#5427=DIRECTION('',(0.0,0.998509299071675,0.0545818620733386));
#5428=ORIENTED_EDGE('',*,*,#7413,.T.);
#5429=ORIENTED_EDGE('',*,*,#7414,.T.);
#5430=ORIENTED_EDGE('',*,*,#7415,.F.);
#5431=ORIENTED_EDGE('',*,*,#7365,.F.);
#5432=CARTESIAN_POINT('',(-4.4,-1.5781564,-12.5781743646));
#5433=DIRECTION('',(0.0,1.0,-0.0));
#5434=DIRECTION('',(-1.0,0.0,0.0));
#5435=ORIENTED_EDGE('',*,*,#7415,.T.);
#5436=ORIENTED_EDGE('',*,*,#7416,.T.);
#5437=ORIENTED_EDGE('',*,*,#7417,.F.);
#5438=ORIENTED_EDGE('',*,*,#7366,.F.);
#5439=ORIENTED_EDGE('',*,*,#7417,.T.);
#5440=ORIENTED_EDGE('',*,*,#7418,.T.);
#5441=ORIENTED_EDGE('',*,*,#7419,.F.);
#5442=ORIENTED_EDGE('',*,*,#7367,.F.);
#5443=CARTESIAN_POINT('',(-4.4,-2.026789028858,-12.57209147711));
#5444=DIRECTION('',(0.0,0.500000000000017,-0.866025403784429));
#5445=DIRECTION('',(-1.0,0.0,0.0));
#5446=ORIENTED_EDGE('',*,*,#7419,.T.);
#5447=ORIENTED_EDGE('',*,*,#7420,.T.);
#5448=ORIENTED_EDGE('',*,*,#6566,.T.);
#5449=ORIENTED_EDGE('',*,*,#7421,.F.);
#5450=ORIENTED_EDGE('',*,*,#7368,.F.);
#5451=CARTESIAN_POINT('',(-4.4,-2.48515728748,-12.3781743646));
#5452=DIRECTION('',(1.0,0.0,-0.0));
#5453=DIRECTION('',(0.0,0.901871200045801,0.4320050214152));
#5454=ORIENTED_EDGE('',*,*,#7421,.T.);
#5455=ORIENTED_EDGE('',*,*,#7422,.T.);
#5456=ORIENTED_EDGE('',*,*,#7423,.F.);
#5457=ORIENTED_EDGE('',*,*,#7369,.F.);
#5458=CARTESIAN_POINT('',(-4.4,-2.734043108576,-12.20925725204));
#5459=DIRECTION('',(0.0,0.500000000202779,0.866025403667364));
#5460=DIRECTION('',(-1.0,0.0,0.0));
#5461=ORIENTED_EDGE('',*,*,#7423,.T.);
#5462=ORIENTED_EDGE('',*,*,#7424,.T.);
#5463=ORIENTED_EDGE('',*,*,#7425,.F.);
#5464=ORIENTED_EDGE('',*,*,#7370,.F.);
#5465=ORIENTED_EDGE('',*,*,#7425,.T.);
#5466=ORIENTED_EDGE('',*,*,#7426,.T.);
#5467=ORIENTED_EDGE('',*,*,#7427,.F.);
#5468=ORIENTED_EDGE('',*,*,#7371,.F.);
#5469=CARTESIAN_POINT('',(-4.4,-2.954061416393,-12.5781743646));
#5470=DIRECTION('',(0.0,1.0,-0.0));
#5471=DIRECTION('',(-1.0,0.0,0.0));
#5472=ORIENTED_EDGE('',*,*,#7427,.T.);
#5473=ORIENTED_EDGE('',*,*,#7428,.T.);
#5474=ORIENTED_EDGE('',*,*,#7429,.F.);
#5475=ORIENTED_EDGE('',*,*,#7372,.F.);
#5476=CARTESIAN_POINT('',(-4.4,-3.370314575062,-12.2781743646));
#5477=DIRECTION('',(1.0,0.0,0.0));
#5478=DIRECTION('',(0.0,0.0545818620733386,-0.998509299071675));
#5479=ORIENTED_EDGE('',*,*,#7429,.T.);
#5480=ORIENTED_EDGE('',*,*,#7430,.T.);
#5481=ORIENTED_EDGE('',*,*,#7431,.F.);
#5482=ORIENTED_EDGE('',*,*,#7373,.F.);
#5483=CARTESIAN_POINT('',(-4.4,-3.567000851733,-12.50575215665));
#5484=DIRECTION('',(0.0,0.707106781186548,-0.707106781186548));
#5485=DIRECTION('',(-1.0,0.0,0.0));
#5486=ORIENTED_EDGE('',*,*,#7432,.F.);
#5487=ORIENTED_EDGE('',*,*,#7431,.T.);
#5488=ORIENTED_EDGE('',*,*,#7433,.T.);
#5489=CARTESIAN_POINT('',(-4.4,-4.0,-12.07275300838));
#5490=DIRECTION('',(0.0,0.382683432844709,-0.923879532312622));
#5491=DIRECTION('',(0.0,-0.923879532312622,-0.382683432844709));
#5492=ORIENTED_EDGE('',*,*,#7434,.T.);
#5493=ORIENTED_EDGE('',*,*,#7435,.F.);
#5494=ORIENTED_EDGE('',*,*,#7436,.F.);
#5495=ORIENTED_EDGE('',*,*,#7433,.F.);
#5496=CARTESIAN_POINT('',(-4.5,-4.0,-12.07275300838));
#5497=DIRECTION('',(-1.0,0.0,0.0));
#5498=DIRECTION('',(0.0,0.0,1.0));
#5499=ORIENTED_EDGE('',*,*,#7436,.T.);
#5500=ORIENTED_EDGE('',*,*,#7437,.F.);
#5501=ORIENTED_EDGE('',*,*,#7438,.F.);
#5502=ORIENTED_EDGE('',*,*,#7439,.F.);
#5503=CARTESIAN_POINT('',(-4.5,-4.1,-11.72593968033));
#5504=DIRECTION('',(0.0,-1.0,0.0));
#5505=DIRECTION('',(0.0,0.0,-1.0));
#5506=ORIENTED_EDGE('',*,*,#7432,.T.);
#5507=ORIENTED_EDGE('',*,*,#7439,.T.);
#5508=ORIENTED_EDGE('',*,*,#7440,.F.);
#5509=ORIENTED_EDGE('',*,*,#7374,.F.);
#5510=CARTESIAN_POINT('',(-4.4,-4.0,-12.09459660838));
#5511=DIRECTION('',(-0.0,0.0,-1.0));
#5512=DIRECTION('',(-1.0,0.0,0.0));
#5513=ORIENTED_EDGE('',*,*,#7441,.F.);
#5514=ORIENTED_EDGE('',*,*,#7440,.T.);
#5515=ORIENTED_EDGE('',*,*,#7442,.T.);
#5516=CARTESIAN_POINT('',(-4.4,-4.0,-11.72593968033));
#5517=DIRECTION('',(0.0,-0.64278760967041,-0.766044443132512));
#5518=DIRECTION('',(0.0,-0.766044443132512,0.64278760967041));
#5519=ORIENTED_EDGE('',*,*,#7438,.T.);
#5520=ORIENTED_EDGE('',*,*,#7443,.F.);
#5521=ORIENTED_EDGE('',*,*,#7444,.F.);
#5522=ORIENTED_EDGE('',*,*,#7442,.F.);
#5523=CARTESIAN_POINT('',(-4.5,-4.0,-11.72593968033));
#5524=DIRECTION('',(-1.0,0.0,0.0));
#5525=DIRECTION('',(0.0,0.0,1.0));
#5526=ORIENTED_EDGE('',*,*,#7444,.T.);
#5527=ORIENTED_EDGE('',*,*,#7445,.F.);
#5528=ORIENTED_EDGE('',*,*,#7446,.F.);
#5529=ORIENTED_EDGE('',*,*,#7447,.F.);
#5530=CARTESIAN_POINT('',(-4.5,-3.67395277335,-11.5669060961));
#5531=DIRECTION('',(0.0,-0.173648177666902,0.984807753012213));
#5532=DIRECTION('',(-1.0,0.0,0.0));
#5533=ORIENTED_EDGE('',*,*,#7441,.T.);
#5534=ORIENTED_EDGE('',*,*,#7447,.T.);
#5535=ORIENTED_EDGE('',*,*,#7448,.F.);
#5536=ORIENTED_EDGE('',*,*,#7375,.F.);
#5537=CARTESIAN_POINT('',(-4.4,-4.021511746634,-11.72973278166));
#5538=DIRECTION('',(-0.0,-0.984807753012213,-0.173648177666902));
#5539=DIRECTION('',(-1.0,0.0,0.0));
#5540=ORIENTED_EDGE('',*,*,#7448,.T.);
#5541=ORIENTED_EDGE('',*,*,#7449,.T.);
#5542=ORIENTED_EDGE('',*,*,#7378,.F.);
#5543=ORIENTED_EDGE('',*,*,#7376,.F.);
#5544=CARTESIAN_POINT('',(-4.4,-3.7,-11.41918493314));
#5545=DIRECTION('',(1.0,0.0,0.0));
#5546=DIRECTION('',(0.0,0.0719586790912787,-0.997407614019182));
#5547=ORIENTED_EDGE('',*,*,#7446,.T.);
#5548=ORIENTED_EDGE('',*,*,#7450,.F.);
#5549=ORIENTED_EDGE('',*,*,#7380,.F.);
#5550=ORIENTED_EDGE('',*,*,#7449,.F.);
#5551=CARTESIAN_POINT('',(-4.5,-3.7,-11.41918493314));
#5552=DIRECTION('',(-1.0,0.0,0.0));
#5553=DIRECTION('',(0.0,0.0,1.0));
#5554=ORIENTED_EDGE('',*,*,#7451,.T.);
#5555=ORIENTED_EDGE('',*,*,#7450,.T.);
#5556=ORIENTED_EDGE('',*,*,#7452,.F.);
#5557=ORIENTED_EDGE('',*,*,#7393,.F.);
#5558=CARTESIAN_POINT('',(-1.9,-3.7,-11.41918493314));
#5559=DIRECTION('',(1.0,0.0,-0.0));
#5560=DIRECTION('',(0.0,0.989415549957185,0.145109853224798));
#5561=ORIENTED_EDGE('',*,*,#7452,.T.);
#5562=ORIENTED_EDGE('',*,*,#7445,.T.);
#5563=ORIENTED_EDGE('',*,*,#7453,.F.);
#5564=ORIENTED_EDGE('',*,*,#7394,.F.);
#5565=CARTESIAN_POINT('',(-1.9,-3.641444763727,-11.6627167181));
#5566=DIRECTION('',(-0.0,0.984807753012213,0.173648177666902));
#5567=DIRECTION('',(1.0,0.0,0.0));
#5568=ORIENTED_EDGE('',*,*,#7454,.F.);
#5569=ORIENTED_EDGE('',*,*,#7453,.T.);
#5570=ORIENTED_EDGE('',*,*,#7443,.T.);
#5571=CARTESIAN_POINT('',(-1.9,-4.0,-11.72593968033));
#5572=DIRECTION('',(0.0,0.64278760967041,0.766044443132512));
#5573=DIRECTION('',(0.0,-0.766044443132512,0.64278760967041));
#5574=ORIENTED_EDGE('',*,*,#7454,.T.);
#5575=ORIENTED_EDGE('',*,*,#7437,.T.);
#5576=ORIENTED_EDGE('',*,*,#7455,.F.);
#5577=ORIENTED_EDGE('',*,*,#7395,.F.);
#5578=CARTESIAN_POINT('',(-1.9,-4.0,-11.71056288033));
#5579=DIRECTION('',(-0.0,0.0,1.0));
#5580=DIRECTION('',(1.0,0.0,0.0));
#5581=ORIENTED_EDGE('',*,*,#7456,.F.);
#5582=ORIENTED_EDGE('',*,*,#7455,.T.);
#5583=ORIENTED_EDGE('',*,*,#7435,.T.);
#5584=CARTESIAN_POINT('',(-1.9,-4.0,-12.07275300838));
#5585=DIRECTION('',(0.0,-0.382683432844709,0.923879532312622));
#5586=DIRECTION('',(0.0,-0.923879532312622,-0.382683432844709));
#5587=ORIENTED_EDGE('',*,*,#7456,.T.);
#5588=ORIENTED_EDGE('',*,*,#7457,.T.);
#5589=ORIENTED_EDGE('',*,*,#7458,.F.);
#5590=ORIENTED_EDGE('',*,*,#7396,.F.);
#5591=CARTESIAN_POINT('',(-1.9,-4.010873039553,-12.06187996883));
#5592=DIRECTION('',(0.0,-0.707106781186548,0.707106781186548));
#5593=DIRECTION('',(1.0,0.0,0.0));
#5594=ORIENTED_EDGE('',*,*,#7458,.T.);
#5595=ORIENTED_EDGE('',*,*,#7459,.T.);
#5596=ORIENTED_EDGE('',*,*,#7460,.F.);
#5597=ORIENTED_EDGE('',*,*,#7397,.F.);
#5598=CARTESIAN_POINT('',(-1.9,-3.370314575062,-12.2781743646));
#5599=DIRECTION('',(1.0,0.0,0.0));
#5600=DIRECTION('',(0.0,-0.73376027315292,-0.679408464432518));
#5601=ORIENTED_EDGE('',*,*,#7460,.T.);
#5602=ORIENTED_EDGE('',*,*,#7461,.T.);
#5603=ORIENTED_EDGE('',*,*,#7462,.F.);
#5604=ORIENTED_EDGE('',*,*,#7398,.F.);
#5605=CARTESIAN_POINT('',(-1.9,-3.385691375062,-12.5781743646));
#5606=DIRECTION('',(0.0,-1.0,0.0));
#5607=DIRECTION('',(1.0,0.0,0.0));
#5608=ORIENTED_EDGE('',*,*,#7462,.T.);
#5609=ORIENTED_EDGE('',*,*,#7463,.T.);
#5610=ORIENTED_EDGE('',*,*,#7464,.F.);
#5611=ORIENTED_EDGE('',*,*,#7399,.F.);
#5612=ORIENTED_EDGE('',*,*,#7464,.T.);
#5613=ORIENTED_EDGE('',*,*,#7465,.T.);
#5614=ORIENTED_EDGE('',*,*,#7466,.F.);
#5615=ORIENTED_EDGE('',*,*,#7400,.F.);
#5616=CARTESIAN_POINT('',(-1.9,-2.940292146213,-12.56649106404));
#5617=DIRECTION('',(0.0,-0.500000000202779,-0.866025403667364));
#5618=DIRECTION('',(1.0,0.0,0.0));
#5619=ORIENTED_EDGE('',*,*,#7466,.T.);
#5620=ORIENTED_EDGE('',*,*,#6564,.T.);
#5621=ORIENTED_EDGE('',*,*,#7467,.T.);
#5622=ORIENTED_EDGE('',*,*,#7468,.F.);
#5623=ORIENTED_EDGE('',*,*,#7401,.F.);
#5624=CARTESIAN_POINT('',(-1.9,-2.48515728748,-12.3781743646));
#5625=DIRECTION('',(1.0,0.0,0.0));
#5626=DIRECTION('',(0.0,-0.915365809982248,0.402623190980777));
#5627=ORIENTED_EDGE('',*,*,#7468,.T.);
#5628=ORIENTED_EDGE('',*,*,#7469,.T.);
#5629=ORIENTED_EDGE('',*,*,#7470,.F.);
#5630=ORIENTED_EDGE('',*,*,#7402,.F.);
#5631=CARTESIAN_POINT('',(-1.9,-2.233038066345,-12.21485766518));
#5632=DIRECTION('',(0.0,-0.500000000000017,0.866025403784429));
#5633=DIRECTION('',(1.0,0.0,0.0));
#5634=ORIENTED_EDGE('',*,*,#7470,.T.);
#5635=ORIENTED_EDGE('',*,*,#7471,.T.);
#5636=ORIENTED_EDGE('',*,*,#7472,.F.);
#5637=ORIENTED_EDGE('',*,*,#7403,.F.);
#5638=ORIENTED_EDGE('',*,*,#7472,.T.);
#5639=ORIENTED_EDGE('',*,*,#7473,.T.);
#5640=ORIENTED_EDGE('',*,*,#7409,.F.);
#5641=ORIENTED_EDGE('',*,*,#7404,.F.);
#5642=CARTESIAN_POINT('',(-1.9,-2.009786358669,-12.5781743646));
#5643=DIRECTION('',(0.0,-1.0,0.0));
#5644=DIRECTION('',(1.0,0.0,0.0));
#5645=ORIENTED_EDGE('',*,*,#7411,.T.);
#5646=ORIENTED_EDGE('',*,*,#7473,.F.);
#5647=ORIENTED_EDGE('',*,*,#7474,.F.);
#5648=ORIENTED_EDGE('',*,*,#7414,.F.);
#5649=CARTESIAN_POINT('',(-4.5,-1.994409558669,-12.6781743646));
#5650=DIRECTION('',(0.0,0.0,-1.0));
#5651=DIRECTION('',(0.0,-1.0,0.0));
#5652=ORIENTED_EDGE('',*,*,#7474,.T.);
#5653=ORIENTED_EDGE('',*,*,#7471,.F.);
#5654=ORIENTED_EDGE('',*,*,#7475,.F.);
#5655=ORIENTED_EDGE('',*,*,#7416,.F.);
#5656=CARTESIAN_POINT('',(-4.5,-1.994409558669,-12.5281743646));
#5657=DIRECTION('',(-1.0,0.0,0.0));
#5658=DIRECTION('',(0.0,0.0,1.0));
#5659=ORIENTED_EDGE('',*,*,#7475,.T.);
#5660=ORIENTED_EDGE('',*,*,#7469,.F.);
#5661=ORIENTED_EDGE('',*,*,#7476,.F.);
#5662=ORIENTED_EDGE('',*,*,#7418,.F.);
#5663=CARTESIAN_POINT('',(-4.5,-2.311952206723,-12.2781743646));
#5664=DIRECTION('',(0.0,-0.866025403784429,-0.500000000000017));
#5665=DIRECTION('',(0.0,0.500000000000017,-0.866025403784429));
#5666=ORIENTED_EDGE('',*,*,#6563,.T.);
#5667=ORIENTED_EDGE('',*,*,#7420,.F.);
#5668=ORIENTED_EDGE('',*,*,#7476,.T.);
#5669=ORIENTED_EDGE('',*,*,#7467,.F.);
#5670=CARTESIAN_POINT('',(-4.5,-2.48515728748,-12.3781743646));
#5671=DIRECTION('',(-1.0,0.0,0.0));
#5672=DIRECTION('',(0.0,0.0,1.0));
#5673=ORIENTED_EDGE('',*,*,#6565,.T.);
#5674=ORIENTED_EDGE('',*,*,#7465,.F.);
#5675=ORIENTED_EDGE('',*,*,#7477,.F.);
#5676=ORIENTED_EDGE('',*,*,#7422,.F.);
#5677=CARTESIAN_POINT('',(-4.5,-2.846001205843,-12.60317436463));
#5678=DIRECTION('',(0.0,0.866025403667364,-0.500000000202779));
#5679=DIRECTION('',(-1.0,0.0,0.0));
#5680=ORIENTED_EDGE('',*,*,#7477,.T.);
#5681=ORIENTED_EDGE('',*,*,#7463,.F.);
#5682=ORIENTED_EDGE('',*,*,#7478,.F.);
#5683=ORIENTED_EDGE('',*,*,#7424,.F.);
#5684=CARTESIAN_POINT('',(-4.5,-2.975905016393,-12.5281743646));
#5685=DIRECTION('',(-1.0,0.0,0.0));
#5686=DIRECTION('',(0.0,0.0,1.0));
#5687=ORIENTED_EDGE('',*,*,#7478,.T.);
#5688=ORIENTED_EDGE('',*,*,#7461,.F.);
#5689=ORIENTED_EDGE('',*,*,#7479,.F.);
#5690=ORIENTED_EDGE('',*,*,#7426,.F.);
#5691=CARTESIAN_POINT('',(-4.5,-3.370314575062,-12.6781743646));
#5692=DIRECTION('',(0.0,0.0,-1.0));
#5693=DIRECTION('',(0.0,-1.0,0.0));
#5694=ORIENTED_EDGE('',*,*,#7479,.T.);
#5695=ORIENTED_EDGE('',*,*,#7459,.F.);
#5696=ORIENTED_EDGE('',*,*,#7480,.F.);
#5697=ORIENTED_EDGE('',*,*,#7428,.F.);
#5698=CARTESIAN_POINT('',(-4.5,-3.370314575062,-12.2781743646));
#5699=DIRECTION('',(-1.0,0.0,0.0));
#5700=DIRECTION('',(0.0,0.0,1.0));
#5701=ORIENTED_EDGE('',*,*,#7480,.T.);
#5702=ORIENTED_EDGE('',*,*,#7457,.F.);
#5703=ORIENTED_EDGE('',*,*,#7434,.F.);
#5704=ORIENTED_EDGE('',*,*,#7430,.F.);
#5705=CARTESIAN_POINT('',(-4.5,-4.070710678119,-12.1434636865));
#5706=DIRECTION('',(0.0,-0.707106781186548,-0.707106781186548));
#5707=DIRECTION('',(0.0,-0.707106781186548,0.707106781186548));
#5708=ORIENTED_EDGE('',*,*,#7387,.T.);
#5709=ORIENTED_EDGE('',*,*,#7381,.T.);
#5710=ORIENTED_EDGE('',*,*,#7451,.F.);
#5711=ORIENTED_EDGE('',*,*,#7392,.F.);
#5712=CARTESIAN_POINT('',(-1.9,-3.45,-8.877134266775));
#5713=DIRECTION('',(-0.0,0.0,1.0));
#5714=DIRECTION('',(1.0,0.0,0.0));
#5715=ORIENTED_EDGE('',*,*,#7407,.T.);
#5716=ORIENTED_EDGE('',*,*,#7481,.T.);
#5717=ORIENTED_EDGE('',*,*,#7389,.T.);
#5718=CARTESIAN_POINT('',(-1.9,-1.3,-10.79651618124));
#5719=DIRECTION('',(-0.707106781186556,0.454519477672013,0.541675220419716));
#5720=DIRECTION('',(0.707106781186539,0.454519477672025,0.541675220419729));
#5721=ORIENTED_EDGE('',*,*,#7481,.F.);
#5722=ORIENTED_EDGE('',*,*,#7358,.T.);
#5723=ORIENTED_EDGE('',*,*,#7356,.T.);
#5724=ORIENTED_EDGE('',*,*,#7482,.T.);
#5725=CARTESIAN_POINT('',(21.6432,-1.3,-10.79651618124));
#5726=DIRECTION('',(1.0,-0.0,0.0));
#5727=DIRECTION('',(0.0,0.642787609686505,0.766044443119007));
#5728=ORIENTED_EDGE('',*,*,#7385,.T.);
#5729=ORIENTED_EDGE('',*,*,#7390,.F.);
#5730=ORIENTED_EDGE('',*,*,#7482,.F.);
#5731=ORIENTED_EDGE('',*,*,#7355,.T.);
#5732=ORIENTED_EDGE('',*,*,#7353,.T.);
#5733=CARTESIAN_POINT('',(-3.3,-1.2,-10.74988541543));
#5734=DIRECTION('',(0.0,0.642787609686505,0.766044443119007));
#5735=DIRECTION('',(1.0,-0.0,0.0));
#5736=ORIENTED_EDGE('',*,*,#6820,.F.);
#5737=ORIENTED_EDGE('',*,*,#7104,.T.);
#5738=ORIENTED_EDGE('',*,*,#7350,.F.);
#5739=ORIENTED_EDGE('',*,*,#7345,.T.);
#5740=ORIENTED_EDGE('',*,*,#7135,.T.);
#5741=ORIENTED_EDGE('',*,*,#7483,.F.);
#5742=ORIENTED_EDGE('',*,*,#7484,.F.);
#5743=ORIENTED_EDGE('',*,*,#7485,.T.);
#5744=CARTESIAN_POINT('',(0.2,0.0,0.0));
#5745=DIRECTION('',(1.0,0.0,0.0));
#5746=DIRECTION('',(0.0,1.0,0.0));
#5747=ORIENTED_EDGE('',*,*,#6821,.F.);
#5748=ORIENTED_EDGE('',*,*,#7485,.F.);
#5749=ORIENTED_EDGE('',*,*,#7486,.F.);
#5750=ORIENTED_EDGE('',*,*,#7487,.F.);
#5751=ORIENTED_EDGE('',*,*,#7488,.T.);
#5752=CARTESIAN_POINT('',(0.1,-1.3,-29.5313424663));
#5753=DIRECTION('',(0.0,0.0,-1.0));
#5754=DIRECTION('',(1.0,0.0,0.0));
#5755=ORIENTED_EDGE('',*,*,#6822,.T.);
#5756=ORIENTED_EDGE('',*,*,#7488,.F.);
#5757=ORIENTED_EDGE('',*,*,#7489,.F.);
#5758=ORIENTED_EDGE('',*,*,#7490,.F.);
#5759=ORIENTED_EDGE('',*,*,#7491,.T.);
#5760=ORIENTED_EDGE('',*,*,#7492,.F.);
#5761=CARTESIAN_POINT('',(-1.0,-1.2,-12.2781743646));
#5762=DIRECTION('',(-0.0,1.0,0.0));
#5763=DIRECTION('',(1.0,0.0,0.0));
#5764=ORIENTED_EDGE('',*,*,#6823,.F.);
#5765=ORIENTED_EDGE('',*,*,#7492,.T.);
#5766=ORIENTED_EDGE('',*,*,#7493,.F.);
#5767=ORIENTED_EDGE('',*,*,#7115,.F.);
#5768=CARTESIAN_POINT('',(-0.9,-1.3,17.1031681017));
#5769=DIRECTION('',(0.0,0.0,1.0));
#5770=DIRECTION('',(-1.0,0.0,0.0));
#5771=ORIENTED_EDGE('',*,*,#7493,.T.);
#5772=ORIENTED_EDGE('',*,*,#7494,.T.);
#5773=ORIENTED_EDGE('',*,*,#7495,.F.);
#5774=ORIENTED_EDGE('',*,*,#7116,.F.);
#5775=CARTESIAN_POINT('',(-0.9,-1.6,-12.2781743646));
#5776=DIRECTION('',(1.0,0.0,-0.0));
#5777=DIRECTION('',(0.0,0.998509299071675,0.0545818620733386));
#5778=ORIENTED_EDGE('',*,*,#7495,.T.);
#5779=ORIENTED_EDGE('',*,*,#7496,.T.);
#5780=ORIENTED_EDGE('',*,*,#7497,.F.);
#5781=ORIENTED_EDGE('',*,*,#7117,.F.);
#5782=CARTESIAN_POINT('',(-0.9,-1.5781564,-12.5781743646));
#5783=DIRECTION('',(0.0,1.0,-0.0));
#5784=DIRECTION('',(-1.0,0.0,0.0));
#5785=ORIENTED_EDGE('',*,*,#7497,.T.);
#5786=ORIENTED_EDGE('',*,*,#7498,.T.);
#5787=ORIENTED_EDGE('',*,*,#7499,.F.);
#5788=ORIENTED_EDGE('',*,*,#7118,.F.);
#5789=ORIENTED_EDGE('',*,*,#7499,.T.);
#5790=ORIENTED_EDGE('',*,*,#7500,.T.);
#5791=ORIENTED_EDGE('',*,*,#7501,.F.);
#5792=ORIENTED_EDGE('',*,*,#7119,.F.);
#5793=CARTESIAN_POINT('',(-0.9,-2.026789028858,-12.57209147711));
#5794=DIRECTION('',(0.0,0.500000000000017,-0.866025403784429));
#5795=DIRECTION('',(-1.0,0.0,0.0));
#5796=ORIENTED_EDGE('',*,*,#7501,.T.);
#5797=ORIENTED_EDGE('',*,*,#7502,.T.);
#5798=ORIENTED_EDGE('',*,*,#6562,.T.);
#5799=ORIENTED_EDGE('',*,*,#7503,.F.);
#5800=ORIENTED_EDGE('',*,*,#7120,.F.);
#5801=CARTESIAN_POINT('',(-0.9,-2.48515728748,-12.3781743646));
#5802=DIRECTION('',(1.0,0.0,-0.0));
#5803=DIRECTION('',(0.0,0.901871200045801,0.4320050214152));
#5804=ORIENTED_EDGE('',*,*,#7503,.T.);
#5805=ORIENTED_EDGE('',*,*,#7504,.T.);
#5806=ORIENTED_EDGE('',*,*,#7505,.F.);
#5807=ORIENTED_EDGE('',*,*,#7121,.F.);
#5808=CARTESIAN_POINT('',(-0.9,-2.734043108576,-12.20925725204));
#5809=DIRECTION('',(0.0,0.500000000202779,0.866025403667364));
#5810=DIRECTION('',(-1.0,0.0,0.0));
#5811=ORIENTED_EDGE('',*,*,#7505,.T.);
#5812=ORIENTED_EDGE('',*,*,#7506,.T.);
#5813=ORIENTED_EDGE('',*,*,#7507,.F.);
#5814=ORIENTED_EDGE('',*,*,#7122,.F.);
#5815=ORIENTED_EDGE('',*,*,#7507,.T.);
#5816=ORIENTED_EDGE('',*,*,#7508,.T.);
#5817=ORIENTED_EDGE('',*,*,#7509,.F.);
#5818=ORIENTED_EDGE('',*,*,#7123,.F.);
#5819=CARTESIAN_POINT('',(-0.9,-2.954061416393,-12.5781743646));
#5820=DIRECTION('',(0.0,1.0,-0.0));
#5821=DIRECTION('',(-1.0,0.0,0.0));
#5822=ORIENTED_EDGE('',*,*,#7509,.T.);
#5823=ORIENTED_EDGE('',*,*,#7510,.T.);
#5824=ORIENTED_EDGE('',*,*,#7511,.F.);
#5825=ORIENTED_EDGE('',*,*,#7124,.F.);
#5826=CARTESIAN_POINT('',(-0.9,-3.370314575062,-12.2781743646));
#5827=DIRECTION('',(1.0,0.0,0.0));
#5828=DIRECTION('',(0.0,0.0545818620733386,-0.998509299071675));
#5829=ORIENTED_EDGE('',*,*,#7511,.T.);
#5830=ORIENTED_EDGE('',*,*,#7512,.T.);
#5831=ORIENTED_EDGE('',*,*,#7513,.F.);
#5832=ORIENTED_EDGE('',*,*,#7125,.F.);
#5833=CARTESIAN_POINT('',(-0.9,-3.567000851733,-12.50575215665));
#5834=DIRECTION('',(0.0,0.707106781186548,-0.707106781186548));
#5835=DIRECTION('',(-1.0,0.0,0.0));
#5836=ORIENTED_EDGE('',*,*,#7514,.F.);
#5837=ORIENTED_EDGE('',*,*,#7513,.T.);
#5838=ORIENTED_EDGE('',*,*,#7515,.T.);
#5839=CARTESIAN_POINT('',(-0.9,-4.0,-12.07275300838));
#5840=DIRECTION('',(0.0,0.382683432844709,-0.923879532312622));
#5841=DIRECTION('',(0.0,-0.923879532312622,-0.382683432844709));
#5842=ORIENTED_EDGE('',*,*,#7516,.T.);
#5843=ORIENTED_EDGE('',*,*,#7517,.F.);
#5844=ORIENTED_EDGE('',*,*,#7518,.F.);
#5845=ORIENTED_EDGE('',*,*,#7515,.F.);
#5846=CARTESIAN_POINT('',(-1.0,-4.0,-12.07275300838));
#5847=DIRECTION('',(-1.0,0.0,0.0));
#5848=DIRECTION('',(0.0,0.0,1.0));
#5849=ORIENTED_EDGE('',*,*,#7518,.T.);
#5850=ORIENTED_EDGE('',*,*,#7519,.F.);
#5851=ORIENTED_EDGE('',*,*,#7520,.F.);
#5852=ORIENTED_EDGE('',*,*,#7521,.F.);
#5853=CARTESIAN_POINT('',(-1.0,-4.1,-11.72593968033));
#5854=DIRECTION('',(0.0,-1.0,0.0));
#5855=DIRECTION('',(0.0,0.0,-1.0));
#5856=ORIENTED_EDGE('',*,*,#7514,.T.);
#5857=ORIENTED_EDGE('',*,*,#7521,.T.);
#5858=ORIENTED_EDGE('',*,*,#7522,.F.);
#5859=ORIENTED_EDGE('',*,*,#7126,.F.);
#5860=CARTESIAN_POINT('',(-0.9,-4.0,-12.09459660838));
#5861=DIRECTION('',(-0.0,0.0,-1.0));
#5862=DIRECTION('',(-1.0,0.0,0.0));
#5863=ORIENTED_EDGE('',*,*,#7523,.F.);
#5864=ORIENTED_EDGE('',*,*,#7522,.T.);
#5865=ORIENTED_EDGE('',*,*,#7524,.T.);
#5866=CARTESIAN_POINT('',(-0.9,-4.0,-11.72593968033));
#5867=DIRECTION('',(0.0,-0.64278760967041,-0.766044443132512));
#5868=DIRECTION('',(0.0,-0.766044443132512,0.64278760967041));
#5869=ORIENTED_EDGE('',*,*,#7520,.T.);
#5870=ORIENTED_EDGE('',*,*,#7525,.F.);
#5871=ORIENTED_EDGE('',*,*,#7526,.F.);
#5872=ORIENTED_EDGE('',*,*,#7524,.F.);
#5873=CARTESIAN_POINT('',(-1.0,-4.0,-11.72593968033));
#5874=DIRECTION('',(-1.0,0.0,0.0));
#5875=DIRECTION('',(0.0,0.0,1.0));
#5876=ORIENTED_EDGE('',*,*,#7526,.T.);
#5877=ORIENTED_EDGE('',*,*,#7527,.F.);
#5878=ORIENTED_EDGE('',*,*,#7528,.F.);
#5879=ORIENTED_EDGE('',*,*,#7529,.F.);
#5880=CARTESIAN_POINT('',(-1.0,-3.67395277335,-11.5669060961));
#5881=DIRECTION('',(0.0,-0.173648177666902,0.984807753012213));
#5882=DIRECTION('',(-1.0,0.0,0.0));
#5883=ORIENTED_EDGE('',*,*,#7523,.T.);
#5884=ORIENTED_EDGE('',*,*,#7529,.T.);
#5885=ORIENTED_EDGE('',*,*,#7530,.F.);
#5886=ORIENTED_EDGE('',*,*,#7127,.F.);
#5887=CARTESIAN_POINT('',(-0.9,-4.021511746634,-11.72973278166));
#5888=DIRECTION('',(-0.0,-0.984807753012213,-0.173648177666902));
#5889=DIRECTION('',(-1.0,0.0,0.0));
#5890=ORIENTED_EDGE('',*,*,#7530,.T.);
#5891=ORIENTED_EDGE('',*,*,#7531,.T.);
#5892=ORIENTED_EDGE('',*,*,#7130,.F.);
#5893=ORIENTED_EDGE('',*,*,#7128,.F.);
#5894=CARTESIAN_POINT('',(-0.9,-3.7,-11.41918493314));
#5895=DIRECTION('',(1.0,0.0,0.0));
#5896=DIRECTION('',(0.0,0.0719586790912787,-0.997407614019182));
#5897=ORIENTED_EDGE('',*,*,#7528,.T.);
#5898=ORIENTED_EDGE('',*,*,#7532,.F.);
#5899=ORIENTED_EDGE('',*,*,#7132,.F.);
#5900=ORIENTED_EDGE('',*,*,#7531,.F.);
#5901=CARTESIAN_POINT('',(-1.0,-3.7,-11.41918493314));
#5902=DIRECTION('',(-1.0,0.0,0.0));
#5903=DIRECTION('',(0.0,0.0,1.0));
#5904=ORIENTED_EDGE('',*,*,#7533,.T.);
#5905=ORIENTED_EDGE('',*,*,#7532,.T.);
#5906=ORIENTED_EDGE('',*,*,#7534,.F.);
#5907=ORIENTED_EDGE('',*,*,#7535,.F.);
#5908=CARTESIAN_POINT('',(1.6,-3.7,-11.41918493314));
#5909=DIRECTION('',(1.0,0.0,-0.0));
#5910=DIRECTION('',(0.0,0.989415549957185,0.145109853224798));
#5911=ORIENTED_EDGE('',*,*,#7536,.T.);
#5912=ORIENTED_EDGE('',*,*,#7537,.T.);
#5913=ORIENTED_EDGE('',*,*,#7535,.T.);
#5914=ORIENTED_EDGE('',*,*,#7538,.T.);
#5915=ORIENTED_EDGE('',*,*,#7539,.T.);
#5916=ORIENTED_EDGE('',*,*,#7540,.T.);
#5917=ORIENTED_EDGE('',*,*,#7541,.T.);
#5918=ORIENTED_EDGE('',*,*,#7542,.T.);
#5919=ORIENTED_EDGE('',*,*,#7543,.T.);
#5920=ORIENTED_EDGE('',*,*,#7544,.T.);
#5921=ORIENTED_EDGE('',*,*,#7545,.T.);
#5922=ORIENTED_EDGE('',*,*,#7546,.T.);
#5923=ORIENTED_EDGE('',*,*,#7547,.T.);
#5924=ORIENTED_EDGE('',*,*,#7548,.T.);
#5925=ORIENTED_EDGE('',*,*,#7549,.T.);
#5926=ORIENTED_EDGE('',*,*,#7550,.T.);
#5927=CARTESIAN_POINT('',(1.7,0.0,0.0));
#5928=DIRECTION('',(1.0,0.0,0.0));
#5929=DIRECTION('',(0.0,1.0,0.0));
#5930=ORIENTED_EDGE('',*,*,#7551,.F.);
#5931=ORIENTED_EDGE('',*,*,#7550,.F.);
#5932=ORIENTED_EDGE('',*,*,#7552,.T.);
#5933=ORIENTED_EDGE('',*,*,#7490,.T.);
#5934=CARTESIAN_POINT('',(1.6,-1.3,-12.2935511646));
#5935=DIRECTION('',(0.0,0.0,-1.0));
#5936=DIRECTION('',(1.0,0.0,0.0));
#5937=ORIENTED_EDGE('',*,*,#7553,.T.);
#5938=ORIENTED_EDGE('',*,*,#7554,.T.);
#5939=ORIENTED_EDGE('',*,*,#7552,.F.);
#5940=ORIENTED_EDGE('',*,*,#7549,.F.);
#5941=CARTESIAN_POINT('',(1.6,-1.6,-12.2781743646));
#5942=DIRECTION('',(1.0,0.0,0.0));
#5943=DIRECTION('',(0.0,-0.0384325325159299,-0.999261197307497));
#5944=ORIENTED_EDGE('',*,*,#7491,.F.);
#5945=ORIENTED_EDGE('',*,*,#7554,.F.);
#5946=ORIENTED_EDGE('',*,*,#7555,.F.);
#5947=ORIENTED_EDGE('',*,*,#7494,.F.);
#5948=CARTESIAN_POINT('',(-1.0,-1.6,-12.2781743646));
#5949=DIRECTION('',(-1.0,0.0,0.0));
#5950=DIRECTION('',(0.0,0.0,1.0));
#5951=ORIENTED_EDGE('',*,*,#7555,.T.);
#5952=ORIENTED_EDGE('',*,*,#7556,.F.);
#5953=ORIENTED_EDGE('',*,*,#7557,.F.);
#5954=ORIENTED_EDGE('',*,*,#7496,.F.);
#5955=CARTESIAN_POINT('',(-1.0,-1.994409558669,-12.6781743646));
#5956=DIRECTION('',(0.0,0.0,-1.0));
#5957=DIRECTION('',(0.0,-1.0,0.0));
#5958=ORIENTED_EDGE('',*,*,#7557,.T.);
#5959=ORIENTED_EDGE('',*,*,#7558,.F.);
#5960=ORIENTED_EDGE('',*,*,#7559,.F.);
#5961=ORIENTED_EDGE('',*,*,#7498,.F.);
#5962=CARTESIAN_POINT('',(-1.0,-1.994409558669,-12.5281743646));
#5963=DIRECTION('',(-1.0,0.0,0.0));
#5964=DIRECTION('',(0.0,0.0,1.0));
#5965=ORIENTED_EDGE('',*,*,#7559,.T.);
#5966=ORIENTED_EDGE('',*,*,#7560,.F.);
#5967=ORIENTED_EDGE('',*,*,#7561,.F.);
#5968=ORIENTED_EDGE('',*,*,#7500,.F.);
#5969=CARTESIAN_POINT('',(-1.0,-2.311952206723,-12.2781743646));
#5970=DIRECTION('',(0.0,-0.866025403784429,-0.500000000000017));
#5971=DIRECTION('',(0.0,0.500000000000017,-0.866025403784429));
#5972=ORIENTED_EDGE('',*,*,#6559,.T.);
#5973=ORIENTED_EDGE('',*,*,#7502,.F.);
#5974=ORIENTED_EDGE('',*,*,#7561,.T.);
#5975=ORIENTED_EDGE('',*,*,#7562,.F.);
#5976=CARTESIAN_POINT('',(-1.0,-2.48515728748,-12.3781743646));
#5977=DIRECTION('',(-1.0,0.0,0.0));
#5978=DIRECTION('',(0.0,0.0,1.0));
#5979=ORIENTED_EDGE('',*,*,#6561,.T.);
#5980=ORIENTED_EDGE('',*,*,#7563,.F.);
#5981=ORIENTED_EDGE('',*,*,#7564,.F.);
#5982=ORIENTED_EDGE('',*,*,#7504,.F.);
#5983=CARTESIAN_POINT('',(-1.0,-2.846001205843,-12.60317436463));
#5984=DIRECTION('',(0.0,0.866025403667364,-0.500000000202779));
#5985=DIRECTION('',(-1.0,0.0,0.0));
#5986=ORIENTED_EDGE('',*,*,#7564,.T.);
#5987=ORIENTED_EDGE('',*,*,#7565,.F.);
#5988=ORIENTED_EDGE('',*,*,#7566,.F.);
#5989=ORIENTED_EDGE('',*,*,#7506,.F.);
#5990=CARTESIAN_POINT('',(-1.0,-2.975905016393,-12.5281743646));
#5991=DIRECTION('',(-1.0,0.0,0.0));
#5992=DIRECTION('',(0.0,0.0,1.0));
#5993=ORIENTED_EDGE('',*,*,#7566,.T.);
#5994=ORIENTED_EDGE('',*,*,#7567,.F.);
#5995=ORIENTED_EDGE('',*,*,#7568,.F.);
#5996=ORIENTED_EDGE('',*,*,#7508,.F.);
#5997=CARTESIAN_POINT('',(-1.0,-3.370314575062,-12.6781743646));
#5998=DIRECTION('',(0.0,0.0,-1.0));
#5999=DIRECTION('',(0.0,-1.0,0.0));
#6000=ORIENTED_EDGE('',*,*,#7568,.T.);
#6001=ORIENTED_EDGE('',*,*,#7569,.F.);
#6002=ORIENTED_EDGE('',*,*,#7570,.F.);
#6003=ORIENTED_EDGE('',*,*,#7510,.F.);
#6004=CARTESIAN_POINT('',(-1.0,-3.370314575062,-12.2781743646));
#6005=DIRECTION('',(-1.0,0.0,0.0));
#6006=DIRECTION('',(0.0,0.0,1.0));
#6007=ORIENTED_EDGE('',*,*,#7570,.T.);
#6008=ORIENTED_EDGE('',*,*,#7571,.F.);
#6009=ORIENTED_EDGE('',*,*,#7516,.F.);
#6010=ORIENTED_EDGE('',*,*,#7512,.F.);
#6011=CARTESIAN_POINT('',(-1.0,-4.070710678119,-12.1434636865));
#6012=DIRECTION('',(0.0,-0.707106781186548,-0.707106781186548));
#6013=DIRECTION('',(0.0,-0.707106781186548,0.707106781186548));
#6014=ORIENTED_EDGE('',*,*,#7572,.T.);
#6015=ORIENTED_EDGE('',*,*,#7571,.T.);
#6016=ORIENTED_EDGE('',*,*,#7573,.F.);
#6017=ORIENTED_EDGE('',*,*,#7540,.F.);
#6018=CARTESIAN_POINT('',(1.6,-4.010873039553,-12.06187996883));
#6019=DIRECTION('',(0.0,-0.707106781186548,0.707106781186548));
#6020=DIRECTION('',(1.0,0.0,0.0));
#6021=ORIENTED_EDGE('',*,*,#7573,.T.);
#6022=ORIENTED_EDGE('',*,*,#7569,.T.);
#6023=ORIENTED_EDGE('',*,*,#7574,.F.);
#6024=ORIENTED_EDGE('',*,*,#7541,.F.);
#6025=CARTESIAN_POINT('',(1.6,-3.370314575062,-12.2781743646));
#6026=DIRECTION('',(1.0,0.0,0.0));
#6027=DIRECTION('',(0.0,-0.73376027315292,-0.679408464432518));
#6028=ORIENTED_EDGE('',*,*,#7574,.T.);
#6029=ORIENTED_EDGE('',*,*,#7567,.T.);
#6030=ORIENTED_EDGE('',*,*,#7575,.F.);
#6031=ORIENTED_EDGE('',*,*,#7542,.F.);
#6032=CARTESIAN_POINT('',(1.6,-3.385691375062,-12.5781743646));
#6033=DIRECTION('',(0.0,-1.0,0.0));
#6034=DIRECTION('',(1.0,0.0,0.0));
#6035=ORIENTED_EDGE('',*,*,#7575,.T.);
#6036=ORIENTED_EDGE('',*,*,#7565,.T.);
#6037=ORIENTED_EDGE('',*,*,#7576,.F.);
#6038=ORIENTED_EDGE('',*,*,#7543,.F.);
#6039=ORIENTED_EDGE('',*,*,#7576,.T.);
#6040=ORIENTED_EDGE('',*,*,#7563,.T.);
#6041=ORIENTED_EDGE('',*,*,#7577,.F.);
#6042=ORIENTED_EDGE('',*,*,#7544,.F.);
#6043=CARTESIAN_POINT('',(1.6,-2.940292146213,-12.56649106404));
#6044=DIRECTION('',(0.0,-0.500000000202779,-0.866025403667364));
#6045=DIRECTION('',(1.0,0.0,0.0));
#6046=ORIENTED_EDGE('',*,*,#7577,.T.);
#6047=ORIENTED_EDGE('',*,*,#6560,.T.);
#6048=ORIENTED_EDGE('',*,*,#7562,.T.);
#6049=ORIENTED_EDGE('',*,*,#7578,.F.);
#6050=ORIENTED_EDGE('',*,*,#7545,.F.);
#6051=CARTESIAN_POINT('',(1.6,-2.48515728748,-12.3781743646));
#6052=DIRECTION('',(1.0,0.0,0.0));
#6053=DIRECTION('',(0.0,-0.915365809982248,0.402623190980777));
#6054=ORIENTED_EDGE('',*,*,#7578,.T.);
#6055=ORIENTED_EDGE('',*,*,#7560,.T.);
#6056=ORIENTED_EDGE('',*,*,#7579,.F.);
#6057=ORIENTED_EDGE('',*,*,#7546,.F.);
#6058=CARTESIAN_POINT('',(1.6,-2.233038066345,-12.21485766518));
#6059=DIRECTION('',(0.0,-0.500000000000017,0.866025403784429));
#6060=DIRECTION('',(1.0,0.0,0.0));
#6061=ORIENTED_EDGE('',*,*,#7579,.T.);
#6062=ORIENTED_EDGE('',*,*,#7558,.T.);
#6063=ORIENTED_EDGE('',*,*,#7580,.F.);
#6064=ORIENTED_EDGE('',*,*,#7547,.F.);
#6065=ORIENTED_EDGE('',*,*,#7580,.T.);
#6066=ORIENTED_EDGE('',*,*,#7556,.T.);
#6067=ORIENTED_EDGE('',*,*,#7553,.F.);
#6068=ORIENTED_EDGE('',*,*,#7548,.F.);
#6069=CARTESIAN_POINT('',(1.6,-2.009786358669,-12.5781743646));
#6070=DIRECTION('',(0.0,-1.0,0.0));
#6071=DIRECTION('',(1.0,0.0,0.0));
#6072=ORIENTED_EDGE('',*,*,#7572,.F.);
#6073=ORIENTED_EDGE('',*,*,#7581,.T.);
#6074=ORIENTED_EDGE('',*,*,#7517,.T.);
#6075=CARTESIAN_POINT('',(1.6,-4.0,-12.07275300838));
#6076=DIRECTION('',(0.0,-0.382683432844709,0.923879532312622));
#6077=DIRECTION('',(0.0,-0.923879532312622,-0.382683432844709));
#6078=ORIENTED_EDGE('',*,*,#7582,.T.);
#6079=ORIENTED_EDGE('',*,*,#7519,.T.);
#6080=ORIENTED_EDGE('',*,*,#7581,.F.);
#6081=ORIENTED_EDGE('',*,*,#7539,.F.);
#6082=CARTESIAN_POINT('',(1.6,-4.0,-11.71056288033));
#6083=DIRECTION('',(-0.0,0.0,1.0));
#6084=DIRECTION('',(1.0,0.0,0.0));
#6085=ORIENTED_EDGE('',*,*,#7582,.F.);
#6086=ORIENTED_EDGE('',*,*,#7583,.T.);
#6087=ORIENTED_EDGE('',*,*,#7525,.T.);
#6088=CARTESIAN_POINT('',(1.6,-4.0,-11.72593968033));
#6089=DIRECTION('',(0.0,0.64278760967041,0.766044443132512));
#6090=DIRECTION('',(0.0,-0.766044443132512,0.64278760967041));
#6091=ORIENTED_EDGE('',*,*,#7534,.T.);
#6092=ORIENTED_EDGE('',*,*,#7527,.T.);
#6093=ORIENTED_EDGE('',*,*,#7583,.F.);
#6094=ORIENTED_EDGE('',*,*,#7538,.F.);
#6095=CARTESIAN_POINT('',(1.6,-3.641444763727,-11.6627167181));
#6096=DIRECTION('',(-0.0,0.984807753012213,0.173648177666902));
#6097=DIRECTION('',(1.0,0.0,0.0));
#6098=ORIENTED_EDGE('',*,*,#7551,.T.);
#6099=ORIENTED_EDGE('',*,*,#7584,.T.);
#6100=ORIENTED_EDGE('',*,*,#7585,.T.);
#6101=CARTESIAN_POINT('',(1.6,-1.3,-10.79651618124));
#6102=DIRECTION('',(-0.707106781186556,0.454519477672013,0.541675220419716));
#6103=DIRECTION('',(0.707106781186539,0.454519477672025,0.541675220419729));
#6104=ORIENTED_EDGE('',*,*,#7585,.F.);
#6105=ORIENTED_EDGE('',*,*,#7586,.T.);
#6106=ORIENTED_EDGE('',*,*,#7587,.F.);
#6107=ORIENTED_EDGE('',*,*,#7536,.F.);
#6108=CARTESIAN_POINT('',(1.6,21.02729653185,-29.5313424663));
#6109=DIRECTION('',(0.0,0.766044443119007,-0.642787609686505));
#6110=DIRECTION('',(1.0,0.0,0.0));
#6111=ORIENTED_EDGE('',*,*,#7588,.F.);
#6112=ORIENTED_EDGE('',*,*,#7587,.T.);
#6113=ORIENTED_EDGE('',*,*,#7589,.T.);
#6114=CARTESIAN_POINT('',(1.6,-3.45,-8.992451974211));
#6115=DIRECTION('',(0.0,0.906307787320437,0.422618261132117));
#6116=DIRECTION('',(0.0,-0.422618261132117,0.906307787320437));
#6117=ORIENTED_EDGE('',*,*,#7590,.F.);
#6118=ORIENTED_EDGE('',*,*,#7483,.T.);
#6119=ORIENTED_EDGE('',*,*,#7134,.T.);
#6120=ORIENTED_EDGE('',*,*,#7589,.F.);
#6121=CARTESIAN_POINT('',(0.2,-3.45,-8.992451974211));
#6122=DIRECTION('',(-1.0,-0.0,0.0));
#6123=DIRECTION('',(0.0,-1.0,0.0));
#6124=ORIENTED_EDGE('',*,*,#7590,.T.);
#6125=ORIENTED_EDGE('',*,*,#7586,.F.);
#6126=ORIENTED_EDGE('',*,*,#7591,.F.);
#6127=ORIENTED_EDGE('',*,*,#7486,.T.);
#6128=ORIENTED_EDGE('',*,*,#7484,.T.);
#6129=CARTESIAN_POINT('',(0.2,-1.2,-10.74988541543));
#6130=DIRECTION('',(0.0,0.642787609686505,0.766044443119007));
#6131=DIRECTION('',(1.0,-0.0,0.0));
#6132=ORIENTED_EDGE('',*,*,#7584,.F.);
#6133=ORIENTED_EDGE('',*,*,#7489,.T.);
#6134=ORIENTED_EDGE('',*,*,#7487,.T.);
#6135=ORIENTED_EDGE('',*,*,#7591,.T.);
#6136=CARTESIAN_POINT('',(21.6432,-1.3,-10.79651618124));
#6137=DIRECTION('',(1.0,-0.0,0.0));
#6138=DIRECTION('',(0.0,0.642787609686505,0.766044443119007));
#6139=ORIENTED_EDGE('',*,*,#7588,.T.);
#6140=ORIENTED_EDGE('',*,*,#7133,.T.);
#6141=ORIENTED_EDGE('',*,*,#7533,.F.);
#6142=ORIENTED_EDGE('',*,*,#7537,.F.);
#6143=CARTESIAN_POINT('',(1.6,-3.45,-8.877134266775));
#6144=DIRECTION('',(-0.0,0.0,1.0));
#6145=DIRECTION('',(1.0,0.0,0.0));
#6146=ORIENTED_EDGE('',*,*,#7194,.F.);
#6147=ORIENTED_EDGE('',*,*,#7189,.T.);
#6148=ORIENTED_EDGE('',*,*,#7592,.F.);
#6149=ORIENTED_EDGE('',*,*,#7151,.F.);
#6150=CARTESIAN_POINT('',(1.8,0.0,0.0));
#6151=DIRECTION('',(1.0,0.0,0.0));
#6152=DIRECTION('',(0.0,1.0,0.0));
#6153=ORIENTED_EDGE('',*,*,#6578,.T.);
#6154=ORIENTED_EDGE('',*,*,#7186,.F.);
#6155=ORIENTED_EDGE('',*,*,#7182,.F.);
#6156=ORIENTED_EDGE('',*,*,#7176,.F.);
#6157=ORIENTED_EDGE('',*,*,#7170,.F.);
#6158=ORIENTED_EDGE('',*,*,#6679,.T.);
#6159=ORIENTED_EDGE('',*,*,#7593,.F.);
#6160=ORIENTED_EDGE('',*,*,#7594,.F.);
#6161=CARTESIAN_POINT('',(1.8,0.0,0.0));
#6162=DIRECTION('',(1.0,0.0,0.0));
#6163=DIRECTION('',(0.0,1.0,0.0));
#6164=ORIENTED_EDGE('',*,*,#7152,.T.);
#6165=ORIENTED_EDGE('',*,*,#7592,.T.);
#6166=ORIENTED_EDGE('',*,*,#7594,.T.);
#6167=ORIENTED_EDGE('',*,*,#7595,.F.);
#6168=ORIENTED_EDGE('',*,*,#7143,.F.);
#6169=ORIENTED_EDGE('',*,*,#7138,.F.);
#6170=CARTESIAN_POINT('',(-1.0,-4.15,-9.0));
#6171=DIRECTION('',(0.0,-1.0,0.0));
#6172=DIRECTION('',(0.0,0.0,-1.0));
#6173=ORIENTED_EDGE('',*,*,#7595,.T.);
#6174=ORIENTED_EDGE('',*,*,#7593,.T.);
#6175=ORIENTED_EDGE('',*,*,#6678,.F.);
#6176=ORIENTED_EDGE('',*,*,#7144,.F.);
#6177=CARTESIAN_POINT('',(-1.0,-4.65,-10.75));
#6178=DIRECTION('',(-1.0,0.0,-0.0));
#6179=DIRECTION('',(0.0,0.0,-1.0));
#6180=ORIENTED_EDGE('',*,*,#6557,.T.);
#6181=ORIENTED_EDGE('',*,*,#7596,.T.);
#6182=ORIENTED_EDGE('',*,*,#6913,.T.);
#6183=ORIENTED_EDGE('',*,*,#7597,.T.);
#6184=CARTESIAN_POINT('',(5.400000000036,-4.8,-8.25));
#6185=DIRECTION('',(1.0,0.0,-0.0));
#6186=DIRECTION('',(0.0,0.0,1.0));
#6187=ORIENTED_EDGE('',*,*,#6553,.T.);
#6188=ORIENTED_EDGE('',*,*,#7597,.F.);
#6189=ORIENTED_EDGE('',*,*,#6912,.T.);
#6190=ORIENTED_EDGE('',*,*,#7596,.F.);
#6191=CARTESIAN_POINT('',(5.400000000036,-4.8,-8.25));
#6192=DIRECTION('',(1.0,0.0,-0.0));
#6193=DIRECTION('',(0.0,0.0,1.0));
#6194=ORIENTED_EDGE('',*,*,#7598,.T.);
#6195=ORIENTED_EDGE('',*,*,#7599,.F.);
#6196=ORIENTED_EDGE('',*,*,#6555,.F.);
#6197=ORIENTED_EDGE('',*,*,#7600,.T.);
#6198=CARTESIAN_POINT('',(4.920000000066,-4.8,-8.25));
#6199=DIRECTION('',(1.0,0.0,0.0));
#6200=DIRECTION('',(0.0,0.0,1.0));
#6201=ORIENTED_EDGE('',*,*,#6558,.T.);
#6202=ORIENTED_EDGE('',*,*,#7599,.T.);
#6203=ORIENTED_EDGE('',*,*,#7601,.F.);
#6204=ORIENTED_EDGE('',*,*,#7600,.F.);
#6205=CARTESIAN_POINT('',(4.920000000066,-4.8,-8.25));
#6206=DIRECTION('',(1.0,0.0,0.0));
#6207=DIRECTION('',(0.0,0.0,1.0));
#6208=ORIENTED_EDGE('',*,*,#7601,.T.);
#6209=ORIENTED_EDGE('',*,*,#7598,.F.);
#6210=CARTESIAN_POINT('',(5.0,-4.8,-8.25));
#6211=DIRECTION('',(1.0,0.0,0.0));
#6212=DIRECTION('',(0.0,1.0,0.0));
#6213=ORIENTED_EDGE('',*,*,#6551,.T.);
#6214=ORIENTED_EDGE('',*,*,#7602,.T.);
#6215=ORIENTED_EDGE('',*,*,#6915,.T.);
#6216=ORIENTED_EDGE('',*,*,#7603,.T.);
#6217=CARTESIAN_POINT('',(5.400000000036,-4.8,-5.55));
#6218=DIRECTION('',(1.0,0.0,-0.0));
#6219=DIRECTION('',(0.0,0.0,1.0));
#6220=ORIENTED_EDGE('',*,*,#6547,.T.);
#6221=ORIENTED_EDGE('',*,*,#7603,.F.);
#6222=ORIENTED_EDGE('',*,*,#6914,.T.);
#6223=ORIENTED_EDGE('',*,*,#7602,.F.);
#6224=CARTESIAN_POINT('',(5.400000000036,-4.8,-5.55));
#6225=DIRECTION('',(1.0,0.0,-0.0));
#6226=DIRECTION('',(0.0,0.0,1.0));
#6227=ORIENTED_EDGE('',*,*,#7604,.T.);
#6228=ORIENTED_EDGE('',*,*,#7605,.F.);
#6229=ORIENTED_EDGE('',*,*,#6549,.F.);
#6230=ORIENTED_EDGE('',*,*,#7606,.T.);
#6231=CARTESIAN_POINT('',(4.920000000066,-4.8,-5.55));
#6232=DIRECTION('',(1.0,0.0,0.0));
#6233=DIRECTION('',(0.0,0.0,1.0));
#6234=ORIENTED_EDGE('',*,*,#6552,.T.);
#6235=ORIENTED_EDGE('',*,*,#7605,.T.);
#6236=ORIENTED_EDGE('',*,*,#7607,.F.);
#6237=ORIENTED_EDGE('',*,*,#7606,.F.);
#6238=CARTESIAN_POINT('',(4.920000000066,-4.8,-5.55));
#6239=DIRECTION('',(1.0,0.0,0.0));
#6240=DIRECTION('',(0.0,0.0,1.0));
#6241=ORIENTED_EDGE('',*,*,#7607,.T.);
#6242=ORIENTED_EDGE('',*,*,#7604,.F.);
#6243=CARTESIAN_POINT('',(5.0,-4.8,-5.55));
#6244=DIRECTION('',(1.0,0.0,0.0));
#6245=DIRECTION('',(0.0,1.0,0.0));
#6246=ORIENTED_EDGE('',*,*,#6545,.T.);
#6247=ORIENTED_EDGE('',*,*,#7608,.F.);
#6248=ORIENTED_EDGE('',*,*,#6917,.T.);
#6249=ORIENTED_EDGE('',*,*,#7609,.T.);
#6250=CARTESIAN_POINT('',(5.4,2.8,-3.75));
#6251=DIRECTION('',(1.0,0.0,-0.0));
#6252=DIRECTION('',(0.0,0.0,1.0));
#6253=ORIENTED_EDGE('',*,*,#6541,.T.);
#6254=ORIENTED_EDGE('',*,*,#7609,.F.);
#6255=ORIENTED_EDGE('',*,*,#6916,.T.);
#6256=ORIENTED_EDGE('',*,*,#7608,.T.);
#6257=CARTESIAN_POINT('',(5.4,2.8,-3.75));
#6258=DIRECTION('',(1.0,0.0,-0.0));
#6259=DIRECTION('',(0.0,0.0,1.0));
#6260=ORIENTED_EDGE('',*,*,#6546,.T.);
#6261=ORIENTED_EDGE('',*,*,#6543,.F.);
#6262=CARTESIAN_POINT('',(5.29999999999,2.8,-3.75));
#6263=DIRECTION('',(1.0,0.0,0.0));
#6264=DIRECTION('',(0.0,1.0,0.0));
#6265=ORIENTED_EDGE('',*,*,#6539,.T.);
#6266=ORIENTED_EDGE('',*,*,#7610,.F.);
#6267=ORIENTED_EDGE('',*,*,#6919,.T.);
#6268=ORIENTED_EDGE('',*,*,#7611,.T.);
#6269=CARTESIAN_POINT('',(5.4,4.2,-6.75));
#6270=DIRECTION('',(1.0,0.0,-0.0));
#6271=DIRECTION('',(0.0,0.0,1.0));
#6272=ORIENTED_EDGE('',*,*,#6535,.T.);
#6273=ORIENTED_EDGE('',*,*,#7611,.F.);
#6274=ORIENTED_EDGE('',*,*,#6918,.T.);
#6275=ORIENTED_EDGE('',*,*,#7610,.T.);
#6276=CARTESIAN_POINT('',(5.4,4.2,-6.75));
#6277=DIRECTION('',(1.0,0.0,-0.0));
#6278=DIRECTION('',(0.0,0.0,1.0));
#6279=ORIENTED_EDGE('',*,*,#7612,.T.);
#6280=ORIENTED_EDGE('',*,*,#7613,.F.);
#6281=ORIENTED_EDGE('',*,*,#6537,.F.);
#6282=ORIENTED_EDGE('',*,*,#7614,.T.);
#6283=ORIENTED_EDGE('',*,*,#6540,.T.);
#6284=ORIENTED_EDGE('',*,*,#7613,.T.);
#6285=ORIENTED_EDGE('',*,*,#7615,.F.);
#6286=ORIENTED_EDGE('',*,*,#7614,.F.);
#6287=ORIENTED_EDGE('',*,*,#7615,.T.);
#6288=ORIENTED_EDGE('',*,*,#7612,.F.);
#6289=CARTESIAN_POINT('',(5.041853478326,4.2,-6.75));
#6290=DIRECTION('',(1.0,0.0,0.0));
#6291=DIRECTION('',(0.0,1.0,0.0));
#6292=ORIENTED_EDGE('',*,*,#6533,.T.);
#6293=ORIENTED_EDGE('',*,*,#7616,.F.);
#6294=ORIENTED_EDGE('',*,*,#6921,.T.);
#6295=ORIENTED_EDGE('',*,*,#7617,.T.);
#6296=CARTESIAN_POINT('',(5.398739146462,4.7,-1.25));
#6297=DIRECTION('',(1.0,0.0,-0.0));
#6298=DIRECTION('',(0.0,0.0,1.0));
#6299=ORIENTED_EDGE('',*,*,#6529,.T.);
#6300=ORIENTED_EDGE('',*,*,#7617,.F.);
#6301=ORIENTED_EDGE('',*,*,#6920,.T.);
#6302=ORIENTED_EDGE('',*,*,#7616,.T.);
#6303=CARTESIAN_POINT('',(5.398739146462,4.7,-1.25));
#6304=DIRECTION('',(1.0,0.0,-0.0));
#6305=DIRECTION('',(0.0,0.0,1.0));
#6306=ORIENTED_EDGE('',*,*,#6534,.T.);
#6307=ORIENTED_EDGE('',*,*,#6531,.F.);
#6308=CARTESIAN_POINT('',(5.29999999999,4.7,-1.25));
#6309=DIRECTION('',(1.0,0.0,0.0));
#6310=DIRECTION('',(0.0,1.0,0.0));
#6311=ORIENTED_EDGE('',*,*,#7618,.F.);
#6312=ORIENTED_EDGE('',*,*,#7619,.T.);
#6313=ORIENTED_EDGE('',*,*,#7620,.F.);
#6314=ORIENTED_EDGE('',*,*,#6925,.F.);
#6315=CARTESIAN_POINT('',(5.775,-2.18,-4.66025));
#6316=DIRECTION('',(0.866046828230738,0.0,-0.499962889934322));
#6317=DIRECTION('',(0.0,-1.0,0.0));
#6318=ORIENTED_EDGE('',*,*,#7621,.F.);
#6319=ORIENTED_EDGE('',*,*,#6922,.F.);
#6320=ORIENTED_EDGE('',*,*,#7620,.T.);
#6321=ORIENTED_EDGE('',*,*,#7622,.F.);
#6322=CARTESIAN_POINT('',(6.0,-1.43,-8.25));
#6323=DIRECTION('',(-0.0,1.0,0.0));
#6324=DIRECTION('',(1.0,0.0,0.0));
#6325=ORIENTED_EDGE('',*,*,#7623,.T.);
#6326=ORIENTED_EDGE('',*,*,#7624,.T.);
#6327=ORIENTED_EDGE('',*,*,#7622,.T.);
#6328=ORIENTED_EDGE('',*,*,#7619,.F.);
#6329=CARTESIAN_POINT('',(5.55,0.0,0.0));
#6330=DIRECTION('',(1.0,0.0,0.0));
#6331=DIRECTION('',(0.0,1.0,0.0));
#6332=ORIENTED_EDGE('',*,*,#7621,.T.);
#6333=ORIENTED_EDGE('',*,*,#7624,.F.);
#6334=ORIENTED_EDGE('',*,*,#7625,.F.);
#6335=ORIENTED_EDGE('',*,*,#6923,.T.);
#6336=CARTESIAN_POINT('',(6.0,-2.93,-8.25));
#6337=DIRECTION('',(0.0,0.0,-1.0));
#6338=DIRECTION('',(0.0,-1.0,0.0));
#6339=ORIENTED_EDGE('',*,*,#7625,.T.);
#6340=ORIENTED_EDGE('',*,*,#7623,.F.);
#6341=ORIENTED_EDGE('',*,*,#7618,.T.);
#6342=ORIENTED_EDGE('',*,*,#6924,.F.);
#6343=CARTESIAN_POINT('',(6.0,-2.93,-5.05));
#6344=DIRECTION('',(0.0,-1.0,0.0));
#6345=DIRECTION('',(0.0,0.0,-1.0));
#6346=ORIENTED_EDGE('',*,*,#7626,.F.);
#6347=ORIENTED_EDGE('',*,*,#6525,.T.);
#6348=ORIENTED_EDGE('',*,*,#7627,.T.);
#6349=ORIENTED_EDGE('',*,*,#6646,.F.);
#6350=CARTESIAN_POINT('',(-5.579999999738,-4.8,-8.25));
#6351=DIRECTION('',(1.0,0.0,0.0));
#6352=DIRECTION('',(0.0,0.0,1.0));
#6353=ORIENTED_EDGE('',*,*,#7627,.F.);
#6354=ORIENTED_EDGE('',*,*,#6528,.F.);
#6355=ORIENTED_EDGE('',*,*,#7626,.T.);
#6356=ORIENTED_EDGE('',*,*,#6645,.F.);
#6357=CARTESIAN_POINT('',(-5.579999999738,-4.8,-8.25));
#6358=DIRECTION('',(1.0,0.0,0.0));
#6359=DIRECTION('',(0.0,0.0,1.0));
#6360=ORIENTED_EDGE('',*,*,#6527,.T.);
#6361=ORIENTED_EDGE('',*,*,#7628,.F.);
#6362=ORIENTED_EDGE('',*,*,#7629,.F.);
#6363=ORIENTED_EDGE('',*,*,#7630,.T.);
#6364=CARTESIAN_POINT('',(-5.099999999642,-4.8,-8.25));
#6365=DIRECTION('',(1.0,0.0,-0.0));
#6366=DIRECTION('',(0.0,0.0,1.0));
#6367=ORIENTED_EDGE('',*,*,#6523,.T.);
#6368=ORIENTED_EDGE('',*,*,#7630,.F.);
#6369=ORIENTED_EDGE('',*,*,#7631,.T.);
#6370=ORIENTED_EDGE('',*,*,#7628,.T.);
#6371=CARTESIAN_POINT('',(-5.099999999642,-4.8,-8.25));
#6372=DIRECTION('',(1.0,0.0,-0.0));
#6373=DIRECTION('',(0.0,0.0,1.0));
#6374=ORIENTED_EDGE('',*,*,#7631,.F.);
#6375=ORIENTED_EDGE('',*,*,#7629,.T.);
#6376=CARTESIAN_POINT('',(-5.0,-4.8,-8.25));
#6377=DIRECTION('',(1.0,0.0,0.0));
#6378=DIRECTION('',(0.0,1.0,0.0));
#6379=ORIENTED_EDGE('',*,*,#6519,.T.);
#6380=ORIENTED_EDGE('',*,*,#7632,.T.);
#6381=ORIENTED_EDGE('',*,*,#6648,.F.);
#6382=ORIENTED_EDGE('',*,*,#7633,.F.);
#6383=CARTESIAN_POINT('',(-5.579999999738,-4.8,-5.55));
#6384=DIRECTION('',(1.0,0.0,0.0));
#6385=DIRECTION('',(0.0,0.0,1.0));
#6386=ORIENTED_EDGE('',*,*,#6647,.F.);
#6387=ORIENTED_EDGE('',*,*,#7632,.F.);
#6388=ORIENTED_EDGE('',*,*,#6522,.F.);
#6389=ORIENTED_EDGE('',*,*,#7633,.T.);
#6390=CARTESIAN_POINT('',(-5.579999999738,-4.8,-5.55));
#6391=DIRECTION('',(1.0,0.0,0.0));
#6392=DIRECTION('',(0.0,0.0,1.0));
#6393=ORIENTED_EDGE('',*,*,#6521,.T.);
#6394=ORIENTED_EDGE('',*,*,#7634,.F.);
#6395=ORIENTED_EDGE('',*,*,#7635,.F.);
#6396=ORIENTED_EDGE('',*,*,#7636,.T.);
#6397=CARTESIAN_POINT('',(-5.099999999642,-4.8,-5.55));
#6398=DIRECTION('',(1.0,0.0,-0.0));
#6399=DIRECTION('',(0.0,0.0,1.0));
#6400=ORIENTED_EDGE('',*,*,#6517,.T.);
#6401=ORIENTED_EDGE('',*,*,#7636,.F.);
#6402=ORIENTED_EDGE('',*,*,#7637,.T.);
#6403=ORIENTED_EDGE('',*,*,#7634,.T.);
#6404=CARTESIAN_POINT('',(-5.099999999642,-4.8,-5.55));
#6405=DIRECTION('',(1.0,0.0,-0.0));
#6406=DIRECTION('',(0.0,0.0,1.0));
#6407=ORIENTED_EDGE('',*,*,#7637,.F.);
#6408=ORIENTED_EDGE('',*,*,#7635,.T.);
#6409=CARTESIAN_POINT('',(-5.0,-4.8,-5.55));
#6410=DIRECTION('',(1.0,0.0,0.0));
#6411=DIRECTION('',(0.0,1.0,0.0));
#6412=ORIENTED_EDGE('',*,*,#7638,.F.);
#6413=ORIENTED_EDGE('',*,*,#6513,.T.);
#6414=ORIENTED_EDGE('',*,*,#7639,.T.);
#6415=ORIENTED_EDGE('',*,*,#6650,.F.);
#6416=CARTESIAN_POINT('',(-5.589999997708,2.8,-3.75));
#6417=DIRECTION('',(1.0,0.0,0.0));
#6418=DIRECTION('',(0.0,0.0,1.0));
#6419=ORIENTED_EDGE('',*,*,#7639,.F.);
#6420=ORIENTED_EDGE('',*,*,#6516,.F.);
#6421=ORIENTED_EDGE('',*,*,#7638,.T.);
#6422=ORIENTED_EDGE('',*,*,#6649,.F.);
#6423=CARTESIAN_POINT('',(-5.589999997708,2.8,-3.75));
#6424=DIRECTION('',(1.0,0.0,0.0));
#6425=DIRECTION('',(0.0,0.0,1.0));
#6426=ORIENTED_EDGE('',*,*,#6515,.T.);
#6427=ORIENTED_EDGE('',*,*,#7640,.F.);
#6428=ORIENTED_EDGE('',*,*,#7641,.F.);
#6429=ORIENTED_EDGE('',*,*,#7642,.T.);
#6430=CARTESIAN_POINT('',(-5.100000000008,2.8,-3.75));
#6431=DIRECTION('',(1.0,0.0,-0.0));
#6432=DIRECTION('',(0.0,0.0,1.0));
#6433=ORIENTED_EDGE('',*,*,#6511,.T.);
#6434=ORIENTED_EDGE('',*,*,#7642,.F.);
#6435=ORIENTED_EDGE('',*,*,#7643,.T.);
#6436=ORIENTED_EDGE('',*,*,#7640,.T.);
#6437=CARTESIAN_POINT('',(-5.100000000008,2.8,-3.75));
#6438=DIRECTION('',(1.0,0.0,-0.0));
#6439=DIRECTION('',(0.0,0.0,1.0));
#6440=ORIENTED_EDGE('',*,*,#7643,.F.);
#6441=ORIENTED_EDGE('',*,*,#7641,.T.);
#6442=CARTESIAN_POINT('',(-5.0,2.8,-3.75));
#6443=DIRECTION('',(1.0,0.0,0.0));
#6444=DIRECTION('',(0.0,1.0,0.0));
#6445=ORIENTED_EDGE('',*,*,#7644,.F.);
#6446=ORIENTED_EDGE('',*,*,#6507,.T.);
#6447=ORIENTED_EDGE('',*,*,#7645,.T.);
#6448=ORIENTED_EDGE('',*,*,#6652,.F.);
#6449=ORIENTED_EDGE('',*,*,#7645,.F.);
#6450=ORIENTED_EDGE('',*,*,#6510,.F.);
#6451=ORIENTED_EDGE('',*,*,#7644,.T.);
#6452=ORIENTED_EDGE('',*,*,#6651,.F.);
#6453=ORIENTED_EDGE('',*,*,#6509,.T.);
#6454=ORIENTED_EDGE('',*,*,#7646,.F.);
#6455=ORIENTED_EDGE('',*,*,#7647,.F.);
#6456=ORIENTED_EDGE('',*,*,#7648,.T.);
#6457=CARTESIAN_POINT('',(-5.097721788142,4.2,-6.75));
#6458=DIRECTION('',(1.0,0.0,-0.0));
#6459=DIRECTION('',(0.0,0.0,1.0));
#6460=ORIENTED_EDGE('',*,*,#6505,.T.);
#6461=ORIENTED_EDGE('',*,*,#7648,.F.);
#6462=ORIENTED_EDGE('',*,*,#7649,.T.);
#6463=ORIENTED_EDGE('',*,*,#7646,.T.);
#6464=CARTESIAN_POINT('',(-5.097721788142,4.2,-6.75));
#6465=DIRECTION('',(1.0,0.0,-0.0));
#6466=DIRECTION('',(0.0,0.0,1.0));
#6467=ORIENTED_EDGE('',*,*,#7649,.F.);
#6468=ORIENTED_EDGE('',*,*,#7647,.T.);
#6469=CARTESIAN_POINT('',(-5.0,4.2,-6.75));
#6470=DIRECTION('',(1.0,0.0,0.0));
#6471=DIRECTION('',(0.0,1.0,0.0));
#6472=ORIENTED_EDGE('',*,*,#7650,.F.);
#6473=ORIENTED_EDGE('',*,*,#6501,.T.);
#6474=ORIENTED_EDGE('',*,*,#7651,.T.);
#6475=ORIENTED_EDGE('',*,*,#6654,.F.);
#6476=ORIENTED_EDGE('',*,*,#7651,.F.);
#6477=ORIENTED_EDGE('',*,*,#6504,.F.);
#6478=ORIENTED_EDGE('',*,*,#7650,.T.);
#6479=ORIENTED_EDGE('',*,*,#6653,.F.);
#6480=ORIENTED_EDGE('',*,*,#6503,.T.);
#6481=ORIENTED_EDGE('',*,*,#7652,.F.);
#6482=ORIENTED_EDGE('',*,*,#7653,.F.);
#6483=ORIENTED_EDGE('',*,*,#7654,.T.);
#6484=CARTESIAN_POINT('',(-5.099993437548,4.7,-1.25));
#6485=DIRECTION('',(1.0,0.0,-0.0));
#6486=DIRECTION('',(0.0,0.0,1.0));
#6487=ORIENTED_EDGE('',*,*,#6499,.T.);
#6488=ORIENTED_EDGE('',*,*,#7654,.F.);
#6489=ORIENTED_EDGE('',*,*,#7655,.T.);
#6490=ORIENTED_EDGE('',*,*,#7652,.T.);
#6491=CARTESIAN_POINT('',(-5.099993437548,4.7,-1.25));
#6492=DIRECTION('',(1.0,0.0,-0.0));
#6493=DIRECTION('',(0.0,0.0,1.0));
#6494=ORIENTED_EDGE('',*,*,#7655,.F.);
#6495=ORIENTED_EDGE('',*,*,#7653,.T.);
#6496=CARTESIAN_POINT('',(-5.0,4.7,-1.25));
#6497=DIRECTION('',(1.0,0.0,0.0));
#6498=DIRECTION('',(0.0,1.0,0.0));
#6499=EDGE_CURVE('',#7656,#7657,#7658,.T.);
#6500=EDGE_CURVE('',#7656,#7659,#7660,.T.);
#6501=EDGE_CURVE('',#7661,#7659,#7662,.T.);
#6502=EDGE_CURVE('',#7657,#7661,#7663,.T.);
#6503=EDGE_CURVE('',#7657,#7656,#7664,.T.);
#6504=EDGE_CURVE('',#7661,#7659,#7665,.T.);
#6505=EDGE_CURVE('',#7666,#7667,#7668,.T.);
#6506=EDGE_CURVE('',#7666,#7669,#7670,.T.);
#6507=EDGE_CURVE('',#7671,#7669,#7672,.T.);
#6508=EDGE_CURVE('',#7667,#7671,#7673,.T.);
#6509=EDGE_CURVE('',#7667,#7666,#7674,.T.);
#6510=EDGE_CURVE('',#7671,#7669,#7675,.T.);
#6511=EDGE_CURVE('',#7676,#7677,#7678,.T.);
#6512=EDGE_CURVE('',#7676,#7679,#7680,.T.);
#6513=EDGE_CURVE('',#7681,#7679,#7682,.T.);
#6514=EDGE_CURVE('',#7677,#7681,#7683,.T.);
#6515=EDGE_CURVE('',#7677,#7676,#7684,.T.);
#6516=EDGE_CURVE('',#7681,#7679,#7685,.T.);
#6517=EDGE_CURVE('',#7686,#7687,#7688,.T.);
#6518=EDGE_CURVE('',#7686,#7689,#7690,.T.);
#6519=EDGE_CURVE('',#7691,#7689,#7692,.T.);
#6520=EDGE_CURVE('',#7687,#7691,#7693,.T.);
#6521=EDGE_CURVE('',#7687,#7686,#7694,.T.);
#6522=EDGE_CURVE('',#7691,#7689,#7695,.T.);
#6523=EDGE_CURVE('',#7696,#7697,#7698,.T.);
#6524=EDGE_CURVE('',#7696,#7699,#7700,.T.);
#6525=EDGE_CURVE('',#7701,#7699,#7702,.T.);
#6526=EDGE_CURVE('',#7697,#7701,#7703,.T.);
#6527=EDGE_CURVE('',#7697,#7696,#7704,.T.);
#6528=EDGE_CURVE('',#7701,#7699,#7705,.T.);
#6529=EDGE_CURVE('',#7706,#7707,#7708,.T.);
#6530=EDGE_CURVE('',#7706,#7709,#7710,.T.);
#6531=EDGE_CURVE('',#7709,#7711,#7712,.T.);
#6532=EDGE_CURVE('',#7707,#7711,#7713,.T.);
#6533=EDGE_CURVE('',#7707,#7706,#7714,.T.);
#6534=EDGE_CURVE('',#7709,#7711,#7715,.T.);
#6535=EDGE_CURVE('',#7716,#7717,#7718,.T.);
#6536=EDGE_CURVE('',#7716,#7719,#7720,.T.);
#6537=EDGE_CURVE('',#7719,#7721,#7722,.T.);
#6538=EDGE_CURVE('',#7717,#7721,#7723,.T.);
#6539=EDGE_CURVE('',#7717,#7716,#7724,.T.);
#6540=EDGE_CURVE('',#7719,#7721,#7725,.T.);
#6541=EDGE_CURVE('',#7726,#7727,#7728,.T.);
#6542=EDGE_CURVE('',#7726,#7729,#7730,.T.);
#6543=EDGE_CURVE('',#7729,#7731,#7732,.T.);
#6544=EDGE_CURVE('',#7727,#7731,#7733,.T.);
#6545=EDGE_CURVE('',#7727,#7726,#7734,.T.);
#6546=EDGE_CURVE('',#7729,#7731,#7735,.T.);
#6547=EDGE_CURVE('',#7736,#7737,#7738,.T.);
#6548=EDGE_CURVE('',#7739,#7736,#7740,.T.);
#6549=EDGE_CURVE('',#7739,#7741,#7742,.T.);
#6550=EDGE_CURVE('',#7737,#7741,#7743,.T.);
#6551=EDGE_CURVE('',#7737,#7736,#7744,.T.);
#6552=EDGE_CURVE('',#7739,#7741,#7745,.T.);
#6553=EDGE_CURVE('',#7746,#7747,#7748,.T.);
#6554=EDGE_CURVE('',#7749,#7746,#7750,.T.);
#6555=EDGE_CURVE('',#7749,#7751,#7752,.T.);
#6556=EDGE_CURVE('',#7747,#7751,#7753,.T.);
#6557=EDGE_CURVE('',#7747,#7746,#7754,.T.);
#6558=EDGE_CURVE('',#7749,#7751,#7755,.T.);
#6559=EDGE_CURVE('',#7756,#7757,#7758,.T.);
#6560=EDGE_CURVE('',#7759,#7756,#7760,.T.);
#6561=EDGE_CURVE('',#7761,#7759,#7762,.T.);
#6562=EDGE_CURVE('',#7757,#7761,#7763,.T.);
#6563=EDGE_CURVE('',#7764,#7765,#7766,.T.);
#6564=EDGE_CURVE('',#7767,#7764,#7768,.T.);
#6565=EDGE_CURVE('',#7769,#7767,#7770,.T.);
#6566=EDGE_CURVE('',#7765,#7769,#7771,.T.);
#6567=EDGE_CURVE('',#7772,#7773,#7774,.T.);
#6568=EDGE_CURVE('',#7775,#7772,#7776,.T.);
#6569=EDGE_CURVE('',#7777,#7775,#7778,.T.);
#6570=EDGE_CURVE('',#7773,#7777,#7779,.T.);
#6571=EDGE_CURVE('',#7780,#7781,#7782,.T.);
#6572=EDGE_CURVE('',#7783,#7780,#7784,.T.);
#6573=EDGE_CURVE('',#7785,#7783,#7786,.T.);
#6574=EDGE_CURVE('',#7781,#7785,#7787,.T.);
#6575=EDGE_CURVE('',#7788,#7789,#7790,.T.);
#6576=EDGE_CURVE('',#7788,#7791,#7792,.T.);
#6577=EDGE_CURVE('',#7793,#7791,#7794,.T.);
#6578=EDGE_CURVE('',#7789,#7793,#7795,.T.);
#6579=EDGE_CURVE('',#7796,#7797,#7798,.T.);
#6580=EDGE_CURVE('',#7796,#7799,#7800,.T.);
#6581=EDGE_CURVE('',#7801,#7799,#7802,.T.);
#6582=EDGE_CURVE('',#7797,#7801,#7803,.T.);
#6583=EDGE_CURVE('',#7804,#7805,#7806,.T.);
#6584=EDGE_CURVE('',#7807,#7804,#7808,.T.);
#6585=EDGE_CURVE('',#7809,#7807,#7810,.T.);
#6586=EDGE_CURVE('',#7809,#7805,#7811,.T.);
#6587=EDGE_CURVE('',#7812,#7813,#7814,.T.);
#6588=EDGE_CURVE('',#7812,#7815,#7816,.T.);
#6589=EDGE_CURVE('',#7815,#7817,#7818,.T.);
#6590=EDGE_CURVE('',#7813,#7817,#7819,.T.);
#6591=EDGE_CURVE('',#7820,#7821,#7822,.T.);
#6592=EDGE_CURVE('',#7823,#7820,#7824,.T.);
#6593=EDGE_CURVE('',#7825,#7823,#7826,.T.);
#6594=EDGE_CURVE('',#7825,#7821,#7827,.T.);
#6595=EDGE_CURVE('',#7828,#7829,#7830,.T.);
#6596=EDGE_CURVE('',#7828,#7831,#7832,.T.);
#6597=EDGE_CURVE('',#7831,#7833,#7834,.T.);
#6598=EDGE_CURVE('',#7829,#7833,#7835,.T.);
#6599=EDGE_CURVE('',#7836,#7837,#7838,.T.);
#6600=EDGE_CURVE('',#7839,#7836,#7840,.T.);
#6601=EDGE_CURVE('',#7841,#7839,#7842,.T.);
#6602=EDGE_CURVE('',#7841,#7837,#7843,.T.);
#6603=EDGE_CURVE('',#7844,#7845,#7846,.T.);
#6604=EDGE_CURVE('',#7844,#7847,#7848,.T.);
#6605=EDGE_CURVE('',#7847,#7849,#7850,.T.);
#6606=EDGE_CURVE('',#7845,#7849,#7851,.T.);
#6607=EDGE_CURVE('',#7852,#7853,#7854,.T.);
#6608=EDGE_CURVE('',#7852,#7855,#7856,.T.);
#6609=EDGE_CURVE('',#7855,#7857,#7858,.T.);
#6610=EDGE_CURVE('',#7853,#7857,#7859,.T.);
#6611=EDGE_CURVE('',#7860,#7861,#7862,.T.);
#6612=EDGE_CURVE('',#7863,#7860,#7864,.T.);
#6613=EDGE_CURVE('',#7865,#7863,#7866,.T.);
#6614=EDGE_CURVE('',#7865,#7861,#7867,.T.);
#6615=EDGE_CURVE('',#7868,#7869,#7870,.T.);
#6616=EDGE_CURVE('',#7868,#7871,#7872,.T.);
#6617=EDGE_CURVE('',#7871,#7873,#7874,.T.);
#6618=EDGE_CURVE('',#7869,#7873,#7875,.T.);
#6619=EDGE_CURVE('',#7876,#7877,#7878,.T.);
#6620=EDGE_CURVE('',#7879,#7876,#7880,.T.);
#6621=EDGE_CURVE('',#7881,#7879,#7882,.T.);
#6622=EDGE_CURVE('',#7881,#7877,#7883,.T.);
#6623=EDGE_CURVE('',#7884,#7885,#7886,.T.);
#6624=EDGE_CURVE('',#7884,#7887,#7888,.T.);
#6625=EDGE_CURVE('',#7887,#7889,#7890,.T.);
#6626=EDGE_CURVE('',#7885,#7889,#7891,.T.);
#6627=EDGE_CURVE('',#7892,#7893,#7894,.T.);
#6628=EDGE_CURVE('',#7895,#7892,#7896,.T.);
#6629=EDGE_CURVE('',#7897,#7895,#7898,.T.);
#6630=EDGE_CURVE('',#7897,#7893,#7899,.T.);
#6631=EDGE_CURVE('',#7900,#7901,#7902,.T.);
#6632=EDGE_CURVE('',#7903,#7900,#7904,.T.);
#6633=EDGE_CURVE('',#7905,#7903,#7906,.T.);
#6634=EDGE_CURVE('',#7907,#7905,#7908,.T.);
#6635=EDGE_CURVE('',#7909,#7907,#7910,.T.);
#6636=EDGE_CURVE('',#7911,#7909,#7912,.T.);
#6637=EDGE_CURVE('',#7913,#7911,#7914,.T.);
#6638=EDGE_CURVE('',#7915,#7913,#7916,.T.);
#6639=EDGE_CURVE('',#7917,#7915,#7918,.T.);
#6640=EDGE_CURVE('',#7919,#7917,#7920,.T.);
#6641=EDGE_CURVE('',#7921,#7919,#7922,.T.);
#6642=EDGE_CURVE('',#7923,#7921,#7924,.T.);
#6643=EDGE_CURVE('',#7925,#7923,#7926,.T.);
#6644=EDGE_CURVE('',#7925,#7901,#7927,.T.);
#6645=EDGE_CURVE('',#7928,#7929,#7930,.T.);
#6646=EDGE_CURVE('',#7929,#7928,#7931,.T.);
#6647=EDGE_CURVE('',#7932,#7933,#7934,.T.);
#6648=EDGE_CURVE('',#7933,#7932,#7935,.T.);
#6649=EDGE_CURVE('',#7936,#7937,#7938,.T.);
#6650=EDGE_CURVE('',#7937,#7936,#7939,.T.);
#6651=EDGE_CURVE('',#7940,#7941,#7942,.T.);
#6652=EDGE_CURVE('',#7941,#7940,#7943,.T.);
#6653=EDGE_CURVE('',#7944,#7945,#7946,.T.);
#6654=EDGE_CURVE('',#7945,#7944,#7947,.T.);
#6655=EDGE_CURVE('',#7948,#7949,#7950,.T.);
#6656=EDGE_CURVE('',#7951,#7949,#7952,.T.);
#6657=EDGE_CURVE('',#7953,#7951,#7954,.T.);
#6658=EDGE_CURVE('',#7953,#7948,#7955,.T.);
#6659=EDGE_CURVE('',#7956,#7957,#7958,.T.);
#6660=EDGE_CURVE('',#7956,#7959,#7960,.T.);
#6661=EDGE_CURVE('',#7959,#7961,#7962,.T.);
#6662=EDGE_CURVE('',#7957,#7961,#7963,.T.);
#6663=EDGE_CURVE('',#7964,#7965,#7966,.T.);
#6664=EDGE_CURVE('',#7964,#7967,#7968,.T.);
#6665=EDGE_CURVE('',#7967,#7969,#7970,.T.);
#6666=EDGE_CURVE('',#7965,#7969,#7971,.T.);
#6667=EDGE_CURVE('',#7972,#7973,#7974,.T.);
#6668=EDGE_CURVE('',#7972,#7975,#7976,.T.);
#6669=EDGE_CURVE('',#7975,#7977,#7978,.T.);
#6670=EDGE_CURVE('',#7977,#7979,#7980,.T.);
#6671=EDGE_CURVE('',#7979,#7981,#7982,.T.);
#6672=EDGE_CURVE('',#7983,#7981,#7984,.T.);
#6673=EDGE_CURVE('',#7983,#7985,#7986,.T.);
#6674=EDGE_CURVE('',#7985,#7987,#7988,.T.);
#6675=EDGE_CURVE('',#7987,#7989,#7990,.T.);
#6676=EDGE_CURVE('',#7989,#7991,#7992,.T.);
#6677=EDGE_CURVE('',#7991,#7993,#7994,.T.);
#6678=EDGE_CURVE('',#7993,#7995,#7996,.T.);
#6679=EDGE_CURVE('',#7997,#7995,#7998,.T.);
#6680=EDGE_CURVE('',#7997,#7999,#8000,.T.);
#6681=EDGE_CURVE('',#7999,#8001,#8002,.T.);
#6682=EDGE_CURVE('',#8001,#8003,#8004,.T.);
#6683=EDGE_CURVE('',#8003,#8005,#8006,.T.);
#6684=EDGE_CURVE('',#8005,#8007,#8008,.T.);
#6685=EDGE_CURVE('',#8007,#8009,#8010,.T.);
#6686=EDGE_CURVE('',#8011,#8009,#8012,.T.);
#6687=EDGE_CURVE('',#8011,#8013,#8014,.T.);
#6688=EDGE_CURVE('',#8015,#8013,#8016,.T.);
#6689=EDGE_CURVE('',#7901,#8015,#8017,.T.);
#6690=EDGE_CURVE('',#7925,#8018,#8019,.T.);
#6691=EDGE_CURVE('',#8020,#8018,#8021,.T.);
#6692=EDGE_CURVE('',#8022,#8020,#8023,.T.);
#6693=EDGE_CURVE('',#8022,#7973,#8024,.T.);
#6694=EDGE_CURVE('',#8025,#8026,#8027,.T.);
#6695=EDGE_CURVE('',#7948,#8025,#8028,.T.);
#6696=EDGE_CURVE('',#8029,#7953,#8030,.T.);
#6697=EDGE_CURVE('',#8029,#8031,#8032,.T.);
#6698=EDGE_CURVE('',#8033,#8031,#8034,.T.);
#6699=EDGE_CURVE('',#8033,#8026,#8035,.T.);
#6700=EDGE_CURVE('',#8036,#8026,#8037,.T.);
#6701=EDGE_CURVE('',#8033,#8038,#8039,.T.);
#6702=EDGE_CURVE('',#8038,#8040,#8041,.T.);
#6703=EDGE_CURVE('',#8040,#8042,#8043,.T.);
#6704=EDGE_CURVE('',#8042,#8044,#8045,.T.);
#6705=EDGE_CURVE('',#8046,#8044,#8047,.T.);
#6706=EDGE_CURVE('',#8036,#8046,#8048,.T.);
#6707=EDGE_CURVE('',#8044,#8049,#8050,.T.);
#6708=EDGE_CURVE('',#8042,#8036,#8051,.T.);
#6709=EDGE_CURVE('',#8052,#8046,#8053,.T.);
#6710=EDGE_CURVE('',#8049,#8052,#8054,.T.);
#6711=EDGE_CURVE('',#8052,#8055,#8056,.T.);
#6712=EDGE_CURVE('',#8055,#8057,#8058,.T.);
#6713=EDGE_CURVE('',#8059,#8057,#8060,.T.);
#6714=EDGE_CURVE('',#8059,#8061,#8062,.T.);
#6715=EDGE_CURVE('',#8049,#8061,#8063,.T.);
#6716=EDGE_CURVE('',#8064,#8065,#8066,.T.);
#6717=EDGE_CURVE('',#8067,#8064,#8068,.T.);
#6718=EDGE_CURVE('',#8067,#8069,#8070,.T.);
#6719=EDGE_CURVE('',#8069,#8071,#8072,.T.);
#6720=EDGE_CURVE('',#8073,#8071,#8074,.T.);
#6721=EDGE_CURVE('',#8073,#8075,#8076,.T.);
#6722=EDGE_CURVE('',#8075,#8052,#8077,.T.);
#6723=EDGE_CURVE('',#8065,#8061,#8078,.T.);
#6724=EDGE_CURVE('',#8059,#8065,#8079,.T.);
#6725=EDGE_CURVE('',#8080,#8057,#8081,.T.);
#6726=EDGE_CURVE('',#8080,#8082,#8083,.T.);
#6727=EDGE_CURVE('',#8082,#8084,#8085,.T.);
#6728=EDGE_CURVE('',#8064,#8084,#8086,.T.);
#6729=EDGE_CURVE('',#8087,#8084,#8088,.T.);
#6730=EDGE_CURVE('',#8067,#8087,#8089,.T.);
#6731=EDGE_CURVE('',#8087,#8069,#8090,.T.);
#6732=EDGE_CURVE('',#8082,#8091,#8092,.T.);
#6733=EDGE_CURVE('',#8091,#8071,#8093,.T.);
#6734=EDGE_CURVE('',#8073,#8091,#8094,.T.);
#6735=EDGE_CURVE('',#8095,#8080,#8096,.T.);
#6736=EDGE_CURVE('',#8095,#8075,#8097,.T.);
#6737=EDGE_CURVE('',#8095,#8055,#8098,.T.);
#6738=EDGE_CURVE('',#8099,#8040,#8100,.T.);
#6739=EDGE_CURVE('',#8101,#8099,#8102,.T.);
#6740=EDGE_CURVE('',#8101,#8103,#8104,.T.);
#6741=EDGE_CURVE('',#8105,#8103,#8106,.T.);
#6742=EDGE_CURVE('',#8107,#8105,#8108,.T.);
#6743=EDGE_CURVE('',#8109,#8107,#8110,.T.);
#6744=EDGE_CURVE('',#8111,#8109,#8112,.T.);
#6745=EDGE_CURVE('',#8113,#8111,#8114,.T.);
#6746=EDGE_CURVE('',#8113,#8115,#8116,.T.);
#6747=EDGE_CURVE('',#8117,#8115,#8118,.T.);
#6748=EDGE_CURVE('',#8119,#8117,#8120,.T.);
#6749=EDGE_CURVE('',#8121,#8119,#8122,.T.);
#6750=EDGE_CURVE('',#8123,#8121,#8124,.T.);
#6751=EDGE_CURVE('',#7923,#8123,#8125,.T.);
#6752=EDGE_CURVE('',#7921,#8126,#8127,.T.);
#6753=EDGE_CURVE('',#8128,#8126,#8129,.T.);
#6754=EDGE_CURVE('',#8025,#8128,#8130,.T.);
#6755=EDGE_CURVE('',#8018,#8123,#8131,.T.);
#6756=EDGE_CURVE('',#7967,#8113,#8132,.T.);
#6757=EDGE_CURVE('',#7969,#8111,#8133,.T.);
#6758=EDGE_CURVE('',#7959,#8101,#8134,.T.);
#6759=EDGE_CURVE('',#7961,#8099,#8135,.T.);
#6760=EDGE_CURVE('',#7949,#8128,#8136,.T.);
#6761=EDGE_CURVE('',#8137,#8138,#8139,.T.);
#6762=EDGE_CURVE('',#8140,#8138,#8141,.T.);
#6763=EDGE_CURVE('',#8140,#8020,#8142,.T.);
#6764=EDGE_CURVE('',#8137,#8121,#8143,.T.);
#6765=EDGE_CURVE('',#8144,#8115,#8145,.T.);
#6766=EDGE_CURVE('',#8144,#8137,#8146,.T.);
#6767=EDGE_CURVE('',#8119,#8147,#8148,.T.);
#6768=EDGE_CURVE('',#8149,#8147,#8150,.T.);
#6769=EDGE_CURVE('',#8117,#8149,#8151,.T.);
#6770=EDGE_CURVE('',#8147,#8152,#8153,.T.);
#6771=EDGE_CURVE('',#8154,#8149,#8155,.T.);
#6772=EDGE_CURVE('',#8152,#8154,#8156,.T.);
#6773=EDGE_CURVE('',#8154,#8157,#8158,.T.);
#6774=EDGE_CURVE('',#8157,#8159,#8160,.T.);
#6775=EDGE_CURVE('',#8161,#8159,#8162,.T.);
#6776=EDGE_CURVE('',#8161,#8163,#8164,.T.);
#6777=EDGE_CURVE('',#8152,#8163,#8165,.T.);
#6778=EDGE_CURVE('',#8166,#8167,#8168,.T.);
#6779=EDGE_CURVE('',#8169,#8166,#8170,.T.);
#6780=EDGE_CURVE('',#8171,#8169,#8172,.T.);
#6781=EDGE_CURVE('',#8171,#8173,#8174,.T.);
#6782=EDGE_CURVE('',#8173,#8175,#8176,.T.);
#6783=EDGE_CURVE('',#8175,#8177,#8178,.T.);
#6784=EDGE_CURVE('',#8177,#8154,#8179,.T.);
#6785=EDGE_CURVE('',#8167,#8163,#8180,.T.);
#6786=EDGE_CURVE('',#8161,#8167,#8181,.T.);
#6787=EDGE_CURVE('',#8182,#8159,#8183,.T.);
#6788=EDGE_CURVE('',#8182,#8184,#8185,.T.);
#6789=EDGE_CURVE('',#8184,#8186,#8187,.T.);
#6790=EDGE_CURVE('',#8166,#8186,#8188,.T.);
#6791=EDGE_CURVE('',#8189,#8186,#8190,.T.);
#6792=EDGE_CURVE('',#8169,#8189,#8191,.T.);
#6793=EDGE_CURVE('',#8189,#8171,#8192,.T.);
#6794=EDGE_CURVE('',#8184,#8193,#8194,.T.);
#6795=EDGE_CURVE('',#8193,#8173,#8195,.T.);
#6796=EDGE_CURVE('',#8175,#8193,#8196,.T.);
#6797=EDGE_CURVE('',#8197,#8182,#8198,.T.);
#6798=EDGE_CURVE('',#8197,#8177,#8199,.T.);
#6799=EDGE_CURVE('',#8197,#8157,#8200,.T.);
#6800=EDGE_CURVE('',#8144,#8201,#8202,.T.);
#6801=EDGE_CURVE('',#8138,#8201,#8203,.T.);
#6802=EDGE_CURVE('',#8204,#8140,#8205,.T.);
#6803=EDGE_CURVE('',#8206,#8201,#8207,.T.);
#6804=EDGE_CURVE('',#8206,#8208,#8209,.T.);
#6805=EDGE_CURVE('',#8208,#8210,#8211,.T.);
#6806=EDGE_CURVE('',#8210,#8212,#8213,.T.);
#6807=EDGE_CURVE('',#8214,#8212,#8215,.T.);
#6808=EDGE_CURVE('',#8214,#8216,#8217,.T.);
#6809=EDGE_CURVE('',#8216,#8218,#8219,.T.);
#6810=EDGE_CURVE('',#8218,#8031,#8220,.T.);
#6811=EDGE_CURVE('',#8029,#8221,#8222,.T.);
#6812=EDGE_CURVE('',#8223,#8221,#8224,.T.);
#6813=EDGE_CURVE('',#8225,#8223,#8226,.T.);
#6814=EDGE_CURVE('',#8225,#8227,#8228,.T.);
#6815=EDGE_CURVE('',#8227,#8229,#8230,.T.);
#6816=EDGE_CURVE('',#8231,#8229,#8232,.T.);
#6817=EDGE_CURVE('',#8231,#8233,#8234,.T.);
#6818=EDGE_CURVE('',#8235,#8233,#8236,.T.);
#6819=EDGE_CURVE('',#8237,#8235,#8238,.T.);
#6820=EDGE_CURVE('',#8237,#8239,#8240,.T.);
#6821=EDGE_CURVE('',#8239,#8241,#8242,.T.);
#6822=EDGE_CURVE('',#8243,#8241,#8244,.T.);
#6823=EDGE_CURVE('',#8243,#8245,#8246,.T.);
#6824=EDGE_CURVE('',#8247,#8245,#8248,.T.);
#6825=EDGE_CURVE('',#8249,#8247,#8250,.T.);
#6826=EDGE_CURVE('',#8249,#8251,#8252,.T.);
#6827=EDGE_CURVE('',#8251,#8253,#8254,.T.);
#6828=EDGE_CURVE('',#8255,#8253,#8256,.T.);
#6829=EDGE_CURVE('',#8255,#8257,#8258,.T.);
#6830=EDGE_CURVE('',#8257,#8204,#8259,.T.);
#6831=EDGE_CURVE('',#8257,#7973,#8260,.T.);
#6832=EDGE_CURVE('',#8204,#8022,#8261,.T.);
#6833=EDGE_CURVE('',#8262,#7979,#8263,.T.);
#6834=EDGE_CURVE('',#8264,#7977,#8265,.T.);
#6835=EDGE_CURVE('',#8266,#8264,#8267,.T.);
#6836=EDGE_CURVE('',#8268,#8266,#8269,.T.);
#6837=EDGE_CURVE('',#8270,#8268,#8271,.T.);
#6838=EDGE_CURVE('',#8262,#8270,#8272,.T.);
#6839=EDGE_CURVE('',#8206,#7964,#8273,.T.);
#6840=EDGE_CURVE('',#8208,#7965,#8274,.T.);
#6841=EDGE_CURVE('',#8214,#7956,#8275,.T.);
#6842=EDGE_CURVE('',#8216,#7957,#8276,.T.);
#6843=EDGE_CURVE('',#8221,#7951,#8277,.T.);
#6844=EDGE_CURVE('',#8278,#8210,#8279,.T.);
#6845=EDGE_CURVE('',#8278,#8109,#8280,.T.);
#6846=EDGE_CURVE('',#8281,#8103,#8282,.T.);
#6847=EDGE_CURVE('',#8281,#8278,#8283,.T.);
#6848=EDGE_CURVE('',#8107,#8284,#8285,.T.);
#6849=EDGE_CURVE('',#8286,#8284,#8287,.T.);
#6850=EDGE_CURVE('',#8105,#8286,#8288,.T.);
#6851=EDGE_CURVE('',#8284,#8289,#8290,.T.);
#6852=EDGE_CURVE('',#8291,#8286,#8292,.T.);
#6853=EDGE_CURVE('',#8289,#8291,#8293,.T.);
#6854=EDGE_CURVE('',#8291,#8294,#8295,.T.);
#6855=EDGE_CURVE('',#8294,#8296,#8297,.T.);
#6856=EDGE_CURVE('',#8298,#8296,#8299,.T.);
#6857=EDGE_CURVE('',#8298,#8300,#8301,.T.);
#6858=EDGE_CURVE('',#8289,#8300,#8302,.T.);
#6859=EDGE_CURVE('',#8303,#8304,#8305,.T.);
#6860=EDGE_CURVE('',#8306,#8303,#8307,.T.);
#6861=EDGE_CURVE('',#8306,#8308,#8309,.T.);
#6862=EDGE_CURVE('',#8308,#8310,#8311,.T.);
#6863=EDGE_CURVE('',#8312,#8310,#8313,.T.);
#6864=EDGE_CURVE('',#8312,#8314,#8315,.T.);
#6865=EDGE_CURVE('',#8314,#8291,#8316,.T.);
#6866=EDGE_CURVE('',#8304,#8300,#8317,.T.);
#6867=EDGE_CURVE('',#8298,#8304,#8318,.T.);
#6868=EDGE_CURVE('',#8319,#8296,#8320,.T.);
#6869=EDGE_CURVE('',#8319,#8321,#8322,.T.);
#6870=EDGE_CURVE('',#8321,#8323,#8324,.T.);
#6871=EDGE_CURVE('',#8303,#8323,#8325,.T.);
#6872=EDGE_CURVE('',#8326,#8323,#8327,.T.);
#6873=EDGE_CURVE('',#8306,#8326,#8328,.T.);
#6874=EDGE_CURVE('',#8326,#8308,#8329,.T.);
#6875=EDGE_CURVE('',#8321,#8330,#8331,.T.);
#6876=EDGE_CURVE('',#8330,#8310,#8332,.T.);
#6877=EDGE_CURVE('',#8312,#8330,#8333,.T.);
#6878=EDGE_CURVE('',#8334,#8319,#8335,.T.);
#6879=EDGE_CURVE('',#8334,#8314,#8336,.T.);
#6880=EDGE_CURVE('',#8334,#8294,#8337,.T.);
#6881=EDGE_CURVE('',#8281,#8212,#8338,.T.);
#6882=EDGE_CURVE('',#8038,#8218,#8339,.T.);
#6883=EDGE_CURVE('',#7892,#8340,#8341,.T.);
#6884=EDGE_CURVE('',#8340,#8342,#8343,.T.);
#6885=EDGE_CURVE('',#8342,#8344,#8345,.T.);
#6886=EDGE_CURVE('',#8344,#8346,#8347,.T.);
#6887=EDGE_CURVE('',#8346,#8348,#8349,.T.);
#6888=EDGE_CURVE('',#8348,#8350,#8351,.T.);
#6889=EDGE_CURVE('',#8350,#8352,#8353,.T.);
#6890=EDGE_CURVE('',#8352,#8354,#8355,.T.);
#6891=EDGE_CURVE('',#8354,#8356,#8357,.T.);
#6892=EDGE_CURVE('',#8356,#8358,#8359,.T.);
#6893=EDGE_CURVE('',#8358,#8015,#8360,.T.);
#6894=EDGE_CURVE('',#8013,#8361,#8362,.T.);
#6895=EDGE_CURVE('',#8361,#8363,#8364,.T.);
#6896=EDGE_CURVE('',#8363,#8365,#8366,.T.);
#6897=EDGE_CURVE('',#8365,#7783,#8367,.T.);
#6898=EDGE_CURVE('',#7780,#8368,#8369,.T.);
#6899=EDGE_CURVE('',#8368,#8370,#8371,.T.);
#6900=EDGE_CURVE('',#8370,#8372,#8373,.T.);
#6901=EDGE_CURVE('',#8372,#8374,#8375,.T.);
#6902=EDGE_CURVE('',#8374,#8376,#8377,.T.);
#6903=EDGE_CURVE('',#8376,#8378,#8379,.T.);
#6904=EDGE_CURVE('',#8378,#8380,#8381,.T.);
#6905=EDGE_CURVE('',#8380,#8223,#8382,.T.);
#6906=EDGE_CURVE('',#8126,#8383,#8384,.T.);
#6907=EDGE_CURVE('',#8383,#8385,#8386,.T.);
#6908=EDGE_CURVE('',#8385,#8387,#8388,.T.);
#6909=EDGE_CURVE('',#8387,#8389,#8390,.T.);
#6910=EDGE_CURVE('',#8389,#7885,#8391,.T.);
#6911=EDGE_CURVE('',#7889,#7895,#8392,.T.);
#6912=EDGE_CURVE('',#8393,#8394,#8395,.T.);
#6913=EDGE_CURVE('',#8394,#8393,#8396,.T.);
#6914=EDGE_CURVE('',#8397,#8398,#8399,.T.);
#6915=EDGE_CURVE('',#8398,#8397,#8400,.T.);
#6916=EDGE_CURVE('',#8401,#8402,#8403,.T.);
#6917=EDGE_CURVE('',#8402,#8401,#8404,.T.);
#6918=EDGE_CURVE('',#8405,#8406,#8407,.T.);
#6919=EDGE_CURVE('',#8406,#8405,#8408,.T.);
#6920=EDGE_CURVE('',#8409,#8410,#8411,.T.);
#6921=EDGE_CURVE('',#8410,#8409,#8412,.T.);
#6922=EDGE_CURVE('',#8413,#8414,#8415,.T.);
#6923=EDGE_CURVE('',#8416,#8414,#8417,.T.);
#6924=EDGE_CURVE('',#8416,#8418,#8419,.T.);
#6925=EDGE_CURVE('',#8418,#8413,#8420,.T.);
#6926=EDGE_CURVE('',#8421,#8422,#8423,.T.);
#6927=EDGE_CURVE('',#8421,#7873,#8424,.T.);
#6928=EDGE_CURVE('',#8425,#7871,#8426,.T.);
#6929=EDGE_CURVE('',#8427,#8425,#8428,.T.);
#6930=EDGE_CURVE('',#8427,#7857,#8429,.T.);
#6931=EDGE_CURVE('',#7855,#8430,#8431,.T.);
#6932=EDGE_CURVE('',#7917,#8430,#8432,.T.);
#6933=EDGE_CURVE('',#7915,#8433,#8434,.T.);
#6934=EDGE_CURVE('',#7865,#8433,#8435,.T.);
#6935=EDGE_CURVE('',#7863,#8436,#8437,.T.);
#6936=EDGE_CURVE('',#8436,#8438,#8439,.T.);
#6937=EDGE_CURVE('',#7881,#8438,#8440,.T.);
#6938=EDGE_CURVE('',#7879,#8441,#8442,.T.);
#6939=EDGE_CURVE('',#8441,#8443,#8444,.T.);
#6940=EDGE_CURVE('',#7897,#8443,#8445,.T.);
#6941=EDGE_CURVE('',#8422,#7887,#8446,.T.);
#6942=EDGE_CURVE('',#8447,#8448,#8449,.T.);
#6943=EDGE_CURVE('',#8448,#8450,#8451,.T.);
#6944=EDGE_CURVE('',#8452,#8450,#8453,.T.);
#6945=EDGE_CURVE('',#8447,#8452,#8454,.T.);
#6946=EDGE_CURVE('',#8455,#8456,#8457,.T.);
#6947=EDGE_CURVE('',#8456,#8458,#8459,.T.);
#6948=EDGE_CURVE('',#8460,#8458,#8461,.T.);
#6949=EDGE_CURVE('',#8455,#8460,#8462,.T.);
#6950=EDGE_CURVE('',#8463,#8464,#8465,.T.);
#6951=EDGE_CURVE('',#8464,#8466,#8467,.T.);
#6952=EDGE_CURVE('',#8468,#8466,#8469,.T.);
#6953=EDGE_CURVE('',#8463,#8468,#8470,.T.);
#6954=EDGE_CURVE('',#8471,#8472,#8473,.T.);
#6955=EDGE_CURVE('',#7893,#8471,#8474,.T.);
#6956=EDGE_CURVE('',#8472,#8443,#8475,.T.);
#6957=EDGE_CURVE('',#8476,#8477,#8478,.T.);
#6958=EDGE_CURVE('',#8422,#8476,#8479,.T.);
#6959=EDGE_CURVE('',#8477,#7884,#8480,.T.);
#6960=EDGE_CURVE('',#8443,#8344,#8481,.T.);
#6961=EDGE_CURVE('',#8472,#8342,#8482,.T.);
#6962=EDGE_CURVE('',#8471,#8340,#8483,.T.);
#6963=EDGE_CURVE('',#8438,#8441,#8484,.T.);
#6964=EDGE_CURVE('',#8433,#8436,#8485,.T.);
#6965=EDGE_CURVE('',#7913,#8346,#8486,.T.);
#6966=EDGE_CURVE('',#7911,#8348,#8487,.T.);
#6967=EDGE_CURVE('',#7909,#8350,#8488,.T.);
#6968=EDGE_CURVE('',#7907,#8352,#8489,.T.);
#6969=EDGE_CURVE('',#7905,#8354,#8490,.T.);
#6970=EDGE_CURVE('',#7903,#8356,#8491,.T.);
#6971=EDGE_CURVE('',#7900,#8358,#8492,.T.);
#6972=EDGE_CURVE('',#8493,#8436,#8494,.T.);
#6973=EDGE_CURVE('',#8495,#8493,#8496,.T.);
#6974=EDGE_CURVE('',#8495,#8433,#8497,.T.);
#6975=EDGE_CURVE('',#8498,#7852,#8499,.T.);
#6976=EDGE_CURVE('',#8500,#8498,#8501,.T.);
#6977=EDGE_CURVE('',#8430,#8500,#8502,.T.);
#6978=EDGE_CURVE('',#8503,#8495,#8504,.T.);
#6979=EDGE_CURVE('',#7861,#8503,#8505,.T.);
#6980=EDGE_CURVE('',#8500,#8506,#8507,.T.);
#6981=EDGE_CURVE('',#8427,#8506,#8508,.T.);
#6982=EDGE_CURVE('',#8430,#8427,#8509,.T.);
#6983=EDGE_CURVE('',#7919,#8383,#8510,.T.);
#6984=EDGE_CURVE('',#8425,#8421,#8511,.T.);
#6985=EDGE_CURVE('',#8422,#8385,#8512,.T.);
#6986=EDGE_CURVE('',#8476,#8387,#8513,.T.);
#6987=EDGE_CURVE('',#8477,#8389,#8514,.T.);
#6988=EDGE_CURVE('',#8515,#8516,#8517,.T.);
#6989=EDGE_CURVE('',#8421,#8516,#8518,.T.);
#6990=EDGE_CURVE('',#8425,#8515,#8519,.T.);
#6991=EDGE_CURVE('',#8520,#8521,#8522,.T.);
#6992=EDGE_CURVE('',#7877,#8520,#8523,.T.);
#6993=EDGE_CURVE('',#8521,#8438,#8524,.T.);
#6994=EDGE_CURVE('',#8515,#8525,#8526,.T.);
#6995=EDGE_CURVE('',#8525,#7868,#8527,.T.);
#6996=EDGE_CURVE('',#8528,#8441,#8529,.T.);
#6997=EDGE_CURVE('',#8521,#8528,#8530,.T.);
#6998=EDGE_CURVE('',#8531,#8528,#8532,.T.);
#6999=EDGE_CURVE('',#8520,#8531,#8533,.T.);
#7000=EDGE_CURVE('',#7876,#8531,#8534,.T.);
#7001=EDGE_CURVE('',#8516,#8535,#8536,.T.);
#7002=EDGE_CURVE('',#8535,#7869,#8537,.T.);
#7003=EDGE_CURVE('',#8525,#8535,#8538,.T.);
#7004=EDGE_CURVE('',#7860,#8539,#8540,.T.);
#7005=EDGE_CURVE('',#8539,#8493,#8541,.T.);
#7006=EDGE_CURVE('',#8506,#8542,#8543,.T.);
#7007=EDGE_CURVE('',#8542,#7853,#8544,.T.);
#7008=EDGE_CURVE('',#8503,#8539,#8545,.T.);
#7009=EDGE_CURVE('',#8498,#8542,#8546,.T.);
#7010=EDGE_CURVE('',#8547,#8452,#8548,.T.);
#7011=EDGE_CURVE('',#7847,#8547,#8549,.T.);
#7012=EDGE_CURVE('',#8550,#7844,#8551,.T.);
#7013=EDGE_CURVE('',#8552,#8550,#8553,.T.);
#7014=EDGE_CURVE('',#8554,#8552,#8555,.T.);
#7015=EDGE_CURVE('',#8556,#8554,#8557,.T.);
#7016=EDGE_CURVE('',#8558,#8556,#8559,.T.);
#7017=EDGE_CURVE('',#8560,#8558,#8561,.T.);
#7018=EDGE_CURVE('',#7837,#8560,#8562,.T.);
#7019=EDGE_CURVE('',#8563,#7841,#8564,.T.);
#7020=EDGE_CURVE('',#8447,#8563,#8565,.T.);
#7021=EDGE_CURVE('',#8563,#8566,#8567,.T.);
#7022=EDGE_CURVE('',#8448,#8566,#8568,.T.);
#7023=EDGE_CURVE('',#8566,#7839,#8569,.T.);
#7024=EDGE_CURVE('',#7836,#8570,#8571,.T.);
#7025=EDGE_CURVE('',#8570,#8572,#8573,.T.);
#7026=EDGE_CURVE('',#8572,#8574,#8575,.T.);
#7027=EDGE_CURVE('',#8574,#8576,#8577,.T.);
#7028=EDGE_CURVE('',#8576,#8578,#8579,.T.);
#7029=EDGE_CURVE('',#8578,#8580,#8581,.T.);
#7030=EDGE_CURVE('',#8580,#7845,#8582,.T.);
#7031=EDGE_CURVE('',#7849,#8583,#8584,.T.);
#7032=EDGE_CURVE('',#8583,#8450,#8585,.T.);
#7033=EDGE_CURVE('',#8547,#8583,#8586,.T.);
#7034=EDGE_CURVE('',#8550,#8580,#8587,.T.);
#7035=EDGE_CURVE('',#8552,#8578,#8588,.T.);
#7036=EDGE_CURVE('',#8554,#8576,#8589,.T.);
#7037=EDGE_CURVE('',#8556,#8574,#8590,.T.);
#7038=EDGE_CURVE('',#8558,#8572,#8591,.T.);
#7039=EDGE_CURVE('',#8560,#8570,#8592,.T.);
#7040=EDGE_CURVE('',#8593,#8460,#8594,.T.);
#7041=EDGE_CURVE('',#7831,#8593,#8595,.T.);
#7042=EDGE_CURVE('',#8596,#7828,#8597,.T.);
#7043=EDGE_CURVE('',#8598,#8596,#8599,.T.);
#7044=EDGE_CURVE('',#8600,#8598,#8601,.T.);
#7045=EDGE_CURVE('',#8602,#8600,#8603,.T.);
#7046=EDGE_CURVE('',#8604,#8602,#8605,.T.);
#7047=EDGE_CURVE('',#8606,#8604,#8607,.T.);
#7048=EDGE_CURVE('',#7821,#8606,#8608,.T.);
#7049=EDGE_CURVE('',#8609,#7825,#8610,.T.);
#7050=EDGE_CURVE('',#8455,#8609,#8611,.T.);
#7051=EDGE_CURVE('',#8609,#8612,#8613,.T.);
#7052=EDGE_CURVE('',#8456,#8612,#8614,.T.);
#7053=EDGE_CURVE('',#8612,#7823,#8615,.T.);
#7054=EDGE_CURVE('',#7820,#8616,#8617,.T.);
#7055=EDGE_CURVE('',#8616,#8618,#8619,.T.);
#7056=EDGE_CURVE('',#8618,#8620,#8621,.T.);
#7057=EDGE_CURVE('',#8620,#8622,#8623,.T.);
#7058=EDGE_CURVE('',#8622,#8624,#8625,.T.);
#7059=EDGE_CURVE('',#8624,#8626,#8627,.T.);
#7060=EDGE_CURVE('',#8626,#7829,#8628,.T.);
#7061=EDGE_CURVE('',#7833,#8629,#8630,.T.);
#7062=EDGE_CURVE('',#8629,#8458,#8631,.T.);
#7063=EDGE_CURVE('',#8593,#8629,#8632,.T.);
#7064=EDGE_CURVE('',#8596,#8626,#8633,.T.);
#7065=EDGE_CURVE('',#8598,#8624,#8634,.T.);
#7066=EDGE_CURVE('',#8600,#8622,#8635,.T.);
#7067=EDGE_CURVE('',#8602,#8620,#8636,.T.);
#7068=EDGE_CURVE('',#8604,#8618,#8637,.T.);
#7069=EDGE_CURVE('',#8606,#8616,#8638,.T.);
#7070=EDGE_CURVE('',#8639,#8468,#8640,.T.);
#7071=EDGE_CURVE('',#7815,#8639,#8641,.T.);
#7072=EDGE_CURVE('',#8642,#7812,#8643,.T.);
#7073=EDGE_CURVE('',#8644,#8642,#8645,.T.);
#7074=EDGE_CURVE('',#8646,#8644,#8647,.T.);
#7075=EDGE_CURVE('',#8648,#8646,#8649,.T.);
#7076=EDGE_CURVE('',#8650,#8648,#8651,.T.);
#7077=EDGE_CURVE('',#8652,#8650,#8653,.T.);
#7078=EDGE_CURVE('',#7805,#8652,#8654,.T.);
#7079=EDGE_CURVE('',#8655,#7809,#8656,.T.);
#7080=EDGE_CURVE('',#8463,#8655,#8657,.T.);
#7081=EDGE_CURVE('',#8655,#8658,#8659,.T.);
#7082=EDGE_CURVE('',#8464,#8658,#8660,.T.);
#7083=EDGE_CURVE('',#8658,#7807,#8661,.T.);
#7084=EDGE_CURVE('',#7804,#8662,#8663,.T.);
#7085=EDGE_CURVE('',#8662,#8664,#8665,.T.);
#7086=EDGE_CURVE('',#8664,#8666,#8667,.T.);
#7087=EDGE_CURVE('',#8666,#8668,#8669,.T.);
#7088=EDGE_CURVE('',#8668,#8670,#8671,.T.);
#7089=EDGE_CURVE('',#8670,#8672,#8673,.T.);
#7090=EDGE_CURVE('',#8672,#7813,#8674,.T.);
#7091=EDGE_CURVE('',#7817,#8675,#8676,.T.);
#7092=EDGE_CURVE('',#8675,#8466,#8677,.T.);
#7093=EDGE_CURVE('',#8639,#8675,#8678,.T.);
#7094=EDGE_CURVE('',#8642,#8672,#8679,.T.);
#7095=EDGE_CURVE('',#8644,#8670,#8680,.T.);
#7096=EDGE_CURVE('',#8646,#8668,#8681,.T.);
#7097=EDGE_CURVE('',#8648,#8666,#8682,.T.);
#7098=EDGE_CURVE('',#8650,#8664,#8683,.T.);
#7099=EDGE_CURVE('',#8652,#8662,#8684,.T.);
#7100=EDGE_CURVE('',#8685,#8686,#8687,.T.);
#7101=EDGE_CURVE('',#8249,#8685,#8688,.T.);
#7102=EDGE_CURVE('',#8247,#8686,#8689,.T.);
#7103=EDGE_CURVE('',#8690,#8691,#8692,.T.);
#7104=EDGE_CURVE('',#8237,#8690,#8693,.T.);
#7105=EDGE_CURVE('',#8235,#8691,#8694,.T.);
#7106=EDGE_CURVE('',#8695,#8380,#8696,.T.);
#7107=EDGE_CURVE('',#8225,#8695,#8697,.T.);
#7108=EDGE_CURVE('',#7985,#8698,#8699,.T.);
#7109=EDGE_CURVE('',#8698,#8700,#8701,.T.);
#7110=EDGE_CURVE('',#8700,#8702,#8703,.T.);
#7111=EDGE_CURVE('',#8702,#8704,#8705,.T.);
#7112=EDGE_CURVE('',#8706,#8704,#8707,.T.);
#7113=EDGE_CURVE('',#8708,#8706,#8709,.T.);
#7114=EDGE_CURVE('',#8708,#8686,#8710,.T.);
#7115=EDGE_CURVE('',#8245,#8711,#8712,.T.);
#7116=EDGE_CURVE('',#8711,#8713,#8714,.T.);
#7117=EDGE_CURVE('',#8713,#8715,#8716,.T.);
#7118=EDGE_CURVE('',#8715,#8717,#8718,.T.);
#7119=EDGE_CURVE('',#8717,#8719,#8720,.T.);
#7120=EDGE_CURVE('',#8719,#8721,#8722,.T.);
#7121=EDGE_CURVE('',#8721,#8723,#8724,.T.);
#7122=EDGE_CURVE('',#8723,#8725,#8726,.T.);
#7123=EDGE_CURVE('',#8725,#8727,#8728,.T.);
#7124=EDGE_CURVE('',#8727,#8729,#8730,.T.);
#7125=EDGE_CURVE('',#8729,#8731,#8732,.T.);
#7126=EDGE_CURVE('',#8731,#8733,#8734,.T.);
#7127=EDGE_CURVE('',#8733,#8735,#8736,.T.);
#7128=EDGE_CURVE('',#8735,#8737,#8738,.T.);
#7129=EDGE_CURVE('',#8737,#7987,#8739,.T.);
#7130=EDGE_CURVE('',#8737,#8740,#8741,.T.);
#7131=EDGE_CURVE('',#8740,#7989,#8742,.T.);
#7132=EDGE_CURVE('',#8740,#8743,#8744,.T.);
#7133=EDGE_CURVE('',#8745,#8743,#8746,.T.);
#7134=EDGE_CURVE('',#8747,#8745,#8748,.T.);
#7135=EDGE_CURVE('',#8749,#8747,#8750,.T.);
#7136=EDGE_CURVE('',#8706,#8749,#8751,.T.);
#7137=EDGE_CURVE('',#8704,#7991,#8752,.T.);
#7138=EDGE_CURVE('',#8753,#7796,#8754,.T.);
#7139=EDGE_CURVE('',#8755,#7796,#8756,.T.);
#7140=EDGE_CURVE('',#8755,#8757,#8758,.T.);
#7141=EDGE_CURVE('',#8757,#8753,#8759,.T.);
#7142=EDGE_CURVE('',#8704,#7799,#8760,.T.);
#7143=EDGE_CURVE('',#7796,#8761,#8762,.T.);
#7144=EDGE_CURVE('',#8761,#7993,#8763,.T.);
#7145=EDGE_CURVE('',#8268,#8372,#8764,.T.);
#7146=EDGE_CURVE('',#8765,#8370,#8766,.T.);
#7147=EDGE_CURVE('',#8765,#8767,#8768,.T.);
#7148=EDGE_CURVE('',#8769,#8767,#8770,.T.);
#7149=EDGE_CURVE('',#8771,#8769,#8772,.T.);
#7150=EDGE_CURVE('',#8773,#8771,#8774,.T.);
#7151=EDGE_CURVE('',#8773,#8775,#8776,.T.);
#7152=EDGE_CURVE('',#8753,#8775,#8777,.T.);
#7153=EDGE_CURVE('',#8778,#8757,#8779,.T.);
#7154=EDGE_CURVE('',#8778,#8780,#8781,.T.);
#7155=EDGE_CURVE('',#8270,#8780,#8782,.T.);
#7156=EDGE_CURVE('',#8780,#7797,#8783,.T.);
#7157=EDGE_CURVE('',#7797,#8784,#8785,.T.);
#7158=EDGE_CURVE('',#8262,#8784,#8786,.T.);
#7159=EDGE_CURVE('',#8784,#7981,#8787,.T.);
#7160=EDGE_CURVE('',#8788,#7801,#8789,.T.);
#7161=EDGE_CURVE('',#8790,#8788,#8791,.T.);
#7162=EDGE_CURVE('',#8792,#8790,#8793,.T.);
#7163=EDGE_CURVE('',#7983,#8792,#8794,.T.);
#7164=EDGE_CURVE('',#8795,#8778,#8796,.T.);
#7165=EDGE_CURVE('',#8795,#7797,#8797,.T.);
#7166=EDGE_CURVE('',#8792,#8698,#8798,.T.);
#7167=EDGE_CURVE('',#8799,#8361,#8800,.T.);
#7168=EDGE_CURVE('',#8011,#8799,#8801,.T.);
#7169=EDGE_CURVE('',#7999,#8802,#8803,.T.);
#7170=EDGE_CURVE('',#7997,#8804,#8805,.T.);
#7171=EDGE_CURVE('',#8804,#8802,#8806,.T.);
#7172=EDGE_CURVE('',#8790,#8700,#8807,.T.);
#7173=EDGE_CURVE('',#8808,#8363,#8809,.T.);
#7174=EDGE_CURVE('',#8799,#8808,#8810,.T.);
#7175=EDGE_CURVE('',#8802,#8811,#8812,.T.);
#7176=EDGE_CURVE('',#8804,#8813,#8814,.T.);
#7177=EDGE_CURVE('',#8813,#8811,#8815,.T.);
#7178=EDGE_CURVE('',#8788,#8702,#8816,.T.);
#7179=EDGE_CURVE('',#8817,#8365,#8818,.T.);
#7180=EDGE_CURVE('',#8808,#8817,#8819,.T.);
#7181=EDGE_CURVE('',#8811,#8820,#8821,.T.);
#7182=EDGE_CURVE('',#8813,#8822,#8823,.T.);
#7183=EDGE_CURVE('',#8822,#8820,#8824,.T.);
#7184=EDGE_CURVE('',#8817,#7785,#8825,.T.);
#7185=EDGE_CURVE('',#8820,#8826,#8827,.T.);
#7186=EDGE_CURVE('',#8822,#7793,#8828,.T.);
#7187=EDGE_CURVE('',#8826,#7791,#8829,.T.);
#7188=EDGE_CURVE('',#8795,#8755,#8830,.T.);
#7189=EDGE_CURVE('',#8831,#7789,#8832,.T.);
#7190=EDGE_CURVE('',#8831,#8833,#8834,.T.);
#7191=EDGE_CURVE('',#8833,#7788,#8835,.T.);
#7192=EDGE_CURVE('',#8836,#7781,#8837,.T.);
#7193=EDGE_CURVE('',#8836,#8368,#8838,.T.);
#7194=EDGE_CURVE('',#8831,#8773,#8839,.T.);
#7195=EDGE_CURVE('',#8833,#8771,#8840,.T.);
#7196=EDGE_CURVE('',#8836,#8765,#8841,.T.);
#7197=EDGE_CURVE('',#8769,#7788,#8842,.T.);
#7198=EDGE_CURVE('',#7788,#8843,#8844,.T.);
#7199=EDGE_CURVE('',#8843,#8007,#8845,.T.);
#7200=EDGE_CURVE('',#8826,#8005,#8846,.T.);
#7201=EDGE_CURVE('',#8767,#7781,#8847,.T.);
#7202=EDGE_CURVE('',#7781,#8848,#8849,.T.);
#7203=EDGE_CURVE('',#8843,#8848,#8850,.T.);
#7204=EDGE_CURVE('',#8848,#8009,#8851,.T.);
#7205=EDGE_CURVE('',#8852,#8853,#8854,.T.);
#7206=EDGE_CURVE('',#8855,#8853,#8856,.T.);
#7207=EDGE_CURVE('',#8857,#8855,#8858,.T.);
#7208=EDGE_CURVE('',#8859,#8857,#8860,.T.);
#7209=EDGE_CURVE('',#8861,#8859,#8862,.T.);
#7210=EDGE_CURVE('',#8861,#8826,#8863,.T.);
#7211=EDGE_CURVE('',#8852,#8003,#8864,.T.);
#7212=EDGE_CURVE('',#8865,#8001,#8866,.T.);
#7213=EDGE_CURVE('',#8865,#8852,#8867,.T.);
#7214=EDGE_CURVE('',#8868,#8869,#8870,.T.);
#7215=EDGE_CURVE('',#8869,#8852,#8871,.T.);
#7216=EDGE_CURVE('',#8868,#8865,#8872,.T.);
#7217=EDGE_CURVE('',#8873,#8861,#8874,.T.);
#7218=EDGE_CURVE('',#8873,#8691,#8875,.T.);
#7219=EDGE_CURVE('',#8233,#8876,#8877,.T.);
#7220=EDGE_CURVE('',#8876,#8878,#8879,.T.);
#7221=EDGE_CURVE('',#8878,#8880,#8881,.T.);
#7222=EDGE_CURVE('',#8880,#8882,#8883,.T.);
#7223=EDGE_CURVE('',#8882,#8884,#8885,.T.);
#7224=EDGE_CURVE('',#8884,#8886,#8887,.T.);
#7225=EDGE_CURVE('',#8886,#8888,#8889,.T.);
#7226=EDGE_CURVE('',#8888,#8890,#8891,.T.);
#7227=EDGE_CURVE('',#8890,#8892,#8893,.T.);
#7228=EDGE_CURVE('',#8892,#8894,#8895,.T.);
#7229=EDGE_CURVE('',#8894,#8896,#8897,.T.);
#7230=EDGE_CURVE('',#8896,#8898,#8899,.T.);
#7231=EDGE_CURVE('',#8898,#8868,#8900,.T.);
#7232=EDGE_CURVE('',#8898,#8901,#8902,.T.);
#7233=EDGE_CURVE('',#8901,#8869,#8903,.T.);
#7234=EDGE_CURVE('',#8901,#8904,#8905,.T.);
#7235=EDGE_CURVE('',#8906,#8904,#8907,.T.);
#7236=EDGE_CURVE('',#8869,#8906,#8908,.T.);
#7237=EDGE_CURVE('',#8853,#8906,#8909,.T.);
#7238=EDGE_CURVE('',#8910,#8853,#8911,.T.);
#7239=EDGE_CURVE('',#8912,#8906,#8913,.T.);
#7240=EDGE_CURVE('',#8910,#8912,#8914,.T.);
#7241=EDGE_CURVE('',#8915,#8916,#8917,.T.);
#7242=EDGE_CURVE('',#8916,#8910,#8918,.T.);
#7243=EDGE_CURVE('',#8912,#8919,#8920,.T.);
#7244=EDGE_CURVE('',#8919,#8921,#8922,.T.);
#7245=EDGE_CURVE('',#8921,#8923,#8924,.T.);
#7246=EDGE_CURVE('',#8923,#8925,#8926,.T.);
#7247=EDGE_CURVE('',#8925,#8927,#8928,.T.);
#7248=EDGE_CURVE('',#8927,#8929,#8930,.T.);
#7249=EDGE_CURVE('',#8929,#8931,#8932,.T.);
#7250=EDGE_CURVE('',#8931,#8933,#8934,.T.);
#7251=EDGE_CURVE('',#8933,#8935,#8936,.T.);
#7252=EDGE_CURVE('',#8935,#8937,#8938,.T.);
#7253=EDGE_CURVE('',#8937,#8939,#8940,.T.);
#7254=EDGE_CURVE('',#8939,#8941,#8942,.T.);
#7255=EDGE_CURVE('',#8941,#8915,#8943,.T.);
#7256=EDGE_CURVE('',#8915,#8944,#8945,.T.);
#7257=EDGE_CURVE('',#8941,#8946,#8947,.T.);
#7258=EDGE_CURVE('',#8946,#8944,#8948,.T.);
#7259=EDGE_CURVE('',#8949,#8229,#8950,.T.);
#7260=EDGE_CURVE('',#8944,#8949,#8951,.T.);
#7261=EDGE_CURVE('',#8946,#8952,#8953,.T.);
#7262=EDGE_CURVE('',#8231,#8952,#8954,.T.);
#7263=EDGE_CURVE('',#8876,#8952,#8955,.T.);
#7264=EDGE_CURVE('',#8952,#8956,#8957,.T.);
#7265=EDGE_CURVE('',#8878,#8956,#8958,.T.);
#7266=EDGE_CURVE('',#8956,#8959,#8960,.T.);
#7267=EDGE_CURVE('',#8880,#8959,#8961,.T.);
#7268=EDGE_CURVE('',#8959,#8962,#8963,.T.);
#7269=EDGE_CURVE('',#8882,#8962,#8964,.T.);
#7270=EDGE_CURVE('',#8962,#8965,#8966,.T.);
#7271=EDGE_CURVE('',#8884,#8965,#8967,.T.);
#7272=EDGE_CURVE('',#8965,#7773,#8968,.T.);
#7273=EDGE_CURVE('',#8886,#7777,#8969,.T.);
#7274=EDGE_CURVE('',#7777,#8970,#8971,.T.);
#7275=EDGE_CURVE('',#8888,#8970,#8972,.T.);
#7276=EDGE_CURVE('',#8970,#8973,#8974,.T.);
#7277=EDGE_CURVE('',#8890,#8973,#8975,.T.);
#7278=EDGE_CURVE('',#8973,#8976,#8977,.T.);
#7279=EDGE_CURVE('',#8892,#8976,#8978,.T.);
#7280=EDGE_CURVE('',#8976,#8979,#8980,.T.);
#7281=EDGE_CURVE('',#8894,#8979,#8981,.T.);
#7282=EDGE_CURVE('',#8979,#8982,#8983,.T.);
#7283=EDGE_CURVE('',#8896,#8982,#8984,.T.);
#7284=EDGE_CURVE('',#8896,#8985,#8986,.T.);
#7285=EDGE_CURVE('',#8982,#8985,#8987,.T.);
#7286=EDGE_CURVE('',#8982,#8988,#8989,.T.);
#7287=EDGE_CURVE('',#8990,#8988,#8991,.T.);
#7288=EDGE_CURVE('',#8985,#8990,#8992,.T.);
#7289=EDGE_CURVE('',#8993,#8990,#8994,.T.);
#7290=EDGE_CURVE('',#8995,#8993,#8996,.T.);
#7291=EDGE_CURVE('',#8985,#8995,#8997,.T.);
#7292=EDGE_CURVE('',#8898,#8995,#8998,.T.);
#7293=EDGE_CURVE('',#8995,#8901,#8999,.T.);
#7294=EDGE_CURVE('',#8904,#8993,#9000,.T.);
#7295=EDGE_CURVE('',#8919,#8993,#9001,.T.);
#7296=EDGE_CURVE('',#8919,#8904,#9002,.T.);
#7297=EDGE_CURVE('',#8921,#8990,#9003,.T.);
#7298=EDGE_CURVE('',#8921,#8988,#9004,.T.);
#7299=EDGE_CURVE('',#8988,#9005,#9006,.T.);
#7300=EDGE_CURVE('',#8923,#9005,#9007,.T.);
#7301=EDGE_CURVE('',#9005,#9008,#9009,.T.);
#7302=EDGE_CURVE('',#8925,#9008,#9010,.T.);
#7303=EDGE_CURVE('',#9008,#9011,#9012,.T.);
#7304=EDGE_CURVE('',#8927,#9011,#9013,.T.);
#7305=EDGE_CURVE('',#9011,#9014,#9015,.T.);
#7306=EDGE_CURVE('',#8929,#9014,#9016,.T.);
#7307=EDGE_CURVE('',#9014,#7775,#9017,.T.);
#7308=EDGE_CURVE('',#8931,#7775,#9018,.T.);
#7309=EDGE_CURVE('',#7772,#9019,#9020,.T.);
#7310=EDGE_CURVE('',#8933,#9019,#9021,.T.);
#7311=EDGE_CURVE('',#9019,#9022,#9023,.T.);
#7312=EDGE_CURVE('',#8935,#9022,#9024,.T.);
#7313=EDGE_CURVE('',#9022,#9025,#9026,.T.);
#7314=EDGE_CURVE('',#8937,#9025,#9027,.T.);
#7315=EDGE_CURVE('',#9025,#9028,#9029,.T.);
#7316=EDGE_CURVE('',#8939,#9028,#9030,.T.);
#7317=EDGE_CURVE('',#9028,#8946,#9031,.T.);
#7318=EDGE_CURVE('',#8956,#9028,#9032,.T.);
#7319=EDGE_CURVE('',#8959,#9025,#9033,.T.);
#7320=EDGE_CURVE('',#8962,#9022,#9034,.T.);
#7321=EDGE_CURVE('',#8965,#9019,#9035,.T.);
#7322=EDGE_CURVE('',#8970,#9014,#9036,.T.);
#7323=EDGE_CURVE('',#8973,#9011,#9037,.T.);
#7324=EDGE_CURVE('',#8976,#9008,#9038,.T.);
#7325=EDGE_CURVE('',#8979,#9005,#9039,.T.);
#7326=EDGE_CURVE('',#8944,#9040,#9041,.T.);
#7327=EDGE_CURVE('',#8949,#9042,#9043,.T.);
#7328=EDGE_CURVE('',#9042,#9040,#9044,.T.);
#7329=EDGE_CURVE('',#9045,#9046,#9047,.T.);
#7330=EDGE_CURVE('',#9040,#9046,#9048,.T.);
#7331=EDGE_CURVE('',#9042,#9049,#9050,.T.);
#7332=EDGE_CURVE('',#9049,#9045,#9051,.T.);
#7333=EDGE_CURVE('',#9052,#8695,#9053,.T.);
#7334=EDGE_CURVE('',#9052,#8859,#9054,.T.);
#7335=EDGE_CURVE('',#9045,#8857,#9055,.T.);
#7336=EDGE_CURVE('',#9049,#8227,#9056,.T.);
#7337=EDGE_CURVE('',#9046,#8855,#9057,.T.);
#7338=EDGE_CURVE('',#8916,#8855,#9058,.T.);
#7339=EDGE_CURVE('',#8916,#9046,#9059,.T.);
#7340=EDGE_CURVE('',#9040,#8915,#9060,.T.);
#7341=EDGE_CURVE('',#9061,#8706,#9062,.T.);
#7342=EDGE_CURVE('',#9063,#9061,#9064,.T.);
#7343=EDGE_CURVE('',#9063,#8708,#9065,.T.);
#7344=EDGE_CURVE('',#8749,#8861,#9066,.T.);
#7345=EDGE_CURVE('',#9067,#8749,#9068,.T.);
#7346=EDGE_CURVE('',#9067,#8873,#9069,.T.);
#7347=EDGE_CURVE('',#9052,#8378,#9070,.T.);
#7348=EDGE_CURVE('',#8859,#8376,#9071,.T.);
#7349=EDGE_CURVE('',#9063,#8685,#9072,.T.);
#7350=EDGE_CURVE('',#9067,#8690,#9073,.T.);
#7351=EDGE_CURVE('',#9061,#9074,#9075,.T.);
#7352=EDGE_CURVE('',#9076,#9074,#9077,.T.);
#7353=EDGE_CURVE('',#9078,#9076,#9079,.T.);
#7354=EDGE_CURVE('',#9078,#8251,#9080,.T.);
#7355=EDGE_CURVE('',#9081,#9078,#9082,.T.);
#7356=EDGE_CURVE('',#9083,#9081,#9084,.T.);
#7357=EDGE_CURVE('',#9083,#8253,#9085,.T.);
#7358=EDGE_CURVE('',#9086,#9083,#9087,.T.);
#7359=EDGE_CURVE('',#9088,#9086,#9089,.T.);
#7360=EDGE_CURVE('',#9088,#9090,#9091,.T.);
#7361=EDGE_CURVE('',#8255,#9090,#9092,.T.);
#7362=EDGE_CURVE('',#9093,#9090,#9094,.T.);
#7363=EDGE_CURVE('',#7973,#9093,#9095,.T.);
#7364=EDGE_CURVE('',#9093,#9096,#9097,.T.);
#7365=EDGE_CURVE('',#9096,#9098,#9099,.T.);
#7366=EDGE_CURVE('',#9098,#9100,#9101,.T.);
#7367=EDGE_CURVE('',#9100,#9102,#9103,.T.);
#7368=EDGE_CURVE('',#9102,#9104,#9105,.T.);
#7369=EDGE_CURVE('',#9104,#9106,#9107,.T.);
#7370=EDGE_CURVE('',#9106,#9108,#9109,.T.);
#7371=EDGE_CURVE('',#9108,#9110,#9111,.T.);
#7372=EDGE_CURVE('',#9110,#9112,#9113,.T.);
#7373=EDGE_CURVE('',#9112,#9114,#9115,.T.);
#7374=EDGE_CURVE('',#9114,#9116,#9117,.T.);
#7375=EDGE_CURVE('',#9116,#9118,#9119,.T.);
#7376=EDGE_CURVE('',#9118,#9120,#9121,.T.);
#7377=EDGE_CURVE('',#9120,#7972,#9122,.T.);
#7378=EDGE_CURVE('',#9120,#9123,#9124,.T.);
#7379=EDGE_CURVE('',#9123,#7975,#9125,.T.);
#7380=EDGE_CURVE('',#9123,#9126,#9127,.T.);
#7381=EDGE_CURVE('',#9128,#9126,#9129,.T.);
#7382=EDGE_CURVE('',#9074,#9128,#9130,.T.);
#7383=EDGE_CURVE('',#8264,#9061,#9131,.T.);
#7384=EDGE_CURVE('',#8266,#8374,#9132,.T.);
#7385=EDGE_CURVE('',#9076,#9133,#9134,.T.);
#7386=EDGE_CURVE('',#9133,#9128,#9135,.T.);
#7387=EDGE_CURVE('',#9136,#9128,#9137,.T.);
#7388=EDGE_CURVE('',#9136,#9133,#9138,.T.);
#7389=EDGE_CURVE('',#9139,#9140,#9141,.T.);
#7390=EDGE_CURVE('',#9139,#9133,#9142,.T.);
#7391=EDGE_CURVE('',#9140,#9136,#9143,.T.);
#7392=EDGE_CURVE('',#9136,#9144,#9145,.T.);
#7393=EDGE_CURVE('',#9144,#9146,#9147,.T.);
#7394=EDGE_CURVE('',#9146,#9148,#9149,.T.);
#7395=EDGE_CURVE('',#9148,#9150,#9151,.T.);
#7396=EDGE_CURVE('',#9150,#9152,#9153,.T.);
#7397=EDGE_CURVE('',#9152,#9154,#9155,.T.);
#7398=EDGE_CURVE('',#9154,#9156,#9157,.T.);
#7399=EDGE_CURVE('',#9156,#9158,#9159,.T.);
#7400=EDGE_CURVE('',#9158,#9160,#9161,.T.);
#7401=EDGE_CURVE('',#9160,#9162,#9163,.T.);
#7402=EDGE_CURVE('',#9162,#9164,#9165,.T.);
#7403=EDGE_CURVE('',#9164,#9166,#9167,.T.);
#7404=EDGE_CURVE('',#9166,#9168,#9169,.T.);
#7405=EDGE_CURVE('',#9168,#9170,#9171,.T.);
#7406=EDGE_CURVE('',#9170,#9140,#9172,.T.);
#7407=EDGE_CURVE('',#9140,#9086,#9173,.T.);
#7408=EDGE_CURVE('',#9170,#9088,#9174,.T.);
#7409=EDGE_CURVE('',#9168,#9175,#9176,.T.);
#7410=EDGE_CURVE('',#9175,#9088,#9177,.T.);
#7411=EDGE_CURVE('',#9178,#9175,#9179,.T.);
#7412=EDGE_CURVE('',#9090,#9178,#9180,.T.);
#7413=EDGE_CURVE('',#9096,#9178,#9181,.T.);
#7414=EDGE_CURVE('',#9178,#9182,#9183,.T.);
#7415=EDGE_CURVE('',#9098,#9182,#9184,.T.);
#7416=EDGE_CURVE('',#9182,#9185,#9186,.T.);
#7417=EDGE_CURVE('',#9100,#9185,#9187,.T.);
#7418=EDGE_CURVE('',#9185,#9188,#9189,.T.);
#7419=EDGE_CURVE('',#9102,#9188,#9190,.T.);
#7420=EDGE_CURVE('',#9188,#7765,#9191,.T.);
#7421=EDGE_CURVE('',#9104,#7769,#9192,.T.);
#7422=EDGE_CURVE('',#7769,#9193,#9194,.T.);
#7423=EDGE_CURVE('',#9106,#9193,#9195,.T.);
#7424=EDGE_CURVE('',#9193,#9196,#9197,.T.);
#7425=EDGE_CURVE('',#9108,#9196,#9198,.T.);
#7426=EDGE_CURVE('',#9196,#9199,#9200,.T.);
#7427=EDGE_CURVE('',#9110,#9199,#9201,.T.);
#7428=EDGE_CURVE('',#9199,#9202,#9203,.T.);
#7429=EDGE_CURVE('',#9112,#9202,#9204,.T.);
#7430=EDGE_CURVE('',#9202,#9205,#9206,.T.);
#7431=EDGE_CURVE('',#9114,#9205,#9207,.T.);
#7432=EDGE_CURVE('',#9114,#9208,#9209,.T.);
#7433=EDGE_CURVE('',#9205,#9208,#9210,.T.);
#7434=EDGE_CURVE('',#9205,#9211,#9212,.T.);
#7435=EDGE_CURVE('',#9213,#9211,#9214,.T.);
#7436=EDGE_CURVE('',#9208,#9213,#9215,.T.);
#7437=EDGE_CURVE('',#9216,#9213,#9217,.T.);
#7438=EDGE_CURVE('',#9218,#9216,#9219,.T.);
#7439=EDGE_CURVE('',#9208,#9218,#9220,.T.);
#7440=EDGE_CURVE('',#9116,#9218,#9221,.T.);
#7441=EDGE_CURVE('',#9116,#9222,#9223,.T.);
#7442=EDGE_CURVE('',#9218,#9222,#9224,.T.);
#7443=EDGE_CURVE('',#9225,#9216,#9226,.T.);
#7444=EDGE_CURVE('',#9222,#9225,#9227,.T.);
#7445=EDGE_CURVE('',#9228,#9225,#9229,.T.);
#7446=EDGE_CURVE('',#9230,#9228,#9231,.T.);
#7447=EDGE_CURVE('',#9222,#9230,#9232,.T.);
#7448=EDGE_CURVE('',#9118,#9230,#9233,.T.);
#7449=EDGE_CURVE('',#9230,#9123,#9234,.T.);
#7450=EDGE_CURVE('',#9126,#9228,#9235,.T.);
#7451=EDGE_CURVE('',#9144,#9126,#9236,.T.);
#7452=EDGE_CURVE('',#9146,#9228,#9237,.T.);
#7453=EDGE_CURVE('',#9148,#9225,#9238,.T.);
#7454=EDGE_CURVE('',#9148,#9216,#9239,.T.);
#7455=EDGE_CURVE('',#9150,#9213,#9240,.T.);
#7456=EDGE_CURVE('',#9150,#9211,#9241,.T.);
#7457=EDGE_CURVE('',#9211,#9242,#9243,.T.);
#7458=EDGE_CURVE('',#9152,#9242,#9244,.T.);
#7459=EDGE_CURVE('',#9242,#9245,#9246,.T.);
#7460=EDGE_CURVE('',#9154,#9245,#9247,.T.);
#7461=EDGE_CURVE('',#9245,#9248,#9249,.T.);
#7462=EDGE_CURVE('',#9156,#9248,#9250,.T.);
#7463=EDGE_CURVE('',#9248,#9251,#9252,.T.);
#7464=EDGE_CURVE('',#9158,#9251,#9253,.T.);
#7465=EDGE_CURVE('',#9251,#7767,#9254,.T.);
#7466=EDGE_CURVE('',#9160,#7767,#9255,.T.);
#7467=EDGE_CURVE('',#7764,#9256,#9257,.T.);
#7468=EDGE_CURVE('',#9162,#9256,#9258,.T.);
#7469=EDGE_CURVE('',#9256,#9259,#9260,.T.);
#7470=EDGE_CURVE('',#9164,#9259,#9261,.T.);
#7471=EDGE_CURVE('',#9259,#9262,#9263,.T.);
#7472=EDGE_CURVE('',#9166,#9262,#9264,.T.);
#7473=EDGE_CURVE('',#9262,#9175,#9265,.T.);
#7474=EDGE_CURVE('',#9182,#9262,#9266,.T.);
#7475=EDGE_CURVE('',#9185,#9259,#9267,.T.);
#7476=EDGE_CURVE('',#9188,#9256,#9268,.T.);
#7477=EDGE_CURVE('',#9193,#9251,#9269,.T.);
#7478=EDGE_CURVE('',#9196,#9248,#9270,.T.);
#7479=EDGE_CURVE('',#9199,#9245,#9271,.T.);
#7480=EDGE_CURVE('',#9202,#9242,#9272,.T.);
#7481=EDGE_CURVE('',#9086,#9139,#9273,.T.);
#7482=EDGE_CURVE('',#9081,#9139,#9274,.T.);
#7483=EDGE_CURVE('',#9275,#8747,#9276,.T.);
#7484=EDGE_CURVE('',#9277,#9275,#9278,.T.);
#7485=EDGE_CURVE('',#9277,#8239,#9279,.T.);
#7486=EDGE_CURVE('',#9280,#9277,#9281,.T.);
#7487=EDGE_CURVE('',#9282,#9280,#9283,.T.);
#7488=EDGE_CURVE('',#9282,#8241,#9284,.T.);
#7489=EDGE_CURVE('',#9285,#9282,#9286,.T.);
#7490=EDGE_CURVE('',#9287,#9285,#9288,.T.);
#7491=EDGE_CURVE('',#9287,#9289,#9290,.T.);
#7492=EDGE_CURVE('',#8243,#9289,#9291,.T.);
#7493=EDGE_CURVE('',#8711,#9289,#9292,.T.);
#7494=EDGE_CURVE('',#9289,#9293,#9294,.T.);
#7495=EDGE_CURVE('',#8713,#9293,#9295,.T.);
#7496=EDGE_CURVE('',#9293,#9296,#9297,.T.);
#7497=EDGE_CURVE('',#8715,#9296,#9298,.T.);
#7498=EDGE_CURVE('',#9296,#9299,#9300,.T.);
#7499=EDGE_CURVE('',#8717,#9299,#9301,.T.);
#7500=EDGE_CURVE('',#9299,#9302,#9303,.T.);
#7501=EDGE_CURVE('',#8719,#9302,#9304,.T.);
#7502=EDGE_CURVE('',#9302,#7757,#9305,.T.);
#7503=EDGE_CURVE('',#8721,#7761,#9306,.T.);
#7504=EDGE_CURVE('',#7761,#9307,#9308,.T.);
#7505=EDGE_CURVE('',#8723,#9307,#9309,.T.);
#7506=EDGE_CURVE('',#9307,#9310,#9311,.T.);
#7507=EDGE_CURVE('',#8725,#9310,#9312,.T.);
#7508=EDGE_CURVE('',#9310,#9313,#9314,.T.);
#7509=EDGE_CURVE('',#8727,#9313,#9315,.T.);
#7510=EDGE_CURVE('',#9313,#9316,#9317,.T.);
#7511=EDGE_CURVE('',#8729,#9316,#9318,.T.);
#7512=EDGE_CURVE('',#9316,#9319,#9320,.T.);
#7513=EDGE_CURVE('',#8731,#9319,#9321,.T.);
#7514=EDGE_CURVE('',#8731,#9322,#9323,.T.);
#7515=EDGE_CURVE('',#9319,#9322,#9324,.T.);
#7516=EDGE_CURVE('',#9319,#9325,#9326,.T.);
#7517=EDGE_CURVE('',#9327,#9325,#9328,.T.);
#7518=EDGE_CURVE('',#9322,#9327,#9329,.T.);
#7519=EDGE_CURVE('',#9330,#9327,#9331,.T.);
#7520=EDGE_CURVE('',#9332,#9330,#9333,.T.);
#7521=EDGE_CURVE('',#9322,#9332,#9334,.T.);
#7522=EDGE_CURVE('',#8733,#9332,#9335,.T.);
#7523=EDGE_CURVE('',#8733,#9336,#9337,.T.);
#7524=EDGE_CURVE('',#9332,#9336,#9338,.T.);
#7525=EDGE_CURVE('',#9339,#9330,#9340,.T.);
#7526=EDGE_CURVE('',#9336,#9339,#9341,.T.);
#7527=EDGE_CURVE('',#9342,#9339,#9343,.T.);
#7528=EDGE_CURVE('',#9344,#9342,#9345,.T.);
#7529=EDGE_CURVE('',#9336,#9344,#9346,.T.);
#7530=EDGE_CURVE('',#8735,#9344,#9347,.T.);
#7531=EDGE_CURVE('',#9344,#8740,#9348,.T.);
#7532=EDGE_CURVE('',#8743,#9342,#9349,.T.);
#7533=EDGE_CURVE('',#9350,#8743,#9351,.T.);
#7534=EDGE_CURVE('',#9352,#9342,#9353,.T.);
#7535=EDGE_CURVE('',#9350,#9352,#9354,.T.);
#7536=EDGE_CURVE('',#9355,#9356,#9357,.T.);
#7537=EDGE_CURVE('',#9356,#9350,#9358,.T.);
#7538=EDGE_CURVE('',#9352,#9359,#9360,.T.);
#7539=EDGE_CURVE('',#9359,#9361,#9362,.T.);
#7540=EDGE_CURVE('',#9361,#9363,#9364,.T.);
#7541=EDGE_CURVE('',#9363,#9365,#9366,.T.);
#7542=EDGE_CURVE('',#9365,#9367,#9368,.T.);
#7543=EDGE_CURVE('',#9367,#9369,#9370,.T.);
#7544=EDGE_CURVE('',#9369,#9371,#9372,.T.);
#7545=EDGE_CURVE('',#9371,#9373,#9374,.T.);
#7546=EDGE_CURVE('',#9373,#9375,#9376,.T.);
#7547=EDGE_CURVE('',#9375,#9377,#9378,.T.);
#7548=EDGE_CURVE('',#9377,#9379,#9380,.T.);
#7549=EDGE_CURVE('',#9379,#9381,#9382,.T.);
#7550=EDGE_CURVE('',#9381,#9355,#9383,.T.);
#7551=EDGE_CURVE('',#9355,#9285,#9384,.T.);
#7552=EDGE_CURVE('',#9381,#9287,#9385,.T.);
#7553=EDGE_CURVE('',#9379,#9386,#9387,.T.);
#7554=EDGE_CURVE('',#9386,#9287,#9388,.T.);
#7555=EDGE_CURVE('',#9293,#9386,#9389,.T.);
#7556=EDGE_CURVE('',#9390,#9386,#9391,.T.);
#7557=EDGE_CURVE('',#9296,#9390,#9392,.T.);
#7558=EDGE_CURVE('',#9393,#9390,#9394,.T.);
#7559=EDGE_CURVE('',#9299,#9393,#9395,.T.);
#7560=EDGE_CURVE('',#9396,#9393,#9397,.T.);
#7561=EDGE_CURVE('',#9302,#9396,#9398,.T.);
#7562=EDGE_CURVE('',#7756,#9396,#9399,.T.);
#7563=EDGE_CURVE('',#9400,#7759,#9401,.T.);
#7564=EDGE_CURVE('',#9307,#9400,#9402,.T.);
#7565=EDGE_CURVE('',#9403,#9400,#9404,.T.);
#7566=EDGE_CURVE('',#9310,#9403,#9405,.T.);
#7567=EDGE_CURVE('',#9406,#9403,#9407,.T.);
#7568=EDGE_CURVE('',#9313,#9406,#9408,.T.);
#7569=EDGE_CURVE('',#9409,#9406,#9410,.T.);
#7570=EDGE_CURVE('',#9316,#9409,#9411,.T.);
#7571=EDGE_CURVE('',#9325,#9409,#9412,.T.);
#7572=EDGE_CURVE('',#9361,#9325,#9413,.T.);
#7573=EDGE_CURVE('',#9363,#9409,#9414,.T.);
#7574=EDGE_CURVE('',#9365,#9406,#9415,.T.);
#7575=EDGE_CURVE('',#9367,#9403,#9416,.T.);
#7576=EDGE_CURVE('',#9369,#9400,#9417,.T.);
#7577=EDGE_CURVE('',#9371,#7759,#9418,.T.);
#7578=EDGE_CURVE('',#9373,#9396,#9419,.T.);
#7579=EDGE_CURVE('',#9375,#9393,#9420,.T.);
#7580=EDGE_CURVE('',#9377,#9390,#9421,.T.);
#7581=EDGE_CURVE('',#9361,#9327,#9422,.T.);
#7582=EDGE_CURVE('',#9359,#9330,#9423,.T.);
#7583=EDGE_CURVE('',#9359,#9339,#9424,.T.);
#7584=EDGE_CURVE('',#9285,#9425,#9426,.T.);
#7585=EDGE_CURVE('',#9425,#9355,#9427,.T.);
#7586=EDGE_CURVE('',#9425,#9428,#9429,.T.);
#7587=EDGE_CURVE('',#9356,#9428,#9430,.T.);
#7588=EDGE_CURVE('',#9356,#8745,#9431,.T.);
#7589=EDGE_CURVE('',#9428,#8745,#9432,.T.);
#7590=EDGE_CURVE('',#9275,#9428,#9433,.T.);
#7591=EDGE_CURVE('',#9280,#9425,#9434,.T.);
#7592=EDGE_CURVE('',#8775,#7789,#9435,.T.);
#7593=EDGE_CURVE('',#9436,#7995,#9437,.T.);
#7594=EDGE_CURVE('',#7789,#9436,#9438,.T.);
#7595=EDGE_CURVE('',#8761,#9436,#9439,.T.);
#7596=EDGE_CURVE('',#7746,#8394,#9440,.T.);
#7597=EDGE_CURVE('',#8393,#7747,#9441,.T.);
#7598=EDGE_CURVE('',#9442,#9443,#9444,.T.);
#7599=EDGE_CURVE('',#7751,#9443,#9445,.T.);
#7600=EDGE_CURVE('',#7749,#9442,#9446,.T.);
#7601=EDGE_CURVE('',#9442,#9443,#9447,.T.);
#7602=EDGE_CURVE('',#7736,#8398,#9448,.T.);
#7603=EDGE_CURVE('',#8397,#7737,#9449,.T.);
#7604=EDGE_CURVE('',#9450,#9451,#9452,.T.);
#7605=EDGE_CURVE('',#7741,#9451,#9453,.T.);
#7606=EDGE_CURVE('',#7739,#9450,#9454,.T.);
#7607=EDGE_CURVE('',#9450,#9451,#9455,.T.);
#7608=EDGE_CURVE('',#8402,#7726,#9456,.T.);
#7609=EDGE_CURVE('',#8401,#7727,#9457,.T.);
#7610=EDGE_CURVE('',#8406,#7716,#9458,.T.);
#7611=EDGE_CURVE('',#8405,#7717,#9459,.T.);
#7612=EDGE_CURVE('',#9460,#9461,#9462,.T.);
#7613=EDGE_CURVE('',#7721,#9461,#9463,.T.);
#7614=EDGE_CURVE('',#7719,#9460,#9464,.T.);
#7615=EDGE_CURVE('',#9460,#9461,#9465,.T.);
#7616=EDGE_CURVE('',#8410,#7706,#9466,.T.);
#7617=EDGE_CURVE('',#8409,#7707,#9467,.T.);
#7618=EDGE_CURVE('',#9468,#8418,#9469,.T.);
#7619=EDGE_CURVE('',#9468,#9470,#9471,.T.);
#7620=EDGE_CURVE('',#8413,#9470,#9472,.T.);
#7621=EDGE_CURVE('',#8414,#9473,#9474,.T.);
#7622=EDGE_CURVE('',#9473,#9470,#9475,.T.);
#7623=EDGE_CURVE('',#9468,#9476,#9477,.T.);
#7624=EDGE_CURVE('',#9476,#9473,#9478,.T.);
#7625=EDGE_CURVE('',#8416,#9476,#9479,.T.);
#7626=EDGE_CURVE('',#7701,#7929,#9480,.T.);
#7627=EDGE_CURVE('',#7699,#7928,#9481,.T.);
#7628=EDGE_CURVE('',#9482,#7696,#9483,.T.);
#7629=EDGE_CURVE('',#9484,#9482,#9485,.T.);
#7630=EDGE_CURVE('',#9484,#7697,#9486,.T.);
#7631=EDGE_CURVE('',#9484,#9482,#9487,.T.);
#7632=EDGE_CURVE('',#7689,#7932,#9488,.T.);
#7633=EDGE_CURVE('',#7691,#7933,#9489,.T.);
#7634=EDGE_CURVE('',#9490,#7686,#9491,.T.);
#7635=EDGE_CURVE('',#9492,#9490,#9493,.T.);
#7636=EDGE_CURVE('',#9492,#7687,#9494,.T.);
#7637=EDGE_CURVE('',#9492,#9490,#9495,.T.);
#7638=EDGE_CURVE('',#7681,#7937,#9496,.T.);
#7639=EDGE_CURVE('',#7679,#7936,#9497,.T.);
#7640=EDGE_CURVE('',#9498,#7676,#9499,.T.);
#7641=EDGE_CURVE('',#9500,#9498,#9501,.T.);
#7642=EDGE_CURVE('',#9500,#7677,#9502,.T.);
#7643=EDGE_CURVE('',#9500,#9498,#9503,.T.);
#7644=EDGE_CURVE('',#7671,#7941,#9504,.T.);
#7645=EDGE_CURVE('',#7669,#7940,#9505,.T.);
#7646=EDGE_CURVE('',#9506,#7666,#9507,.T.);
#7647=EDGE_CURVE('',#9508,#9506,#9509,.T.);
#7648=EDGE_CURVE('',#9508,#7667,#9510,.T.);
#7649=EDGE_CURVE('',#9508,#9506,#9511,.T.);
#7650=EDGE_CURVE('',#7661,#7945,#9512,.T.);
#7651=EDGE_CURVE('',#7659,#7944,#9513,.T.);
#7652=EDGE_CURVE('',#9514,#7656,#9515,.T.);
#7653=EDGE_CURVE('',#9516,#9514,#9517,.T.);
#7654=EDGE_CURVE('',#9516,#7657,#9518,.T.);
#7655=EDGE_CURVE('',#9516,#9514,#9519,.T.);
#7656=VERTEX_POINT('',#9520);
#7657=VERTEX_POINT('',#9521);
#7658=CIRCLE('',#9522,0.4689813505555);
#7659=VERTEX_POINT('',#9523);
#7660=CIRCLE('',#9524,0.9935306804865);
#7661=VERTEX_POINT('',#9525);
#7662=CIRCLE('',#9526,0.5182419415736);
#7663=CIRCLE('',#9527,0.9935306804865);
#7664=CIRCLE('',#9528,0.4689813505555);
#7665=CIRCLE('',#9529,0.5182419415736);
#7666=VERTEX_POINT('',#9530);
#7667=VERTEX_POINT('',#9531);
#7668=CIRCLE('',#9532,0.4669802220559);
#7669=VERTEX_POINT('',#9533);
#7670=CIRCLE('',#9534,0.9940197779441);
#7671=VERTEX_POINT('',#9535);
#7672=CIRCLE('',#9536,0.5080431404068);
#7673=CIRCLE('',#9537,0.9940197779441);
#7674=CIRCLE('',#9538,0.4669802220559);
#7675=CIRCLE('',#9539,0.5080431404068);
#7676=VERTEX_POINT('',#9540);
#7677=VERTEX_POINT('',#9541);
#7678=CIRCLE('',#9542,0.575);
#7679=VERTEX_POINT('',#9543);
#7680=CIRCLE('',#9544,1.0);
#7681=VERTEX_POINT('',#9545);
#7682=CIRCLE('',#9546,0.6142302437848);
#7683=CIRCLE('',#9547,1.0);
#7684=CIRCLE('',#9548,0.575);
#7685=CIRCLE('',#9549,0.6142302437848);
#7686=VERTEX_POINT('',#9550);
#7687=VERTEX_POINT('',#9551);
#7688=CIRCLE('',#9552,0.4729802220559);
#7689=VERTEX_POINT('',#9553);
#7690=CIRCLE('',#9554,0.9940197779441);
#7691=VERTEX_POINT('',#9555);
#7692=CIRCLE('',#9556,0.5282139993766);
#7693=CIRCLE('',#9557,0.9940197779441);
#7694=CIRCLE('',#9558,0.4729802220559);
#7695=CIRCLE('',#9559,0.5282139993766);
#7696=VERTEX_POINT('',#9560);
#7697=VERTEX_POINT('',#9561);
#7698=CIRCLE('',#9562,0.4729802220559);
#7699=VERTEX_POINT('',#9563);
#7700=CIRCLE('',#9564,0.9940197779441);
#7701=VERTEX_POINT('',#9565);
#7702=CIRCLE('',#9566,0.5282139993766);
#7703=CIRCLE('',#9567,0.9940197779441);
#7704=CIRCLE('',#9568,0.4729802220559);
#7705=CIRCLE('',#9569,0.5282139993766);
#7706=VERTEX_POINT('',#9570);
#7707=VERTEX_POINT('',#9571);
#7708=CIRCLE('',#9572,0.466552894651);
#7709=VERTEX_POINT('',#9573);
#7710=CIRCLE('',#9574,1.0);
#7711=VERTEX_POINT('',#9575);
#7712=CIRCLE('',#9576,0.4714395438444);
#7713=CIRCLE('',#9577,1.0);
#7714=CIRCLE('',#9578,0.466552894651);
#7715=CIRCLE('',#9579,0.4714395438444);
#7716=VERTEX_POINT('',#9580);
#7717=VERTEX_POINT('',#9581);
#7718=CIRCLE('',#9582,0.4684922528963);
#7719=VERTEX_POINT('',#9583);
#7720=CIRCLE('',#9584,0.9940197781467);
#7721=VERTEX_POINT('',#9585);
#7722=CIRCLE('',#9586,0.5237260304127);
#7723=CIRCLE('',#9587,0.9940197781467);
#7724=CIRCLE('',#9588,0.4684922528963);
#7725=CIRCLE('',#9589,0.5237260304127);
#7726=VERTEX_POINT('',#9590);
#7727=VERTEX_POINT('',#9591);
#7728=CIRCLE('',#9592,0.575);
#7729=VERTEX_POINT('',#9593);
#7730=CIRCLE('',#9594,1.0);
#7731=VERTEX_POINT('',#9595);
#7732=CIRCLE('',#9596,0.5800125628943);
#7733=CIRCLE('',#9597,1.0);
#7734=CIRCLE('',#9598,0.575);
#7735=CIRCLE('',#9599,0.5800125628943);
#7736=VERTEX_POINT('',#9600);
#7737=VERTEX_POINT('',#9601);
#7738=CIRCLE('',#9602,0.4729802220559);
#7739=VERTEX_POINT('',#9603);
#7740=CIRCLE('',#9604,0.9940197779441);
#7741=VERTEX_POINT('',#9605);
#7742=CIRCLE('',#9606,0.5282139995968);
#7743=CIRCLE('',#9607,0.9940197779441);
#7744=CIRCLE('',#9608,0.4729802220559);
#7745=CIRCLE('',#9609,0.5282139995968);
#7746=VERTEX_POINT('',#9610);
#7747=VERTEX_POINT('',#9611);
#7748=CIRCLE('',#9612,0.4729802220559);
#7749=VERTEX_POINT('',#9613);
#7750=CIRCLE('',#9614,0.9940197779441);
#7751=VERTEX_POINT('',#9615);
#7752=CIRCLE('',#9616,0.5282139995968);
#7753=CIRCLE('',#9617,0.9940197779441);
#7754=CIRCLE('',#9618,0.4729802220559);
#7755=CIRCLE('',#9619,0.5282139995968);
#7756=VERTEX_POINT('',#9620);
#7757=VERTEX_POINT('',#9621);
#7758=LINE('',#9622,#9623);
#7759=VERTEX_POINT('',#9624);
#7760=CIRCLE('',#9625,0.2);
#7761=VERTEX_POINT('',#9626);
#7762=LINE('',#9627,#9628);
#7763=CIRCLE('',#9629,0.2);
#7764=VERTEX_POINT('',#9630);
#7765=VERTEX_POINT('',#9631);
#7766=LINE('',#9632,#9633);
#7767=VERTEX_POINT('',#9634);
#7768=CIRCLE('',#9635,0.2);
#7769=VERTEX_POINT('',#9636);
#7770=LINE('',#9637,#9638);
#7771=CIRCLE('',#9639,0.2);
#7772=VERTEX_POINT('',#9640);
#7773=VERTEX_POINT('',#9641);
#7774=LINE('',#9642,#9643);
#7775=VERTEX_POINT('',#9644);
#7776=CIRCLE('',#9645,0.2);
#7777=VERTEX_POINT('',#9646);
#7778=LINE('',#9647,#9648);
#7779=CIRCLE('',#9649,0.2);
#7780=VERTEX_POINT('',#9650);
#7781=VERTEX_POINT('',#9651);
#7782=LINE('',#9652,#9653);
#7783=VERTEX_POINT('',#9654);
#7784=CIRCLE('',#9655,0.3);
#7785=VERTEX_POINT('',#9656);
#7786=LINE('',#9657,#9658);
#7787=CIRCLE('',#9659,0.3);
#7788=VERTEX_POINT('',#9660);
#7789=VERTEX_POINT('',#9661);
#7790=LINE('',#9662,#9663);
#7791=VERTEX_POINT('',#9664);
#7792=CIRCLE('',#9665,0.3);
#7793=VERTEX_POINT('',#9666);
#7794=LINE('',#9667,#9668);
#7795=CIRCLE('',#9669,0.3);
#7796=VERTEX_POINT('',#9670);
#7797=VERTEX_POINT('',#9671);
#7798=LINE('',#9672,#9673);
#7799=VERTEX_POINT('',#9674);
#7800=CIRCLE('',#9675,0.3);
#7801=VERTEX_POINT('',#9676);
#7802=LINE('',#9677,#9678);
#7803=CIRCLE('',#9679,0.3);
#7804=VERTEX_POINT('',#9680);
#7805=VERTEX_POINT('',#9681);
#7806=LINE('',#9682,#9683);
#7807=VERTEX_POINT('',#9684);
#7808=CIRCLE('',#9685,1.05);
#7809=VERTEX_POINT('',#9686);
#7810=LINE('',#9687,#9688);
#7811=CIRCLE('',#9689,1.05);
#7812=VERTEX_POINT('',#9690);
#7813=VERTEX_POINT('',#9691);
#7814=LINE('',#9692,#9693);
#7815=VERTEX_POINT('',#9694);
#7816=CIRCLE('',#9695,0.65);
#7817=VERTEX_POINT('',#9696);
#7818=LINE('',#9697,#9698);
#7819=CIRCLE('',#9699,0.65);
#7820=VERTEX_POINT('',#9700);
#7821=VERTEX_POINT('',#9701);
#7822=LINE('',#9702,#9703);
#7823=VERTEX_POINT('',#9704);
#7824=CIRCLE('',#9705,1.05);
#7825=VERTEX_POINT('',#9706);
#7826=LINE('',#9707,#9708);
#7827=CIRCLE('',#9709,1.05);
#7828=VERTEX_POINT('',#9710);
#7829=VERTEX_POINT('',#9711);
#7830=LINE('',#9712,#9713);
#7831=VERTEX_POINT('',#9714);
#7832=CIRCLE('',#9715,0.65);
#7833=VERTEX_POINT('',#9716);
#7834=LINE('',#9717,#9718);
#7835=CIRCLE('',#9719,0.65);
#7836=VERTEX_POINT('',#9720);
#7837=VERTEX_POINT('',#9721);
#7838=LINE('',#9722,#9723);
#7839=VERTEX_POINT('',#9724);
#7840=CIRCLE('',#9725,1.05);
#7841=VERTEX_POINT('',#9726);
#7842=LINE('',#9727,#9728);
#7843=CIRCLE('',#9729,1.05);
#7844=VERTEX_POINT('',#9730);
#7845=VERTEX_POINT('',#9731);
#7846=LINE('',#9732,#9733);
#7847=VERTEX_POINT('',#9734);
#7848=CIRCLE('',#9735,1.45);
#7849=VERTEX_POINT('',#9736);
#7850=LINE('',#9737,#9738);
#7851=CIRCLE('',#9739,1.45);
#7852=VERTEX_POINT('',#9740);
#7853=VERTEX_POINT('',#9741);
#7854=LINE('',#9742,#9743);
#7855=VERTEX_POINT('',#9744);
#7856=CIRCLE('',#9745,0.249);
#7857=VERTEX_POINT('',#9746);
#7858=LINE('',#9747,#9748);
#7859=CIRCLE('',#9749,0.249);
#7860=VERTEX_POINT('',#9750);
#7861=VERTEX_POINT('',#9751);
#7862=LINE('',#9752,#9753);
#7863=VERTEX_POINT('',#9754);
#7864=CIRCLE('',#9755,0.249);
#7865=VERTEX_POINT('',#9756);
#7866=LINE('',#9757,#9758);
#7867=CIRCLE('',#9759,0.249);
#7868=VERTEX_POINT('',#9760);
#7869=VERTEX_POINT('',#9761);
#7870=LINE('',#9762,#9763);
#7871=VERTEX_POINT('',#9764);
#7872=CIRCLE('',#9765,0.249);
#7873=VERTEX_POINT('',#9766);
#7874=LINE('',#9767,#9768);
#7875=CIRCLE('',#9769,0.249);
#7876=VERTEX_POINT('',#9770);
#7877=VERTEX_POINT('',#9771);
#7878=LINE('',#9772,#9773);
#7879=VERTEX_POINT('',#9774);
#7880=CIRCLE('',#9775,0.249);
#7881=VERTEX_POINT('',#9776);
#7882=LINE('',#9777,#9778);
#7883=CIRCLE('',#9779,0.249);
#7884=VERTEX_POINT('',#9780);
#7885=VERTEX_POINT('',#9781);
#7886=LINE('',#9782,#9783);
#7887=VERTEX_POINT('',#9784);
#7888=CIRCLE('',#9785,0.249);
#7889=VERTEX_POINT('',#9786);
#7890=LINE('',#9787,#9788);
#7891=CIRCLE('',#9789,0.249);
#7892=VERTEX_POINT('',#9790);
#7893=VERTEX_POINT('',#9791);
#7894=LINE('',#9792,#9793);
#7895=VERTEX_POINT('',#9794);
#7896=CIRCLE('',#9795,0.249);
#7897=VERTEX_POINT('',#9796);
#7898=LINE('',#9797,#9798);
#7899=CIRCLE('',#9799,0.249);
#7900=VERTEX_POINT('',#9800);
#7901=VERTEX_POINT('',#9801);
#7902=CIRCLE('',#9802,0.5);
#7903=VERTEX_POINT('',#9803);
#7904=LINE('',#9804,#9805);
#7905=VERTEX_POINT('',#9806);
#7906=CIRCLE('',#9807,0.5);
#7907=VERTEX_POINT('',#9808);
#7908=LINE('',#9809,#9810);
#7909=VERTEX_POINT('',#9811);
#7910=LINE('',#9812,#9813);
#7911=VERTEX_POINT('',#9814);
#7912=LINE('',#9815,#9816);
#7913=VERTEX_POINT('',#9817);
#7914=LINE('',#9818,#9819);
#7915=VERTEX_POINT('',#9820);
#7916=LINE('',#9821,#9822);
#7917=VERTEX_POINT('',#9823);
#7918=LINE('',#9824,#9825);
#7919=VERTEX_POINT('',#9826);
#7920=LINE('',#9827,#9828);
#7921=VERTEX_POINT('',#9829);
#7922=CIRCLE('',#9830,0.5);
#7923=VERTEX_POINT('',#9831);
#7924=LINE('',#9832,#9833);
#7925=VERTEX_POINT('',#9834);
#7926=CIRCLE('',#9835,0.5);
#7927=LINE('',#9836,#9837);
#7928=VERTEX_POINT('',#9838);
#7929=VERTEX_POINT('',#9839);
#7930=CIRCLE('',#9840,0.3551056177813);
#7931=CIRCLE('',#9841,0.3551056177813);
#7932=VERTEX_POINT('',#9842);
#7933=VERTEX_POINT('',#9843);
#7934=CIRCLE('',#9844,0.3551056177813);
#7935=CIRCLE('',#9845,0.3551056177813);
#7936=VERTEX_POINT('',#9846);
#7937=VERTEX_POINT('',#9847);
#7938=CIRCLE('',#9848,0.5043808066535);
#7939=CIRCLE('',#9849,0.5043808066535);
#7940=VERTEX_POINT('',#9850);
#7941=VERTEX_POINT('',#9851);
#7942=CIRCLE('',#9852,0.3506207492889);
#7943=CIRCLE('',#9853,0.3506207492889);
#7944=VERTEX_POINT('',#9854);
#7945=VERTEX_POINT('',#9855);
#7946=CIRCLE('',#9856,0.3506176488176);
#7947=CIRCLE('',#9857,0.3506176488176);
#7948=VERTEX_POINT('',#9858);
#7949=VERTEX_POINT('',#9859);
#7950=LINE('',#9860,#9861);
#7951=VERTEX_POINT('',#9862);
#7952=LINE('',#9863,#9864);
#7953=VERTEX_POINT('',#9865);
#7954=LINE('',#9866,#9867);
#7955=LINE('',#9868,#9869);
#7956=VERTEX_POINT('',#9870);
#7957=VERTEX_POINT('',#9871);
#7958=LINE('',#9872,#9873);
#7959=VERTEX_POINT('',#9874);
#7960=LINE('',#9875,#9876);
#7961=VERTEX_POINT('',#9877);
#7962=LINE('',#9878,#9879);
#7963=LINE('',#9880,#9881);
#7964=VERTEX_POINT('',#9882);
#7965=VERTEX_POINT('',#9883);
#7966=LINE('',#9884,#9885);
#7967=VERTEX_POINT('',#9886);
#7968=LINE('',#9887,#9888);
#7969=VERTEX_POINT('',#9889);
#7970=LINE('',#9890,#9891);
#7971=LINE('',#9892,#9893);
#7972=VERTEX_POINT('',#9894);
#7973=VERTEX_POINT('',#9895);
#7974=LINE('',#9896,#9897);
#7975=VERTEX_POINT('',#9898);
#7976=CIRCLE('',#9899,0.1);
#7977=VERTEX_POINT('',#9900);
#7978=LINE('',#9901,#9902);
#7979=VERTEX_POINT('',#9903);
#7980=LINE('',#9904,#9905);
#7981=VERTEX_POINT('',#9906);
#7982=LINE('',#9907,#9908);
#7983=VERTEX_POINT('',#9909);
#7984=LINE('',#9910,#9911);
#7985=VERTEX_POINT('',#9912);
#7986=LINE('',#9913,#9914);
#7987=VERTEX_POINT('',#9915);
#7988=LINE('',#9916,#9917);
#7989=VERTEX_POINT('',#9918);
#7990=CIRCLE('',#9919,0.1);
#7991=VERTEX_POINT('',#9920);
#7992=LINE('',#9921,#9922);
#7993=VERTEX_POINT('',#9923);
#7994=LINE('',#9924,#9925);
#7995=VERTEX_POINT('',#9926);
#7996=LINE('',#9927,#9928);
#7997=VERTEX_POINT('',#9929);
#7998=LINE('',#9930,#9931);
#7999=VERTEX_POINT('',#9932);
#8000=LINE('',#9933,#9934);
#8001=VERTEX_POINT('',#9935);
#8002=LINE('',#9936,#9937);
#8003=VERTEX_POINT('',#9938);
#8004=CIRCLE('',#9939,0.1);
#8005=VERTEX_POINT('',#9940);
#8006=LINE('',#9941,#9942);
#8007=VERTEX_POINT('',#9943);
#8008=LINE('',#9944,#9945);
#8009=VERTEX_POINT('',#9946);
#8010=LINE('',#9947,#9948);
#8011=VERTEX_POINT('',#9949);
#8012=LINE('',#9950,#9951);
#8013=VERTEX_POINT('',#9952);
#8014=LINE('',#9953,#9954);
#8015=VERTEX_POINT('',#9955);
#8016=LINE('',#9956,#9957);
#8017=LINE('',#9958,#9959);
#8018=VERTEX_POINT('',#9960);
#8019=LINE('',#9961,#9962);
#8020=VERTEX_POINT('',#9963);
#8021=LINE('',#9964,#9965);
#8022=VERTEX_POINT('',#9966);
#8023=LINE('',#9967,#9968);
#8024=LINE('',#9969,#9970);
#8025=VERTEX_POINT('',#9971);
#8026=VERTEX_POINT('',#9972);
#8027=LINE('',#9973,#9974);
#8028=CIRCLE('',#9975,0.5);
#8029=VERTEX_POINT('',#9976);
#8030=CIRCLE('',#9977,0.5);
#8031=VERTEX_POINT('',#9978);
#8032=LINE('',#9979,#9980);
#8033=VERTEX_POINT('',#9981);
#8034=LINE('',#9982,#9983);
#8035=LINE('',#9984,#9985);
#8036=VERTEX_POINT('',#9986);
#8037=CIRCLE('',#9987,1.475);
#8038=VERTEX_POINT('',#9988);
#8039=B_SPLINE_CURVE_WITH_KNOTS('',3,(#9989,#9990,#9991,#9992,#9993,#9994,#9995,#9996,#9997),.UNSPECIFIED.,.F.,.F.,(4,1,1,1,1,1,4),(0.0,0.125,0.25,0.5,0.75,0.875,1.0),.UNSPECIFIED.);
#8040=VERTEX_POINT('',#9998);
#8041=LINE('',#9999,#10000);
#8042=VERTEX_POINT('',#10001);
#8043=CIRCLE('',#10002,1.475);
#8044=VERTEX_POINT('',#10003);
#8045=LINE('',#10004,#10005);
#8046=VERTEX_POINT('',#10006);
#8047=CIRCLE('',#10007,1.475);
#8048=LINE('',#10008,#10009);
#8049=VERTEX_POINT('',#10010);
#8050=CIRCLE('',#10011,1.475);
#8051=CIRCLE('',#10012,1.475);
#8052=VERTEX_POINT('',#10013);
#8053=CIRCLE('',#10014,1.475);
#8054=B_SPLINE_CURVE_WITH_KNOTS('',3,(#10015,#10016,#10017,#10018,#10019,#10020,#10021,#10022,#10023),.UNSPECIFIED.,.F.,.F.,(4,1,1,1,1,1,4),(0.0,0.125,0.25,0.5,0.75,0.875,0.999893271737861),.UNSPECIFIED.);
#8055=VERTEX_POINT('',#10024);
#8056=LINE('',#10025,#10026);
#8057=VERTEX_POINT('',#10027);
#8058=LINE('',#10028,#10029);
#8059=VERTEX_POINT('',#10030);
#8060=LINE('',#10031,#10032);
#8061=VERTEX_POINT('',#10033);
#8062=LINE('',#10034,#10035);
#8063=LINE('',#10036,#10037);
#8064=VERTEX_POINT('',#10038);
#8065=VERTEX_POINT('',#10039);
#8066=LINE('',#10040,#10041);
#8067=VERTEX_POINT('',#10042);
#8068=LINE('',#10043,#10044);
#8069=VERTEX_POINT('',#10045);
#8070=LINE('',#10046,#10047);
#8071=VERTEX_POINT('',#10048);
#8072=LINE('',#10049,#10050);
#8073=VERTEX_POINT('',#10051);
#8074=LINE('',#10052,#10053);
#8075=VERTEX_POINT('',#10054);
#8076=LINE('',#10055,#10056);
#8077=LINE('',#10057,#10058);
#8078=LINE('',#10059,#10060);
#8079=LINE('',#10061,#10062);
#8080=VERTEX_POINT('',#10063);
#8081=LINE('',#10064,#10065);
#8082=VERTEX_POINT('',#10066);
#8083=LINE('',#10067,#10068);
#8084=VERTEX_POINT('',#10069);
#8085=LINE('',#10070,#10071);
#8086=LINE('',#10072,#10073);
#8087=VERTEX_POINT('',#10074);
#8088=LINE('',#10075,#10076);
#8089=LINE('',#10077,#10078);
#8090=LINE('',#10079,#10080);
#8091=VERTEX_POINT('',#10081);
#8092=LINE('',#10082,#10083);
#8093=LINE('',#10084,#10085);
#8094=LINE('',#10086,#10087);
#8095=VERTEX_POINT('',#10088);
#8096=LINE('',#10089,#10090);
#8097=LINE('',#10091,#10092);
#8098=LINE('',#10093,#10094);
#8099=VERTEX_POINT('',#10095);
#8100=LINE('',#10096,#10097);
#8101=VERTEX_POINT('',#10098);
#8102=LINE('',#10099,#10100);
#8103=VERTEX_POINT('',#10101);
#8104=LINE('',#10102,#10103);
#8105=VERTEX_POINT('',#10104);
#8106=CIRCLE('',#10105,1.475);
#8107=VERTEX_POINT('',#10106);
#8108=CIRCLE('',#10107,1.475);
#8109=VERTEX_POINT('',#10108);
#8110=CIRCLE('',#10109,1.475);
#8111=VERTEX_POINT('',#10110);
#8112=LINE('',#10111,#10112);
#8113=VERTEX_POINT('',#10113);
#8114=LINE('',#10114,#10115);
#8115=VERTEX_POINT('',#10116);
#8116=LINE('',#10117,#10118);
#8117=VERTEX_POINT('',#10119);
#8118=CIRCLE('',#10120,1.475);
#8119=VERTEX_POINT('',#10121);
#8120=CIRCLE('',#10122,1.475);
#8121=VERTEX_POINT('',#10123);
#8122=CIRCLE('',#10124,1.475);
#8123=VERTEX_POINT('',#10125);
#8124=LINE('',#10126,#10127);
#8125=LINE('',#10128,#10129);
#8126=VERTEX_POINT('',#10130);
#8127=LINE('',#10131,#10132);
#8128=VERTEX_POINT('',#10133);
#8129=LINE('',#10134,#10135);
#8130=LINE('',#10136,#10137);
#8131=CIRCLE('',#10138,0.5);
#8132=CIRCLE('',#10139,0.5);
#8133=CIRCLE('',#10140,0.5);
#8134=CIRCLE('',#10141,0.5);
#8135=CIRCLE('',#10142,0.5);
#8136=CIRCLE('',#10143,0.5);
#8137=VERTEX_POINT('',#10144);
#8138=VERTEX_POINT('',#10145);
#8139=LINE('',#10146,#10147);
#8140=VERTEX_POINT('',#10148);
#8141=LINE('',#10149,#10150);
#8142=CIRCLE('',#10151,0.5);
#8143=LINE('',#10152,#10153);
#8144=VERTEX_POINT('',#10154);
#8145=LINE('',#10155,#10156);
#8146=B_SPLINE_CURVE_WITH_KNOTS('',3,(#10157,#10158,#10159,#10160,#10161,#10162,#10163,#10164,#10165),.UNSPECIFIED.,.F.,.F.,(4,1,1,1,1,1,4),(0.0,0.125,0.25,0.5,0.75,0.875,1.0),.UNSPECIFIED.);
#8147=VERTEX_POINT('',#10166);
#8148=LINE('',#10167,#10168);
#8149=VERTEX_POINT('',#10169);
#8150=CIRCLE('',#10170,1.475);
#8151=LINE('',#10171,#10172);
#8152=VERTEX_POINT('',#10173);
#8153=CIRCLE('',#10174,1.475);
#8154=VERTEX_POINT('',#10175);
#8155=CIRCLE('',#10176,1.475);
#8156=B_SPLINE_CURVE_WITH_KNOTS('',3,(#10177,#10178,#10179,#10180,#10181,#10182,#10183,#10184,#10185),.UNSPECIFIED.,.F.,.F.,(4,1,1,1,1,1,4),(0.0,0.125,0.25,0.5,0.75,0.875,0.999893271090982),.UNSPECIFIED.);
#8157=VERTEX_POINT('',#10186);
#8158=LINE('',#10187,#10188);
#8159=VERTEX_POINT('',#10189);
#8160=LINE('',#10190,#10191);
#8161=VERTEX_POINT('',#10192);
#8162=LINE('',#10193,#10194);
#8163=VERTEX_POINT('',#10195);
#8164=LINE('',#10196,#10197);
#8165=LINE('',#10198,#10199);
#8166=VERTEX_POINT('',#10200);
#8167=VERTEX_POINT('',#10201);
#8168=LINE('',#10202,#10203);
#8169=VERTEX_POINT('',#10204);
#8170=LINE('',#10205,#10206);
#8171=VERTEX_POINT('',#10207);
#8172=LINE('',#10208,#10209);
#8173=VERTEX_POINT('',#10210);
#8174=LINE('',#10211,#10212);
#8175=VERTEX_POINT('',#10213);
#8176=LINE('',#10214,#10215);
#8177=VERTEX_POINT('',#10216);
#8178=LINE('',#10217,#10218);
#8179=LINE('',#10219,#10220);
#8180=LINE('',#10221,#10222);
#8181=LINE('',#10223,#10224);
#8182=VERTEX_POINT('',#10225);
#8183=LINE('',#10226,#10227);
#8184=VERTEX_POINT('',#10228);
#8185=LINE('',#10229,#10230);
#8186=VERTEX_POINT('',#10231);
#8187=LINE('',#10232,#10233);
#8188=LINE('',#10234,#10235);
#8189=VERTEX_POINT('',#10236);
#8190=LINE('',#10237,#10238);
#8191=LINE('',#10239,#10240);
#8192=LINE('',#10241,#10242);
#8193=VERTEX_POINT('',#10243);
#8194=LINE('',#10244,#10245);
#8195=LINE('',#10246,#10247);
#8196=LINE('',#10248,#10249);
#8197=VERTEX_POINT('',#10250);
#8198=LINE('',#10251,#10252);
#8199=LINE('',#10253,#10254);
#8200=LINE('',#10255,#10256);
#8201=VERTEX_POINT('',#10257);
#8202=LINE('',#10258,#10259);
#8203=LINE('',#10260,#10261);
#8204=VERTEX_POINT('',#10262);
#8205=LINE('',#10263,#10264);
#8206=VERTEX_POINT('',#10265);
#8207=LINE('',#10266,#10267);
#8208=VERTEX_POINT('',#10268);
#8209=LINE('',#10269,#10270);
#8210=VERTEX_POINT('',#10271);
#8211=LINE('',#10272,#10273);
#8212=VERTEX_POINT('',#10274);
#8213=LINE('',#10275,#10276);
#8214=VERTEX_POINT('',#10277);
#8215=LINE('',#10278,#10279);
#8216=VERTEX_POINT('',#10280);
#8217=LINE('',#10281,#10282);
#8218=VERTEX_POINT('',#10283);
#8219=LINE('',#10284,#10285);
#8220=LINE('',#10286,#10287);
#8221=VERTEX_POINT('',#10288);
#8222=LINE('',#10289,#10290);
#8223=VERTEX_POINT('',#10291);
#8224=LINE('',#10292,#10293);
#8225=VERTEX_POINT('',#10294);
#8226=LINE('',#10295,#10296);
#8227=VERTEX_POINT('',#10297);
#8228=LINE('',#10298,#10299);
#8229=VERTEX_POINT('',#10300);
#8230=B_SPLINE_CURVE_WITH_KNOTS('',3,(#10301,#10302,#10303,#10304,#10305,#10306,#10307),.UNSPECIFIED.,.F.,.F.,(4,1,1,1,4),(0.0,0.25,0.5,0.75,1.0),.UNSPECIFIED.);
#8231=VERTEX_POINT('',#10308);
#8232=LINE('',#10309,#10310);
#8233=VERTEX_POINT('',#10311);
#8234=B_SPLINE_CURVE_WITH_KNOTS('',3,(#10312,#10313,#10314,#10315,#10316,#10317,#10318),.UNSPECIFIED.,.F.,.F.,(4,1,1,1,4),(0.0,0.25,0.5,0.75,1.0),.UNSPECIFIED.);
#8235=VERTEX_POINT('',#10319);
#8236=LINE('',#10320,#10321);
#8237=VERTEX_POINT('',#10322);
#8238=LINE('',#10323,#10324);
#8239=VERTEX_POINT('',#10325);
#8240=LINE('',#10326,#10327);
#8241=VERTEX_POINT('',#10328);
#8242=B_SPLINE_CURVE_WITH_KNOTS('',3,(#10329,#10330,#10331,#10332,#10333,#10334,#10335),.UNSPECIFIED.,.F.,.F.,(4,1,1,1,4),(0.0,0.25,0.5,0.75,1.0),.UNSPECIFIED.);
#8243=VERTEX_POINT('',#10336);
#8244=LINE('',#10337,#10338);
#8245=VERTEX_POINT('',#10339);
#8246=B_SPLINE_CURVE_WITH_KNOTS('',3,(#10340,#10341,#10342,#10343,#10344,#10345,#10346),.UNSPECIFIED.,.F.,.F.,(4,1,1,1,4),(0.0,0.25,0.5,0.75,1.0),.UNSPECIFIED.);
#8247=VERTEX_POINT('',#10347);
#8248=LINE('',#10348,#10349);
#8249=VERTEX_POINT('',#10350);
#8250=LINE('',#10351,#10352);
#8251=VERTEX_POINT('',#10353);
#8252=LINE('',#10354,#10355);
#8253=VERTEX_POINT('',#10356);
#8254=B_SPLINE_CURVE_WITH_KNOTS('',3,(#10357,#10358,#10359,#10360,#10361,#10362,#10363),.UNSPECIFIED.,.F.,.F.,(4,1,1,1,4),(0.0,0.25,0.5,0.75,1.0),.UNSPECIFIED.);
#8255=VERTEX_POINT('',#10364);
#8256=LINE('',#10365,#10366);
#8257=VERTEX_POINT('',#10367);
#8258=B_SPLINE_CURVE_WITH_KNOTS('',3,(#10368,#10369,#10370,#10371,#10372,#10373,#10374),.UNSPECIFIED.,.F.,.F.,(4,1,1,1,4),(0.0,0.25,0.5,0.75,1.0),.UNSPECIFIED.);
#8259=LINE('',#10375,#10376);
#8260=LINE('',#10377,#10378);
#8261=CIRCLE('',#10379,0.5);
#8262=VERTEX_POINT('',#10380);
#8263=CIRCLE('',#10381,0.5);
#8264=VERTEX_POINT('',#10382);
#8265=LINE('',#10383,#10384);
#8266=VERTEX_POINT('',#10385);
#8267=LINE('',#10386,#10387);
#8268=VERTEX_POINT('',#10388);
#8269=LINE('',#10389,#10390);
#8270=VERTEX_POINT('',#10391);
#8271=LINE('',#10392,#10393);
#8272=LINE('',#10394,#10395);
#8273=CIRCLE('',#10396,0.5);
#8274=CIRCLE('',#10397,0.5);
#8275=CIRCLE('',#10398,0.5);
#8276=CIRCLE('',#10399,0.5);
#8277=CIRCLE('',#10400,0.5);
#8278=VERTEX_POINT('',#10401);
#8279=LINE('',#10402,#10403);
#8280=LINE('',#10404,#10405);
#8281=VERTEX_POINT('',#10406);
#8282=LINE('',#10407,#10408);
#8283=B_SPLINE_CURVE_WITH_KNOTS('',3,(#10409,#10410,#10411,#10412,#10413,#10414,#10415,#10416,#10417),.UNSPECIFIED.,.F.,.F.,(4,1,1,1,1,1,4),(0.0,0.125,0.25,0.5,0.75,0.875,1.0),.UNSPECIFIED.);
#8284=VERTEX_POINT('',#10418);
#8285=LINE('',#10419,#10420);
#8286=VERTEX_POINT('',#10421);
#8287=CIRCLE('',#10422,1.475);
#8288=LINE('',#10423,#10424);
#8289=VERTEX_POINT('',#10425);
#8290=CIRCLE('',#10426,1.475);
#8291=VERTEX_POINT('',#10427);
#8292=CIRCLE('',#10428,1.475);
#8293=B_SPLINE_CURVE_WITH_KNOTS('',3,(#10429,#10430,#10431,#10432,#10433,#10434,#10435,#10436,#10437),.UNSPECIFIED.,.F.,.F.,(4,1,1,1,1,1,4),(0.0,0.125,0.25,0.5,0.75,0.875,0.999893271737861),.UNSPECIFIED.);
#8294=VERTEX_POINT('',#10438);
#8295=LINE('',#10439,#10440);
#8296=VERTEX_POINT('',#10441);
#8297=LINE('',#10442,#10443);
#8298=VERTEX_POINT('',#10444);
#8299=LINE('',#10445,#10446);
#8300=VERTEX_POINT('',#10447);
#8301=LINE('',#10448,#10449);
#8302=LINE('',#10450,#10451);
#8303=VERTEX_POINT('',#10452);
#8304=VERTEX_POINT('',#10453);
#8305=LINE('',#10454,#10455);
#8306=VERTEX_POINT('',#10456);
#8307=LINE('',#10457,#10458);
#8308=VERTEX_POINT('',#10459);
#8309=LINE('',#10460,#10461);
#8310=VERTEX_POINT('',#10462);
#8311=LINE('',#10463,#10464);
#8312=VERTEX_POINT('',#10465);
#8313=LINE('',#10466,#10467);
#8314=VERTEX_POINT('',#10468);
#8315=LINE('',#10469,#10470);
#8316=LINE('',#10471,#10472);
#8317=LINE('',#10473,#10474);
#8318=LINE('',#10475,#10476);
#8319=VERTEX_POINT('',#10477);
#8320=LINE('',#10478,#10479);
#8321=VERTEX_POINT('',#10480);
#8322=LINE('',#10481,#10482);
#8323=VERTEX_POINT('',#10483);
#8324=LINE('',#10484,#10485);
#8325=LINE('',#10486,#10487);
#8326=VERTEX_POINT('',#10488);
#8327=LINE('',#10489,#10490);
#8328=LINE('',#10491,#10492);
#8329=LINE('',#10493,#10494);
#8330=VERTEX_POINT('',#10495);
#8331=LINE('',#10496,#10497);
#8332=LINE('',#10498,#10499);
#8333=LINE('',#10500,#10501);
#8334=VERTEX_POINT('',#10502);
#8335=LINE('',#10503,#10504);
#8336=LINE('',#10505,#10506);
#8337=LINE('',#10507,#10508);
#8338=LINE('',#10509,#10510);
#8339=LINE('',#10511,#10512);
#8340=VERTEX_POINT('',#10513);
#8341=CIRCLE('',#10514,0.249);
#8342=VERTEX_POINT('',#10515);
#8343=LINE('',#10516,#10517);
#8344=VERTEX_POINT('',#10518);
#8345=CIRCLE('',#10519,0.25);
#8346=VERTEX_POINT('',#10520);
#8347=LINE('',#10521,#10522);
#8348=VERTEX_POINT('',#10523);
#8349=LINE('',#10524,#10525);
#8350=VERTEX_POINT('',#10526);
#8351=LINE('',#10527,#10528);
#8352=VERTEX_POINT('',#10529);
#8353=LINE('',#10530,#10531);
#8354=VERTEX_POINT('',#10532);
#8355=LINE('',#10533,#10534);
#8356=VERTEX_POINT('',#10535);
#8357=CIRCLE('',#10536,0.5);
#8358=VERTEX_POINT('',#10537);
#8359=LINE('',#10538,#10539);
#8360=CIRCLE('',#10540,0.5);
#8361=VERTEX_POINT('',#10541);
#8362=CIRCLE('',#10542,0.5);
#8363=VERTEX_POINT('',#10543);
#8364=LINE('',#10544,#10545);
#8365=VERTEX_POINT('',#10546);
#8366=CIRCLE('',#10547,0.5);
#8367=LINE('',#10548,#10549);
#8368=VERTEX_POINT('',#10550);
#8369=CIRCLE('',#10551,0.3);
#8370=VERTEX_POINT('',#10552);
#8371=LINE('',#10553,#10554);
#8372=VERTEX_POINT('',#10555);
#8373=LINE('',#10556,#10557);
#8374=VERTEX_POINT('',#10558);
#8375=LINE('',#10559,#10560);
#8376=VERTEX_POINT('',#10561);
#8377=LINE('',#10562,#10563);
#8378=VERTEX_POINT('',#10564);
#8379=CIRCLE('',#10565,0.6);
#8380=VERTEX_POINT('',#10566);
#8381=LINE('',#10567,#10568);
#8382=CIRCLE('',#10569,1.0);
#8383=VERTEX_POINT('',#10570);
#8384=CIRCLE('',#10571,0.5);
#8385=VERTEX_POINT('',#10572);
#8386=LINE('',#10573,#10574);
#8387=VERTEX_POINT('',#10575);
#8388=CIRCLE('',#10576,0.25);
#8389=VERTEX_POINT('',#10577);
#8390=LINE('',#10578,#10579);
#8391=CIRCLE('',#10580,0.249);
#8392=LINE('',#10581,#10582);
#8393=VERTEX_POINT('',#10583);
#8394=VERTEX_POINT('',#10584);
#8395=CIRCLE('',#10585,0.6744879691847);
#8396=CIRCLE('',#10586,0.6744879691847);
#8397=VERTEX_POINT('',#10587);
#8398=VERTEX_POINT('',#10588);
#8399=CIRCLE('',#10589,0.6744879691847);
#8400=CIRCLE('',#10590,0.6744879691847);
#8401=VERTEX_POINT('',#10591);
#8402=VERTEX_POINT('',#10592);
#8403=CIRCLE('',#10593,0.775);
#8404=CIRCLE('',#10594,0.775);
#8405=VERTEX_POINT('',#10595);
#8406=VERTEX_POINT('',#10596);
#8407=CIRCLE('',#10597,0.6700000000006);
#8408=CIRCLE('',#10598,0.6700000000006);
#8409=VERTEX_POINT('',#10599);
#8410=VERTEX_POINT('',#10600);
#8411=CIRCLE('',#10601,0.6675000891357);
#8412=CIRCLE('',#10602,0.6675000891357);
#8413=VERTEX_POINT('',#10603);
#8414=VERTEX_POINT('',#10604);
#8415=LINE('',#10605,#10606);
#8416=VERTEX_POINT('',#10607);
#8417=LINE('',#10608,#10609);
#8418=VERTEX_POINT('',#10610);
#8419=LINE('',#10611,#10612);
#8420=LINE('',#10613,#10614);
#8421=VERTEX_POINT('',#10615);
#8422=VERTEX_POINT('',#10616);
#8423=LINE('',#10617,#10618);
#8424=LINE('',#10619,#10620);
#8425=VERTEX_POINT('',#10621);
#8426=LINE('',#10622,#10623);
#8427=VERTEX_POINT('',#10624);
#8428=LINE('',#10625,#10626);
#8429=LINE('',#10627,#10628);
#8430=VERTEX_POINT('',#10629);
#8431=LINE('',#10630,#10631);
#8432=LINE('',#10632,#10633);
#8433=VERTEX_POINT('',#10634);
#8434=LINE('',#10635,#10636);
#8435=LINE('',#10637,#10638);
#8436=VERTEX_POINT('',#10639);
#8437=LINE('',#10640,#10641);
#8438=VERTEX_POINT('',#10642);
#8439=LINE('',#10643,#10644);
#8440=LINE('',#10645,#10646);
#8441=VERTEX_POINT('',#10647);
#8442=LINE('',#10648,#10649);
#8443=VERTEX_POINT('',#10650);
#8444=LINE('',#10651,#10652);
#8445=LINE('',#10653,#10654);
#8446=LINE('',#10655,#10656);
#8447=VERTEX_POINT('',#10657);
#8448=VERTEX_POINT('',#10658);
#8449=LINE('',#10659,#10660);
#8450=VERTEX_POINT('',#10661);
#8451=LINE('',#10662,#10663);
#8452=VERTEX_POINT('',#10664);
#8453=LINE('',#10665,#10666);
#8454=LINE('',#10667,#10668);
#8455=VERTEX_POINT('',#10669);
#8456=VERTEX_POINT('',#10670);
#8457=LINE('',#10671,#10672);
#8458=VERTEX_POINT('',#10673);
#8459=LINE('',#10674,#10675);
#8460=VERTEX_POINT('',#10676);
#8461=LINE('',#10677,#10678);
#8462=LINE('',#10679,#10680);
#8463=VERTEX_POINT('',#10681);
#8464=VERTEX_POINT('',#10682);
#8465=LINE('',#10683,#10684);
#8466=VERTEX_POINT('',#10685);
#8467=LINE('',#10686,#10687);
#8468=VERTEX_POINT('',#10688);
#8469=LINE('',#10689,#10690);
#8470=LINE('',#10691,#10692);
#8471=VERTEX_POINT('',#10693);
#8472=VERTEX_POINT('',#10694);
#8473=LINE('',#10695,#10696);
#8474=CIRCLE('',#10697,0.249);
#8475=CIRCLE('',#10698,0.25);
#8476=VERTEX_POINT('',#10699);
#8477=VERTEX_POINT('',#10700);
#8478=LINE('',#10701,#10702);
#8479=CIRCLE('',#10703,0.25);
#8480=CIRCLE('',#10704,0.249);
#8481=LINE('',#10705,#10706);
#8482=LINE('',#10707,#10708);
#8483=LINE('',#10709,#10710);
#8484=LINE('',#10711,#10712);
#8485=LINE('',#10713,#10714);
#8486=LINE('',#10715,#10716);
#8487=LINE('',#10717,#10718);
#8488=LINE('',#10719,#10720);
#8489=LINE('',#10721,#10722);
#8490=LINE('',#10723,#10724);
#8491=LINE('',#10725,#10726);
#8492=LINE('',#10727,#10728);
#8493=VERTEX_POINT('',#10729);
#8494=CIRCLE('',#10730,0.25);
#8495=VERTEX_POINT('',#10731);
#8496=LINE('',#10732,#10733);
#8497=CIRCLE('',#10734,0.25);
#8498=VERTEX_POINT('',#10735);
#8499=CIRCLE('',#10736,0.249);
#8500=VERTEX_POINT('',#10737);
#8501=LINE('',#10738,#10739);
#8502=CIRCLE('',#10740,0.25);
#8503=VERTEX_POINT('',#10741);
#8504=LINE('',#10742,#10743);
#8505=CIRCLE('',#10744,0.249);
#8506=VERTEX_POINT('',#10745);
#8507=LINE('',#10746,#10747);
#8508=CIRCLE('',#10748,0.25);
#8509=LINE('',#10749,#10750);
#8510=LINE('',#10751,#10752);
#8511=LINE('',#10753,#10754);
#8512=LINE('',#10755,#10756);
#8513=LINE('',#10757,#10758);
#8514=LINE('',#10759,#10760);
#8515=VERTEX_POINT('',#10761);
#8516=VERTEX_POINT('',#10762);
#8517=LINE('',#10763,#10764);
#8518=CIRCLE('',#10765,0.25);
#8519=CIRCLE('',#10766,0.25);
#8520=VERTEX_POINT('',#10767);
#8521=VERTEX_POINT('',#10768);
#8522=LINE('',#10769,#10770);
#8523=CIRCLE('',#10771,0.249);
#8524=CIRCLE('',#10772,0.25);
#8525=VERTEX_POINT('',#10773);
#8526=LINE('',#10774,#10775);
#8527=CIRCLE('',#10776,0.249);
#8528=VERTEX_POINT('',#10777);
#8529=CIRCLE('',#10778,0.25);
#8530=LINE('',#10779,#10780);
#8531=VERTEX_POINT('',#10781);
#8532=LINE('',#10782,#10783);
#8533=LINE('',#10784,#10785);
#8534=CIRCLE('',#10786,0.249);
#8535=VERTEX_POINT('',#10787);
#8536=LINE('',#10788,#10789);
#8537=CIRCLE('',#10790,0.249);
#8538=LINE('',#10791,#10792);
#8539=VERTEX_POINT('',#10793);
#8540=CIRCLE('',#10794,0.249);
#8541=LINE('',#10795,#10796);
#8542=VERTEX_POINT('',#10797);
#8543=LINE('',#10798,#10799);
#8544=CIRCLE('',#10800,0.249);
#8545=LINE('',#10801,#10802);
#8546=LINE('',#10803,#10804);
#8547=VERTEX_POINT('',#10805);
#8548=LINE('',#10806,#10807);
#8549=CIRCLE('',#10808,0.6);
#8550=VERTEX_POINT('',#10809);
#8551=CIRCLE('',#10810,1.45);
#8552=VERTEX_POINT('',#10811);
#8553=CIRCLE('',#10812,0.6);
#8554=VERTEX_POINT('',#10813);
#8555=LINE('',#10814,#10815);
#8556=VERTEX_POINT('',#10816);
#8557=CIRCLE('',#10817,0.2);
#8558=VERTEX_POINT('',#10818);
#8559=LINE('',#10819,#10820);
#8560=VERTEX_POINT('',#10821);
#8561=CIRCLE('',#10822,1.0);
#8562=CIRCLE('',#10823,1.05);
#8563=VERTEX_POINT('',#10824);
#8564=CIRCLE('',#10825,1.0);
#8565=LINE('',#10826,#10827);
#8566=VERTEX_POINT('',#10828);
#8567=LINE('',#10829,#10830);
#8568=LINE('',#10831,#10832);
#8569=CIRCLE('',#10833,1.0);
#8570=VERTEX_POINT('',#10834);
#8571=CIRCLE('',#10835,1.05);
#8572=VERTEX_POINT('',#10836);
#8573=CIRCLE('',#10837,1.0);
#8574=VERTEX_POINT('',#10838);
#8575=LINE('',#10839,#10840);
#8576=VERTEX_POINT('',#10841);
#8577=CIRCLE('',#10842,0.2);
#8578=VERTEX_POINT('',#10843);
#8579=LINE('',#10844,#10845);
#8580=VERTEX_POINT('',#10846);
#8581=CIRCLE('',#10847,0.6);
#8582=CIRCLE('',#10848,1.45);
#8583=VERTEX_POINT('',#10849);
#8584=CIRCLE('',#10850,0.6);
#8585=LINE('',#10851,#10852);
#8586=LINE('',#10853,#10854);
#8587=LINE('',#10855,#10856);
#8588=LINE('',#10857,#10858);
#8589=LINE('',#10859,#10860);
#8590=LINE('',#10861,#10862);
#8591=LINE('',#10863,#10864);
#8592=LINE('',#10865,#10866);
#8593=VERTEX_POINT('',#10867);
#8594=LINE('',#10868,#10869);
#8595=CIRCLE('',#10870,0.6);
#8596=VERTEX_POINT('',#10871);
#8597=CIRCLE('',#10872,0.65);
#8598=VERTEX_POINT('',#10873);
#8599=CIRCLE('',#10874,0.6);
#8600=VERTEX_POINT('',#10875);
#8601=LINE('',#10876,#10877);
#8602=VERTEX_POINT('',#10878);
#8603=CIRCLE('',#10879,0.2);
#8604=VERTEX_POINT('',#10880);
#8605=LINE('',#10881,#10882);
#8606=VERTEX_POINT('',#10883);
#8607=CIRCLE('',#10884,0.2);
#8608=CIRCLE('',#10885,1.05);
#8609=VERTEX_POINT('',#10886);
#8610=CIRCLE('',#10887,0.2);
#8611=LINE('',#10888,#10889);
#8612=VERTEX_POINT('',#10890);
#8613=LINE('',#10891,#10892);
#8614=LINE('',#10893,#10894);
#8615=CIRCLE('',#10895,0.2);
#8616=VERTEX_POINT('',#10896);
#8617=CIRCLE('',#10897,1.05);
#8618=VERTEX_POINT('',#10898);
#8619=CIRCLE('',#10899,0.2);
#8620=VERTEX_POINT('',#10900);
#8621=LINE('',#10901,#10902);
#8622=VERTEX_POINT('',#10903);
#8623=CIRCLE('',#10904,0.2);
#8624=VERTEX_POINT('',#10905);
#8625=LINE('',#10906,#10907);
#8626=VERTEX_POINT('',#10908);
#8627=CIRCLE('',#10909,0.6);
#8628=CIRCLE('',#10910,0.65);
#8629=VERTEX_POINT('',#10911);
#8630=CIRCLE('',#10912,0.6);
#8631=LINE('',#10913,#10914);
#8632=LINE('',#10915,#10916);
#8633=LINE('',#10917,#10918);
#8634=LINE('',#10919,#10920);
#8635=LINE('',#10921,#10922);
#8636=LINE('',#10923,#10924);
#8637=LINE('',#10925,#10926);
#8638=LINE('',#10927,#10928);
#8639=VERTEX_POINT('',#10929);
#8640=LINE('',#10930,#10931);
#8641=CIRCLE('',#10932,0.6);
#8642=VERTEX_POINT('',#10933);
#8643=CIRCLE('',#10934,0.65);
#8644=VERTEX_POINT('',#10935);
#8645=CIRCLE('',#10936,0.6);
#8646=VERTEX_POINT('',#10937);
#8647=LINE('',#10938,#10939);
#8648=VERTEX_POINT('',#10940);
#8649=CIRCLE('',#10941,0.2);
#8650=VERTEX_POINT('',#10942);
#8651=LINE('',#10943,#10944);
#8652=VERTEX_POINT('',#10945);
#8653=CIRCLE('',#10946,0.2);
#8654=CIRCLE('',#10947,1.05);
#8655=VERTEX_POINT('',#10948);
#8656=CIRCLE('',#10949,0.2);
#8657=LINE('',#10950,#10951);
#8658=VERTEX_POINT('',#10952);
#8659=LINE('',#10953,#10954);
#8660=LINE('',#10955,#10956);
#8661=CIRCLE('',#10957,0.2);
#8662=VERTEX_POINT('',#10958);
#8663=CIRCLE('',#10959,1.05);
#8664=VERTEX_POINT('',#10960);
#8665=CIRCLE('',#10961,0.2);
#8666=VERTEX_POINT('',#10962);
#8667=LINE('',#10963,#10964);
#8668=VERTEX_POINT('',#10965);
#8669=CIRCLE('',#10966,0.2);
#8670=VERTEX_POINT('',#10967);
#8671=LINE('',#10968,#10969);
#8672=VERTEX_POINT('',#10970);
#8673=CIRCLE('',#10971,0.6);
#8674=CIRCLE('',#10972,0.65);
#8675=VERTEX_POINT('',#10973);
#8676=CIRCLE('',#10974,0.6);
#8677=LINE('',#10975,#10976);
#8678=LINE('',#10977,#10978);
#8679=LINE('',#10979,#10980);
#8680=LINE('',#10981,#10982);
#8681=LINE('',#10983,#10984);
#8682=LINE('',#10985,#10986);
#8683=LINE('',#10987,#10988);
#8684=LINE('',#10989,#10990);
#8685=VERTEX_POINT('',#10991);
#8686=VERTEX_POINT('',#10992);
#8687=LINE('',#10993,#10994);
#8688=CIRCLE('',#10995,1.0);
#8689=CIRCLE('',#10996,1.0);
#8690=VERTEX_POINT('',#10997);
#8691=VERTEX_POINT('',#10998);
#8692=LINE('',#10999,#11000);
#8693=CIRCLE('',#11001,1.0);
#8694=CIRCLE('',#11002,1.0);
#8695=VERTEX_POINT('',#11003);
#8696=LINE('',#11004,#11005);
#8697=CIRCLE('',#11006,1.0);
#8698=VERTEX_POINT('',#11007);
#8699=CIRCLE('',#11008,0.5);
#8700=VERTEX_POINT('',#11009);
#8701=LINE('',#11010,#11011);
#8702=VERTEX_POINT('',#11012);
#8703=CIRCLE('',#11013,0.5);
#8704=VERTEX_POINT('',#11014);
#8705=LINE('',#11015,#11016);
#8706=VERTEX_POINT('',#11017);
#8707=LINE('',#11018,#11019);
#8708=VERTEX_POINT('',#11020);
#8709=CIRCLE('',#11021,0.6);
#8710=LINE('',#11022,#11023);
#8711=VERTEX_POINT('',#11024);
#8712=LINE('',#11025,#11026);
#8713=VERTEX_POINT('',#11027);
#8714=CIRCLE('',#11028,0.3);
#8715=VERTEX_POINT('',#11029);
#8716=LINE('',#11030,#11031);
#8717=VERTEX_POINT('',#11032);
#8718=CIRCLE('',#11033,0.05);
#8719=VERTEX_POINT('',#11034);
#8720=LINE('',#11035,#11036);
#8721=VERTEX_POINT('',#11037);
#8722=CIRCLE('',#11038,0.3);
#8723=VERTEX_POINT('',#11039);
#8724=LINE('',#11040,#11041);
#8725=VERTEX_POINT('',#11042);
#8726=CIRCLE('',#11043,0.05);
#8727=VERTEX_POINT('',#11044);
#8728=LINE('',#11045,#11046);
#8729=VERTEX_POINT('',#11047);
#8730=CIRCLE('',#11048,0.3);
#8731=VERTEX_POINT('',#11049);
#8732=LINE('',#11050,#11051);
#8733=VERTEX_POINT('',#11052);
#8734=LINE('',#11053,#11054);
#8735=VERTEX_POINT('',#11055);
#8736=LINE('',#11056,#11057);
#8737=VERTEX_POINT('',#11058);
#8738=CIRCLE('',#11059,0.25);
#8739=LINE('',#11060,#11061);
#8740=VERTEX_POINT('',#11062);
#8741=CIRCLE('',#11063,0.1);
#8742=LINE('',#11064,#11065);
#8743=VERTEX_POINT('',#11066);
#8744=LINE('',#11067,#11068);
#8745=VERTEX_POINT('',#11069);
#8746=LINE('',#11070,#11071);
#8747=VERTEX_POINT('',#11072);
#8748=LINE('',#11073,#11074);
#8749=VERTEX_POINT('',#11075);
#8750=LINE('',#11076,#11077);
#8751=LINE('',#11078,#11079);
#8752=LINE('',#11080,#11081);
#8753=VERTEX_POINT('',#11082);
#8754=LINE('',#11083,#11084);
#8755=VERTEX_POINT('',#11085);
#8756=CIRCLE('',#11086,0.3);
#8757=VERTEX_POINT('',#11087);
#8758=LINE('',#11088,#11089);
#8759=LINE('',#11090,#11091);
#8760=LINE('',#11092,#11093);
#8761=VERTEX_POINT('',#11094);
#8762=LINE('',#11095,#11096);
#8763=CIRCLE('',#11097,0.5);
#8764=LINE('',#11098,#11099);
#8765=VERTEX_POINT('',#11100);
#8766=LINE('',#11101,#11102);
#8767=VERTEX_POINT('',#11103);
#8768=LINE('',#11104,#11105);
#8769=VERTEX_POINT('',#11106);
#8770=LINE('',#11107,#11108);
#8771=VERTEX_POINT('',#11109);
#8772=LINE('',#11110,#11111);
#8773=VERTEX_POINT('',#11112);
#8774=LINE('',#11113,#11114);
#8775=VERTEX_POINT('',#11115);
#8776=LINE('',#11116,#11117);
#8777=LINE('',#11118,#11119);
#8778=VERTEX_POINT('',#11120);
#8779=LINE('',#11121,#11122);
#8780=VERTEX_POINT('',#11123);
#8781=LINE('',#11124,#11125);
#8782=LINE('',#11126,#11127);
#8783=LINE('',#11128,#11129);
#8784=VERTEX_POINT('',#11130);
#8785=LINE('',#11131,#11132);
#8786=LINE('',#11133,#11134);
#8787=CIRCLE('',#11135,0.5);
#8788=VERTEX_POINT('',#11136);
#8789=LINE('',#11137,#11138);
#8790=VERTEX_POINT('',#11139);
#8791=CIRCLE('',#11140,0.5);
#8792=VERTEX_POINT('',#11141);
#8793=LINE('',#11142,#11143);
#8794=CIRCLE('',#11144,0.5);
#8795=VERTEX_POINT('',#11145);
#8796=LINE('',#11146,#11147);
#8797=CIRCLE('',#11148,0.3);
#8798=LINE('',#11149,#11150);
#8799=VERTEX_POINT('',#11151);
#8800=LINE('',#11152,#11153);
#8801=CIRCLE('',#11154,0.5);
#8802=VERTEX_POINT('',#11155);
#8803=CIRCLE('',#11156,0.5);
#8804=VERTEX_POINT('',#11157);
#8805=CIRCLE('',#11158,0.5);
#8806=LINE('',#11159,#11160);
#8807=LINE('',#11161,#11162);
#8808=VERTEX_POINT('',#11163);
#8809=LINE('',#11164,#11165);
#8810=LINE('',#11166,#11167);
#8811=VERTEX_POINT('',#11168);
#8812=LINE('',#11169,#11170);
#8813=VERTEX_POINT('',#11171);
#8814=LINE('',#11172,#11173);
#8815=LINE('',#11174,#11175);
#8816=LINE('',#11176,#11177);
#8817=VERTEX_POINT('',#11178);
#8818=LINE('',#11179,#11180);
#8819=CIRCLE('',#11181,0.5);
#8820=VERTEX_POINT('',#11182);
#8821=CIRCLE('',#11183,0.5);
#8822=VERTEX_POINT('',#11184);
#8823=CIRCLE('',#11185,0.5);
#8824=LINE('',#11186,#11187);
#8825=LINE('',#11188,#11189);
#8826=VERTEX_POINT('',#11190);
#8827=LINE('',#11191,#11192);
#8828=LINE('',#11193,#11194);
#8829=LINE('',#11195,#11196);
#8830=LINE('',#11197,#11198);
#8831=VERTEX_POINT('',#11199);
#8832=CIRCLE('',#11200,0.3);
#8833=VERTEX_POINT('',#11201);
#8834=LINE('',#11202,#11203);
#8835=CIRCLE('',#11204,0.3);
#8836=VERTEX_POINT('',#11205);
#8837=CIRCLE('',#11206,0.3);
#8838=LINE('',#11207,#11208);
#8839=LINE('',#11209,#11210);
#8840=LINE('',#11211,#11212);
#8841=LINE('',#11213,#11214);
#8842=LINE('',#11215,#11216);
#8843=VERTEX_POINT('',#11217);
#8844=LINE('',#11218,#11219);
#8845=CIRCLE('',#11220,0.5);
#8846=LINE('',#11221,#11222);
#8847=LINE('',#11223,#11224);
#8848=VERTEX_POINT('',#11225);
#8849=LINE('',#11226,#11227);
#8850=LINE('',#11228,#11229);
#8851=CIRCLE('',#11230,0.5);
#8852=VERTEX_POINT('',#11231);
#8853=VERTEX_POINT('',#11232);
#8854=LINE('',#11233,#11234);
#8855=VERTEX_POINT('',#11235);
#8856=LINE('',#11236,#11237);
#8857=VERTEX_POINT('',#11238);
#8858=LINE('',#11239,#11240);
#8859=VERTEX_POINT('',#11241);
#8860=LINE('',#11242,#11243);
#8861=VERTEX_POINT('',#11244);
#8862=LINE('',#11245,#11246);
#8863=LINE('',#11247,#11248);
#8864=LINE('',#11249,#11250);
#8865=VERTEX_POINT('',#11251);
#8866=LINE('',#11252,#11253);
#8867=CIRCLE('',#11254,0.1);
#8868=VERTEX_POINT('',#11255);
#8869=VERTEX_POINT('',#11256);
#8870=CIRCLE('',#11257,0.1);
#8871=CIRCLE('',#11258,0.15);
#8872=CIRCLE('',#11259,0.25);
#8873=VERTEX_POINT('',#11260);
#8874=CIRCLE('',#11261,0.6);
#8875=LINE('',#11262,#11263);
#8876=VERTEX_POINT('',#11264);
#8877=LINE('',#11265,#11266);
#8878=VERTEX_POINT('',#11267);
#8879=CIRCLE('',#11268,0.3);
#8880=VERTEX_POINT('',#11269);
#8881=LINE('',#11270,#11271);
#8882=VERTEX_POINT('',#11272);
#8883=CIRCLE('',#11273,0.05);
#8884=VERTEX_POINT('',#11274);
#8885=LINE('',#11275,#11276);
#8886=VERTEX_POINT('',#11277);
#8887=CIRCLE('',#11278,0.3);
#8888=VERTEX_POINT('',#11279);
#8889=LINE('',#11280,#11281);
#8890=VERTEX_POINT('',#11282);
#8891=CIRCLE('',#11283,0.05);
#8892=VERTEX_POINT('',#11284);
#8893=LINE('',#11285,#11286);
#8894=VERTEX_POINT('',#11287);
#8895=CIRCLE('',#11288,0.3);
#8896=VERTEX_POINT('',#11289);
#8897=LINE('',#11290,#11291);
#8898=VERTEX_POINT('',#11292);
#8899=LINE('',#11293,#11294);
#8900=LINE('',#11295,#11296);
#8901=VERTEX_POINT('',#11297);
#8902=CIRCLE('',#11298,0.1);
#8903=LINE('',#11299,#11300);
#8904=VERTEX_POINT('',#11301);
#8905=LINE('',#11302,#11303);
#8906=VERTEX_POINT('',#11304);
#8907=LINE('',#11305,#11306);
#8908=LINE('',#11307,#11308);
#8909=CIRCLE('',#11309,0.15);
#8910=VERTEX_POINT('',#11310);
#8911=CIRCLE('',#11311,0.1);
#8912=VERTEX_POINT('',#11312);
#8913=CIRCLE('',#11313,0.1);
#8914=CIRCLE('',#11314,0.25);
#8915=VERTEX_POINT('',#11315);
#8916=VERTEX_POINT('',#11316);
#8917=LINE('',#11317,#11318);
#8918=LINE('',#11319,#11320);
#8919=VERTEX_POINT('',#11321);
#8920=LINE('',#11322,#11323);
#8921=VERTEX_POINT('',#11324);
#8922=LINE('',#11325,#11326);
#8923=VERTEX_POINT('',#11327);
#8924=LINE('',#11328,#11329);
#8925=VERTEX_POINT('',#11330);
#8926=CIRCLE('',#11331,0.3);
#8927=VERTEX_POINT('',#11332);
#8928=LINE('',#11333,#11334);
#8929=VERTEX_POINT('',#11335);
#8930=CIRCLE('',#11336,0.05);
#8931=VERTEX_POINT('',#11337);
#8932=LINE('',#11338,#11339);
#8933=VERTEX_POINT('',#11340);
#8934=CIRCLE('',#11341,0.3);
#8935=VERTEX_POINT('',#11342);
#8936=LINE('',#11343,#11344);
#8937=VERTEX_POINT('',#11345);
#8938=CIRCLE('',#11346,0.05);
#8939=VERTEX_POINT('',#11347);
#8940=LINE('',#11348,#11349);
#8941=VERTEX_POINT('',#11350);
#8942=CIRCLE('',#11351,0.3);
#8943=LINE('',#11352,#11353);
#8944=VERTEX_POINT('',#11354);
#8945=CIRCLE('',#11355,0.1);
#8946=VERTEX_POINT('',#11356);
#8947=CIRCLE('',#11357,0.1);
#8948=LINE('',#11358,#11359);
#8949=VERTEX_POINT('',#11360);
#8950=LINE('',#11361,#11362);
#8951=LINE('',#11363,#11364);
#8952=VERTEX_POINT('',#11365);
#8953=LINE('',#11366,#11367);
#8954=LINE('',#11368,#11369);
#8955=CIRCLE('',#11370,0.1);
#8956=VERTEX_POINT('',#11371);
#8957=CIRCLE('',#11372,0.4);
#8958=CIRCLE('',#11373,0.1);
#8959=VERTEX_POINT('',#11374);
#8960=LINE('',#11375,#11376);
#8961=CIRCLE('',#11377,0.1);
#8962=VERTEX_POINT('',#11378);
#8963=CIRCLE('',#11379,0.15);
#8964=CIRCLE('',#11380,0.1);
#8965=VERTEX_POINT('',#11381);
#8966=LINE('',#11382,#11383);
#8967=CIRCLE('',#11384,0.1);
#8968=CIRCLE('',#11385,0.2);
#8969=CIRCLE('',#11386,0.1);
#8970=VERTEX_POINT('',#11387);
#8971=LINE('',#11388,#11389);
#8972=CIRCLE('',#11390,0.1);
#8973=VERTEX_POINT('',#11391);
#8974=CIRCLE('',#11392,0.15);
#8975=CIRCLE('',#11393,0.1);
#8976=VERTEX_POINT('',#11394);
#8977=LINE('',#11395,#11396);
#8978=CIRCLE('',#11397,0.1);
#8979=VERTEX_POINT('',#11398);
#8980=CIRCLE('',#11399,0.4);
#8981=CIRCLE('',#11400,0.1);
#8982=VERTEX_POINT('',#11401);
#8983=LINE('',#11402,#11403);
#8984=CIRCLE('',#11404,0.1);
#8985=VERTEX_POINT('',#11405);
#8986=CIRCLE('',#11406,0.1);
#8987=CIRCLE('',#11407,0.1);
#8988=VERTEX_POINT('',#11408);
#8989=LINE('',#11409,#11410);
#8990=VERTEX_POINT('',#11411);
#8991=CIRCLE('',#11412,0.1);
#8992=LINE('',#11413,#11414);
#8993=VERTEX_POINT('',#11415);
#8994=LINE('',#11416,#11417);
#8995=VERTEX_POINT('',#11418);
#8996=LINE('',#11419,#11420);
#8997=LINE('',#11421,#11422);
#8998=CIRCLE('',#11423,0.1);
#8999=CIRCLE('',#11424,0.1);
#9000=CIRCLE('',#11425,0.1);
#9001=CIRCLE('',#11426,0.1);
#9002=CIRCLE('',#11427,0.1);
#9003=CIRCLE('',#11428,0.1);
#9004=CIRCLE('',#11429,0.1);
#9005=VERTEX_POINT('',#11430);
#9006=LINE('',#11431,#11432);
#9007=CIRCLE('',#11433,0.1);
#9008=VERTEX_POINT('',#11434);
#9009=CIRCLE('',#11435,0.4);
#9010=CIRCLE('',#11436,0.1);
#9011=VERTEX_POINT('',#11437);
#9012=LINE('',#11438,#11439);
#9013=CIRCLE('',#11440,0.1);
#9014=VERTEX_POINT('',#11441);
#9015=CIRCLE('',#11442,0.15);
#9016=CIRCLE('',#11443,0.1);
#9017=LINE('',#11444,#11445);
#9018=CIRCLE('',#11446,0.1);
#9019=VERTEX_POINT('',#11447);
#9020=CIRCLE('',#11448,0.2);
#9021=CIRCLE('',#11449,0.1);
#9022=VERTEX_POINT('',#11450);
#9023=LINE('',#11451,#11452);
#9024=CIRCLE('',#11453,0.1);
#9025=VERTEX_POINT('',#11454);
#9026=CIRCLE('',#11455,0.15);
#9027=CIRCLE('',#11456,0.1);
#9028=VERTEX_POINT('',#11457);
#9029=LINE('',#11458,#11459);
#9030=CIRCLE('',#11460,0.1);
#9031=CIRCLE('',#11461,0.4);
#9032=LINE('',#11462,#11463);
#9033=LINE('',#11464,#11465);
#9034=LINE('',#11466,#11467);
#9035=LINE('',#11468,#11469);
#9036=LINE('',#11470,#11471);
#9037=LINE('',#11472,#11473);
#9038=LINE('',#11474,#11475);
#9039=LINE('',#11476,#11477);
#9040=VERTEX_POINT('',#11478);
#9041=CIRCLE('',#11479,0.1);
#9042=VERTEX_POINT('',#11480);
#9043=B_SPLINE_CURVE_WITH_KNOTS('',3,(#11481,#11482,#11483,#11484,#11485,#11486,#11487),.UNSPECIFIED.,.F.,.F.,(4,1,1,1,4),(0.0,0.25,0.5,0.75,1.0),.UNSPECIFIED.);
#9044=LINE('',#11488,#11489);
#9045=VERTEX_POINT('',#11490);
#9046=VERTEX_POINT('',#11491);
#9047=LINE('',#11492,#11493);
#9048=LINE('',#11494,#11495);
#9049=VERTEX_POINT('',#11496);
#9050=B_SPLINE_CURVE_WITH_KNOTS('',3,(#11497,#11498,#11499,#11500),.UNSPECIFIED.,.F.,.F.,(4,4),(0.0,1.0),.UNSPECIFIED.);
#9051=LINE('',#11501,#11502);
#9052=VERTEX_POINT('',#11503);
#9053=LINE('',#11504,#11505);
#9054=CIRCLE('',#11506,0.6);
#9055=CIRCLE('',#11507,0.1);
#9056=LINE('',#11508,#11509);
#9057=CIRCLE('',#11510,0.1);
#9058=CIRCLE('',#11511,0.1);
#9059=CIRCLE('',#11512,0.1);
#9060=CIRCLE('',#11513,0.1);
#9061=VERTEX_POINT('',#11514);
#9062=LINE('',#11515,#11516);
#9063=VERTEX_POINT('',#11517);
#9064=CIRCLE('',#11518,0.6);
#9065=LINE('',#11519,#11520);
#9066=LINE('',#11521,#11522);
#9067=VERTEX_POINT('',#11523);
#9068=CIRCLE('',#11524,0.6);
#9069=LINE('',#11525,#11526);
#9070=LINE('',#11527,#11528);
#9071=LINE('',#11529,#11530);
#9072=LINE('',#11531,#11532);
#9073=LINE('',#11533,#11534);
#9074=VERTEX_POINT('',#11535);
#9075=LINE('',#11536,#11537);
#9076=VERTEX_POINT('',#11538);
#9077=CIRCLE('',#11539,0.1);
#9078=VERTEX_POINT('',#11540);
#9079=LINE('',#11541,#11542);
#9080=LINE('',#11543,#11544);
#9081=VERTEX_POINT('',#11545);
#9082=B_SPLINE_CURVE_WITH_KNOTS('',3,(#11546,#11547,#11548,#11549),.UNSPECIFIED.,.F.,.F.,(4,4),(0.0,1.0),.UNSPECIFIED.);
#9083=VERTEX_POINT('',#11550);
#9084=B_SPLINE_CURVE_WITH_KNOTS('',3,(#11551,#11552,#11553,#11554,#11555,#11556,#11557),.UNSPECIFIED.,.F.,.F.,(4,1,1,1,4),(0.0,0.25,0.5,0.75,1.0),.UNSPECIFIED.);
#9085=LINE('',#11558,#11559);
#9086=VERTEX_POINT('',#11560);
#9087=LINE('',#11561,#11562);
#9088=VERTEX_POINT('',#11563);
#9089=LINE('',#11564,#11565);
#9090=VERTEX_POINT('',#11566);
#9091=LINE('',#11567,#11568);
#9092=LINE('',#11569,#11570);
#9093=VERTEX_POINT('',#11571);
#9094=CIRCLE('',#11572,0.1);
#9095=LINE('',#11573,#11574);
#9096=VERTEX_POINT('',#11575);
#9097=CIRCLE('',#11576,0.3);
#9098=VERTEX_POINT('',#11577);
#9099=LINE('',#11578,#11579);
#9100=VERTEX_POINT('',#11580);
#9101=CIRCLE('',#11581,0.05);
#9102=VERTEX_POINT('',#11582);
#9103=LINE('',#11583,#11584);
#9104=VERTEX_POINT('',#11585);
#9105=CIRCLE('',#11586,0.3);
#9106=VERTEX_POINT('',#11587);
#9107=LINE('',#11588,#11589);
#9108=VERTEX_POINT('',#11590);
#9109=CIRCLE('',#11591,0.05);
#9110=VERTEX_POINT('',#11592);
#9111=LINE('',#11593,#11594);
#9112=VERTEX_POINT('',#11595);
#9113=CIRCLE('',#11596,0.3);
#9114=VERTEX_POINT('',#11597);
#9115=LINE('',#11598,#11599);
#9116=VERTEX_POINT('',#11600);
#9117=LINE('',#11601,#11602);
#9118=VERTEX_POINT('',#11603);
#9119=LINE('',#11604,#11605);
#9120=VERTEX_POINT('',#11606);
#9121=CIRCLE('',#11607,0.25);
#9122=LINE('',#11608,#11609);
#9123=VERTEX_POINT('',#11610);
#9124=CIRCLE('',#11611,0.1);
#9125=LINE('',#11612,#11613);
#9126=VERTEX_POINT('',#11614);
#9127=LINE('',#11615,#11616);
#9128=VERTEX_POINT('',#11617);
#9129=LINE('',#11618,#11619);
#9130=LINE('',#11620,#11621);
#9131=LINE('',#11622,#11623);
#9132=LINE('',#11624,#11625);
#9133=VERTEX_POINT('',#11626);
#9134=LINE('',#11627,#11628);
#9135=CIRCLE('',#11629,0.1);
#9136=VERTEX_POINT('',#11630);
#9137=CIRCLE('',#11631,0.1);
#9138=CIRCLE('',#11632,0.1);
#9139=VERTEX_POINT('',#11633);
#9140=VERTEX_POINT('',#11634);
#9141=CIRCLE('',#11635,0.1);
#9142=LINE('',#11636,#11637);
#9143=LINE('',#11638,#11639);
#9144=VERTEX_POINT('',#11640);
#9145=LINE('',#11641,#11642);
#9146=VERTEX_POINT('',#11643);
#9147=CIRCLE('',#11644,0.25);
#9148=VERTEX_POINT('',#11645);
#9149=LINE('',#11646,#11647);
#9150=VERTEX_POINT('',#11648);
#9151=LINE('',#11649,#11650);
#9152=VERTEX_POINT('',#11651);
#9153=LINE('',#11652,#11653);
#9154=VERTEX_POINT('',#11654);
#9155=CIRCLE('',#11655,0.3);
#9156=VERTEX_POINT('',#11656);
#9157=LINE('',#11657,#11658);
#9158=VERTEX_POINT('',#11659);
#9159=CIRCLE('',#11660,0.05);
#9160=VERTEX_POINT('',#11661);
#9161=LINE('',#11662,#11663);
#9162=VERTEX_POINT('',#11664);
#9163=CIRCLE('',#11665,0.3);
#9164=VERTEX_POINT('',#11666);
#9165=LINE('',#11667,#11668);
#9166=VERTEX_POINT('',#11669);
#9167=CIRCLE('',#11670,0.05);
#9168=VERTEX_POINT('',#11671);
#9169=LINE('',#11672,#11673);
#9170=VERTEX_POINT('',#11674);
#9171=CIRCLE('',#11675,0.3);
#9172=LINE('',#11676,#11677);
#9173=CIRCLE('',#11678,0.1);
#9174=CIRCLE('',#11679,0.1);
#9175=VERTEX_POINT('',#11680);
#9176=CIRCLE('',#11681,0.1);
#9177=CIRCLE('',#11682,0.4);
#9178=VERTEX_POINT('',#11683);
#9179=LINE('',#11684,#11685);
#9180=CIRCLE('',#11686,0.4);
#9181=CIRCLE('',#11687,0.1);
#9182=VERTEX_POINT('',#11688);
#9183=LINE('',#11689,#11690);
#9184=CIRCLE('',#11691,0.1);
#9185=VERTEX_POINT('',#11692);
#9186=CIRCLE('',#11693,0.15);
#9187=CIRCLE('',#11694,0.1);
#9188=VERTEX_POINT('',#11695);
#9189=LINE('',#11696,#11697);
#9190=CIRCLE('',#11698,0.1);
#9191=CIRCLE('',#11699,0.2);
#9192=CIRCLE('',#11700,0.1);
#9193=VERTEX_POINT('',#11701);
#9194=LINE('',#11702,#11703);
#9195=CIRCLE('',#11704,0.1);
#9196=VERTEX_POINT('',#11705);
#9197=CIRCLE('',#11706,0.15);
#9198=CIRCLE('',#11707,0.1);
#9199=VERTEX_POINT('',#11708);
#9200=LINE('',#11709,#11710);
#9201=CIRCLE('',#11711,0.1);
#9202=VERTEX_POINT('',#11712);
#9203=CIRCLE('',#11713,0.4);
#9204=CIRCLE('',#11714,0.1);
#9205=VERTEX_POINT('',#11715);
#9206=LINE('',#11716,#11717);
#9207=CIRCLE('',#11718,0.1);
#9208=VERTEX_POINT('',#11719);
#9209=CIRCLE('',#11720,0.1);
#9210=CIRCLE('',#11721,0.1);
#9211=VERTEX_POINT('',#11722);
#9212=LINE('',#11723,#11724);
#9213=VERTEX_POINT('',#11725);
#9214=CIRCLE('',#11726,0.1);
#9215=LINE('',#11727,#11728);
#9216=VERTEX_POINT('',#11729);
#9217=LINE('',#11730,#11731);
#9218=VERTEX_POINT('',#11732);
#9219=LINE('',#11733,#11734);
#9220=LINE('',#11735,#11736);
#9221=CIRCLE('',#11737,0.1);
#9222=VERTEX_POINT('',#11738);
#9223=CIRCLE('',#11739,0.1);
#9224=CIRCLE('',#11740,0.1);
#9225=VERTEX_POINT('',#11741);
#9226=CIRCLE('',#11742,0.1);
#9227=LINE('',#11743,#11744);
#9228=VERTEX_POINT('',#11745);
#9229=LINE('',#11746,#11747);
#9230=VERTEX_POINT('',#11748);
#9231=LINE('',#11749,#11750);
#9232=LINE('',#11751,#11752);
#9233=CIRCLE('',#11753,0.1);
#9234=CIRCLE('',#11754,0.15);
#9235=CIRCLE('',#11755,0.15);
#9236=CIRCLE('',#11756,0.1);
#9237=CIRCLE('',#11757,0.1);
#9238=CIRCLE('',#11758,0.1);
#9239=CIRCLE('',#11759,0.1);
#9240=CIRCLE('',#11760,0.1);
#9241=CIRCLE('',#11761,0.1);
#9242=VERTEX_POINT('',#11762);
#9243=LINE('',#11763,#11764);
#9244=CIRCLE('',#11765,0.1);
#9245=VERTEX_POINT('',#11766);
#9246=CIRCLE('',#11767,0.4);
#9247=CIRCLE('',#11768,0.1);
#9248=VERTEX_POINT('',#11769);
#9249=LINE('',#11770,#11771);
#9250=CIRCLE('',#11772,0.1);
#9251=VERTEX_POINT('',#11773);
#9252=CIRCLE('',#11774,0.15);
#9253=CIRCLE('',#11775,0.1);
#9254=LINE('',#11776,#11777);
#9255=CIRCLE('',#11778,0.1);
#9256=VERTEX_POINT('',#11779);
#9257=CIRCLE('',#11780,0.2);
#9258=CIRCLE('',#11781,0.1);
#9259=VERTEX_POINT('',#11782);
#9260=LINE('',#11783,#11784);
#9261=CIRCLE('',#11785,0.1);
#9262=VERTEX_POINT('',#11786);
#9263=CIRCLE('',#11787,0.15);
#9264=CIRCLE('',#11788,0.1);
#9265=LINE('',#11789,#11790);
#9266=LINE('',#11791,#11792);
#9267=LINE('',#11793,#11794);
#9268=LINE('',#11795,#11796);
#9269=LINE('',#11797,#11798);
#9270=LINE('',#11799,#11800);
#9271=LINE('',#11801,#11802);
#9272=LINE('',#11803,#11804);
#9273=CIRCLE('',#11805,0.1);
#9274=LINE('',#11806,#11807);
#9275=VERTEX_POINT('',#11808);
#9276=CIRCLE('',#11809,0.1);
#9277=VERTEX_POINT('',#11810);
#9278=LINE('',#11811,#11812);
#9279=LINE('',#11813,#11814);
#9280=VERTEX_POINT('',#11815);
#9281=B_SPLINE_CURVE_WITH_KNOTS('',3,(#11816,#11817,#11818,#11819),.UNSPECIFIED.,.F.,.F.,(4,4),(0.0,1.0),.UNSPECIFIED.);
#9282=VERTEX_POINT('',#11820);
#9283=B_SPLINE_CURVE_WITH_KNOTS('',3,(#11821,#11822,#11823,#11824,#11825,#11826,#11827),.UNSPECIFIED.,.F.,.F.,(4,1,1,1,4),(0.0,0.25,0.5,0.75,1.0),.UNSPECIFIED.);
#9284=LINE('',#11828,#11829);
#9285=VERTEX_POINT('',#11830);
#9286=LINE('',#11831,#11832);
#9287=VERTEX_POINT('',#11833);
#9288=LINE('',#11834,#11835);
#9289=VERTEX_POINT('',#11836);
#9290=LINE('',#11837,#11838);
#9291=LINE('',#11839,#11840);
#9292=CIRCLE('',#11841,0.1);
#9293=VERTEX_POINT('',#11842);
#9294=CIRCLE('',#11843,0.4);
#9295=CIRCLE('',#11844,0.1);
#9296=VERTEX_POINT('',#11845);
#9297=LINE('',#11846,#11847);
#9298=CIRCLE('',#11848,0.1);
#9299=VERTEX_POINT('',#11849);
#9300=CIRCLE('',#11850,0.15);
#9301=CIRCLE('',#11851,0.1);
#9302=VERTEX_POINT('',#11852);
#9303=LINE('',#11853,#11854);
#9304=CIRCLE('',#11855,0.1);
#9305=CIRCLE('',#11856,0.2);
#9306=CIRCLE('',#11857,0.1);
#9307=VERTEX_POINT('',#11858);
#9308=LINE('',#11859,#11860);
#9309=CIRCLE('',#11861,0.1);
#9310=VERTEX_POINT('',#11862);
#9311=CIRCLE('',#11863,0.15);
#9312=CIRCLE('',#11864,0.1);
#9313=VERTEX_POINT('',#11865);
#9314=LINE('',#11866,#11867);
#9315=CIRCLE('',#11868,0.1);
#9316=VERTEX_POINT('',#11869);
#9317=CIRCLE('',#11870,0.4);
#9318=CIRCLE('',#11871,0.1);
#9319=VERTEX_POINT('',#11872);
#9320=LINE('',#11873,#11874);
#9321=CIRCLE('',#11875,0.1);
#9322=VERTEX_POINT('',#11876);
#9323=CIRCLE('',#11877,0.1);
#9324=CIRCLE('',#11878,0.1);
#9325=VERTEX_POINT('',#11879);
#9326=LINE('',#11880,#11881);
#9327=VERTEX_POINT('',#11882);
#9328=CIRCLE('',#11883,0.1);
#9329=LINE('',#11884,#11885);
#9330=VERTEX_POINT('',#11886);
#9331=LINE('',#11887,#11888);
#9332=VERTEX_POINT('',#11889);
#9333=LINE('',#11890,#11891);
#9334=LINE('',#11892,#11893);
#9335=CIRCLE('',#11894,0.1);
#9336=VERTEX_POINT('',#11895);
#9337=CIRCLE('',#11896,0.1);
#9338=CIRCLE('',#11897,0.1);
#9339=VERTEX_POINT('',#11898);
#9340=CIRCLE('',#11899,0.1);
#9341=LINE('',#11900,#11901);
#9342=VERTEX_POINT('',#11902);
#9343=LINE('',#11903,#11904);
#9344=VERTEX_POINT('',#11905);
#9345=LINE('',#11906,#11907);
#9346=LINE('',#11908,#11909);
#9347=CIRCLE('',#11910,0.1);
#9348=CIRCLE('',#11911,0.15);
#9349=CIRCLE('',#11912,0.15);
#9350=VERTEX_POINT('',#11913);
#9351=CIRCLE('',#11914,0.1);
#9352=VERTEX_POINT('',#11915);
#9353=CIRCLE('',#11916,0.1);
#9354=CIRCLE('',#11917,0.25);
#9355=VERTEX_POINT('',#11918);
#9356=VERTEX_POINT('',#11919);
#9357=LINE('',#11920,#11921);
#9358=LINE('',#11922,#11923);
#9359=VERTEX_POINT('',#11924);
#9360=LINE('',#11925,#11926);
#9361=VERTEX_POINT('',#11927);
#9362=LINE('',#11928,#11929);
#9363=VERTEX_POINT('',#11930);
#9364=LINE('',#11931,#11932);
#9365=VERTEX_POINT('',#11933);
#9366=CIRCLE('',#11934,0.3);
#9367=VERTEX_POINT('',#11935);
#9368=LINE('',#11936,#11937);
#9369=VERTEX_POINT('',#11938);
#9370=CIRCLE('',#11939,0.05);
#9371=VERTEX_POINT('',#11940);
#9372=LINE('',#11941,#11942);
#9373=VERTEX_POINT('',#11943);
#9374=CIRCLE('',#11944,0.3);
#9375=VERTEX_POINT('',#11945);
#9376=LINE('',#11946,#11947);
#9377=VERTEX_POINT('',#11948);
#9378=CIRCLE('',#11949,0.05);
#9379=VERTEX_POINT('',#11950);
#9380=LINE('',#11951,#11952);
#9381=VERTEX_POINT('',#11953);
#9382=CIRCLE('',#11954,0.3);
#9383=LINE('',#11955,#11956);
#9384=CIRCLE('',#11957,0.1);
#9385=CIRCLE('',#11958,0.1);
#9386=VERTEX_POINT('',#11959);
#9387=CIRCLE('',#11960,0.1);
#9388=CIRCLE('',#11961,0.4);
#9389=LINE('',#11962,#11963);
#9390=VERTEX_POINT('',#11964);
#9391=LINE('',#11965,#11966);
#9392=LINE('',#11967,#11968);
#9393=VERTEX_POINT('',#11969);
#9394=CIRCLE('',#11970,0.15);
#9395=LINE('',#11971,#11972);
#9396=VERTEX_POINT('',#11973);
#9397=LINE('',#11974,#11975);
#9398=LINE('',#11976,#11977);
#9399=CIRCLE('',#11978,0.2);
#9400=VERTEX_POINT('',#11979);
#9401=LINE('',#11980,#11981);
#9402=LINE('',#11982,#11983);
#9403=VERTEX_POINT('',#11984);
#9404=CIRCLE('',#11985,0.15);
#9405=LINE('',#11986,#11987);
#9406=VERTEX_POINT('',#11988);
#9407=LINE('',#11989,#11990);
#9408=LINE('',#11991,#11992);
#9409=VERTEX_POINT('',#11993);
#9410=CIRCLE('',#11994,0.4);
#9411=LINE('',#11995,#11996);
#9412=LINE('',#11997,#11998);
#9413=CIRCLE('',#11999,0.1);
#9414=CIRCLE('',#12000,0.1);
#9415=CIRCLE('',#12001,0.1);
#9416=CIRCLE('',#12002,0.1);
#9417=CIRCLE('',#12003,0.1);
#9418=CIRCLE('',#12004,0.1);
#9419=CIRCLE('',#12005,0.1);
#9420=CIRCLE('',#12006,0.1);
#9421=CIRCLE('',#12007,0.1);
#9422=CIRCLE('',#12008,0.1);
#9423=CIRCLE('',#12009,0.1);
#9424=CIRCLE('',#12010,0.1);
#9425=VERTEX_POINT('',#12011);
#9426=CIRCLE('',#12012,0.1);
#9427=CIRCLE('',#12013,0.1);
#9428=VERTEX_POINT('',#12014);
#9429=LINE('',#12015,#12016);
#9430=CIRCLE('',#12017,0.1);
#9431=CIRCLE('',#12018,0.1);
#9432=CIRCLE('',#12019,0.1);
#9433=LINE('',#12020,#12021);
#9434=LINE('',#12022,#12023);
#9435=LINE('',#12024,#12025);
#9436=VERTEX_POINT('',#12026);
#9437=CIRCLE('',#12027,0.5);
#9438=LINE('',#12028,#12029);
#9439=LINE('',#12030,#12031);
#9440=CIRCLE('',#12032,0.9940197779441);
#9441=CIRCLE('',#12033,0.9940197779441);
#9442=VERTEX_POINT('',#12034);
#9443=VERTEX_POINT('',#12035);
#9444=CIRCLE('',#12036,0.5441507144262);
#9445=CIRCLE('',#12037,0.55);
#9446=CIRCLE('',#12038,0.55);
#9447=CIRCLE('',#12039,0.5441507144262);
#9448=CIRCLE('',#12040,0.9940197779441);
#9449=CIRCLE('',#12041,0.9940197779441);
#9450=VERTEX_POINT('',#12042);
#9451=VERTEX_POINT('',#12043);
#9452=CIRCLE('',#12044,0.5441507144262);
#9453=CIRCLE('',#12045,0.55);
#9454=CIRCLE('',#12046,0.55);
#9455=CIRCLE('',#12047,0.5441507144262);
#9456=CIRCLE('',#12048,1.0);
#9457=CIRCLE('',#12049,1.0);
#9458=CIRCLE('',#12050,0.9940197781467);
#9459=CIRCLE('',#12051,0.9940197781467);
#9460=VERTEX_POINT('',#12052);
#9461=VERTEX_POINT('',#12053);
#9462=CIRCLE('',#12054,0.5336144552615);
#9463=CIRCLE('',#12055,0.55);
#9464=CIRCLE('',#12056,0.55);
#9465=CIRCLE('',#12057,0.5336144552615);
#9466=CIRCLE('',#12058,1.0);
#9467=CIRCLE('',#12059,1.0);
#9468=VERTEX_POINT('',#12060);
#9469=LINE('',#12061,#12062);
#9470=VERTEX_POINT('',#12063);
#9471=LINE('',#12064,#12065);
#9472=LINE('',#12066,#12067);
#9473=VERTEX_POINT('',#12068);
#9474=LINE('',#12069,#12070);
#9475=LINE('',#12071,#12072);
#9476=VERTEX_POINT('',#12073);
#9477=LINE('',#12074,#12075);
#9478=LINE('',#12076,#12077);
#9479=LINE('',#12078,#12079);
#9480=CIRCLE('',#12080,0.55);
#9481=CIRCLE('',#12081,0.55);
#9482=VERTEX_POINT('',#12082);
#9483=CIRCLE('',#12083,0.9940197779441);
#9484=VERTEX_POINT('',#12084);
#9485=CIRCLE('',#12085,0.4780230948017);
#9486=CIRCLE('',#12086,0.9940197779441);
#9487=CIRCLE('',#12087,0.4780230948017);
#9488=CIRCLE('',#12088,0.55);
#9489=CIRCLE('',#12089,0.55);
#9490=VERTEX_POINT('',#12090);
#9491=CIRCLE('',#12091,0.9940197779441);
#9492=VERTEX_POINT('',#12092);
#9493=CIRCLE('',#12093,0.4780230948017);
#9494=CIRCLE('',#12094,0.9940197779441);
#9495=CIRCLE('',#12095,0.4780230948017);
#9496=CIRCLE('',#12096,0.65);
#9497=CIRCLE('',#12097,0.65);
#9498=VERTEX_POINT('',#12098);
#9499=CIRCLE('',#12099,1.0);
#9500=VERTEX_POINT('',#12100);
#9501=CIRCLE('',#12101,0.5800125628942);
#9502=CIRCLE('',#12102,1.0);
#9503=CIRCLE('',#12103,0.5800125628942);
#9504=CIRCLE('',#12104,0.55);
#9505=CIRCLE('',#12105,0.55);
#9506=VERTEX_POINT('',#12106);
#9507=CIRCLE('',#12107,0.9940197779441);
#9508=VERTEX_POINT('',#12108);
#9509=CIRCLE('',#12109,0.4717953846315);
#9510=CIRCLE('',#12110,0.9940197779441);
#9511=CIRCLE('',#12111,0.4717953846315);
#9512=CIRCLE('',#12112,0.5500122927997);
#9513=CIRCLE('',#12113,0.5500122927997);
#9514=VERTEX_POINT('',#12114);
#9515=CIRCLE('',#12115,0.9935306804865);
#9516=VERTEX_POINT('',#12116);
#9517=CIRCLE('',#12117,0.4740260546538);
#9518=CIRCLE('',#12118,0.9935306804865);
#9519=CIRCLE('',#12119,0.4740260546538);
#9520=CARTESIAN_POINT('',(-5.099993437548,4.7,-0.781018649445));
#9521=CARTESIAN_POINT('',(-5.099993437548,4.7,-1.7189813505555));
#9522=AXIS2_PLACEMENT_3D('',#12120,#12121,#12122);
#9523=CARTESIAN_POINT('',(-5.408954941954,4.7,-0.7317580584264));
#9524=AXIS2_PLACEMENT_3D('',#12123,#12124,#12125);
#9525=CARTESIAN_POINT('',(-5.408954941954,4.7,-1.768241941574));
#9526=AXIS2_PLACEMENT_3D('',#12126,#12127,#12128);
#9527=AXIS2_PLACEMENT_3D('',#12129,#12130,#12131);
#9528=AXIS2_PLACEMENT_3D('',#12132,#12133,#12134);
#9529=AXIS2_PLACEMENT_3D('',#12135,#12136,#12137);
#9530=CARTESIAN_POINT('',(-5.097721788142,4.2,-6.2830197779441));
#9531=CARTESIAN_POINT('',(-5.097721788142,4.2,-7.2169802220559));
#9532=AXIS2_PLACEMENT_3D('',#12138,#12139,#12140);
#9533=CARTESIAN_POINT('',(-5.380473521467,4.2,-6.241956859593));
#9534=AXIS2_PLACEMENT_3D('',#12141,#12142,#12143);
#9535=CARTESIAN_POINT('',(-5.380473521467,4.2,-7.258043140407));
#9536=AXIS2_PLACEMENT_3D('',#12144,#12145,#12146);
#9537=AXIS2_PLACEMENT_3D('',#12147,#12148,#12149);
#9538=AXIS2_PLACEMENT_3D('',#12150,#12151,#12152);
#9539=AXIS2_PLACEMENT_3D('',#12153,#12154,#12155);
#9540=CARTESIAN_POINT('',(-5.100000000008,2.8,-3.175));
#9541=CARTESIAN_POINT('',(-5.100000000008,2.8,-4.325));
#9542=AXIS2_PLACEMENT_3D('',#12156,#12157,#12158);
#9543=CARTESIAN_POINT('',(-5.377347211175,2.8,-3.135769756215));
#9544=AXIS2_PLACEMENT_3D('',#12159,#12160,#12161);
#9545=CARTESIAN_POINT('',(-5.377347211175,2.8,-4.364230243785));
#9546=AXIS2_PLACEMENT_3D('',#12162,#12163,#12164);
#9547=AXIS2_PLACEMENT_3D('',#12165,#12166,#12167);
#9548=AXIS2_PLACEMENT_3D('',#12168,#12169,#12170);
#9549=AXIS2_PLACEMENT_3D('',#12171,#12172,#12173);
#9550=CARTESIAN_POINT('',(-5.099999999642,-4.8,-5.0770197779441));
#9551=CARTESIAN_POINT('',(-5.099999999642,-4.8,-6.0229802220559));
#9552=AXIS2_PLACEMENT_3D('',#12174,#12175,#12176);
#9553=CARTESIAN_POINT('',(-5.4267356175,-4.8,-5.021786000623));
#9554=AXIS2_PLACEMENT_3D('',#12177,#12178,#12179);
#9555=CARTESIAN_POINT('',(-5.4267356175,-4.8,-6.078213999377));
#9556=AXIS2_PLACEMENT_3D('',#12180,#12181,#12182);
#9557=AXIS2_PLACEMENT_3D('',#12183,#12184,#12185);
#9558=AXIS2_PLACEMENT_3D('',#12186,#12187,#12188);
#9559=AXIS2_PLACEMENT_3D('',#12189,#12190,#12191);
#9560=CARTESIAN_POINT('',(-5.099999999642,-4.8,-7.7770197779441));
#9561=CARTESIAN_POINT('',(-5.099999999642,-4.8,-8.7229802220559));
#9562=AXIS2_PLACEMENT_3D('',#12192,#12193,#12194);
#9563=CARTESIAN_POINT('',(-5.4267356175,-4.8,-7.721786000623));
#9564=AXIS2_PLACEMENT_3D('',#12195,#12196,#12197);
#9565=CARTESIAN_POINT('',(-5.4267356175,-4.8,-8.778213999377));
#9566=AXIS2_PLACEMENT_3D('',#12198,#12199,#12200);
#9567=AXIS2_PLACEMENT_3D('',#12201,#12202,#12203);
#9568=AXIS2_PLACEMENT_3D('',#12204,#12205,#12206);
#9569=AXIS2_PLACEMENT_3D('',#12207,#12208,#12209);
#9570=CARTESIAN_POINT('',(5.398739146462,4.7,-1.716552894651));
#9571=CARTESIAN_POINT('',(5.398739146462,4.7,-0.7834471053487));
#9572=AXIS2_PLACEMENT_3D('',#12210,#12211,#12212);
#9573=CARTESIAN_POINT('',(5.29999999999,4.7,-1.721439543844));
#9574=AXIS2_PLACEMENT_3D('',#12213,#12214,#12215);
#9575=CARTESIAN_POINT('',(5.29999999999,4.7,-0.7785604561556));
#9576=AXIS2_PLACEMENT_3D('',#12216,#12217,#12218);
#9577=AXIS2_PLACEMENT_3D('',#12219,#12220,#12221);
#9578=AXIS2_PLACEMENT_3D('',#12222,#12223,#12224);
#9579=AXIS2_PLACEMENT_3D('',#12225,#12226,#12227);
#9580=CARTESIAN_POINT('',(5.4,4.2,-7.2184922528963));
#9581=CARTESIAN_POINT('',(5.4,4.2,-6.2815077471037));
#9582=AXIS2_PLACEMENT_3D('',#12228,#12229,#12230);
#9583=CARTESIAN_POINT('',(5.073264381544,4.2,-7.273726030413));
#9584=AXIS2_PLACEMENT_3D('',#12231,#12232,#12233);
#9585=CARTESIAN_POINT('',(5.073264381544,4.2,-6.226273969587));
#9586=AXIS2_PLACEMENT_3D('',#12234,#12235,#12236);
#9587=AXIS2_PLACEMENT_3D('',#12237,#12238,#12239);
#9588=AXIS2_PLACEMENT_3D('',#12240,#12241,#12242);
#9589=AXIS2_PLACEMENT_3D('',#12243,#12244,#12245);
#9590=CARTESIAN_POINT('',(5.4,2.8,-4.325));
#9591=CARTESIAN_POINT('',(5.4,2.8,-3.175));
#9592=AXIS2_PLACEMENT_3D('',#12246,#12247,#12248);
#9593=CARTESIAN_POINT('',(5.29999999999,2.8,-4.330012562894));
#9594=AXIS2_PLACEMENT_3D('',#12249,#12250,#12251);
#9595=CARTESIAN_POINT('',(5.29999999999,2.8,-3.169987437106));
#9596=AXIS2_PLACEMENT_3D('',#12252,#12253,#12254);
#9597=AXIS2_PLACEMENT_3D('',#12255,#12256,#12257);
#9598=AXIS2_PLACEMENT_3D('',#12258,#12259,#12260);
#9599=AXIS2_PLACEMENT_3D('',#12261,#12262,#12263);
#9600=CARTESIAN_POINT('',(5.400000000036,-4.8,-6.0229802220559));
#9601=CARTESIAN_POINT('',(5.400000000036,-4.8,-5.0770197779441));
#9602=AXIS2_PLACEMENT_3D('',#12264,#12265,#12266);
#9603=CARTESIAN_POINT('',(5.073264381544,-4.8,-6.078213999597));
#9604=AXIS2_PLACEMENT_3D('',#12267,#12268,#12269);
#9605=CARTESIAN_POINT('',(5.073264381544,-4.8,-5.021786000403));
#9606=AXIS2_PLACEMENT_3D('',#12270,#12271,#12272);
#9607=AXIS2_PLACEMENT_3D('',#12273,#12274,#12275);
#9608=AXIS2_PLACEMENT_3D('',#12276,#12277,#12278);
#9609=AXIS2_PLACEMENT_3D('',#12279,#12280,#12281);
#9610=CARTESIAN_POINT('',(5.400000000036,-4.8,-8.7229802220559));
#9611=CARTESIAN_POINT('',(5.400000000036,-4.8,-7.7770197779441));
#9612=AXIS2_PLACEMENT_3D('',#12282,#12283,#12284);
#9613=CARTESIAN_POINT('',(5.073264381544,-4.8,-8.778213999597));
#9614=AXIS2_PLACEMENT_3D('',#12285,#12286,#12287);
#9615=CARTESIAN_POINT('',(5.073264381544,-4.8,-7.721786000403));
#9616=AXIS2_PLACEMENT_3D('',#12288,#12289,#12290);
#9617=AXIS2_PLACEMENT_3D('',#12291,#12292,#12293);
#9618=AXIS2_PLACEMENT_3D('',#12294,#12295,#12296);
#9619=AXIS2_PLACEMENT_3D('',#12297,#12298,#12299);
#9620=CARTESIAN_POINT('',(1.6,-2.48515728748,-12.1781743646));
#9621=CARTESIAN_POINT('',(-0.9,-2.48515728748,-12.1781743646));
#9622=CARTESIAN_POINT('',(0.35,-2.48515728748,-12.1781743646));
#9623=VECTOR('',#12300,1.0);
#9624=CARTESIAN_POINT('',(1.6,-2.658362368214,-12.27817436456));
#9625=AXIS2_PLACEMENT_3D('',#12301,#12302,#12303);
#9626=CARTESIAN_POINT('',(-0.9,-2.65836236821,-12.27817436456));
#9627=CARTESIAN_POINT('',(-0.9,-2.65836236821,-12.27817436456));
#9628=VECTOR('',#12304,2.5);
#9629=AXIS2_PLACEMENT_3D('',#12305,#12306,#12307);
#9630=CARTESIAN_POINT('',(-1.9,-2.48515728748,-12.1781743646));
#9631=CARTESIAN_POINT('',(-4.4,-2.48515728748,-12.1781743646));
#9632=CARTESIAN_POINT('',(-3.15,-2.48515728748,-12.1781743646));
#9633=VECTOR('',#12308,1.0);
#9634=CARTESIAN_POINT('',(-1.9,-2.658362368214,-12.27817436456));
#9635=AXIS2_PLACEMENT_3D('',#12309,#12310,#12311);
#9636=CARTESIAN_POINT('',(-4.4,-2.65836236821,-12.27817436456));
#9637=CARTESIAN_POINT('',(-4.4,-2.65836236821,-12.27817436456));
#9638=VECTOR('',#12312,2.5);
#9639=AXIS2_PLACEMENT_3D('',#12313,#12314,#12315);
#9640=CARTESIAN_POINT('',(5.1,-2.48515728748,-12.1781743646));
#9641=CARTESIAN_POINT('',(2.6,-2.48515728748,-12.1781743646));
#9642=CARTESIAN_POINT('',(3.85,-2.48515728748,-12.1781743646));
#9643=VECTOR('',#12316,1.0);
#9644=CARTESIAN_POINT('',(5.1,-2.658362368214,-12.27817436456));
#9645=AXIS2_PLACEMENT_3D('',#12317,#12318,#12319);
#9646=CARTESIAN_POINT('',(2.6,-2.65836236821,-12.27817436456));
#9647=CARTESIAN_POINT('',(2.6,-2.65836236821,-12.27817436456));
#9648=VECTOR('',#12320,2.5);
#9649=AXIS2_PLACEMENT_3D('',#12321,#12322,#12323);
#9650=CARTESIAN_POINT('',(6.0,-4.150000017105,-9.392820327306));
#9651=CARTESIAN_POINT('',(5.3,-4.150000008553,-9.392820327306));
#9652=CARTESIAN_POINT('',(5.65,-4.150000017105,-9.392820327306));
#9653=VECTOR('',#12324,1.0);
#9654=CARTESIAN_POINT('',(6.0,-4.000000017166,-9.652627948406));
#9655=AXIS2_PLACEMENT_3D('',#12325,#12326,#12327);
#9656=CARTESIAN_POINT('',(5.3,-4.000000017166,-9.652627948406));
#9657=CARTESIAN_POINT('',(5.3,-4.000000017166,-9.652627948406));
#9658=VECTOR('',#12328,0.7);
#9659=AXIS2_PLACEMENT_3D('',#12329,#12330,#12331);
#9660=CARTESIAN_POINT('',(2.5,-4.150000008553,-9.392820327306));
#9661=CARTESIAN_POINT('',(1.8,-4.150000008553,-9.392820327306));
#9662=CARTESIAN_POINT('',(2.15,-4.150000017105,-9.392820327306));
#9663=VECTOR('',#12332,1.0);
#9664=CARTESIAN_POINT('',(2.5,-4.000000017166,-9.652627948406));
#9665=AXIS2_PLACEMENT_3D('',#12333,#12334,#12335);
#9666=CARTESIAN_POINT('',(1.8,-4.000000017166,-9.652627948406));
#9667=CARTESIAN_POINT('',(1.8,-4.000000017166,-9.652627948406));
#9668=VECTOR('',#12336,0.7);
#9669=AXIS2_PLACEMENT_3D('',#12337,#12338,#12339);
#9670=CARTESIAN_POINT('',(-1.0,-4.150000008553,-9.392820327306));
#9671=CARTESIAN_POINT('',(-1.7,-4.150000017105,-9.392820327306));
#9672=CARTESIAN_POINT('',(-1.35,-4.150000017105,-9.392820327306));
#9673=VECTOR('',#12340,1.0);
#9674=CARTESIAN_POINT('',(-1.0,-4.000000017166,-9.652627948406));
#9675=AXIS2_PLACEMENT_3D('',#12341,#12342,#12343);
#9676=CARTESIAN_POINT('',(-1.7,-4.000000017166,-9.652627948406));
#9677=CARTESIAN_POINT('',(-1.7,-4.000000017166,-9.652627948406));
#9678=VECTOR('',#12344,0.7);
#9679=AXIS2_PLACEMENT_3D('',#12345,#12346,#12347);
#9680=CARTESIAN_POINT('',(4.8,-3.35,2.100563199505));
#9681=CARTESIAN_POINT('',(4.0,-3.35,2.100563199505));
#9682=CARTESIAN_POINT('',(4.4,-3.35,2.100563199505));
#9683=VECTOR('',#12348,1.0);
#9684=CARTESIAN_POINT('',(4.8,-3.56,1.470563199505));
#9685=AXIS2_PLACEMENT_3D('',#12349,#12350,#12351);
#9686=CARTESIAN_POINT('',(4.0,-3.56,1.470563199505));
#9687=CARTESIAN_POINT('',(4.0,-3.56,1.470563199505));
#9688=VECTOR('',#12352,0.8);
#9689=AXIS2_PLACEMENT_3D('',#12353,#12354,#12355);
#9690=CARTESIAN_POINT('',(4.0,-3.75,2.100563199505));
#9691=CARTESIAN_POINT('',(4.8,-3.75,2.100563199505));
#9692=CARTESIAN_POINT('',(4.4,-3.75,2.100563199505));
#9693=VECTOR('',#12356,1.0);
#9694=CARTESIAN_POINT('',(4.0,-3.88,1.710563199505));
#9695=AXIS2_PLACEMENT_3D('',#12357,#12358,#12359);
#9696=CARTESIAN_POINT('',(4.8,-3.88,1.710563199505));
#9697=CARTESIAN_POINT('',(4.0,-3.88,1.710563199505));
#9698=VECTOR('',#12360,0.8);
#9699=AXIS2_PLACEMENT_3D('',#12361,#12362,#12363);
#9700=CARTESIAN_POINT('',(-2.2,-3.35,2.100563199505));
#9701=CARTESIAN_POINT('',(-3.0,-3.35,2.100563199505));
#9702=CARTESIAN_POINT('',(-2.6,-3.35,2.100563199505));
#9703=VECTOR('',#12364,1.0);
#9704=CARTESIAN_POINT('',(-2.2,-3.56,1.470563199505));
#9705=AXIS2_PLACEMENT_3D('',#12365,#12366,#12367);
#9706=CARTESIAN_POINT('',(-3.0,-3.56,1.470563199505));
#9707=CARTESIAN_POINT('',(-3.0,-3.56,1.470563199505));
#9708=VECTOR('',#12368,0.8);
#9709=AXIS2_PLACEMENT_3D('',#12369,#12370,#12371);
#9710=CARTESIAN_POINT('',(-3.0,-3.75,2.100563199505));
#9711=CARTESIAN_POINT('',(-2.2,-3.75,2.100563199505));
#9712=CARTESIAN_POINT('',(-2.6,-3.75,2.100563199505));
#9713=VECTOR('',#12372,1.0);
#9714=CARTESIAN_POINT('',(-3.0,-3.88,1.710563199505));
#9715=AXIS2_PLACEMENT_3D('',#12373,#12374,#12375);
#9716=CARTESIAN_POINT('',(-2.2,-3.88,1.710563199505));
#9717=CARTESIAN_POINT('',(-3.0,-3.88,1.710563199505));
#9718=VECTOR('',#12376,0.8);
#9719=AXIS2_PLACEMENT_3D('',#12377,#12378,#12379);
#9720=CARTESIAN_POINT('',(1.3,1.35,2.100562450249));
#9721=CARTESIAN_POINT('',(0.5,1.35,2.100562450249));
#9722=CARTESIAN_POINT('',(0.9,1.35,2.100562450249));
#9723=VECTOR('',#12380,1.0);
#9724=CARTESIAN_POINT('',(1.3,1.478048780488,1.598062749911));
#9725=AXIS2_PLACEMENT_3D('',#12381,#12382,#12383);
#9726=CARTESIAN_POINT('',(0.5,1.478048780488,1.598062749911));
#9727=CARTESIAN_POINT('',(0.5,1.478048780488,1.598062749911));
#9728=VECTOR('',#12384,0.8);
#9729=AXIS2_PLACEMENT_3D('',#12385,#12386,#12387);
#9730=CARTESIAN_POINT('',(0.5,0.95,2.100562450249));
#9731=CARTESIAN_POINT('',(1.3,0.95,2.100562450249));
#9732=CARTESIAN_POINT('',(0.9,0.95,2.100562450249));
#9733=VECTOR('',#12388,1.0);
#9734=CARTESIAN_POINT('',(0.5,1.126829268293,1.406634292639));
#9735=AXIS2_PLACEMENT_3D('',#12389,#12390,#12391);
#9736=CARTESIAN_POINT('',(1.3,1.126829268293,1.406634292639));
#9737=CARTESIAN_POINT('',(0.5,1.126829268293,1.406634292639));
#9738=VECTOR('',#12392,0.8);
#9739=AXIS2_PLACEMENT_3D('',#12393,#12394,#12395);
#9740=CARTESIAN_POINT('',(-3.4,5.25,0.00100000000000297));
#9741=CARTESIAN_POINT('',(-1.0,5.25,0.00100000000000297));
#9742=CARTESIAN_POINT('',(-3.4,5.25,0.00100000000000297));
#9743=VECTOR('',#12396,1.0);
#9744=CARTESIAN_POINT('',(-3.4,5.25000200804,0.0));
#9745=AXIS2_PLACEMENT_3D('',#12397,#12398,#12399);
#9746=CARTESIAN_POINT('',(-1.0,5.25000200804,0.0));
#9747=CARTESIAN_POINT('',(-3.4,5.25000200804,0.0));
#9748=VECTOR('',#12400,2.4);
#9749=AXIS2_PLACEMENT_3D('',#12401,#12402,#12403);
#9750=CARTESIAN_POINT('',(-1.0,-5.25,0.00100000000000303));
#9751=CARTESIAN_POINT('',(-3.4,-5.25,0.00100000000000303));
#9752=CARTESIAN_POINT('',(-3.4,-5.25,0.00100000000000303));
#9753=VECTOR('',#12404,1.0);
#9754=CARTESIAN_POINT('',(-1.0,-5.25000200804,0.0));
#9755=AXIS2_PLACEMENT_3D('',#12405,#12406,#12407);
#9756=CARTESIAN_POINT('',(-3.4,-5.25000200804,0.0));
#9757=CARTESIAN_POINT('',(-3.4,-5.25000200804,0.0));
#9758=VECTOR('',#12408,2.4);
#9759=AXIS2_PLACEMENT_3D('',#12409,#12410,#12411);
#9760=CARTESIAN_POINT('',(0.1,5.25,0.00100000000000297));
#9761=CARTESIAN_POINT('',(2.5,5.25,0.00100000000000297));
#9762=CARTESIAN_POINT('',(0.1,5.25,0.00100000000000297));
#9763=VECTOR('',#12412,1.0);
#9764=CARTESIAN_POINT('',(0.1,5.25000200804,0.0));
#9765=AXIS2_PLACEMENT_3D('',#12413,#12414,#12415);
#9766=CARTESIAN_POINT('',(2.5,5.25000200804,0.0));
#9767=CARTESIAN_POINT('',(0.1,5.25000200804,0.0));
#9768=VECTOR('',#12416,2.4);
#9769=AXIS2_PLACEMENT_3D('',#12417,#12418,#12419);
#9770=CARTESIAN_POINT('',(2.5,-5.25,0.00100000000000303));
#9771=CARTESIAN_POINT('',(0.1,-5.25,0.00100000000000303));
#9772=CARTESIAN_POINT('',(0.1,-5.25,0.00100000000000303));
#9773=VECTOR('',#12420,1.0);
#9774=CARTESIAN_POINT('',(2.5,-5.25000200804,0.0));
#9775=AXIS2_PLACEMENT_3D('',#12421,#12422,#12423);
#9776=CARTESIAN_POINT('',(0.1,-5.25000200804,0.0));
#9777=CARTESIAN_POINT('',(0.1,-5.25000200804,0.0));
#9778=VECTOR('',#12424,2.4);
#9779=AXIS2_PLACEMENT_3D('',#12425,#12426,#12427);
#9780=CARTESIAN_POINT('',(3.6,5.25,0.00100000000000297));
#9781=CARTESIAN_POINT('',(6.0,5.25,0.00100000000000297));
#9782=CARTESIAN_POINT('',(3.6,5.25,0.00100000000000297));
#9783=VECTOR('',#12428,1.0);
#9784=CARTESIAN_POINT('',(3.6,5.25000200804,0.0));
#9785=AXIS2_PLACEMENT_3D('',#12429,#12430,#12431);
#9786=CARTESIAN_POINT('',(6.0,5.25000200804,0.0));
#9787=CARTESIAN_POINT('',(3.6,5.25000200804,0.0));
#9788=VECTOR('',#12432,2.4);
#9789=AXIS2_PLACEMENT_3D('',#12433,#12434,#12435);
#9790=CARTESIAN_POINT('',(6.0,-5.25,0.00100000000000303));
#9791=CARTESIAN_POINT('',(3.6,-5.25,0.00100000000000303));
#9792=CARTESIAN_POINT('',(3.6,-5.25,0.00100000000000303));
#9793=VECTOR('',#12436,1.0);
#9794=CARTESIAN_POINT('',(6.0,-5.25000200804,0.0));
#9795=AXIS2_PLACEMENT_3D('',#12437,#12438,#12439);
#9796=CARTESIAN_POINT('',(3.6,-5.25000200804,0.0));
#9797=CARTESIAN_POINT('',(3.6,-5.25000200804,0.0));
#9798=VECTOR('',#12440,2.4);
#9799=AXIS2_PLACEMENT_3D('',#12441,#12442,#12443);
#9800=CARTESIAN_POINT('',(-6.0,-5.333566835273,-10.92101007166));
#9801=CARTESIAN_POINT('',(-6.0,-4.86372052488,-11.25));
#9802=AXIS2_PLACEMENT_3D('',#12444,#12445,#12446);
#9803=CARTESIAN_POINT('',(-6.0,-5.969846310393,-9.172846581309));
#9804=CARTESIAN_POINT('',(-6.0,-5.969846310393,-9.172846581309));
#9805=VECTOR('',#12447,1.860356729089);
#9806=CARTESIAN_POINT('',(-6.0,-6.0,-9.001836509646));
#9807=AXIS2_PLACEMENT_3D('',#12448,#12449,#12450);
#9808=CARTESIAN_POINT('',(-6.0,-6.0,-5.25));
#9809=CARTESIAN_POINT('',(-6.0,-6.0,-5.25));
#9810=VECTOR('',#12451,3.751836509646);
#9811=CARTESIAN_POINT('',(-6.0,-5.8,-5.25));
#9812=CARTESIAN_POINT('',(-6.0,-5.8,-5.25));
#9813=VECTOR('',#12452,0.2);
#9814=CARTESIAN_POINT('',(-6.0,-5.8,-3.75));
#9815=CARTESIAN_POINT('',(-6.0,-5.8,-3.75));
#9816=VECTOR('',#12453,1.5);
#9817=CARTESIAN_POINT('',(-6.0,-6.0,-3.75));
#9818=CARTESIAN_POINT('',(-6.0,-6.0,-3.75));
#9819=VECTOR('',#12454,0.2);
#9820=CARTESIAN_POINT('',(-6.0,-6.0,0.0));
#9821=CARTESIAN_POINT('',(-6.0,-6.0,0.0));
#9822=VECTOR('',#12455,3.75);
#9823=CARTESIAN_POINT('',(-6.0,6.0,0.0));
#9824=CARTESIAN_POINT('',(-6.0,6.0,0.0));
#9825=VECTOR('',#12456,12.0);
#9826=CARTESIAN_POINT('',(-6.0,6.0,-6.202893218748));
#9827=CARTESIAN_POINT('',(-6.0,6.0,-6.202893218748));
#9828=VECTOR('',#12457,6.202893218748);
#9829=CARTESIAN_POINT('',(-6.0,5.853553390593,-6.556446609341));
#9830=AXIS2_PLACEMENT_3D('',#12458,#12459,#12460);
#9831=CARTESIAN_POINT('',(-6.0,1.306446609341,-11.10355339059));
#9832=CARTESIAN_POINT('',(-6.0,1.306446609341,-11.10355339059));
#9833=VECTOR('',#12461,6.430580079605);
#9834=CARTESIAN_POINT('',(-6.0,0.9528932187481,-11.25));
#9835=AXIS2_PLACEMENT_3D('',#12462,#12463,#12464);
#9836=CARTESIAN_POINT('',(-6.0,0.9528932187481,-11.25));
#9837=VECTOR('',#12465,5.816613743628);
#9838=CARTESIAN_POINT('',(-6.0,-4.8,-7.894894382219));
#9839=CARTESIAN_POINT('',(-6.0,-4.8,-8.605105617781));
#9840=AXIS2_PLACEMENT_3D('',#12466,#12467,#12468);
#9841=AXIS2_PLACEMENT_3D('',#12469,#12470,#12471);
#9842=CARTESIAN_POINT('',(-6.0,-4.8,-5.194894382219));
#9843=CARTESIAN_POINT('',(-6.0,-4.8,-5.905105617781));
#9844=AXIS2_PLACEMENT_3D('',#12472,#12473,#12474);
#9845=AXIS2_PLACEMENT_3D('',#12475,#12476,#12477);
#9846=CARTESIAN_POINT('',(-6.0,2.8,-3.245619193346));
#9847=CARTESIAN_POINT('',(-6.0,2.8,-4.254380806654));
#9848=AXIS2_PLACEMENT_3D('',#12478,#12479,#12480);
#9849=AXIS2_PLACEMENT_3D('',#12481,#12482,#12483);
#9850=CARTESIAN_POINT('',(-6.0,4.2,-6.399379250711));
#9851=CARTESIAN_POINT('',(-6.0,4.2,-7.100620749289));
#9852=AXIS2_PLACEMENT_3D('',#12484,#12485,#12486);
#9853=AXIS2_PLACEMENT_3D('',#12487,#12488,#12489);
#9854=CARTESIAN_POINT('',(-6.0,4.7,-0.8993823511824));
#9855=CARTESIAN_POINT('',(-6.0,4.7,-1.600617648818));
#9856=AXIS2_PLACEMENT_3D('',#12490,#12491,#12492);
#9857=AXIS2_PLACEMENT_3D('',#12493,#12494,#12495);
#9858=CARTESIAN_POINT('',(5.15,0.9528932187481,-11.25));
#9859=CARTESIAN_POINT('',(6.0,0.9528932187481,-11.25));
#9860=CARTESIAN_POINT('',(5.15,0.9528932187481,-11.25));
#9861=VECTOR('',#12496,0.85);
#9862=CARTESIAN_POINT('',(6.0,0.2871067814205,-11.25));
#9863=CARTESIAN_POINT('',(6.0,0.2871067814205,-11.25));
#9864=VECTOR('',#12497,0.6657864373276);
#9865=CARTESIAN_POINT('',(5.15,0.2871067814205,-11.25));
#9866=CARTESIAN_POINT('',(5.15,0.2871067814205,-11.25));
#9867=VECTOR('',#12498,0.85);
#9868=CARTESIAN_POINT('',(5.15,0.2871067814205,-11.25));
#9869=VECTOR('',#12499,0.6657864373276);
#9870=CARTESIAN_POINT('',(1.65,0.2871067814205,-11.25));
#9871=CARTESIAN_POINT('',(3.35,0.2871067814205,-11.25));
#9872=CARTESIAN_POINT('',(1.65,0.2871067814205,-11.25));
#9873=VECTOR('',#12500,1.7);
#9874=CARTESIAN_POINT('',(1.65,0.9528932187481,-11.25));
#9875=CARTESIAN_POINT('',(1.65,0.2871067814205,-11.25));
#9876=VECTOR('',#12501,0.6657864373276);
#9877=CARTESIAN_POINT('',(3.35,0.9528932187481,-11.25));
#9878=CARTESIAN_POINT('',(1.65,0.9528932187481,-11.25));
#9879=VECTOR('',#12502,1.7);
#9880=CARTESIAN_POINT('',(3.35,0.2871067814205,-11.25));
#9881=VECTOR('',#12503,0.6657864373276);
#9882=CARTESIAN_POINT('',(-1.85,0.2871067814205,-11.25));
#9883=CARTESIAN_POINT('',(-0.15,0.2871067814205,-11.25));
#9884=CARTESIAN_POINT('',(-1.85,0.2871067814205,-11.25));
#9885=VECTOR('',#12504,1.7);
#9886=CARTESIAN_POINT('',(-1.85,0.9528932187481,-11.25));
#9887=CARTESIAN_POINT('',(-1.85,0.2871067814205,-11.25));
#9888=VECTOR('',#12505,0.6657864373276);
#9889=CARTESIAN_POINT('',(-0.15,0.9528932187481,-11.25));
#9890=CARTESIAN_POINT('',(-1.85,0.9528932187481,-11.25));
#9891=VECTOR('',#12506,1.7);
#9892=CARTESIAN_POINT('',(-0.15,0.2871067814205,-11.25));
#9893=VECTOR('',#12507,0.6657864373276);
#9894=CARTESIAN_POINT('',(-4.5,-3.45,-11.25));
#9895=CARTESIAN_POINT('',(-4.5,-1.3,-11.25));
#9896=CARTESIAN_POINT('',(-4.5,-3.45,-11.25));
#9897=VECTOR('',#12508,2.15);
#9898=CARTESIAN_POINT('',(-4.4,-3.55,-11.25));
#9899=AXIS2_PLACEMENT_3D('',#12509,#12510,#12511);
#9900=CARTESIAN_POINT('',(-4.5,-3.55,-11.25));
#9901=CARTESIAN_POINT('',(-4.4,-3.55,-11.25));
#9902=VECTOR('',#12512,0.1);
#9903=CARTESIAN_POINT('',(-4.5,-4.65,-11.25));
#9904=CARTESIAN_POINT('',(-4.5,-3.55,-11.25));
#9905=VECTOR('',#12513,1.1);
#9906=CARTESIAN_POINT('',(-1.7,-4.65,-11.25));
#9907=CARTESIAN_POINT('',(-4.5,-4.65,-11.25));
#9908=VECTOR('',#12514,2.8);
#9909=CARTESIAN_POINT('',(-1.7,-3.3,-11.25));
#9910=CARTESIAN_POINT('',(-1.7,-3.3,-11.25));
#9911=VECTOR('',#12515,1.35);
#9912=CARTESIAN_POINT('',(-1.0,-3.3,-11.25));
#9913=CARTESIAN_POINT('',(-1.7,-3.3,-11.25));
#9914=VECTOR('',#12516,0.7);
#9915=CARTESIAN_POINT('',(-1.0,-3.45,-11.25));
#9916=CARTESIAN_POINT('',(-1.0,-3.3,-11.25));
#9917=VECTOR('',#12517,0.15);
#9918=CARTESIAN_POINT('',(-0.9,-3.55,-11.25));
#9919=AXIS2_PLACEMENT_3D('',#12518,#12519,#12520);
#9920=CARTESIAN_POINT('',(-1.0,-3.55,-11.25));
#9921=CARTESIAN_POINT('',(-0.9,-3.55,-11.25));
#9922=VECTOR('',#12521,0.1);
#9923=CARTESIAN_POINT('',(-1.0,-4.65,-11.25));
#9924=CARTESIAN_POINT('',(-1.0,-3.55,-11.25));
#9925=VECTOR('',#12522,1.1);
#9926=CARTESIAN_POINT('',(1.8,-4.65,-11.25));
#9927=CARTESIAN_POINT('',(-1.0,-4.65,-11.25));
#9928=VECTOR('',#12523,2.8);
#9929=CARTESIAN_POINT('',(1.8,-3.3,-11.25));
#9930=CARTESIAN_POINT('',(1.8,-3.3,-11.25));
#9931=VECTOR('',#12524,1.35);
#9932=CARTESIAN_POINT('',(2.5,-3.3,-11.25));
#9933=CARTESIAN_POINT('',(1.8,-3.3,-11.25));
#9934=VECTOR('',#12525,0.7);
#9935=CARTESIAN_POINT('',(2.5,-3.45,-11.25));
#9936=CARTESIAN_POINT('',(2.5,-3.3,-11.25));
#9937=VECTOR('',#12526,0.15);
#9938=CARTESIAN_POINT('',(2.6,-3.55,-11.25));
#9939=AXIS2_PLACEMENT_3D('',#12527,#12528,#12529);
#9940=CARTESIAN_POINT('',(2.5,-3.55,-11.25));
#9941=CARTESIAN_POINT('',(2.6,-3.55,-11.25));
#9942=VECTOR('',#12530,0.1);
#9943=CARTESIAN_POINT('',(2.5,-4.65,-11.25));
#9944=CARTESIAN_POINT('',(2.5,-3.55,-11.25));
#9945=VECTOR('',#12531,1.1);
#9946=CARTESIAN_POINT('',(5.3,-4.65,-11.25));
#9947=CARTESIAN_POINT('',(2.5,-4.65,-11.25));
#9948=VECTOR('',#12532,2.8);
#9949=CARTESIAN_POINT('',(5.3,-3.3,-11.25));
#9950=CARTESIAN_POINT('',(5.3,-3.3,-11.25));
#9951=VECTOR('',#12533,1.35);
#9952=CARTESIAN_POINT('',(6.0,-3.3,-11.25));
#9953=CARTESIAN_POINT('',(5.3,-3.3,-11.25));
#9954=VECTOR('',#12534,0.7);
#9955=CARTESIAN_POINT('',(6.0,-4.86372052488,-11.25));
#9956=CARTESIAN_POINT('',(6.0,-4.86372052488,-11.25));
#9957=VECTOR('',#12535,1.56372052488);
#9958=CARTESIAN_POINT('',(-6.0,-4.86372052488,-11.25));
#9959=VECTOR('',#12536,12.0);
#9960=CARTESIAN_POINT('',(-3.65,0.9528932187481,-11.25));
#9961=CARTESIAN_POINT('',(-6.0,0.9528932187481,-11.25));
#9962=VECTOR('',#12537,2.35);
#9963=CARTESIAN_POINT('',(-3.65,0.2871067814205,-11.25));
#9964=CARTESIAN_POINT('',(-3.65,0.2871067814205,-11.25));
#9965=VECTOR('',#12538,0.6657864373276);
#9966=CARTESIAN_POINT('',(-4.5,0.2871067814205,-11.25));
#9967=CARTESIAN_POINT('',(-4.5,0.2871067814205,-11.25));
#9968=VECTOR('',#12539,0.85);
#9969=CARTESIAN_POINT('',(-4.5,0.2871067814205,-11.25));
#9970=VECTOR('',#12540,1.58710678142);
#9971=CARTESIAN_POINT('',(5.15,1.306446609341,-11.10355339059));
#9972=CARTESIAN_POINT('',(5.15,1.734150783376,-10.67584921656));
#9973=CARTESIAN_POINT('',(5.15,1.306446609341,-11.10355339059));
#9974=VECTOR('',#12541,0.604865043603);
#9975=AXIS2_PLACEMENT_3D('',#12542,#12543,#12544);
#9976=CARTESIAN_POINT('',(5.15,-0.06644660917279,-11.10355339059));
#9977=AXIS2_PLACEMENT_3D('',#12545,#12546,#12547);
#9978=CARTESIAN_POINT('',(5.15,-0.5198463103926,-10.65015368937));
#9979=CARTESIAN_POINT('',(5.15,-0.06644660917279,-11.10355339059));
#9980=VECTOR('',#12548,0.641204006641);
#9981=CARTESIAN_POINT('',(5.15,-0.5198463103926,-8.421852122791));
#9982=CARTESIAN_POINT('',(5.15,-0.5198463103926,-8.421852122791));
#9983=VECTOR('',#12549,2.228301566583);
#9984=CARTESIAN_POINT('',(5.15,-0.5198463103926,-8.421852122791));
#9985=VECTOR('',#12550,3.187633259557);
#9986=CARTESIAN_POINT('',(5.725,2.560475477428,-9.849524522507));
#9987=AXIS2_PLACEMENT_3D('',#12551,#12552,#12553);
#9988=CARTESIAN_POINT('',(3.35,-0.5198463103926,-8.421852122791));
#9989=CARTESIAN_POINT('',(5.15,-0.5198463103926,-8.421852122791));
#9990=CARTESIAN_POINT('',(5.075,-0.5198463103926,-8.503539140601));
#9991=CARTESIAN_POINT('',(4.925,-0.5198463103926,-8.635243436348));
#9992=CARTESIAN_POINT('',(4.625,-0.5198463103926,-8.808116007348));
#9993=CARTESIAN_POINT('',(4.25,-0.5198463103926,-8.886535560413));
#9994=CARTESIAN_POINT('',(3.875,-0.5198463103926,-8.808116007348));
#9995=CARTESIAN_POINT('',(3.575,-0.5198463103926,-8.635243436348));
#9996=CARTESIAN_POINT('',(3.425,-0.5198463103926,-8.503539140601));
#9997=CARTESIAN_POINT('',(3.35,-0.5198463103926,-8.421852122791));
#9998=CARTESIAN_POINT('',(3.35,1.734150783376,-10.67584921656));
#9999=CARTESIAN_POINT('',(3.35,-0.5198463103926,-8.421852122791));
#10000=VECTOR('',#12554,3.187633259557);
#10001=CARTESIAN_POINT('',(2.775,2.560475477428,-9.849524522507));
#10002=AXIS2_PLACEMENT_3D('',#12555,#12556,#12557);
#10003=CARTESIAN_POINT('',(2.775,0.1563124213933,-7.445361466473));
#10004=CARTESIAN_POINT('',(2.775,2.560475477428,-9.849524522507));
#10005=VECTOR('',#12558,3.4);
#10006=CARTESIAN_POINT('',(5.725,0.1563124213933,-7.445361466473));
#10007=AXIS2_PLACEMENT_3D('',#12559,#12560,#12561);
#10008=CARTESIAN_POINT('',(5.725,2.560475477428,-9.849524522507));
#10009=VECTOR('',#12562,3.4);
#10010=CARTESIAN_POINT('',(3.199295909217,0.8883117088289,-6.713362179037));
#10011=AXIS2_PLACEMENT_3D('',#12563,#12564,#12565);
#10012=AXIS2_PLACEMENT_3D('',#12566,#12567,#12568);
#10013=CARTESIAN_POINT('',(5.300352045391,0.8884556418604,-6.713218246006));
#10014=AXIS2_PLACEMENT_3D('',#12569,#12570,#12571);
#10015=CARTESIAN_POINT('',(3.199295909217,0.8883117088289,-6.713362179037));
#10016=CARTESIAN_POINT('',(3.286854583449,0.9931989241899,-6.692568592821));
#10017=CARTESIAN_POINT('',(3.461971931913,1.152758948587,-6.660936280793));
#10018=CARTESIAN_POINT('',(3.812206628841,1.354651167846,-6.62091173392));
#10019=CARTESIAN_POINT('',(4.25,1.442524703451,-6.603491060367));
#10020=CARTESIAN_POINT('',(4.687793371159,1.354651167846,-6.62091173392));
#10021=CARTESIAN_POINT('',(5.03795330820591,1.1528020437984,-6.66092773729234));
#10022=CARTESIAN_POINT('',(5.21299589678882,0.993335150020122,-6.69254158644529));
#10023=CARTESIAN_POINT('',(5.30047981113974,0.888580320249808,-6.71330892760194));
#10024=CARTESIAN_POINT('',(5.3,-1.051980515339,-7.098019484595));
#10025=CARTESIAN_POINT('',(5.300352045391,0.8884556418604,-6.713218246006));
#10026=VECTOR('',#12572,1.978222585384);
#10027=CARTESIAN_POINT('',(3.8,-1.051980515339,-7.098019484595));
#10028=CARTESIAN_POINT('',(5.3,-1.051980515339,-7.098019484595));
#10029=VECTOR('',#12573,1.5);
#10030=CARTESIAN_POINT('',(3.8,0.339262314416,-6.822209628943));
#10031=CARTESIAN_POINT('',(3.8,0.339262314416,-6.822209628943));
#10032=VECTOR('',#12574,1.418318612943);
#10033=CARTESIAN_POINT('',(3.583072129313,0.8883117088289,-6.713362179037));
#10034=CARTESIAN_POINT('',(3.8,0.339262314416,-6.822209628943));
#10035=VECTOR('',#12575,0.600300513024);
#10036=CARTESIAN_POINT('',(3.199295909217,0.8883117088289,-6.713362179037));
#10037=VECTOR('',#12576,0.383776220096);
#10038=CARTESIAN_POINT('',(3.8,0.0516738878661,-7.55));
#10039=CARTESIAN_POINT('',(3.8,0.5593632866695,-7.042310601197));
#10040=CARTESIAN_POINT('',(3.8,0.0516738878661,-7.55));
#10041=VECTOR('',#12577,0.7179812332609);
#10042=CARTESIAN_POINT('',(3.35,0.0516738878661,-7.55));
#10043=CARTESIAN_POINT('',(3.35,0.0516738878661,-7.55));
#10044=VECTOR('',#12578,0.45);
#10045=CARTESIAN_POINT('',(3.35,-0.5198463103926,-8.121520198259));
#10046=CARTESIAN_POINT('',(3.35,0.0516738878661,-7.55));
#10047=VECTOR('',#12579,0.8082516155477);
#10048=CARTESIAN_POINT('',(5.15,-0.5198463103926,-8.121520198259));
#10049=CARTESIAN_POINT('',(3.35,-0.5198463103926,-8.121520198259));
#10050=VECTOR('',#12580,1.8);
#10051=CARTESIAN_POINT('',(5.15,-0.3952308679323,-7.996904755798));
#10052=CARTESIAN_POINT('',(5.15,-0.3952308679323,-7.996904755798));
#10053=VECTOR('',#12581,0.1762328488086);
#10054=CARTESIAN_POINT('',(5.3,-0.3952308679323,-7.996904755798));
#10055=CARTESIAN_POINT('',(5.15,-0.3952308679323,-7.996904755798));
#10056=VECTOR('',#12582,0.15);
#10057=CARTESIAN_POINT('',(5.3,-0.3952308679323,-7.996904755798));
#10058=VECTOR('',#12583,1.815406906119);
#10059=CARTESIAN_POINT('',(3.8,0.5593632866695,-7.042310601197));
#10060=VECTOR('',#12584,0.5132950710488);
#10061=CARTESIAN_POINT('',(3.8,0.339262314416,-6.822209628943));
#10062=VECTOR('',#12585,0.3112697800524);
#10063=CARTESIAN_POINT('',(3.8,-1.173048327237,-7.219087296493));
#10064=CARTESIAN_POINT('',(3.8,-1.173048327237,-7.219087296493));
#10065=VECTOR('',#12586,0.1712157415533);
#10066=CARTESIAN_POINT('',(3.8,-0.5198463103926,-7.872289313338));
#10067=CARTESIAN_POINT('',(3.8,-1.173048327237,-7.219087296493));
#10068=VECTOR('',#12587,0.9237671511914);
#10069=CARTESIAN_POINT('',(3.8,-0.5198463103926,-7.55));
#10070=CARTESIAN_POINT('',(3.8,-0.5198463103926,-7.872289313338));
#10071=VECTOR('',#12588,0.322289313338);
#10072=CARTESIAN_POINT('',(3.8,0.0516738878661,-7.55));
#10073=VECTOR('',#12589,0.5715201982587);
#10074=CARTESIAN_POINT('',(3.35,-0.5198463103926,-7.55));
#10075=CARTESIAN_POINT('',(3.35,-0.5198463103926,-7.55));
#10076=VECTOR('',#12590,0.45);
#10077=CARTESIAN_POINT('',(3.35,0.0516738878661,-7.55));
#10078=VECTOR('',#12591,0.5715201982587);
#10079=CARTESIAN_POINT('',(3.35,-0.5198463103926,-7.55));
#10080=VECTOR('',#12592,0.5715201982587);
#10081=CARTESIAN_POINT('',(5.15,-0.5198463103926,-7.872289313338));
#10082=CARTESIAN_POINT('',(3.8,-0.5198463103926,-7.872289313338));
#10083=VECTOR('',#12593,1.35);
#10084=CARTESIAN_POINT('',(5.15,-0.5198463103926,-7.872289313338));
#10085=VECTOR('',#12594,0.2492308849207);
#10086=CARTESIAN_POINT('',(5.15,-0.3952308679323,-7.996904755798));
#10087=VECTOR('',#12595,0.1762328488086);
#10088=CARTESIAN_POINT('',(5.3,-1.173048327237,-7.219087296493));
#10089=CARTESIAN_POINT('',(5.3,-1.173048327237,-7.219087296493));
#10090=VECTOR('',#12596,1.5);
#10091=CARTESIAN_POINT('',(5.3,-1.173048327237,-7.219087296493));
#10092=VECTOR('',#12597,1.1);
#10093=CARTESIAN_POINT('',(5.3,-1.173048327237,-7.219087296493));
#10094=VECTOR('',#12598,0.1712157415533);
#10095=CARTESIAN_POINT('',(3.35,1.306446609341,-11.10355339059));
#10096=CARTESIAN_POINT('',(3.35,1.306446609341,-11.10355339059));
#10097=VECTOR('',#12599,0.604865043603);
#10098=CARTESIAN_POINT('',(1.65,1.306446609341,-11.10355339059));
#10099=CARTESIAN_POINT('',(1.65,1.306446609341,-11.10355339059));
#10100=VECTOR('',#12600,1.7);
#10101=CARTESIAN_POINT('',(1.65,1.734150783376,-10.67584921656));
#10102=CARTESIAN_POINT('',(1.65,1.306446609341,-11.10355339059));
#10103=VECTOR('',#12601,0.604865043603);
#10104=CARTESIAN_POINT('',(2.225,2.560475477428,-9.849524522507));
#10105=AXIS2_PLACEMENT_3D('',#12602,#12603,#12604);
#10106=CARTESIAN_POINT('',(-0.725,2.560475477428,-9.849524522507));
#10107=AXIS2_PLACEMENT_3D('',#12605,#12606,#12607);
#10108=CARTESIAN_POINT('',(-0.15,1.734150783376,-10.67584921656));
#10109=AXIS2_PLACEMENT_3D('',#12608,#12609,#12610);
#10110=CARTESIAN_POINT('',(-0.15,1.306446609341,-11.10355339059));
#10111=CARTESIAN_POINT('',(-0.15,1.306446609341,-11.10355339059));
#10112=VECTOR('',#12611,0.604865043603);
#10113=CARTESIAN_POINT('',(-1.85,1.306446609341,-11.10355339059));
#10114=CARTESIAN_POINT('',(-1.85,1.306446609341,-11.10355339059));
#10115=VECTOR('',#12612,1.7);
#10116=CARTESIAN_POINT('',(-1.85,1.734150783376,-10.67584921656));
#10117=CARTESIAN_POINT('',(-1.85,1.306446609341,-11.10355339059));
#10118=VECTOR('',#12613,0.604865043603);
#10119=CARTESIAN_POINT('',(-1.275,2.560475477428,-9.849524522507));
#10120=AXIS2_PLACEMENT_3D('',#12614,#12615,#12616);
#10121=CARTESIAN_POINT('',(-4.225,2.560475477428,-9.849524522507));
#10122=AXIS2_PLACEMENT_3D('',#12617,#12618,#12619);
#10123=CARTESIAN_POINT('',(-3.65,1.734150783376,-10.67584921656));
#10124=AXIS2_PLACEMENT_3D('',#12620,#12621,#12622);
#10125=CARTESIAN_POINT('',(-3.65,1.306446609341,-11.10355339059));
#10126=CARTESIAN_POINT('',(-3.65,1.306446609341,-11.10355339059));
#10127=VECTOR('',#12623,0.604865043603);
#10128=CARTESIAN_POINT('',(-6.0,1.306446609341,-11.10355339059));
#10129=VECTOR('',#12624,2.35);
#10130=CARTESIAN_POINT('',(6.0,5.853553390593,-6.556446609341));
#10131=CARTESIAN_POINT('',(-6.0,5.853553390593,-6.556446609341));
#10132=VECTOR('',#12625,12.0);
#10133=CARTESIAN_POINT('',(6.0,1.306446609341,-11.10355339059));
#10134=CARTESIAN_POINT('',(6.0,1.306446609341,-11.10355339059));
#10135=VECTOR('',#12626,6.430580079605);
#10136=CARTESIAN_POINT('',(5.15,1.306446609341,-11.10355339059));
#10137=VECTOR('',#12627,0.85);
#10138=AXIS2_PLACEMENT_3D('',#12628,#12629,#12630);
#10139=AXIS2_PLACEMENT_3D('',#12631,#12632,#12633);
#10140=AXIS2_PLACEMENT_3D('',#12634,#12635,#12636);
#10141=AXIS2_PLACEMENT_3D('',#12637,#12638,#12639);
#10142=AXIS2_PLACEMENT_3D('',#12640,#12641,#12642);
#10143=AXIS2_PLACEMENT_3D('',#12643,#12644,#12645);
#10144=CARTESIAN_POINT('',(-3.65,-0.5198463103926,-8.421852122791));
#10145=CARTESIAN_POINT('',(-3.65,-0.5198463103926,-10.65015368937));
#10146=CARTESIAN_POINT('',(-3.65,-0.5198463103926,-8.421852122791));
#10147=VECTOR('',#12646,2.228301566583);
#10148=CARTESIAN_POINT('',(-3.65,-0.06644660917279,-11.10355339059));
#10149=CARTESIAN_POINT('',(-3.65,-0.06644660917279,-11.10355339059));
#10150=VECTOR('',#12647,0.641204006641);
#10151=AXIS2_PLACEMENT_3D('',#12648,#12649,#12650);
#10152=CARTESIAN_POINT('',(-3.65,-0.5198463103926,-8.421852122791));
#10153=VECTOR('',#12651,3.187633259557);
#10154=CARTESIAN_POINT('',(-1.85,-0.5198463103926,-8.421852122791));
#10155=CARTESIAN_POINT('',(-1.85,-0.5198463103926,-8.421852122791));
#10156=VECTOR('',#12652,3.187633259557);
#10157=CARTESIAN_POINT('',(-1.85,-0.5198463103926,-8.421852122791));
#10158=CARTESIAN_POINT('',(-1.925,-0.5198463103926,-8.503539140601));
#10159=CARTESIAN_POINT('',(-2.075,-0.5198463103926,-8.635243436348));
#10160=CARTESIAN_POINT('',(-2.375,-0.5198463103926,-8.808116007348));
#10161=CARTESIAN_POINT('',(-2.75,-0.5198463103926,-8.886535560413));
#10162=CARTESIAN_POINT('',(-3.125,-0.5198463103926,-8.808116007348));
#10163=CARTESIAN_POINT('',(-3.425,-0.5198463103926,-8.635243436348));
#10164=CARTESIAN_POINT('',(-3.575,-0.5198463103926,-8.503539140601));
#10165=CARTESIAN_POINT('',(-3.65,-0.5198463103926,-8.421852122791));
#10166=CARTESIAN_POINT('',(-4.225,0.1563124213933,-7.445361466473));
#10167=CARTESIAN_POINT('',(-4.225,2.560475477428,-9.849524522507));
#10168=VECTOR('',#12653,3.4);
#10169=CARTESIAN_POINT('',(-1.275,0.1563124213933,-7.445361466473));
#10170=AXIS2_PLACEMENT_3D('',#12654,#12655,#12656);
#10171=CARTESIAN_POINT('',(-1.275,2.560475477428,-9.849524522507));
#10172=VECTOR('',#12657,3.4);
#10173=CARTESIAN_POINT('',(-3.800704090783,0.8883117088289,-6.713362179037));
#10174=AXIS2_PLACEMENT_3D('',#12658,#12659,#12660);
#10175=CARTESIAN_POINT('',(-1.699647954609,0.8884556442194,-6.713218243647));
#10176=AXIS2_PLACEMENT_3D('',#12661,#12662,#12663);
#10177=CARTESIAN_POINT('',(-3.800704090783,0.8883117088289,-6.713362179037));
#10178=CARTESIAN_POINT('',(-3.713145416551,0.9931989241899,-6.692568592821));
#10179=CARTESIAN_POINT('',(-3.538028068087,1.152758948587,-6.660936280793));
#10180=CARTESIAN_POINT('',(-3.187793371159,1.354651167846,-6.62091173392));
#10181=CARTESIAN_POINT('',(-2.75,1.442524703451,-6.603491060367));
#10182=CARTESIAN_POINT('',(-2.312206628841,1.354651167846,-6.62091173392));
#10183=CARTESIAN_POINT('',(-1.96204669224721,1.1528020440596,-6.66092773724056));
#10184=CARTESIAN_POINT('',(-1.78700410411741,0.99333515084572,-6.69254158628161));
#10185=CARTESIAN_POINT('',(-1.69952019021962,0.888580321877526,-6.71330892727925));
#10186=CARTESIAN_POINT('',(-1.7,-1.051980515339,-7.098019484595));
#10187=CARTESIAN_POINT('',(-1.699647954609,0.8884556442194,-6.713218243647));
#10188=VECTOR('',#12664,1.978222588157);
#10189=CARTESIAN_POINT('',(-3.2,-1.051980515339,-7.098019484595));
#10190=CARTESIAN_POINT('',(-1.7,-1.051980515339,-7.098019484595));
#10191=VECTOR('',#12665,1.5);
#10192=CARTESIAN_POINT('',(-3.2,0.339262314416,-6.822209628943));
#10193=CARTESIAN_POINT('',(-3.2,0.339262314416,-6.822209628943));
#10194=VECTOR('',#12666,1.418318612943);
#10195=CARTESIAN_POINT('',(-3.416927870687,0.8883117088289,-6.713362179037));
#10196=CARTESIAN_POINT('',(-3.2,0.339262314416,-6.822209628943));
#10197=VECTOR('',#12667,0.600300513024);
#10198=CARTESIAN_POINT('',(-3.800704090783,0.8883117088289,-6.713362179037));
#10199=VECTOR('',#12668,0.383776220096);
#10200=CARTESIAN_POINT('',(-3.2,0.0516738878661,-7.55));
#10201=CARTESIAN_POINT('',(-3.2,0.5593632866695,-7.042310601197));
#10202=CARTESIAN_POINT('',(-3.2,0.0516738878661,-7.55));
#10203=VECTOR('',#12669,0.7179812332609);
#10204=CARTESIAN_POINT('',(-3.65,0.0516738878661,-7.55));
#10205=CARTESIAN_POINT('',(-3.65,0.0516738878661,-7.55));
#10206=VECTOR('',#12670,0.45);
#10207=CARTESIAN_POINT('',(-3.65,-0.5198463103926,-8.121520198259));
#10208=CARTESIAN_POINT('',(-3.65,-0.5198463103926,-8.121520198259));
#10209=VECTOR('',#12671,0.8082516155477);
#10210=CARTESIAN_POINT('',(-1.85,-0.5198463103926,-8.121520198259));
#10211=CARTESIAN_POINT('',(-3.65,-0.5198463103926,-8.121520198259));
#10212=VECTOR('',#12672,1.8);
#10213=CARTESIAN_POINT('',(-1.85,-0.3952308679323,-7.996904755798));
#10214=CARTESIAN_POINT('',(-1.85,-0.5198463103926,-8.121520198259));
#10215=VECTOR('',#12673,0.1762328488086);
#10216=CARTESIAN_POINT('',(-1.7,-0.3952308679323,-7.996904755798));
#10217=CARTESIAN_POINT('',(-1.85,-0.3952308679323,-7.996904755798));
#10218=VECTOR('',#12674,0.15);
#10219=CARTESIAN_POINT('',(-1.7,-0.3952308679323,-7.996904755798));
#10220=VECTOR('',#12675,1.815406909455);
#10221=CARTESIAN_POINT('',(-3.2,0.5593632866695,-7.042310601197));
#10222=VECTOR('',#12676,0.5132950710488);
#10223=CARTESIAN_POINT('',(-3.2,0.339262314416,-6.822209628943));
#10224=VECTOR('',#12677,0.3112697800524);
#10225=CARTESIAN_POINT('',(-3.2,-1.173048327237,-7.219087296493));
#10226=CARTESIAN_POINT('',(-3.2,-1.173048327237,-7.219087296493));
#10227=VECTOR('',#12678,0.1712157415533);
#10228=CARTESIAN_POINT('',(-3.2,-0.5198463103926,-7.872289313338));
#10229=CARTESIAN_POINT('',(-3.2,-1.173048327237,-7.219087296493));
#10230=VECTOR('',#12679,0.9237671511914);
#10231=CARTESIAN_POINT('',(-3.2,-0.5198463103926,-7.55));
#10232=CARTESIAN_POINT('',(-3.2,-0.5198463103926,-7.872289313338));
#10233=VECTOR('',#12680,0.322289313338);
#10234=CARTESIAN_POINT('',(-3.2,0.0516738878661,-7.55));
#10235=VECTOR('',#12681,0.5715201982587);
#10236=CARTESIAN_POINT('',(-3.65,-0.5198463103926,-7.55));
#10237=CARTESIAN_POINT('',(-3.65,-0.5198463103926,-7.55));
#10238=VECTOR('',#12682,0.45);
#10239=CARTESIAN_POINT('',(-3.65,0.0516738878661,-7.55));
#10240=VECTOR('',#12683,0.5715201982587);
#10241=CARTESIAN_POINT('',(-3.65,-0.5198463103926,-7.55));
#10242=VECTOR('',#12684,0.5715201982587);
#10243=CARTESIAN_POINT('',(-1.85,-0.5198463103926,-7.872289313338));
#10244=CARTESIAN_POINT('',(-3.2,-0.5198463103926,-7.872289313338));
#10245=VECTOR('',#12685,1.35);
#10246=CARTESIAN_POINT('',(-1.85,-0.5198463103926,-7.872289313338));
#10247=VECTOR('',#12686,0.2492308849207);
#10248=CARTESIAN_POINT('',(-1.85,-0.3952308679323,-7.996904755798));
#10249=VECTOR('',#12687,0.1762328488086);
#10250=CARTESIAN_POINT('',(-1.7,-1.173048327237,-7.219087296493));
#10251=CARTESIAN_POINT('',(-1.7,-1.173048327237,-7.219087296493));
#10252=VECTOR('',#12688,1.5);
#10253=CARTESIAN_POINT('',(-1.7,-1.173048327237,-7.219087296493));
#10254=VECTOR('',#12689,1.1);
#10255=CARTESIAN_POINT('',(-1.7,-1.173048327237,-7.219087296493));
#10256=VECTOR('',#12690,0.1712157415533);
#10257=CARTESIAN_POINT('',(-1.85,-0.5198463103926,-10.65015368937));
#10258=CARTESIAN_POINT('',(-1.85,-0.5198463103926,-8.421852122791));
#10259=VECTOR('',#12691,2.228301566583);
#10260=CARTESIAN_POINT('',(-3.65,-0.5198463103926,-10.65015368937));
#10261=VECTOR('',#12692,1.8);
#10262=CARTESIAN_POINT('',(-4.5,-0.06644660917279,-11.10355339059));
#10263=CARTESIAN_POINT('',(-4.5,-0.06644660917279,-11.10355339059));
#10264=VECTOR('',#12693,0.85);
#10265=CARTESIAN_POINT('',(-1.85,-0.06644660917279,-11.10355339059));
#10266=CARTESIAN_POINT('',(-1.85,-0.06644660917279,-11.10355339059));
#10267=VECTOR('',#12694,0.641204006641);
#10268=CARTESIAN_POINT('',(-0.15,-0.06644660917279,-11.10355339059));
#10269=CARTESIAN_POINT('',(-1.85,-0.06644660917279,-11.10355339059));
#10270=VECTOR('',#12695,1.7);
#10271=CARTESIAN_POINT('',(-0.15,-0.5198463103926,-10.65015368937));
#10272=CARTESIAN_POINT('',(-0.15,-0.06644660917279,-11.10355339059));
#10273=VECTOR('',#12696,0.641204006641);
#10274=CARTESIAN_POINT('',(1.65,-0.5198463103926,-10.65015368937));
#10275=CARTESIAN_POINT('',(-0.15,-0.5198463103926,-10.65015368937));
#10276=VECTOR('',#12697,1.8);
#10277=CARTESIAN_POINT('',(1.65,-0.06644660917279,-11.10355339059));
#10278=CARTESIAN_POINT('',(1.65,-0.06644660917279,-11.10355339059));
#10279=VECTOR('',#12698,0.641204006641);
#10280=CARTESIAN_POINT('',(3.35,-0.06644660917279,-11.10355339059));
#10281=CARTESIAN_POINT('',(1.65,-0.06644660917279,-11.10355339059));
#10282=VECTOR('',#12699,1.7);
#10283=CARTESIAN_POINT('',(3.35,-0.5198463103926,-10.65015368937));
#10284=CARTESIAN_POINT('',(3.35,-0.06644660917279,-11.10355339059));
#10285=VECTOR('',#12700,0.641204006641);
#10286=CARTESIAN_POINT('',(3.35,-0.5198463103926,-10.65015368937));
#10287=VECTOR('',#12701,1.8);
#10288=CARTESIAN_POINT('',(6.0,-0.06644660917279,-11.10355339059));
#10289=CARTESIAN_POINT('',(5.15,-0.06644660917279,-11.10355339059));
#10290=VECTOR('',#12702,0.85);
#10291=CARTESIAN_POINT('',(6.0,-1.311407775811,-9.858592223955));
#10292=CARTESIAN_POINT('',(6.0,-1.311407775811,-9.858592223955));
#10293=VECTOR('',#12703,1.760640966487);
#10294=CARTESIAN_POINT('',(3.7,-1.311407775811,-9.858592223955));
#10295=CARTESIAN_POINT('',(3.7,-1.311407775811,-9.858592223955));
#10296=VECTOR('',#12704,2.3);
#10297=CARTESIAN_POINT('',(3.7,-1.3,-9.869999999766));
#10298=CARTESIAN_POINT('',(3.7,-1.311407775811,-9.858592223955));
#10299=VECTOR('',#12705,0.01613303126812);
#10300=CARTESIAN_POINT('',(3.6,-1.2,-9.969999999766));
#10301=CARTESIAN_POINT('',(3.7,-1.3,-9.869999999766));
#10302=CARTESIAN_POINT('',(3.7,-1.285774110157,-9.884225889609));
#10303=CARTESIAN_POINT('',(3.694371781778,-1.261302081741,-9.908697918025));
#10304=CARTESIAN_POINT('',(3.675880533567,-1.231699699214,-9.938300300552));
#10305=CARTESIAN_POINT('',(3.647067850878,-1.209395672998,-9.960604326768));
#10306=CARTESIAN_POINT('',(3.620118446353,-1.2,-9.969999999766));
#10307=CARTESIAN_POINT('',(3.6,-1.2,-9.969999999766));
#10308=CARTESIAN_POINT('',(2.6,-1.2,-9.969999999766));
#10309=CARTESIAN_POINT('',(2.6,-1.2,-9.969999999766));
#10310=VECTOR('',#12706,1.0);
#10311=CARTESIAN_POINT('',(2.5,-1.3,-9.869999999766));
#10312=CARTESIAN_POINT('',(2.6,-1.2,-9.969999999766));
#10313=CARTESIAN_POINT('',(2.579881553647,-1.2,-9.969999999766));
#10314=CARTESIAN_POINT('',(2.552932149122,-1.209395672998,-9.960604326768));
#10315=CARTESIAN_POINT('',(2.524119466433,-1.231699699214,-9.938300300552));
#10316=CARTESIAN_POINT('',(2.505628218222,-1.261302081741,-9.908697918025));
#10317=CARTESIAN_POINT('',(2.5,-1.285774110157,-9.884225889609));
#10318=CARTESIAN_POINT('',(2.5,-1.3,-9.869999999766));
#10319=CARTESIAN_POINT('',(2.5,-1.311407775811,-9.858592223955));
#10320=CARTESIAN_POINT('',(2.5,-1.311407775811,-9.858592223955));
#10321=VECTOR('',#12707,0.01613303126812);
#10322=CARTESIAN_POINT('',(0.2,-1.311407775811,-9.858592223955));
#10323=CARTESIAN_POINT('',(0.2,-1.311407775811,-9.858592223955));
#10324=VECTOR('',#12708,2.3);
#10325=CARTESIAN_POINT('',(0.2,-1.3,-9.869999999766));
#10326=CARTESIAN_POINT('',(0.2,-1.311407775811,-9.858592223955));
#10327=VECTOR('',#12709,0.01613303126812);
#10328=CARTESIAN_POINT('',(0.1,-1.2,-9.969999999766));
#10329=CARTESIAN_POINT('',(0.2,-1.3,-9.869999999766));
#10330=CARTESIAN_POINT('',(0.2,-1.285774110157,-9.884225889609));
#10331=CARTESIAN_POINT('',(0.1943717817778,-1.261302081741,-9.908697918025));
#10332=CARTESIAN_POINT('',(0.1758805335666,-1.231699699214,-9.938300300552));
#10333=CARTESIAN_POINT('',(0.1470678508784,-1.209395672998,-9.960604326768));
#10334=CARTESIAN_POINT('',(0.1201184463531,-1.2,-9.969999999766));
#10335=CARTESIAN_POINT('',(0.1,-1.2,-9.969999999766));
#10336=CARTESIAN_POINT('',(-0.9,-1.2,-9.969999999766));
#10337=CARTESIAN_POINT('',(-0.9,-1.2,-9.969999999766));
#10338=VECTOR('',#12710,1.0);
#10339=CARTESIAN_POINT('',(-1.0,-1.3,-9.869999999766));
#10340=CARTESIAN_POINT('',(-0.9,-1.2,-9.969999999766));
#10341=CARTESIAN_POINT('',(-0.9201184463531,-1.2,-9.969999999766));
#10342=CARTESIAN_POINT('',(-0.9470678508784,-1.209395672998,-9.960604326768));
#10343=CARTESIAN_POINT('',(-0.9758805335666,-1.231699699214,-9.938300300552));
#10344=CARTESIAN_POINT('',(-0.9943717817778,-1.261302081741,-9.908697918025));
#10345=CARTESIAN_POINT('',(-1.0,-1.285774110157,-9.884225889609));
#10346=CARTESIAN_POINT('',(-1.0,-1.3,-9.869999999766));
#10347=CARTESIAN_POINT('',(-1.0,-1.311407775811,-9.858592223955));
#10348=CARTESIAN_POINT('',(-1.0,-1.311407775811,-9.858592223955));
#10349=VECTOR('',#12711,0.01613303126812);
#10350=CARTESIAN_POINT('',(-3.3,-1.311407775811,-9.858592223955));
#10351=CARTESIAN_POINT('',(-3.3,-1.311407775811,-9.858592223955));
#10352=VECTOR('',#12712,2.3);
#10353=CARTESIAN_POINT('',(-3.3,-1.3,-9.869999999766));
#10354=CARTESIAN_POINT('',(-3.3,-1.311407775811,-9.858592223955));
#10355=VECTOR('',#12713,0.01613303126812);
#10356=CARTESIAN_POINT('',(-3.4,-1.2,-9.969999999766));
#10357=CARTESIAN_POINT('',(-3.3,-1.3,-9.869999999766));
#10358=CARTESIAN_POINT('',(-3.3,-1.285774110157,-9.884225889609));
#10359=CARTESIAN_POINT('',(-3.305628218222,-1.261302081741,-9.908697918025));
#10360=CARTESIAN_POINT('',(-3.324119466433,-1.231699699214,-9.938300300552));
#10361=CARTESIAN_POINT('',(-3.352932149122,-1.209395672998,-9.960604326768));
#10362=CARTESIAN_POINT('',(-3.379881553647,-1.2,-9.969999999766));
#10363=CARTESIAN_POINT('',(-3.4,-1.2,-9.969999999766));
#10364=CARTESIAN_POINT('',(-4.4,-1.2,-9.969999999766));
#10365=CARTESIAN_POINT('',(-4.4,-1.2,-9.969999999766));
#10366=VECTOR('',#12714,1.0);
#10367=CARTESIAN_POINT('',(-4.5,-1.3,-9.869999999766));
#10368=CARTESIAN_POINT('',(-4.4,-1.2,-9.969999999766));
#10369=CARTESIAN_POINT('',(-4.420118446353,-1.2,-9.969999999766));
#10370=CARTESIAN_POINT('',(-4.447067850878,-1.209395672998,-9.960604326768));
#10371=CARTESIAN_POINT('',(-4.475880533567,-1.231699699214,-9.938300300552));
#10372=CARTESIAN_POINT('',(-4.494371781778,-1.261302081741,-9.908697918025));
#10373=CARTESIAN_POINT('',(-4.5,-1.285774110157,-9.884225889609));
#10374=CARTESIAN_POINT('',(-4.5,-1.3,-9.869999999766));
#10375=CARTESIAN_POINT('',(-4.5,-1.3,-9.869999999766));
#10376=VECTOR('',#12715,1.744507935219);
#10377=CARTESIAN_POINT('',(-4.5,-1.3,-9.869999999766));
#10378=VECTOR('',#12716,1.380000000234);
#10379=AXIS2_PLACEMENT_3D('',#12717,#12718,#12719);
#10380=CARTESIAN_POINT('',(-4.5,-4.15,-10.75));
#10381=AXIS2_PLACEMENT_3D('',#12720,#12721,#12722);
#10382=CARTESIAN_POINT('',(-4.5,-3.550000002528,-8.873205082549));
#10383=CARTESIAN_POINT('',(-4.5,-3.550000002528,-8.873205082549));
#10384=VECTOR('',#12723,2.376794917451);
#10385=CARTESIAN_POINT('',(-4.5,-3.57,-8.884752085885));
#10386=CARTESIAN_POINT('',(-4.5,-3.57,-8.884752085885));
#10387=VECTOR('',#12724,0.02309400755407);
#10388=CARTESIAN_POINT('',(-4.5,-3.57,-9.0));
#10389=CARTESIAN_POINT('',(-4.5,-3.57,-9.0));
#10390=VECTOR('',#12725,0.1152479141149);
#10391=CARTESIAN_POINT('',(-4.5,-4.15,-9.0));
#10392=CARTESIAN_POINT('',(-4.5,-4.15,-9.0));
#10393=VECTOR('',#12726,0.58);
#10394=CARTESIAN_POINT('',(-4.5,-4.15,-10.75));
#10395=VECTOR('',#12727,1.75);
#10396=AXIS2_PLACEMENT_3D('',#12728,#12729,#12730);
#10397=AXIS2_PLACEMENT_3D('',#12731,#12732,#12733);
#10398=AXIS2_PLACEMENT_3D('',#12734,#12735,#12736);
#10399=AXIS2_PLACEMENT_3D('',#12737,#12738,#12739);
#10400=AXIS2_PLACEMENT_3D('',#12740,#12741,#12742);
#10401=CARTESIAN_POINT('',(-0.15,-0.5198463103926,-8.421852122791));
#10402=CARTESIAN_POINT('',(-0.15,-0.5198463103926,-8.421852122791));
#10403=VECTOR('',#12743,2.228301566583);
#10404=CARTESIAN_POINT('',(-0.15,-0.5198463103926,-8.421852122791));
#10405=VECTOR('',#12744,3.187633259557);
#10406=CARTESIAN_POINT('',(1.65,-0.5198463103926,-8.421852122791));
#10407=CARTESIAN_POINT('',(1.65,-0.5198463103926,-8.421852122791));
#10408=VECTOR('',#12745,3.187633259557);
#10409=CARTESIAN_POINT('',(1.65,-0.5198463103926,-8.421852122791));
#10410=CARTESIAN_POINT('',(1.575,-0.5198463103926,-8.503539140601));
#10411=CARTESIAN_POINT('',(1.425,-0.5198463103926,-8.635243436348));
#10412=CARTESIAN_POINT('',(1.125,-0.5198463103926,-8.808116007348));
#10413=CARTESIAN_POINT('',(0.75,-0.5198463103926,-8.886535560413));
#10414=CARTESIAN_POINT('',(0.375,-0.5198463103926,-8.808116007348));
#10415=CARTESIAN_POINT('',(0.075,-0.5198463103926,-8.635243436348));
#10416=CARTESIAN_POINT('',(-0.075,-0.5198463103926,-8.503539140601));
#10417=CARTESIAN_POINT('',(-0.15,-0.5198463103926,-8.421852122791));
#10418=CARTESIAN_POINT('',(-0.725,0.1563124213933,-7.445361466473));
#10419=CARTESIAN_POINT('',(-0.725,2.560475477428,-9.849524522507));
#10420=VECTOR('',#12746,3.4);
#10421=CARTESIAN_POINT('',(2.225,0.1563124213933,-7.445361466473));
#10422=AXIS2_PLACEMENT_3D('',#12747,#12748,#12749);
#10423=CARTESIAN_POINT('',(2.225,2.560475477428,-9.849524522507));
#10424=VECTOR('',#12750,3.4);
#10425=CARTESIAN_POINT('',(-0.3007040907827,0.8883117088289,-6.713362179037));
#10426=AXIS2_PLACEMENT_3D('',#12751,#12752,#12753);
#10427=CARTESIAN_POINT('',(1.800352045391,0.8884556418604,-6.713218246006));
#10428=AXIS2_PLACEMENT_3D('',#12754,#12755,#12756);
#10429=CARTESIAN_POINT('',(-0.3007040907827,0.8883117088289,-6.713362179037));
#10430=CARTESIAN_POINT('',(-0.2131454165508,0.9931989241899,-6.692568592821));
#10431=CARTESIAN_POINT('',(-0.03802806808705,1.152758948587,-6.660936280793));
#10432=CARTESIAN_POINT('',(0.3122066288405,1.354651167846,-6.62091173392));
#10433=CARTESIAN_POINT('',(0.75,1.442524703451,-6.603491060367));
#10434=CARTESIAN_POINT('',(1.187793371159,1.354651167846,-6.62091173392));
#10435=CARTESIAN_POINT('',(1.53795330820591,1.1528020437984,-6.66092773729234));
#10436=CARTESIAN_POINT('',(1.71299589678882,0.993335150020122,-6.69254158644529));
#10437=CARTESIAN_POINT('',(1.80047981113974,0.888580320249808,-6.71330892760194));
#10438=CARTESIAN_POINT('',(1.8,-1.051980515339,-7.098019484595));
#10439=CARTESIAN_POINT('',(1.800352045391,0.8884556418604,-6.713218246006));
#10440=VECTOR('',#12757,1.978222585384);
#10441=CARTESIAN_POINT('',(0.3,-1.051980515339,-7.098019484595));
#10442=CARTESIAN_POINT('',(1.8,-1.051980515339,-7.098019484595));
#10443=VECTOR('',#12758,1.5);
#10444=CARTESIAN_POINT('',(0.3,0.339262314416,-6.822209628943));
#10445=CARTESIAN_POINT('',(0.3,0.339262314416,-6.822209628943));
#10446=VECTOR('',#12759,1.418318612943);
#10447=CARTESIAN_POINT('',(0.08307212931327,0.8883117088289,-6.713362179037));
#10448=CARTESIAN_POINT('',(0.3,0.339262314416,-6.822209628943));
#10449=VECTOR('',#12760,0.600300513024);
#10450=CARTESIAN_POINT('',(-0.3007040907827,0.8883117088289,-6.713362179037));
#10451=VECTOR('',#12761,0.383776220096);
#10452=CARTESIAN_POINT('',(0.3,0.0516738878661,-7.55));
#10453=CARTESIAN_POINT('',(0.3,0.5593632866695,-7.042310601197));
#10454=CARTESIAN_POINT('',(0.3,0.0516738878661,-7.55));
#10455=VECTOR('',#12762,0.7179812332609);
#10456=CARTESIAN_POINT('',(-0.15,0.0516738878661,-7.55));
#10457=CARTESIAN_POINT('',(-0.15,0.0516738878661,-7.55));
#10458=VECTOR('',#12763,0.45);
#10459=CARTESIAN_POINT('',(-0.15,-0.5198463103926,-8.121520198259));
#10460=CARTESIAN_POINT('',(-0.15,0.0516738878661,-7.55));
#10461=VECTOR('',#12764,0.8082516155477);
#10462=CARTESIAN_POINT('',(1.65,-0.5198463103926,-8.121520198259));
#10463=CARTESIAN_POINT('',(-0.15,-0.5198463103926,-8.121520198259));
#10464=VECTOR('',#12765,1.8);
#10465=CARTESIAN_POINT('',(1.65,-0.3952308679323,-7.996904755798));
#10466=CARTESIAN_POINT('',(1.65,-0.3952308679323,-7.996904755798));
#10467=VECTOR('',#12766,0.1762328488086);
#10468=CARTESIAN_POINT('',(1.8,-0.3952308679323,-7.996904755798));
#10469=CARTESIAN_POINT('',(1.65,-0.3952308679323,-7.996904755798));
#10470=VECTOR('',#12767,0.15);
#10471=CARTESIAN_POINT('',(1.8,-0.3952308679323,-7.996904755798));
#10472=VECTOR('',#12768,1.815406906119);
#10473=CARTESIAN_POINT('',(0.3,0.5593632866695,-7.042310601197));
#10474=VECTOR('',#12769,0.5132950710488);
#10475=CARTESIAN_POINT('',(0.3,0.339262314416,-6.822209628943));
#10476=VECTOR('',#12770,0.3112697800524);
#10477=CARTESIAN_POINT('',(0.3,-1.173048327237,-7.219087296493));
#10478=CARTESIAN_POINT('',(0.3,-1.173048327237,-7.219087296493));
#10479=VECTOR('',#12771,0.1712157415533);
#10480=CARTESIAN_POINT('',(0.3,-0.5198463103926,-7.872289313338));
#10481=CARTESIAN_POINT('',(0.3,-1.173048327237,-7.219087296493));
#10482=VECTOR('',#12772,0.9237671511914);
#10483=CARTESIAN_POINT('',(0.3,-0.5198463103926,-7.55));
#10484=CARTESIAN_POINT('',(0.3,-0.5198463103926,-7.872289313338));
#10485=VECTOR('',#12773,0.322289313338);
#10486=CARTESIAN_POINT('',(0.3,0.0516738878661,-7.55));
#10487=VECTOR('',#12774,0.5715201982587);
#10488=CARTESIAN_POINT('',(-0.15,-0.5198463103926,-7.55));
#10489=CARTESIAN_POINT('',(-0.15,-0.5198463103926,-7.55));
#10490=VECTOR('',#12775,0.45);
#10491=CARTESIAN_POINT('',(-0.15,0.0516738878661,-7.55));
#10492=VECTOR('',#12776,0.5715201982587);
#10493=CARTESIAN_POINT('',(-0.15,-0.5198463103926,-7.55));
#10494=VECTOR('',#12777,0.5715201982587);
#10495=CARTESIAN_POINT('',(1.65,-0.5198463103926,-7.872289313338));
#10496=CARTESIAN_POINT('',(0.3,-0.5198463103926,-7.872289313338));
#10497=VECTOR('',#12778,1.35);
#10498=CARTESIAN_POINT('',(1.65,-0.5198463103926,-7.872289313338));
#10499=VECTOR('',#12779,0.2492308849207);
#10500=CARTESIAN_POINT('',(1.65,-0.3952308679323,-7.996904755798));
#10501=VECTOR('',#12780,0.1762328488086);
#10502=CARTESIAN_POINT('',(1.8,-1.173048327237,-7.219087296493));
#10503=CARTESIAN_POINT('',(1.8,-1.173048327237,-7.219087296493));
#10504=VECTOR('',#12781,1.5);
#10505=CARTESIAN_POINT('',(1.8,-1.173048327237,-7.219087296493));
#10506=VECTOR('',#12782,1.1);
#10507=CARTESIAN_POINT('',(1.8,-1.173048327237,-7.219087296493));
#10508=VECTOR('',#12783,0.1712157415533);
#10509=CARTESIAN_POINT('',(1.65,-0.5198463103926,-8.421852122791));
#10510=VECTOR('',#12784,2.228301566583);
#10511=CARTESIAN_POINT('',(3.35,-0.5198463103926,-8.421852122791));
#10512=VECTOR('',#12785,2.228301566583);
#10513=CARTESIAN_POINT('',(6.0,-5.499,0.25));
#10514=AXIS2_PLACEMENT_3D('',#12786,#12787,#12788);
#10515=CARTESIAN_POINT('',(6.0,-5.75,0.25));
#10516=CARTESIAN_POINT('',(6.0,-5.499,0.25));
#10517=VECTOR('',#12789,0.2510000000003);
#10518=CARTESIAN_POINT('',(6.0,-6.0,0.0));
#10519=AXIS2_PLACEMENT_3D('',#12790,#12791,#12792);
#10520=CARTESIAN_POINT('',(6.0,-6.0,-3.75));
#10521=CARTESIAN_POINT('',(6.0,-6.0,0.0));
#10522=VECTOR('',#12793,3.75);
#10523=CARTESIAN_POINT('',(6.0,-5.8,-3.75));
#10524=CARTESIAN_POINT('',(6.0,-6.0,-3.75));
#10525=VECTOR('',#12794,0.2);
#10526=CARTESIAN_POINT('',(6.0,-5.8,-5.25));
#10527=CARTESIAN_POINT('',(6.0,-5.8,-3.75));
#10528=VECTOR('',#12795,1.5);
#10529=CARTESIAN_POINT('',(6.0,-6.0,-5.25));
#10530=CARTESIAN_POINT('',(6.0,-5.8,-5.25));
#10531=VECTOR('',#12796,0.2);
#10532=CARTESIAN_POINT('',(6.0,-6.0,-9.001836509646));
#10533=CARTESIAN_POINT('',(6.0,-6.0,-5.25));
#10534=VECTOR('',#12797,3.751836509646);
#10535=CARTESIAN_POINT('',(6.0,-5.969846310393,-9.172846581309));
#10536=AXIS2_PLACEMENT_3D('',#12798,#12799,#12800);
#10537=CARTESIAN_POINT('',(6.0,-5.333566835273,-10.92101007166));
#10538=CARTESIAN_POINT('',(6.0,-5.969846310393,-9.172846581309));
#10539=VECTOR('',#12801,1.860356729089);
#10540=AXIS2_PLACEMENT_3D('',#12802,#12803,#12804);
#10541=CARTESIAN_POINT('',(6.0,-2.8,-10.75));
#10542=AXIS2_PLACEMENT_3D('',#12805,#12806,#12807);
#10543=CARTESIAN_POINT('',(6.0,-2.8,-10.63412341624));
#10544=CARTESIAN_POINT('',(6.0,-2.8,-10.75));
#10545=VECTOR('',#12808,0.1158765837636);
#10546=CARTESIAN_POINT('',(6.0,-3.049999999899,-10.2011107144));
#10547=AXIS2_PLACEMENT_3D('',#12809,#12810,#12811);
#10548=CARTESIAN_POINT('',(6.0,-3.049999999899,-10.2011107144));
#10549=VECTOR('',#12812,1.096965531548);
#10550=CARTESIAN_POINT('',(6.0,-4.000000025597,-9.133012711074));
#10551=AXIS2_PLACEMENT_3D('',#12813,#12814,#12815);
#10552=CARTESIAN_POINT('',(6.0,-3.769615269356,-9.0));
#10553=CARTESIAN_POINT('',(6.0,-4.000000025597,-9.133012711074));
#10554=VECTOR('',#12816,0.266025407087);
#10555=CARTESIAN_POINT('',(6.0,-3.57,-9.0));
#10556=CARTESIAN_POINT('',(6.0,-3.769615269356,-9.0));
#10557=VECTOR('',#12817,0.1996152693555);
#10558=CARTESIAN_POINT('',(6.0,-3.57,-8.884752085885));
#10559=CARTESIAN_POINT('',(6.0,-3.57,-9.0));
#10560=VECTOR('',#12818,0.1152479141149);
#10561=CARTESIAN_POINT('',(6.0,-3.55000003034,-8.873205097146));
#10562=CARTESIAN_POINT('',(6.0,-3.57,-8.884752085885));
#10563=VECTOR('',#12819,0.02309397616992);
#10564=CARTESIAN_POINT('',(6.0,-2.950000013234,-8.873205087411));
#10565=AXIS2_PLACEMENT_3D('',#12820,#12821,#12822);
#10566=CARTESIAN_POINT('',(6.0,-1.518514556795,-9.699673601475));
#10567=CARTESIAN_POINT('',(6.0,-2.950000013234,-8.873205087411));
#10568=VECTOR('',#12823,1.652937027457);
#10569=AXIS2_PLACEMENT_3D('',#12824,#12825,#12826);
#10570=CARTESIAN_POINT('',(6.0,6.0,-6.202893218748));
#10571=AXIS2_PLACEMENT_3D('',#12827,#12828,#12829);
#10572=CARTESIAN_POINT('',(6.0,6.0,0.0));
#10573=CARTESIAN_POINT('',(6.0,6.0,-6.202893218748));
#10574=VECTOR('',#12830,6.202893218748);
#10575=CARTESIAN_POINT('',(6.0,5.75,0.25));
#10576=AXIS2_PLACEMENT_3D('',#12831,#12832,#12833);
#10577=CARTESIAN_POINT('',(6.0,5.499,0.25));
#10578=CARTESIAN_POINT('',(6.0,5.75,0.25));
#10579=VECTOR('',#12834,0.2510000000003);
#10580=AXIS2_PLACEMENT_3D('',#12835,#12836,#12837);
#10581=CARTESIAN_POINT('',(6.0,5.25000200804,0.0));
#10582=VECTOR('',#12838,10.50000401608);
#10583=CARTESIAN_POINT('',(6.0,-4.8,-7.575512030815));
#10584=CARTESIAN_POINT('',(6.0,-4.8,-8.924487969185));
#10585=AXIS2_PLACEMENT_3D('',#12839,#12840,#12841);
#10586=AXIS2_PLACEMENT_3D('',#12842,#12843,#12844);
#10587=CARTESIAN_POINT('',(6.0,-4.8,-4.875512030815));
#10588=CARTESIAN_POINT('',(6.0,-4.8,-6.224487969185));
#10589=AXIS2_PLACEMENT_3D('',#12845,#12846,#12847);
#10590=AXIS2_PLACEMENT_3D('',#12848,#12849,#12850);
#10591=CARTESIAN_POINT('',(6.0,2.8,-2.975));
#10592=CARTESIAN_POINT('',(6.0,2.8,-4.525));
#10593=AXIS2_PLACEMENT_3D('',#12851,#12852,#12853);
#10594=AXIS2_PLACEMENT_3D('',#12854,#12855,#12856);
#10595=CARTESIAN_POINT('',(6.0,4.2,-6.079999999999));
#10596=CARTESIAN_POINT('',(6.0,4.2,-7.420000000001));
#10597=AXIS2_PLACEMENT_3D('',#12857,#12858,#12859);
#10598=AXIS2_PLACEMENT_3D('',#12860,#12861,#12862);
#10599=CARTESIAN_POINT('',(6.0,4.7,-0.5824999108643));
#10600=CARTESIAN_POINT('',(6.0,4.7,-1.917500089136));
#10601=AXIS2_PLACEMENT_3D('',#12863,#12864,#12865);
#10602=AXIS2_PLACEMENT_3D('',#12866,#12867,#12868);
#10603=CARTESIAN_POINT('',(6.0,-1.43,-4.2705));
#10604=CARTESIAN_POINT('',(6.0,-1.43,-8.25));
#10605=CARTESIAN_POINT('',(6.0,-1.43,-4.2705));
#10606=VECTOR('',#12869,3.9795);
#10607=CARTESIAN_POINT('',(6.0,-2.93,-8.25));
#10608=CARTESIAN_POINT('',(6.0,-2.93,-8.25));
#10609=VECTOR('',#12870,1.5);
#10610=CARTESIAN_POINT('',(6.0,-2.93,-4.2705));
#10611=CARTESIAN_POINT('',(6.0,-2.93,-8.25));
#10612=VECTOR('',#12871,3.9795);
#10613=CARTESIAN_POINT('',(6.0,-2.93,-4.2705));
#10614=VECTOR('',#12872,1.5);
#10615=CARTESIAN_POINT('',(2.5,6.0,0.0));
#10616=CARTESIAN_POINT('',(3.6,6.0,0.0));
#10617=CARTESIAN_POINT('',(2.5,6.0,0.0));
#10618=VECTOR('',#12873,1.1);
#10619=CARTESIAN_POINT('',(2.5,6.0,0.0));
#10620=VECTOR('',#12874,0.7499979919601);
#10621=CARTESIAN_POINT('',(0.1,6.0,0.0));
#10622=CARTESIAN_POINT('',(0.1,6.0,0.0));
#10623=VECTOR('',#12875,0.7499979919601);
#10624=CARTESIAN_POINT('',(-1.0,6.0,0.0));
#10625=CARTESIAN_POINT('',(-1.0,6.0,0.0));
#10626=VECTOR('',#12876,1.1);
#10627=CARTESIAN_POINT('',(-1.0,6.0,0.0));
#10628=VECTOR('',#12877,0.7499979919601);
#10629=CARTESIAN_POINT('',(-3.4,6.0,0.0));
#10630=CARTESIAN_POINT('',(-3.4,5.25000200804,0.0));
#10631=VECTOR('',#12878,0.7499979919601);
#10632=CARTESIAN_POINT('',(-6.0,6.0,0.0));
#10633=VECTOR('',#12879,2.6);
#10634=CARTESIAN_POINT('',(-3.4,-6.0,0.0));
#10635=CARTESIAN_POINT('',(-6.0,-6.0,0.0));
#10636=VECTOR('',#12880,2.6);
#10637=CARTESIAN_POINT('',(-3.4,-5.25000200804,0.0));
#10638=VECTOR('',#12881,0.7499979919601);
#10639=CARTESIAN_POINT('',(-1.0,-6.0,0.0));
#10640=CARTESIAN_POINT('',(-1.0,-5.25000200804,0.0));
#10641=VECTOR('',#12882,0.7499979919601);
#10642=CARTESIAN_POINT('',(0.1,-6.0,0.0));
#10643=CARTESIAN_POINT('',(-1.0,-6.0,0.0));
#10644=VECTOR('',#12883,1.1);
#10645=CARTESIAN_POINT('',(0.1,-5.25000200804,0.0));
#10646=VECTOR('',#12884,0.7499979919601);
#10647=CARTESIAN_POINT('',(2.5,-6.0,0.0));
#10648=CARTESIAN_POINT('',(2.5,-5.25000200804,0.0));
#10649=VECTOR('',#12885,0.7499979919601);
#10650=CARTESIAN_POINT('',(3.6,-6.0,0.0));
#10651=CARTESIAN_POINT('',(2.5,-6.0,0.0));
#10652=VECTOR('',#12886,1.1);
#10653=CARTESIAN_POINT('',(3.6,-5.25000200804,0.0));
#10654=VECTOR('',#12887,0.7499979919601);
#10655=CARTESIAN_POINT('',(3.6,6.0,0.0));
#10656=VECTOR('',#12888,0.7499979919601);
#10657=CARTESIAN_POINT('',(0.5,1.6,0.0));
#10658=CARTESIAN_POINT('',(1.3,1.6,0.0));
#10659=CARTESIAN_POINT('',(0.5,1.6,0.0));
#10660=VECTOR('',#12889,0.8);
#10661=CARTESIAN_POINT('',(1.3,1.2,0.0));
#10662=CARTESIAN_POINT('',(1.3,1.6,0.0));
#10663=VECTOR('',#12890,0.4);
#10664=CARTESIAN_POINT('',(0.5,1.2,0.0));
#10665=CARTESIAN_POINT('',(0.5,1.2,0.0));
#10666=VECTOR('',#12891,0.8);
#10667=CARTESIAN_POINT('',(0.5,1.6,0.0));
#10668=VECTOR('',#12892,0.4);
#10669=CARTESIAN_POINT('',(-3.0,-3.6,0.0));
#10670=CARTESIAN_POINT('',(-2.2,-3.6,0.0));
#10671=CARTESIAN_POINT('',(-3.0,-3.6,0.0));
#10672=VECTOR('',#12893,0.8);
#10673=CARTESIAN_POINT('',(-2.2,-4.0,0.0));
#10674=CARTESIAN_POINT('',(-2.2,-3.6,0.0));
#10675=VECTOR('',#12894,0.4);
#10676=CARTESIAN_POINT('',(-3.0,-4.0,0.0));
#10677=CARTESIAN_POINT('',(-3.0,-4.0,0.0));
#10678=VECTOR('',#12895,0.8);
#10679=CARTESIAN_POINT('',(-3.0,-3.6,0.0));
#10680=VECTOR('',#12896,0.4);
#10681=CARTESIAN_POINT('',(4.0,-3.6,0.0));
#10682=CARTESIAN_POINT('',(4.8,-3.6,0.0));
#10683=CARTESIAN_POINT('',(4.0,-3.6,0.0));
#10684=VECTOR('',#12897,0.8);
#10685=CARTESIAN_POINT('',(4.8,-4.0,0.0));
#10686=CARTESIAN_POINT('',(4.8,-3.6,0.0));
#10687=VECTOR('',#12898,0.4);
#10688=CARTESIAN_POINT('',(4.0,-4.0,0.0));
#10689=CARTESIAN_POINT('',(4.0,-4.0,0.0));
#10690=VECTOR('',#12899,0.8);
#10691=CARTESIAN_POINT('',(4.0,-3.6,0.0));
#10692=VECTOR('',#12900,0.4);
#10693=CARTESIAN_POINT('',(3.6,-5.499,0.25));
#10694=CARTESIAN_POINT('',(3.6,-5.75,0.25));
#10695=CARTESIAN_POINT('',(3.6,-5.499,0.25));
#10696=VECTOR('',#12901,0.2510000000003);
#10697=AXIS2_PLACEMENT_3D('',#12902,#12903,#12904);
#10698=AXIS2_PLACEMENT_3D('',#12905,#12906,#12907);
#10699=CARTESIAN_POINT('',(3.6,5.75,0.25));
#10700=CARTESIAN_POINT('',(3.6,5.499,0.25));
#10701=CARTESIAN_POINT('',(3.6,5.75,0.25));
#10702=VECTOR('',#12908,0.2510000000003);
#10703=AXIS2_PLACEMENT_3D('',#12909,#12910,#12911);
#10704=AXIS2_PLACEMENT_3D('',#12912,#12913,#12914);
#10705=CARTESIAN_POINT('',(3.6,-6.0,0.0));
#10706=VECTOR('',#12915,2.4);
#10707=CARTESIAN_POINT('',(3.6,-5.75,0.25));
#10708=VECTOR('',#12916,2.4);
#10709=CARTESIAN_POINT('',(3.6,-5.499,0.25));
#10710=VECTOR('',#12917,2.4);
#10711=CARTESIAN_POINT('',(0.1,-6.0,0.0));
#10712=VECTOR('',#12918,2.4);
#10713=CARTESIAN_POINT('',(-3.4,-6.0,0.0));
#10714=VECTOR('',#12919,2.4);
#10715=CARTESIAN_POINT('',(-6.0,-6.0,-3.75));
#10716=VECTOR('',#12920,12.0);
#10717=CARTESIAN_POINT('',(-6.0,-5.8,-3.75));
#10718=VECTOR('',#12921,12.0);
#10719=CARTESIAN_POINT('',(-6.0,-5.8,-5.25));
#10720=VECTOR('',#12922,12.0);
#10721=CARTESIAN_POINT('',(-6.0,-6.0,-5.25));
#10722=VECTOR('',#12923,12.0);
#10723=CARTESIAN_POINT('',(-6.0,-6.0,-9.001836509646));
#10724=VECTOR('',#12924,12.0);
#10725=CARTESIAN_POINT('',(-6.0,-5.969846310393,-9.172846581309));
#10726=VECTOR('',#12925,12.0);
#10727=CARTESIAN_POINT('',(-6.0,-5.333566835273,-10.92101007166));
#10728=VECTOR('',#12926,12.0);
#10729=CARTESIAN_POINT('',(-1.0,-5.75,0.25));
#10730=AXIS2_PLACEMENT_3D('',#12927,#12928,#12929);
#10731=CARTESIAN_POINT('',(-3.4,-5.75,0.25));
#10732=CARTESIAN_POINT('',(-3.4,-5.75,0.25));
#10733=VECTOR('',#12930,2.4);
#10734=AXIS2_PLACEMENT_3D('',#12931,#12932,#12933);
#10735=CARTESIAN_POINT('',(-3.4,5.499,0.25));
#10736=AXIS2_PLACEMENT_3D('',#12934,#12935,#12936);
#10737=CARTESIAN_POINT('',(-3.4,5.75,0.25));
#10738=CARTESIAN_POINT('',(-3.4,5.75,0.25));
#10739=VECTOR('',#12937,0.2510000000003);
#10740=AXIS2_PLACEMENT_3D('',#12938,#12939,#12940);
#10741=CARTESIAN_POINT('',(-3.4,-5.499,0.25));
#10742=CARTESIAN_POINT('',(-3.4,-5.499,0.25));
#10743=VECTOR('',#12941,0.2510000000003);
#10744=AXIS2_PLACEMENT_3D('',#12942,#12943,#12944);
#10745=CARTESIAN_POINT('',(-1.0,5.75,0.25));
#10746=CARTESIAN_POINT('',(-3.4,5.75,0.25));
#10747=VECTOR('',#12945,2.4);
#10748=AXIS2_PLACEMENT_3D('',#12946,#12947,#12948);
#10749=CARTESIAN_POINT('',(-3.4,6.0,0.0));
#10750=VECTOR('',#12949,2.4);
#10751=CARTESIAN_POINT('',(-6.0,6.0,-6.202893218748));
#10752=VECTOR('',#12950,12.0);
#10753=CARTESIAN_POINT('',(0.1,6.0,0.0));
#10754=VECTOR('',#12951,2.4);
#10755=CARTESIAN_POINT('',(3.6,6.0,0.0));
#10756=VECTOR('',#12952,2.4);
#10757=CARTESIAN_POINT('',(3.6,5.75,0.25));
#10758=VECTOR('',#12953,2.4);
#10759=CARTESIAN_POINT('',(3.6,5.499,0.25));
#10760=VECTOR('',#12954,2.4);
#10761=CARTESIAN_POINT('',(0.1,5.75,0.25));
#10762=CARTESIAN_POINT('',(2.5,5.75,0.25));
#10763=CARTESIAN_POINT('',(0.1,5.75,0.25));
#10764=VECTOR('',#12955,2.4);
#10765=AXIS2_PLACEMENT_3D('',#12956,#12957,#12958);
#10766=AXIS2_PLACEMENT_3D('',#12959,#12960,#12961);
#10767=CARTESIAN_POINT('',(0.1,-5.499,0.25));
#10768=CARTESIAN_POINT('',(0.1,-5.75,0.25));
#10769=CARTESIAN_POINT('',(0.1,-5.499,0.25));
#10770=VECTOR('',#12962,0.2510000000003);
#10771=AXIS2_PLACEMENT_3D('',#12963,#12964,#12965);
#10772=AXIS2_PLACEMENT_3D('',#12966,#12967,#12968);
#10773=CARTESIAN_POINT('',(0.1,5.499,0.25));
#10774=CARTESIAN_POINT('',(0.1,5.75,0.25));
#10775=VECTOR('',#12969,0.2510000000003);
#10776=AXIS2_PLACEMENT_3D('',#12970,#12971,#12972);
#10777=CARTESIAN_POINT('',(2.5,-5.75,0.25));
#10778=AXIS2_PLACEMENT_3D('',#12973,#12974,#12975);
#10779=CARTESIAN_POINT('',(0.1,-5.75,0.25));
#10780=VECTOR('',#12976,2.4);
#10781=CARTESIAN_POINT('',(2.5,-5.499,0.25));
#10782=CARTESIAN_POINT('',(2.5,-5.499,0.25));
#10783=VECTOR('',#12977,0.2510000000003);
#10784=CARTESIAN_POINT('',(0.1,-5.499,0.25));
#10785=VECTOR('',#12978,2.4);
#10786=AXIS2_PLACEMENT_3D('',#12979,#12980,#12981);
#10787=CARTESIAN_POINT('',(2.5,5.499,0.25));
#10788=CARTESIAN_POINT('',(2.5,5.75,0.25));
#10789=VECTOR('',#12982,0.2510000000003);
#10790=AXIS2_PLACEMENT_3D('',#12983,#12984,#12985);
#10791=CARTESIAN_POINT('',(0.1,5.499,0.25));
#10792=VECTOR('',#12986,2.4);
#10793=CARTESIAN_POINT('',(-1.0,-5.499,0.25));
#10794=AXIS2_PLACEMENT_3D('',#12987,#12988,#12989);
#10795=CARTESIAN_POINT('',(-1.0,-5.499,0.25));
#10796=VECTOR('',#12990,0.2510000000003);
#10797=CARTESIAN_POINT('',(-1.0,5.499,0.25));
#10798=CARTESIAN_POINT('',(-1.0,5.75,0.25));
#10799=VECTOR('',#12991,0.2510000000003);
#10800=AXIS2_PLACEMENT_3D('',#12992,#12993,#12994);
#10801=CARTESIAN_POINT('',(-3.4,-5.499,0.25));
#10802=VECTOR('',#12995,2.4);
#10803=CARTESIAN_POINT('',(-3.4,5.499,0.25));
#10804=VECTOR('',#12996,2.4);
#10805=CARTESIAN_POINT('',(0.5,1.2,1.119491606732));
#10806=CARTESIAN_POINT('',(0.5,1.2,1.119491606732));
#10807=VECTOR('',#12997,1.119491606732);
#10808=AXIS2_PLACEMENT_3D('',#12998,#12999,#13000);
#10809=CARTESIAN_POINT('',(0.5,1.126829268293,2.794490607859));
#10810=AXIS2_PLACEMENT_3D('',#13001,#13002,#13003);
#10811=CARTESIAN_POINT('',(0.5,1.2,3.081633293766));
#10812=AXIS2_PLACEMENT_3D('',#13004,#13005,#13006);
#10813=CARTESIAN_POINT('',(0.5,1.2,3.551));
#10814=CARTESIAN_POINT('',(0.5,1.2,3.551));
#10815=VECTOR('',#13007,0.4693667062335);
#10816=CARTESIAN_POINT('',(0.5,1.6,3.551));
#10817=AXIS2_PLACEMENT_3D('',#13008,#13009,#13010);
#10818=CARTESIAN_POINT('',(0.5,1.6,3.081633293766));
#10819=CARTESIAN_POINT('',(0.5,1.6,3.081633293766));
#10820=VECTOR('',#13011,0.4693667062335);
#10821=CARTESIAN_POINT('',(0.5,1.478048780488,2.603062150587));
#10822=AXIS2_PLACEMENT_3D('',#13012,#13013,#13014);
#10823=AXIS2_PLACEMENT_3D('',#13015,#13016,#13017);
#10824=CARTESIAN_POINT('',(0.5,1.6,1.119491606732));
#10825=AXIS2_PLACEMENT_3D('',#13018,#13019,#13020);
#10826=CARTESIAN_POINT('',(0.5,1.6,0.0));
#10827=VECTOR('',#13021,1.119491606732);
#10828=CARTESIAN_POINT('',(1.3,1.6,1.119491606732));
#10829=CARTESIAN_POINT('',(0.5,1.6,1.119491606732));
#10830=VECTOR('',#13022,0.8);
#10831=CARTESIAN_POINT('',(1.3,1.6,0.0));
#10832=VECTOR('',#13023,1.119491606732);
#10833=AXIS2_PLACEMENT_3D('',#13024,#13025,#13026);
#10834=CARTESIAN_POINT('',(1.3,1.478048780488,2.603062150587));
#10835=AXIS2_PLACEMENT_3D('',#13027,#13028,#13029);
#10836=CARTESIAN_POINT('',(1.3,1.6,3.081633293766));
#10837=AXIS2_PLACEMENT_3D('',#13030,#13031,#13032);
#10838=CARTESIAN_POINT('',(1.3,1.6,3.551));
#10839=CARTESIAN_POINT('',(1.3,1.6,3.081633293766));
#10840=VECTOR('',#13033,0.4693667062335);
#10841=CARTESIAN_POINT('',(1.3,1.2,3.551));
#10842=AXIS2_PLACEMENT_3D('',#13034,#13035,#13036);
#10843=CARTESIAN_POINT('',(1.3,1.2,3.081633293766));
#10844=CARTESIAN_POINT('',(1.3,1.2,3.551));
#10845=VECTOR('',#13037,0.4693667062335);
#10846=CARTESIAN_POINT('',(1.3,1.126829268293,2.794490607859));
#10847=AXIS2_PLACEMENT_3D('',#13038,#13039,#13040);
#10848=AXIS2_PLACEMENT_3D('',#13041,#13042,#13043);
#10849=CARTESIAN_POINT('',(1.3,1.2,1.119491606732));
#10850=AXIS2_PLACEMENT_3D('',#13044,#13045,#13046);
#10851=CARTESIAN_POINT('',(1.3,1.2,1.119491606732));
#10852=VECTOR('',#13047,1.119491606732);
#10853=CARTESIAN_POINT('',(0.5,1.2,1.119491606732));
#10854=VECTOR('',#13048,0.8);
#10855=CARTESIAN_POINT('',(0.5,1.126829268293,2.794490607859));
#10856=VECTOR('',#13049,0.8);
#10857=CARTESIAN_POINT('',(0.5,1.2,3.081633293766));
#10858=VECTOR('',#13050,0.8);
#10859=CARTESIAN_POINT('',(0.5,1.2,3.551));
#10860=VECTOR('',#13051,0.8);
#10861=CARTESIAN_POINT('',(0.5,1.6,3.551));
#10862=VECTOR('',#13052,0.8);
#10863=CARTESIAN_POINT('',(0.5,1.6,3.081633293766));
#10864=VECTOR('',#13053,0.8);
#10865=CARTESIAN_POINT('',(0.5,1.478048780488,2.603062150587));
#10866=VECTOR('',#13054,0.8);
#10867=CARTESIAN_POINT('',(-3.0,-4.0,1.350563199505));
#10868=CARTESIAN_POINT('',(-3.0,-4.0,1.350563199505));
#10869=VECTOR('',#13055,1.350563199505);
#10870=AXIS2_PLACEMENT_3D('',#13056,#13057,#13058);
#10871=CARTESIAN_POINT('',(-3.0,-3.88,2.490563199505));
#10872=AXIS2_PLACEMENT_3D('',#13059,#13060,#13061);
#10873=CARTESIAN_POINT('',(-3.0,-4.0,2.850563199505));
#10874=AXIS2_PLACEMENT_3D('',#13062,#13063,#13064);
#10875=CARTESIAN_POINT('',(-3.0,-4.0,3.550563199505));
#10876=CARTESIAN_POINT('',(-3.0,-4.0,3.550563199505));
#10877=VECTOR('',#13065,0.7);
#10878=CARTESIAN_POINT('',(-3.0,-3.6,3.550563199505));
#10879=AXIS2_PLACEMENT_3D('',#13066,#13067,#13068);
#10880=CARTESIAN_POINT('',(-3.0,-3.6,2.850563199505));
#10881=CARTESIAN_POINT('',(-3.0,-3.6,2.850563199505));
#10882=VECTOR('',#13069,0.7);
#10883=CARTESIAN_POINT('',(-3.0,-3.56,2.730563199505));
#10884=AXIS2_PLACEMENT_3D('',#13070,#13071,#13072);
#10885=AXIS2_PLACEMENT_3D('',#13073,#13074,#13075);
#10886=CARTESIAN_POINT('',(-3.0,-3.6,1.350563199505));
#10887=AXIS2_PLACEMENT_3D('',#13076,#13077,#13078);
#10888=CARTESIAN_POINT('',(-3.0,-3.6,0.0));
#10889=VECTOR('',#13079,1.350563199505);
#10890=CARTESIAN_POINT('',(-2.2,-3.6,1.350563199505));
#10891=CARTESIAN_POINT('',(-3.0,-3.6,1.350563199505));
#10892=VECTOR('',#13080,0.8);
#10893=CARTESIAN_POINT('',(-2.2,-3.6,0.0));
#10894=VECTOR('',#13081,1.350563199505);
#10895=AXIS2_PLACEMENT_3D('',#13082,#13083,#13084);
#10896=CARTESIAN_POINT('',(-2.2,-3.56,2.730563199505));
#10897=AXIS2_PLACEMENT_3D('',#13085,#13086,#13087);
#10898=CARTESIAN_POINT('',(-2.2,-3.6,2.850563199505));
#10899=AXIS2_PLACEMENT_3D('',#13088,#13089,#13090);
#10900=CARTESIAN_POINT('',(-2.2,-3.6,3.550563199505));
#10901=CARTESIAN_POINT('',(-2.2,-3.6,2.850563199505));
#10902=VECTOR('',#13091,0.7);
#10903=CARTESIAN_POINT('',(-2.2,-4.0,3.550563199505));
#10904=AXIS2_PLACEMENT_3D('',#13092,#13093,#13094);
#10905=CARTESIAN_POINT('',(-2.2,-4.0,2.850563199505));
#10906=CARTESIAN_POINT('',(-2.2,-4.0,3.550563199505));
#10907=VECTOR('',#13095,0.7);
#10908=CARTESIAN_POINT('',(-2.2,-3.88,2.490563199505));
#10909=AXIS2_PLACEMENT_3D('',#13096,#13097,#13098);
#10910=AXIS2_PLACEMENT_3D('',#13099,#13100,#13101);
#10911=CARTESIAN_POINT('',(-2.2,-4.0,1.350563199505));
#10912=AXIS2_PLACEMENT_3D('',#13102,#13103,#13104);
#10913=CARTESIAN_POINT('',(-2.2,-4.0,1.350563199505));
#10914=VECTOR('',#13105,1.350563199505);
#10915=CARTESIAN_POINT('',(-3.0,-4.0,1.350563199505));
#10916=VECTOR('',#13106,0.8);
#10917=CARTESIAN_POINT('',(-3.0,-3.88,2.490563199505));
#10918=VECTOR('',#13107,0.8);
#10919=CARTESIAN_POINT('',(-3.0,-4.0,2.850563199505));
#10920=VECTOR('',#13108,0.8);
#10921=CARTESIAN_POINT('',(-3.0,-4.0,3.550563199505));
#10922=VECTOR('',#13109,0.8);
#10923=CARTESIAN_POINT('',(-3.0,-3.6,3.550563199505));
#10924=VECTOR('',#13110,0.8);
#10925=CARTESIAN_POINT('',(-3.0,-3.6,2.850563199505));
#10926=VECTOR('',#13111,0.8);
#10927=CARTESIAN_POINT('',(-3.0,-3.56,2.730563199505));
#10928=VECTOR('',#13112,0.8);
#10929=CARTESIAN_POINT('',(4.0,-4.0,1.350563199505));
#10930=CARTESIAN_POINT('',(4.0,-4.0,1.350563199505));
#10931=VECTOR('',#13113,1.350563199505);
#10932=AXIS2_PLACEMENT_3D('',#13114,#13115,#13116);
#10933=CARTESIAN_POINT('',(4.0,-3.88,2.490563199505));
#10934=AXIS2_PLACEMENT_3D('',#13117,#13118,#13119);
#10935=CARTESIAN_POINT('',(4.0,-4.0,2.850563199505));
#10936=AXIS2_PLACEMENT_3D('',#13120,#13121,#13122);
#10937=CARTESIAN_POINT('',(4.0,-4.0,3.550563199505));
#10938=CARTESIAN_POINT('',(4.0,-4.0,3.550563199505));
#10939=VECTOR('',#13123,0.7);
#10940=CARTESIAN_POINT('',(4.0,-3.6,3.550563199505));
#10941=AXIS2_PLACEMENT_3D('',#13124,#13125,#13126);
#10942=CARTESIAN_POINT('',(4.0,-3.6,2.850563199505));
#10943=CARTESIAN_POINT('',(4.0,-3.6,2.850563199505));
#10944=VECTOR('',#13127,0.7);
#10945=CARTESIAN_POINT('',(4.0,-3.56,2.730563199505));
#10946=AXIS2_PLACEMENT_3D('',#13128,#13129,#13130);
#10947=AXIS2_PLACEMENT_3D('',#13131,#13132,#13133);
#10948=CARTESIAN_POINT('',(4.0,-3.6,1.350563199505));
#10949=AXIS2_PLACEMENT_3D('',#13134,#13135,#13136);
#10950=CARTESIAN_POINT('',(4.0,-3.6,0.0));
#10951=VECTOR('',#13137,1.350563199505);
#10952=CARTESIAN_POINT('',(4.8,-3.6,1.350563199505));
#10953=CARTESIAN_POINT('',(4.0,-3.6,1.350563199505));
#10954=VECTOR('',#13138,0.8);
#10955=CARTESIAN_POINT('',(4.8,-3.6,0.0));
#10956=VECTOR('',#13139,1.350563199505);
#10957=AXIS2_PLACEMENT_3D('',#13140,#13141,#13142);
#10958=CARTESIAN_POINT('',(4.8,-3.56,2.730563199505));
#10959=AXIS2_PLACEMENT_3D('',#13143,#13144,#13145);
#10960=CARTESIAN_POINT('',(4.8,-3.6,2.850563199505));
#10961=AXIS2_PLACEMENT_3D('',#13146,#13147,#13148);
#10962=CARTESIAN_POINT('',(4.8,-3.6,3.550563199505));
#10963=CARTESIAN_POINT('',(4.8,-3.6,2.850563199505));
#10964=VECTOR('',#13149,0.7);
#10965=CARTESIAN_POINT('',(4.8,-4.0,3.550563199505));
#10966=AXIS2_PLACEMENT_3D('',#13150,#13151,#13152);
#10967=CARTESIAN_POINT('',(4.8,-4.0,2.850563199505));
#10968=CARTESIAN_POINT('',(4.8,-4.0,3.550563199505));
#10969=VECTOR('',#13153,0.7);
#10970=CARTESIAN_POINT('',(4.8,-3.88,2.490563199505));
#10971=AXIS2_PLACEMENT_3D('',#13154,#13155,#13156);
#10972=AXIS2_PLACEMENT_3D('',#13157,#13158,#13159);
#10973=CARTESIAN_POINT('',(4.8,-4.0,1.350563199505));
#10974=AXIS2_PLACEMENT_3D('',#13160,#13161,#13162);
#10975=CARTESIAN_POINT('',(4.8,-4.0,1.350563199505));
#10976=VECTOR('',#13163,1.350563199505);
#10977=CARTESIAN_POINT('',(4.0,-4.0,1.350563199505));
#10978=VECTOR('',#13164,0.8);
#10979=CARTESIAN_POINT('',(4.0,-3.88,2.490563199505));
#10980=VECTOR('',#13165,0.8);
#10981=CARTESIAN_POINT('',(4.0,-4.0,2.850563199505));
#10982=VECTOR('',#13166,0.8);
#10983=CARTESIAN_POINT('',(4.0,-4.0,3.550563199505));
#10984=VECTOR('',#13167,0.8);
#10985=CARTESIAN_POINT('',(4.0,-3.6,3.550563199505));
#10986=VECTOR('',#13168,0.8);
#10987=CARTESIAN_POINT('',(4.0,-3.6,2.850563199505));
#10988=VECTOR('',#13169,0.8);
#10989=CARTESIAN_POINT('',(4.0,-3.56,2.730563199505));
#10990=VECTOR('',#13170,0.8);
#10991=CARTESIAN_POINT('',(-3.3,-1.518514556795,-9.699673601475));
#10992=CARTESIAN_POINT('',(-1.0,-1.518514556795,-9.699673601475));
#10993=CARTESIAN_POINT('',(-3.3,-1.518514556795,-9.699673601475));
#10994=VECTOR('',#13171,2.3);
#10995=AXIS2_PLACEMENT_3D('',#13172,#13173,#13174);
#10996=AXIS2_PLACEMENT_3D('',#13175,#13176,#13177);
#10997=CARTESIAN_POINT('',(0.2,-1.518514556795,-9.699673601475));
#10998=CARTESIAN_POINT('',(2.5,-1.518514556795,-9.699673601475));
#10999=CARTESIAN_POINT('',(0.2,-1.518514556795,-9.699673601475));
#11000=VECTOR('',#13178,2.3);
#11001=AXIS2_PLACEMENT_3D('',#13179,#13180,#13181);
#11002=AXIS2_PLACEMENT_3D('',#13182,#13183,#13184);
#11003=CARTESIAN_POINT('',(3.7,-1.518514556795,-9.699673601475));
#11004=CARTESIAN_POINT('',(3.7,-1.518514556795,-9.699673601475));
#11005=VECTOR('',#13185,2.3);
#11006=AXIS2_PLACEMENT_3D('',#13186,#13187,#13188);
#11007=CARTESIAN_POINT('',(-1.0,-2.8,-10.75));
#11008=AXIS2_PLACEMENT_3D('',#13189,#13190,#13191);
#11009=CARTESIAN_POINT('',(-1.0,-2.8,-10.63412341624));
#11010=CARTESIAN_POINT('',(-1.0,-2.8,-10.75));
#11011=VECTOR('',#13192,0.1158765837636);
#11012=CARTESIAN_POINT('',(-1.0,-3.049999999899,-10.2011107144));
#11013=AXIS2_PLACEMENT_3D('',#13193,#13194,#13195);
#11014=CARTESIAN_POINT('',(-1.0,-3.55,-9.912435579593));
#11015=CARTESIAN_POINT('',(-1.0,-3.049999999899,-10.2011107144));
#11016=VECTOR('',#13196,0.5773502693847);
#11017=CARTESIAN_POINT('',(-1.0,-3.550000011377,-8.873205086198));
#11018=CARTESIAN_POINT('',(-1.0,-3.550000011377,-8.873205086198));
#11019=VECTOR('',#13197,1.039230493395);
#11020=CARTESIAN_POINT('',(-1.0,-2.950000013234,-8.873205087411));
#11021=AXIS2_PLACEMENT_3D('',#13198,#13199,#13200);
#11022=CARTESIAN_POINT('',(-1.0,-2.950000013234,-8.873205087411));
#11023=VECTOR('',#13201,1.652937027457);
#11024=CARTESIAN_POINT('',(-1.0,-1.3,-12.2781743646));
#11025=CARTESIAN_POINT('',(-1.0,-1.3,-9.869999999766));
#11026=VECTOR('',#13202,2.408174364838);
#11027=CARTESIAN_POINT('',(-1.0,-1.6,-12.5781743646));
#11028=AXIS2_PLACEMENT_3D('',#13203,#13204,#13205);
#11029=CARTESIAN_POINT('',(-1.0,-1.994409558669,-12.5781743646));
#11030=CARTESIAN_POINT('',(-1.0,-1.6,-12.5781743646));
#11031=VECTOR('',#13206,0.3944095586691);
#11032=CARTESIAN_POINT('',(-1.0,-2.037710828858,-12.5531743646));
#11033=AXIS2_PLACEMENT_3D('',#13207,#13208,#13209);
#11034=CARTESIAN_POINT('',(-1.0,-2.225349666345,-12.2281743646));
#11035=CARTESIAN_POINT('',(-1.0,-2.037710828858,-12.5531743646));
#11036=VECTOR('',#13210,0.3752776749393);
#11037=CARTESIAN_POINT('',(-1.0,-2.744964908561,-12.22817436455));
#11038=AXIS2_PLACEMENT_3D('',#13211,#13212,#13213);
#11039=CARTESIAN_POINT('',(-1.0,-2.93260374621,-12.55317436461));
#11040=CARTESIAN_POINT('',(-1.0,-2.744964908561,-12.22817436455));
#11041=VECTOR('',#13214,0.375277675108);
#11042=CARTESIAN_POINT('',(-1.0,-2.975905016393,-12.5781743646));
#11043=AXIS2_PLACEMENT_3D('',#13215,#13216,#13217);
#11044=CARTESIAN_POINT('',(-1.0,-3.370314575062,-12.5781743646));
#11045=CARTESIAN_POINT('',(-1.0,-2.975905016393,-12.5781743646));
#11046=VECTOR('',#13218,0.3944095586691);
#11047=CARTESIAN_POINT('',(-1.0,-3.582446609418,-12.49030639896));
#11048=AXIS2_PLACEMENT_3D('',#13219,#13220,#13221);
#11049=CARTESIAN_POINT('',(-1.0,-4.0,-12.07275300838));
#11050=CARTESIAN_POINT('',(-1.0,-3.582446609418,-12.49030639896));
#11051=VECTOR('',#13222,0.5905096679758);
#11052=CARTESIAN_POINT('',(-1.0,-4.0,-11.72593968033));
#11053=CARTESIAN_POINT('',(-1.0,-4.0,-12.07275300838));
#11054=VECTOR('',#13223,0.3468133280508);
#11055=CARTESIAN_POINT('',(-1.0,-3.656587955583,-11.6653868714));
#11056=CARTESIAN_POINT('',(-1.0,-4.0,-11.72593968033));
#11057=VECTOR('',#13224,0.3487097287371);
#11058=CARTESIAN_POINT('',(-1.0,-3.450000000009,-11.41918493318));
#11059=AXIS2_PLACEMENT_3D('',#13225,#13226,#13227);
#11060=CARTESIAN_POINT('',(-1.0,-3.450000000009,-11.41918493318));
#11061=VECTOR('',#13228,0.1691849331837);
#11062=CARTESIAN_POINT('',(-0.9,-3.55,-11.41918493318));
#11063=AXIS2_PLACEMENT_3D('',#13229,#13230,#13231);
#11064=CARTESIAN_POINT('',(-0.9,-3.55,-11.41918493318));
#11065=VECTOR('',#13232,0.1691849331786);
#11066=CARTESIAN_POINT('',(1.6,-3.55,-11.41918493314));
#11067=CARTESIAN_POINT('',(-0.9,-3.55,-11.41918493318));
#11068=VECTOR('',#13233,2.5);
#11069=CARTESIAN_POINT('',(1.6,-3.55,-8.992451974142));
#11070=CARTESIAN_POINT('',(1.6,-3.55,-8.992451974142));
#11071=VECTOR('',#13234,2.426732959036);
#11072=CARTESIAN_POINT('',(0.2,-3.55,-8.992451974211));
#11073=CARTESIAN_POINT('',(0.2,-3.55,-8.992451974211));
#11074=VECTOR('',#13235,1.4);
#11075=CARTESIAN_POINT('',(0.2,-3.550000011377,-8.873205086198));
#11076=CARTESIAN_POINT('',(0.2,-3.550000011377,-8.873205086198));
#11077=VECTOR('',#13236,0.119246888013);
#11078=CARTESIAN_POINT('',(-1.0,-3.550000011377,-8.873205086198));
#11079=VECTOR('',#13237,1.2);
#11080=CARTESIAN_POINT('',(-1.0,-3.55,-9.912435579593));
#11081=VECTOR('',#13238,1.337564420407);
#11082=CARTESIAN_POINT('',(-1.0,-4.15,-9.0));
#11083=CARTESIAN_POINT('',(-1.0,-4.15,-9.0));
#11084=VECTOR('',#13239,0.3928203273062);
#11085=CARTESIAN_POINT('',(-1.0,-4.000000025597,-9.133012711074));
#11086=AXIS2_PLACEMENT_3D('',#13240,#13241,#13242);
#11087=CARTESIAN_POINT('',(-1.0,-3.769615269356,-9.0));
#11088=CARTESIAN_POINT('',(-1.0,-4.000000025597,-9.133012711074));
#11089=VECTOR('',#13243,0.266025407087);
#11090=CARTESIAN_POINT('',(-1.0,-3.769615269356,-9.0));
#11091=VECTOR('',#13244,0.3803847306445);
#11092=CARTESIAN_POINT('',(-1.0,-3.55,-9.912435579593));
#11093=VECTOR('',#13245,0.5196152621628);
#11094=CARTESIAN_POINT('',(-1.0,-4.15,-10.75));
#11095=CARTESIAN_POINT('',(-1.0,-4.150000008553,-9.392820327306));
#11096=VECTOR('',#13246,1.357179672694);
#11097=AXIS2_PLACEMENT_3D('',#13247,#13248,#13249);
#11098=CARTESIAN_POINT('',(-4.5,-3.57,-9.0));
#11099=VECTOR('',#13250,10.5);
#11100=CARTESIAN_POINT('',(5.3,-3.769615269356,-9.0));
#11101=CARTESIAN_POINT('',(5.3,-3.769615269356,-9.0));
#11102=VECTOR('',#13251,0.7);
#11103=CARTESIAN_POINT('',(5.3,-4.15,-9.0));
#11104=CARTESIAN_POINT('',(5.3,-3.769615269356,-9.0));
#11105=VECTOR('',#13252,0.3803847306445);
#11106=CARTESIAN_POINT('',(2.5,-4.15,-9.0));
#11107=CARTESIAN_POINT('',(2.5,-4.15,-9.0));
#11108=VECTOR('',#13253,2.8);
#11109=CARTESIAN_POINT('',(2.5,-3.769615269356,-9.0));
#11110=CARTESIAN_POINT('',(2.5,-3.769615269356,-9.0));
#11111=VECTOR('',#13254,0.3803847306445);
#11112=CARTESIAN_POINT('',(1.8,-3.769615269356,-9.0));
#11113=CARTESIAN_POINT('',(1.8,-3.769615269356,-9.0));
#11114=VECTOR('',#13255,0.7);
#11115=CARTESIAN_POINT('',(1.8,-4.15,-9.0));
#11116=CARTESIAN_POINT('',(1.8,-3.769615269356,-9.0));
#11117=VECTOR('',#13256,0.3803847306445);
#11118=CARTESIAN_POINT('',(-1.0,-4.15,-9.0));
#11119=VECTOR('',#13257,2.8);
#11120=CARTESIAN_POINT('',(-1.7,-3.769615269356,-9.0));
#11121=CARTESIAN_POINT('',(-1.7,-3.769615269356,-9.0));
#11122=VECTOR('',#13258,0.7);
#11123=CARTESIAN_POINT('',(-1.7,-4.15,-9.0));
#11124=CARTESIAN_POINT('',(-1.7,-3.769615269356,-9.0));
#11125=VECTOR('',#13259,0.3803847306445);
#11126=CARTESIAN_POINT('',(-4.5,-4.15,-9.0));
#11127=VECTOR('',#13260,2.8);
#11128=CARTESIAN_POINT('',(-1.7,-4.15,-9.0));
#11129=VECTOR('',#13261,0.3928203273062);
#11130=CARTESIAN_POINT('',(-1.7,-4.15,-10.75));
#11131=CARTESIAN_POINT('',(-1.7,-4.150000008553,-9.392820327306));
#11132=VECTOR('',#13262,1.357179672694);
#11133=CARTESIAN_POINT('',(-4.5,-4.15,-10.75));
#11134=VECTOR('',#13263,2.8);
#11135=AXIS2_PLACEMENT_3D('',#13264,#13265,#13266);
#11136=CARTESIAN_POINT('',(-1.7,-3.049999999899,-10.2011107144));
#11137=CARTESIAN_POINT('',(-1.7,-3.049999999899,-10.2011107144));
#11138=VECTOR('',#13267,1.096965531548);
#11139=CARTESIAN_POINT('',(-1.7,-2.8,-10.63412341624));
#11140=AXIS2_PLACEMENT_3D('',#13268,#13269,#13270);
#11141=CARTESIAN_POINT('',(-1.7,-2.8,-10.75));
#11142=CARTESIAN_POINT('',(-1.7,-2.8,-10.75));
#11143=VECTOR('',#13271,0.1158765837636);
#11144=AXIS2_PLACEMENT_3D('',#13272,#13273,#13274);
#11145=CARTESIAN_POINT('',(-1.7,-4.000000025597,-9.133012711074));
#11146=CARTESIAN_POINT('',(-1.7,-4.000000025597,-9.133012711074));
#11147=VECTOR('',#13275,0.266025407087);
#11148=AXIS2_PLACEMENT_3D('',#13276,#13277,#13278);
#11149=CARTESIAN_POINT('',(-1.7,-2.8,-10.75));
#11150=VECTOR('',#13279,0.7);
#11151=CARTESIAN_POINT('',(5.3,-2.8,-10.75));
#11152=CARTESIAN_POINT('',(5.3,-2.8,-10.75));
#11153=VECTOR('',#13280,0.7);
#11154=AXIS2_PLACEMENT_3D('',#13281,#13282,#13283);
#11155=CARTESIAN_POINT('',(2.5,-2.8,-10.75));
#11156=AXIS2_PLACEMENT_3D('',#13284,#13285,#13286);
#11157=CARTESIAN_POINT('',(1.8,-2.8,-10.75));
#11158=AXIS2_PLACEMENT_3D('',#13287,#13288,#13289);
#11159=CARTESIAN_POINT('',(1.8,-2.8,-10.75));
#11160=VECTOR('',#13290,0.7);
#11161=CARTESIAN_POINT('',(-1.7,-2.8,-10.63412341624));
#11162=VECTOR('',#13291,0.7);
#11163=CARTESIAN_POINT('',(5.3,-2.8,-10.63412341624));
#11164=CARTESIAN_POINT('',(5.3,-2.8,-10.63412341624));
#11165=VECTOR('',#13292,0.7);
#11166=CARTESIAN_POINT('',(5.3,-2.8,-10.75));
#11167=VECTOR('',#13293,0.1158765837636);
#11168=CARTESIAN_POINT('',(2.5,-2.8,-10.63412341624));
#11169=CARTESIAN_POINT('',(2.5,-2.8,-10.75));
#11170=VECTOR('',#13294,0.1158765837636);
#11171=CARTESIAN_POINT('',(1.8,-2.8,-10.63412341624));
#11172=CARTESIAN_POINT('',(1.8,-2.8,-10.75));
#11173=VECTOR('',#13295,0.1158765837636);
#11174=CARTESIAN_POINT('',(1.8,-2.8,-10.63412341624));
#11175=VECTOR('',#13296,0.7);
#11176=CARTESIAN_POINT('',(-1.7,-3.049999999899,-10.2011107144));
#11177=VECTOR('',#13297,0.7);
#11178=CARTESIAN_POINT('',(5.3,-3.049999999899,-10.2011107144));
#11179=CARTESIAN_POINT('',(5.3,-3.049999999899,-10.2011107144));
#11180=VECTOR('',#13298,0.7);
#11181=AXIS2_PLACEMENT_3D('',#13299,#13300,#13301);
#11182=CARTESIAN_POINT('',(2.5,-3.049999999899,-10.2011107144));
#11183=AXIS2_PLACEMENT_3D('',#13302,#13303,#13304);
#11184=CARTESIAN_POINT('',(1.8,-3.049999999899,-10.2011107144));
#11185=AXIS2_PLACEMENT_3D('',#13305,#13306,#13307);
#11186=CARTESIAN_POINT('',(1.8,-3.049999999899,-10.2011107144));
#11187=VECTOR('',#13308,0.7);
#11188=CARTESIAN_POINT('',(5.3,-3.049999999899,-10.2011107144));
#11189=VECTOR('',#13309,1.096965531548);
#11190=CARTESIAN_POINT('',(2.5,-3.55,-9.912435579593));
#11191=CARTESIAN_POINT('',(2.5,-3.049999999899,-10.2011107144));
#11192=VECTOR('',#13310,0.5773502693847);
#11193=CARTESIAN_POINT('',(1.8,-3.049999999899,-10.2011107144));
#11194=VECTOR('',#13311,1.096965531548);
#11195=CARTESIAN_POINT('',(2.5,-3.55,-9.912435579593));
#11196=VECTOR('',#13312,0.5196152621628);
#11197=CARTESIAN_POINT('',(-1.7,-4.000000025597,-9.133012711074));
#11198=VECTOR('',#13313,0.7);
#11199=CARTESIAN_POINT('',(1.8,-4.000000025597,-9.133012711074));
#11200=AXIS2_PLACEMENT_3D('',#13314,#13315,#13316);
#11201=CARTESIAN_POINT('',(2.5,-4.000000025597,-9.133012711074));
#11202=CARTESIAN_POINT('',(1.8,-4.000000025597,-9.133012711074));
#11203=VECTOR('',#13317,0.7);
#11204=AXIS2_PLACEMENT_3D('',#13318,#13319,#13320);
#11205=CARTESIAN_POINT('',(5.3,-4.000000025597,-9.133012711074));
#11206=AXIS2_PLACEMENT_3D('',#13321,#13322,#13323);
#11207=CARTESIAN_POINT('',(5.3,-4.000000025597,-9.133012711074));
#11208=VECTOR('',#13324,0.7);
#11209=CARTESIAN_POINT('',(1.8,-4.000000025597,-9.133012711074));
#11210=VECTOR('',#13325,0.266025407087);
#11211=CARTESIAN_POINT('',(2.5,-4.000000025597,-9.133012711074));
#11212=VECTOR('',#13326,0.266025407087);
#11213=CARTESIAN_POINT('',(5.3,-4.000000025597,-9.133012711074));
#11214=VECTOR('',#13327,0.266025407087);
#11215=CARTESIAN_POINT('',(2.5,-4.15,-9.0));
#11216=VECTOR('',#13328,0.3928203273062);
#11217=CARTESIAN_POINT('',(2.5,-4.15,-10.75));
#11218=CARTESIAN_POINT('',(2.5,-4.150000008553,-9.392820327306));
#11219=VECTOR('',#13329,1.357179672694);
#11220=AXIS2_PLACEMENT_3D('',#13330,#13331,#13332);
#11221=CARTESIAN_POINT('',(2.5,-3.55,-9.912435579593));
#11222=VECTOR('',#13333,1.337564420407);
#11223=CARTESIAN_POINT('',(5.3,-4.15,-9.0));
#11224=VECTOR('',#13334,0.3928203273062);
#11225=CARTESIAN_POINT('',(5.3,-4.15,-10.75));
#11226=CARTESIAN_POINT('',(5.3,-4.150000008553,-9.392820327306));
#11227=VECTOR('',#13335,1.357179672694);
#11228=CARTESIAN_POINT('',(2.5,-4.15,-10.75));
#11229=VECTOR('',#13336,2.8);
#11230=AXIS2_PLACEMENT_3D('',#13337,#13338,#13339);
#11231=CARTESIAN_POINT('',(2.6,-3.55,-11.41918493318));
#11232=CARTESIAN_POINT('',(5.1,-3.55,-11.41918493314));
#11233=CARTESIAN_POINT('',(2.6,-3.55,-11.41918493318));
#11234=VECTOR('',#13340,2.5);
#11235=CARTESIAN_POINT('',(5.1,-3.55,-8.992451974142));
#11236=CARTESIAN_POINT('',(5.1,-3.55,-8.992451974142));
#11237=VECTOR('',#13341,2.426732959036);
#11238=CARTESIAN_POINT('',(3.7,-3.55,-8.992451974211));
#11239=CARTESIAN_POINT('',(3.7,-3.55,-8.992451974211));
#11240=VECTOR('',#13342,1.4);
#11241=CARTESIAN_POINT('',(3.7,-3.550000011377,-8.873205086198));
#11242=CARTESIAN_POINT('',(3.7,-3.550000011377,-8.873205086198));
#11243=VECTOR('',#13343,0.119246888013);
#11244=CARTESIAN_POINT('',(2.5,-3.550000011377,-8.873205086198));
#11245=CARTESIAN_POINT('',(2.5,-3.550000011377,-8.873205086198));
#11246=VECTOR('',#13344,1.2);
#11247=CARTESIAN_POINT('',(2.5,-3.550000011377,-8.873205086198));
#11248=VECTOR('',#13345,1.039230493395);
#11249=CARTESIAN_POINT('',(2.6,-3.55,-11.41918493318));
#11250=VECTOR('',#13346,0.1691849331786);
#11251=CARTESIAN_POINT('',(2.5,-3.450000000009,-11.41918493318));
#11252=CARTESIAN_POINT('',(2.5,-3.450000000009,-11.41918493318));
#11253=VECTOR('',#13347,0.1691849331837);
#11254=AXIS2_PLACEMENT_3D('',#13348,#13349,#13350);
#11255=CARTESIAN_POINT('',(2.5,-3.656587955583,-11.6653868714));
#11256=CARTESIAN_POINT('',(2.6,-3.67395277335,-11.5669060961));
#11257=AXIS2_PLACEMENT_3D('',#13351,#13352,#13353);
#11258=AXIS2_PLACEMENT_3D('',#13354,#13355,#13356);
#11259=AXIS2_PLACEMENT_3D('',#13357,#13358,#13359);
#11260=CARTESIAN_POINT('',(2.5,-2.950000013234,-8.873205087411));
#11261=AXIS2_PLACEMENT_3D('',#13360,#13361,#13362);
#11262=CARTESIAN_POINT('',(2.5,-2.950000013234,-8.873205087411));
#11263=VECTOR('',#13363,1.652937027457);
#11264=CARTESIAN_POINT('',(2.5,-1.3,-12.2781743646));
#11265=CARTESIAN_POINT('',(2.5,-1.3,-9.869999999766));
#11266=VECTOR('',#13364,2.408174364838);
#11267=CARTESIAN_POINT('',(2.5,-1.6,-12.5781743646));
#11268=AXIS2_PLACEMENT_3D('',#13365,#13366,#13367);
#11269=CARTESIAN_POINT('',(2.5,-1.994409558669,-12.5781743646));
#11270=CARTESIAN_POINT('',(2.5,-1.6,-12.5781743646));
#11271=VECTOR('',#13368,0.3944095586691);
#11272=CARTESIAN_POINT('',(2.5,-2.037710828858,-12.5531743646));
#11273=AXIS2_PLACEMENT_3D('',#13369,#13370,#13371);
#11274=CARTESIAN_POINT('',(2.5,-2.225349666345,-12.2281743646));
#11275=CARTESIAN_POINT('',(2.5,-2.037710828858,-12.5531743646));
#11276=VECTOR('',#13372,0.3752776749393);
#11277=CARTESIAN_POINT('',(2.5,-2.744964908561,-12.22817436455));
#11278=AXIS2_PLACEMENT_3D('',#13373,#13374,#13375);
#11279=CARTESIAN_POINT('',(2.5,-2.93260374621,-12.55317436461));
#11280=CARTESIAN_POINT('',(2.5,-2.744964908561,-12.22817436455));
#11281=VECTOR('',#13376,0.375277675108);
#11282=CARTESIAN_POINT('',(2.5,-2.975905016393,-12.5781743646));
#11283=AXIS2_PLACEMENT_3D('',#13377,#13378,#13379);
#11284=CARTESIAN_POINT('',(2.5,-3.370314575062,-12.5781743646));
#11285=CARTESIAN_POINT('',(2.5,-2.975905016393,-12.5781743646));
#11286=VECTOR('',#13380,0.3944095586691);
#11287=CARTESIAN_POINT('',(2.5,-3.582446609418,-12.49030639896));
#11288=AXIS2_PLACEMENT_3D('',#13381,#13382,#13383);
#11289=CARTESIAN_POINT('',(2.5,-4.0,-12.07275300838));
#11290=CARTESIAN_POINT('',(2.5,-3.582446609418,-12.49030639896));
#11291=VECTOR('',#13384,0.5905096679758);
#11292=CARTESIAN_POINT('',(2.5,-4.0,-11.72593968033));
#11293=CARTESIAN_POINT('',(2.5,-4.0,-12.07275300838));
#11294=VECTOR('',#13385,0.3468133280508);
#11295=CARTESIAN_POINT('',(2.5,-4.0,-11.72593968033));
#11296=VECTOR('',#13386,0.3487097287371);
#11297=CARTESIAN_POINT('',(2.6,-4.017364817805,-11.62745890503));
#11298=AXIS2_PLACEMENT_3D('',#13387,#13388,#13389);
#11299=CARTESIAN_POINT('',(2.6,-4.017364817805,-11.62745890503));
#11300=VECTOR('',#13390,0.3487097287797);
#11301=CARTESIAN_POINT('',(5.1,-4.017364817767,-11.62745890503));
#11302=CARTESIAN_POINT('',(2.6,-4.017364817805,-11.62745890503));
#11303=VECTOR('',#13391,2.5);
#11304=CARTESIAN_POINT('',(5.1,-3.673952773352,-11.5669060961));
#11305=CARTESIAN_POINT('',(5.1,-3.673952773352,-11.5669060961));
#11306=VECTOR('',#13392,0.3487097287798);
#11307=CARTESIAN_POINT('',(2.6,-3.673952773352,-11.5669060961));
#11308=VECTOR('',#13393,2.5);
#11309=AXIS2_PLACEMENT_3D('',#13394,#13395,#13396);
#11310=CARTESIAN_POINT('',(5.2,-3.45,-11.41918493314));
#11311=AXIS2_PLACEMENT_3D('',#13397,#13398,#13399);
#11312=CARTESIAN_POINT('',(5.2,-3.656587955592,-11.66538687138));
#11313=AXIS2_PLACEMENT_3D('',#13400,#13401,#13402);
#11314=AXIS2_PLACEMENT_3D('',#13403,#13404,#13405);
#11315=CARTESIAN_POINT('',(5.2,-1.3,-10.79651618124));
#11316=CARTESIAN_POINT('',(5.2,-3.45,-8.992451974211));
#11317=CARTESIAN_POINT('',(5.2,-1.3,-10.79651618124));
#11318=VECTOR('',#13406,2.806625672064);
#11319=CARTESIAN_POINT('',(5.2,-3.45,-8.992451974211));
#11320=VECTOR('',#13407,2.426732958972);
#11321=CARTESIAN_POINT('',(5.2,-4.0,-11.72593968033));
#11322=CARTESIAN_POINT('',(5.2,-3.656587955592,-11.66538687138));
#11323=VECTOR('',#13408,0.3487097287372);
#11324=CARTESIAN_POINT('',(5.2,-4.0,-12.07275300838));
#11325=CARTESIAN_POINT('',(5.2,-4.0,-11.72593968033));
#11326=VECTOR('',#13409,0.3468133280508);
#11327=CARTESIAN_POINT('',(5.2,-3.582446609418,-12.49030639896));
#11328=CARTESIAN_POINT('',(5.2,-4.0,-12.07275300838));
#11329=VECTOR('',#13410,0.5905096679758);
#11330=CARTESIAN_POINT('',(5.2,-3.370314575062,-12.5781743646));
#11331=AXIS2_PLACEMENT_3D('',#13411,#13412,#13413);
#11332=CARTESIAN_POINT('',(5.2,-2.975905016393,-12.5781743646));
#11333=CARTESIAN_POINT('',(5.2,-3.370314575062,-12.5781743646));
#11334=VECTOR('',#13414,0.3944095586691);
#11335=CARTESIAN_POINT('',(5.2,-2.93260374621,-12.55317436461));
#11336=AXIS2_PLACEMENT_3D('',#13415,#13416,#13417);
#11337=CARTESIAN_POINT('',(5.2,-2.744964908581,-12.22817436454));
#11338=CARTESIAN_POINT('',(5.2,-2.93260374621,-12.55317436461));
#11339=VECTOR('',#13418,0.375277675108);
#11340=CARTESIAN_POINT('',(5.2,-2.225349666342,-12.22817436464));
#11341=AXIS2_PLACEMENT_3D('',#13419,#13420,#13421);
#11342=CARTESIAN_POINT('',(5.2,-2.037710828858,-12.5531743646));
#11343=CARTESIAN_POINT('',(5.2,-2.225349666342,-12.22817436464));
#11344=VECTOR('',#13422,0.3752776749393);
#11345=CARTESIAN_POINT('',(5.2,-1.994409558669,-12.5781743646));
#11346=AXIS2_PLACEMENT_3D('',#13423,#13424,#13425);
#11347=CARTESIAN_POINT('',(5.2,-1.6,-12.5781743646));
#11348=CARTESIAN_POINT('',(5.2,-1.994409558669,-12.5781743646));
#11349=VECTOR('',#13426,0.3944095586691);
#11350=CARTESIAN_POINT('',(5.2,-1.3,-12.2781743646));
#11351=AXIS2_PLACEMENT_3D('',#13427,#13428,#13429);
#11352=CARTESIAN_POINT('',(5.2,-1.3,-12.2781743646));
#11353=VECTOR('',#13430,1.481658183362);
#11354=CARTESIAN_POINT('',(5.1,-1.2,-10.79651618124));
#11355=AXIS2_PLACEMENT_3D('',#13431,#13432,#13433);
#11356=CARTESIAN_POINT('',(5.1,-1.2,-12.27817436456));
#11357=AXIS2_PLACEMENT_3D('',#13434,#13435,#13436);
#11358=CARTESIAN_POINT('',(5.1,-1.2,-12.27817436456));
#11359=VECTOR('',#13437,1.481658183319);
#11360=CARTESIAN_POINT('',(3.6,-1.2,-10.79651618124));
#11361=CARTESIAN_POINT('',(3.6,-1.2,-10.79651618124));
#11362=VECTOR('',#13438,0.8265161814765);
#11363=CARTESIAN_POINT('',(5.1,-1.2,-10.79651618124));
#11364=VECTOR('',#13439,1.5);
#11365=CARTESIAN_POINT('',(2.6,-1.2,-12.2781743646));
#11366=CARTESIAN_POINT('',(5.1,-1.2,-12.27817436456));
#11367=VECTOR('',#13440,2.5);
#11368=CARTESIAN_POINT('',(2.6,-1.2,-9.969999999766));
#11369=VECTOR('',#13441,2.308174364754);
#11370=AXIS2_PLACEMENT_3D('',#13442,#13443,#13444);
#11371=CARTESIAN_POINT('',(2.6,-1.600000000031,-12.6781743646));
#11372=AXIS2_PLACEMENT_3D('',#13445,#13446,#13447);
#11373=AXIS2_PLACEMENT_3D('',#13448,#13449,#13450);
#11374=CARTESIAN_POINT('',(2.6,-1.994409558669,-12.6781743646));
#11375=CARTESIAN_POINT('',(2.6,-1.600000000031,-12.6781743646));
#11376=VECTOR('',#13451,0.3944095586744);
#11377=AXIS2_PLACEMENT_3D('',#13452,#13453,#13454);
#11378=CARTESIAN_POINT('',(2.6,-2.124313369244,-12.60317436459));
#11379=AXIS2_PLACEMENT_3D('',#13455,#13456,#13457);
#11380=AXIS2_PLACEMENT_3D('',#13458,#13459,#13460);
#11381=CARTESIAN_POINT('',(2.6,-2.311952206723,-12.2781743646));
#11382=CARTESIAN_POINT('',(2.6,-2.124313369244,-12.60317436459));
#11383=VECTOR('',#13461,0.3752776749135);
#11384=AXIS2_PLACEMENT_3D('',#13462,#13463,#13464);
#11385=AXIS2_PLACEMENT_3D('',#13465,#13466,#13467);
#11386=AXIS2_PLACEMENT_3D('',#13468,#13469,#13470);
#11387=CARTESIAN_POINT('',(2.6,-2.846001205843,-12.60317436463));
#11388=CARTESIAN_POINT('',(2.6,-2.65836236821,-12.27817436456));
#11389=VECTOR('',#13471,0.3752776751499);
#11390=AXIS2_PLACEMENT_3D('',#13472,#13473,#13474);
#11391=CARTESIAN_POINT('',(2.6,-2.975905016408,-12.6781743646));
#11392=AXIS2_PLACEMENT_3D('',#13475,#13476,#13477);
#11393=AXIS2_PLACEMENT_3D('',#13478,#13479,#13480);
#11394=CARTESIAN_POINT('',(2.6,-3.370314575062,-12.6781743646));
#11395=CARTESIAN_POINT('',(2.6,-2.975905016408,-12.6781743646));
#11396=VECTOR('',#13481,0.3944095586246);
#11397=AXIS2_PLACEMENT_3D('',#13482,#13483,#13484);
#11398=CARTESIAN_POINT('',(2.6,-3.653157287553,-12.56101707706));
#11399=AXIS2_PLACEMENT_3D('',#13485,#13486,#13487);
#11400=AXIS2_PLACEMENT_3D('',#13488,#13489,#13490);
#11401=CARTESIAN_POINT('',(2.6,-4.070710678119,-12.1434636865));
#11402=CARTESIAN_POINT('',(2.6,-3.653157287553,-12.56101707706));
#11403=VECTOR('',#13491,0.5905096679592);
#11404=AXIS2_PLACEMENT_3D('',#13492,#13493,#13494);
#11405=CARTESIAN_POINT('',(2.6,-4.1,-12.07275300841));
#11406=AXIS2_PLACEMENT_3D('',#13495,#13496,#13497);
#11407=AXIS2_PLACEMENT_3D('',#13498,#13499,#13500);
#11408=CARTESIAN_POINT('',(5.1,-4.070710678123,-12.14346368649));
#11409=CARTESIAN_POINT('',(2.6,-4.070710678123,-12.14346368649));
#11410=VECTOR('',#13501,2.5);
#11411=CARTESIAN_POINT('',(5.1,-4.1,-12.07275300838));
#11412=AXIS2_PLACEMENT_3D('',#13502,#13503,#13504);
#11413=CARTESIAN_POINT('',(2.6,-4.1,-12.07275300841));
#11414=VECTOR('',#13505,2.5);
#11415=CARTESIAN_POINT('',(5.1,-4.1,-11.72593968029));
#11416=CARTESIAN_POINT('',(5.1,-4.1,-11.72593968029));
#11417=VECTOR('',#13506,0.3468133281205);
#11418=CARTESIAN_POINT('',(2.6,-4.1,-11.72593968033));
#11419=CARTESIAN_POINT('',(2.6,-4.1,-11.72593968029));
#11420=VECTOR('',#13507,2.5);
#11421=CARTESIAN_POINT('',(2.6,-4.1,-12.07275300841));
#11422=VECTOR('',#13508,0.3468133281205);
#11423=AXIS2_PLACEMENT_3D('',#13509,#13510,#13511);
#11424=AXIS2_PLACEMENT_3D('',#13512,#13513,#13514);
#11425=AXIS2_PLACEMENT_3D('',#13515,#13516,#13517);
#11426=AXIS2_PLACEMENT_3D('',#13518,#13519,#13520);
#11427=AXIS2_PLACEMENT_3D('',#13521,#13522,#13523);
#11428=AXIS2_PLACEMENT_3D('',#13524,#13525,#13526);
#11429=AXIS2_PLACEMENT_3D('',#13527,#13528,#13529);
#11430=CARTESIAN_POINT('',(5.1,-3.653157287537,-12.56101707708));
#11431=CARTESIAN_POINT('',(5.1,-4.070710678123,-12.14346368649));
#11432=VECTOR('',#13530,0.5905096679592);
#11433=AXIS2_PLACEMENT_3D('',#13531,#13532,#13533);
#11434=CARTESIAN_POINT('',(5.1,-3.370314575033,-12.6781743646));
#11435=AXIS2_PLACEMENT_3D('',#13534,#13535,#13536);
#11436=AXIS2_PLACEMENT_3D('',#13537,#13538,#13539);
#11437=CARTESIAN_POINT('',(5.1,-2.975905016393,-12.6781743646));
#11438=CARTESIAN_POINT('',(5.1,-3.370314575033,-12.6781743646));
#11439=VECTOR('',#13540,0.3944095586246);
#11440=AXIS2_PLACEMENT_3D('',#13541,#13542,#13543);
#11441=CARTESIAN_POINT('',(5.1,-2.846001205861,-12.60317436467));
#11442=AXIS2_PLACEMENT_3D('',#13544,#13545,#13546);
#11443=AXIS2_PLACEMENT_3D('',#13547,#13548,#13549);
#11444=CARTESIAN_POINT('',(5.1,-2.846001205861,-12.60317436467));
#11445=VECTOR('',#13550,0.3752776751498);
#11446=AXIS2_PLACEMENT_3D('',#13551,#13552,#13553);
#11447=CARTESIAN_POINT('',(5.1,-2.311952206701,-12.27817436464));
#11448=AXIS2_PLACEMENT_3D('',#13554,#13555,#13556);
#11449=AXIS2_PLACEMENT_3D('',#13557,#13558,#13559);
#11450=CARTESIAN_POINT('',(5.1,-2.124313369237,-12.6031743646));
#11451=CARTESIAN_POINT('',(5.1,-2.311952206701,-12.27817436464));
#11452=VECTOR('',#13560,0.3752776749135);
#11453=AXIS2_PLACEMENT_3D('',#13561,#13562,#13563);
#11454=CARTESIAN_POINT('',(5.1,-1.994409558706,-12.6781743646));
#11455=AXIS2_PLACEMENT_3D('',#13564,#13565,#13566);
#11456=AXIS2_PLACEMENT_3D('',#13567,#13568,#13569);
#11457=CARTESIAN_POINT('',(5.1,-1.6,-12.6781743646));
#11458=CARTESIAN_POINT('',(5.1,-1.994409558706,-12.6781743646));
#11459=VECTOR('',#13570,0.3944095586744);
#11460=AXIS2_PLACEMENT_3D('',#13571,#13572,#13573);
#11461=AXIS2_PLACEMENT_3D('',#13574,#13575,#13576);
#11462=CARTESIAN_POINT('',(2.6,-1.600000000031,-12.6781743646));
#11463=VECTOR('',#13577,2.5);
#11464=CARTESIAN_POINT('',(2.6,-1.994409558706,-12.6781743646));
#11465=VECTOR('',#13578,2.5);
#11466=CARTESIAN_POINT('',(2.6,-2.124313369244,-12.60317436459));
#11467=VECTOR('',#13579,2.5);
#11468=CARTESIAN_POINT('',(2.6,-2.311952206701,-12.27817436464));
#11469=VECTOR('',#13580,2.5);
#11470=CARTESIAN_POINT('',(2.6,-2.846001205861,-12.60317436467));
#11471=VECTOR('',#13581,2.5);
#11472=CARTESIAN_POINT('',(2.6,-2.975905016408,-12.6781743646));
#11473=VECTOR('',#13582,2.5);
#11474=CARTESIAN_POINT('',(2.6,-3.370314575033,-12.6781743646));
#11475=VECTOR('',#13583,2.5);
#11476=CARTESIAN_POINT('',(2.6,-3.653157287553,-12.56101707706));
#11477=VECTOR('',#13584,2.5);
#11478=CARTESIAN_POINT('',(5.1,-1.235721239031,-10.71991173693));
#11479=AXIS2_PLACEMENT_3D('',#13585,#13586,#13587);
#11480=CARTESIAN_POINT('',(3.676604444312,-1.235721239031,-10.71991173693));
#11481=CARTESIAN_POINT('',(3.6,-1.2,-10.79651618124));
#11482=CARTESIAN_POINT('',(3.60837642569,-1.2,-10.78813975555));
#11483=CARTESIAN_POINT('',(3.624323766227,-1.202096858617,-10.77219241502));
#11484=CARTESIAN_POINT('',(3.645142428484,-1.209911766341,-10.75137375276));
#11485=CARTESIAN_POINT('',(3.662800553874,-1.22128316782,-10.73371562737));
#11486=CARTESIAN_POINT('',(3.672391072047,-1.230699937497,-10.7241251092));
#11487=CARTESIAN_POINT('',(3.676604444312,-1.235721239031,-10.71991173693));
#11488=CARTESIAN_POINT('',(3.676604444312,-1.235721239031,-10.71991173693));
#11489=VECTOR('',#13588,1.423395555688);
#11490=CARTESIAN_POINT('',(3.7,-3.385721239031,-8.9158475299));
#11491=CARTESIAN_POINT('',(5.1,-3.385721239031,-8.9158475299));
#11492=CARTESIAN_POINT('',(3.7,-3.385721239031,-8.9158475299));
#11493=VECTOR('',#13589,1.4);
#11494=CARTESIAN_POINT('',(5.1,-1.235721239031,-10.71991173693));
#11495=VECTOR('',#13590,2.806625672136);
#11496=CARTESIAN_POINT('',(3.7,-1.3,-10.66597545231));
#11497=CARTESIAN_POINT('',(3.676604444312,-1.235721239031,-10.71991173693));
#11498=CARTESIAN_POINT('',(3.69296663499,-1.255220938555,-10.70354954625));
#11499=CARTESIAN_POINT('',(3.7,-1.276819327449,-10.6854263461));
#11500=CARTESIAN_POINT('',(3.7,-1.3,-10.66597545231));
#11501=CARTESIAN_POINT('',(3.7,-1.3,-10.66597545231));
#11502=VECTOR('',#13591,2.722715708947);
#11503=CARTESIAN_POINT('',(3.7,-2.950000013234,-8.873205087411));
#11504=CARTESIAN_POINT('',(3.7,-2.950000013234,-8.873205087411));
#11505=VECTOR('',#13592,1.652937027457);
#11506=AXIS2_PLACEMENT_3D('',#13593,#13594,#13595);
#11507=AXIS2_PLACEMENT_3D('',#13596,#13597,#13598);
#11508=CARTESIAN_POINT('',(3.7,-1.3,-10.66597545231));
#11509=VECTOR('',#13599,0.7959754525433);
#11510=AXIS2_PLACEMENT_3D('',#13600,#13601,#13602);
#11511=AXIS2_PLACEMENT_3D('',#13603,#13604,#13605);
#11512=AXIS2_PLACEMENT_3D('',#13606,#13607,#13608);
#11513=AXIS2_PLACEMENT_3D('',#13609,#13610,#13611);
#11514=CARTESIAN_POINT('',(-3.3,-3.55,-8.87320507963));
#11515=CARTESIAN_POINT('',(-3.3,-3.550000011377,-8.873205086198));
#11516=VECTOR('',#13612,2.3);
#11517=CARTESIAN_POINT('',(-3.3,-2.950000013234,-8.873205087411));
#11518=AXIS2_PLACEMENT_3D('',#13613,#13614,#13615);
#11519=CARTESIAN_POINT('',(-3.3,-2.950000013234,-8.873205087411));
#11520=VECTOR('',#13616,2.3);
#11521=CARTESIAN_POINT('',(0.2,-3.550000011377,-8.873205086198));
#11522=VECTOR('',#13617,2.3);
#11523=CARTESIAN_POINT('',(0.2,-2.950000013234,-8.873205087411));
#11524=AXIS2_PLACEMENT_3D('',#13618,#13619,#13620);
#11525=CARTESIAN_POINT('',(0.2,-2.950000013234,-8.873205087411));
#11526=VECTOR('',#13621,2.3);
#11527=CARTESIAN_POINT('',(3.7,-2.950000013234,-8.873205087411));
#11528=VECTOR('',#13622,2.3);
#11529=CARTESIAN_POINT('',(3.7,-3.550000011377,-8.873205086198));
#11530=VECTOR('',#13623,2.3);
#11531=CARTESIAN_POINT('',(-3.3,-2.950000013234,-8.873205087411));
#11532=VECTOR('',#13624,1.652937027457);
#11533=CARTESIAN_POINT('',(0.2,-2.950000013234,-8.873205087411));
#11534=VECTOR('',#13625,1.652937027457);
#11535=CARTESIAN_POINT('',(-3.3,-3.55,-8.992451974211));
#11536=CARTESIAN_POINT('',(-3.3,-3.550000011377,-8.873205086198));
#11537=VECTOR('',#13626,0.119246888013);
#11538=CARTESIAN_POINT('',(-3.3,-3.385721239031,-8.9158475299));
#11539=AXIS2_PLACEMENT_3D('',#13627,#13628,#13629);
#11540=CARTESIAN_POINT('',(-3.3,-1.3,-10.66597545231));
#11541=CARTESIAN_POINT('',(-3.3,-1.3,-10.66597545231));
#11542=VECTOR('',#13630,2.722715708947);
#11543=CARTESIAN_POINT('',(-3.3,-1.3,-10.66597545231));
#11544=VECTOR('',#13631,0.7959754525433);
#11545=CARTESIAN_POINT('',(-3.323395555688,-1.235721239031,-10.71991173693));
#11546=CARTESIAN_POINT('',(-3.323395555688,-1.235721239031,-10.71991173693));
#11547=CARTESIAN_POINT('',(-3.30703336501,-1.255220938555,-10.70354954625));
#11548=CARTESIAN_POINT('',(-3.3,-1.276819327449,-10.6854263461));
#11549=CARTESIAN_POINT('',(-3.3,-1.3,-10.66597545231));
#11550=CARTESIAN_POINT('',(-3.4,-1.2,-10.79651618124));
#11551=CARTESIAN_POINT('',(-3.4,-1.2,-10.79651618124));
#11552=CARTESIAN_POINT('',(-3.39162357431,-1.2,-10.78813975555));
#11553=CARTESIAN_POINT('',(-3.375676233773,-1.202096858617,-10.77219241502));
#11554=CARTESIAN_POINT('',(-3.354857571516,-1.209911766341,-10.75137375276));
#11555=CARTESIAN_POINT('',(-3.337199446126,-1.22128316782,-10.73371562737));
#11556=CARTESIAN_POINT('',(-3.327608927953,-1.230699937497,-10.7241251092));
#11557=CARTESIAN_POINT('',(-3.323395555688,-1.235721239031,-10.71991173693));
#11558=CARTESIAN_POINT('',(-3.4,-1.2,-10.79651618124));
#11559=VECTOR('',#13632,0.8265161814765);
#11560=CARTESIAN_POINT('',(-1.9,-1.2,-10.79651618124));
#11561=CARTESIAN_POINT('',(-1.9,-1.2,-10.79651618124));
#11562=VECTOR('',#13633,1.5);
#11563=CARTESIAN_POINT('',(-1.9,-1.2,-12.27817436456));
#11564=CARTESIAN_POINT('',(-1.9,-1.2,-12.27817436456));
#11565=VECTOR('',#13634,1.481658183319);
#11566=CARTESIAN_POINT('',(-4.4,-1.2,-12.2781743646));
#11567=CARTESIAN_POINT('',(-1.9,-1.2,-12.27817436456));
#11568=VECTOR('',#13635,2.5);
#11569=CARTESIAN_POINT('',(-4.4,-1.2,-9.969999999766));
#11570=VECTOR('',#13636,2.308174364754);
#11571=CARTESIAN_POINT('',(-4.5,-1.3,-12.2781743646));
#11572=AXIS2_PLACEMENT_3D('',#13637,#13638,#13639);
#11573=CARTESIAN_POINT('',(-4.5,-1.3,-11.25));
#11574=VECTOR('',#13640,1.028174364604);
#11575=CARTESIAN_POINT('',(-4.5,-1.6,-12.5781743646));
#11576=AXIS2_PLACEMENT_3D('',#13641,#13642,#13643);
#11577=CARTESIAN_POINT('',(-4.5,-1.994409558669,-12.5781743646));
#11578=CARTESIAN_POINT('',(-4.5,-1.6,-12.5781743646));
#11579=VECTOR('',#13644,0.3944095586691);
#11580=CARTESIAN_POINT('',(-4.5,-2.037710828858,-12.5531743646));
#11581=AXIS2_PLACEMENT_3D('',#13645,#13646,#13647);
#11582=CARTESIAN_POINT('',(-4.5,-2.225349666345,-12.2281743646));
#11583=CARTESIAN_POINT('',(-4.5,-2.037710828858,-12.5531743646));
#11584=VECTOR('',#13648,0.3752776749393);
#11585=CARTESIAN_POINT('',(-4.5,-2.744964908561,-12.22817436455));
#11586=AXIS2_PLACEMENT_3D('',#13649,#13650,#13651);
#11587=CARTESIAN_POINT('',(-4.5,-2.93260374621,-12.55317436461));
#11588=CARTESIAN_POINT('',(-4.5,-2.744964908561,-12.22817436455));
#11589=VECTOR('',#13652,0.375277675108);
#11590=CARTESIAN_POINT('',(-4.5,-2.975905016393,-12.5781743646));
#11591=AXIS2_PLACEMENT_3D('',#13653,#13654,#13655);
#11592=CARTESIAN_POINT('',(-4.5,-3.370314575062,-12.5781743646));
#11593=CARTESIAN_POINT('',(-4.5,-2.975905016393,-12.5781743646));
#11594=VECTOR('',#13656,0.3944095586691);
#11595=CARTESIAN_POINT('',(-4.5,-3.582446609418,-12.49030639896));
#11596=AXIS2_PLACEMENT_3D('',#13657,#13658,#13659);
#11597=CARTESIAN_POINT('',(-4.5,-4.0,-12.07275300838));
#11598=CARTESIAN_POINT('',(-4.5,-3.582446609418,-12.49030639896));
#11599=VECTOR('',#13660,0.5905096679758);
#11600=CARTESIAN_POINT('',(-4.5,-4.0,-11.72593968033));
#11601=CARTESIAN_POINT('',(-4.5,-4.0,-12.07275300838));
#11602=VECTOR('',#13661,0.3468133280508);
#11603=CARTESIAN_POINT('',(-4.5,-3.656587955583,-11.6653868714));
#11604=CARTESIAN_POINT('',(-4.5,-4.0,-11.72593968033));
#11605=VECTOR('',#13662,0.3487097287371);
#11606=CARTESIAN_POINT('',(-4.5,-3.450000000009,-11.41918493318));
#11607=AXIS2_PLACEMENT_3D('',#13663,#13664,#13665);
#11608=CARTESIAN_POINT('',(-4.5,-3.450000000009,-11.41918493318));
#11609=VECTOR('',#13666,0.1691849331837);
#11610=CARTESIAN_POINT('',(-4.4,-3.55,-11.41918493318));
#11611=AXIS2_PLACEMENT_3D('',#13667,#13668,#13669);
#11612=CARTESIAN_POINT('',(-4.4,-3.55,-11.41918493318));
#11613=VECTOR('',#13670,0.1691849331786);
#11614=CARTESIAN_POINT('',(-1.9,-3.55,-11.41918493314));
#11615=CARTESIAN_POINT('',(-4.4,-3.55,-11.41918493318));
#11616=VECTOR('',#13671,2.5);
#11617=CARTESIAN_POINT('',(-1.9,-3.55,-8.992451974142));
#11618=CARTESIAN_POINT('',(-1.9,-3.55,-8.992451974142));
#11619=VECTOR('',#13672,2.426732959036);
#11620=CARTESIAN_POINT('',(-3.3,-3.55,-8.992451974211));
#11621=VECTOR('',#13673,1.4);
#11622=CARTESIAN_POINT('',(-4.5,-3.550000002528,-8.873205082549));
#11623=VECTOR('',#13674,1.2);
#11624=CARTESIAN_POINT('',(-4.5,-3.57,-8.884752085885));
#11625=VECTOR('',#13675,10.5);
#11626=CARTESIAN_POINT('',(-1.9,-3.385721239031,-8.9158475299));
#11627=CARTESIAN_POINT('',(-3.3,-3.385721239031,-8.9158475299));
#11628=VECTOR('',#13676,1.4);
#11629=AXIS2_PLACEMENT_3D('',#13677,#13678,#13679);
#11630=CARTESIAN_POINT('',(-1.8,-3.45,-8.992451974211));
#11631=AXIS2_PLACEMENT_3D('',#13680,#13681,#13682);
#11632=AXIS2_PLACEMENT_3D('',#13683,#13684,#13685);
#11633=CARTESIAN_POINT('',(-1.9,-1.235721239031,-10.71991173693));
#11634=CARTESIAN_POINT('',(-1.8,-1.3,-10.79651618124));
#11635=AXIS2_PLACEMENT_3D('',#13686,#13687,#13688);
#11636=CARTESIAN_POINT('',(-1.9,-1.235721239031,-10.71991173693));
#11637=VECTOR('',#13689,2.806625672136);
#11638=CARTESIAN_POINT('',(-1.8,-1.3,-10.79651618124));
#11639=VECTOR('',#13690,2.806625672064);
#11640=CARTESIAN_POINT('',(-1.8,-3.45,-11.41918493314));
#11641=CARTESIAN_POINT('',(-1.8,-3.45,-8.992451974211));
#11642=VECTOR('',#13691,2.426732958972);
#11643=CARTESIAN_POINT('',(-1.8,-3.656587955592,-11.66538687138));
#11644=AXIS2_PLACEMENT_3D('',#13692,#13693,#13694);
#11645=CARTESIAN_POINT('',(-1.8,-4.0,-11.72593968033));
#11646=CARTESIAN_POINT('',(-1.8,-3.656587955592,-11.66538687138));
#11647=VECTOR('',#13695,0.3487097287372);
#11648=CARTESIAN_POINT('',(-1.8,-4.0,-12.07275300838));
#11649=CARTESIAN_POINT('',(-1.8,-4.0,-11.72593968033));
#11650=VECTOR('',#13696,0.3468133280508);
#11651=CARTESIAN_POINT('',(-1.8,-3.582446609418,-12.49030639896));
#11652=CARTESIAN_POINT('',(-1.8,-4.0,-12.07275300838));
#11653=VECTOR('',#13697,0.5905096679758);
#11654=CARTESIAN_POINT('',(-1.8,-3.370314575062,-12.5781743646));
#11655=AXIS2_PLACEMENT_3D('',#13698,#13699,#13700);
#11656=CARTESIAN_POINT('',(-1.8,-2.975905016393,-12.5781743646));
#11657=CARTESIAN_POINT('',(-1.8,-3.370314575062,-12.5781743646));
#11658=VECTOR('',#13701,0.3944095586691);
#11659=CARTESIAN_POINT('',(-1.8,-2.93260374621,-12.55317436461));
#11660=AXIS2_PLACEMENT_3D('',#13702,#13703,#13704);
#11661=CARTESIAN_POINT('',(-1.8,-2.744964908581,-12.22817436454));
#11662=CARTESIAN_POINT('',(-1.8,-2.93260374621,-12.55317436461));
#11663=VECTOR('',#13705,0.375277675108);
#11664=CARTESIAN_POINT('',(-1.8,-2.225349666342,-12.22817436464));
#11665=AXIS2_PLACEMENT_3D('',#13706,#13707,#13708);
#11666=CARTESIAN_POINT('',(-1.8,-2.037710828858,-12.5531743646));
#11667=CARTESIAN_POINT('',(-1.8,-2.225349666342,-12.22817436464));
#11668=VECTOR('',#13709,0.3752776749393);
#11669=CARTESIAN_POINT('',(-1.8,-1.994409558669,-12.5781743646));
#11670=AXIS2_PLACEMENT_3D('',#13710,#13711,#13712);
#11671=CARTESIAN_POINT('',(-1.8,-1.6,-12.5781743646));
#11672=CARTESIAN_POINT('',(-1.8,-1.994409558669,-12.5781743646));
#11673=VECTOR('',#13713,0.3944095586691);
#11674=CARTESIAN_POINT('',(-1.8,-1.3,-12.2781743646));
#11675=AXIS2_PLACEMENT_3D('',#13714,#13715,#13716);
#11676=CARTESIAN_POINT('',(-1.8,-1.3,-12.2781743646));
#11677=VECTOR('',#13717,1.481658183362);
#11678=AXIS2_PLACEMENT_3D('',#13718,#13719,#13720);
#11679=AXIS2_PLACEMENT_3D('',#13721,#13722,#13723);
#11680=CARTESIAN_POINT('',(-1.9,-1.6,-12.6781743646));
#11681=AXIS2_PLACEMENT_3D('',#13724,#13725,#13726);
#11682=AXIS2_PLACEMENT_3D('',#13727,#13728,#13729);
#11683=CARTESIAN_POINT('',(-4.4,-1.600000000031,-12.6781743646));
#11684=CARTESIAN_POINT('',(-4.4,-1.600000000031,-12.6781743646));
#11685=VECTOR('',#13730,2.5);
#11686=AXIS2_PLACEMENT_3D('',#13731,#13732,#13733);
#11687=AXIS2_PLACEMENT_3D('',#13734,#13735,#13736);
#11688=CARTESIAN_POINT('',(-4.4,-1.994409558669,-12.6781743646));
#11689=CARTESIAN_POINT('',(-4.4,-1.600000000031,-12.6781743646));
#11690=VECTOR('',#13737,0.3944095586744);
#11691=AXIS2_PLACEMENT_3D('',#13738,#13739,#13740);
#11692=CARTESIAN_POINT('',(-4.4,-2.124313369244,-12.60317436459));
#11693=AXIS2_PLACEMENT_3D('',#13741,#13742,#13743);
#11694=AXIS2_PLACEMENT_3D('',#13744,#13745,#13746);
#11695=CARTESIAN_POINT('',(-4.4,-2.311952206723,-12.2781743646));
#11696=CARTESIAN_POINT('',(-4.4,-2.124313369244,-12.60317436459));
#11697=VECTOR('',#13747,0.3752776749135);
#11698=AXIS2_PLACEMENT_3D('',#13748,#13749,#13750);
#11699=AXIS2_PLACEMENT_3D('',#13751,#13752,#13753);
#11700=AXIS2_PLACEMENT_3D('',#13754,#13755,#13756);
#11701=CARTESIAN_POINT('',(-4.4,-2.846001205843,-12.60317436463));
#11702=CARTESIAN_POINT('',(-4.4,-2.65836236821,-12.27817436456));
#11703=VECTOR('',#13757,0.3752776751499);
#11704=AXIS2_PLACEMENT_3D('',#13758,#13759,#13760);
#11705=CARTESIAN_POINT('',(-4.4,-2.975905016408,-12.6781743646));
#11706=AXIS2_PLACEMENT_3D('',#13761,#13762,#13763);
#11707=AXIS2_PLACEMENT_3D('',#13764,#13765,#13766);
#11708=CARTESIAN_POINT('',(-4.4,-3.370314575062,-12.6781743646));
#11709=CARTESIAN_POINT('',(-4.4,-2.975905016408,-12.6781743646));
#11710=VECTOR('',#13767,0.3944095586246);
#11711=AXIS2_PLACEMENT_3D('',#13768,#13769,#13770);
#11712=CARTESIAN_POINT('',(-4.4,-3.653157287553,-12.56101707706));
#11713=AXIS2_PLACEMENT_3D('',#13771,#13772,#13773);
#11714=AXIS2_PLACEMENT_3D('',#13774,#13775,#13776);
#11715=CARTESIAN_POINT('',(-4.4,-4.070710678119,-12.1434636865));
#11716=CARTESIAN_POINT('',(-4.4,-3.653157287553,-12.56101707706));
#11717=VECTOR('',#13777,0.5905096679592);
#11718=AXIS2_PLACEMENT_3D('',#13778,#13779,#13780);
#11719=CARTESIAN_POINT('',(-4.4,-4.1,-12.07275300841));
#11720=AXIS2_PLACEMENT_3D('',#13781,#13782,#13783);
#11721=AXIS2_PLACEMENT_3D('',#13784,#13785,#13786);
#11722=CARTESIAN_POINT('',(-1.9,-4.070710678123,-12.14346368649));
#11723=CARTESIAN_POINT('',(-4.4,-4.070710678123,-12.14346368649));
#11724=VECTOR('',#13787,2.5);
#11725=CARTESIAN_POINT('',(-1.9,-4.1,-12.07275300838));
#11726=AXIS2_PLACEMENT_3D('',#13788,#13789,#13790);
#11727=CARTESIAN_POINT('',(-4.4,-4.1,-12.07275300841));
#11728=VECTOR('',#13791,2.5);
#11729=CARTESIAN_POINT('',(-1.9,-4.1,-11.72593968029));
#11730=CARTESIAN_POINT('',(-1.9,-4.1,-11.72593968029));
#11731=VECTOR('',#13792,0.3468133281205);
#11732=CARTESIAN_POINT('',(-4.4,-4.1,-11.72593968033));
#11733=CARTESIAN_POINT('',(-4.4,-4.1,-11.72593968029));
#11734=VECTOR('',#13793,2.5);
#11735=CARTESIAN_POINT('',(-4.4,-4.1,-12.07275300841));
#11736=VECTOR('',#13794,0.3468133281205);
#11737=AXIS2_PLACEMENT_3D('',#13795,#13796,#13797);
#11738=CARTESIAN_POINT('',(-4.4,-4.017364817805,-11.62745890503));
#11739=AXIS2_PLACEMENT_3D('',#13798,#13799,#13800);
#11740=AXIS2_PLACEMENT_3D('',#13801,#13802,#13803);
#11741=CARTESIAN_POINT('',(-1.9,-4.017364817767,-11.62745890503));
#11742=AXIS2_PLACEMENT_3D('',#13804,#13805,#13806);
#11743=CARTESIAN_POINT('',(-4.4,-4.017364817805,-11.62745890503));
#11744=VECTOR('',#13807,2.5);
#11745=CARTESIAN_POINT('',(-1.9,-3.673952773352,-11.5669060961));
#11746=CARTESIAN_POINT('',(-1.9,-3.673952773352,-11.5669060961));
#11747=VECTOR('',#13808,0.3487097287798);
#11748=CARTESIAN_POINT('',(-4.4,-3.67395277335,-11.5669060961));
#11749=CARTESIAN_POINT('',(-4.4,-3.673952773352,-11.5669060961));
#11750=VECTOR('',#13809,2.5);
#11751=CARTESIAN_POINT('',(-4.4,-4.017364817805,-11.62745890503));
#11752=VECTOR('',#13810,0.3487097287797);
#11753=AXIS2_PLACEMENT_3D('',#13811,#13812,#13813);
#11754=AXIS2_PLACEMENT_3D('',#13814,#13815,#13816);
#11755=AXIS2_PLACEMENT_3D('',#13817,#13818,#13819);
#11756=AXIS2_PLACEMENT_3D('',#13820,#13821,#13822);
#11757=AXIS2_PLACEMENT_3D('',#13823,#13824,#13825);
#11758=AXIS2_PLACEMENT_3D('',#13826,#13827,#13828);
#11759=AXIS2_PLACEMENT_3D('',#13829,#13830,#13831);
#11760=AXIS2_PLACEMENT_3D('',#13832,#13833,#13834);
#11761=AXIS2_PLACEMENT_3D('',#13835,#13836,#13837);
#11762=CARTESIAN_POINT('',(-1.9,-3.653157287537,-12.56101707708));
#11763=CARTESIAN_POINT('',(-1.9,-4.070710678123,-12.14346368649));
#11764=VECTOR('',#13838,0.5905096679592);
#11765=AXIS2_PLACEMENT_3D('',#13839,#13840,#13841);
#11766=CARTESIAN_POINT('',(-1.9,-3.370314575033,-12.6781743646));
#11767=AXIS2_PLACEMENT_3D('',#13842,#13843,#13844);
#11768=AXIS2_PLACEMENT_3D('',#13845,#13846,#13847);
#11769=CARTESIAN_POINT('',(-1.9,-2.975905016393,-12.6781743646));
#11770=CARTESIAN_POINT('',(-1.9,-3.370314575033,-12.6781743646));
#11771=VECTOR('',#13848,0.3944095586246);
#11772=AXIS2_PLACEMENT_3D('',#13849,#13850,#13851);
#11773=CARTESIAN_POINT('',(-1.9,-2.846001205861,-12.60317436467));
#11774=AXIS2_PLACEMENT_3D('',#13852,#13853,#13854);
#11775=AXIS2_PLACEMENT_3D('',#13855,#13856,#13857);
#11776=CARTESIAN_POINT('',(-1.9,-2.846001205861,-12.60317436467));
#11777=VECTOR('',#13858,0.3752776751498);
#11778=AXIS2_PLACEMENT_3D('',#13859,#13860,#13861);
#11779=CARTESIAN_POINT('',(-1.9,-2.311952206701,-12.27817436464));
#11780=AXIS2_PLACEMENT_3D('',#13862,#13863,#13864);
#11781=AXIS2_PLACEMENT_3D('',#13865,#13866,#13867);
#11782=CARTESIAN_POINT('',(-1.9,-2.124313369237,-12.6031743646));
#11783=CARTESIAN_POINT('',(-1.9,-2.311952206701,-12.27817436464));
#11784=VECTOR('',#13868,0.3752776749135);
#11785=AXIS2_PLACEMENT_3D('',#13869,#13870,#13871);
#11786=CARTESIAN_POINT('',(-1.9,-1.994409558706,-12.6781743646));
#11787=AXIS2_PLACEMENT_3D('',#13872,#13873,#13874);
#11788=AXIS2_PLACEMENT_3D('',#13875,#13876,#13877);
#11789=CARTESIAN_POINT('',(-1.9,-1.994409558706,-12.6781743646));
#11790=VECTOR('',#13878,0.3944095586744);
#11791=CARTESIAN_POINT('',(-4.4,-1.994409558706,-12.6781743646));
#11792=VECTOR('',#13879,2.5);
#11793=CARTESIAN_POINT('',(-4.4,-2.124313369244,-12.60317436459));
#11794=VECTOR('',#13880,2.5);
#11795=CARTESIAN_POINT('',(-4.4,-2.311952206701,-12.27817436464));
#11796=VECTOR('',#13881,2.5);
#11797=CARTESIAN_POINT('',(-4.4,-2.846001205861,-12.60317436467));
#11798=VECTOR('',#13882,2.5);
#11799=CARTESIAN_POINT('',(-4.4,-2.975905016408,-12.6781743646));
#11800=VECTOR('',#13883,2.5);
#11801=CARTESIAN_POINT('',(-4.4,-3.370314575033,-12.6781743646));
#11802=VECTOR('',#13884,2.5);
#11803=CARTESIAN_POINT('',(-4.4,-3.653157287553,-12.56101707706));
#11804=VECTOR('',#13885,2.5);
#11805=AXIS2_PLACEMENT_3D('',#13886,#13887,#13888);
#11806=CARTESIAN_POINT('',(-3.323395555688,-1.235721239031,-10.71991173693));
#11807=VECTOR('',#13889,1.423395555688);
#11808=CARTESIAN_POINT('',(0.2,-3.385721239031,-8.9158475299));
#11809=AXIS2_PLACEMENT_3D('',#13890,#13891,#13892);
#11810=CARTESIAN_POINT('',(0.2,-1.3,-10.66597545231));
#11811=CARTESIAN_POINT('',(0.2,-1.3,-10.66597545231));
#11812=VECTOR('',#13893,2.722715708947);
#11813=CARTESIAN_POINT('',(0.2,-1.3,-10.66597545231));
#11814=VECTOR('',#13894,0.7959754525433);
#11815=CARTESIAN_POINT('',(0.1766044443119,-1.235721239031,-10.71991173693));
#11816=CARTESIAN_POINT('',(0.1766044443119,-1.235721239031,-10.71991173693));
#11817=CARTESIAN_POINT('',(0.1929666349899,-1.255220938555,-10.70354954625));
#11818=CARTESIAN_POINT('',(0.2,-1.276819327449,-10.6854263461));
#11819=CARTESIAN_POINT('',(0.2,-1.3,-10.66597545231));
#11820=CARTESIAN_POINT('',(0.1,-1.2,-10.79651618124));
#11821=CARTESIAN_POINT('',(0.1,-1.2,-10.79651618124));
#11822=CARTESIAN_POINT('',(0.1083764256897,-1.2,-10.78813975555));
#11823=CARTESIAN_POINT('',(0.1243237662272,-1.202096858617,-10.77219241502));
#11824=CARTESIAN_POINT('',(0.1451424284844,-1.209911766341,-10.75137375276));
#11825=CARTESIAN_POINT('',(0.1628005538737,-1.22128316782,-10.73371562737));
#11826=CARTESIAN_POINT('',(0.1723910720466,-1.230699937497,-10.7241251092));
#11827=CARTESIAN_POINT('',(0.1766044443119,-1.235721239031,-10.71991173693));
#11828=CARTESIAN_POINT('',(0.1,-1.2,-10.79651618124));
#11829=VECTOR('',#13895,0.8265161814765);
#11830=CARTESIAN_POINT('',(1.6,-1.2,-10.79651618124));
#11831=CARTESIAN_POINT('',(1.6,-1.2,-10.79651618124));
#11832=VECTOR('',#13896,1.5);
#11833=CARTESIAN_POINT('',(1.6,-1.2,-12.27817436456));
#11834=CARTESIAN_POINT('',(1.6,-1.2,-12.27817436456));
#11835=VECTOR('',#13897,1.481658183319);
#11836=CARTESIAN_POINT('',(-0.9,-1.2,-12.2781743646));
#11837=CARTESIAN_POINT('',(1.6,-1.2,-12.27817436456));
#11838=VECTOR('',#13898,2.5);
#11839=CARTESIAN_POINT('',(-0.9,-1.2,-9.969999999766));
#11840=VECTOR('',#13899,2.308174364754);
#11841=AXIS2_PLACEMENT_3D('',#13900,#13901,#13902);
#11842=CARTESIAN_POINT('',(-0.9,-1.600000000031,-12.6781743646));
#11843=AXIS2_PLACEMENT_3D('',#13903,#13904,#13905);
#11844=AXIS2_PLACEMENT_3D('',#13906,#13907,#13908);
#11845=CARTESIAN_POINT('',(-0.9,-1.994409558669,-12.6781743646));
#11846=CARTESIAN_POINT('',(-0.9,-1.600000000031,-12.6781743646));
#11847=VECTOR('',#13909,0.3944095586744);
#11848=AXIS2_PLACEMENT_3D('',#13910,#13911,#13912);
#11849=CARTESIAN_POINT('',(-0.9,-2.124313369244,-12.60317436459));
#11850=AXIS2_PLACEMENT_3D('',#13913,#13914,#13915);
#11851=AXIS2_PLACEMENT_3D('',#13916,#13917,#13918);
#11852=CARTESIAN_POINT('',(-0.9,-2.311952206723,-12.2781743646));
#11853=CARTESIAN_POINT('',(-0.9,-2.124313369244,-12.60317436459));
#11854=VECTOR('',#13919,0.3752776749135);
#11855=AXIS2_PLACEMENT_3D('',#13920,#13921,#13922);
#11856=AXIS2_PLACEMENT_3D('',#13923,#13924,#13925);
#11857=AXIS2_PLACEMENT_3D('',#13926,#13927,#13928);
#11858=CARTESIAN_POINT('',(-0.9,-2.846001205843,-12.60317436463));
#11859=CARTESIAN_POINT('',(-0.9,-2.65836236821,-12.27817436456));
#11860=VECTOR('',#13929,0.3752776751499);
#11861=AXIS2_PLACEMENT_3D('',#13930,#13931,#13932);
#11862=CARTESIAN_POINT('',(-0.9,-2.975905016408,-12.6781743646));
#11863=AXIS2_PLACEMENT_3D('',#13933,#13934,#13935);
#11864=AXIS2_PLACEMENT_3D('',#13936,#13937,#13938);
#11865=CARTESIAN_POINT('',(-0.9,-3.370314575062,-12.6781743646));
#11866=CARTESIAN_POINT('',(-0.9,-2.975905016408,-12.6781743646));
#11867=VECTOR('',#13939,0.3944095586246);
#11868=AXIS2_PLACEMENT_3D('',#13940,#13941,#13942);
#11869=CARTESIAN_POINT('',(-0.9,-3.653157287553,-12.56101707706));
#11870=AXIS2_PLACEMENT_3D('',#13943,#13944,#13945);
#11871=AXIS2_PLACEMENT_3D('',#13946,#13947,#13948);
#11872=CARTESIAN_POINT('',(-0.9,-4.070710678119,-12.1434636865));
#11873=CARTESIAN_POINT('',(-0.9,-3.653157287553,-12.56101707706));
#11874=VECTOR('',#13949,0.5905096679592);
#11875=AXIS2_PLACEMENT_3D('',#13950,#13951,#13952);
#11876=CARTESIAN_POINT('',(-0.9,-4.1,-12.07275300841));
#11877=AXIS2_PLACEMENT_3D('',#13953,#13954,#13955);
#11878=AXIS2_PLACEMENT_3D('',#13956,#13957,#13958);
#11879=CARTESIAN_POINT('',(1.6,-4.070710678123,-12.14346368649));
#11880=CARTESIAN_POINT('',(-0.9,-4.070710678123,-12.14346368649));
#11881=VECTOR('',#13959,2.5);
#11882=CARTESIAN_POINT('',(1.6,-4.1,-12.07275300838));
#11883=AXIS2_PLACEMENT_3D('',#13960,#13961,#13962);
#11884=CARTESIAN_POINT('',(-0.9,-4.1,-12.07275300841));
#11885=VECTOR('',#13963,2.5);
#11886=CARTESIAN_POINT('',(1.6,-4.1,-11.72593968029));
#11887=CARTESIAN_POINT('',(1.6,-4.1,-11.72593968029));
#11888=VECTOR('',#13964,0.3468133281205);
#11889=CARTESIAN_POINT('',(-0.9,-4.1,-11.72593968033));
#11890=CARTESIAN_POINT('',(-0.9,-4.1,-11.72593968029));
#11891=VECTOR('',#13965,2.5);
#11892=CARTESIAN_POINT('',(-0.9,-4.1,-12.07275300841));
#11893=VECTOR('',#13966,0.3468133281205);
#11894=AXIS2_PLACEMENT_3D('',#13967,#13968,#13969);
#11895=CARTESIAN_POINT('',(-0.9,-4.017364817805,-11.62745890503));
#11896=AXIS2_PLACEMENT_3D('',#13970,#13971,#13972);
#11897=AXIS2_PLACEMENT_3D('',#13973,#13974,#13975);
#11898=CARTESIAN_POINT('',(1.6,-4.017364817767,-11.62745890503));
#11899=AXIS2_PLACEMENT_3D('',#13976,#13977,#13978);
#11900=CARTESIAN_POINT('',(-0.9,-4.017364817805,-11.62745890503));
#11901=VECTOR('',#13979,2.5);
#11902=CARTESIAN_POINT('',(1.6,-3.673952773352,-11.5669060961));
#11903=CARTESIAN_POINT('',(1.6,-3.673952773352,-11.5669060961));
#11904=VECTOR('',#13980,0.3487097287798);
#11905=CARTESIAN_POINT('',(-0.9,-3.67395277335,-11.5669060961));
#11906=CARTESIAN_POINT('',(-0.9,-3.673952773352,-11.5669060961));
#11907=VECTOR('',#13981,2.5);
#11908=CARTESIAN_POINT('',(-0.9,-4.017364817805,-11.62745890503));
#11909=VECTOR('',#13982,0.3487097287797);
#11910=AXIS2_PLACEMENT_3D('',#13983,#13984,#13985);
#11911=AXIS2_PLACEMENT_3D('',#13986,#13987,#13988);
#11912=AXIS2_PLACEMENT_3D('',#13989,#13990,#13991);
#11913=CARTESIAN_POINT('',(1.7,-3.45,-11.41918493314));
#11914=AXIS2_PLACEMENT_3D('',#13992,#13993,#13994);
#11915=CARTESIAN_POINT('',(1.7,-3.656587955592,-11.66538687138));
#11916=AXIS2_PLACEMENT_3D('',#13995,#13996,#13997);
#11917=AXIS2_PLACEMENT_3D('',#13998,#13999,#14000);
#11918=CARTESIAN_POINT('',(1.7,-1.3,-10.79651618124));
#11919=CARTESIAN_POINT('',(1.7,-3.45,-8.992451974211));
#11920=CARTESIAN_POINT('',(1.7,-1.3,-10.79651618124));
#11921=VECTOR('',#14001,2.806625672064);
#11922=CARTESIAN_POINT('',(1.7,-3.45,-8.992451974211));
#11923=VECTOR('',#14002,2.426732958972);
#11924=CARTESIAN_POINT('',(1.7,-4.0,-11.72593968033));
#11925=CARTESIAN_POINT('',(1.7,-3.656587955592,-11.66538687138));
#11926=VECTOR('',#14003,0.3487097287372);
#11927=CARTESIAN_POINT('',(1.7,-4.0,-12.07275300838));
#11928=CARTESIAN_POINT('',(1.7,-4.0,-11.72593968033));
#11929=VECTOR('',#14004,0.3468133280508);
#11930=CARTESIAN_POINT('',(1.7,-3.582446609418,-12.49030639896));
#11931=CARTESIAN_POINT('',(1.7,-4.0,-12.07275300838));
#11932=VECTOR('',#14005,0.5905096679758);
#11933=CARTESIAN_POINT('',(1.7,-3.370314575062,-12.5781743646));
#11934=AXIS2_PLACEMENT_3D('',#14006,#14007,#14008);
#11935=CARTESIAN_POINT('',(1.7,-2.975905016393,-12.5781743646));
#11936=CARTESIAN_POINT('',(1.7,-3.370314575062,-12.5781743646));
#11937=VECTOR('',#14009,0.3944095586691);
#11938=CARTESIAN_POINT('',(1.7,-2.93260374621,-12.55317436461));
#11939=AXIS2_PLACEMENT_3D('',#14010,#14011,#14012);
#11940=CARTESIAN_POINT('',(1.7,-2.744964908581,-12.22817436454));
#11941=CARTESIAN_POINT('',(1.7,-2.93260374621,-12.55317436461));
#11942=VECTOR('',#14013,0.375277675108);
#11943=CARTESIAN_POINT('',(1.7,-2.225349666342,-12.22817436464));
#11944=AXIS2_PLACEMENT_3D('',#14014,#14015,#14016);
#11945=CARTESIAN_POINT('',(1.7,-2.037710828858,-12.5531743646));
#11946=CARTESIAN_POINT('',(1.7,-2.225349666342,-12.22817436464));
#11947=VECTOR('',#14017,0.3752776749393);
#11948=CARTESIAN_POINT('',(1.7,-1.994409558669,-12.5781743646));
#11949=AXIS2_PLACEMENT_3D('',#14018,#14019,#14020);
#11950=CARTESIAN_POINT('',(1.7,-1.6,-12.5781743646));
#11951=CARTESIAN_POINT('',(1.7,-1.994409558669,-12.5781743646));
#11952=VECTOR('',#14021,0.3944095586691);
#11953=CARTESIAN_POINT('',(1.7,-1.3,-12.2781743646));
#11954=AXIS2_PLACEMENT_3D('',#14022,#14023,#14024);
#11955=CARTESIAN_POINT('',(1.7,-1.3,-12.2781743646));
#11956=VECTOR('',#14025,1.481658183362);
#11957=AXIS2_PLACEMENT_3D('',#14026,#14027,#14028);
#11958=AXIS2_PLACEMENT_3D('',#14029,#14030,#14031);
#11959=CARTESIAN_POINT('',(1.6,-1.6,-12.6781743646));
#11960=AXIS2_PLACEMENT_3D('',#14032,#14033,#14034);
#11961=AXIS2_PLACEMENT_3D('',#14035,#14036,#14037);
#11962=CARTESIAN_POINT('',(-0.9,-1.600000000031,-12.6781743646));
#11963=VECTOR('',#14038,2.5);
#11964=CARTESIAN_POINT('',(1.6,-1.994409558706,-12.6781743646));
#11965=CARTESIAN_POINT('',(1.6,-1.994409558706,-12.6781743646));
#11966=VECTOR('',#14039,0.3944095586744);
#11967=CARTESIAN_POINT('',(-0.9,-1.994409558706,-12.6781743646));
#11968=VECTOR('',#14040,2.5);
#11969=CARTESIAN_POINT('',(1.6,-2.124313369237,-12.6031743646));
#11970=AXIS2_PLACEMENT_3D('',#14041,#14042,#14043);
#11971=CARTESIAN_POINT('',(-0.9,-2.124313369244,-12.60317436459));
#11972=VECTOR('',#14044,2.5);
#11973=CARTESIAN_POINT('',(1.6,-2.311952206701,-12.27817436464));
#11974=CARTESIAN_POINT('',(1.6,-2.311952206701,-12.27817436464));
#11975=VECTOR('',#14045,0.3752776749135);
#11976=CARTESIAN_POINT('',(-0.9,-2.311952206701,-12.27817436464));
#11977=VECTOR('',#14046,2.5);
#11978=AXIS2_PLACEMENT_3D('',#14047,#14048,#14049);
#11979=CARTESIAN_POINT('',(1.6,-2.846001205861,-12.60317436467));
#11980=CARTESIAN_POINT('',(1.6,-2.846001205861,-12.60317436467));
#11981=VECTOR('',#14050,0.3752776751498);
#11982=CARTESIAN_POINT('',(-0.9,-2.846001205861,-12.60317436467));
#11983=VECTOR('',#14051,2.5);
#11984=CARTESIAN_POINT('',(1.6,-2.975905016393,-12.6781743646));
#11985=AXIS2_PLACEMENT_3D('',#14052,#14053,#14054);
#11986=CARTESIAN_POINT('',(-0.9,-2.975905016408,-12.6781743646));
#11987=VECTOR('',#14055,2.5);
#11988=CARTESIAN_POINT('',(1.6,-3.370314575033,-12.6781743646));
#11989=CARTESIAN_POINT('',(1.6,-3.370314575033,-12.6781743646));
#11990=VECTOR('',#14056,0.3944095586246);
#11991=CARTESIAN_POINT('',(-0.9,-3.370314575033,-12.6781743646));
#11992=VECTOR('',#14057,2.5);
#11993=CARTESIAN_POINT('',(1.6,-3.653157287537,-12.56101707708));
#11994=AXIS2_PLACEMENT_3D('',#14058,#14059,#14060);
#11995=CARTESIAN_POINT('',(-0.9,-3.653157287553,-12.56101707706));
#11996=VECTOR('',#14061,2.5);
#11997=CARTESIAN_POINT('',(1.6,-4.070710678123,-12.14346368649));
#11998=VECTOR('',#14062,0.5905096679592);
#11999=AXIS2_PLACEMENT_3D('',#14063,#14064,#14065);
#12000=AXIS2_PLACEMENT_3D('',#14066,#14067,#14068);
#12001=AXIS2_PLACEMENT_3D('',#14069,#14070,#14071);
#12002=AXIS2_PLACEMENT_3D('',#14072,#14073,#14074);
#12003=AXIS2_PLACEMENT_3D('',#14075,#14076,#14077);
#12004=AXIS2_PLACEMENT_3D('',#14078,#14079,#14080);
#12005=AXIS2_PLACEMENT_3D('',#14081,#14082,#14083);
#12006=AXIS2_PLACEMENT_3D('',#14084,#14085,#14086);
#12007=AXIS2_PLACEMENT_3D('',#14087,#14088,#14089);
#12008=AXIS2_PLACEMENT_3D('',#14090,#14091,#14092);
#12009=AXIS2_PLACEMENT_3D('',#14093,#14094,#14095);
#12010=AXIS2_PLACEMENT_3D('',#14096,#14097,#14098);
#12011=CARTESIAN_POINT('',(1.6,-1.235721239031,-10.71991173693));
#12012=AXIS2_PLACEMENT_3D('',#14099,#14100,#14101);
#12013=AXIS2_PLACEMENT_3D('',#14102,#14103,#14104);
#12014=CARTESIAN_POINT('',(1.6,-3.385721239031,-8.9158475299));
#12015=CARTESIAN_POINT('',(1.6,-1.235721239031,-10.71991173693));
#12016=VECTOR('',#14105,2.806625672136);
#12017=AXIS2_PLACEMENT_3D('',#14106,#14107,#14108);
#12018=AXIS2_PLACEMENT_3D('',#14109,#14110,#14111);
#12019=AXIS2_PLACEMENT_3D('',#14112,#14113,#14114);
#12020=CARTESIAN_POINT('',(0.2,-3.385721239031,-8.9158475299));
#12021=VECTOR('',#14115,1.4);
#12022=CARTESIAN_POINT('',(0.1766044443119,-1.235721239031,-10.71991173693));
#12023=VECTOR('',#14116,1.423395555688);
#12024=CARTESIAN_POINT('',(1.8,-4.15,-9.0));
#12025=VECTOR('',#14117,0.3928203273062);
#12026=CARTESIAN_POINT('',(1.8,-4.15,-10.75));
#12027=AXIS2_PLACEMENT_3D('',#14118,#14119,#14120);
#12028=CARTESIAN_POINT('',(1.8,-4.150000008553,-9.392820327306));
#12029=VECTOR('',#14121,1.357179672694);
#12030=CARTESIAN_POINT('',(-1.0,-4.15,-10.75));
#12031=VECTOR('',#14122,2.8);
#12032=AXIS2_PLACEMENT_3D('',#14123,#14124,#14125);
#12033=AXIS2_PLACEMENT_3D('',#14126,#14127,#14128);
#12034=CARTESIAN_POINT('',(5.0,-4.8,-8.794150714426));
#12035=CARTESIAN_POINT('',(5.0,-4.8,-7.705849285574));
#12036=AXIS2_PLACEMENT_3D('',#14129,#14130,#14131);
#12037=AXIS2_PLACEMENT_3D('',#14132,#14133,#14134);
#12038=AXIS2_PLACEMENT_3D('',#14135,#14136,#14137);
#12039=AXIS2_PLACEMENT_3D('',#14138,#14139,#14140);
#12040=AXIS2_PLACEMENT_3D('',#14141,#14142,#14143);
#12041=AXIS2_PLACEMENT_3D('',#14144,#14145,#14146);
#12042=CARTESIAN_POINT('',(5.0,-4.8,-6.094150714426));
#12043=CARTESIAN_POINT('',(5.0,-4.8,-5.005849285574));
#12044=AXIS2_PLACEMENT_3D('',#14147,#14148,#14149);
#12045=AXIS2_PLACEMENT_3D('',#14150,#14151,#14152);
#12046=AXIS2_PLACEMENT_3D('',#14153,#14154,#14155);
#12047=AXIS2_PLACEMENT_3D('',#14156,#14157,#14158);
#12048=AXIS2_PLACEMENT_3D('',#14159,#14160,#14161);
#12049=AXIS2_PLACEMENT_3D('',#14162,#14163,#14164);
#12050=AXIS2_PLACEMENT_3D('',#14165,#14166,#14167);
#12051=AXIS2_PLACEMENT_3D('',#14168,#14169,#14170);
#12052=CARTESIAN_POINT('',(5.041853478326,4.2,-7.283614455261));
#12053=CARTESIAN_POINT('',(5.041853478326,4.2,-6.216385544739));
#12054=AXIS2_PLACEMENT_3D('',#14171,#14172,#14173);
#12055=AXIS2_PLACEMENT_3D('',#14174,#14175,#14176);
#12056=AXIS2_PLACEMENT_3D('',#14177,#14178,#14179);
#12057=AXIS2_PLACEMENT_3D('',#14180,#14181,#14182);
#12058=AXIS2_PLACEMENT_3D('',#14183,#14184,#14185);
#12059=AXIS2_PLACEMENT_3D('',#14186,#14187,#14188);
#12060=CARTESIAN_POINT('',(5.55,-2.93,-5.05));
#12061=CARTESIAN_POINT('',(5.55,-2.93,-5.05));
#12062=VECTOR('',#14189,0.9000668030763);
#12063=CARTESIAN_POINT('',(5.55,-1.43,-5.05));
#12064=CARTESIAN_POINT('',(5.55,-2.93,-5.05));
#12065=VECTOR('',#14190,1.5);
#12066=CARTESIAN_POINT('',(6.0,-1.43,-4.2705));
#12067=VECTOR('',#14191,0.9000668030763);
#12068=CARTESIAN_POINT('',(5.55,-1.43,-8.25));
#12069=CARTESIAN_POINT('',(6.0,-1.43,-8.25));
#12070=VECTOR('',#14192,0.45);
#12071=CARTESIAN_POINT('',(5.55,-1.43,-8.25));
#12072=VECTOR('',#14193,3.2);
#12073=CARTESIAN_POINT('',(5.55,-2.93,-8.25));
#12074=CARTESIAN_POINT('',(5.55,-2.93,-5.05));
#12075=VECTOR('',#14194,3.2);
#12076=CARTESIAN_POINT('',(5.55,-2.93,-8.25));
#12077=VECTOR('',#14195,1.5);
#12078=CARTESIAN_POINT('',(6.0,-2.93,-8.25));
#12079=VECTOR('',#14196,0.45);
#12080=AXIS2_PLACEMENT_3D('',#14197,#14198,#14199);
#12081=AXIS2_PLACEMENT_3D('',#14200,#14201,#14202);
#12082=CARTESIAN_POINT('',(-5.0,-4.8,-7.771976905198));
#12083=AXIS2_PLACEMENT_3D('',#14203,#14204,#14205);
#12084=CARTESIAN_POINT('',(-5.0,-4.8,-8.728023094802));
#12085=AXIS2_PLACEMENT_3D('',#14206,#14207,#14208);
#12086=AXIS2_PLACEMENT_3D('',#14209,#14210,#14211);
#12087=AXIS2_PLACEMENT_3D('',#14212,#14213,#14214);
#12088=AXIS2_PLACEMENT_3D('',#14215,#14216,#14217);
#12089=AXIS2_PLACEMENT_3D('',#14218,#14219,#14220);
#12090=CARTESIAN_POINT('',(-5.0,-4.8,-5.071976905198));
#12091=AXIS2_PLACEMENT_3D('',#14221,#14222,#14223);
#12092=CARTESIAN_POINT('',(-5.0,-4.8,-6.028023094802));
#12093=AXIS2_PLACEMENT_3D('',#14224,#14225,#14226);
#12094=AXIS2_PLACEMENT_3D('',#14227,#14228,#14229);
#12095=AXIS2_PLACEMENT_3D('',#14230,#14231,#14232);
#12096=AXIS2_PLACEMENT_3D('',#14233,#14234,#14235);
#12097=AXIS2_PLACEMENT_3D('',#14236,#14237,#14238);
#12098=CARTESIAN_POINT('',(-5.0,2.8,-3.169987437106));
#12099=AXIS2_PLACEMENT_3D('',#14239,#14240,#14241);
#12100=CARTESIAN_POINT('',(-5.0,2.8,-4.330012562894));
#12101=AXIS2_PLACEMENT_3D('',#14242,#14243,#14244);
#12102=AXIS2_PLACEMENT_3D('',#14245,#14246,#14247);
#12103=AXIS2_PLACEMENT_3D('',#14248,#14249,#14250);
#12104=AXIS2_PLACEMENT_3D('',#14251,#14252,#14253);
#12105=AXIS2_PLACEMENT_3D('',#14254,#14255,#14256);
#12106=CARTESIAN_POINT('',(-5.0,4.2,-6.278204615369));
#12107=AXIS2_PLACEMENT_3D('',#14257,#14258,#14259);
#12108=CARTESIAN_POINT('',(-5.0,4.2,-7.221795384631));
#12109=AXIS2_PLACEMENT_3D('',#14260,#14261,#14262);
#12110=AXIS2_PLACEMENT_3D('',#14263,#14264,#14265);
#12111=AXIS2_PLACEMENT_3D('',#14266,#14267,#14268);
#12112=AXIS2_PLACEMENT_3D('',#14269,#14270,#14271);
#12113=AXIS2_PLACEMENT_3D('',#14272,#14273,#14274);
#12114=CARTESIAN_POINT('',(-5.0,4.7,-0.7759739453462));
#12115=AXIS2_PLACEMENT_3D('',#14275,#14276,#14277);
#12116=CARTESIAN_POINT('',(-5.0,4.7,-1.724026054654));
#12117=AXIS2_PLACEMENT_3D('',#14278,#14279,#14280);
#12118=AXIS2_PLACEMENT_3D('',#14281,#14282,#14283);
#12119=AXIS2_PLACEMENT_3D('',#14284,#14285,#14286);
#12120=CARTESIAN_POINT('',(-5.099993437548,4.7,-1.25));
#12121=DIRECTION('',(-1.0,-0.0,-0.0));
#12122=DIRECTION('',(0.0,0.0,-1.0));
#12123=CARTESIAN_POINT('',(-5.099993437548,4.7,0.2125120310415));
#12124=DIRECTION('',(0.0,1.0,0.0));
#12125=DIRECTION('',(0.100644539229996,0.0,-0.994922447592365));
#12126=CARTESIAN_POINT('',(-5.408954941954,4.7,-1.25));
#12127=DIRECTION('',(1.0,0.0,0.0));
#12128=DIRECTION('',(0.0,0.0,-1.0));
#12129=CARTESIAN_POINT('',(-5.099993437548,4.7,-2.712512031042));
#12130=DIRECTION('',(0.0,-1.0,0.0));
#12131=DIRECTION('',(0.100644539229996,0.0,0.994922447592365));
#12132=CARTESIAN_POINT('',(-5.099993437548,4.7,-1.25));
#12133=DIRECTION('',(-1.0,-0.0,-0.0));
#12134=DIRECTION('',(0.0,0.0,-1.0));
#12135=CARTESIAN_POINT('',(-5.408954941954,4.7,-1.25));
#12136=DIRECTION('',(-1.0,0.0,0.0));
#12137=DIRECTION('',(0.0,0.0,-1.0));
#12138=CARTESIAN_POINT('',(-5.097721788142,4.2,-6.75));
#12139=DIRECTION('',(-1.0,-0.0,-0.0));
#12140=DIRECTION('',(0.0,0.0,-1.0));
#12141=CARTESIAN_POINT('',(-5.097721788142,4.2,-5.289));
#12142=DIRECTION('',(0.0,1.0,0.0));
#12143=DIRECTION('',(0.0983097019899745,0.0,-0.995155868442046));
#12144=CARTESIAN_POINT('',(-5.380473521467,4.2,-6.75));
#12145=DIRECTION('',(1.0,0.0,0.0));
#12146=DIRECTION('',(0.0,0.0,-1.0));
#12147=CARTESIAN_POINT('',(-5.097721788142,4.2,-8.211));
#12148=DIRECTION('',(0.0,-1.0,0.0));
#12149=DIRECTION('',(0.0983097019899745,0.0,0.995155868442046));
#12150=CARTESIAN_POINT('',(-5.097721788142,4.2,-6.75));
#12151=DIRECTION('',(-1.0,-0.0,-0.0));
#12152=DIRECTION('',(0.0,0.0,-1.0));
#12153=CARTESIAN_POINT('',(-5.380473521467,4.2,-6.75));
#12154=DIRECTION('',(-1.0,0.0,0.0));
#12155=DIRECTION('',(0.0,0.0,-1.0));
#12156=CARTESIAN_POINT('',(-5.100000000008,2.8,-3.75));
#12157=DIRECTION('',(-1.0,-0.0,-0.0));
#12158=DIRECTION('',(0.0,0.0,-1.0));
#12159=CARTESIAN_POINT('',(-5.100000000008,2.8,-2.175));
#12160=DIRECTION('',(0.0,1.0,0.0));
#12161=DIRECTION('',(0.1000000000082,0.0,-0.994987437105796));
#12162=CARTESIAN_POINT('',(-5.377347211175,2.8,-3.75));
#12163=DIRECTION('',(1.0,0.0,0.0));
#12164=DIRECTION('',(0.0,0.0,-1.0));
#12165=CARTESIAN_POINT('',(-5.100000000008,2.8,-5.325));
#12166=DIRECTION('',(0.0,-1.0,0.0));
#12167=DIRECTION('',(0.1000000000082,0.0,0.994987437105796));
#12168=CARTESIAN_POINT('',(-5.100000000008,2.8,-3.75));
#12169=DIRECTION('',(-1.0,-0.0,-0.0));
#12170=DIRECTION('',(0.0,0.0,-1.0));
#12171=CARTESIAN_POINT('',(-5.377347211175,2.8,-3.75));
#12172=DIRECTION('',(-1.0,0.0,0.0));
#12173=DIRECTION('',(0.0,0.0,-1.0));
#12174=CARTESIAN_POINT('',(-5.099999999642,-4.8,-5.55));
#12175=DIRECTION('',(-1.0,-0.0,-0.0));
#12176=DIRECTION('',(0.0,0.0,-1.0));
#12177=CARTESIAN_POINT('',(-5.099999999642,-4.8,-4.083));
#12178=DIRECTION('',(0.0,1.0,0.0));
#12179=DIRECTION('',(0.100601619666596,0.0,-0.994926788321863));
#12180=CARTESIAN_POINT('',(-5.4267356175,-4.8,-5.55));
#12181=DIRECTION('',(1.0,0.0,0.0));
#12182=DIRECTION('',(0.0,0.0,-1.0));
#12183=CARTESIAN_POINT('',(-5.099999999642,-4.8,-7.017));
#12184=DIRECTION('',(0.0,-1.0,0.0));
#12185=DIRECTION('',(0.100601619666596,0.0,0.994926788321863));
#12186=CARTESIAN_POINT('',(-5.099999999642,-4.8,-5.55));
#12187=DIRECTION('',(-1.0,-0.0,-0.0));
#12188=DIRECTION('',(0.0,0.0,-1.0));
#12189=CARTESIAN_POINT('',(-5.4267356175,-4.8,-5.55));
#12190=DIRECTION('',(-1.0,0.0,0.0));
#12191=DIRECTION('',(0.0,0.0,-1.0));
#12192=CARTESIAN_POINT('',(-5.099999999642,-4.8,-8.25));
#12193=DIRECTION('',(-1.0,-0.0,-0.0));
#12194=DIRECTION('',(0.0,0.0,-1.0));
#12195=CARTESIAN_POINT('',(-5.099999999642,-4.8,-6.783));
#12196=DIRECTION('',(0.0,1.0,0.0));
#12197=DIRECTION('',(0.100601619666596,0.0,-0.994926788321863));
#12198=CARTESIAN_POINT('',(-5.4267356175,-4.8,-8.25));
#12199=DIRECTION('',(1.0,0.0,0.0));
#12200=DIRECTION('',(0.0,0.0,-1.0));
#12201=CARTESIAN_POINT('',(-5.099999999642,-4.8,-9.717));
#12202=DIRECTION('',(0.0,-1.0,0.0));
#12203=DIRECTION('',(0.100601619666596,0.0,0.994926788321863));
#12204=CARTESIAN_POINT('',(-5.099999999642,-4.8,-8.25));
#12205=DIRECTION('',(-1.0,-0.0,-0.0));
#12206=DIRECTION('',(0.0,0.0,-1.0));
#12207=CARTESIAN_POINT('',(-5.4267356175,-4.8,-8.25));
#12208=DIRECTION('',(-1.0,0.0,0.0));
#12209=DIRECTION('',(0.0,0.0,-1.0));
#12210=CARTESIAN_POINT('',(5.398739146462,4.7,-1.25));
#12211=DIRECTION('',(-1.0,-0.0,-0.0));
#12212=DIRECTION('',(0.0,0.0,-1.0));
#12213=CARTESIAN_POINT('',(5.398739146462,4.7,-2.716552894651));
#12214=DIRECTION('',(0.0,-1.0,0.0));
#12215=DIRECTION('',(0.601260853538313,0.0,0.799052805515617));
#12216=CARTESIAN_POINT('',(5.29999999999,4.7,-1.25));
#12217=DIRECTION('',(-1.0,0.0,0.0));
#12218=DIRECTION('',(0.0,0.0,-1.0));
#12219=CARTESIAN_POINT('',(5.398739146462,4.7,0.2165528946513));
#12220=DIRECTION('',(0.0,1.0,0.0));
#12221=DIRECTION('',(0.601260853538313,0.0,-0.799052805515617));
#12222=CARTESIAN_POINT('',(5.398739146462,4.7,-1.25));
#12223=DIRECTION('',(-1.0,-0.0,-0.0));
#12224=DIRECTION('',(0.0,0.0,-1.0));
#12225=CARTESIAN_POINT('',(5.29999999999,4.7,-1.25));
#12226=DIRECTION('',(1.0,0.0,0.0));
#12227=DIRECTION('',(0.0,0.0,-1.0));
#12228=CARTESIAN_POINT('',(5.4,4.2,-6.75));
#12229=DIRECTION('',(-1.0,-0.0,-0.0));
#12230=DIRECTION('',(0.0,0.0,-1.0));
#12231=CARTESIAN_POINT('',(5.4,4.2,-8.212512031043));
#12232=DIRECTION('',(0.0,-1.0,0.0));
#12233=DIRECTION('',(0.603609720038794,0.0,0.797279941974392));
#12234=CARTESIAN_POINT('',(5.073264381544,4.2,-6.75));
#12235=DIRECTION('',(-1.0,0.0,0.0));
#12236=DIRECTION('',(0.0,0.0,-1.0));
#12237=CARTESIAN_POINT('',(5.4,4.2,-5.287487968957));
#12238=DIRECTION('',(0.0,1.0,0.0));
#12239=DIRECTION('',(0.603609720038794,0.0,-0.797279941974392));
#12240=CARTESIAN_POINT('',(5.4,4.2,-6.75));
#12241=DIRECTION('',(-1.0,-0.0,-0.0));
#12242=DIRECTION('',(0.0,0.0,-1.0));
#12243=CARTESIAN_POINT('',(5.073264381544,4.2,-6.75));
#12244=DIRECTION('',(1.0,0.0,0.0));
#12245=DIRECTION('',(0.0,0.0,-1.0));
#12246=CARTESIAN_POINT('',(5.4,2.8,-3.75));
#12247=DIRECTION('',(-1.0,-0.0,-0.0));
#12248=DIRECTION('',(0.0,0.0,-1.0));
#12249=CARTESIAN_POINT('',(5.4,2.8,-5.325));
#12250=DIRECTION('',(0.0,-1.0,0.0));
#12251=DIRECTION('',(0.6,0.0,0.8));
#12252=CARTESIAN_POINT('',(5.29999999999,2.8,-3.75));
#12253=DIRECTION('',(-1.0,0.0,0.0));
#12254=DIRECTION('',(0.0,0.0,-1.0));
#12255=CARTESIAN_POINT('',(5.4,2.8,-2.175));
#12256=DIRECTION('',(0.0,1.0,0.0));
#12257=DIRECTION('',(0.6,0.0,-0.8));
#12258=CARTESIAN_POINT('',(5.4,2.8,-3.75));
#12259=DIRECTION('',(-1.0,-0.0,-0.0));
#12260=DIRECTION('',(0.0,0.0,-1.0));
#12261=CARTESIAN_POINT('',(5.29999999999,2.8,-3.75));
#12262=DIRECTION('',(1.0,0.0,0.0));
#12263=DIRECTION('',(0.0,0.0,-1.0));
#12264=CARTESIAN_POINT('',(5.400000000036,-4.8,-5.55));
#12265=DIRECTION('',(-1.0,-0.0,-0.0));
#12266=DIRECTION('',(0.0,0.0,-1.0));
#12267=CARTESIAN_POINT('',(5.400000000036,-4.8,-7.017));
#12268=DIRECTION('',(0.0,1.0,0.0));
#12269=DIRECTION('',(-0.328701325407489,0.0,0.94443392499177));
#12270=CARTESIAN_POINT('',(5.073264381544,-4.8,-5.55));
#12271=DIRECTION('',(-1.0,0.0,0.0));
#12272=DIRECTION('',(0.0,0.0,-1.0));
#12273=CARTESIAN_POINT('',(5.400000000036,-4.8,-4.083));
#12274=DIRECTION('',(0.0,1.0,0.0));
#12275=DIRECTION('',(0.603609720125698,0.0,-0.797279941908598));
#12276=CARTESIAN_POINT('',(5.400000000036,-4.8,-5.55));
#12277=DIRECTION('',(-1.0,-0.0,-0.0));
#12278=DIRECTION('',(0.0,0.0,-1.0));
#12279=CARTESIAN_POINT('',(5.073264381544,-4.8,-5.55));
#12280=DIRECTION('',(1.0,0.0,0.0));
#12281=DIRECTION('',(0.0,0.0,-1.0));
#12282=CARTESIAN_POINT('',(5.400000000036,-4.8,-8.25));
#12283=DIRECTION('',(-1.0,-0.0,-0.0));
#12284=DIRECTION('',(0.0,0.0,-1.0));
#12285=CARTESIAN_POINT('',(5.400000000036,-4.8,-9.717));
#12286=DIRECTION('',(0.0,1.0,0.0));
#12287=DIRECTION('',(-0.328701325407489,0.0,0.94443392499177));
#12288=CARTESIAN_POINT('',(5.073264381544,-4.8,-8.25));
#12289=DIRECTION('',(-1.0,0.0,0.0));
#12290=DIRECTION('',(0.0,0.0,-1.0));
#12291=CARTESIAN_POINT('',(5.400000000036,-4.8,-6.783));
#12292=DIRECTION('',(0.0,1.0,0.0));
#12293=DIRECTION('',(0.603609720125698,0.0,-0.797279941908598));
#12294=CARTESIAN_POINT('',(5.400000000036,-4.8,-8.25));
#12295=DIRECTION('',(-1.0,-0.0,-0.0));
#12296=DIRECTION('',(0.0,0.0,-1.0));
#12297=CARTESIAN_POINT('',(5.073264381544,-4.8,-8.25));
#12298=DIRECTION('',(1.0,0.0,0.0));
#12299=DIRECTION('',(0.0,0.0,-1.0));
#12300=DIRECTION('',(-1.0,-0.0,-0.0));
#12301=CARTESIAN_POINT('',(1.6,-2.48515728748,-12.3781743646));
#12302=DIRECTION('',(-1.0,0.0,0.0));
#12303=DIRECTION('',(0.0,-0.866025403667364,0.500000000202779));
#12304=DIRECTION('',(1.0,-1.190159082398E-14,-1.989519660128E-14));
#12305=CARTESIAN_POINT('',(-0.9,-2.48515728748,-12.3781743646));
#12306=DIRECTION('',(1.0,0.0,-0.0));
#12307=DIRECTION('',(0.0,0.866025403784429,0.500000000000017));
#12308=DIRECTION('',(-1.0,-0.0,-0.0));
#12309=CARTESIAN_POINT('',(-1.9,-2.48515728748,-12.3781743646));
#12310=DIRECTION('',(-1.0,0.0,0.0));
#12311=DIRECTION('',(0.0,-0.866025403667364,0.500000000202779));
#12312=DIRECTION('',(1.0,-1.190159082398E-14,-1.989519660128E-14));
#12313=CARTESIAN_POINT('',(-4.4,-2.48515728748,-12.3781743646));
#12314=DIRECTION('',(1.0,0.0,-0.0));
#12315=DIRECTION('',(0.0,0.866025403784429,0.500000000000017));
#12316=DIRECTION('',(-1.0,-0.0,-0.0));
#12317=CARTESIAN_POINT('',(5.1,-2.48515728748,-12.3781743646));
#12318=DIRECTION('',(-1.0,0.0,0.0));
#12319=DIRECTION('',(0.0,-0.866025403667364,0.500000000202779));
#12320=DIRECTION('',(1.0,-1.207922650792E-14,-2.060573933704E-14));
#12321=CARTESIAN_POINT('',(2.6,-2.48515728748,-12.3781743646));
#12322=DIRECTION('',(1.0,0.0,-0.0));
#12323=DIRECTION('',(0.0,0.866025403784429,0.500000000000017));
#12324=DIRECTION('',(-1.0,-0.0,-0.0));
#12325=CARTESIAN_POINT('',(6.0,-3.850000017105,-9.392820327306));
#12326=DIRECTION('',(-1.0,-0.0,0.0));
#12327=DIRECTION('',(0.0,-0.500000000202586,-0.866025403667476));
#12328=DIRECTION('',(1.0,0.0,0.0));
#12329=CARTESIAN_POINT('',(5.3,-3.850000017105,-9.392820327306));
#12330=DIRECTION('',(1.0,0.0,0.0));
#12331=DIRECTION('',(0.0,-1.0,0.0));
#12332=DIRECTION('',(-1.0,-0.0,-0.0));
#12333=CARTESIAN_POINT('',(2.5,-3.850000017105,-9.392820327306));
#12334=DIRECTION('',(1.0,0.0,0.0));
#12335=DIRECTION('',(0.0,-1.0,0.0));
#12336=DIRECTION('',(1.0,0.0,0.0));
#12337=CARTESIAN_POINT('',(1.8,-3.850000017105,-9.392820327306));
#12338=DIRECTION('',(1.0,0.0,0.0));
#12339=DIRECTION('',(0.0,-1.0,0.0));
#12340=DIRECTION('',(-1.0,-0.0,-0.0));
#12341=CARTESIAN_POINT('',(-1.0,-3.850000017105,-9.392820327306));
#12342=DIRECTION('',(1.0,0.0,0.0));
#12343=DIRECTION('',(0.0,-1.0,0.0));
#12344=DIRECTION('',(1.0,0.0,0.0));
#12345=CARTESIAN_POINT('',(-1.7,-3.850000017105,-9.392820327306));
#12346=DIRECTION('',(1.0,0.0,0.0));
#12347=DIRECTION('',(0.0,-1.0,0.0));
#12348=DIRECTION('',(-1.0,-0.0,-0.0));
#12349=CARTESIAN_POINT('',(4.8,-4.4,2.100563199505));
#12350=DIRECTION('',(1.0,0.0,0.0));
#12351=DIRECTION('',(0.0,0.8,-0.6));
#12352=DIRECTION('',(1.0,0.0,0.0));
#12353=CARTESIAN_POINT('',(4.0,-4.4,2.100563199505));
#12354=DIRECTION('',(1.0,0.0,0.0));
#12355=DIRECTION('',(0.0,0.8,-0.6));
#12356=DIRECTION('',(1.0,0.0,0.0));
#12357=CARTESIAN_POINT('',(4.0,-4.4,2.100563199505));
#12358=DIRECTION('',(-1.0,0.0,0.0));
#12359=DIRECTION('',(0.0,0.8,0.6));
#12360=DIRECTION('',(1.0,0.0,0.0));
#12361=CARTESIAN_POINT('',(4.8,-4.4,2.100563199505));
#12362=DIRECTION('',(-1.0,0.0,0.0));
#12363=DIRECTION('',(0.0,0.8,0.6));
#12364=DIRECTION('',(-1.0,-0.0,-0.0));
#12365=CARTESIAN_POINT('',(-2.2,-4.4,2.100563199505));
#12366=DIRECTION('',(1.0,0.0,0.0));
#12367=DIRECTION('',(0.0,0.8,-0.6));
#12368=DIRECTION('',(1.0,0.0,0.0));
#12369=CARTESIAN_POINT('',(-3.0,-4.4,2.100563199505));
#12370=DIRECTION('',(1.0,0.0,0.0));
#12371=DIRECTION('',(0.0,0.8,-0.6));
#12372=DIRECTION('',(1.0,0.0,0.0));
#12373=CARTESIAN_POINT('',(-3.0,-4.4,2.100563199505));
#12374=DIRECTION('',(-1.0,0.0,0.0));
#12375=DIRECTION('',(0.0,0.8,0.6));
#12376=DIRECTION('',(1.0,0.0,0.0));
#12377=CARTESIAN_POINT('',(-2.2,-4.4,2.100563199505));
#12378=DIRECTION('',(-1.0,0.0,0.0));
#12379=DIRECTION('',(0.0,0.8,0.6));
#12380=DIRECTION('',(-1.0,-0.0,-0.0));
#12381=CARTESIAN_POINT('',(1.3,2.4,2.100562450249));
#12382=DIRECTION('',(-1.0,-0.0,0.0));
#12383=DIRECTION('',(0.0,-0.878048780487818,-0.47857114317921));
#12384=DIRECTION('',(1.0,0.0,0.0));
#12385=CARTESIAN_POINT('',(0.5,2.4,2.100562450249));
#12386=DIRECTION('',(-1.0,-0.0,0.0));
#12387=DIRECTION('',(0.0,-0.878048780487818,-0.47857114317921));
#12388=DIRECTION('',(1.0,-0.0,0.0));
#12389=CARTESIAN_POINT('',(0.5,2.4,2.100562450249));
#12390=DIRECTION('',(1.0,0.0,0.0));
#12391=DIRECTION('',(0.0,-0.878048780487818,0.47857114317921));
#12392=DIRECTION('',(1.0,0.0,0.0));
#12393=CARTESIAN_POINT('',(1.3,2.4,2.100562450249));
#12394=DIRECTION('',(1.0,0.0,0.0));
#12395=DIRECTION('',(0.0,-0.878048780487818,0.47857114317921));
#12396=DIRECTION('',(1.0,-0.0,-0.0));
#12397=CARTESIAN_POINT('',(-3.4,5.499,0.001000000000003));
#12398=DIRECTION('',(1.0,0.0,-0.0));
#12399=DIRECTION('',(0.0,1.070094481566E-14,1.0));
#12400=DIRECTION('',(1.0,0.0,0.0));
#12401=CARTESIAN_POINT('',(-1.0,5.499,0.001000000000003));
#12402=DIRECTION('',(1.0,0.0,-0.0));
#12403=DIRECTION('',(0.0,1.070094481566E-14,1.0));
#12404=DIRECTION('',(-1.0,-0.0,-0.0));
#12405=CARTESIAN_POINT('',(-1.0,-5.499,0.001000000000003));
#12406=DIRECTION('',(1.0,0.0,0.0));
#12407=DIRECTION('',(0.0,0.999991935581424,-0.0040160642570411));
#12408=DIRECTION('',(1.0,0.0,0.0));
#12409=CARTESIAN_POINT('',(-3.4,-5.499,0.001000000000003));
#12410=DIRECTION('',(1.0,0.0,0.0));
#12411=DIRECTION('',(0.0,0.999991935581424,-0.0040160642570411));
#12412=DIRECTION('',(1.0,-0.0,-0.0));
#12413=CARTESIAN_POINT('',(0.1,5.499,0.001000000000003));
#12414=DIRECTION('',(1.0,0.0,-0.0));
#12415=DIRECTION('',(0.0,1.070094481566E-14,1.0));
#12416=DIRECTION('',(1.0,0.0,0.0));
#12417=CARTESIAN_POINT('',(2.5,5.499,0.001000000000003));
#12418=DIRECTION('',(1.0,0.0,-0.0));
#12419=DIRECTION('',(0.0,1.070094481566E-14,1.0));
#12420=DIRECTION('',(-1.0,-0.0,-0.0));
#12421=CARTESIAN_POINT('',(2.5,-5.499,0.001000000000003));
#12422=DIRECTION('',(1.0,0.0,0.0));
#12423=DIRECTION('',(0.0,0.999991935581424,-0.0040160642570411));
#12424=DIRECTION('',(1.0,0.0,0.0));
#12425=CARTESIAN_POINT('',(0.1,-5.499,0.001000000000003));
#12426=DIRECTION('',(1.0,0.0,0.0));
#12427=DIRECTION('',(0.0,0.999991935581424,-0.0040160642570411));
#12428=DIRECTION('',(1.0,-0.0,-0.0));
#12429=CARTESIAN_POINT('',(3.6,5.499,0.001000000000003));
#12430=DIRECTION('',(1.0,0.0,-0.0));
#12431=DIRECTION('',(0.0,1.070094481566E-14,1.0));
#12432=DIRECTION('',(1.0,0.0,0.0));
#12433=CARTESIAN_POINT('',(6.0,5.499,0.001000000000003));
#12434=DIRECTION('',(1.0,0.0,-0.0));
#12435=DIRECTION('',(0.0,1.070094481566E-14,1.0));
#12436=DIRECTION('',(-1.0,-0.0,-0.0));
#12437=CARTESIAN_POINT('',(6.0,-5.499,0.001000000000003));
#12438=DIRECTION('',(1.0,0.0,0.0));
#12439=DIRECTION('',(0.0,0.999991935581424,-0.0040160642570411));
#12440=DIRECTION('',(1.0,0.0,0.0));
#12441=CARTESIAN_POINT('',(3.6,-5.499,0.001000000000003));
#12442=DIRECTION('',(1.0,0.0,0.0));
#12443=DIRECTION('',(0.0,0.999991935581424,-0.0040160642570411));
#12444=CARTESIAN_POINT('',(-6.0,-4.86372052488,-10.75));
#12445=DIRECTION('',(1.0,0.0,0.0));
#12446=DIRECTION('',(0.0,-0.939692620785897,-0.342020143325699));
#12447=DIRECTION('',(0.0,0.342020143325699,-0.939692620785897));
#12448=CARTESIAN_POINT('',(-6.0,-5.5,-9.001836509646));
#12449=DIRECTION('',(1.0,0.0,0.0));
#12450=DIRECTION('',(0.0,-1.0,0.0));
#12451=DIRECTION('',(0.0,0.0,-1.0));
#12452=DIRECTION('',(0.0,-1.0,0.0));
#12453=DIRECTION('',(0.0,0.0,-1.0));
#12454=DIRECTION('',(0.0,1.0,0.0));
#12455=DIRECTION('',(0.0,0.0,-1.0));
#12456=DIRECTION('',(0.0,-1.0,0.0));
#12457=DIRECTION('',(0.0,0.0,1.0));
#12458=CARTESIAN_POINT('',(-6.0,5.5,-6.202893218748));
#12459=DIRECTION('',(1.0,0.0,0.0));
#12460=DIRECTION('',(0.0,0.707106781186498,-0.707106781186598));
#12461=DIRECTION('',(0.0,0.707106781186498,0.707106781186598));
#12462=CARTESIAN_POINT('',(-6.0,0.9528932187481,-10.75));
#12463=DIRECTION('',(1.0,0.0,0.0));
#12464=DIRECTION('',(0.0,0.0,-1.0));
#12465=DIRECTION('',(0.0,-1.0,0.0));
#12466=CARTESIAN_POINT('',(-6.0,-4.8,-8.25));
#12467=DIRECTION('',(1.0,0.0,-0.0));
#12468=DIRECTION('',(0.0,0.0,1.0));
#12469=CARTESIAN_POINT('',(-6.0,-4.8,-8.25));
#12470=DIRECTION('',(1.0,0.0,0.0));
#12471=DIRECTION('',(0.0,0.0,-1.0));
#12472=CARTESIAN_POINT('',(-6.0,-4.8,-5.55));
#12473=DIRECTION('',(1.0,0.0,-0.0));
#12474=DIRECTION('',(0.0,0.0,1.0));
#12475=CARTESIAN_POINT('',(-6.0,-4.8,-5.55));
#12476=DIRECTION('',(1.0,0.0,0.0));
#12477=DIRECTION('',(0.0,0.0,-1.0));
#12478=CARTESIAN_POINT('',(-6.0,2.8,-3.75));
#12479=DIRECTION('',(1.0,0.0,-0.0));
#12480=DIRECTION('',(0.0,0.0,1.0));
#12481=CARTESIAN_POINT('',(-6.0,2.8,-3.75));
#12482=DIRECTION('',(1.0,0.0,0.0));
#12483=DIRECTION('',(0.0,0.0,-1.0));
#12484=CARTESIAN_POINT('',(-6.0,4.2,-6.75));
#12485=DIRECTION('',(1.0,0.0,-0.0));
#12486=DIRECTION('',(0.0,0.0,1.0));
#12487=CARTESIAN_POINT('',(-6.0,4.2,-6.75));
#12488=DIRECTION('',(1.0,0.0,0.0));
#12489=DIRECTION('',(0.0,0.0,-1.0));
#12490=CARTESIAN_POINT('',(-6.0,4.7,-1.25));
#12491=DIRECTION('',(1.0,0.0,-0.0));
#12492=DIRECTION('',(0.0,0.0,1.0));
#12493=CARTESIAN_POINT('',(-6.0,4.7,-1.25));
#12494=DIRECTION('',(1.0,0.0,0.0));
#12495=DIRECTION('',(0.0,0.0,-1.0));
#12496=DIRECTION('',(1.0,0.0,0.0));
#12497=DIRECTION('',(0.0,1.0,0.0));
#12498=DIRECTION('',(1.0,0.0,0.0));
#12499=DIRECTION('',(0.0,1.0,0.0));
#12500=DIRECTION('',(1.0,0.0,0.0));
#12501=DIRECTION('',(0.0,1.0,0.0));
#12502=DIRECTION('',(1.0,0.0,0.0));
#12503=DIRECTION('',(0.0,1.0,0.0));
#12504=DIRECTION('',(1.0,0.0,0.0));
#12505=DIRECTION('',(0.0,1.0,0.0));
#12506=DIRECTION('',(1.0,0.0,0.0));
#12507=DIRECTION('',(0.0,1.0,0.0));
#12508=DIRECTION('',(0.0,1.0,0.0));
#12509=CARTESIAN_POINT('',(-4.4,-3.45,-11.25));
#12510=DIRECTION('',(0.0,0.0,1.0));
#12511=DIRECTION('',(-1.0,0.0,0.0));
#12512=DIRECTION('',(-1.0,1.33226762955E-14,0.0));
#12513=DIRECTION('',(0.0,-1.0,0.0));
#12514=DIRECTION('',(1.0,0.0,0.0));
#12515=DIRECTION('',(0.0,-1.0,0.0));
#12516=DIRECTION('',(1.0,0.0,0.0));
#12517=DIRECTION('',(0.0,-1.0,0.0));
#12518=CARTESIAN_POINT('',(-0.9,-3.45,-11.25));
#12519=DIRECTION('',(0.0,0.0,1.0));
#12520=DIRECTION('',(-1.0,0.0,0.0));
#12521=DIRECTION('',(-1.0,0.0,0.0));
#12522=DIRECTION('',(0.0,-1.0,0.0));
#12523=DIRECTION('',(1.0,0.0,0.0));
#12524=DIRECTION('',(0.0,-1.0,0.0));
#12525=DIRECTION('',(1.0,0.0,0.0));
#12526=DIRECTION('',(0.0,-1.0,0.0));
#12527=CARTESIAN_POINT('',(2.6,-3.45,-11.25));
#12528=DIRECTION('',(0.0,0.0,1.0));
#12529=DIRECTION('',(-1.0,0.0,0.0));
#12530=DIRECTION('',(-1.0,1.33226762955E-14,0.0));
#12531=DIRECTION('',(0.0,-1.0,0.0));
#12532=DIRECTION('',(1.0,0.0,0.0));
#12533=DIRECTION('',(0.0,-1.0,0.0));
#12534=DIRECTION('',(1.0,0.0,0.0));
#12535=DIRECTION('',(0.0,1.0,0.0));
#12536=DIRECTION('',(1.0,0.0,0.0));
#12537=DIRECTION('',(1.0,0.0,0.0));
#12538=DIRECTION('',(0.0,1.0,0.0));
#12539=DIRECTION('',(1.0,0.0,0.0));
#12540=DIRECTION('',(0.0,-1.0,0.0));
#12541=DIRECTION('',(0.0,0.707106781186498,0.707106781186598));
#12542=CARTESIAN_POINT('',(5.15,0.9528932187481,-10.75));
#12543=DIRECTION('',(1.0,0.0,0.0));
#12544=DIRECTION('',(0.0,0.0,-1.0));
#12545=CARTESIAN_POINT('',(5.15,0.2871067814205,-10.75));
#12546=DIRECTION('',(1.0,0.0,0.0));
#12547=DIRECTION('',(0.0,-0.707106781186598,-0.707106781186498));
#12548=DIRECTION('',(0.0,-0.707106781186598,0.707106781186498));
#12549=DIRECTION('',(0.0,0.0,-1.0));
#12550=DIRECTION('',(0.0,0.707106781186598,-0.707106781186498));
#12551=CARTESIAN_POINT('',(4.25,2.560475477428,-9.849524522507));
#12552=DIRECTION('',(0.0,0.707106781186598,-0.707106781186498));
#12553=DIRECTION('',(1.0,0.0,0.0));
#12554=DIRECTION('',(0.0,0.707106781186598,-0.707106781186498));
#12555=CARTESIAN_POINT('',(4.25,2.560475477428,-9.849524522507));
#12556=DIRECTION('',(-3.41901488767069E-14,0.707106781186566,-0.707106781186529));
#12557=DIRECTION('',(-0.610169491525425,-0.560220131560623,-0.560220131560623));
#12558=DIRECTION('',(0.0,-0.707106781186598,0.707106781186498));
#12559=CARTESIAN_POINT('',(4.25,0.1563124213933,-7.445361466473));
#12560=DIRECTION('',(0.0,0.707106781186598,-0.707106781186498));
#12561=DIRECTION('',(1.0,0.0,0.0));
#12562=DIRECTION('',(0.0,-0.707106781186598,0.707106781186498));
#12563=CARTESIAN_POINT('',(4.25,0.1563124213933,-7.445361466473));
#12564=DIRECTION('',(0.0,0.707106781186598,-0.707106781186498));
#12565=DIRECTION('',(-1.0,0.0,0.0));
#12566=CARTESIAN_POINT('',(4.25,2.560475477428,-9.849524522507));
#12567=DIRECTION('',(0.0,0.707106781186598,-0.707106781186498));
#12568=DIRECTION('',(-1.0,0.0,0.0));
#12569=CARTESIAN_POINT('',(4.25,0.1563124213933,-7.445361466473));
#12570=DIRECTION('',(1.50538715203411E-14,0.707106781186608,-0.707106781186487));
#12571=DIRECTION('',(0.711830491889692,0.496637368114794,0.496637368114894));
#12572=DIRECTION('',(-0.000177960454984701,-0.980898798515607,-0.194518676226001));
#12573=DIRECTION('',(-1.0,0.0,0.0));
#12574=DIRECTION('',(0.0,-0.980909942984241,-0.194462551034008));
#12575=DIRECTION('',(-0.361365459432893,0.914624229866283,0.181321600672297));
#12576=DIRECTION('',(1.0,0.0,0.0));
#12577=DIRECTION('',(0.0,0.707106781186498,0.707106781186597));
#12578=DIRECTION('',(1.0,0.0,0.0));
#12579=DIRECTION('',(0.0,-0.707106781186498,-0.707106781186598));
#12580=DIRECTION('',(1.0,0.0,0.0));
#12581=DIRECTION('',(0.0,-0.707106781186498,-0.707106781186598));
#12582=DIRECTION('',(1.0,0.0,0.0));
#12583=DIRECTION('',(0.000193920927682602,0.707106767891007,0.707106767891107));
#12584=DIRECTION('',(-0.422618261740694,0.64085638205579,0.64085638205579));
#12585=DIRECTION('',(0.0,0.707106781186598,-0.707106781186498));
#12586=DIRECTION('',(0.0,0.707106781186498,0.707106781186598));
#12587=DIRECTION('',(0.0,0.707106781186597,-0.707106781186498));
#12588=DIRECTION('',(0.0,0.0,1.0));
#12589=DIRECTION('',(0.0,-1.0,0.0));
#12590=DIRECTION('',(1.0,0.0,0.0));
#12591=DIRECTION('',(0.0,-1.0,0.0));
#12592=DIRECTION('',(0.0,0.0,-1.0));
#12593=DIRECTION('',(1.0,0.0,0.0));
#12594=DIRECTION('',(0.0,0.0,-1.0));
#12595=DIRECTION('',(0.0,-0.707106781186598,0.707106781186498));
#12596=DIRECTION('',(-1.0,0.0,0.0));
#12597=DIRECTION('',(0.0,0.707106781186598,-0.707106781186498));
#12598=DIRECTION('',(0.0,0.707106781186498,0.707106781186598));
#12599=DIRECTION('',(0.0,0.707106781186498,0.707106781186598));
#12600=DIRECTION('',(1.0,0.0,0.0));
#12601=DIRECTION('',(0.0,0.707106781186498,0.707106781186598));
#12602=CARTESIAN_POINT('',(0.75,2.560475477428,-9.849524522507));
#12603=DIRECTION('',(0.0,0.707106781186598,-0.707106781186498));
#12604=DIRECTION('',(1.0,0.0,0.0));
#12605=CARTESIAN_POINT('',(0.75,2.560475477428,-9.849524522507));
#12606=DIRECTION('',(0.0,0.707106781186598,-0.707106781186498));
#12607=DIRECTION('',(-1.0,0.0,0.0));
#12608=CARTESIAN_POINT('',(0.75,2.560475477428,-9.849524522507));
#12609=DIRECTION('',(-3.41901488767069E-14,0.707106781186566,-0.707106781186529));
#12610=DIRECTION('',(-0.610169491525425,-0.560220131560623,-0.560220131560623));
#12611=DIRECTION('',(0.0,0.707106781186498,0.707106781186598));
#12612=DIRECTION('',(1.0,0.0,0.0));
#12613=DIRECTION('',(0.0,0.707106781186498,0.707106781186598));
#12614=CARTESIAN_POINT('',(-2.75,2.560475477428,-9.849524522507));
#12615=DIRECTION('',(0.0,0.707106781186598,-0.707106781186498));
#12616=DIRECTION('',(1.0,0.0,0.0));
#12617=CARTESIAN_POINT('',(-2.75,2.560475477428,-9.849524522507));
#12618=DIRECTION('',(0.0,0.707106781186598,-0.707106781186498));
#12619=DIRECTION('',(-1.0,0.0,0.0));
#12620=CARTESIAN_POINT('',(-2.75,2.560475477428,-9.849524522507));
#12621=DIRECTION('',(-3.41901488767069E-14,0.707106781186566,-0.707106781186529));
#12622=DIRECTION('',(-0.610169491525425,-0.560220131560623,-0.560220131560623));
#12623=DIRECTION('',(0.0,0.707106781186498,0.707106781186598));
#12624=DIRECTION('',(1.0,0.0,0.0));
#12625=DIRECTION('',(1.0,0.0,0.0));
#12626=DIRECTION('',(0.0,0.707106781186498,0.707106781186598));
#12627=DIRECTION('',(1.0,0.0,0.0));
#12628=CARTESIAN_POINT('',(-3.65,0.9528932187481,-10.75));
#12629=DIRECTION('',(1.0,0.0,0.0));
#12630=DIRECTION('',(0.0,0.0,-1.0));
#12631=CARTESIAN_POINT('',(-1.85,0.9528932187481,-10.75));
#12632=DIRECTION('',(1.0,0.0,0.0));
#12633=DIRECTION('',(0.0,0.0,-1.0));
#12634=CARTESIAN_POINT('',(-0.15,0.9528932187481,-10.75));
#12635=DIRECTION('',(1.0,0.0,0.0));
#12636=DIRECTION('',(0.0,0.0,-1.0));
#12637=CARTESIAN_POINT('',(1.65,0.9528932187481,-10.75));
#12638=DIRECTION('',(1.0,0.0,0.0));
#12639=DIRECTION('',(0.0,0.0,-1.0));
#12640=CARTESIAN_POINT('',(3.35,0.9528932187481,-10.75));
#12641=DIRECTION('',(1.0,0.0,0.0));
#12642=DIRECTION('',(0.0,0.0,-1.0));
#12643=CARTESIAN_POINT('',(6.0,0.9528932187481,-10.75));
#12644=DIRECTION('',(1.0,0.0,0.0));
#12645=DIRECTION('',(0.0,0.0,-1.0));
#12646=DIRECTION('',(0.0,0.0,-1.0));
#12647=DIRECTION('',(0.0,-0.707106781186598,0.707106781186498));
#12648=CARTESIAN_POINT('',(-3.65,0.2871067814205,-10.75));
#12649=DIRECTION('',(1.0,0.0,0.0));
#12650=DIRECTION('',(0.0,-0.707106781186598,-0.707106781186498));
#12651=DIRECTION('',(0.0,0.707106781186598,-0.707106781186498));
#12652=DIRECTION('',(0.0,0.707106781186598,-0.707106781186498));
#12653=DIRECTION('',(0.0,-0.707106781186598,0.707106781186498));
#12654=CARTESIAN_POINT('',(-2.75,0.1563124213933,-7.445361466473));
#12655=DIRECTION('',(0.0,0.707106781186598,-0.707106781186498));
#12656=DIRECTION('',(1.0,0.0,0.0));
#12657=DIRECTION('',(0.0,-0.707106781186598,0.707106781186498));
#12658=CARTESIAN_POINT('',(-2.75,0.1563124213933,-7.445361466473));
#12659=DIRECTION('',(0.0,0.707106781186598,-0.707106781186498));
#12660=DIRECTION('',(-1.0,0.0,0.0));
#12661=CARTESIAN_POINT('',(-2.75,0.1563124213933,-7.445361466473));
#12662=DIRECTION('',(-3.53128104816137E-14,0.707106781186573,-0.707106781186522));
#12663=DIRECTION('',(0.711830487366903,0.496637371356102,0.496637371356102));
#12664=DIRECTION('',(-0.000177960454735501,-0.980898798333204,-0.194518677145801));
#12665=DIRECTION('',(-1.0,0.0,0.0));
#12666=DIRECTION('',(0.0,-0.980909942984241,-0.194462551034008));
#12667=DIRECTION('',(-0.361365459432893,0.914624229866283,0.181321600672297));
#12668=DIRECTION('',(1.0,0.0,0.0));
#12669=DIRECTION('',(0.0,0.707106781186498,0.707106781186597));
#12670=DIRECTION('',(1.0,0.0,0.0));
#12671=DIRECTION('',(0.0,0.707106781186498,0.707106781186598));
#12672=DIRECTION('',(1.0,0.0,0.0));
#12673=DIRECTION('',(0.0,0.707106781186498,0.707106781186598));
#12674=DIRECTION('',(1.0,0.0,0.0));
#12675=DIRECTION('',(0.000193920927326702,0.707106767891007,0.707106767891107));
#12676=DIRECTION('',(-0.422618261740694,0.64085638205579,0.64085638205579));
#12677=DIRECTION('',(0.0,0.707106781186598,-0.707106781186498));
#12678=DIRECTION('',(0.0,0.707106781186498,0.707106781186598));
#12679=DIRECTION('',(0.0,0.707106781186597,-0.707106781186498));
#12680=DIRECTION('',(0.0,0.0,1.0));
#12681=DIRECTION('',(0.0,-1.0,0.0));
#12682=DIRECTION('',(1.0,0.0,0.0));
#12683=DIRECTION('',(0.0,-1.0,0.0));
#12684=DIRECTION('',(0.0,0.0,-1.0));
#12685=DIRECTION('',(1.0,0.0,0.0));
#12686=DIRECTION('',(0.0,0.0,-1.0));
#12687=DIRECTION('',(0.0,-0.707106781186598,0.707106781186498));
#12688=DIRECTION('',(-1.0,0.0,0.0));
#12689=DIRECTION('',(0.0,0.707106781186598,-0.707106781186498));
#12690=DIRECTION('',(0.0,0.707106781186498,0.707106781186598));
#12691=DIRECTION('',(0.0,0.0,-1.0));
#12692=DIRECTION('',(1.0,0.0,0.0));
#12693=DIRECTION('',(1.0,0.0,0.0));
#12694=DIRECTION('',(0.0,-0.707106781186598,0.707106781186498));
#12695=DIRECTION('',(1.0,0.0,0.0));
#12696=DIRECTION('',(0.0,-0.707106781186598,0.707106781186498));
#12697=DIRECTION('',(1.0,0.0,0.0));
#12698=DIRECTION('',(0.0,-0.707106781186598,0.707106781186498));
#12699=DIRECTION('',(1.0,0.0,0.0));
#12700=DIRECTION('',(0.0,-0.707106781186598,0.707106781186498));
#12701=DIRECTION('',(1.0,0.0,0.0));
#12702=DIRECTION('',(1.0,0.0,0.0));
#12703=DIRECTION('',(0.0,0.707106781186598,-0.707106781186498));
#12704=DIRECTION('',(1.0,0.0,0.0));
#12705=DIRECTION('',(2.75267060770899E-14,0.707106781186498,-0.707106781186598));
#12706=DIRECTION('',(1.0,0.0,0.0));
#12707=DIRECTION('',(0.0,0.707106781186598,-0.707106781186498));
#12708=DIRECTION('',(1.0,0.0,0.0));
#12709=DIRECTION('',(0.0,0.707106781186498,-0.707106781186598));
#12710=DIRECTION('',(1.0,0.0,0.0));
#12711=DIRECTION('',(0.0,0.707106781186598,-0.707106781186498));
#12712=DIRECTION('',(1.0,0.0,0.0));
#12713=DIRECTION('',(0.0,0.707106781186498,-0.707106781186598));
#12714=DIRECTION('',(1.0,0.0,0.0));
#12715=DIRECTION('',(0.0,0.707106781186598,-0.707106781186498));
#12716=DIRECTION('',(0.0,0.0,-1.0));
#12717=CARTESIAN_POINT('',(-4.5,0.2871067814205,-10.75));
#12718=DIRECTION('',(1.0,0.0,0.0));
#12719=DIRECTION('',(0.0,-0.707106781186598,-0.707106781186498));
#12720=CARTESIAN_POINT('',(-4.5,-4.65,-10.75));
#12721=DIRECTION('',(-1.0,0.0,0.0));
#12722=DIRECTION('',(0.0,1.0,0.0));
#12723=DIRECTION('',(0.0,1.063753254399E-09,-1.0));
#12724=DIRECTION('',(0.0,0.86602541481171,0.499999980900206));
#12725=DIRECTION('',(0.0,0.0,1.0));
#12726=DIRECTION('',(0.0,1.0,0.0));
#12727=DIRECTION('',(0.0,0.0,1.0));
#12728=CARTESIAN_POINT('',(-1.85,0.2871067814205,-10.75));
#12729=DIRECTION('',(1.0,0.0,0.0));
#12730=DIRECTION('',(0.0,-0.707106781186598,-0.707106781186498));
#12731=CARTESIAN_POINT('',(-0.15,0.2871067814205,-10.75));
#12732=DIRECTION('',(1.0,0.0,0.0));
#12733=DIRECTION('',(0.0,-0.707106781186598,-0.707106781186498));
#12734=CARTESIAN_POINT('',(1.65,0.2871067814205,-10.75));
#12735=DIRECTION('',(1.0,0.0,0.0));
#12736=DIRECTION('',(0.0,-0.707106781186598,-0.707106781186498));
#12737=CARTESIAN_POINT('',(3.35,0.2871067814205,-10.75));
#12738=DIRECTION('',(1.0,0.0,0.0));
#12739=DIRECTION('',(0.0,-0.707106781186598,-0.707106781186498));
#12740=CARTESIAN_POINT('',(6.0,0.2871067814205,-10.75));
#12741=DIRECTION('',(1.0,0.0,0.0));
#12742=DIRECTION('',(0.0,-0.707106781186598,-0.707106781186498));
#12743=DIRECTION('',(0.0,0.0,-1.0));
#12744=DIRECTION('',(0.0,0.707106781186598,-0.707106781186498));
#12745=DIRECTION('',(0.0,0.707106781186598,-0.707106781186498));
#12746=DIRECTION('',(0.0,-0.707106781186598,0.707106781186498));
#12747=CARTESIAN_POINT('',(0.75,0.1563124213933,-7.445361466473));
#12748=DIRECTION('',(0.0,0.707106781186598,-0.707106781186498));
#12749=DIRECTION('',(1.0,0.0,0.0));
#12750=DIRECTION('',(0.0,-0.707106781186598,0.707106781186498));
#12751=CARTESIAN_POINT('',(0.75,0.1563124213933,-7.445361466473));
#12752=DIRECTION('',(0.0,0.707106781186598,-0.707106781186498));
#12753=DIRECTION('',(-1.0,0.0,0.0));
#12754=CARTESIAN_POINT('',(0.75,0.1563124213933,-7.445361466473));
#12755=DIRECTION('',(1.50538715203411E-14,0.707106781186608,-0.707106781186487));
#12756=DIRECTION('',(0.711830491889692,0.496637368114794,0.496637368114894));
#12757=DIRECTION('',(-0.000177960454985001,-0.980898798515607,-0.194518676226001));
#12758=DIRECTION('',(-1.0,0.0,0.0));
#12759=DIRECTION('',(0.0,-0.980909942984241,-0.194462551034008));
#12760=DIRECTION('',(-0.361365459432893,0.914624229866283,0.181321600672297));
#12761=DIRECTION('',(1.0,0.0,0.0));
#12762=DIRECTION('',(0.0,0.707106781186498,0.707106781186597));
#12763=DIRECTION('',(1.0,0.0,0.0));
#12764=DIRECTION('',(0.0,-0.707106781186498,-0.707106781186598));
#12765=DIRECTION('',(1.0,0.0,0.0));
#12766=DIRECTION('',(0.0,-0.707106781186498,-0.707106781186598));
#12767=DIRECTION('',(1.0,0.0,0.0));
#12768=DIRECTION('',(0.000193920927683202,0.707106767891007,0.707106767891107));
#12769=DIRECTION('',(-0.422618261740694,0.64085638205579,0.64085638205579));
#12770=DIRECTION('',(0.0,0.707106781186598,-0.707106781186498));
#12771=DIRECTION('',(0.0,0.707106781186498,0.707106781186598));
#12772=DIRECTION('',(0.0,0.707106781186597,-0.707106781186498));
#12773=DIRECTION('',(0.0,0.0,1.0));
#12774=DIRECTION('',(0.0,-1.0,0.0));
#12775=DIRECTION('',(1.0,0.0,0.0));
#12776=DIRECTION('',(0.0,-1.0,0.0));
#12777=DIRECTION('',(0.0,0.0,-1.0));
#12778=DIRECTION('',(1.0,0.0,0.0));
#12779=DIRECTION('',(0.0,0.0,-1.0));
#12780=DIRECTION('',(0.0,-0.707106781186598,0.707106781186498));
#12781=DIRECTION('',(-1.0,0.0,0.0));
#12782=DIRECTION('',(0.0,0.707106781186598,-0.707106781186498));
#12783=DIRECTION('',(0.0,0.707106781186498,0.707106781186598));
#12784=DIRECTION('',(0.0,0.0,-1.0));
#12785=DIRECTION('',(0.0,0.0,-1.0));
#12786=CARTESIAN_POINT('',(6.0,-5.499,0.001000000000003));
#12787=DIRECTION('',(1.0,0.0,0.0));
#12788=DIRECTION('',(0.0,0.999991935581424,-0.0040160642570411));
#12789=DIRECTION('',(0.0,-1.0,-1.216379807855E-14));
#12790=CARTESIAN_POINT('',(6.0,-5.75,0.0));
#12791=DIRECTION('',(1.0,0.0,-0.0));
#12792=DIRECTION('',(0.0,0.0,1.0));
#12793=DIRECTION('',(0.0,0.0,-1.0));
#12794=DIRECTION('',(0.0,1.0,0.0));
#12795=DIRECTION('',(0.0,0.0,-1.0));
#12796=DIRECTION('',(0.0,-1.0,0.0));
#12797=DIRECTION('',(0.0,0.0,-1.0));
#12798=CARTESIAN_POINT('',(6.0,-5.5,-9.001836509646));
#12799=DIRECTION('',(1.0,0.0,0.0));
#12800=DIRECTION('',(0.0,-1.0,0.0));
#12801=DIRECTION('',(0.0,0.342020143325699,-0.939692620785897));
#12802=CARTESIAN_POINT('',(6.0,-4.86372052488,-10.75));
#12803=DIRECTION('',(1.0,0.0,0.0));
#12804=DIRECTION('',(0.0,-0.939692620785897,-0.342020143325699));
#12805=CARTESIAN_POINT('',(6.0,-3.3,-10.75));
#12806=DIRECTION('',(1.0,0.0,0.0));
#12807=DIRECTION('',(0.0,0.0,-1.0));
#12808=DIRECTION('',(0.0,0.0,1.0));
#12809=CARTESIAN_POINT('',(6.0,-3.3,-10.63412341624));
#12810=DIRECTION('',(1.0,0.0,0.0));
#12811=DIRECTION('',(0.0,1.0,0.0));
#12812=DIRECTION('',(0.0,-0.866025403667364,0.500000000202779));
#12813=CARTESIAN_POINT('',(6.0,-3.850000017105,-9.392820327306));
#12814=DIRECTION('',(-1.0,-0.0,0.0));
#12815=DIRECTION('',(0.0,-0.500000000202586,-0.866025403667476));
#12816=DIRECTION('',(0.0,0.866025387441723,0.500000028306413));
#12817=DIRECTION('',(0.0,1.0,0.0));
#12818=DIRECTION('',(0.0,0.0,1.0));
#12819=DIRECTION('',(0.0,0.866025387441748,0.50000002830637));
#12820=CARTESIAN_POINT('',(6.0,-3.250000013356,-9.392820329611));
#12821=DIRECTION('',(-1.0,0.0,0.0));
#12822=DIRECTION('',(0.0,-0.500000028306295,0.866025387441791));
#12823=DIRECTION('',(0.0,0.866025403667364,-0.500000000202779));
#12824=CARTESIAN_POINT('',(6.0,-2.018514556997,-10.56569900514));
#12825=DIRECTION('',(-1.0,0.0,0.0));
#12826=DIRECTION('',(0.0,0.500000000202704,0.866025403667407));
#12827=CARTESIAN_POINT('',(6.0,5.5,-6.202893218748));
#12828=DIRECTION('',(1.0,0.0,0.0));
#12829=DIRECTION('',(0.0,0.707106781186498,-0.707106781186598));
#12830=DIRECTION('',(0.0,0.0,1.0));
#12831=CARTESIAN_POINT('',(6.0,5.75,0.0));
#12832=DIRECTION('',(1.0,0.0,0.0));
#12833=DIRECTION('',(0.0,1.0,0.0));
#12834=DIRECTION('',(0.0,-1.0,1.238495804361E-14));
#12835=CARTESIAN_POINT('',(6.0,5.499,0.001000000000003));
#12836=DIRECTION('',(1.0,0.0,-0.0));
#12837=DIRECTION('',(0.0,1.070094481566E-14,1.0));
#12838=DIRECTION('',(0.0,-1.0,0.0));
#12839=CARTESIAN_POINT('',(6.0,-4.8,-8.25));
#12840=DIRECTION('',(1.0,0.0,-0.0));
#12841=DIRECTION('',(0.0,0.0,1.0));
#12842=CARTESIAN_POINT('',(6.0,-4.8,-8.25));
#12843=DIRECTION('',(1.0,0.0,0.0));
#12844=DIRECTION('',(0.0,0.0,-1.0));
#12845=CARTESIAN_POINT('',(6.0,-4.8,-5.55));
#12846=DIRECTION('',(1.0,0.0,-0.0));
#12847=DIRECTION('',(0.0,0.0,1.0));
#12848=CARTESIAN_POINT('',(6.0,-4.8,-5.55));
#12849=DIRECTION('',(1.0,0.0,0.0));
#12850=DIRECTION('',(0.0,0.0,-1.0));
#12851=CARTESIAN_POINT('',(6.0,2.8,-3.75));
#12852=DIRECTION('',(1.0,0.0,-0.0));
#12853=DIRECTION('',(0.0,0.0,1.0));
#12854=CARTESIAN_POINT('',(6.0,2.8,-3.75));
#12855=DIRECTION('',(1.0,0.0,0.0));
#12856=DIRECTION('',(0.0,0.0,-1.0));
#12857=CARTESIAN_POINT('',(6.0,4.2,-6.75));
#12858=DIRECTION('',(1.0,0.0,-0.0));
#12859=DIRECTION('',(0.0,0.0,1.0));
#12860=CARTESIAN_POINT('',(6.0,4.2,-6.75));
#12861=DIRECTION('',(1.0,0.0,0.0));
#12862=DIRECTION('',(0.0,0.0,-1.0));
#12863=CARTESIAN_POINT('',(6.0,4.7,-1.25));
#12864=DIRECTION('',(1.0,0.0,-0.0));
#12865=DIRECTION('',(0.0,0.0,1.0));
#12866=CARTESIAN_POINT('',(6.0,4.7,-1.25));
#12867=DIRECTION('',(1.0,0.0,0.0));
#12868=DIRECTION('',(0.0,0.0,-1.0));
#12869=DIRECTION('',(0.0,0.0,-1.0));
#12870=DIRECTION('',(0.0,1.0,0.0));
#12871=DIRECTION('',(0.0,0.0,1.0));
#12872=DIRECTION('',(0.0,1.0,0.0));
#12873=DIRECTION('',(1.0,0.0,0.0));
#12874=DIRECTION('',(0.0,-1.0,0.0));
#12875=DIRECTION('',(0.0,-1.0,0.0));
#12876=DIRECTION('',(1.0,0.0,0.0));
#12877=DIRECTION('',(0.0,-1.0,0.0));
#12878=DIRECTION('',(0.0,1.0,0.0));
#12879=DIRECTION('',(1.0,0.0,0.0));
#12880=DIRECTION('',(1.0,0.0,0.0));
#12881=DIRECTION('',(0.0,-1.0,0.0));
#12882=DIRECTION('',(0.0,-1.0,0.0));
#12883=DIRECTION('',(1.0,0.0,0.0));
#12884=DIRECTION('',(0.0,-1.0,0.0));
#12885=DIRECTION('',(0.0,-1.0,0.0));
#12886=DIRECTION('',(1.0,0.0,0.0));
#12887=DIRECTION('',(0.0,-1.0,0.0));
#12888=DIRECTION('',(0.0,-1.0,0.0));
#12889=DIRECTION('',(1.0,0.0,0.0));
#12890=DIRECTION('',(0.0,-1.0,0.0));
#12891=DIRECTION('',(1.0,0.0,0.0));
#12892=DIRECTION('',(0.0,-1.0,0.0));
#12893=DIRECTION('',(1.0,0.0,0.0));
#12894=DIRECTION('',(0.0,-1.0,0.0));
#12895=DIRECTION('',(1.0,0.0,0.0));
#12896=DIRECTION('',(0.0,-1.0,0.0));
#12897=DIRECTION('',(1.0,0.0,0.0));
#12898=DIRECTION('',(0.0,-1.0,0.0));
#12899=DIRECTION('',(1.0,0.0,0.0));
#12900=DIRECTION('',(0.0,-1.0,0.0));
#12901=DIRECTION('',(0.0,-1.0,-1.216379807855E-14));
#12902=CARTESIAN_POINT('',(3.6,-5.499,0.001000000000003));
#12903=DIRECTION('',(1.0,0.0,0.0));
#12904=DIRECTION('',(0.0,0.999991935581424,-0.0040160642570411));
#12905=CARTESIAN_POINT('',(3.6,-5.75,0.0));
#12906=DIRECTION('',(1.0,0.0,-0.0));
#12907=DIRECTION('',(0.0,0.0,1.0));
#12908=DIRECTION('',(0.0,-1.0,1.238495804361E-14));
#12909=CARTESIAN_POINT('',(3.6,5.75,0.0));
#12910=DIRECTION('',(1.0,0.0,0.0));
#12911=DIRECTION('',(0.0,1.0,0.0));
#12912=CARTESIAN_POINT('',(3.6,5.499,0.001000000000003));
#12913=DIRECTION('',(1.0,0.0,-0.0));
#12914=DIRECTION('',(0.0,1.070094481566E-14,1.0));
#12915=DIRECTION('',(1.0,0.0,0.0));
#12916=DIRECTION('',(1.0,0.0,0.0));
#12917=DIRECTION('',(1.0,0.0,0.0));
#12918=DIRECTION('',(1.0,0.0,0.0));
#12919=DIRECTION('',(1.0,0.0,0.0));
#12920=DIRECTION('',(1.0,0.0,0.0));
#12921=DIRECTION('',(1.0,0.0,0.0));
#12922=DIRECTION('',(1.0,0.0,0.0));
#12923=DIRECTION('',(1.0,0.0,0.0));
#12924=DIRECTION('',(1.0,0.0,0.0));
#12925=DIRECTION('',(1.0,0.0,0.0));
#12926=DIRECTION('',(1.0,0.0,0.0));
#12927=CARTESIAN_POINT('',(-1.0,-5.75,0.0));
#12928=DIRECTION('',(1.0,0.0,-0.0));
#12929=DIRECTION('',(0.0,0.0,1.0));
#12930=DIRECTION('',(1.0,0.0,0.0));
#12931=CARTESIAN_POINT('',(-3.4,-5.75,0.0));
#12932=DIRECTION('',(1.0,0.0,-0.0));
#12933=DIRECTION('',(0.0,0.0,1.0));
#12934=CARTESIAN_POINT('',(-3.4,5.499,0.001000000000003));
#12935=DIRECTION('',(1.0,0.0,-0.0));
#12936=DIRECTION('',(0.0,1.070094481566E-14,1.0));
#12937=DIRECTION('',(0.0,-1.0,1.238495804361E-14));
#12938=CARTESIAN_POINT('',(-3.4,5.75,0.0));
#12939=DIRECTION('',(1.0,0.0,0.0));
#12940=DIRECTION('',(0.0,1.0,0.0));
#12941=DIRECTION('',(0.0,-1.0,-1.216379807855E-14));
#12942=CARTESIAN_POINT('',(-3.4,-5.499,0.001000000000003));
#12943=DIRECTION('',(1.0,0.0,0.0));
#12944=DIRECTION('',(0.0,0.999991935581424,-0.0040160642570411));
#12945=DIRECTION('',(1.0,0.0,0.0));
#12946=CARTESIAN_POINT('',(-1.0,5.75,0.0));
#12947=DIRECTION('',(1.0,0.0,0.0));
#12948=DIRECTION('',(0.0,1.0,0.0));
#12949=DIRECTION('',(1.0,0.0,0.0));
#12950=DIRECTION('',(1.0,0.0,0.0));
#12951=DIRECTION('',(1.0,0.0,0.0));
#12952=DIRECTION('',(1.0,0.0,0.0));
#12953=DIRECTION('',(1.0,0.0,0.0));
#12954=DIRECTION('',(1.0,0.0,0.0));
#12955=DIRECTION('',(1.0,0.0,0.0));
#12956=CARTESIAN_POINT('',(2.5,5.75,0.0));
#12957=DIRECTION('',(1.0,0.0,0.0));
#12958=DIRECTION('',(0.0,1.0,0.0));
#12959=CARTESIAN_POINT('',(0.1,5.75,0.0));
#12960=DIRECTION('',(1.0,0.0,0.0));
#12961=DIRECTION('',(0.0,1.0,0.0));
#12962=DIRECTION('',(0.0,-1.0,-1.216379807855E-14));
#12963=CARTESIAN_POINT('',(0.1,-5.499,0.001000000000003));
#12964=DIRECTION('',(1.0,0.0,0.0));
#12965=DIRECTION('',(0.0,0.999991935581424,-0.0040160642570411));
#12966=CARTESIAN_POINT('',(0.1,-5.75,0.0));
#12967=DIRECTION('',(1.0,0.0,-0.0));
#12968=DIRECTION('',(0.0,0.0,1.0));
#12969=DIRECTION('',(0.0,-1.0,1.238495804361E-14));
#12970=CARTESIAN_POINT('',(0.1,5.499,0.001000000000003));
#12971=DIRECTION('',(1.0,0.0,-0.0));
#12972=DIRECTION('',(0.0,1.070094481566E-14,1.0));
#12973=CARTESIAN_POINT('',(2.5,-5.75,0.0));
#12974=DIRECTION('',(1.0,0.0,-0.0));
#12975=DIRECTION('',(0.0,0.0,1.0));
#12976=DIRECTION('',(1.0,0.0,0.0));
#12977=DIRECTION('',(0.0,-1.0,-1.216379807855E-14));
#12978=DIRECTION('',(1.0,0.0,0.0));
#12979=CARTESIAN_POINT('',(2.5,-5.499,0.001000000000003));
#12980=DIRECTION('',(1.0,0.0,0.0));
#12981=DIRECTION('',(0.0,0.999991935581424,-0.0040160642570411));
#12982=DIRECTION('',(0.0,-1.0,1.238495804361E-14));
#12983=CARTESIAN_POINT('',(2.5,5.499,0.001000000000003));
#12984=DIRECTION('',(1.0,0.0,-0.0));
#12985=DIRECTION('',(0.0,1.070094481566E-14,1.0));
#12986=DIRECTION('',(1.0,0.0,0.0));
#12987=CARTESIAN_POINT('',(-1.0,-5.499,0.001000000000003));
#12988=DIRECTION('',(1.0,0.0,0.0));
#12989=DIRECTION('',(0.0,0.999991935581424,-0.0040160642570411));
#12990=DIRECTION('',(0.0,-1.0,-1.216379807855E-14));
#12991=DIRECTION('',(0.0,-1.0,1.238495804361E-14));
#12992=CARTESIAN_POINT('',(-1.0,5.499,0.001000000000003));
#12993=DIRECTION('',(1.0,0.0,-0.0));
#12994=DIRECTION('',(0.0,1.070094481566E-14,1.0));
#12995=DIRECTION('',(1.0,0.0,0.0));
#12996=DIRECTION('',(1.0,0.0,0.0));
#12997=DIRECTION('',(0.0,0.0,-1.0));
#12998=CARTESIAN_POINT('',(0.5,0.6,1.119491606732));
#12999=DIRECTION('',(-1.0,0.0,0.0));
#13000=DIRECTION('',(0.0,0.878048780487818,0.47857114317921));
#13001=CARTESIAN_POINT('',(0.5,2.4,2.100562450249));
#13002=DIRECTION('',(1.0,0.0,0.0));
#13003=DIRECTION('',(0.0,-0.878048780487818,0.47857114317921));
#13004=CARTESIAN_POINT('',(0.5,0.6,3.081633293766));
#13005=DIRECTION('',(-1.0,0.0,0.0));
#13006=DIRECTION('',(0.0,1.0,0.0));
#13007=DIRECTION('',(0.0,0.0,-1.0));
#13008=CARTESIAN_POINT('',(0.5,1.4,3.551));
#13009=DIRECTION('',(1.0,0.0,0.0));
#13010=DIRECTION('',(0.0,1.0,0.0));
#13011=DIRECTION('',(0.0,0.0,1.0));
#13012=CARTESIAN_POINT('',(0.5,0.6,3.081633293766));
#13013=DIRECTION('',(1.0,0.0,0.0));
#13014=DIRECTION('',(0.0,0.878048780487818,-0.47857114317921));
#13015=CARTESIAN_POINT('',(0.5,2.4,2.100562450249));
#13016=DIRECTION('',(-1.0,-0.0,0.0));
#13017=DIRECTION('',(0.0,-0.878048780487818,-0.47857114317921));
#13018=CARTESIAN_POINT('',(0.5,0.6,1.119491606732));
#13019=DIRECTION('',(1.0,0.0,0.0));
#13020=DIRECTION('',(0.0,1.0,0.0));
#13021=DIRECTION('',(0.0,0.0,1.0));
#13022=DIRECTION('',(1.0,0.0,0.0));
#13023=DIRECTION('',(0.0,0.0,1.0));
#13024=CARTESIAN_POINT('',(1.3,0.6,1.119491606732));
#13025=DIRECTION('',(1.0,0.0,0.0));
#13026=DIRECTION('',(0.0,1.0,0.0));
#13027=CARTESIAN_POINT('',(1.3,2.4,2.100562450249));
#13028=DIRECTION('',(-1.0,-0.0,0.0));
#13029=DIRECTION('',(0.0,-0.878048780487818,-0.47857114317921));
#13030=CARTESIAN_POINT('',(1.3,0.6,3.081633293766));
#13031=DIRECTION('',(1.0,0.0,0.0));
#13032=DIRECTION('',(0.0,0.878048780487818,-0.47857114317921));
#13033=DIRECTION('',(0.0,0.0,1.0));
#13034=CARTESIAN_POINT('',(1.3,1.4,3.551));
#13035=DIRECTION('',(1.0,0.0,0.0));
#13036=DIRECTION('',(0.0,1.0,0.0));
#13037=DIRECTION('',(0.0,0.0,-1.0));
#13038=CARTESIAN_POINT('',(1.3,0.6,3.081633293766));
#13039=DIRECTION('',(-1.0,0.0,0.0));
#13040=DIRECTION('',(0.0,1.0,0.0));
#13041=CARTESIAN_POINT('',(1.3,2.4,2.100562450249));
#13042=DIRECTION('',(1.0,0.0,0.0));
#13043=DIRECTION('',(0.0,-0.878048780487818,0.47857114317921));
#13044=CARTESIAN_POINT('',(1.3,0.6,1.119491606732));
#13045=DIRECTION('',(-1.0,0.0,0.0));
#13046=DIRECTION('',(0.0,0.878048780487818,0.47857114317921));
#13047=DIRECTION('',(0.0,0.0,-1.0));
#13048=DIRECTION('',(1.0,0.0,0.0));
#13049=DIRECTION('',(1.0,0.0,0.0));
#13050=DIRECTION('',(1.0,0.0,0.0));
#13051=DIRECTION('',(1.0,0.0,0.0));
#13052=DIRECTION('',(1.0,0.0,0.0));
#13053=DIRECTION('',(1.0,0.0,0.0));
#13054=DIRECTION('',(1.0,0.0,0.0));
#13055=DIRECTION('',(0.0,0.0,-1.0));
#13056=CARTESIAN_POINT('',(-3.0,-3.4,1.350563199505));
#13057=DIRECTION('',(1.0,0.0,0.0));
#13058=DIRECTION('',(0.0,-0.8,0.6));
#13059=CARTESIAN_POINT('',(-3.0,-4.4,2.100563199505));
#13060=DIRECTION('',(-1.0,0.0,0.0));
#13061=DIRECTION('',(0.0,0.8,0.6));
#13062=CARTESIAN_POINT('',(-3.0,-3.4,2.850563199505));
#13063=DIRECTION('',(1.0,0.0,0.0));
#13064=DIRECTION('',(0.0,-1.0,0.0));
#13065=DIRECTION('',(0.0,0.0,-1.0));
#13066=CARTESIAN_POINT('',(-3.0,-3.8,3.550563199505));
#13067=DIRECTION('',(1.0,0.0,0.0));
#13068=DIRECTION('',(0.0,1.0,0.0));
#13069=DIRECTION('',(0.0,0.0,1.0));
#13070=CARTESIAN_POINT('',(-3.0,-3.4,2.850563199505));
#13071=DIRECTION('',(-1.0,-0.0,0.0));
#13072=DIRECTION('',(0.0,-0.8,-0.6));
#13073=CARTESIAN_POINT('',(-3.0,-4.4,2.100563199505));
#13074=DIRECTION('',(1.0,0.0,0.0));
#13075=DIRECTION('',(0.0,0.8,-0.6));
#13076=CARTESIAN_POINT('',(-3.0,-3.4,1.350563199505));
#13077=DIRECTION('',(-1.0,0.0,0.0));
#13078=DIRECTION('',(0.0,-1.0,2.109423746788E-14));
#13079=DIRECTION('',(0.0,0.0,1.0));
#13080=DIRECTION('',(1.0,0.0,0.0));
#13081=DIRECTION('',(0.0,0.0,1.0));
#13082=CARTESIAN_POINT('',(-2.2,-3.4,1.350563199505));
#13083=DIRECTION('',(-1.0,0.0,0.0));
#13084=DIRECTION('',(0.0,-1.0,2.109423746788E-14));
#13085=CARTESIAN_POINT('',(-2.2,-4.4,2.100563199505));
#13086=DIRECTION('',(1.0,0.0,0.0));
#13087=DIRECTION('',(0.0,0.8,-0.6));
#13088=CARTESIAN_POINT('',(-2.2,-3.4,2.850563199505));
#13089=DIRECTION('',(-1.0,-0.0,0.0));
#13090=DIRECTION('',(0.0,-0.8,-0.6));
#13091=DIRECTION('',(0.0,0.0,1.0));
#13092=CARTESIAN_POINT('',(-2.2,-3.8,3.550563199505));
#13093=DIRECTION('',(1.0,0.0,0.0));
#13094=DIRECTION('',(0.0,1.0,0.0));
#13095=DIRECTION('',(0.0,0.0,-1.0));
#13096=CARTESIAN_POINT('',(-2.2,-3.4,2.850563199505));
#13097=DIRECTION('',(1.0,0.0,0.0));
#13098=DIRECTION('',(0.0,-1.0,0.0));
#13099=CARTESIAN_POINT('',(-2.2,-4.4,2.100563199505));
#13100=DIRECTION('',(-1.0,0.0,0.0));
#13101=DIRECTION('',(0.0,0.8,0.6));
#13102=CARTESIAN_POINT('',(-2.2,-3.4,1.350563199505));
#13103=DIRECTION('',(1.0,0.0,0.0));
#13104=DIRECTION('',(0.0,-0.8,0.6));
#13105=DIRECTION('',(0.0,0.0,-1.0));
#13106=DIRECTION('',(1.0,0.0,0.0));
#13107=DIRECTION('',(1.0,0.0,0.0));
#13108=DIRECTION('',(1.0,0.0,0.0));
#13109=DIRECTION('',(1.0,0.0,0.0));
#13110=DIRECTION('',(1.0,0.0,0.0));
#13111=DIRECTION('',(1.0,0.0,0.0));
#13112=DIRECTION('',(1.0,0.0,0.0));
#13113=DIRECTION('',(0.0,0.0,-1.0));
#13114=CARTESIAN_POINT('',(4.0,-3.4,1.350563199505));
#13115=DIRECTION('',(1.0,0.0,0.0));
#13116=DIRECTION('',(0.0,-0.8,0.6));
#13117=CARTESIAN_POINT('',(4.0,-4.4,2.100563199505));
#13118=DIRECTION('',(-1.0,0.0,0.0));
#13119=DIRECTION('',(0.0,0.8,0.6));
#13120=CARTESIAN_POINT('',(4.0,-3.4,2.850563199505));
#13121=DIRECTION('',(1.0,0.0,0.0));
#13122=DIRECTION('',(0.0,-1.0,0.0));
#13123=DIRECTION('',(0.0,0.0,-1.0));
#13124=CARTESIAN_POINT('',(4.0,-3.8,3.550563199505));
#13125=DIRECTION('',(1.0,0.0,0.0));
#13126=DIRECTION('',(0.0,1.0,0.0));
#13127=DIRECTION('',(0.0,0.0,1.0));
#13128=CARTESIAN_POINT('',(4.0,-3.4,2.850563199505));
#13129=DIRECTION('',(-1.0,-0.0,0.0));
#13130=DIRECTION('',(0.0,-0.8,-0.6));
#13131=CARTESIAN_POINT('',(4.0,-4.4,2.100563199505));
#13132=DIRECTION('',(1.0,0.0,0.0));
#13133=DIRECTION('',(0.0,0.8,-0.6));
#13134=CARTESIAN_POINT('',(4.0,-3.4,1.350563199505));
#13135=DIRECTION('',(-1.0,0.0,0.0));
#13136=DIRECTION('',(0.0,-1.0,2.109423746788E-14));
#13137=DIRECTION('',(0.0,0.0,1.0));
#13138=DIRECTION('',(1.0,0.0,0.0));
#13139=DIRECTION('',(0.0,0.0,1.0));
#13140=CARTESIAN_POINT('',(4.8,-3.4,1.350563199505));
#13141=DIRECTION('',(-1.0,0.0,0.0));
#13142=DIRECTION('',(0.0,-1.0,2.109423746788E-14));
#13143=CARTESIAN_POINT('',(4.8,-4.4,2.100563199505));
#13144=DIRECTION('',(1.0,0.0,0.0));
#13145=DIRECTION('',(0.0,0.8,-0.6));
#13146=CARTESIAN_POINT('',(4.8,-3.4,2.850563199505));
#13147=DIRECTION('',(-1.0,-0.0,0.0));
#13148=DIRECTION('',(0.0,-0.8,-0.6));
#13149=DIRECTION('',(0.0,0.0,1.0));
#13150=CARTESIAN_POINT('',(4.8,-3.8,3.550563199505));
#13151=DIRECTION('',(1.0,0.0,0.0));
#13152=DIRECTION('',(0.0,1.0,0.0));
#13153=DIRECTION('',(0.0,0.0,-1.0));
#13154=CARTESIAN_POINT('',(4.8,-3.4,2.850563199505));
#13155=DIRECTION('',(1.0,0.0,0.0));
#13156=DIRECTION('',(0.0,-1.0,0.0));
#13157=CARTESIAN_POINT('',(4.8,-4.4,2.100563199505));
#13158=DIRECTION('',(-1.0,0.0,0.0));
#13159=DIRECTION('',(0.0,0.8,0.6));
#13160=CARTESIAN_POINT('',(4.8,-3.4,1.350563199505));
#13161=DIRECTION('',(1.0,0.0,0.0));
#13162=DIRECTION('',(0.0,-0.8,0.6));
#13163=DIRECTION('',(0.0,0.0,-1.0));
#13164=DIRECTION('',(1.0,0.0,0.0));
#13165=DIRECTION('',(1.0,0.0,0.0));
#13166=DIRECTION('',(1.0,0.0,0.0));
#13167=DIRECTION('',(1.0,0.0,0.0));
#13168=DIRECTION('',(1.0,0.0,0.0));
#13169=DIRECTION('',(1.0,0.0,0.0));
#13170=DIRECTION('',(1.0,0.0,0.0));
#13171=DIRECTION('',(1.0,0.0,0.0));
#13172=CARTESIAN_POINT('',(-3.3,-2.018514556997,-10.56569900514));
#13173=DIRECTION('',(1.0,0.0,-0.0));
#13174=DIRECTION('',(0.0,0.707106781186498,0.707106781186598));
#13175=CARTESIAN_POINT('',(-1.0,-2.018514556997,-10.56569900514));
#13176=DIRECTION('',(1.0,0.0,-0.0));
#13177=DIRECTION('',(0.0,0.707106781186498,0.707106781186598));
#13178=DIRECTION('',(1.0,0.0,0.0));
#13179=CARTESIAN_POINT('',(0.2,-2.018514556997,-10.56569900514));
#13180=DIRECTION('',(1.0,0.0,-0.0));
#13181=DIRECTION('',(0.0,0.707106781186498,0.707106781186598));
#13182=CARTESIAN_POINT('',(2.5,-2.018514556997,-10.56569900514));
#13183=DIRECTION('',(1.0,0.0,-0.0));
#13184=DIRECTION('',(0.0,0.707106781186498,0.707106781186598));
#13185=DIRECTION('',(1.0,0.0,0.0));
#13186=CARTESIAN_POINT('',(3.7,-2.018514556997,-10.56569900514));
#13187=DIRECTION('',(1.0,0.0,-0.0));
#13188=DIRECTION('',(0.0,0.707106781186498,0.707106781186598));
#13189=CARTESIAN_POINT('',(-1.0,-3.3,-10.75));
#13190=DIRECTION('',(1.0,0.0,0.0));
#13191=DIRECTION('',(0.0,0.0,-1.0));
#13192=DIRECTION('',(0.0,0.0,1.0));
#13193=CARTESIAN_POINT('',(-1.0,-3.3,-10.63412341624));
#13194=DIRECTION('',(1.0,0.0,0.0));
#13195=DIRECTION('',(0.0,1.0,0.0));
#13196=DIRECTION('',(0.0,-0.866025403667364,0.500000000202779));
#13197=DIRECTION('',(0.0,1.094795465406E-08,-1.0));
#13198=CARTESIAN_POINT('',(-1.0,-3.250000013356,-9.392820329611));
#13199=DIRECTION('',(1.0,0.0,-0.0));
#13200=DIRECTION('',(0.0,0.500000000202779,0.866025403667364));
#13201=DIRECTION('',(0.0,0.866025403667364,-0.500000000202779));
#13202=DIRECTION('',(0.0,0.0,-1.0));
#13203=CARTESIAN_POINT('',(-1.0,-1.6,-12.2781743646));
#13204=DIRECTION('',(-1.0,0.0,0.0));
#13205=DIRECTION('',(0.0,1.0,0.0));
#13206=DIRECTION('',(0.0,-1.0,0.0));
#13207=CARTESIAN_POINT('',(-1.0,-1.994409558669,-12.5281743646));
#13208=DIRECTION('',(-1.0,0.0,0.0));
#13209=DIRECTION('',(0.0,0.0,-1.0));
#13210=DIRECTION('',(0.0,-0.500000000037376,0.866025403762859));
#13211=CARTESIAN_POINT('',(-1.0,-2.48515728748,-12.3781743646));
#13212=DIRECTION('',(1.0,0.0,-0.0));
#13213=DIRECTION('',(0.0,0.866025403784429,0.500000000000017));
#13214=DIRECTION('',(0.0,-0.500000000252793,-0.866025403638488));
#13215=CARTESIAN_POINT('',(-1.0,-2.975905016393,-12.5281743646));
#13216=DIRECTION('',(-1.0,0.0,0.0));
#13217=DIRECTION('',(0.0,0.866025403667451,-0.500000000202629));
#13218=DIRECTION('',(0.0,-1.0,0.0));
#13219=CARTESIAN_POINT('',(-1.0,-3.370314575062,-12.2781743646));
#13220=DIRECTION('',(-1.0,0.0,0.0));
#13221=DIRECTION('',(0.0,0.0,-1.0));
#13222=DIRECTION('',(0.0,-0.707106781186597,0.707106781186498));
#13223=DIRECTION('',(0.0,0.0,1.0));
#13224=DIRECTION('',(0.0,0.984807753004191,0.173648177712398));
#13225=CARTESIAN_POINT('',(-1.0,-3.7,-11.41918493314));
#13226=DIRECTION('',(1.0,0.0,0.0));
#13227=DIRECTION('',(0.0,0.173648177666902,-0.984807753012213));
#13228=DIRECTION('',(0.0,5.33059505E-11,1.0));
#13229=CARTESIAN_POINT('',(-0.9,-3.45,-11.41918493314));
#13230=DIRECTION('',(0.0,0.0,1.0));
#13231=DIRECTION('',(-1.0,0.0,0.0));
#13232=DIRECTION('',(1.837412120894E-14,0.0,1.0));
#13233=DIRECTION('',(1.0,0.0,2.557953848736E-14));
#13234=DIRECTION('',(0.0,0.0,-1.0));
#13235=DIRECTION('',(1.0,0.0,4.948422624044E-11));
#13236=DIRECTION('',(0.0,9.54108652265796E-08,-0.999999999999995));
#13237=DIRECTION('',(1.0,0.0,0.0));
#13238=DIRECTION('',(0.0,0.0,-1.0));
#13239=DIRECTION('',(0.0,-2.177266219704E-08,-1.0));
#13240=CARTESIAN_POINT('',(-1.0,-3.850000017105,-9.392820327306));
#13241=DIRECTION('',(1.0,0.0,0.0));
#13242=DIRECTION('',(0.0,-0.500000028306532,0.866025387441654));
#13243=DIRECTION('',(0.0,0.866025387441723,0.500000028306413));
#13244=DIRECTION('',(0.0,-1.0,0.0));
#13245=DIRECTION('',(0.0,-0.866025403667364,0.500000000202779));
#13246=DIRECTION('',(0.0,6.30185181139E-09,-1.0));
#13247=CARTESIAN_POINT('',(-1.0,-4.65,-10.75));
#13248=DIRECTION('',(-1.0,0.0,0.0));
#13249=DIRECTION('',(0.0,1.0,0.0));
#13250=DIRECTION('',(1.0,0.0,0.0));
#13251=DIRECTION('',(1.0,0.0,0.0));
#13252=DIRECTION('',(0.0,-1.0,0.0));
#13253=DIRECTION('',(1.0,0.0,0.0));
#13254=DIRECTION('',(0.0,-1.0,0.0));
#13255=DIRECTION('',(1.0,0.0,0.0));
#13256=DIRECTION('',(0.0,-1.0,0.0));
#13257=DIRECTION('',(1.0,0.0,0.0));
#13258=DIRECTION('',(1.0,0.0,0.0));
#13259=DIRECTION('',(0.0,-1.0,0.0));
#13260=DIRECTION('',(1.0,0.0,0.0));
#13261=DIRECTION('',(0.0,-2.177266219704E-08,-1.0));
#13262=DIRECTION('',(0.0,6.30185181139E-09,-1.0));
#13263=DIRECTION('',(1.0,0.0,0.0));
#13264=CARTESIAN_POINT('',(-1.7,-4.65,-10.75));
#13265=DIRECTION('',(-1.0,0.0,0.0));
#13266=DIRECTION('',(0.0,1.0,0.0));
#13267=DIRECTION('',(0.0,-0.866025403667364,0.500000000202779));
#13268=CARTESIAN_POINT('',(-1.7,-3.3,-10.63412341624));
#13269=DIRECTION('',(1.0,0.0,0.0));
#13270=DIRECTION('',(0.0,1.0,0.0));
#13271=DIRECTION('',(0.0,0.0,1.0));
#13272=CARTESIAN_POINT('',(-1.7,-3.3,-10.75));
#13273=DIRECTION('',(1.0,0.0,0.0));
#13274=DIRECTION('',(0.0,0.0,-1.0));
#13275=DIRECTION('',(0.0,0.866025387441723,0.500000028306413));
#13276=CARTESIAN_POINT('',(-1.7,-3.850000017105,-9.392820327306));
#13277=DIRECTION('',(1.0,0.0,0.0));
#13278=DIRECTION('',(0.0,-0.500000028306532,0.866025387441654));
#13279=DIRECTION('',(1.0,0.0,0.0));
#13280=DIRECTION('',(1.0,0.0,0.0));
#13281=CARTESIAN_POINT('',(5.3,-3.3,-10.75));
#13282=DIRECTION('',(1.0,0.0,0.0));
#13283=DIRECTION('',(0.0,0.0,-1.0));
#13284=CARTESIAN_POINT('',(2.5,-3.3,-10.75));
#13285=DIRECTION('',(1.0,0.0,0.0));
#13286=DIRECTION('',(0.0,0.0,-1.0));
#13287=CARTESIAN_POINT('',(1.8,-3.3,-10.75));
#13288=DIRECTION('',(1.0,0.0,0.0));
#13289=DIRECTION('',(0.0,0.0,-1.0));
#13290=DIRECTION('',(1.0,0.0,0.0));
#13291=DIRECTION('',(1.0,0.0,0.0));
#13292=DIRECTION('',(1.0,0.0,0.0));
#13293=DIRECTION('',(0.0,0.0,1.0));
#13294=DIRECTION('',(0.0,0.0,1.0));
#13295=DIRECTION('',(0.0,0.0,1.0));
#13296=DIRECTION('',(1.0,0.0,0.0));
#13297=DIRECTION('',(1.0,0.0,0.0));
#13298=DIRECTION('',(1.0,0.0,0.0));
#13299=CARTESIAN_POINT('',(5.3,-3.3,-10.63412341624));
#13300=DIRECTION('',(1.0,0.0,0.0));
#13301=DIRECTION('',(0.0,1.0,0.0));
#13302=CARTESIAN_POINT('',(2.5,-3.3,-10.63412341624));
#13303=DIRECTION('',(1.0,0.0,0.0));
#13304=DIRECTION('',(0.0,1.0,0.0));
#13305=CARTESIAN_POINT('',(1.8,-3.3,-10.63412341624));
#13306=DIRECTION('',(1.0,0.0,0.0));
#13307=DIRECTION('',(0.0,1.0,0.0));
#13308=DIRECTION('',(1.0,0.0,0.0));
#13309=DIRECTION('',(0.0,-0.866025403667364,0.500000000202779));
#13310=DIRECTION('',(0.0,-0.866025403667364,0.500000000202779));
#13311=DIRECTION('',(0.0,-0.866025403667364,0.500000000202779));
#13312=DIRECTION('',(0.0,-0.866025403667364,0.500000000202779));
#13313=DIRECTION('',(1.0,0.0,0.0));
#13314=CARTESIAN_POINT('',(1.8,-3.850000017105,-9.392820327306));
#13315=DIRECTION('',(1.0,0.0,0.0));
#13316=DIRECTION('',(0.0,-0.500000028306532,0.866025387441654));
#13317=DIRECTION('',(1.0,0.0,0.0));
#13318=CARTESIAN_POINT('',(2.5,-3.850000017105,-9.392820327306));
#13319=DIRECTION('',(1.0,0.0,0.0));
#13320=DIRECTION('',(0.0,-0.500000028306532,0.866025387441654));
#13321=CARTESIAN_POINT('',(5.3,-3.850000017105,-9.392820327306));
#13322=DIRECTION('',(1.0,0.0,0.0));
#13323=DIRECTION('',(0.0,-0.500000028306532,0.866025387441654));
#13324=DIRECTION('',(1.0,0.0,0.0));
#13325=DIRECTION('',(0.0,0.866025387441723,0.500000028306413));
#13326=DIRECTION('',(0.0,0.866025387441723,0.500000028306413));
#13327=DIRECTION('',(0.0,0.866025387441723,0.500000028306413));
#13328=DIRECTION('',(0.0,-2.177266219704E-08,-1.0));
#13329=DIRECTION('',(0.0,6.30185181139E-09,-1.0));
#13330=CARTESIAN_POINT('',(2.5,-4.65,-10.75));
#13331=DIRECTION('',(-1.0,0.0,0.0));
#13332=DIRECTION('',(0.0,1.0,0.0));
#13333=DIRECTION('',(0.0,0.0,-1.0));
#13334=DIRECTION('',(0.0,-2.177266219704E-08,-1.0));
#13335=DIRECTION('',(0.0,6.30185181139E-09,-1.0));
#13336=DIRECTION('',(1.0,0.0,0.0));
#13337=CARTESIAN_POINT('',(5.3,-4.65,-10.75));
#13338=DIRECTION('',(-1.0,0.0,0.0));
#13339=DIRECTION('',(0.0,1.0,0.0));
#13340=DIRECTION('',(1.0,0.0,2.557953848736E-14));
#13341=DIRECTION('',(0.0,0.0,-1.0));
#13342=DIRECTION('',(1.0,0.0,4.948422624044E-11));
#13343=DIRECTION('',(0.0,9.54108652265796E-08,-0.999999999999995));
#13344=DIRECTION('',(1.0,0.0,0.0));
#13345=DIRECTION('',(0.0,1.094795465406E-08,-1.0));
#13346=DIRECTION('',(0.0,0.0,1.0));
#13347=DIRECTION('',(0.0,5.33059505E-11,1.0));
#13348=CARTESIAN_POINT('',(2.6,-3.45,-11.41918493314));
#13349=DIRECTION('',(0.0,0.0,1.0));
#13350=DIRECTION('',(-1.0,0.0,0.0));
#13351=CARTESIAN_POINT('',(2.6,-3.656587955583,-11.6653868714));
#13352=DIRECTION('',(-3.08461128047948E-15,0.984807753012213,0.173648177666902));
#13353=DIRECTION('',(-1.0,4.85547709693678E-31,-1.7763568394E-14));
#13354=CARTESIAN_POINT('',(2.6,-3.7,-11.41918493314));
#13355=DIRECTION('',(1.0,0.0,0.0));
#13356=DIRECTION('',(0.0,0.173648177666902,-0.984807753012213));
#13357=CARTESIAN_POINT('',(2.5,-3.7,-11.41918493314));
#13358=DIRECTION('',(1.0,0.0,0.0));
#13359=DIRECTION('',(0.0,0.173648177666902,-0.984807753012213));
#13360=CARTESIAN_POINT('',(2.5,-3.250000013356,-9.392820329611));
#13361=DIRECTION('',(1.0,0.0,-0.0));
#13362=DIRECTION('',(0.0,0.500000000202779,0.866025403667364));
#13363=DIRECTION('',(0.0,0.866025403667364,-0.500000000202779));
#13364=DIRECTION('',(0.0,0.0,-1.0));
#13365=CARTESIAN_POINT('',(2.5,-1.6,-12.2781743646));
#13366=DIRECTION('',(-1.0,0.0,0.0));
#13367=DIRECTION('',(0.0,1.0,0.0));
#13368=DIRECTION('',(0.0,-1.0,0.0));
#13369=CARTESIAN_POINT('',(2.5,-1.994409558669,-12.5281743646));
#13370=DIRECTION('',(-1.0,0.0,0.0));
#13371=DIRECTION('',(0.0,0.0,-1.0));
#13372=DIRECTION('',(0.0,-0.500000000037376,0.866025403762859));
#13373=CARTESIAN_POINT('',(2.5,-2.48515728748,-12.3781743646));
#13374=DIRECTION('',(1.0,0.0,-0.0));
#13375=DIRECTION('',(0.0,0.866025403784429,0.500000000000017));
#13376=DIRECTION('',(0.0,-0.500000000252793,-0.866025403638488));
#13377=CARTESIAN_POINT('',(2.5,-2.975905016393,-12.5281743646));
#13378=DIRECTION('',(-1.0,0.0,0.0));
#13379=DIRECTION('',(0.0,0.866025403667407,-0.500000000202704));
#13380=DIRECTION('',(0.0,-1.0,0.0));
#13381=CARTESIAN_POINT('',(2.5,-3.370314575062,-12.2781743646));
#13382=DIRECTION('',(-1.0,0.0,0.0));
#13383=DIRECTION('',(0.0,0.0,-1.0));
#13384=DIRECTION('',(0.0,-0.707106781186548,0.707106781186548));
#13385=DIRECTION('',(0.0,0.0,1.0));
#13386=DIRECTION('',(0.0,0.984807753004191,0.173648177712398));
#13387=CARTESIAN_POINT('',(2.6,-4.0,-11.72593968033));
#13388=DIRECTION('',(0.0,0.984807753012213,0.173648177666902));
#13389=DIRECTION('',(-1.0,0.0,0.0));
#13390=DIRECTION('',(0.0,0.984807753012213,0.173648177666902));
#13391=DIRECTION('',(1.0,0.0,0.0));
#13392=DIRECTION('',(0.0,-0.984807753012213,-0.173648177666902));
#13393=DIRECTION('',(1.0,3.446132268436E-14,0.0));
#13394=CARTESIAN_POINT('',(5.1,-3.7,-11.41918493314));
#13395=DIRECTION('',(-1.0,0.0,0.0));
#13396=DIRECTION('',(0.0,1.0,0.0));
#13397=CARTESIAN_POINT('',(5.1,-3.45,-11.41918493314));
#13398=DIRECTION('',(0.0,0.0,-1.0));
#13399=DIRECTION('',(1.0,0.0,0.0));
#13400=CARTESIAN_POINT('',(5.1,-3.656587955583,-11.6653868714));
#13401=DIRECTION('',(0.0,-0.984807753012213,-0.173648177666902));
#13402=DIRECTION('',(1.0,0.0,0.0));
#13403=CARTESIAN_POINT('',(5.2,-3.7,-11.41918493314));
#13404=DIRECTION('',(-1.0,0.0,0.0));
#13405=DIRECTION('',(0.0,1.0,0.0));
#13406=DIRECTION('',(0.0,-0.766044443119007,0.642787609686505));
#13407=DIRECTION('',(0.0,-3.716888546766E-12,-1.0));
#13408=DIRECTION('',(0.0,-0.984807753004191,-0.173648177712398));
#13409=DIRECTION('',(0.0,0.0,-1.0));
#13410=DIRECTION('',(0.0,0.707106781186597,-0.707106781186498));
#13411=CARTESIAN_POINT('',(5.2,-3.370314575062,-12.2781743646));
#13412=DIRECTION('',(1.0,0.0,0.0));
#13413=DIRECTION('',(0.0,-0.707106781186548,-0.707106781186548));
#13414=DIRECTION('',(0.0,1.0,0.0));
#13415=CARTESIAN_POINT('',(5.2,-2.975905016393,-12.5281743646));
#13416=DIRECTION('',(1.0,0.0,0.0));
#13417=DIRECTION('',(0.0,0.0,-1.0));
#13418=DIRECTION('',(0.0,0.500000000252793,0.866025403638488));
#13419=CARTESIAN_POINT('',(5.2,-2.48515728748,-12.3781743646));
#13420=DIRECTION('',(-1.0,0.0,0.0));
#13421=DIRECTION('',(0.0,-0.866025403667364,0.500000000202779));
#13422=DIRECTION('',(0.0,0.50000000003742,-0.866025403762834));
#13423=CARTESIAN_POINT('',(5.2,-1.994409558669,-12.5281743646));
#13424=DIRECTION('',(1.0,0.0,0.0));
#13425=DIRECTION('',(0.0,-0.866025403784454,-0.499999999999974));
#13426=DIRECTION('',(0.0,1.0,0.0));
#13427=CARTESIAN_POINT('',(5.2,-1.6,-12.2781743646));
#13428=DIRECTION('',(1.0,0.0,0.0));
#13429=DIRECTION('',(0.0,0.0,-1.0));
#13430=DIRECTION('',(0.0,0.0,1.0));
#13431=CARTESIAN_POINT('',(5.1,-1.3,-10.79651618124));
#13432=DIRECTION('',(0.0,0.0,1.0));
#13433=DIRECTION('',(1.0,0.0,0.0));
#13434=CARTESIAN_POINT('',(5.1,-1.3,-12.2781743646));
#13435=DIRECTION('',(0.0,0.0,1.0));
#13436=DIRECTION('',(1.0,0.0,0.0));
#13437=DIRECTION('',(0.0,0.0,1.0));
#13438=DIRECTION('',(0.0,0.0,1.0));
#13439=DIRECTION('',(-1.0,0.0,0.0));
#13440=DIRECTION('',(-1.0,0.0,1.684767880761E-11));
#13441=DIRECTION('',(0.0,0.0,-1.0));
#13442=CARTESIAN_POINT('',(2.6,-1.3,-12.2781743646));
#13443=DIRECTION('',(0.0,0.0,-1.0));
#13444=DIRECTION('',(-1.0,0.0,0.0));
#13445=CARTESIAN_POINT('',(2.6,-1.6,-12.2781743646));
#13446=DIRECTION('',(-1.0,0.0,0.0));
#13447=DIRECTION('',(0.0,1.0,0.0));
#13448=CARTESIAN_POINT('',(2.6,-1.6,-12.5781743646));
#13449=DIRECTION('',(0.0,-1.0,0.0));
#13450=DIRECTION('',(-1.0,0.0,0.0));
#13451=DIRECTION('',(0.0,-1.0,0.0));
#13452=CARTESIAN_POINT('',(2.6,-1.994409558669,-12.5781743646));
#13453=DIRECTION('',(0.0,-1.0,0.0));
#13454=DIRECTION('',(-1.0,0.0,0.0));
#13455=CARTESIAN_POINT('',(2.6,-1.994409558669,-12.5281743646));
#13456=DIRECTION('',(-1.0,0.0,0.0));
#13457=DIRECTION('',(0.0,0.0,-1.0));
#13458=CARTESIAN_POINT('',(2.6,-2.037710828858,-12.5531743646));
#13459=DIRECTION('',(0.0,-0.500000000000017,0.866025403784429));
#13460=DIRECTION('',(-1.0,0.0,0.0));
#13461=DIRECTION('',(0.0,-0.500000000000017,0.866025403784429));
#13462=CARTESIAN_POINT('',(2.6,-2.225349666345,-12.2281743646));
#13463=DIRECTION('',(0.0,-0.500000000000017,0.866025403784429));
#13464=DIRECTION('',(-1.0,0.0,0.0));
#13465=CARTESIAN_POINT('',(2.6,-2.48515728748,-12.3781743646));
#13466=DIRECTION('',(1.0,0.0,-0.0));
#13467=DIRECTION('',(0.0,0.866025403784429,0.500000000000017));
#13468=CARTESIAN_POINT('',(2.6,-2.744964908581,-12.22817436454));
#13469=DIRECTION('',(-0.0,-0.500000000202779,-0.866025403667364));
#13470=DIRECTION('',(-1.0,0.0,0.0));
#13471=DIRECTION('',(0.0,-0.500000000202779,-0.866025403667364));
#13472=CARTESIAN_POINT('',(2.6,-2.93260374621,-12.55317436461));
#13473=DIRECTION('',(-0.0,-0.500000000202779,-0.866025403667364));
#13474=DIRECTION('',(-1.0,0.0,0.0));
#13475=CARTESIAN_POINT('',(2.6,-2.975905016393,-12.5281743646));
#13476=DIRECTION('',(-1.0,0.0,0.0));
#13477=DIRECTION('',(0.0,0.866025403667364,-0.500000000202779));
#13478=CARTESIAN_POINT('',(2.6,-2.975905016393,-12.5781743646));
#13479=DIRECTION('',(0.0,-1.0,0.0));
#13480=DIRECTION('',(-1.0,0.0,0.0));
#13481=DIRECTION('',(0.0,-1.0,0.0));
#13482=CARTESIAN_POINT('',(2.6,-3.370314575062,-12.5781743646));
#13483=DIRECTION('',(0.0,-1.0,-0.0));
#13484=DIRECTION('',(-1.0,0.0,-1.7763568394E-14));
#13485=CARTESIAN_POINT('',(2.6,-3.370314575062,-12.2781743646));
#13486=DIRECTION('',(-1.0,0.0,0.0));
#13487=DIRECTION('',(0.0,0.0,-1.0));
#13488=CARTESIAN_POINT('',(2.6,-3.582446609418,-12.49030639896));
#13489=DIRECTION('',(0.0,-0.707106781186548,0.707106781186548));
#13490=DIRECTION('',(-1.0,0.0,0.0));
#13491=DIRECTION('',(0.0,-0.707106781186548,0.707106781186548));
#13492=CARTESIAN_POINT('',(2.6,-4.0,-12.07275300838));
#13493=DIRECTION('',(3.1401849173671E-15,-0.707106781186548,0.707106781186548));
#13494=DIRECTION('',(-1.0,-2.22044604925E-14,-1.7763568394E-14));
#13495=CARTESIAN_POINT('',(2.6,-4.0,-12.07275300838));
#13496=DIRECTION('',(0.0,0.0,1.0));
#13497=DIRECTION('',(-1.0,0.0,0.0));
#13498=CARTESIAN_POINT('',(2.6,-4.0,-12.07275300838));
#13499=DIRECTION('',(-1.0,-0.0,0.0));
#13500=DIRECTION('',(0.0,-0.707106781186548,-0.707106781186548));
#13501=DIRECTION('',(1.0,0.0,0.0));
#13502=CARTESIAN_POINT('',(5.1,-4.0,-12.07275300838));
#13503=DIRECTION('',(1.0,0.0,0.0));
#13504=DIRECTION('',(0.0,-1.0,0.0));
#13505=DIRECTION('',(1.0,0.0,0.0));
#13506=DIRECTION('',(0.0,0.0,-1.0));
#13507=DIRECTION('',(1.0,0.0,0.0));
#13508=DIRECTION('',(0.0,0.0,1.0));
#13509=CARTESIAN_POINT('',(2.6,-4.0,-11.72593968033));
#13510=DIRECTION('',(0.0,0.0,1.0));
#13511=DIRECTION('',(-1.0,0.0,0.0));
#13512=CARTESIAN_POINT('',(2.6,-4.0,-11.72593968033));
#13513=DIRECTION('',(-1.0,0.0,0.0));
#13514=DIRECTION('',(0.0,-1.0,0.0));
#13515=CARTESIAN_POINT('',(5.1,-4.0,-11.72593968033));
#13516=DIRECTION('',(1.0,0.0,0.0));
#13517=DIRECTION('',(0.0,-0.173648177666902,0.984807753012213));
#13518=CARTESIAN_POINT('',(5.1,-4.0,-11.72593968033));
#13519=DIRECTION('',(0.0,0.0,-1.0));
#13520=DIRECTION('',(1.0,0.0,0.0));
#13521=CARTESIAN_POINT('',(5.1,-4.0,-11.72593968033));
#13522=DIRECTION('',(0.0,-0.984807753012213,-0.173648177666902));
#13523=DIRECTION('',(1.0,0.0,0.0));
#13524=CARTESIAN_POINT('',(5.1,-4.0,-12.07275300838));
#13525=DIRECTION('',(0.0,0.0,-1.0));
#13526=DIRECTION('',(1.0,0.0,0.0));
#13527=CARTESIAN_POINT('',(5.1,-4.0,-12.07275300838));
#13528=DIRECTION('',(-3.14018491736711E-15,0.707106781186548,-0.707106781186548));
#13529=DIRECTION('',(1.0,-1.33226762955E-14,-1.7763568394E-14));
#13530=DIRECTION('',(0.0,0.707106781186548,-0.707106781186548));
#13531=CARTESIAN_POINT('',(5.1,-3.582446609418,-12.49030639896));
#13532=DIRECTION('',(-3.1401849173671E-15,0.707106781186548,-0.707106781186548));
#13533=DIRECTION('',(1.0,2.22044604925E-14,1.7763568394E-14));
#13534=CARTESIAN_POINT('',(5.1,-3.370314575062,-12.2781743646));
#13535=DIRECTION('',(1.0,0.0,0.0));
#13536=DIRECTION('',(0.0,-0.707106781186548,-0.707106781186548));
#13537=CARTESIAN_POINT('',(5.1,-3.370314575062,-12.5781743646));
#13538=DIRECTION('',(-0.0,1.0,0.0));
#13539=DIRECTION('',(1.0,0.0,0.0));
#13540=DIRECTION('',(0.0,1.0,0.0));
#13541=CARTESIAN_POINT('',(5.1,-2.975905016393,-12.5781743646));
#13542=DIRECTION('',(0.0,1.0,0.0));
#13543=DIRECTION('',(1.0,0.0,-1.7763568394E-14));
#13544=CARTESIAN_POINT('',(5.1,-2.975905016393,-12.5281743646));
#13545=DIRECTION('',(1.0,0.0,0.0));
#13546=DIRECTION('',(0.0,0.0,-1.0));
#13547=CARTESIAN_POINT('',(5.1,-2.93260374621,-12.55317436461));
#13548=DIRECTION('',(-0.0,0.500000000202779,0.866025403667364));
#13549=DIRECTION('',(1.0,0.0,0.0));
#13550=DIRECTION('',(0.0,0.500000000202779,0.866025403667364));
#13551=CARTESIAN_POINT('',(5.1,-2.744964908581,-12.22817436454));
#13552=DIRECTION('',(-0.0,0.500000000202779,0.866025403667364));
#13553=DIRECTION('',(1.0,0.0,0.0));
#13554=CARTESIAN_POINT('',(5.1,-2.48515728748,-12.3781743646));
#13555=DIRECTION('',(-1.0,0.0,0.0));
#13556=DIRECTION('',(0.0,-0.866025403667364,0.500000000202779));
#13557=CARTESIAN_POINT('',(5.1,-2.225349666345,-12.2281743646));
#13558=DIRECTION('',(0.0,0.500000000000017,-0.866025403784429));
#13559=DIRECTION('',(1.0,0.0,0.0));
#13560=DIRECTION('',(0.0,0.500000000000017,-0.866025403784429));
#13561=CARTESIAN_POINT('',(5.1,-2.037710828858,-12.5531743646));
#13562=DIRECTION('',(0.0,0.500000000000017,-0.866025403784429));
#13563=DIRECTION('',(1.0,0.0,0.0));
#13564=CARTESIAN_POINT('',(5.1,-1.994409558669,-12.5281743646));
#13565=DIRECTION('',(1.0,0.0,0.0));
#13566=DIRECTION('',(0.0,-0.866025403784429,-0.500000000000017));
#13567=CARTESIAN_POINT('',(5.1,-1.994409558669,-12.5781743646));
#13568=DIRECTION('',(-0.0,1.0,0.0));
#13569=DIRECTION('',(1.0,0.0,0.0));
#13570=DIRECTION('',(0.0,1.0,0.0));
#13571=CARTESIAN_POINT('',(5.1,-1.6,-12.5781743646));
#13572=DIRECTION('',(-0.0,1.0,0.0));
#13573=DIRECTION('',(1.0,0.0,0.0));
#13574=CARTESIAN_POINT('',(5.1,-1.6,-12.2781743646));
#13575=DIRECTION('',(1.0,0.0,0.0));
#13576=DIRECTION('',(0.0,0.0,-1.0));
#13577=DIRECTION('',(1.0,0.0,0.0));
#13578=DIRECTION('',(1.0,0.0,0.0));
#13579=DIRECTION('',(1.0,0.0,0.0));
#13580=DIRECTION('',(1.0,0.0,0.0));
#13581=DIRECTION('',(1.0,0.0,0.0));
#13582=DIRECTION('',(1.0,0.0,0.0));
#13583=DIRECTION('',(1.0,0.0,0.0));
#13584=DIRECTION('',(1.0,0.0,0.0));
#13585=CARTESIAN_POINT('',(5.1,-1.3,-10.79651618124));
#13586=DIRECTION('',(1.0,0.0,0.0));
#13587=DIRECTION('',(0.0,1.0,0.0));
#13588=DIRECTION('',(1.0,0.0,0.0));
#13589=DIRECTION('',(1.0,-3.907350633524E-11,3.278647195007E-11));
#13590=DIRECTION('',(0.0,-0.766044443119007,0.642787609686505));
#13591=DIRECTION('',(0.0,-0.766044443119006,0.642787609686505));
#13592=DIRECTION('',(0.0,0.866025403667364,-0.500000000202779));
#13593=CARTESIAN_POINT('',(3.7,-3.250000013356,-9.392820329611));
#13594=DIRECTION('',(1.0,0.0,-0.0));
#13595=DIRECTION('',(0.0,0.500000000202779,0.866025403667364));
#13596=CARTESIAN_POINT('',(3.7,-3.45,-8.992451974211));
#13597=DIRECTION('',(1.0,0.0,-0.0));
#13598=DIRECTION('',(0.0,0.642787609686505,0.766044443119007));
#13599=DIRECTION('',(0.0,0.0,1.0));
#13600=CARTESIAN_POINT('',(5.1,-3.45,-8.992451974211));
#13601=DIRECTION('',(1.0,0.0,-0.0));
#13602=DIRECTION('',(0.0,0.642787609686505,0.766044443119007));
#13603=CARTESIAN_POINT('',(5.1,-3.45,-8.992451974211));
#13604=DIRECTION('',(0.0,0.0,-1.0));
#13605=DIRECTION('',(1.0,0.0,0.0));
#13606=CARTESIAN_POINT('',(5.1,-3.45,-8.992451974211));
#13607=DIRECTION('',(1.21243952384092E-15,-0.766044443119007,0.642787609686505));
#13608=DIRECTION('',(1.0,-1.33226762955E-14,-1.7763568394E-14));
#13609=CARTESIAN_POINT('',(5.1,-1.3,-10.79651618124));
#13610=DIRECTION('',(0.0,0.766044443119007,-0.642787609686505));
#13611=DIRECTION('',(0.0,0.642787609686505,0.766044443119007));
#13612=DIRECTION('',(1.0,0.0,0.0));
#13613=CARTESIAN_POINT('',(-3.3,-3.250000013356,-9.392820329611));
#13614=DIRECTION('',(1.0,0.0,-0.0));
#13615=DIRECTION('',(0.0,0.500000000202779,0.866025403667364));
#13616=DIRECTION('',(1.0,0.0,0.0));
#13617=DIRECTION('',(1.0,0.0,0.0));
#13618=CARTESIAN_POINT('',(0.2,-3.250000013356,-9.392820329611));
#13619=DIRECTION('',(1.0,0.0,-0.0));
#13620=DIRECTION('',(0.0,0.500000000202779,0.866025403667364));
#13621=DIRECTION('',(1.0,0.0,0.0));
#13622=DIRECTION('',(1.0,0.0,0.0));
#13623=DIRECTION('',(1.0,-8.244532592859E-09,-4.759982939207E-09));
#13624=DIRECTION('',(0.0,0.866025403667364,-0.500000000202779));
#13625=DIRECTION('',(0.0,0.866025403667364,-0.500000000202779));
#13626=DIRECTION('',(0.0,9.54109173641996E-08,-0.999999999999995));
#13627=CARTESIAN_POINT('',(-3.3,-3.45,-8.992451974211));
#13628=DIRECTION('',(1.0,0.0,-0.0));
#13629=DIRECTION('',(0.0,0.642787609686505,0.766044443119007));
#13630=DIRECTION('',(0.0,-0.766044443119006,0.642787609686505));
#13631=DIRECTION('',(0.0,0.0,1.0));
#13632=DIRECTION('',(0.0,0.0,1.0));
#13633=DIRECTION('',(-1.0,0.0,0.0));
#13634=DIRECTION('',(0.0,0.0,1.0));
#13635=DIRECTION('',(-1.0,0.0,1.684767880761E-11));
#13636=DIRECTION('',(0.0,0.0,-1.0));
#13637=CARTESIAN_POINT('',(-4.4,-1.3,-12.2781743646));
#13638=DIRECTION('',(0.0,0.0,-1.0));
#13639=DIRECTION('',(-1.0,0.0,0.0));
#13640=DIRECTION('',(0.0,0.0,-1.0));
#13641=CARTESIAN_POINT('',(-4.5,-1.6,-12.2781743646));
#13642=DIRECTION('',(-1.0,0.0,0.0));
#13643=DIRECTION('',(0.0,1.0,0.0));
#13644=DIRECTION('',(0.0,-1.0,0.0));
#13645=CARTESIAN_POINT('',(-4.5,-1.994409558669,-12.5281743646));
#13646=DIRECTION('',(-1.0,0.0,0.0));
#13647=DIRECTION('',(0.0,0.0,-1.0));
#13648=DIRECTION('',(0.0,-0.500000000037376,0.866025403762859));
#13649=CARTESIAN_POINT('',(-4.5,-2.48515728748,-12.3781743646));
#13650=DIRECTION('',(1.0,0.0,-0.0));
#13651=DIRECTION('',(0.0,0.866025403784429,0.500000000000017));
#13652=DIRECTION('',(0.0,-0.500000000252793,-0.866025403638488));
#13653=CARTESIAN_POINT('',(-4.5,-2.975905016393,-12.5281743646));
#13654=DIRECTION('',(-1.0,0.0,0.0));
#13655=DIRECTION('',(0.0,0.866025403667476,-0.500000000202586));
#13656=DIRECTION('',(0.0,-1.0,0.0));
#13657=CARTESIAN_POINT('',(-4.5,-3.370314575062,-12.2781743646));
#13658=DIRECTION('',(-1.0,0.0,0.0));
#13659=DIRECTION('',(0.0,0.0,-1.0));
#13660=DIRECTION('',(0.0,-0.707106781186548,0.707106781186548));
#13661=DIRECTION('',(0.0,0.0,1.0));
#13662=DIRECTION('',(0.0,0.984807753004191,0.173648177712398));
#13663=CARTESIAN_POINT('',(-4.5,-3.7,-11.41918493314));
#13664=DIRECTION('',(1.0,0.0,0.0));
#13665=DIRECTION('',(0.0,0.173648177666902,-0.984807753012213));
#13666=DIRECTION('',(0.0,5.33059505E-11,1.0));
#13667=CARTESIAN_POINT('',(-4.4,-3.45,-11.41918493314));
#13668=DIRECTION('',(0.0,0.0,1.0));
#13669=DIRECTION('',(-1.0,0.0,0.0));
#13670=DIRECTION('',(0.0,0.0,1.0));
#13671=DIRECTION('',(1.0,0.0,2.557953848736E-14));
#13672=DIRECTION('',(0.0,0.0,-1.0));
#13673=DIRECTION('',(1.0,0.0,4.948422624044E-11));
#13674=DIRECTION('',(1.0,-7.374276374724E-09,-3.04110218489E-09));
#13675=DIRECTION('',(1.0,0.0,0.0));
#13676=DIRECTION('',(1.0,-3.907350633524E-11,3.278647195007E-11));
#13677=CARTESIAN_POINT('',(-1.9,-3.45,-8.992451974211));
#13678=DIRECTION('',(1.0,0.0,-0.0));
#13679=DIRECTION('',(0.0,0.642787609686505,0.766044443119007));
#13680=CARTESIAN_POINT('',(-1.9,-3.45,-8.992451974211));
#13681=DIRECTION('',(0.0,0.0,-1.0));
#13682=DIRECTION('',(1.0,0.0,0.0));
#13683=CARTESIAN_POINT('',(-1.9,-3.45,-8.992451974211));
#13684=DIRECTION('',(1.21243952384092E-15,-0.766044443119007,0.642787609686505));
#13685=DIRECTION('',(1.0,-1.33226762955E-14,-1.7763568394E-14));
#13686=CARTESIAN_POINT('',(-1.9,-1.3,-10.79651618124));
#13687=DIRECTION('',(0.0,0.766044443119007,-0.642787609686505));
#13688=DIRECTION('',(0.0,0.642787609686505,0.766044443119007));
#13689=DIRECTION('',(0.0,-0.766044443119007,0.642787609686505));
#13690=DIRECTION('',(0.0,-0.766044443119007,0.642787609686505));
#13691=DIRECTION('',(0.0,-3.716888546766E-12,-1.0));
#13692=CARTESIAN_POINT('',(-1.8,-3.7,-11.41918493314));
#13693=DIRECTION('',(-1.0,0.0,0.0));
#13694=DIRECTION('',(0.0,1.0,0.0));
#13695=DIRECTION('',(0.0,-0.984807753004191,-0.173648177712398));
#13696=DIRECTION('',(0.0,0.0,-1.0));
#13697=DIRECTION('',(0.0,0.707106781186597,-0.707106781186498));
#13698=CARTESIAN_POINT('',(-1.8,-3.370314575062,-12.2781743646));
#13699=DIRECTION('',(1.0,0.0,0.0));
#13700=DIRECTION('',(0.0,-0.707106781186548,-0.707106781186548));
#13701=DIRECTION('',(0.0,1.0,0.0));
#13702=CARTESIAN_POINT('',(-1.8,-2.975905016393,-12.5281743646));
#13703=DIRECTION('',(1.0,0.0,0.0));
#13704=DIRECTION('',(0.0,0.0,-1.0));
#13705=DIRECTION('',(0.0,0.500000000252793,0.866025403638488));
#13706=CARTESIAN_POINT('',(-1.8,-2.48515728748,-12.3781743646));
#13707=DIRECTION('',(-1.0,0.0,0.0));
#13708=DIRECTION('',(0.0,-0.866025403667364,0.500000000202779));
#13709=DIRECTION('',(0.0,0.50000000003742,-0.866025403762834));
#13710=CARTESIAN_POINT('',(-1.8,-1.994409558669,-12.5281743646));
#13711=DIRECTION('',(1.0,0.0,0.0));
#13712=DIRECTION('',(0.0,-0.866025403784454,-0.499999999999974));
#13713=DIRECTION('',(0.0,1.0,0.0));
#13714=CARTESIAN_POINT('',(-1.8,-1.6,-12.2781743646));
#13715=DIRECTION('',(1.0,0.0,0.0));
#13716=DIRECTION('',(0.0,0.0,-1.0));
#13717=DIRECTION('',(0.0,0.0,1.0));
#13718=CARTESIAN_POINT('',(-1.9,-1.3,-10.79651618124));
#13719=DIRECTION('',(0.0,0.0,1.0));
#13720=DIRECTION('',(1.0,0.0,0.0));
#13721=CARTESIAN_POINT('',(-1.9,-1.3,-12.2781743646));
#13722=DIRECTION('',(0.0,0.0,1.0));
#13723=DIRECTION('',(1.0,0.0,0.0));
#13724=CARTESIAN_POINT('',(-1.9,-1.6,-12.5781743646));
#13725=DIRECTION('',(-0.0,1.0,0.0));
#13726=DIRECTION('',(1.0,0.0,0.0));
#13727=CARTESIAN_POINT('',(-1.9,-1.6,-12.2781743646));
#13728=DIRECTION('',(1.0,0.0,0.0));
#13729=DIRECTION('',(0.0,0.0,-1.0));
#13730=DIRECTION('',(1.0,0.0,0.0));
#13731=CARTESIAN_POINT('',(-4.4,-1.6,-12.2781743646));
#13732=DIRECTION('',(-1.0,0.0,0.0));
#13733=DIRECTION('',(0.0,1.0,0.0));
#13734=CARTESIAN_POINT('',(-4.4,-1.6,-12.5781743646));
#13735=DIRECTION('',(0.0,-1.0,0.0));
#13736=DIRECTION('',(-1.0,0.0,0.0));
#13737=DIRECTION('',(0.0,-1.0,0.0));
#13738=CARTESIAN_POINT('',(-4.4,-1.994409558669,-12.5781743646));
#13739=DIRECTION('',(0.0,-1.0,0.0));
#13740=DIRECTION('',(-1.0,0.0,0.0));
#13741=CARTESIAN_POINT('',(-4.4,-1.994409558669,-12.5281743646));
#13742=DIRECTION('',(-1.0,0.0,0.0));
#13743=DIRECTION('',(0.0,0.0,-1.0));
#13744=CARTESIAN_POINT('',(-4.4,-2.037710828858,-12.5531743646));
#13745=DIRECTION('',(0.0,-0.500000000000017,0.866025403784429));
#13746=DIRECTION('',(-1.0,0.0,0.0));
#13747=DIRECTION('',(0.0,-0.500000000000017,0.866025403784429));
#13748=CARTESIAN_POINT('',(-4.4,-2.225349666345,-12.2281743646));
#13749=DIRECTION('',(0.0,-0.500000000000017,0.866025403784429));
#13750=DIRECTION('',(-1.0,0.0,0.0));
#13751=CARTESIAN_POINT('',(-4.4,-2.48515728748,-12.3781743646));
#13752=DIRECTION('',(1.0,0.0,-0.0));
#13753=DIRECTION('',(0.0,0.866025403784429,0.500000000000017));
#13754=CARTESIAN_POINT('',(-4.4,-2.744964908581,-12.22817436454));
#13755=DIRECTION('',(-0.0,-0.500000000202779,-0.866025403667364));
#13756=DIRECTION('',(-1.0,0.0,0.0));
#13757=DIRECTION('',(0.0,-0.500000000202779,-0.866025403667364));
#13758=CARTESIAN_POINT('',(-4.4,-2.93260374621,-12.55317436461));
#13759=DIRECTION('',(-0.0,-0.500000000202779,-0.866025403667364));
#13760=DIRECTION('',(-1.0,0.0,0.0));
#13761=CARTESIAN_POINT('',(-4.4,-2.975905016393,-12.5281743646));
#13762=DIRECTION('',(-1.0,0.0,0.0));
#13763=DIRECTION('',(0.0,0.866025403667364,-0.500000000202779));
#13764=CARTESIAN_POINT('',(-4.4,-2.975905016393,-12.5781743646));
#13765=DIRECTION('',(0.0,-1.0,0.0));
#13766=DIRECTION('',(-1.0,0.0,0.0));
#13767=DIRECTION('',(0.0,-1.0,0.0));
#13768=CARTESIAN_POINT('',(-4.4,-3.370314575062,-12.5781743646));
#13769=DIRECTION('',(0.0,-1.0,-0.0));
#13770=DIRECTION('',(-1.0,0.0,-1.7763568394E-14));
#13771=CARTESIAN_POINT('',(-4.4,-3.370314575062,-12.2781743646));
#13772=DIRECTION('',(-1.0,0.0,0.0));
#13773=DIRECTION('',(0.0,0.0,-1.0));
#13774=CARTESIAN_POINT('',(-4.4,-3.582446609418,-12.49030639896));
#13775=DIRECTION('',(0.0,-0.707106781186548,0.707106781186548));
#13776=DIRECTION('',(-1.0,0.0,0.0));
#13777=DIRECTION('',(0.0,-0.707106781186548,0.707106781186548));
#13778=CARTESIAN_POINT('',(-4.4,-4.0,-12.07275300838));
#13779=DIRECTION('',(3.1401849173671E-15,-0.707106781186548,0.707106781186548));
#13780=DIRECTION('',(-1.0,-2.22044604925E-14,-1.7763568394E-14));
#13781=CARTESIAN_POINT('',(-4.4,-4.0,-12.07275300838));
#13782=DIRECTION('',(0.0,0.0,1.0));
#13783=DIRECTION('',(-1.0,0.0,0.0));
#13784=CARTESIAN_POINT('',(-4.4,-4.0,-12.07275300838));
#13785=DIRECTION('',(-1.0,-0.0,0.0));
#13786=DIRECTION('',(0.0,-0.707106781186548,-0.707106781186548));
#13787=DIRECTION('',(1.0,0.0,0.0));
#13788=CARTESIAN_POINT('',(-1.9,-4.0,-12.07275300838));
#13789=DIRECTION('',(1.0,0.0,0.0));
#13790=DIRECTION('',(0.0,-1.0,0.0));
#13791=DIRECTION('',(1.0,0.0,0.0));
#13792=DIRECTION('',(0.0,0.0,-1.0));
#13793=DIRECTION('',(1.0,0.0,0.0));
#13794=DIRECTION('',(0.0,0.0,1.0));
#13795=CARTESIAN_POINT('',(-4.4,-4.0,-11.72593968033));
#13796=DIRECTION('',(0.0,0.0,1.0));
#13797=DIRECTION('',(-1.0,0.0,0.0));
#13798=CARTESIAN_POINT('',(-4.4,-4.0,-11.72593968033));
#13799=DIRECTION('',(0.0,0.984807753012213,0.173648177666902));
#13800=DIRECTION('',(-1.0,0.0,0.0));
#13801=CARTESIAN_POINT('',(-4.4,-4.0,-11.72593968033));
#13802=DIRECTION('',(-1.0,0.0,0.0));
#13803=DIRECTION('',(0.0,-1.0,0.0));
#13804=CARTESIAN_POINT('',(-1.9,-4.0,-11.72593968033));
#13805=DIRECTION('',(1.0,0.0,0.0));
#13806=DIRECTION('',(0.0,-0.173648177666902,0.984807753012213));
#13807=DIRECTION('',(1.0,0.0,0.0));
#13808=DIRECTION('',(0.0,-0.984807753012213,-0.173648177666902));
#13809=DIRECTION('',(1.0,3.446132268436E-14,0.0));
#13810=DIRECTION('',(0.0,0.984807753012213,0.173648177666902));
#13811=CARTESIAN_POINT('',(-4.4,-3.656587955583,-11.6653868714));
#13812=DIRECTION('',(-3.08461128047948E-15,0.984807753012213,0.173648177666902));
#13813=DIRECTION('',(-1.0,4.85547709693678E-31,-1.7763568394E-14));
#13814=CARTESIAN_POINT('',(-4.4,-3.7,-11.41918493314));
#13815=DIRECTION('',(1.0,0.0,0.0));
#13816=DIRECTION('',(0.0,0.173648177666902,-0.984807753012213));
#13817=CARTESIAN_POINT('',(-1.9,-3.7,-11.41918493314));
#13818=DIRECTION('',(-1.0,0.0,0.0));
#13819=DIRECTION('',(0.0,1.0,0.0));
#13820=CARTESIAN_POINT('',(-1.9,-3.45,-11.41918493314));
#13821=DIRECTION('',(0.0,0.0,-1.0));
#13822=DIRECTION('',(1.0,0.0,0.0));
#13823=CARTESIAN_POINT('',(-1.9,-3.656587955583,-11.6653868714));
#13824=DIRECTION('',(0.0,-0.984807753012213,-0.173648177666902));
#13825=DIRECTION('',(1.0,0.0,0.0));
#13826=CARTESIAN_POINT('',(-1.9,-4.0,-11.72593968033));
#13827=DIRECTION('',(0.0,-0.984807753012213,-0.173648177666902));
#13828=DIRECTION('',(1.0,0.0,0.0));
#13829=CARTESIAN_POINT('',(-1.9,-4.0,-11.72593968033));
#13830=DIRECTION('',(0.0,0.0,-1.0));
#13831=DIRECTION('',(1.0,0.0,0.0));
#13832=CARTESIAN_POINT('',(-1.9,-4.0,-12.07275300838));
#13833=DIRECTION('',(0.0,0.0,-1.0));
#13834=DIRECTION('',(1.0,0.0,0.0));
#13835=CARTESIAN_POINT('',(-1.9,-4.0,-12.07275300838));
#13836=DIRECTION('',(-1.25607396694684E-14,0.707106781186548,-0.707106781186548));
#13837=DIRECTION('',(1.0,1.39452223873684E-30,-1.7763568394E-14));
#13838=DIRECTION('',(0.0,0.707106781186548,-0.707106781186548));
#13839=CARTESIAN_POINT('',(-1.9,-3.582446609418,-12.49030639896));
#13840=DIRECTION('',(0.0,0.707106781186548,-0.707106781186548));
#13841=DIRECTION('',(1.0,0.0,0.0));
#13842=CARTESIAN_POINT('',(-1.9,-3.370314575062,-12.2781743646));
#13843=DIRECTION('',(1.0,0.0,0.0));
#13844=DIRECTION('',(0.0,-0.707106781186548,-0.707106781186548));
#13845=CARTESIAN_POINT('',(-1.9,-3.370314575062,-12.5781743646));
#13846=DIRECTION('',(-0.0,1.0,0.0));
#13847=DIRECTION('',(1.0,0.0,0.0));
#13848=DIRECTION('',(0.0,1.0,0.0));
#13849=CARTESIAN_POINT('',(-1.9,-2.975905016393,-12.5781743646));
#13850=DIRECTION('',(0.0,1.0,0.0));
#13851=DIRECTION('',(1.0,0.0,-1.7763568394E-14));
#13852=CARTESIAN_POINT('',(-1.9,-2.975905016393,-12.5281743646));
#13853=DIRECTION('',(1.0,0.0,0.0));
#13854=DIRECTION('',(0.0,0.0,-1.0));
#13855=CARTESIAN_POINT('',(-1.9,-2.93260374621,-12.55317436461));
#13856=DIRECTION('',(-0.0,0.500000000202779,0.866025403667364));
#13857=DIRECTION('',(1.0,0.0,0.0));
#13858=DIRECTION('',(0.0,0.500000000202779,0.866025403667364));
#13859=CARTESIAN_POINT('',(-1.9,-2.744964908581,-12.22817436454));
#13860=DIRECTION('',(-0.0,0.500000000202779,0.866025403667364));
#13861=DIRECTION('',(1.0,0.0,0.0));
#13862=CARTESIAN_POINT('',(-1.9,-2.48515728748,-12.3781743646));
#13863=DIRECTION('',(-1.0,0.0,0.0));
#13864=DIRECTION('',(0.0,-0.866025403667364,0.500000000202779));
#13865=CARTESIAN_POINT('',(-1.9,-2.225349666345,-12.2281743646));
#13866=DIRECTION('',(0.0,0.500000000000017,-0.866025403784429));
#13867=DIRECTION('',(1.0,0.0,0.0));
#13868=DIRECTION('',(0.0,0.500000000000017,-0.866025403784429));
#13869=CARTESIAN_POINT('',(-1.9,-2.037710828858,-12.5531743646));
#13870=DIRECTION('',(0.0,0.500000000000017,-0.866025403784429));
#13871=DIRECTION('',(1.0,0.0,0.0));
#13872=CARTESIAN_POINT('',(-1.9,-1.994409558669,-12.5281743646));
#13873=DIRECTION('',(1.0,0.0,0.0));
#13874=DIRECTION('',(0.0,-0.866025403784429,-0.500000000000017));
#13875=CARTESIAN_POINT('',(-1.9,-1.994409558669,-12.5781743646));
#13876=DIRECTION('',(-0.0,1.0,0.0));
#13877=DIRECTION('',(1.0,0.0,0.0));
#13878=DIRECTION('',(0.0,1.0,0.0));
#13879=DIRECTION('',(1.0,0.0,0.0));
#13880=DIRECTION('',(1.0,0.0,0.0));
#13881=DIRECTION('',(1.0,0.0,0.0));
#13882=DIRECTION('',(1.0,0.0,0.0));
#13883=DIRECTION('',(1.0,0.0,0.0));
#13884=DIRECTION('',(1.0,0.0,0.0));
#13885=DIRECTION('',(1.0,0.0,0.0));
#13886=CARTESIAN_POINT('',(-1.9,-1.3,-10.79651618124));
#13887=DIRECTION('',(1.0,0.0,0.0));
#13888=DIRECTION('',(0.0,1.0,0.0));
#13889=DIRECTION('',(1.0,0.0,0.0));
#13890=CARTESIAN_POINT('',(0.2,-3.45,-8.992451974211));
#13891=DIRECTION('',(1.0,0.0,-0.0));
#13892=DIRECTION('',(0.0,0.642787609686505,0.766044443119007));
#13893=DIRECTION('',(0.0,-0.766044443119006,0.642787609686505));
#13894=DIRECTION('',(0.0,0.0,1.0));
#13895=DIRECTION('',(0.0,0.0,1.0));
#13896=DIRECTION('',(-1.0,0.0,0.0));
#13897=DIRECTION('',(0.0,0.0,1.0));
#13898=DIRECTION('',(-1.0,0.0,1.684767880761E-11));
#13899=DIRECTION('',(0.0,0.0,-1.0));
#13900=CARTESIAN_POINT('',(-0.9,-1.3,-12.2781743646));
#13901=DIRECTION('',(0.0,0.0,-1.0));
#13902=DIRECTION('',(-1.0,0.0,0.0));
#13903=CARTESIAN_POINT('',(-0.9,-1.6,-12.2781743646));
#13904=DIRECTION('',(-1.0,0.0,0.0));
#13905=DIRECTION('',(0.0,1.0,0.0));
#13906=CARTESIAN_POINT('',(-0.9,-1.6,-12.5781743646));
#13907=DIRECTION('',(0.0,-1.0,0.0));
#13908=DIRECTION('',(-1.0,0.0,0.0));
#13909=DIRECTION('',(0.0,-1.0,0.0));
#13910=CARTESIAN_POINT('',(-0.9,-1.994409558669,-12.5781743646));
#13911=DIRECTION('',(0.0,-1.0,0.0));
#13912=DIRECTION('',(-1.0,0.0,0.0));
#13913=CARTESIAN_POINT('',(-0.9,-1.994409558669,-12.5281743646));
#13914=DIRECTION('',(-1.0,0.0,0.0));
#13915=DIRECTION('',(0.0,0.0,-1.0));
#13916=CARTESIAN_POINT('',(-0.9,-2.037710828858,-12.5531743646));
#13917=DIRECTION('',(0.0,-0.500000000000017,0.866025403784429));
#13918=DIRECTION('',(-1.0,0.0,0.0));
#13919=DIRECTION('',(0.0,-0.500000000000017,0.866025403784429));
#13920=CARTESIAN_POINT('',(-0.9,-2.225349666345,-12.2281743646));
#13921=DIRECTION('',(0.0,-0.500000000000017,0.866025403784429));
#13922=DIRECTION('',(-1.0,0.0,0.0));
#13923=CARTESIAN_POINT('',(-0.9,-2.48515728748,-12.3781743646));
#13924=DIRECTION('',(1.0,0.0,-0.0));
#13925=DIRECTION('',(0.0,0.866025403784429,0.500000000000017));
#13926=CARTESIAN_POINT('',(-0.9,-2.744964908581,-12.22817436454));
#13927=DIRECTION('',(-0.0,-0.500000000202779,-0.866025403667364));
#13928=DIRECTION('',(-1.0,0.0,0.0));
#13929=DIRECTION('',(0.0,-0.500000000202779,-0.866025403667364));
#13930=CARTESIAN_POINT('',(-0.9,-2.93260374621,-12.55317436461));
#13931=DIRECTION('',(-0.0,-0.500000000202779,-0.866025403667364));
#13932=DIRECTION('',(-1.0,0.0,0.0));
#13933=CARTESIAN_POINT('',(-0.9,-2.975905016393,-12.5281743646));
#13934=DIRECTION('',(-1.0,0.0,0.0));
#13935=DIRECTION('',(0.0,0.866025403667364,-0.500000000202779));
#13936=CARTESIAN_POINT('',(-0.9,-2.975905016393,-12.5781743646));
#13937=DIRECTION('',(0.0,-1.0,0.0));
#13938=DIRECTION('',(-1.0,0.0,0.0));
#13939=DIRECTION('',(0.0,-1.0,0.0));
#13940=CARTESIAN_POINT('',(-0.9,-3.370314575062,-12.5781743646));
#13941=DIRECTION('',(0.0,-1.0,-0.0));
#13942=DIRECTION('',(-1.0,0.0,-1.7763568394E-14));
#13943=CARTESIAN_POINT('',(-0.9,-3.370314575062,-12.2781743646));
#13944=DIRECTION('',(-1.0,0.0,0.0));
#13945=DIRECTION('',(0.0,0.0,-1.0));
#13946=CARTESIAN_POINT('',(-0.9,-3.582446609418,-12.49030639896));
#13947=DIRECTION('',(0.0,-0.707106781186548,0.707106781186548));
#13948=DIRECTION('',(-1.0,0.0,0.0));
#13949=DIRECTION('',(0.0,-0.707106781186548,0.707106781186548));
#13950=CARTESIAN_POINT('',(-0.9,-4.0,-12.07275300838));
#13951=DIRECTION('',(3.1401849173671E-15,-0.707106781186548,0.707106781186548));
#13952=DIRECTION('',(-1.0,-2.22044604925E-14,-1.7763568394E-14));
#13953=CARTESIAN_POINT('',(-0.9,-4.0,-12.07275300838));
#13954=DIRECTION('',(0.0,0.0,1.0));
#13955=DIRECTION('',(-1.0,0.0,0.0));
#13956=CARTESIAN_POINT('',(-0.9,-4.0,-12.07275300838));
#13957=DIRECTION('',(-1.0,-0.0,0.0));
#13958=DIRECTION('',(0.0,-0.707106781186548,-0.707106781186548));
#13959=DIRECTION('',(1.0,0.0,0.0));
#13960=CARTESIAN_POINT('',(1.6,-4.0,-12.07275300838));
#13961=DIRECTION('',(1.0,0.0,0.0));
#13962=DIRECTION('',(0.0,-1.0,0.0));
#13963=DIRECTION('',(1.0,0.0,0.0));
#13964=DIRECTION('',(0.0,0.0,-1.0));
#13965=DIRECTION('',(1.0,0.0,0.0));
#13966=DIRECTION('',(0.0,0.0,1.0));
#13967=CARTESIAN_POINT('',(-0.9,-4.0,-11.72593968033));
#13968=DIRECTION('',(0.0,0.0,1.0));
#13969=DIRECTION('',(-1.0,0.0,0.0));
#13970=CARTESIAN_POINT('',(-0.9,-4.0,-11.72593968033));
#13971=DIRECTION('',(0.0,0.984807753012213,0.173648177666902));
#13972=DIRECTION('',(-1.0,0.0,0.0));
#13973=CARTESIAN_POINT('',(-0.9,-4.0,-11.72593968033));
#13974=DIRECTION('',(-1.0,0.0,0.0));
#13975=DIRECTION('',(0.0,-1.0,0.0));
#13976=CARTESIAN_POINT('',(1.6,-4.0,-11.72593968033));
#13977=DIRECTION('',(1.0,0.0,0.0));
#13978=DIRECTION('',(0.0,-0.173648177666902,0.984807753012213));
#13979=DIRECTION('',(1.0,0.0,0.0));
#13980=DIRECTION('',(0.0,-0.984807753012213,-0.173648177666902));
#13981=DIRECTION('',(1.0,3.446132268436E-14,0.0));
#13982=DIRECTION('',(0.0,0.984807753012213,0.173648177666902));
#13983=CARTESIAN_POINT('',(-0.9,-3.656587955583,-11.6653868714));
#13984=DIRECTION('',(-3.08461128047948E-15,0.984807753012213,0.173648177666902));
#13985=DIRECTION('',(-1.0,4.85547709693678E-31,-1.7763568394E-14));
#13986=CARTESIAN_POINT('',(-0.9,-3.7,-11.41918493314));
#13987=DIRECTION('',(1.0,0.0,0.0));
#13988=DIRECTION('',(0.0,0.173648177666902,-0.984807753012213));
#13989=CARTESIAN_POINT('',(1.6,-3.7,-11.41918493314));
#13990=DIRECTION('',(-1.0,0.0,0.0));
#13991=DIRECTION('',(0.0,1.0,0.0));
#13992=CARTESIAN_POINT('',(1.6,-3.45,-11.41918493314));
#13993=DIRECTION('',(0.0,0.0,-1.0));
#13994=DIRECTION('',(1.0,0.0,0.0));
#13995=CARTESIAN_POINT('',(1.6,-3.656587955583,-11.6653868714));
#13996=DIRECTION('',(0.0,-0.984807753012213,-0.173648177666902));
#13997=DIRECTION('',(1.0,0.0,0.0));
#13998=CARTESIAN_POINT('',(1.7,-3.7,-11.41918493314));
#13999=DIRECTION('',(-1.0,0.0,0.0));
#14000=DIRECTION('',(0.0,1.0,0.0));
#14001=DIRECTION('',(0.0,-0.766044443119007,0.642787609686505));
#14002=DIRECTION('',(0.0,-3.716888546766E-12,-1.0));
#14003=DIRECTION('',(0.0,-0.984807753004191,-0.173648177712398));
#14004=DIRECTION('',(0.0,0.0,-1.0));
#14005=DIRECTION('',(0.0,0.707106781186597,-0.707106781186498));
#14006=CARTESIAN_POINT('',(1.7,-3.370314575062,-12.2781743646));
#14007=DIRECTION('',(1.0,0.0,0.0));
#14008=DIRECTION('',(0.0,-0.707106781186548,-0.707106781186548));
#14009=DIRECTION('',(0.0,1.0,0.0));
#14010=CARTESIAN_POINT('',(1.7,-2.975905016393,-12.5281743646));
#14011=DIRECTION('',(1.0,0.0,0.0));
#14012=DIRECTION('',(0.0,0.0,-1.0));
#14013=DIRECTION('',(0.0,0.500000000252793,0.866025403638488));
#14014=CARTESIAN_POINT('',(1.7,-2.48515728748,-12.3781743646));
#14015=DIRECTION('',(-1.0,0.0,0.0));
#14016=DIRECTION('',(0.0,-0.866025403667364,0.500000000202779));
#14017=DIRECTION('',(0.0,0.50000000003742,-0.866025403762834));
#14018=CARTESIAN_POINT('',(1.7,-1.994409558669,-12.5281743646));
#14019=DIRECTION('',(1.0,0.0,0.0));
#14020=DIRECTION('',(0.0,-0.866025403784454,-0.499999999999974));
#14021=DIRECTION('',(0.0,1.0,0.0));
#14022=CARTESIAN_POINT('',(1.7,-1.6,-12.2781743646));
#14023=DIRECTION('',(1.0,0.0,0.0));
#14024=DIRECTION('',(0.0,0.0,-1.0));
#14025=DIRECTION('',(0.0,0.0,1.0));
#14026=CARTESIAN_POINT('',(1.6,-1.3,-10.79651618124));
#14027=DIRECTION('',(0.0,0.0,1.0));
#14028=DIRECTION('',(1.0,0.0,0.0));
#14029=CARTESIAN_POINT('',(1.6,-1.3,-12.2781743646));
#14030=DIRECTION('',(0.0,0.0,1.0));
#14031=DIRECTION('',(1.0,0.0,0.0));
#14032=CARTESIAN_POINT('',(1.6,-1.6,-12.5781743646));
#14033=DIRECTION('',(-0.0,1.0,0.0));
#14034=DIRECTION('',(1.0,0.0,0.0));
#14035=CARTESIAN_POINT('',(1.6,-1.6,-12.2781743646));
#14036=DIRECTION('',(1.0,0.0,0.0));
#14037=DIRECTION('',(0.0,0.0,-1.0));
#14038=DIRECTION('',(1.0,0.0,0.0));
#14039=DIRECTION('',(0.0,1.0,0.0));
#14040=DIRECTION('',(1.0,0.0,0.0));
#14041=CARTESIAN_POINT('',(1.6,-1.994409558669,-12.5281743646));
#14042=DIRECTION('',(1.0,0.0,0.0));
#14043=DIRECTION('',(0.0,-0.866025403784429,-0.500000000000017));
#14044=DIRECTION('',(1.0,0.0,0.0));
#14045=DIRECTION('',(0.0,0.500000000000017,-0.866025403784429));
#14046=DIRECTION('',(1.0,0.0,0.0));
#14047=CARTESIAN_POINT('',(1.6,-2.48515728748,-12.3781743646));
#14048=DIRECTION('',(-1.0,0.0,0.0));
#14049=DIRECTION('',(0.0,-0.866025403667364,0.500000000202779));
#14050=DIRECTION('',(0.0,0.500000000202779,0.866025403667364));
#14051=DIRECTION('',(1.0,0.0,0.0));
#14052=CARTESIAN_POINT('',(1.6,-2.975905016393,-12.5281743646));
#14053=DIRECTION('',(1.0,0.0,0.0));
#14054=DIRECTION('',(0.0,0.0,-1.0));
#14055=DIRECTION('',(1.0,0.0,0.0));
#14056=DIRECTION('',(0.0,1.0,0.0));
#14057=DIRECTION('',(1.0,0.0,0.0));
#14058=CARTESIAN_POINT('',(1.6,-3.370314575062,-12.2781743646));
#14059=DIRECTION('',(1.0,0.0,0.0));
#14060=DIRECTION('',(0.0,-0.707106781186548,-0.707106781186548));
#14061=DIRECTION('',(1.0,0.0,0.0));
#14062=DIRECTION('',(0.0,0.707106781186548,-0.707106781186548));
#14063=CARTESIAN_POINT('',(1.6,-4.0,-12.07275300838));
#14064=DIRECTION('',(-1.25607396694684E-14,0.707106781186548,-0.707106781186548));
#14065=DIRECTION('',(1.0,1.39452223873684E-30,-1.7763568394E-14));
#14066=CARTESIAN_POINT('',(1.6,-3.582446609418,-12.49030639896));
#14067=DIRECTION('',(0.0,0.707106781186548,-0.707106781186548));
#14068=DIRECTION('',(1.0,0.0,0.0));
#14069=CARTESIAN_POINT('',(1.6,-3.370314575062,-12.5781743646));
#14070=DIRECTION('',(-0.0,1.0,0.0));
#14071=DIRECTION('',(1.0,0.0,0.0));
#14072=CARTESIAN_POINT('',(1.6,-2.975905016393,-12.5781743646));
#14073=DIRECTION('',(0.0,1.0,0.0));
#14074=DIRECTION('',(1.0,0.0,-1.7763568394E-14));
#14075=CARTESIAN_POINT('',(1.6,-2.93260374621,-12.55317436461));
#14076=DIRECTION('',(-0.0,0.500000000202779,0.866025403667364));
#14077=DIRECTION('',(1.0,0.0,0.0));
#14078=CARTESIAN_POINT('',(1.6,-2.744964908581,-12.22817436454));
#14079=DIRECTION('',(-0.0,0.500000000202779,0.866025403667364));
#14080=DIRECTION('',(1.0,0.0,0.0));
#14081=CARTESIAN_POINT('',(1.6,-2.225349666345,-12.2281743646));
#14082=DIRECTION('',(0.0,0.500000000000017,-0.866025403784429));
#14083=DIRECTION('',(1.0,0.0,0.0));
#14084=CARTESIAN_POINT('',(1.6,-2.037710828858,-12.5531743646));
#14085=DIRECTION('',(0.0,0.500000000000017,-0.866025403784429));
#14086=DIRECTION('',(1.0,0.0,0.0));
#14087=CARTESIAN_POINT('',(1.6,-1.994409558669,-12.5781743646));
#14088=DIRECTION('',(-0.0,1.0,0.0));
#14089=DIRECTION('',(1.0,0.0,0.0));
#14090=CARTESIAN_POINT('',(1.6,-4.0,-12.07275300838));
#14091=DIRECTION('',(0.0,0.0,-1.0));
#14092=DIRECTION('',(1.0,0.0,0.0));
#14093=CARTESIAN_POINT('',(1.6,-4.0,-11.72593968033));
#14094=DIRECTION('',(0.0,0.0,-1.0));
#14095=DIRECTION('',(1.0,0.0,0.0));
#14096=CARTESIAN_POINT('',(1.6,-4.0,-11.72593968033));
#14097=DIRECTION('',(0.0,-0.984807753012213,-0.173648177666902));
#14098=DIRECTION('',(1.0,0.0,0.0));
#14099=CARTESIAN_POINT('',(1.6,-1.3,-10.79651618124));
#14100=DIRECTION('',(1.0,0.0,0.0));
#14101=DIRECTION('',(0.0,1.0,0.0));
#14102=CARTESIAN_POINT('',(1.6,-1.3,-10.79651618124));
#14103=DIRECTION('',(0.0,0.766044443119007,-0.642787609686505));
#14104=DIRECTION('',(0.0,0.642787609686505,0.766044443119007));
#14105=DIRECTION('',(0.0,-0.766044443119007,0.642787609686505));
#14106=CARTESIAN_POINT('',(1.6,-3.45,-8.992451974211));
#14107=DIRECTION('',(1.21243952384092E-15,-0.766044443119007,0.642787609686505));
#14108=DIRECTION('',(1.0,-1.33226762955E-14,-1.7763568394E-14));
#14109=CARTESIAN_POINT('',(1.6,-3.45,-8.992451974211));
#14110=DIRECTION('',(0.0,0.0,-1.0));
#14111=DIRECTION('',(1.0,0.0,0.0));
#14112=CARTESIAN_POINT('',(1.6,-3.45,-8.992451974211));
#14113=DIRECTION('',(1.0,0.0,-0.0));
#14114=DIRECTION('',(0.0,0.642787609686505,0.766044443119007));
#14115=DIRECTION('',(1.0,-3.907350633524E-11,3.278647195007E-11));
#14116=DIRECTION('',(1.0,0.0,0.0));
#14117=DIRECTION('',(0.0,-2.177266219704E-08,-1.0));
#14118=CARTESIAN_POINT('',(1.8,-4.65,-10.75));
#14119=DIRECTION('',(-1.0,0.0,0.0));
#14120=DIRECTION('',(0.0,1.0,0.0));
#14121=DIRECTION('',(0.0,6.30185181139E-09,-1.0));
#14122=DIRECTION('',(1.0,0.0,0.0));
#14123=CARTESIAN_POINT('',(5.400000000036,-4.8,-9.717));
#14124=DIRECTION('',(0.0,1.0,0.0));
#14125=DIRECTION('',(-0.328701325407489,0.0,0.94443392499177));
#14126=CARTESIAN_POINT('',(5.400000000036,-4.8,-6.783));
#14127=DIRECTION('',(0.0,1.0,0.0));
#14128=DIRECTION('',(0.603609720125698,0.0,-0.797279941908598));
#14129=CARTESIAN_POINT('',(5.0,-4.8,-8.25));
#14130=DIRECTION('',(-1.0,0.0,0.0));
#14131=DIRECTION('',(0.0,0.0,-1.0));
#14132=CARTESIAN_POINT('',(4.920000000066,-4.8,-8.25));
#14133=DIRECTION('',(0.0,-1.0,0.0));
#14134=DIRECTION('',(0.278662511778899,0.0,0.960389090175995));
#14135=CARTESIAN_POINT('',(4.920000000066,-4.8,-8.25));
#14136=DIRECTION('',(0.0,1.0,0.0));
#14137=DIRECTION('',(0.278662511778899,0.0,-0.960389090175995));
#14138=CARTESIAN_POINT('',(5.0,-4.8,-8.25));
#14139=DIRECTION('',(1.0,0.0,0.0));
#14140=DIRECTION('',(0.0,0.0,-1.0));
#14141=CARTESIAN_POINT('',(5.400000000036,-4.8,-7.017));
#14142=DIRECTION('',(0.0,1.0,0.0));
#14143=DIRECTION('',(-0.328701325407489,0.0,0.94443392499177));
#14144=CARTESIAN_POINT('',(5.400000000036,-4.8,-4.083));
#14145=DIRECTION('',(0.0,1.0,0.0));
#14146=DIRECTION('',(0.603609720125698,0.0,-0.797279941908598));
#14147=CARTESIAN_POINT('',(5.0,-4.8,-5.55));
#14148=DIRECTION('',(-1.0,0.0,0.0));
#14149=DIRECTION('',(0.0,0.0,-1.0));
#14150=CARTESIAN_POINT('',(4.920000000066,-4.8,-5.55));
#14151=DIRECTION('',(0.0,-1.0,0.0));
#14152=DIRECTION('',(0.278662511778899,0.0,0.960389090175995));
#14153=CARTESIAN_POINT('',(4.920000000066,-4.8,-5.55));
#14154=DIRECTION('',(0.0,1.0,0.0));
#14155=DIRECTION('',(0.278662511778899,0.0,-0.960389090175995));
#14156=CARTESIAN_POINT('',(5.0,-4.8,-5.55));
#14157=DIRECTION('',(1.0,0.0,0.0));
#14158=DIRECTION('',(0.0,0.0,-1.0));
#14159=CARTESIAN_POINT('',(5.4,2.8,-5.325));
#14160=DIRECTION('',(0.0,-1.0,0.0));
#14161=DIRECTION('',(0.6,0.0,0.8));
#14162=CARTESIAN_POINT('',(5.4,2.8,-2.175));
#14163=DIRECTION('',(0.0,1.0,0.0));
#14164=DIRECTION('',(0.6,0.0,-0.8));
#14165=CARTESIAN_POINT('',(5.4,4.2,-8.212512031043));
#14166=DIRECTION('',(0.0,-1.0,0.0));
#14167=DIRECTION('',(0.603609720038794,0.0,0.797279941974392));
#14168=CARTESIAN_POINT('',(5.4,4.2,-5.287487968957));
#14169=DIRECTION('',(0.0,1.0,0.0));
#14170=DIRECTION('',(0.603609720038794,0.0,-0.797279941974392));
#14171=CARTESIAN_POINT('',(5.041853478326,4.2,-6.75));
#14172=DIRECTION('',(-1.0,0.0,0.0));
#14173=DIRECTION('',(0.0,0.0,-1.0));
#14174=CARTESIAN_POINT('',(4.892478652627,4.2,-6.745712628353));
#14175=DIRECTION('',(0.0,-1.0,0.0));
#14176=DIRECTION('',(0.328701325304415,0.0,0.944433925027644));
#14177=CARTESIAN_POINT('',(4.892478652627,4.2,-6.754287371647));
#14178=DIRECTION('',(0.0,1.0,0.0));
#14179=DIRECTION('',(0.328701325304415,0.0,-0.944433925027644));
#14180=CARTESIAN_POINT('',(5.041853478326,4.2,-6.75));
#14181=DIRECTION('',(1.0,0.0,0.0));
#14182=DIRECTION('',(0.0,0.0,-1.0));
#14183=CARTESIAN_POINT('',(5.398739146462,4.7,-2.716552894651));
#14184=DIRECTION('',(0.0,-1.0,0.0));
#14185=DIRECTION('',(0.601260853538313,0.0,0.799052805515617));
#14186=CARTESIAN_POINT('',(5.398739146462,4.7,0.2165528946513));
#14187=DIRECTION('',(0.0,1.0,0.0));
#14188=DIRECTION('',(0.601260853538313,0.0,-0.799052805515617));
#14189=DIRECTION('',(0.499962889934322,0.0,0.866046828230738));
#14190=DIRECTION('',(0.0,1.0,0.0));
#14191=DIRECTION('',(-0.499962889934322,0.0,-0.866046828230738));
#14192=DIRECTION('',(-1.0,0.0,0.0));
#14193=DIRECTION('',(0.0,0.0,1.0));
#14194=DIRECTION('',(0.0,0.0,-1.0));
#14195=DIRECTION('',(0.0,1.0,0.0));
#14196=DIRECTION('',(-1.0,0.0,0.0));
#14197=CARTESIAN_POINT('',(-5.579999999738,-4.8,-8.25));
#14198=DIRECTION('',(0.0,1.0,0.0));
#14199=DIRECTION('',(0.278662513159013,0.0,-0.960389089775546));
#14200=CARTESIAN_POINT('',(-5.579999999738,-4.8,-8.25));
#14201=DIRECTION('',(0.0,-1.0,0.0));
#14202=DIRECTION('',(0.278662513159013,0.0,0.960389089775546));
#14203=CARTESIAN_POINT('',(-5.099999999642,-4.8,-6.783));
#14204=DIRECTION('',(0.0,1.0,0.0));
#14205=DIRECTION('',(0.100601619666596,0.0,-0.994926788321863));
#14206=CARTESIAN_POINT('',(-5.0,-4.8,-8.25));
#14207=DIRECTION('',(-1.0,0.0,0.0));
#14208=DIRECTION('',(0.0,0.0,-1.0));
#14209=CARTESIAN_POINT('',(-5.099999999642,-4.8,-9.717));
#14210=DIRECTION('',(0.0,-1.0,0.0));
#14211=DIRECTION('',(0.100601619666596,0.0,0.994926788321863));
#14212=CARTESIAN_POINT('',(-5.0,-4.8,-8.25));
#14213=DIRECTION('',(1.0,0.0,0.0));
#14214=DIRECTION('',(0.0,0.0,-1.0));
#14215=CARTESIAN_POINT('',(-5.579999999738,-4.8,-5.55));
#14216=DIRECTION('',(0.0,-1.0,0.0));
#14217=DIRECTION('',(0.278662513159013,0.0,0.960389089775546));
#14218=CARTESIAN_POINT('',(-5.579999999738,-4.8,-5.55));
#14219=DIRECTION('',(0.0,1.0,0.0));
#14220=DIRECTION('',(0.278662513159013,0.0,-0.960389089775546));
#14221=CARTESIAN_POINT('',(-5.099999999642,-4.8,-4.083));
#14222=DIRECTION('',(0.0,1.0,0.0));
#14223=DIRECTION('',(0.100601619666596,0.0,-0.994926788321863));
#14224=CARTESIAN_POINT('',(-5.0,-4.8,-5.55));
#14225=DIRECTION('',(-1.0,0.0,0.0));
#14226=DIRECTION('',(0.0,0.0,-1.0));
#14227=CARTESIAN_POINT('',(-5.099999999642,-4.8,-7.017));
#14228=DIRECTION('',(0.0,-1.0,0.0));
#14229=DIRECTION('',(0.100601619666596,0.0,0.994926788321863));
#14230=CARTESIAN_POINT('',(-5.0,-4.8,-5.55));
#14231=DIRECTION('',(1.0,0.0,0.0));
#14232=DIRECTION('',(0.0,0.0,-1.0));
#14233=CARTESIAN_POINT('',(-5.589999997708,2.8,-3.75));
#14234=DIRECTION('',(0.0,1.0,0.0));
#14235=DIRECTION('',(0.327158133126815,0.0,-0.944969605822842));
#14236=CARTESIAN_POINT('',(-5.589999997708,2.8,-3.75));
#14237=DIRECTION('',(0.0,-1.0,0.0));
#14238=DIRECTION('',(0.327158133126815,0.0,0.944969605822842));
#14239=CARTESIAN_POINT('',(-5.100000000008,2.8,-2.175));
#14240=DIRECTION('',(0.0,1.0,0.0));
#14241=DIRECTION('',(0.1000000000082,0.0,-0.994987437105796));
#14242=CARTESIAN_POINT('',(-5.0,2.8,-3.75));
#14243=DIRECTION('',(-1.0,0.0,0.0));
#14244=DIRECTION('',(0.0,0.0,-1.0));
#14245=CARTESIAN_POINT('',(-5.100000000008,2.8,-5.325));
#14246=DIRECTION('',(0.0,-1.0,0.0));
#14247=DIRECTION('',(0.1000000000082,0.0,0.994987437105796));
#14248=CARTESIAN_POINT('',(-5.0,2.8,-3.75));
#14249=DIRECTION('',(1.0,0.0,0.0));
#14250=DIRECTION('',(0.0,0.0,-1.0));
#14251=CARTESIAN_POINT('',(-5.580002621358,4.2,-6.745512030818));
#14252=DIRECTION('',(0.0,1.0,0.0));
#14253=DIRECTION('',(0.362780181620692,0.0,-0.93187474470728));
#14254=CARTESIAN_POINT('',(-5.580002621358,4.2,-6.754487969182));
#14255=DIRECTION('',(0.0,-1.0,0.0));
#14256=DIRECTION('',(0.362780181620692,0.0,0.93187474470728));
#14257=CARTESIAN_POINT('',(-5.097721788142,4.2,-5.289));
#14258=DIRECTION('',(0.0,1.0,0.0));
#14259=DIRECTION('',(0.0983097019899745,0.0,-0.995155868442046));
#14260=CARTESIAN_POINT('',(-5.0,4.2,-6.75));
#14261=DIRECTION('',(-1.0,0.0,0.0));
#14262=DIRECTION('',(0.0,0.0,-1.0));
#14263=CARTESIAN_POINT('',(-5.097721788142,4.2,-8.211));
#14264=DIRECTION('',(0.0,-1.0,0.0));
#14265=DIRECTION('',(0.0983097019899745,0.0,0.995155868442046));
#14266=CARTESIAN_POINT('',(-5.0,4.2,-6.75));
#14267=DIRECTION('',(1.0,0.0,0.0));
#14268=DIRECTION('',(0.0,0.0,-1.0));
#14269=CARTESIAN_POINT('',(-5.579994074174,4.7,-1.2455));
#14270=DIRECTION('',(0.0,1.0,0.0));
#14271=DIRECTION('',(0.310973289978092,0.0,-0.950418651395374));
#14272=CARTESIAN_POINT('',(-5.579994074174,4.7,-1.2545));
#14273=DIRECTION('',(0.0,-1.0,0.0));
#14274=DIRECTION('',(0.310973289978092,0.0,0.950418651395374));
#14275=CARTESIAN_POINT('',(-5.099993437548,4.7,0.2125120310415));
#14276=DIRECTION('',(0.0,1.0,0.0));
#14277=DIRECTION('',(0.100644539229996,0.0,-0.994922447592365));
#14278=CARTESIAN_POINT('',(-5.0,4.7,-1.25));
#14279=DIRECTION('',(-1.0,0.0,0.0));
#14280=DIRECTION('',(0.0,0.0,-1.0));
#14281=CARTESIAN_POINT('',(-5.099993437548,4.7,-2.712512031042));
#14282=DIRECTION('',(0.0,-1.0,0.0));
#14283=DIRECTION('',(0.100644539229996,0.0,0.994922447592365));
#14284=CARTESIAN_POINT('',(-5.0,4.7,-1.25));
#14285=DIRECTION('',(1.0,0.0,0.0));
#14286=DIRECTION('',(0.0,0.0,-1.0));
ENDSEC;
END-ISO-10303-21;
